Loaded checkpoint: rnd/window-d124-baseline/20260528T094311-window-adam-d64l2-s124-25ep/checkpoint.model
MiniGPT ready.
  Vocab: 65 chars
  Params: 108481
  Config: d_model=64 n_layers=2 d_ff=256 seq_len=124 lr=0.0003
  Backend: openblas
  Model: rnd/window-d124-baseline/20260528T094311-window-adam-d64l2-s124-25ep/checkpoint.model

Step 0/214000 (epoch 0): loss = 4.9238 avg = 4.9238
  seed: First Citizen:
B
  gen:  First Citizen:
Bb3MJ XuhB-bBbo&bXuHr;
HJB;tBLS
-VV;sH;SbH;yg;bg; UeSX$.JJtbg,ePS:iD.B?;.M:Po
NbP
tBJ-uVxegHbBJZ;ujSV

Step 50/214000 (epoch 0): loss = 3.5533 avg = 4.3888
  seed:  at once,
You, m
  gen:   at once,
You, mh rO tat wrY p hoagii,rra, Nt t oth   DtbW  e ite fu t  a   tvheZu: talle  X: s h e myP:oZaiell f h 

Step 100/214000 (epoch 0): loss = 3.4308 avg = 3.9464
  seed: ness!'

SICINIUS
  gen:  ness!'

SICINIUSn.iaylo ye rra

e tv- cntra ller  w Iuaue r:sgofdo-n 

e us tti t anoo wraretho .rr  o thaDr tar ort

Step 150/214000 (epoch 0): loss = 3.1549 avg = 3.6339
  seed: ht leave
prickin
  gen:  ht leave
prickinml a
n oy
V:

emPcothemnst edetosr  r cagore arat s oll ?iakar anw m
h, nrs t opnous lth mereUeounne

Step 200/214000 (epoch 0): loss = 3.1348 avg = 3.3955
  seed:  came away.

COM
  gen:   came away.

COM  d usrVLYA,rMir

 thS
,en y reerTh aWeith e h
Trrenotoll he s the oVurd tfy , nesthesther a s 


 s

Step 250/214000 (epoch 0): loss = 2.8987 avg = 3.2007
  seed: nly choice.

MAR
  gen:  nly choice.

MARe tatoere wou w'e toimel m th sues l furmAe t rure.
the s.athefr f e ur blonabe v th'n thg d thame, 

Step 300/214000 (epoch 0): loss = 2.6625 avg = 3.0856
  seed: e
upon too trivi
  gen:  e
upon too trivintol holin n pr s farinlus teg atesas beure o
 f fegnan oU

M
Hou o sofgire at timuranuteangele I to

Step 350/214000 (epoch 0): loss = 2.6693 avg = 2.9960
  seed: rse begin at ver
  gen:  rse begin at vere hBn cindVcire thereeshee:Marde iNujd pmed bed , palere'Y we omth corarere th meslll arGh wis ghoat

Step 400/214000 (epoch 0): loss = 2.7293 avg = 2.8815
  seed: eople,
We do req
  gen:  eople,
We do reqropsbelmir beanugArlof thIarstoratotarI teo r a, t, he blr than hoporer thend cas thar, ' aerfacer t

Step 450/214000 (epoch 0): loss = 2.8792 avg = 2.8106
  seed:  all the points 
  gen:   all the points t;
Mdeod ou le Vust o n thes dith nethe t sensooyiUSoufs de he the polemNuulNed t stourel suIe fomin

Step 500/214000 (epoch 0): loss = 2.8557 avg = 2.7594
  seed: en:
Certainly
He
  gen:  en:
Certainly
He aFi:

Ifom,z:
CTicindll r theale ticabe be ta tour heardicoIege'an he cendetone.
Gave tithethondhe 

Step 550/214000 (epoch 0): loss = 2.6334 avg = 2.7029
  seed: d children's voi
  gen:  d children's voithe hake t vithe t cathhefalere m awiAt thanee be bous ashists.
Aontourdaled s t besre he nd wee yon

Step 600/214000 (epoch 0): loss = 2.5610 avg = 2.6547
  seed: ngles true judgm
  gen:  ngles true judgmofe 'n ghesoure ferghiufit the tato c, n ceonsere thouge re the t f, no the monoukot w io welRnonugh

Step 650/214000 (epoch 0): loss = 2.5292 avg = 2.6085
  seed:  him here
Our ce
  gen:   him here
Our cecethet w s he thas hare e he etourare the lllibiwhSistanoin
'elsrld nghid t he weng
MENNNIUS:

Fithe

Step 700/214000 (epoch 0): loss = 2.4985 avg = 2.5659
  seed:  asking their go
  gen:   asking their gol teathis ed rd iiy are aifoe,
I ps, atathar, thin whe ar woetWatanp

Sonond r thiourin ard the ansV

Step 750/214000 (epoch 0): loss = 2.5617 avg = 2.5508
  seed: n the people!
Ca
  gen:  n the people!
Cat t thealllowed, ' woratpe s tud.
CO-'ss me or thanther mulat sthe'thelesd itopr I
Schas he ceghando

Step 800/214000 (epoch 0): loss = 2.4526 avg = 2.5265
  seed: S:
Now we have s
  gen:  S:
Now we have soraMde aard tlad ath vo we th ns ty I the wathease mathe, howe bligha wame WhoZeit mend wouny aillly

Step 850/214000 (epoch 0): loss = 2.2788 avg = 2.5159
  seed:  have, friend? w
  gen:   have, friend? we pingaventrro ind hese h thintast'd nthind xlithas hises the, ous theceve tles soure.

Man, hobe ts

Step 900/214000 (epoch 0): loss = 2.5965 avg = 2.5030
  seed: ervingman:
Here'
  gen:  ervingman:
Here's oury toRsest
I car, you cofor I ithosceat I I therenst nangervs,
Aurecaurd
VUS: charerd foty thsth

Step 950/214000 (epoch 0): loss = 2.4854 avg = 2.4922
  seed: ,
And with the d
  gen:  ,
And with the d iny
s yonemaneve: thing, thirte novin, ath hist.

Send alld Sothous ths ar and o cof mere mand bugn

Step 1000/214000 (epoch 0): loss = 2.6044 avg = 2.4787
  seed: ot
Join'd in com
  gen:  ot
Join'd in comecnd hime mofd orv ny oun I wiman cen yomaur we mout un nour.
Me mes mit, it go yo, the t mout sce t

Step 1050/214000 (epoch 0): loss = 2.5055 avg = 2.4533
  seed: ever verified my
  gen:  ever verified my noO court to thod Ror'stes; d aw.
NIRIUS:

CI ir'meld toour:

-
MENENENIUS:
BNINNIUS:
SIUS:
IUS:

I

Step 1100/214000 (epoch 0): loss = 2.8365 avg = 2.4559
  seed: e. Best of my fl
  gen:  e. Best of my fle perstr coy we der mhe to mam, gofencath rort.

Seit wisithe theare senculom mal ched ind ere me at

Step 1150/214000 (epoch 0): loss = 2.5975 avg = 2.4408
  seed: in Corioli and h
  gen:  in Corioli and hoRe deat ithe thasy,
The but say come chthear min, sowe ble
Whicou aline mald thind
Thon tor nous th

Step 1200/214000 (epoch 0): loss = 2.4222 avg = 2.4395
  seed: signments
In min
  gen:  signments
In min tis tont tot ance ome is the te fofre with ar yos py ag ipe the thow belcea har o bote ton ow he ve

Step 1250/214000 (epoch 0): loss = 2.4814 avg = 2.4397
  seed: o the lascivious
  gen:  o the lascivious me
COl fon hert mare.
AUS:
Gont thim Cos mird.
Whe mor his onal
Wisie meres Ms ghame billd af wis a

Step 1300/214000 (epoch 0): loss = 2.3137 avg = 2.4694
  seed: hen I'll marry W
  gen:  hen I'll marry Wis thget mthe and hen'so siwe fiss wirso hale I werit ard hes wins whe
Thel wat llad totot wis walin

Step 1350/214000 (epoch 0): loss = 2.3400 avg = 2.4550
  seed: Your beauty was 
  gen:  Your beauty was doll lece o the, wir de the comest dase dan s; thed hef and iaas thit thon der lent, th ban thed dol

Step 1400/214000 (epoch 0): loss = 2.4052 avg = 2.3972
  seed:  my body:
Since 
  gen:   my body:
Since ave her.
Asu.
FTU

Menon srent.

ADYe, xwar bel holle for woulond.

TIOUCERUCE:
I:
BU
ADY hing yer;

Step 1450/214000 (epoch 0): loss = 2.4757 avg = 2.4290
  seed: Grey
Were factio
  gen:  Grey
Were factiond tand gor mane, sond me deat mel, avakenss, mardsse may ment, they! incend loucerent steire ho the

Step 1500/214000 (epoch 0): loss = 2.2279 avg = 2.4008
  seed: urrent.
O, that 
  gen:  urrent.
O, that my erat theand sy cpou fousse sthear seit moulisle yout stake ooou thad theer theer ses dou ERThee a

Step 1550/214000 (epoch 0): loss = 2.4904 avg = 2.3908
  seed:  I strive
To yie
  gen:   I strive
To yie thous dot woust heengit hurst,
I you ans Haill nomd thande Mandscesiourad I thit that by ath ge as.

Step 1600/214000 (epoch 0): loss = 2.1278 avg = 2.3821
  seed: 
First Murderer:
  gen:  
First Murderer:
Ther: mererougt me now wal
Foime'd heat hing wir thitd thod and he and wie, ENos it no no thand see

Step 1650/214000 (epoch 0): loss = 2.6989 avg = 2.3428
  seed:  mine!

KING EDW
  gen:   mine!

KING EDWheve this, cout that thing wie hit wist berey youre ace haghe bry haned hee oul han, thou heperin ta

Step 1700/214000 (epoch 0): loss = 2.3656 avg = 2.3646
  seed:  arm, and kindly
  gen:   arm, and kindly Rut to he twit thaldseld?

That in o me in uroall, Gor my thecen thingd and, cpureathe iled
Thed in

Step 1750/214000 (epoch 0): loss = 2.4653 avg = 2.3659
  seed: ours, God speed!
  gen:  ours, God speed!
Whereais, there fo comet.
Whely po met isut and, dee he?

Thars marr:
Hdet oo ulaite dordo for sor 

Step 1800/214000 (epoch 0): loss = 2.1910 avg = 2.3704
  seed: God he knows,
Se
  gen:  God he knows,
Se nof wame soush men tisut me tand Mrow ber-cee theang wane me, me hithse, atbe illd ho Mallonse an y

Step 1850/214000 (epoch 0): loss = 2.0474 avg = 2.3307
  seed:  ghost:
My grand
  gen:   ghost:
My grand choARG:
NK:
Thald nowe hardee I hat loure ange aighting routy thed ware
W tiy bly me my noulofe gok

Step 1900/214000 (epoch 0): loss = 2.2772 avg = 2.2999
  seed: to me than 'tis 
  gen:  to me than 'tis clom, of com thinl damerith st you touand,
Herish krou shamind dims ace ord cout mo dord,
Nord sit m

Step 1950/214000 (epoch 0): loss = 2.0905 avg = 2.2776
  seed: NGS:
The tender 
  gen:  NGS:
The tender tham is'd ignd way me the.

AHINENGHAn of?

HASal gell I igs Dat gThay him hikis halkn lothis Yord h

Step 2000/214000 (epoch 0): loss = 2.1919 avg = 2.2667
  seed: 

BUCKINGHAM:
Fe
  gen:  

BUCKINGHAM:
FerAir serte he eas yousithald ars.
A youpl deis whand hose hord ay, thet lou patit, thend blind
DA ho

Step 2050/214000 (epoch 0): loss = 2.0021 avg = 2.2452
  seed:  ungovern'd isle
  gen:   ungovern'd isle,
Ho, taw cor the ith at merest athent ho grqy,
To thane wist comelet, Hing hee upen
Thing hayed upe

Step 2100/214000 (epoch 0): loss = 2.3961 avg = 2.2274
  seed: t.

LADY ANNE:
G
  gen:  t.

LADY ANNE:
Go I mur ril hirleanle a hef dind ceasurast
Tence treil is lou repl atit bey to asteve theay ton-
Ano

Step 2150/214000 (epoch 0): loss = 2.3101 avg = 2.2650
  seed:  thing.

KING RI
  gen:   thing.

KING RINNG the cencengached withtt youll:
Tongis noreceape thats plow sove do ared lell uld,
Wheamaster, se

Step 2200/214000 (epoch 0): loss = 2.0432 avg = 2.2607
  seed: eld, and still h
  gen:  eld, and still hid pron lote Re ber-
To thry I heing node in an me non Rikheserel It aksend of bly,
Bre shel I.

DOR

Step 2250/214000 (epoch 0): loss = 2.3960 avg = 2.2695
  seed: UCHESS OF YORK:
  gen:  UCHESS OF YORK:
TERARKESon, fine'st ine cof of me you of thand Is therencd thenes my sut par bthaveluss dore of sur,

Step 2300/214000 (epoch 0): loss = 1.9933 avg = 2.2101
  seed: 
Thou drown the 
  gen:  
Thou drown the o on of avent be uldseppind

KING bend coougn sondad aro thaim: live,
Tod me of ad beils blot, om at

Step 2350/214000 (epoch 0): loss = 1.7139 avg = 2.1315
  seed: ing that thou ha
  gen:  ing that thou hadthe

ARD an sond theant tooon me sto st'd ws
QUEEN shy RI ad tisstie ELIZABEch Rind yor wis It con,

Step 2400/214000 (epoch 0): loss = 2.4777 avg = 2.1349
  seed: ereign, now in D
  gen:  ereign, now in Dedeind wed bus thy tres ays,
Kay thout thy thit preit my geat lighe by grorese to thill ther's heret

Step 2450/214000 (epoch 0): loss = 2.3378 avg = 2.1965
  seed: f a goodly day t
  gen:  f a goodly day tors es ienceeicoines manf sin d
Q ver foford thas mooul ouare mor's,
Tom the wave may thay tor me su

Step 2500/214000 (epoch 0): loss = 2.1072 avg = 2.2413
  seed: ING RICHARD III:
  gen:  ING RICHARD III:
Ard teel to heanttea reeseast thom.

KCHARDM:

KE Bod, deing aly Foreru my or his bede.

KICHARS:
I

Step 2550/214000 (epoch 0): loss = 2.1898 avg = 2.2302
  seed: ong been mad, an
  gen:  ong been mad, an of dir seat ord whe
Tith e shy I forre tid proys,
Un in by ut of fordy theld of wand to as
The Rich

Step 2600/214000 (epoch 0): loss = 2.4069 avg = 2.2337
  seed: blood
Should not
  gen:  blood
Should not I he and thes hou ha, yound of and kiat iton thith list ournd
Tooom, mairs ling at wilse hin wis hi

Step 2650/214000 (epoch 0): loss = 2.3090 avg = 2.2392
  seed: der headlong in 
  gen:  der headlong in therthe,
Tents to at thow'd hirwes this this frou Haid,
In and anth lond rilof sthean note sad mathy

Step 2700/214000 (epoch 0): loss = 2.1510 avg = 2.2318
  seed: ding but the sig
  gen:  ding but the siged hish ful your to thy wroce and
Ditt his you the be so to Sher so and ale'd ind
Wherer cuthty my w

Step 2750/214000 (epoch 0): loss = 1.8823 avg = 2.2109
  seed: ,
That thou retu
  gen:  ,
That thou retuld to dow Geat igh my nome did thid:
Hith wiph orswndet hie to anbes fank Ro high moser,
Ale lous of

Step 2800/214000 (epoch 0): loss = 2.2314 avg = 2.1989
  seed:  hear,
My death'
  gen:   hear,
My death's wo wherre. mut of gaterifous
Bur wheank the are to thedt ad seay mours
Blat letese'e of to thal co

Step 2850/214000 (epoch 0): loss = 2.1088 avg = 2.1717
  seed:  spent.

DUKE OF
  gen:   spent.

DUKE OF RINF:
Lor Gor to his thour tha bgre;

OF tom he thou nor icks dord love, mut sord clow cin yout gak

Step 2900/214000 (epoch 0): loss = 2.1154 avg = 2.1965
  seed:  these well furn
  gen:   these well furns norendeellen her,
God del.

Bw Dond greds; hof RILerew, latthe latearenerermor bis,

ORD I ORBUBuf

Step 2950/214000 (epoch 0): loss = 2.3948 avg = 2.1996
  seed: turns. For us to
  gen:  turns. For us to as led sed'd
To my so deavince to thes be pill' id.

Whid Fith much hes mentrlart are thal houh som

Step 3000/214000 (epoch 0): loss = 2.1983 avg = 2.1828
  seed: KE OF YORK:
Even
  gen:  KE OF YORK:
Event we mor's thert and my the
And Bof brow ore thand whe anks;
Goth, bord thed my stre in to to he tor

Step 3050/214000 (epoch 0): loss = 2.1102 avg = 2.1570
  seed: earth, I do salu
  gen:  earth, I do salus?
Tor with sod dey wem. keentite thikenting tabl.

ENYOLNRMCROREN:
Tod you thavery hings rith meay 

Step 3100/214000 (epoch 0): loss = 2.3722 avg = 2.1706
  seed: And lie full low
  gen:  And lie full lowstrons's tare.

Sot avith ut, to be thy there wirelle gith
And weath dad sam owelfess gringlinge'd,

Step 3150/214000 (epoch 0): loss = 2.1017 avg = 2.1482
  seed: ng tears the clo
  gen:  ng tears the clomefand gor forne.

Maved all hiseaven a hathe ven's in witly wath leaid
Sall fore.

Marf thace b'it 

Step 3200/214000 (epoch 0): loss = 1.6052 avg = 2.1242
  seed: gracious lord, I
  gen:  gracious lord, I splote son not bion.
 chlusve unt our pallds, wes So ont stm ruke ands,
Gow nomy kon fred grus say 

Step 3250/214000 (epoch 0): loss = 2.1049 avg = 2.1364
  seed: fuse
The offer o
  gen:  fuse
The offer ongnt and wnre il woowne the the has to are seares
Wer thooll the thert nod sas cout he thing ne hatl

Step 3300/214000 (epoch 0): loss = 2.1009 avg = 2.1426
  seed: ell have you arg
  gen:  ell have you arge wold gary undel,
Fos hest, surthe griepeal nor thaumy, me he benbreand
And what me all tel ech bas

Step 3350/214000 (epoch 0): loss = 2.0918 avg = 2.1046
  seed: ry shineth in th
  gen:  ry shineth in this cownery bark
Nord mavere het so halfory nof wen,
As ING mands muntel kive deard corse cand
Thans 

Step 3400/214000 (epoch 0): loss = 1.7477 avg = 2.0723
  seed: est way shall ha
  gen:  est way shall hath agowing thete
Whading to faw he math are she the you be,
That wor pant of wEngenceament plepsing 

Step 3450/214000 (epoch 0): loss = 2.0351 avg = 2.0392
  seed: as fast as York:
  gen:  as fast as York:
Droomy I Goks barre will that the lew'd I me
F O OF YORK:

Kit hou fem the st'd we fat bat masts yo

Step 3500/214000 (epoch 0): loss = 2.2354 avg = 2.0222
  seed: 

DUCHESS OF YOR
  gen:  

DUCHESS OF YORK:
Thare, be You hoe cor'd natry et ter.

Sin herthon, the dyou sart it to noord thou
And fith mon m

Step 3550/214000 (epoch 0): loss = 2.1828 avg = 2.0508
  seed: tain'd the king'
  gen:  tain'd the king'd math likencching prould It
I I my sot creast man, mlarsterlah thau to beaconts
KI's shere me the h

Step 3600/214000 (epoch 0): loss = 2.2064 avg = 2.1037
  seed:  quench the fire
  gen:   quench the fires sear anomar.

GRICHARYPSTE:
I frest, got it I thour antes urthvet.

SOCHESSSAMPSSSSTI:
? I Mp:
So 

Step 3650/214000 (epoch 0): loss = 1.7719 avg = 2.1198
  seed:  forsworn to lov
  gen:   forsworn to lovie bor lit, is;
Thars this this a this lok thim to sawny,
But sond susellon mongle say ferford a his

Step 3700/214000 (epoch 0): loss = 2.1380 avg = 2.1453
  seed:  God;
She was to
  gen:   God;
She was to shey ther, upoy waths Your frest
O lY disout the risel ther be the!
So the ast peenom ther eyou foc

Step 3750/214000 (epoch 0): loss = 2.1265 avg = 2.1456
  seed: ight.

MERCUTIO:
  gen:  ight.

MERCUTIO:
Nore mould mour and, coit to mat tor he-
The to to nesin she see keall forleere's, oo thals
UT:
No 

Step 3800/214000 (epoch 0): loss = 2.0414 avg = 2.1663
  seed: :
I'll not endur
  gen:  :
I'll not endurmes coucht, hollove:
Thate, cove dit hat math feall'd I gow, of sight for a blays,
Thinty fak bive t

Step 3850/214000 (epoch 0): loss = 1.9933 avg = 2.1393
  seed:  her eyes
To twi
  gen:   her eyes
To twit Coke hath nod whie me shim aryset;
Gariont lare in my lay, is sich, With oneaguls;
Wis in hat that

Step 3900/214000 (epoch 0): loss = 2.0342 avg = 2.0845
  seed: usand times good
  gen:  usand times good then reen to and,
That cound thou breest to he,
And of may a with din, Rat dooot and he.
The to wau

Step 3950/214000 (epoch 0): loss = 2.0432 avg = 2.0792
  seed: s him so, that h
  gen:  s him so, that hear ving is mee ting svin.

AULIAMET:
Shen conere wotat, the doknot rust is and
FROREzes thou hense 

Step 4000/214000 (epoch 0): loss = 2.2009 avg = 2.0826
  seed: thou must stand 
  gen:  thou must stand the hi
MERCUTICHO:
II
Rere:
Than'sll thander me no!

Whould thou to as a so fosire rave hats.

LIOLI

Step 4050/214000 (epoch 0): loss = 1.9599 avg = 2.0748
  seed:  the drudge and 
  gen:   the drudge and wille.
Lursert wheare? sherew, thou but ad heret is weake af not bot and haim.

Murradgulaks; will m

Step 4100/214000 (epoch 0): loss = 2.1890 avg = 2.0757
  seed: he hurt cannot b
  gen:  he hurt cannot bler.

BERCUTIO:
Thave non farthee, ereee-what pealg ther;
am:
The marllenince I fill betsts ther thi

Step 4150/214000 (epoch 0): loss = 1.9808 avg = 2.1010
  seed:  ay, the cords.
  gen:   ay, the cords.
Whill we and I yought dyough tre have bermeand--balt hous
The whe and befon with ferse sill now hind

Step 4200/214000 (epoch 0): loss = 2.1638 avg = 2.1092
  seed: mercy: heaven is
  gen:  mercy: heaven is of berees' you tow,
Wersalt fora be han Handesore Rorsle wome carill.
Iken; fathoulte, us, ball wat

Step 4250/214000 (epoch 0): loss = 2.0644 avg = 2.0782
  seed: n Mantua; I'll f
  gen:  n Mantua; I'll for
Rome here thim dien of thou all hame bat is womeand,
Ford you span, browe lut the then witle eay;

Step 4300/214000 (epoch 0): loss = 2.1882 avg = 2.0625
  seed: ereof,
Soon slee
  gen:  ereof,
Soon slee, scome, whe, I chimst I lom haant.

JULIET:
Whill so shans mand let dessed omor conget.

ROMEO:
The

Step 4350/214000 (epoch 0): loss = 2.0875 avg = 2.0493
  seed: damnation! O mos
  gen:  damnation! O most mbay?

LASNured:
What so mord you whou hau gat mafe so no.
For, bot to hat me me as of so thou sav

Step 4400/214000 (epoch 0): loss = 2.2996 avg = 2.0251
  seed: ervant:
Marry, s
  gen:  ervant:
Marry, shall sin dode sty lacong.

REThat now theain: went: dend peamep,
The fromffar shidle, pakn niena, di

Step 4450/214000 (epoch 0): loss = 2.1221 avg = 2.0330
  seed:  in your bed;
He
  gen:   in your bed;
Hedr suist is such is as that thit and!
The marverns, af? chart he aplay shou dele:
That the thereist,

Step 4500/214000 (epoch 0): loss = 2.1943 avg = 2.0778
  seed: And breathed suc
  gen:  And breathed such sil a scath
AMER:
Count as mampirive mirsdetrieas sing ith Pith:
Pit trepeat bing the stefungueang

Step 4550/214000 (epoch 0): loss = 1.9634 avg = 2.0818
  seed: In what I furthe
  gen:  In what I furthet,
As that O, the in event fich for to dong incies.
Wheave, swill sech the sote me the ged:
And ink 

Step 4600/214000 (epoch 0): loss = 2.0609 avg = 2.0729
  seed: ly dead,
Who her
  gen:  ly dead,
Who her more cibe as by ware my my dot'late,
I not with a Luliest, nogess is the stharset,
Pes; Leay deful 

Step 4650/214000 (epoch 0): loss = 2.1095 avg = 2.0389
  seed: hereat the great
  gen:  hereat the great of ore and parchorde.

Wean's; HAGURET:
I caine your my fria discounde thou onich,
For gime to and 

Step 4700/214000 (epoch 0): loss = 1.9181 avg = 2.0553
  seed: is.

WARWICK:
Pr
  gen:  is.

WARWICK:
Pre she hing liet to is, sthan ther-
ARDY sto and mansie thount and and thathis his lith trout that fe

Step 4750/214000 (epoch 0): loss = 1.8453 avg = 2.0326
  seed: n I'll follow he
  gen:  n I'll follow hertie in sonks ant.

ARICANDRY cnamy sears arguse that dotht my.
Thy unthe the theriall nenty dee sur

Step 4800/214000 (epoch 0): loss = 1.9825 avg = 2.0317
  seed: d,
Congeal'd wit
  gen:  d,
Congeal'd withe Soot leas,-be not ton not and wills,
Tard he lord this ewith she the and with him and.

NOTHARD:

Step 4850/214000 (epoch 0): loss = 2.1087 avg = 2.0367
  seed: ipodes are unto 
  gen:  ipodes are unto Is not theret,
Cfoun whursoot of and crome, the den of ith hiss,
And marme, god lock not With that b

Step 4900/214000 (epoch 0): loss = 2.0897 avg = 2.0390
  seed:  if thou be that
  gen:   if thou be that gres sart
Nodgle it EN I he and set thein themp.
On ank I the stall sur not wereught the blord
And 

Step 4950/214000 (epoch 0): loss = 2.0957 avg = 2.0353
  seed: 
And doves will 
  gen:  
And doves will in hing my the: paprag?

ETHARD:
And; rell quencealueest to the not his ches,
The glok to farry ther

Step 5000/214000 (epoch 0): loss = 1.7554 avg = 1.9989
  seed: hat false woman,
  gen:  hat false woman,
JO, way kill be lyor be sty of is a surest thaist.

CLARY cad be hat you out stle shat listurets,
C

Step 5050/214000 (epoch 0): loss = 2.3488 avg = 1.9902
  seed: Gives not the ha
  gen:  Gives not the hais dem ther as wive brearms:
Way the quther turseare the be and stel comn gets In cond!

KICHARD:
An

Step 5100/214000 (epoch 0): loss = 1.9305 avg = 1.9976
  seed:  Richard mark'd 
  gen:   Richard mark'd and gI'ds witht gres that nothat nis;
Ther god bluntand vath a king as sted sor this my ful my fore,

Step 5150/214000 (epoch 0): loss = 1.7684 avg = 1.9948
  seed: Y VI:
Why, so I 
  gen:  Y VI:
Why, so I stam I grith forar, to surint thou the berme heffese ther.

Frear meshou ther wathou bran VI'll his;

Step 5200/214000 (epoch 0): loss = 2.0158 avg = 1.9630
  seed: e children;
And,
  gen:  e children;
And, woth channy fror ben to bous him leppeny,
And and God trome note goo drais to and;
And my to him wa

Step 5250/214000 (epoch 0): loss = 2.0659 avg = 1.9927
  seed: proacheth boldly
  gen:  proacheth boldly your dill Sould;
And thans be is yourn tave me to myselt.

KING GETAR HEdel to sore I, sit not men 

Step 5300/214000 (epoch 0): loss = 2.0350 avg = 1.9917
  seed: e.
Did I forget 
  gen:  e.
Did I forget Pria king lame the, near denly my art.

WOUKEN.

KING EET:
And hather, sly soure with greare not the

Step 5350/214000 (epoch 0): loss = 1.9185 avg = 1.9619
  seed: g bride;
She bet
  gen:  g bride;
She bet! in and ware hing Lis winced that this teard
Whan of fathating farch, and forger.

LARINGGED ED Gom

Step 5400/214000 (epoch 0): loss = 2.0166 avg = 1.9609
  seed:  the Lord Hastin
  gen:   the Lord Hastinrowdis and will:
To the ath hant frard ther at thick and.

Nus as brith he, I not mord foour witand 

Step 5450/214000 (epoch 0): loss = 2.0380 avg = 1.9620
  seed: when after many 
  gen:  when after many be-
I shagade he fard ner on to loose I
On whale agr: with neawan hathe aten comman a thy cruckent
A

Step 5500/214000 (epoch 0): loss = 1.8709 avg = 1.9419
  seed:  the crown and o
  gen:   the crown and of warmed sur is thus not mare.

But und I's taieste you him sole hand is If the with his an.

LOMG H

Step 5550/214000 (epoch 0): loss = 1.7966 avg = 1.9412
  seed: ee,
Call Edward 
  gen:  ee,
Call Edward morsiop his mard son sound wills,
What mast thate he lough me hour me the deat.

KING EDWARD that fo

Step 5600/214000 (epoch 0): loss = 1.8506 avg = 1.9269
  seed:  his last;
And t
  gen:   his last;
And the blade favere for gut don, and my shal:
Hererford the proth wer, he will broot madge,
Tand therst 

Step 5650/214000 (epoch 0): loss = 2.0628 avg = 1.9430
  seed: 'd me to?

PRINC
  gen:  'd me to?

PRINCY I no ta minen es st bers.
For I ED:
No the be to as whe that rope ret this qeidwers!
 I lort the u

Step 5700/214000 (epoch 0): loss = 1.8474 avg = 1.9285
  seed: u wast born,
To 
  gen:  u wast born,
To with not this shan mortes sence,
I not is they sot: the book loour, may's bet no wance!
Ozint coungs

Step 5750/214000 (epoch 0): loss = 2.1692 avg = 1.9905
  seed: you part.

POLIX
  gen:  you part.

POLIXING ERES:
Gome!

BARCARCE:
ARg abrea pirgiest 's the sonce seeet and their if to hilly,
But the so v

Step 5800/214000 (epoch 0): loss = 2.1895 avg = 2.0338
  seed: TES:
No, in good
  gen:  TES:
No, in good that dones a avone book nith
Offordwas of there but thou dong keceding
Od fald him len'd, butceand 

Step 5850/214000 (epoch 0): loss = 2.3589 avg = 2.0564
  seed: sigh?--a note in
  gen:  sigh?--a note ing wort theriess Hect the none,
If or more in ange that surn lokes and
The here, oughtt mas deage sif

Step 5900/214000 (epoch 0): loss = 2.1364 avg = 2.0328
  seed:  I arrive, and m
  gen:   I arrive, and me thin'd thou thing not it mast thath that.

CAMILLBES:
I Edo, our Pear:
Lomine st card he brour tho

Step 5950/214000 (epoch 0): loss = 1.8522 avg = 2.0327
  seed:  traitor and Cam
  gen:   traitor and Camser as hears
And heme her hillast facver's's the my that peais
That with the as you wall we of all t

Step 6000/214000 (epoch 0): loss = 2.2766 avg = 2.0398
  seed: prisoner,
I am i
  gen:  prisoner,
I am ilider me muct or shome king
And our I faury everoster's do, to with tould
Ain nenter will she to I p

Step 6050/214000 (epoch 0): loss = 1.8691 avg = 2.0035
  seed: fire!

PAULINA:
  gen:  fire!

PAULINA:
Ho hour's my.

Farlie havined,
Firssoqeer tonour yout the ord.

LEONTINamqearuenceand sue courst ums

Step 6100/214000 (epoch 0): loss = 1.9977 avg = 2.0003
  seed: sessions, to our
  gen:  sessions, to ourd the the the cope,
Dist poss, bunn whou shis anoles, dord there
Wer to the on sthe as is loon we on

Step 6150/214000 (epoch 0): loss = 2.1892 avg = 1.9968
  seed: oclaim a man of 
  gen:  oclaim a man of come
Where northat dred, suchome sre.

LEONTES:
If gide,
Thold ther, ma dorthous my is bendly hat cr

Step 6200/214000 (epoch 0): loss = 2.0802 avg = 2.0145
  seed: ,
But my heart b
  gen:  ,
But my heart bustalince thees a lose of that buth that,
Pout, ger whathe ber wich by condo thou che!
Hast ver whic

Step 6250/214000 (epoch 0): loss = 2.2517 avg = 2.0412
  seed: and my profit
th
  gen:  and my profit
that ficestore we home forstinges that par's not sumpedeide,
to ane you anour and tay the bith me the 

Step 6300/214000 (epoch 0): loss = 2.0666 avg = 2.0611
  seed: gue in all Bohem
  gen:  gue in all Bohem thim werting.

MOUTIVCUS:
Tor dheif bear palf the lowner I it of to of and
as seat sen muce sugs me

Step 6350/214000 (epoch 0): loss = 2.4440 avg = 2.0570
  seed: t die unmarried,
  gen:  t die unmarried, for be were,
On wike the nave of caser hem face wich morching.

DI a for kith lishall be fine mad? 

Step 6400/214000 (epoch 0): loss = 2.2049 avg = 2.0493
  seed: -bags at a
burth
  gen:  -bags at a
burthe rood muken apore he come, madas the come
beried I of masis ome sheage a sale ham the seamps.

PERD

Step 6450/214000 (epoch 0): loss = 2.0698 avg = 2.0188
  seed: n estate?
Lies h
  gen:  n estate?
Lies her.

APCHES:
MoL OGortt whists hechesest and? me I not of mold;
And you me thu but of meen of besart

Step 6500/214000 (epoch 0): loss = 1.8267 avg = 1.9794
  seed: Camillo,
May thi
  gen:  Camillo,
May thild dion to lan solls whathere:
There for share prootes him hy chall the thes
To shathere merest to t

Step 6550/214000 (epoch 0): loss = 2.0139 avg = 1.9642
  seed: nose is requisit
  gen:  nose is requisithoure youndtres.

CAMILLOm:
Is sowe offar prithere sting the seine.

What, and my dime, me chiss, th

Step 6600/214000 (epoch 0): loss = 1.8574 avg = 1.9486
  seed: romised?

Shephe
  gen:  romised?

Shephe har his shercand it all you have folaks, our; sdainiss
ard what bole newnone ciour in binet to and 

Step 6650/214000 (epoch 0): loss = 2.2163 avg = 1.9600
  seed:  with her beauty
  gen:   with her beauty to ther
The done bour dent ther'ss evet the sthes,
And sher, cay, by yeines yeand marest but
Bust y

Step 6700/214000 (epoch 0): loss = 2.0628 avg = 1.9443
  seed: , after a little
  gen:  , after a littles his ther we shilh goode
even on to payou suoswill thannes youg
Wer, surreath for
Agre, hast of mer

Step 6750/214000 (epoch 0): loss = 1.8676 avg = 1.9608
  seed: ay you see them 
  gen:  ay you see them prechand
are boundit that and but toserce the mare of and the peny
Wheat mangive he for wits: to tre

Step 6800/214000 (epoch 0): loss = 1.7775 avg = 1.9319
  seed: -I am assisted
B
  gen:  -I am assisted
But withing cal't rate you thin sar mone.

Shale thou'd youn to wherinder so you
My they may therstil

Step 6850/214000 (epoch 0): loss = 1.8166 avg = 1.9719
  seed: SCALUS:
I shall 
  gen:  SCALUS:
I shall the sione ther as swealice I thath pakerou for
Firs and to a siand the do to greteas
Herliesor is to

Step 6900/214000 (epoch 0): loss = 2.0424 avg = 2.0039
  seed: Lechery?

CLAUDI
  gen:  Lechery?

CLAUDICE:
Seame hered, thing.

PRPORENCUDCUGBEO:
Faur in but hepecer.

PERDOVEStled what you sirmaillifelp

Step 6950/214000 (epoch 0): loss = 2.1121 avg = 2.0138
  seed:  sin
With maids 
  gen:   sin
With maids mures preast a ther this stand as sion?

Wher hone, for you have of by hiss book the sue,
And Gor of

Step 7000/214000 (epoch 0): loss = 1.9690 avg = 2.0130
  seed:  honourable
man;
  gen:   honourable
man; wourr so as hiphere he lowsighter,
To hery; of wing is be our in jeect.

CLESARD:
Anow hasteemarlow

Step 7050/214000 (epoch 0): loss = 1.8760 avg = 1.9709
  seed: rder for the dra
  gen:  rder for the dratted; a wickest thour you compes,
And thou hoe.

ESCALUS:
Vet what tin gion you ay susing bat weffor

Step 7100/214000 (epoch 0): loss = 1.7380 avg = 1.9444
  seed: is offence?
Ther
  gen:  is offence?
There withe me you threfer, the your will to mined didy
A bedle the a dould a whit a shere he dear hembe

Step 7150/214000 (epoch 0): loss = 2.1151 avg = 1.9476
  seed: ven hath my empt
  gen:  ven hath my emptee, dondlain, me at I ade devesss
That man, evear, sone now bath hive,
Well law as mon: and woull se

Step 7200/214000 (epoch 0): loss = 1.8989 avg = 1.9097
  seed: e in't,
Which se
  gen:  e in't,
Which sen hing but aguch may it but a fork.

ANGELI:
I that would fress blease of macer well any led
At ton 

Step 7250/214000 (epoch 0): loss = 2.0441 avg = 1.9268
  seed: t and cover
In p
  gen:  t and cover
In pleare up so ast think, sir cade nare in wher whas, sure et this deed
The melt thy hear shis happeare

Step 7300/214000 (epoch 0): loss = 1.6910 avg = 1.9185
  seed: ,
is washed with
  gen:  ,
is washed with youly sied, to as woulks belife.

Put sead my hath semeand how low me and the will it
drest the as 

Step 7350/214000 (epoch 0): loss = 1.8591 avg = 1.9246
  seed: y to lechery wou
  gen:  y to lechery would hes, cond, sampell is
The in lade wathis it the that promnow.

DUKE VINCENTIO:
Whe speres, wore h

Step 7400/214000 (epoch 0): loss = 1.7346 avg = 1.9157
  seed: to know himself.
  gen:  to know himself.

LUKE ELLUS:
Hilly spoor this is traly, of fittreed he be
take should sell brotced your he Ventuth 

Step 7450/214000 (epoch 0): loss = 1.8650 avg = 1.9217
  seed:  with you; if
no
  gen:   with you; if
not prom wad ake the not be morroman thand a mell, den
dene but of his her the a der or in you, in iai

Step 7500/214000 (epoch 0): loss = 1.7403 avg = 1.9083
  seed:  you know the co
  gen:   you know the come; it that a proredsere beath,
coon of of if what her feess; neanfuland sien.

DUKE VINCENTIO:

Pro

Step 7550/214000 (epoch 0): loss = 1.8389 avg = 1.9032
  seed: l. She's come to
  gen:  l. She's come to mochy
BORE:
I shere and the alvoded the fathand will good
I'll thaccestent seand makeds lave the fo

Step 7600/214000 (epoch 0): loss = 1.8380 avg = 1.8953
  seed: fore, hence, awa
  gen:  fore, hence, aware ous ced theme pruth madel trous
Must in en he to spating suman to the in ent
or ched.

BAMONT:
He

Step 7650/214000 (epoch 0): loss = 1.6930 avg = 1.8803
  seed: spake against yo
  gen:  spake against your the wornes lond peronge sursentise
The to comn is he worlongs, whisse I'd the half on me
be have.

Step 7700/214000 (epoch 0): loss = 1.6389 avg = 1.8708
  seed: e to question; y
  gen:  e to question; you his more winteank, andone with the pued
couttion a sick roup and me hon, fract sently.

Proch wou

Step 7750/214000 (epoch 0): loss = 1.5397 avg = 1.8607
  seed: th him!

MARIANA
  gen:  th him!

MARIANA:
Comen for the dactece.

DUKE VINCENTIO:
How lovore thempent, for; hove tof I
A:
Rith I proait offe

Step 7800/214000 (epoch 0): loss = 2.1071 avg = 1.8815
  seed: esteem him worth
  gen:  esteem him worth a do ber hou trar boot the
What buse in a whought mure guch uped ech.

DUKE VINCENT:
Pring on sfair

Step 7850/214000 (epoch 0): loss = 1.7334 avg = 1.9367
  seed: is is it that ma
  gen:  is is it that make
Sar chime the to sent ponond I Anger and guccuson!

A thippassoonser shall raws, the dige denith 

Step 7900/214000 (epoch 0): loss = 2.1354 avg = 1.9644
  seed:  you thus contin
  gen:   you thus contings to at for if sure in's afthis it a cold.

How thour go wous:
Tor sub pase yee, bretansman'd fly w

Step 7950/214000 (epoch 0): loss = 1.9170 avg = 1.9895
  seed:  he kiss'd the C
  gen:   he kiss'd the Coure herd.

LUCIO:
The of you have wille, good for to for will strr.

ESCIO:
Gat thew more and his h

Step 8000/214000 (epoch 0): loss = 1.9135 avg = 1.9883
  seed: o, my father, is
  gen:  o, my father, is from commen as be stanree,
ser my ar net of his my mattateneed keecce.

PURNONIO:

MAnd a me my, th

Step 8050/214000 (epoch 0): loss = 1.6682 avg = 1.9631
  seed: 

PETRUCHIO:
Wil
  gen:  

PETRUCHIO:
Wille mandle have, rove good, peno a main:
Fistrown was I meid see truch tha
sing is for of fould you a

Step 8100/214000 (epoch 0): loss = 1.8561 avg = 1.9335
  seed: ard guest
Within
  gen:  ard guest
Withing with is, will whill love the sir, thou to this all I me,
Tiz he her the so stell thall be fatcrs.

Step 8150/214000 (epoch 0): loss = 2.1301 avg = 1.9081
  seed: uper-dainty Kate
  gen:  uper-dainty Kate swill the staw beand fater
Agly you patell 'may have tood my the ree;
And than mave a will to may b

Step 8200/214000 (epoch 0): loss = 2.0051 avg = 1.8719
  seed: e, and gentlemen
  gen:  e, and gentlemen son the made?

ATHARINA faul, I dechir, you, fair,
You weld but be sime that fartifenter
That not a

Step 8250/214000 (epoch 0): loss = 1.8165 avg = 1.9207
  seed:  court my love:
  gen:   court my love:
I you storlove houst if my con my stees;
And her my my carncies be, praccat a do to than strupites m

Step 8300/214000 (epoch 0): loss = 1.6213 avg = 1.9118
  seed:  trust, you will
  gen:   trust, you will Kathersuy.

Wheling prage it be with not el it lurent!

BIONTELLO:
Where of in hest the have with c

Step 8350/214000 (epoch 0): loss = 2.0374 avg = 1.8944
  seed: n, let's go.

GR
  gen:  n, let's go.

GRANIO:
I comman whild ther do to you my chase.

Kut good waster muce the nel, a stay,
Is, of thall th

Step 8400/214000 (epoch 0): loss = 1.8858 avg = 1.9263
  seed: ted with.
Where 
  gen:  ted with.
Where free boed bean, wore, I devenio so bkeces.

GRANIO:
I'NI and faThe shour reatiew, grand fang thee an

Step 8450/214000 (epoch 0): loss = 2.0528 avg = 1.9010
  seed: ?

Pedant:
Of Ma
  gen:  ?

Pedant:
Of Mastall If I caline,
Where havel, and lives, I king a minster I
A:
Ther a the a masquaksied she you?


Step 8500/214000 (epoch 0): loss = 2.2317 avg = 1.8702
  seed: three-quarters, 
  gen:  three-quarters, fio lear a be brover? Mand I not arad.

SLO: I come warl my surst I taklanger,
For not mory, it, gil

Step 8550/214000 (epoch 1): loss = 2.1484 avg = 1.8826
  seed:  while it were
w
  gen:   while it were
were shall here to mane ave sain the did.

BTIOo:
faint:
So hat ive for you, have such be rothere.



Step 8600/214000 (epoch 1): loss = 1.6840 avg = 1.9165
  seed: hem to you
And n
  gen:  hem to you
And not you me sbotims Of the our shold the pree;
Aus ther him rivbeat you sizen: the for; the our hat us

Step 8650/214000 (epoch 1): loss = 1.9700 avg = 1.9570
  seed: hought on in thi
  gen:  hought on in this comnts you the of iftend
Shese I'll is endent, thou wellong and,
And lead it on pale oup, I appose

Step 8700/214000 (epoch 1): loss = 1.8421 avg = 1.9998
  seed: thing doubt
prev
  gen:  thing doubt
prever thorous, would the andsere han thou ut
hee rait et that mather what the drour is
all farnis a pit

Step 8750/214000 (epoch 1): loss = 1.7966 avg = 1.9828
  seed: rom a tabour
Mor
  gen:  rom a tabour
Morst or were ith gou fand melling-
Witt thated laptires.

And rather:
Way delly muther
The wout, sir c

Step 8800/214000 (epoch 1): loss = 2.1681 avg = 1.9502
  seed: --
You shout me 
  gen:  --
You shout me have port they Hag and a trodess.

MOMARIRIARINIUS:
Thought. swe of neew, preed of than I thant,
To 

Step 8850/214000 (epoch 1): loss = 2.1059 avg = 1.9542
  seed:  of my microcosm
  gen:   of my microcosmeing him that a thath ming
to the Prapere so buty Couldion oundragio, cheame thate
ten to fargughtle

Step 8900/214000 (epoch 1): loss = 1.6918 avg = 1.9522
  seed: er be their serv
  gen:  er be their serve shat in what,
and to your him we your me ears.

HOLUANIUS:
Cor:
have wing and the there it it well

Step 8950/214000 (epoch 1): loss = 2.0465 avg = 1.9393
  seed: m not to be thei
  gen:  m not to be their thoughtes beinens
To ath forre; Offere and for and et heen,
Mircat's the the carsour ale the pres 

Step 9000/214000 (epoch 1): loss = 1.8596 avg = 1.9290
  seed: the greater part
  gen:  the greater part of lever:
aing we wats hen seep, we done to thim my fould owr old, expless?

So dive do and net tob

Step 9050/214000 (epoch 1): loss = 1.6821 avg = 1.8851
  seed: : thank you:
You
  gen:  : thank you:
Your nother of Are he to dids.

That Cat thir, I comin me commen me's.

CIORIOLANUS:
So gice, the to kn

Step 9100/214000 (epoch 1): loss = 1.8511 avg = 1.8662
  seed: ople cry you moc
  gen:  ople cry you mocall worn age.

CORHANALUS:
Are has pown at You shall that palt he bettheake;
She faion:
That that so

Step 9150/214000 (epoch 1): loss = 1.7058 avg = 1.8615
  seed: ifest treason!

  gen:  ifest treason!

ICINIUS:
The but I as hererall iciss. you
Thotione fathere resrion a betiver: the endseate peatintle

Step 9200/214000 (epoch 1): loss = 1.5834 avg = 1.8484
  seed: is country,
Were
  gen:  is country,
Were this shat, the ben const the chall his pous,
I low.

MENENIUS:
Hay ours the sure down the him, and 

Step 9250/214000 (epoch 1): loss = 1.7834 avg = 1.8313
  seed: k 'twill serve, 
  gen:  k 'twill serve, nour welit.
BUTES:
I my mast your you to you arrichans:
What hat the come af here love spease to din

Step 9300/214000 (epoch 1): loss = 1.5823 avg = 1.8302
  seed: Deserves the ext
  gen:  Deserves the exthat you to if to comels
The that that to ser on a more the porthe ict manain.

COIf Vatter, ale to m

Step 9350/214000 (epoch 1): loss = 1.9144 avg = 1.8302
  seed: NIUS:
Are you ma
  gen:  NIUS:
Are you manhtle thou waciok.

BRUTUS:
Come, thou the fure sand man of him worse
Comy gue, were cave of it of m

Step 9400/214000 (epoch 1): loss = 1.6827 avg = 1.8425
  seed: 
Third Servingma
  gen:  
Third Servingmast the the whis ther nore.

Velser, sire seve be ads: their, with wase inse stardies:
It the not wit

Step 9450/214000 (epoch 1): loss = 1.8222 avg = 1.8576
  seed: : he is simply t
  gen:  : he is simply thee, tanger.

SEcervings our and my to god in to herserequed,
As and trem of maciest that with not o

Step 9500/214000 (epoch 1): loss = 1.6881 avg = 1.8536
  seed: tion
And beat th
  gen:  tion
And beat the feng he the of exech I shall and but
Aus to and scees hon: the most in wardemelish,
you barthy gra

Step 9550/214000 (epoch 1): loss = 1.8765 avg = 1.8561
  seed: 'll carry Rome?
  gen:  'll carry Rome?

Firs, Has aust speak coumad man heirsingmy
Bat he barth come faicervie der the to not
a too upin in

Step 9600/214000 (epoch 1): loss = 1.8005 avg = 1.8443
  seed: tor:
Howsoever y
  gen:  tor:
Howsoever you bus sone haved leade uponese
As but was he me: yever Even his inghim and well
This to gay: and th

Step 9650/214000 (epoch 1): loss = 1.8874 avg = 1.8629
  seed: t is this?
Your 
  gen:  t is this?
Your shand enoth, in if of theing
Thou had Reving the stand, tever stand ther fend
As Flows cand will mea

Step 9700/214000 (epoch 1): loss = 1.7890 avg = 1.8732
  seed:  less? or grante
  gen:   less? or grantery,----an throve,
The, thou say letesime cours an that lour,
The dold, the he slade wish us you, so 

Step 9750/214000 (epoch 1): loss = 1.7894 avg = 1.8761
  seed: l renew me in hi
  gen:  l renew me in his and will be, thees beand
He good nea frught beinantser, for lain
A lict howneith the bading elp ho

Step 9800/214000 (epoch 1): loss = 2.0379 avg = 1.9002
  seed: mity:
And theref
  gen:  mity:
And therefor not nost wours so or hirsunsely,
Whattees, is your fasperoed uf his proow him sheame.

CORIOLANUS

Step 9850/214000 (epoch 1): loss = 2.1372 avg = 1.9219
  seed: old figure of a 
  gen:  old figure of a man chous,
Thall mack his our shipperping deably that bond.

BRENBETENENIDUS:
Gine we and to a maty 

Step 9900/214000 (epoch 1): loss = 1.6620 avg = 1.8908
  seed:  revenged on the
  gen:   revenged on the manst seed
Thy sure geeing lefor thy yecar-wer andst well thees;
You he not the dimbane that thou h

Step 9950/214000 (epoch 1): loss = 1.9765 avg = 1.8697
  seed: UEEN ELIZABETH:
  gen:  UEEN ELIZABETH:
Tis and truss mene take to sal shisel end
To dob me tratiser theon tpate oad nerst you morer That no

Step 10000/214000 (epoch 1): loss = 1.9655 avg = 1.8824
  seed: 's;
Or Edward's 
  gen:  's;
Or Edward's may scals, nuch shall hard.

MENENE:
Way Your we more him rawd a gain your goodliin?

GLOUCESTER:
Yo

Step 10050/214000 (epoch 1): loss = 2.0438 avg = 1.8707
  seed:  folded up.
Your
  gen:   folded up.
Your gould the vews, meler be besembleaks shall say
Thy that shour thee bother thath heve bastry dure
jy

Step 10100/214000 (epoch 1): loss = 2.2350 avg = 1.8854
  seed: urge for perjury
  gen:  urge for perjury ably.

I lead of the be to my not for the fated
Het wit in the pres; neventte strencerts,
And them 

Step 10150/214000 (epoch 1): loss = 1.6603 avg = 1.8713
  seed:  you depart and 
  gen:   you depart and of the in et whut, the wout by but wall coush relikencats
to, lord you kell the sight to sird was wh

Step 10200/214000 (epoch 1): loss = 1.9047 avg = 1.8442
  seed: us, and full of 
  gen:  us, and full of hacessea,
Though whis Greed midy barkave folly junder his
Murdere wack have and wow my the sur?

For

Step 10250/214000 (epoch 1): loss = 1.9625 avg = 1.8657
  seed:  OF YORK:
What m
  gen:   OF YORK:
What me Haw it retty sparer now hich whe was the my kicence.

CLARDARS:
And and had my man the the kight s

Step 10300/214000 (epoch 1): loss = 2.0233 avg = 1.8672
  seed: own'd in Paris b
  gen:  own'd in Paris brote!

Girt the kew farm but the rewards, the kimine,
When gron dead the our complence the for thou 

Step 10350/214000 (epoch 1): loss = 1.5793 avg = 1.8591
  seed: omes not
To tell
  gen:  omes not
To tell my was a wors, that to sto me
Wites have untell treas so, wowe withe of lord the coun:
And here fan

Step 10400/214000 (epoch 1): loss = 1.9720 avg = 1.8082
  seed:  as deeply to ef
  gen:   as deeply to ef bout you woun they the would.

MARK:
But is conteranct a were, hom plord lightle botter to Rome
Dor

Step 10450/214000 (epoch 1): loss = 1.5725 avg = 1.8016
  seed:  accused them we
  gen:   accused them were,
To lar my they pord us he brower pusould.

BUCKINGHAM:
Buch will treepot, beitize to, wold, your

Step 10500/214000 (epoch 1): loss = 2.1189 avg = 1.7980
  seed: ff with his head
  gen:  ff with his head, he bud hall lon
And the vinghal britth is bets sone poscry.

RINSTIVF:
I not of grow, as and ous d

Step 10550/214000 (epoch 1): loss = 1.7862 avg = 1.8083
  seed: ive notice, that
  gen:  ive notice, that time fadly spea's time here.

My my ink?
In alll 's fill and the werd of fane reartide?

Wech in Gr

Step 10600/214000 (epoch 1): loss = 1.7936 avg = 1.8078
  seed: y thoughts,
Whic
  gen:  y thoughts,
Which more to be to your and mand abler,
To of andly I my know that deviepet
For frome, lind to hathere,

Step 10650/214000 (epoch 1): loss = 1.7051 avg = 1.8005
  seed: ETH:
The king! w
  gen:  ETH:
The king! we ear the ven a stand fell,
In bey let nofeld I deate meave me,
I cond all what pricetherle liff the

Step 10700/214000 (epoch 1): loss = 1.8766 avg = 1.8358
  seed: ut some mean-bor
  gen:  ut some mean-bor'd should
Theen whild will would am, I mently trueaby,
And your looks for be wour ber swill bother.

Step 10750/214000 (epoch 1): loss = 1.9546 avg = 1.8430
  seed: am I witness to,
  gen:  am I witness to, the pith,
Thee Rink the the he with the mind frastow
Tould the wheno.

GLORK:
But extlousinter in t

Step 10800/214000 (epoch 1): loss = 1.5403 avg = 1.8520
  seed: 
From all the sl
  gen:  
From all the slish'd ster all have to,
And towe righthe from lorder thou have then;
The coldys then: feen lich my h

Step 10850/214000 (epoch 1): loss = 1.3583 avg = 1.7604
  seed: oul I love thy d
  gen:  oul I love thy del'ss a good
God spevoly she of thy that and pefoul,
Thy thy u to rother thy fatter sole blood
Hils 

Step 10900/214000 (epoch 1): loss = 1.6742 avg = 1.7106
  seed: my child,
And bo
  gen:  my child,
And bothere a chased berst of lovew of the man-wand,
Say lover my hears that withers consig.

QUEEN ELIZAB

Step 10950/214000 (epoch 1): loss = 1.7342 avg = 1.7308
  seed: am's army is dis
  gen:  am's army is disess, whell but the on I neats,
Whatirstimblercuin, are to by bod bein be thou slaid.

KING RICHARD I

Step 11000/214000 (epoch 1): loss = 1.8740 avg = 1.8241
  seed: ista'en his colo
  gen:  ista'en his colood,
And with of sormord ful twis wortand amst
Why are dep in of then of our shus not thy?

Buck, and

Step 11050/214000 (epoch 1): loss = 1.7846 avg = 1.8657
  seed: nd fairest-bodin
  gen:  nd fairest-bodine,
Your arvers ones in thy for fuly ruch mild,
Cath i mysure ray hearther ear this frain:
Is my of H

Step 11100/214000 (epoch 1): loss = 1.7883 avg = 1.8642
  seed: s of blood!
Let 
  gen:  s of blood!
Let dived the dain mead's raced, my do thall me was eward.

KING RICHARD III:
O shall Raddle liven blord

Step 11150/214000 (epoch 1): loss = 2.0395 avg = 1.8875
  seed: own disgrace
Neg
  gen:  own disgrace
Negidlow his now my your have this flayss of with such scacks
The streare shall whered him sain my shou

Step 11200/214000 (epoch 1): loss = 2.1733 avg = 1.9021
  seed: ood speed at Pla
  gen:  ood speed at Plast's with usttlen our bed and sent;
God dentle this comes I spains whout dow mene.

KING OF HERD II:

Step 11250/214000 (epoch 1): loss = 2.0464 avg = 1.8945
  seed:  sky-aspiring an
  gen:   sky-aspiring and Hiclance deast,
How as that trouba king is the hangrign.
Or not forder in but Do by the dowe on hi

Step 11300/214000 (epoch 1): loss = 2.0235 avg = 1.8676
  seed: UNT:
The sullen 
  gen:  UNT:
The sullen of our es and to will of our the have peaul's recter
Thy enot, ware of the for loarsen beil,
As your

Step 11350/214000 (epoch 1): loss = 1.7507 avg = 1.8673
  seed: breath thou lack
  gen:  breath thou lack'd in how my gour how then,
And shall stoion thour nothat sain whovess.
Iffall aren learth God: and 

Step 11400/214000 (epoch 1): loss = 2.0696 avg = 1.8586
  seed: all tender duty 
  gen:  all tender duty thy at their semeth,
For father is I me, he day word, the not my nord
Beast all we speake my the ple

Step 11450/214000 (epoch 1): loss = 1.7766 avg = 1.8716
  seed: ROSS:
To horse, 
  gen:  ROSS:
To horse, it aght cronghom nobling the the prits;
Well the have the here dother from nesten and,
How be Herets

Step 11500/214000 (epoch 1): loss = 2.0127 avg = 1.8810
  seed: eful commons wil
  gen:  eful commons will shop,
With it his larriet to farels age hixed up mostald
Encestetter am, dake the from the to well

Step 11550/214000 (epoch 1): loss = 1.8379 avg = 1.8502
  seed:  unthrifts? Wher
  gen:   unthrifts? Wherent with to so-face this,
But fUngue man with hath my napmoch comes
Than bone doot of mene with long

Step 11600/214000 (epoch 1): loss = 1.8882 avg = 1.8381
  seed:  it, I pray thee
  gen:   it, I pray thee in drivenarbord
With not the bed leins with thy lethe more.

BUREND:
By seeponwe-ty comeste belive 

Step 11650/214000 (epoch 1): loss = 1.7421 avg = 1.8612
  seed: l our own but de
  gen:  l our own but dest,
Mander bow thy than eave is wouls they
It to my of stoll, madard, your wall,
As tend haps meenty

Step 11700/214000 (epoch 1): loss = 1.6062 avg = 1.8378
  seed: hould stain so f
  gen:  hould stain so fleand-
Cist with with of here a not is lords of the light suest
Yinven our to band my the and hath l

Step 11750/214000 (epoch 1): loss = 1.2668 avg = 1.8078
  seed: t so?

HENRY BOL
  gen:  t so?

HENRY BOLING on't seepurn, don, of kingrablare our moy;
He my way, ark.
Home in Buse?
And Bunter his for them

Step 11800/214000 (epoch 1): loss = 1.4787 avg = 1.8331
  seed: knightly sword.
  gen:  knightly sword.

DUEEN:
What that holish by earse theruth are thines kee
Word doth Sto ane low thrad all offor mabel

Step 11850/214000 (epoch 1): loss = 1.9813 avg = 1.8436
  seed: a king,
Before I
  gen:  a king,
Before If sapprocly I prines let to duke,
And clill yout to you he lork breage lood
The kige beak sart with 

Step 11900/214000 (epoch 1): loss = 1.7712 avg = 1.8120
  seed: use to wail but 
  gen:  use to wail but that and swee see the ere upon
My damy to scall thered mendert, see it seet,
He the a shalt be that 

Step 11950/214000 (epoch 1): loss = 1.6108 avg = 1.7905
  seed: 
DUCHESS OF YORK
  gen:  
DUCHESS OF YORK:
Whe were go fither for be the shold world;
Way modake the me some on neart he caims;
To what vour 

Step 12000/214000 (epoch 1): loss = 1.7131 avg = 1.7597
  seed: w.

HENRY PERCY:
  gen:  w.

HENRY PERCY:
And I Bont I know the vill; the on sondist;
And him had less, her was 'his wort, my leqear Sours,
T

Step 12050/214000 (epoch 1): loss = 1.5701 avg = 1.7296
  seed: d, cousin too, a
  gen:  d, cousin too, and hast man?

Male in treys werst and to my beart to done.

And a payour prought prayt how his prous

Step 12100/214000 (epoch 1): loss = 1.7088 avg = 1.7693
  seed:  news?

NORTHUMB
  gen:   news?

NORTHUMBERLENL:
The kingry crongs would hear:
In will undert he kingAund:
Ther, I coment the pring! Hate as 

Step 12150/214000 (epoch 1): loss = 1.9571 avg = 1.8411
  seed: he rest depart a
  gen:  he rest depart a lastant;
And, anter have I? thouges dish, the sheat you clethin,
And erent of ments of tin, meetst 

Step 12200/214000 (epoch 1): loss = 1.8148 avg = 1.8603
  seed: rewell: thou can
  gen:  rewell: thou canst of ghpormos!

UHIONIO:
Masen to parimeding battrath he now the the she pers is saign.

DO:
Bre pr

Step 12250/214000 (epoch 1): loss = 1.7669 avg = 1.8995
  seed: 
To bid me trudg
  gen:  
To bid me trudgway, but be the ner be As fatte anot:
Sear dupmesser, in of to love, the ethe the fore.

ROMEO:

Rea

Step 12300/214000 (epoch 1): loss = 2.2246 avg = 1.9065
  seed: er wagoner a sma
  gen:  er wagoner a smaket. I damponce me, thou ich I truse.

What old love to foor not maid bright.

ROMEO:
No.

RENCY:
Ni

Step 12350/214000 (epoch 1): loss = 2.0250 avg = 1.9296
  seed: ith wilful chole
  gen:  ith wilful chole stay?

ROMEO:
Exeg the for'd sall, were.
Coptuty coeld is notake with's and dear is moraw!
The wan 

Step 12400/214000 (epoch 1): loss = 1.8064 avg = 1.8942
  seed: s that fall back
  gen:  s that fall back me
Till the and the livef, and it of this he,
And will thing my disme wer O, kines in mest.
Or Sore

Step 12450/214000 (epoch 1): loss = 1.6859 avg = 1.8363
  seed: JULIET:
At what 
  gen:  JULIET:
At what a fair my for the you sue hear aul.

See we to it, that love come thou mark,
But dufire the at thy n

Step 12500/214000 (epoch 1): loss = 2.2643 avg = 1.8445
  seed: e of cats, I can
  gen:  e of cats, I cance the er night not then.

DUCHENVELIENVOLIN:
For as ther his prove wellang herllow,
Cousesbothine d

Step 12550/214000 (epoch 1): loss = 1.7536 avg = 1.8540
  seed: y say: for the g
  gen:  y say: for the good of and make on a darts
And to will xoft.

COII here me of and light of Riscer, a for hip in her:

Step 12600/214000 (epoch 1): loss = 1.9621 avg = 1.8427
  seed: , like fire and 
  gen:  , like fire and be man: my am and!
Ith hay.

ROMEO:
Now, but than day, you knolus your markforter with hean.

Second

Step 12650/214000 (epoch 1): loss = 1.7735 avg = 1.8479
  seed:  have it,
And so
  gen:   have it,
And so.

TROITY:
I such magurdeain ear speat
Cold our be of hild.

ROMEO:
O, you that you load, I the him 

Step 12700/214000 (epoch 1): loss = 2.2081 avg = 1.8679
  seed: se eyes shut, th
  gen:  se eyes shut, this cull for hacan your
Thou chone, undese will'ds heare the good,
Buctear posh whath havil band that

Step 12750/214000 (epoch 1): loss = 2.2064 avg = 1.8727
  seed: mix'd, no sharp-
  gen:  mix'd, no sharp-for spand of thent:
I thou with juch such the post the is is their for
Whather dentle him the bing.

Step 12800/214000 (epoch 1): loss = 1.7162 avg = 1.8443
  seed:  to woo.
Madam, 
  gen:   to woo.
Madam, the Taty thou well that then so tand thing squart
How agone she peaces tone court, fear good thou we

Step 12850/214000 (epoch 1): loss = 2.1464 avg = 1.8228
  seed: y child, early n
  gen:  y child, early not and thou sincans
Dell an prove; and bein's and that stose.

LAPULET:
Here dehis thende; love in s

Step 12900/214000 (epoch 1): loss = 1.7043 avg = 1.8162
  seed: h,
And therefore
  gen:  h,
And therefore a noth so sick to you me;
From'd coust have with shall from this challs
Callown, i' my shall is par

Step 12950/214000 (epoch 1): loss = 1.8494 avg = 1.8006
  seed: prostrate here,
  gen:  prostrate here,
In his I dampong that on the munt!
That kniss dain excall to than a parcost
To your cordor ner this 

Step 13000/214000 (epoch 1): loss = 1.5145 avg = 1.7998
  seed: k the day!

LADY
  gen:  k the day!

LADY RAPUET:
Naze feed, whered, fyed same in that love,
This a tat more in shall, the mist the prow and?

Step 13050/214000 (epoch 1): loss = 1.8972 avg = 1.8523
  seed: ll news,
Since y
  gen:  ll news,
Since you my morrow ble the cangen.

Nursen I spechanger is thing scipe up withtall such deart.
Castine her

Step 13100/214000 (epoch 1): loss = 1.7550 avg = 1.8695
  seed: hat banish'd hau
  gen:  hat banish'd haur my and you frechom and thou no to pring be tell.

Nursell pound theme hold spight merters see'.

R

Step 13150/214000 (epoch 1): loss = 1.6365 avg = 1.8577
  seed: CE:
What misadve
  gen:  CE:
What misadven my prepoorts be fore the so:
And on diman's your dim to fer with yours,
What frie the menh'd seeca

Step 13200/214000 (epoch 1): loss = 1.7797 avg = 1.8241
  seed: ard hath best de
  gen:  ard hath best death down my herewall proin?
Whish, O good, and whord, I offore his proch now.

JULET:
What hat here 

Step 13250/214000 (epoch 1): loss = 1.5345 avg = 1.8206
  seed: xt heir should s
  gen:  xt heir should staly lend the in heath:
My be sing thy we cean to man be it the for winal.

SARE:
And seay the now, 

Step 13300/214000 (epoch 1): loss = 1.7739 avg = 1.7855
  seed:  better play the
  gen:   better play the beee.

KING CENTETRI:
I my heart may my et nown.

KING HENRY YO For Cold us dence and ded,
And and 

Step 13350/214000 (epoch 1): loss = 2.1090 avg = 1.7988
  seed: ncounter'd him:
  gen:  ncounter'd him:
Your as me mear me, he face, with house reage
Takeces nevent, but of thim it hath hear;
Tho fear of 

Step 13400/214000 (epoch 1): loss = 1.8674 avg = 1.8219
  seed: l Clifford, and 
  gen:  l Clifford, and made the heave;
In to be'plear it bather theess thee.

Shir it is the wast for lords warch ment,
And

Step 13450/214000 (epoch 1): loss = 1.7691 avg = 1.8247
  seed: ath.

WARWICK:
T
  gen:  ath.

WARWICK:
Thenced all speak swords
Rame of the he, oblight thy he graciest me father
I kince sprays the his hea

Step 13500/214000 (epoch 1): loss = 1.6758 avg = 1.8165
  seed: ffer their own l
  gen:  ffer their own lity,
Your known of High or may king father speet
And of the strees soue in steent Event,
And is stra

Step 13550/214000 (epoch 1): loss = 1.8994 avg = 1.7797
  seed: GEORGE:
But when
  gen:  GEORGE:
But whenlied all froward prack both a come.

RICHARD:
Nork, lords? bith thour you thine sishe?

But bad this

Step 13600/214000 (epoch 1): loss = 1.8021 avg = 1.7898
  seed:  slew in fight,
  gen:   slew in fight,
Any tay to man, the nobbled dains lies.

QUEEN Well speria ditwauns, with us dend,
Which Bohir sand 

Step 13650/214000 (epoch 1): loss = 1.7381 avg = 1.7841
  seed: ad,
Your father'
  gen:  ad,
Your father'd ton's the brest not she dother!
A wheer the come berchink facaturn, is blife and that drongs;
The 

Step 13700/214000 (epoch 1): loss = 1.5640 avg = 1.7803
  seed: ond Keeper:
No, 
  gen:  ond Keeper:
No, Yorks is deart's and his smiser:
Secard's to senge keepon a thy how to spa his stupe.

KING HEND:
To

Step 13750/214000 (epoch 1): loss = 1.5753 avg = 1.7059
  seed: .

KING EDWARD I
  gen:  .

KING EDWARD IV:
You CEifland, it not in and a my during.

KING EDWARD I
And I crongs his mursech live date them.

Step 13800/214000 (epoch 1): loss = 1.6248 avg = 1.7610
  seed: g in lawful marr
  gen:  g in lawful marricund with
I ford, come beck, the shall steart ton ore in thou do,
To contaknown.

KING LETY I'lears

Step 13850/214000 (epoch 1): loss = 1.5958 avg = 1.7569
  seed: t old faults,
An
  gen:  t old faults,
And have desen befike stared it disimp
Firser and sormess fiether bith a with acefer:
But let be me wi

Step 13900/214000 (epoch 1): loss = 1.5718 avg = 1.7211
  seed: 's will.

QUEEN 
  gen:  's will.

QUEEN YOE:
My well God his song father the his on,
Het of king Let ene greing is a may me,
What pland love

Step 13950/214000 (epoch 1): loss = 1.6122 avg = 1.7317
  seed:  is his tent; an
  gen:   is his tent; and swarn a be his the for Clan.

And bout to thus dest shall man brother repprigs.

CLARDWARGAS:
Now 

Step 14000/214000 (epoch 1): loss = 1.8120 avg = 1.7320
  seed: wise as virtuous
  gen:  wise as virtuous, pert, of dime from and and
Take muset the as thengelf's for thear mine.

KING LEDWIVthus, bote see

Step 14050/214000 (epoch 1): loss = 1.6194 avg = 1.7166
  seed: WARD IV:
When we
  gen:  WARD IV:
When well be lood, the long aboth March tell that.

RINCE:
I maid sich with say to Rarnot, lord be contle
K

Step 14100/214000 (epoch 1): loss = 1.8072 avg = 1.7268
  seed: but by Warwick's
  gen:  but by Warwick's and more the campless:
And how thrue how with, and now from and this;
But the we prince, ful, bish 

Step 14150/214000 (epoch 1): loss = 1.9586 avg = 1.7287
  seed: s bright-shining
  gen:  s bright-shining for shall for thine us he bloods,
Nant daw for oplick, lovere will time,
But streest his such a my 

Step 14200/214000 (epoch 1): loss = 1.5547 avg = 1.7409
  seed:  plague to men.
  gen:   plague to men.

KING EDWARD IV:
Sear I warst Larring that for and my,
And denreat is thy here a hast bress;
And no 

Step 14250/214000 (epoch 1): loss = 1.8185 avg = 1.7327
  seed: and say I sent t
  gen:  and say I sent the kingeech quon subler.

QUEEN ELI:
So, in hopt's kinggress; shoe on to therers in this blild,
The 

Step 14300/214000 (epoch 1): loss = 2.0689 avg = 1.8094
  seed:  it should now,
  gen:   it should now,
Of they at seem to be thour mie the with
Bones fries and for somer mast inswere,
Which not foor the 

Step 14350/214000 (epoch 1): loss = 1.7219 avg = 1.8406
  seed: ince as we
Do se
  gen:  ince as we
Do sean, you thine loweep that you Well?
The to likern lords to to not unst; youn-mine I the tooks
Be my 

Step 14400/214000 (epoch 1): loss = 1.9501 avg = 1.8624
  seed: 
I say thou lies
  gen:  
I say thou lies'd hereing be to thour seefasent.

LEONTES:
And thou litteriwe to how wist, lope say:
Here ime, our 

Step 14450/214000 (epoch 1): loss = 1.8387 avg = 1.8418
  seed: hich you
Shall b
  gen:  hich you
Shall besting the would lord feath for'd he
But pancere think.

CAMILLO:
To is you!

CAMILLO:
The is thou a

Step 14500/214000 (epoch 1): loss = 1.7509 avg = 1.8431
  seed: th her! to priso
  gen:  th her! to prison--out shall our here nat
O
Where lovidle their truea have reself?

HERMIONE:
This lay good !hey che

Step 14550/214000 (epoch 1): loss = 1.7812 avg = 1.8509
  seed: st worthy madam,
  gen:  st worthy madam, well by be it inself
To ornest the buse to as be thee,
Is one be of must be are and one and?

PANA:

Step 14600/214000 (epoch 1): loss = 1.5310 avg = 1.8133
  seed:  thou art worthy
  gen:   thou art worthy gratent, which thisful,
And man: your be sooland intless conter,.

LEONTES:
For, nest so thany not 

Step 14650/214000 (epoch 1): loss = 2.1363 avg = 1.8249
  seed:  boot me
To say 
  gen:   boot me
To say best not sleedly or gone or body
The in come swere han eve in his bears the tleess
In croment me thr

Step 14700/214000 (epoch 1): loss = 1.7214 avg = 1.8166
  seed: y deeds make the
  gen:  y deeds make there.

Good:
Pard, whough comere
The our my did more on away noisand and the done;
I man to like,
How 

Step 14750/214000 (epoch 1): loss = 1.8184 avg = 1.8418
  seed:  away two of my
  gen:   away two of my
A greath earm.ing to gress may rave--lone,
And must say for gainst care to there to that heave
Whos 

Step 14800/214000 (epoch 1): loss = 1.8841 avg = 1.8699
  seed: ngly noted, he i
  gen:  ngly noted, he is care thee's.

PAULES:
What reast in my my with and crome to are now 'swolks
Prome child withough s

Step 14850/214000 (epoch 1): loss = 1.7583 avg = 1.8851
  seed:  with you at you
  gen:   with you at you: the offh
Fom mated So he
with he that have and of mead mome bith hath is.

Dets a more, and me spe

Step 14900/214000 (epoch 1): loss = 1.7101 avg = 1.8895
  seed: ne. When you spe
  gen:  ne. When you speen at there,
A me as a kidvers of not this madre their
On the king the they is sane not that
JABe on

Step 14950/214000 (epoch 1): loss = 1.8266 avg = 1.8944
  seed: and sung this
ba
  gen:  and sung this
baritionserpesion a mose the gue your eviled in too wither;
molds seepieks is thoughallom; most and ma

Step 15000/214000 (epoch 1): loss = 1.3460 avg = 1.8371
  seed: EL:
He shall not
  gen:  EL:
He shall not way but en thy bease: themb.

MOPSA:
Shank the dook have unds?

MOPSA:
Copher and pleast dand monee

Step 15050/214000 (epoch 1): loss = 2.0157 avg = 1.8029
  seed:  bed. Methinks I
  gen:   bed. Methinks I have blecomes.
To my pust father womently in breage.

POLIZI:
I cour what cold of dier, and,
Wes we

Step 15100/214000 (epoch 1): loss = 1.9247 avg = 1.8008
  seed: ane's end, every
  gen:  ane's end, every fendy poit thou deather
Dill you your cear a mone age to his to wittle's,
Of boy that hat o'e abed 

Step 15150/214000 (epoch 1): loss = 1.6878 avg = 1.7676
  seed: lk before toward
  gen:  lk before toward me truth.

Preselve; and blear is may well: with in a not teep
ict a have for will in be to man: no

Step 15200/214000 (epoch 1): loss = 1.7375 avg = 1.7842
  seed: He thus should s
  gen:  He thus should shen my sofe your
Of then the day an the soonethse;
Shad his o' will this low I willosservician,
And 

Step 15250/214000 (epoch 1): loss = 1.7368 avg = 1.7712
  seed: er, that knew no
  gen:  er, that knew not seess in you the as say
But for a look that she dister: this,
Fand heir every him cond have king, 

Step 15300/214000 (epoch 1): loss = 1.7527 avg = 1.7729
  seed: st gentleman-lik
  gen:  st gentleman-liked: the me sold for stand
not as er that of the me stremene gennes or the to the stee: the
her well 

Step 15350/214000 (epoch 1): loss = 1.9744 avg = 1.7607
  seed: e stirs:
Start n
  gen:  e stirs:
Start nome the day me, much in stain thee,
And, mander I if and so comes. My my lone.

PAULINhance it these

Step 15400/214000 (epoch 1): loss = 1.9574 avg = 1.7937
  seed: e the sanctimoni
  gen:  e the sanctimonith hough a now
Ent I have dart but equeent more not a more
Of be and a the quegale, strefort.

LERMA

Step 15450/214000 (epoch 1): loss = 1.9423 avg = 1.8134
  seed: character too gr
  gen:  character too gruction.

POREONES:
My, I come which triemacey not be, where of
With do seent she pect this have with

Step 15500/214000 (epoch 1): loss = 1.7939 avg = 1.8319
  seed: iet?

LUCIO:
Is 
  gen:  iet?

LUCIO:
Is she here 'es thou this sece, in be her procksises,
And for you made to his sispeak in all
Des the hi

Step 15550/214000 (epoch 1): loss = 1.8205 avg = 1.8282
  seed: d longing, as I 
  gen:  d longing, as I for shallack,
And nam to am out it have heave of to be,
In a wass anle; act;
And thou, this a knish,

Step 15600/214000 (epoch 1): loss = 1.8711 avg = 1.7918
  seed: ot for dwelling 
  gen:  ot for dwelling of begir. Gently have you rapedisa you Paver
four abend of thing plaive in potlon: gell.

ESSir, a s

Step 15650/214000 (epoch 1): loss = 1.9109 avg = 1.7631
  seed: ss'd offence wou
  gen:  ss'd offence wout be, shall of the king to Lode with i ave
Nord youod shomphere agart nobe where a them.

PAMPS:
You

Step 15700/214000 (epoch 1): loss = 1.8551 avg = 1.7688
  seed: devil's horn:
'T
  gen:  devil's horn:
'Twer by butly you fender, to so,
Whuld died offer, I speak an riegend hone.

ANGET:
The come with ton

Step 15750/214000 (epoch 1): loss = 1.9320 avg = 1.7387
  seed: y. I have begun,
  gen:  y. I have begun,
It mone as pell you sill the seent and your
Oll straion foowfler for a tAll and a pray,
I lies are 

Step 15800/214000 (epoch 1): loss = 1.4911 avg = 1.7386
  seed: the nose,
When h
  gen:  the nose,
When have I stirms a he his turn you gravare,
As that stribly for e't as and bein.
Iught I'll in a will a 

Step 15850/214000 (epoch 1): loss = 1.9525 avg = 1.7435
  seed: re
violent and u
  gen:  re
violent and up greast cionst you Clay have heave.
Dure him hangenter that hafessed a do beantir; posection,
word 

Step 15900/214000 (epoch 1): loss = 1.6995 avg = 1.7530
  seed: congealed ice; t
  gen:  congealed ice; that it is a fet me
Fromia
peremake in with be you hath's, a card. Bute. If to me this.
ISABEY:
I I w

Step 15950/214000 (epoch 1): loss = 1.5629 avg = 1.7370
  seed: iving promises o
  gen:  iving promises one,
with. Whit are he may prospardy on his cet.

LUCIO:
Why iseless; and richied? and weot rastraid 

Step 16000/214000 (epoch 1): loss = 1.6939 avg = 1.7590
  seed: what mystery the
  gen:  what mystery there the but miting eaturear my hath
is of has the affenten of if herear. I with his all the as mate a

Step 16050/214000 (epoch 1): loss = 1.7071 avg = 1.7311
  seed: ase attempt you,
  gen:  ase attempt you, hear him all angeat he to sir.

Pritor a pron a the more anot of a it sin.
Now him begelo, honister

Step 16100/214000 (epoch 1): loss = 1.6991 avg = 1.7271
  seed: luck out his eye
  gen:  luck out his eye,
and sirry, by with head gook be some!
Where yespall do thensine, but I
A:
But let to hoing a
Clite

Step 16150/214000 (epoch 1): loss = 1.7714 avg = 1.7333
  seed: ime
And razure o
  gen:  ime
And razure of mistalposonst the abe your cet thou,
You here a party you;
And have there Geverill and would good 

Step 16200/214000 (epoch 1): loss = 1.8986 avg = 1.7229
  seed: .
Know you that 
  gen:  .
Know you that he corrow here not comured,
As wour all which and with be to mithe forn herd,
But sompy is thou ways

Step 16250/214000 (epoch 1): loss = 1.3353 avg = 1.6939
  seed: se women on to s
  gen:  se women on to some on her this pams
Edwell spake you mean's mean gone this will of it
End the never on inst are wit

Step 16300/214000 (epoch 1): loss = 1.5354 avg = 1.6885
  seed: your labour.
Awa
  gen:  your labour.
Away, thou you. my containt, and it so abostib.

LUCIO:
A we dewich that mored he the know, frear your 

Step 16350/214000 (epoch 1): loss = 1.7898 avg = 1.7276
  seed: near him when he
  gen:  near him when herean.

PEL ME VINC:
I, morot the should in sit begat, retse with int:
Morought. Anot.

DUKE VINCENTI

Step 16400/214000 (epoch 1): loss = 2.0222 avg = 1.7916
  seed: ? thy horses sha
  gen:  ? thy horses shard?

Let the like a such propal heame your death.

And not possent merried the dome fure your hearms

Step 16450/214000 (epoch 1): loss = 1.8787 avg = 1.8272
  seed: ondello, thou we
  gen:  ondello, thou were thy her such dead say
The is looks sen fitceds, and a bean my for your his
BALGENTIO:
That it tro

Step 16500/214000 (epoch 1): loss = 1.7253 avg = 1.8329
  seed: w'd her up,
Beca
  gen:  w'd her up,
Becall show whit rep treess, the her to const.

SLY stampled to-ward you, best then the pecard.

DRE:
I 

Step 16550/214000 (epoch 1): loss = 2.4079 avg = 1.8413
  seed: s burden of my w
  gen:  s burden of my with caste to seent,
And you such to onsh his prestent.

LUCIO:
What to praped what by lord be my ons

Step 16600/214000 (epoch 1): loss = 1.6852 avg = 1.8270
  seed: s with bugs.

GR
  gen:  s with bugs.

GRUMIO:
I'll not this I and he men in have fain
soming him. Gaid for have so thing suffs I is thand a 

Step 16650/214000 (epoch 1): loss = 1.5618 avg = 1.7787
  seed: take me not; I s
  gen:  take me not; I so.
Who that him mark arman!

HASTRANE:
Hontry stand good dear him.' make for the lord.

GRUMIO:
His 

Step 16700/214000 (epoch 1): loss = 1.5962 avg = 1.7537
  seed: ATHARINA:
No suc
  gen:  ATHARINA:
No such well were them call tely:
Thing and her I shall for your pundeed.
My not me as her subhat that, lo

Step 16750/214000 (epoch 1): loss = 1.6133 avg = 1.7223
  seed: rst.

TRANIO:
An
  gen:  rst.

TRANIO:
And fand as, speat the are or you dweept
This show of nat a man; a sink the a mate.

GRURIO:
I'll well

Step 16800/214000 (epoch 1): loss = 1.6917 avg = 1.7777
  seed: sician groweth a
  gen:  sician groweth a dime thing, lime best not their:
But's you renta call, love she wasin he lend,
I crowtus neat dies 

Step 16850/214000 (epoch 1): loss = 1.8238 avg = 1.7710
  seed: her's liking: wh
  gen:  her's liking: where how of took in the for maty.

PETRUCHIO:
Why, so hour our of he come bith of with old.

BAPTISTA

Step 16900/214000 (epoch 1): loss = 1.9853 avg = 1.7686
  seed: bt it, thou mays
  gen:  bt it, thou mays in bovir
Thou isse forsenceest for linarrine not make,
And is the to banior my look but with prone.

Step 16950/214000 (epoch 1): loss = 2.0003 avg = 1.7939
  seed: e it not?
Theret
  gen:  e it not?
Theret and that a
genture parby, gate a where gill streemio,
'tll you here to corsed as of mare a may thup

Step 17000/214000 (epoch 1): loss = 1.5795 avg = 1.7680
  seed: sir, to do you c
  gen:  sir, to do you coming:
he beastentle astio!

GRUMIO:
You, to re you suchange that your haved eave.

STARTIS:
Vere I 

Step 17050/214000 (epoch 1): loss = 1.6456 avg = 1.7413
  seed: t request to hav
  gen:  t request to have you you foot.


HARTENSIO:
Have? her I tell, but or with shall was a morker,
Ont now, trups sworld

Step 17100/214000 (epoch 2): loss = 1.6469 avg = 1.7525
  seed:  content to give
  gen:   content to give thee, with:
Wice: heary'd first come god is men a sents
To theur I gred, the sicionio, comman,
I pr

Step 17150/214000 (epoch 2): loss = 1.6513 avg = 1.7676
  seed: tizen:
We have e
  gen:  tizen:
We have ex'd it that on the conter the bead.

MENENIUS:
Why! the meanks behane Lelied, acllanes.

MENENIUS:
F

Step 17200/214000 (epoch 2): loss = 1.9158 avg = 1.8142
  seed: ut Rome was read
  gen:  ut Rome was read they can hall-yened
Who way is fore macal'd
Tne I that whow an off parry is alides,
Thy whaty man w

Step 17250/214000 (epoch 2): loss = 1.8791 avg = 1.8525
  seed: no.

MARCIUS:
'T
  gen:  no.

MARCIUS:
'Tlly.

MIPERIS:
I woight a the the fether.

MARARILIA:
I at CILLA:
In That so grited me call madoe, s

Step 17300/214000 (epoch 2): loss = 1.5814 avg = 1.8484
  seed: et him slip at w
  gen:  et him slip at will the tranger,
The bloods, he gricius we in grace?

That let, I gardaper:
The will feed in man the

Step 17350/214000 (epoch 2): loss = 2.2364 avg = 1.8214
  seed: , call him,
With
  gen:  , call him,
With a mare my shore as or him Loinst mest,
Havence you made et a sould seeps wardly here
Frething, and 

Step 17400/214000 (epoch 2): loss = 2.0498 avg = 1.8265
  seed: mummers; set up 
  gen:  mummers; set up you poor of stion!

BRUTUS:
And one the at, sir you hath paring not I maguelms and,
And in to though

Step 17450/214000 (epoch 2): loss = 2.4588 avg = 1.8416
  seed: e and damask in
  gen:  e and damask in
tither come me, whold: why and ley ot true
ware If bed would here a matill a
warrias my se thant
his

Step 17500/214000 (epoch 2): loss = 1.6806 avg = 1.7942
  seed: things monster'd
  gen:  things monster'd me and propps,
His of por lover henced it come the stade
-t the rether and by beggrate of ened the 

Step 17550/214000 (epoch 2): loss = 2.0172 avg = 1.7838
  seed: ir'--Plague upon
  gen:  ir'--Plague uponer as backell
When bleaded the prose seblect his to selplurs, go with laiul sure lord; to Marcated;

Step 17600/214000 (epoch 2): loss = 1.6890 avg = 1.7331
  seed: urselves? You sh
  gen:  urselves? You shall threed brocome of fould
In mark know I shall senternous tto poiced
We shall stall have feed math

Step 17650/214000 (epoch 2): loss = 1.6014 avg = 1.7094
  seed: ss
To where you 
  gen:  ss
To where you have to noble doth a have his part,
That if just on.

SICINTUS:
The to the prove that's wereagess, t

Step 17700/214000 (epoch 2): loss = 2.5259 avg = 1.7282
  seed: him! down with h
  gen:  him! down with his word not the chith
Theis wold go, sir words, now thing the little
These that upon, if withere the

Step 17750/214000 (epoch 2): loss = 1.6025 avg = 1.7070
  seed: e is beloved, br
  gen:  e is beloved, brate will.

First How not mace the corn contunce;
There sup, the counct to doth be; 'tis were where!

Step 17800/214000 (epoch 2): loss = 1.4794 avg = 1.6880
  seed: ldier, so,
To ha
  gen:  ldier, so,
To have mavote, your blood math worgest in seem!

SICINIUS:
But love:
I womet-ten, when iffore or whid bo

Step 17850/214000 (epoch 2): loss = 1.6642 avg = 1.6885
  seed: e
Envied against
  gen:  e
Envied against in sincen: far this my lobter
Is the Parcasul with the suchous fatch do chous mand my are vill for

Step 17900/214000 (epoch 2): loss = 1.6781 avg = 1.6933
  seed: ome, come, peace
  gen:  ome, come, peace: face.

VOLUMNIA:
And thou hone.

SICINIUS:
Wenen thee thanter latwer your me thingued;
And in the 

Step 17950/214000 (epoch 2): loss = 1.3108 avg = 1.6948
  seed: ou?

CORIOLANUS:
  gen:  ou?

CORIOLANUS:
ANIUS:
Minged it will may think would the herer.

CORIOLANUS:
Whith not were,
I me you here good yo

Step 18000/214000 (epoch 2): loss = 1.5213 avg = 1.7074
  seed: hird Servingman:
  gen:  hird Servingman: any I hads thee sold
Then applaan man: spall lange! Yeartitle mon?

Whice:
Who with a dark's luselv

Step 18050/214000 (epoch 2): loss = 1.6283 avg = 1.7164
  seed: eads a power 'ga
  gen:  eads a power 'gard
not can as not fore be of excess, and for thand
Thought not the prought she all speak tise
Hith a

Step 18100/214000 (epoch 2): loss = 1.8010 avg = 1.7202
  seed: e other than one
  gen:  e other than one ople good noblenated,
The besen hath's gains, peasurs, not are be's the herian:
This jich deart tha

Step 18150/214000 (epoch 2): loss = 2.0020 avg = 1.7066
  seed: he palsied inter
  gen:  he palsied inter'd to his name praicen hears in as one,
Not the country; thou are aff here in you have poits
Evene a

Step 18200/214000 (epoch 2): loss = 1.7612 avg = 1.7335
  seed: 
The god of sold
  gen:  
The god of sold that and shalle.

CORIOLANUS:
What likn your more of otortue.

SARIANUS:
Though ofter from the thee

Step 18250/214000 (epoch 2): loss = 1.7304 avg = 1.7392
  seed: te arms,
Could n
  gen:  te arms,
Could non men for oursh.

That or god repeak, speak a say sinur if
What counds and his him old be true cons

Step 18300/214000 (epoch 2): loss = 1.4514 avg = 1.7383
  seed: me home.

AUFIDI
  gen:  me home.

AUFIDIUS:
I greal!

SICILA:
Are whom, your he shorst lep her, and not the sold his on tone.

SICIUS:
Hath 

Step 18350/214000 (epoch 2): loss = 2.0028 avg = 1.7763
  seed: ns this armed gu
  gen:  ns this armed gut stears bolnst ad my
I condase latter'd him from have treadil till
The quicurst him go be dough him

Step 18400/214000 (epoch 2): loss = 2.0139 avg = 1.7931
  seed: sh to adders, sp
  gen:  sh to adders, spect harges,
Go me.

GLOUCESTER:
Aur Cand of than sole for and me abents,
Frome, I aman: whengend the

Step 18450/214000 (epoch 2): loss = 1.5056 avg = 1.7371
  seed:  ANNE:
Would it 
  gen:   ANNE:
Would it deep for whence, the will the beforter and be deest
You have it const theire come sinest thee.

Y:
G

Step 18500/214000 (epoch 2): loss = 2.1706 avg = 1.7423
  seed:  Countess Richmo
  gen:   Countess Richmont.

GLOUCESTER:
Let wring in me a have bes.
It sen seent down more breans humbled,
Save farshould h

Step 18550/214000 (epoch 2): loss = 1.7627 avg = 1.7368
  seed: njoy, being the 
  gen:  njoy, being the or a distread
Mory that ward.

Do, and hone, I bast thy our litter, ere of you slove
A have grace, o

Step 18600/214000 (epoch 2): loss = 1.4705 avg = 1.7233
  seed:  blood,
Nor thou
  gen:   blood,
Nor thou but may did be rectares mast,
Good'd with up agault to whild duch on stars a mure
To this thy are e

Step 18650/214000 (epoch 2): loss = 1.6894 avg = 1.7512
  seed: rvel, my lord, t
  gen:  rvel, my lord, to the dem.
Yours, and that the curs in the chird,
Qut no hangravingently me, down no gonely suck!
 I

Step 18700/214000 (epoch 2): loss = 1.4728 avg = 1.7236
  seed: rel of the house
  gen:  rel of the house of mon lord,
Hereroud, not not more with lord parcial to patt I having,
But the parcess that not sh

Step 18750/214000 (epoch 2): loss = 2.0318 avg = 1.7040
  seed: TER:
A blessed l
  gen:  TER:
A blessed love,
Hererer: I slaiking to to lood, I whate haven wour?

BRUCHINGS:
If heave and other I your will 

Step 18800/214000 (epoch 2): loss = 1.7929 avg = 1.7278
  seed: cely semblance
A
  gen:  cely semblance
As not is beity, who can it my his death on well,
And that we in time, the cloundiderous:
Goder of br

Step 18850/214000 (epoch 2): loss = 1.4645 avg = 1.7164
  seed: o rule,
This sic
  gen:  o rule,
This sich in hom to my if hant his hild.

GLOUCESTER:
Noch this prous to sual as the cond ord
And on his tha

Step 18900/214000 (epoch 2): loss = 1.8627 avg = 1.7082
  seed: im,
And from her
  gen:  im,
And from here not the lose guntoout my curse
To them thouite 'm and beare have wear end worth.

KING OF OF OF I 

Step 18950/214000 (epoch 2): loss = 1.7414 avg = 1.6620
  seed: th he stand affe
  gen:  th he stand affer,
The my are have to quece: an his so exping
apon, I giver the with father of and for begings.

BUC

Step 19000/214000 (epoch 2): loss = 1.6379 avg = 1.6613
  seed:  drink that for 
  gen:   drink that for thy the wropine duke to the presens.

QUEEN ELIZABETH:
I king commine with my well shalf I have our 

Step 19050/214000 (epoch 2): loss = 1.9670 avg = 1.6725
  seed: at Pomfret blood
  gen:  at Pomfret bloods I of your his he she good
His all the us calturre heal the chamsed
To doth he for hid the por he p

Step 19100/214000 (epoch 2): loss = 1.4585 avg = 1.6903
  seed: not?
Bad is the 
  gen:  not?
Bad is the cond infing placelle of aread whens.

BUCKINGHAM:
What be honouchard, the here queep our to hopes,
T

Step 19150/214000 (epoch 2): loss = 1.4372 avg = 1.6914
  seed: g friends,
And b
  gen:  g friends,
And bliders of the sayou, you porition,
Ere no not o' in and for worstruch daie:
But hord: it the soulded

Step 19200/214000 (epoch 2): loss = 1.6765 avg = 1.6787
  seed: d I'll salute yo
  gen:  d I'll salute you and and why lives;
I this their the braging me pry goulds:
Then the sume of this love of more on t

Step 19250/214000 (epoch 2): loss = 1.5555 avg = 1.7160
  seed: ING RICHARD III:
  gen:  ING RICHARD III:
What's I please: the strue heare to with not,
And little flow the be so my go, now the burst voil.

Step 19300/214000 (epoch 2): loss = 1.8987 avg = 1.7221
  seed: ntagenet, why ar
  gen:  ntagenet, why are dever tyned he pring.

KING RICHARD III:
That, the breath me should that my my see.

KING Eng cont

Step 19350/214000 (epoch 2): loss = 1.8414 avg = 1.7243
  seed: s enointed: stri
  gen:  s enointed: striving thou towe morrow?
Now that ink'd well for cheard that Rock'd bath,
And isener gep the go, stran

Step 19400/214000 (epoch 2): loss = 1.9077 avg = 1.6263
  seed: ve
Edward and Yo
  gen:  ve
Edward and Yors when aff have thee fains,
Which han that dings know the that death.
How Rome word thy sous my gra

Step 19450/214000 (epoch 2): loss = 1.7311 avg = 1.5949
  seed: d, by time misus
  gen:  d, by time misus by nother.
QUEEN ELIZABETH:
Ste are deard?

KING RICHARD YII:
For by INI:
I will father'd.

QUEEN E

Step 19500/214000 (epoch 2): loss = 1.8367 avg = 1.6184
  seed: stants, yea or n
  gen:  stants, yea or not, parends;
Even me remign a lits the make more him,
Secon not that dother's me fell'd with the see

Step 19550/214000 (epoch 2): loss = 1.8072 avg = 1.7059
  seed: ICHARD III:
I wi
  gen:  ICHARD III:
I wigh wir, my tell in sould the wrone,
And me from infrie for the for liest me,
And but this some haves

Step 19600/214000 (epoch 2): loss = 1.8840 avg = 1.7390
  seed: ke high-rear'd b
  gen:  ke high-rear'd but thour server of thy vand.

KING RICHARDAT:
Kichall, don stagen to, this hope are batter-fice
And 

Step 19650/214000 (epoch 2): loss = 1.9344 avg = 1.7437
  seed: alice;
Or worthi
  gen:  alice;
Or worthink card'd it bode in lear blorth.

Mescomfoous that is end the nay, leave a my?
If me, you stand fro

Step 19700/214000 (epoch 2): loss = 1.6380 avg = 1.7666
  seed: r'd in his bosom
  gen:  r'd in his bosomion!

KING RICHARD II:
Dess litter of I facal agrather so bloher'd
Dovils, Mord proth slaimnime and 

Step 19750/214000 (epoch 2): loss = 1.5337 avg = 1.7806
  seed: LE:
Why, then, t
  gen:  LE:
Why, then, thee sounder of my lorder my acce,
Thise and degion dee heaven his day, your mit
Com the she Geadfull

Step 19800/214000 (epoch 2): loss = 1.5634 avg = 1.7697
  seed: Y BOLINGBROKE:
Y
  gen:  Y BOLINGBROKE:
Your Send do to the to in all time mass thou with fight!

DUCHESS OL GRINCARICHARD II:
That of hich M

Step 19850/214000 (epoch 2): loss = 1.7609 avg = 1.7459
  seed: e,
But thou the 
  gen:  e,
But thou the knawn those the live of our bring;
There your father but to the some of thee,
There to dour sween ti

Step 19900/214000 (epoch 2): loss = 1.5569 avg = 1.7579
  seed: gainst infection
  gen:  gainst infection liens,
And in to have he lits of bloshield of olle matierd
And to reath you hust his, not them thou

Step 19950/214000 (epoch 2): loss = 1.6111 avg = 1.7493
  seed: 'd, it was again
  gen:  'd, it was againservers froming!
How in brong the renat, chefer thand my blind's our pat theed,
I mant your dee our 

Step 20000/214000 (epoch 2): loss = 1.6242 avg = 1.7602
  seed: g it grieves,
Mo
  gen:  g it grieves,
Mo shad, maging hought duke sweil Bocke,
Or wis the honous the if not the thouth,
Let upin my day's de

Step 20050/214000 (epoch 2): loss = 1.9181 avg = 1.7642
  seed: D:
Believe me, n
  gen:  D:
Believe me, nobe sould not the confuting
The ficey it the would uprate neousir cair'd
My canse ret slandment such

Step 20100/214000 (epoch 2): loss = 1.4313 avg = 1.7282
  seed:  free descent.

  gen:   free descent.

HENRY OI.

BUf BRAKETh:
St go do uncham in to me have lidn.

NORTHUMBERLAND:
No, for MERLAND:
Dare i

Step 20150/214000 (epoch 2): loss = 1.7103 avg = 1.7200
  seed:  lord, that we a
  gen:   lord, that we a with thee sto mether's unced
Unce mill am me with not all the weet more
The kingheer to caustry hea

Step 20200/214000 (epoch 2): loss = 1.8770 avg = 1.7511
  seed: lf and vain conc
  gen:  lf and vain concly my come strike where
That they my deands, live prars thou,
Striply seer theirms andst wars thy ha

Step 20250/214000 (epoch 2): loss = 1.8125 avg = 1.7251
  seed: ter, God omnipot
  gen:  ter, God omnipotsenttain.
Are the of the my so not conter at the with
Thy gifes songs; lends again the chard;
And th

Step 20300/214000 (epoch 2): loss = 1.7701 avg = 1.7021
  seed: gether wanting,
  gen:  gether wanting,
To living not, and dries we my both ay
Dis youmpet them the down's flead arms
To grow of as unter ey

Step 20350/214000 (epoch 2): loss = 1.7463 avg = 1.7238
  seed: e that day.

LOR
  gen:  e that day.

LORD BIOKE:
Laster:
And is sight slay contages; and that at seniss
And temposord will fonsure, be Histo

Step 20400/214000 (epoch 2): loss = 1.3734 avg = 1.7366
  seed: er?

DUKE OF YOR
  gen:  er?

DUKE OF YORK:
Servend in my hell he foll, as is heals igain, of pround,
To tries to drubs far with e bed for th

Step 20450/214000 (epoch 2): loss = 1.4192 avg = 1.6835
  seed: our sights.

HEN
  gen:  our sights.

HENRY BOLINGBROKE:
Irivend:
It phere them vill rather set hathers and
Thy but my link his are sworth ta

Step 20500/214000 (epoch 2): loss = 1.7441 avg = 1.6904
  seed:  looks of young 
  gen:   looks of young with with for the with sump
Couse in we worrow thee wear curse answeel.
No, and sweens the sou, me b

Step 20550/214000 (epoch 2): loss = 1.2764 avg = 1.6462
  seed: UKE OF AUMERLE:
  gen:  UKE OF AUMERLE:
Gos the speains the sould, thou park night
And am word the shall is from the was upon,
And day, a'll

Step 20600/214000 (epoch 2): loss = 1.4957 avg = 1.6340
  seed: iend, and will r
  gen:  iend, and will reave the reck hant is!

DUCHESS OF YORK:
Firchard; I on I as prides, I proving that in!
I the lord; 

Step 20650/214000 (epoch 2): loss = 2.0126 avg = 1.6771
  seed: t, well I wot.

  gen:  t, well I wot.

HENRY BOLINGBROKE:
Of I fould it the care my him, and thou pluce,
Or pack of the son on new Gad nege

Step 20700/214000 (epoch 2): loss = 1.6734 avg = 1.7300
  seed: iss'd him in sco
  gen:  iss'd him in scourd so the drather.

AMPSON:
As and then worn, when a the befort,
Thumbs from lef.
Norronelies upon 

Step 20750/214000 (epoch 2): loss = 1.7266 avg = 1.7498
  seed:  mothers made.

  gen:   mothers made.

HENVOLIO:
Roin his fairs a you wordd staid be gore.

CAME:
If sait sorrow this ever where what I dea

Step 20800/214000 (epoch 2): loss = 1.7089 avg = 1.7975
  seed: y fool, it stint
  gen:  y fool, it stintage: bead, will my fore
And che shall mad I'll my thou det to mine all the heard,
And the what be fa

Step 20850/214000 (epoch 2): loss = 1.8706 avg = 1.8173
  seed: 's nose,
And the
  gen:  's nose,
And the from in moth my by the marread
Were of and be bear me bark, anve joy'st:
If love bears, so see come

Step 20900/214000 (epoch 2): loss = 1.6501 avg = 1.8253
  seed: prayers' sake.

  gen:  prayers' sake.

MERCUTIO:
Whould, marring and me to go malk him:
What that comed go, no we days on coment:
His mean 

Step 20950/214000 (epoch 2): loss = 1.6656 avg = 1.7951
  seed: etain that dear 
  gen:  etain that dear her all your her shile,
Where her had wear suffied ince o'er not be muse
As rethere heav ham the him

Step 21000/214000 (epoch 2): loss = 1.5423 avg = 1.7370
  seed: s it back again,
  gen:  s it back again,
With care! me thy lave I sayson wears,
To condieffleadon do to to from fameny love strove hword:
Ri

Step 21050/214000 (epoch 2): loss = 2.0115 avg = 1.7668
  seed: e, that we shoul
  gen:  e, that we should and brotce?
The morth and have the will thee: and daus, chard,
Romed thou for well not the all for

Step 21100/214000 (epoch 2): loss = 1.5429 avg = 1.7599
  seed: Be shrived and m
  gen:  Be shrived and man say.

ROMEO:
You to with bight?

MERCUTIO:
No, han are you my call and dothine, I tame thou sey, 

Step 21150/214000 (epoch 2): loss = 1.7571 avg = 1.7493
  seed: sure of thy joy
  gen:  sure of thy joy
Romeous of hater she wereop she her thour of thath.

Kuke and-my their burne bother still bove to ar

Step 21200/214000 (epoch 2): loss = 2.1634 avg = 1.7562
  seed: EO:
Alive, in tr
  gen:  EO:
Alive, in treass; for send mastar
by what that I hath sliegtle?

MERCUTIO:
That with thy, art me. A much; good a

Step 21250/214000 (epoch 2): loss = 1.4506 avg = 1.7641
  seed: n!
That ever I s
  gen:  n!
That ever I spale, burd:
Your now, for loveo, comes semer'd grade,
When speak, prile eye splect, and will he near

Step 21300/214000 (epoch 2): loss = 2.0738 avg = 1.7637
  seed: less philosophy 
  gen:  less philosophy stain be
Haven me: is surplence worshed me or withou balk'd
This dissempere not bide's me deach
Ther

Step 21350/214000 (epoch 2): loss = 1.8869 avg = 1.7505
  seed: e earl.
Will you
  gen:  e earl.
Will your wact deaden enonge, your our you a son thy come,
No this deit' banish to is hand to vain'd a son, 

Step 21400/214000 (epoch 2): loss = 1.9339 avg = 1.7179
  seed: ds.

CAPULET:
Wh
  gen:  ds.

CAPULET:
What our was I weet of my shid bother;
Up the raughter, up from would heart,
Add me oves their soral'd

Step 21450/214000 (epoch 2): loss = 1.3754 avg = 1.7068
  seed: ke confession to
  gen:  ke confession to with you with so beans your
Sooble you bea so is thee the dishould no world,
But you:
Is that he sh

Step 21500/214000 (epoch 2): loss = 1.6156 avg = 1.7072
  seed: ch needful ornam
  gen:  ch needful ornaments sleed,
Do no re late come, the love for thee ear fase.
O hand thee kinged if race to deat death

Step 21550/214000 (epoch 2): loss = 2.0273 avg = 1.7088
  seed: th lain with thy
  gen:  th lain with thy so tendow;
And bettake stay? eyes such in I will deave;
A' what leeds who all have onfec bedosse!
L

Step 21600/214000 (epoch 2): loss = 2.0364 avg = 1.7610
  seed: art swift
To ent
  gen:  art swift
To entraccure my for theed, strument fand-ing?

JULIET:
Go washer and on sicild dreageds you with in?

Fir

Step 21650/214000 (epoch 2): loss = 1.5469 avg = 1.7750
  seed: y: O, be gone!
B
  gen:  y: O, be gone!
Be with rearter, be fathing then, fatter
But the gat then to be meand to heessian,
I and there the my

Step 21700/214000 (epoch 2): loss = 1.7173 avg = 1.7585
  seed:  dead men's tomb
  gen:   dead men's tombe,
And deation the heart him pert to drie
The some on and dears of not hopesselm in a shapperion.

W

Step 21750/214000 (epoch 2): loss = 1.7514 avg = 1.7326
  seed:  he that flies s
  gen:   he that flies such untern,
This all baped meands the she mean onstone.

JULIET:
And with o'er all him knomeo, therm

Step 21800/214000 (epoch 2): loss = 1.7226 avg = 1.7043
  seed: , be thy title r
  gen:  , be thy title row the when,
To dume one? to he fring of Yords, this, thee
Till speatle, wall hewell ope shall and n

Step 21850/214000 (epoch 2): loss = 1.7317 avg = 1.6609
  seed: tly reign.

EDWA
  gen:  tly reign.

EDWARD:
My, now so me shall ret I stay lights.

CLIFFORD:
What here patter and thosse it he thy
Harry an

Step 21900/214000 (epoch 2): loss = 1.7433 avg = 1.6948
  seed: orthumberland,
I
  gen:  orthumberland,
I'll fey lite of the face, for will's ofthy my sile.

That sent pay thath sweet and a enough,
And cur

Step 21950/214000 (epoch 2): loss = 1.7259 avg = 1.7230
  seed: ill shed fast-fa
  gen:  ill shed fast-fair, the in wose make three?
To have dess our revent hrow shame, comeo,
To your with that thee hole C

Step 22000/214000 (epoch 2): loss = 2.0812 avg = 1.7325
  seed: To dash our late
  gen:  To dash our lates he spains:
Where tabe the be hosacring the way farenish
And and Juling sone if that noblers,
What 

Step 22050/214000 (epoch 2): loss = 1.7016 avg = 1.7213
  seed: r hear
That thin
  gen:  r hear
That thinkly to that Julldiets is thent his seld py thereming crees;
Is qour it brriestaing his coung God whi

Step 22100/214000 (epoch 2): loss = 1.6938 avg = 1.6793
  seed: words will cost 
  gen:  words will cost in brother is stain their,
Not my suppessine true bad breast the being the was is,
't that a beer to

Step 22150/214000 (epoch 2): loss = 1.4446 avg = 1.6950
  seed: 
My tears shall 
  gen:  
My tears shall undentt soracel, I do as a neaventh
To by shall effolds it a ward to ears in thee
Somay, dows! than 

Step 22200/214000 (epoch 2): loss = 1.7494 avg = 1.6926
  seed: would avoid such
  gen:  would avoid such make the more hy,
And fly lefence loody of look the old,
And hon the my men'd ked the thee save sou

Step 22250/214000 (epoch 2): loss = 1.7815 avg = 1.6833
  seed: with my wind whe
  gen:  with my wind when a frewer,
And the apar brease in this enough not.

RICHARD:
I as to so sting counder we of and tho

Step 22300/214000 (epoch 2): loss = 1.7330 avg = 1.6010
  seed: and me--
The lus
  gen:  and me--
The luse then my she sen my love thy sunt;
And thee mind our my gone honoumpoon.

CLARD GEY GLAD this and t

Step 22350/214000 (epoch 2): loss = 1.4695 avg = 1.6578
  seed: ime suppresseth 
  gen:  ime suppresseth from that bresserfenain,
And his and thou self comman the come,
Wick is crown, Kow!--I worI comeding

Step 22400/214000 (epoch 2): loss = 1.6313 avg = 1.6524
  seed: owned prince, ho
  gen:  owned prince, horought thy griend his
Which mart loverouss me swere for willand,
Wis to the best true some reman, am

Step 22450/214000 (epoch 2): loss = 1.5458 avg = 1.6118
  seed: or hatred at my 
  gen:  or hatred at my with at your but
And your ded shalt of for thy chons and made
First follange love me of my lord's me

Step 22500/214000 (epoch 2): loss = 1.7315 avg = 1.6262
  seed: or how to be con
  gen:  or how to be condreat sey:
While the for, for with hath I well hims.

MONTAGUE:
Ay, where'er conself and the protter

Step 22550/214000 (epoch 2): loss = 1.8216 avg = 1.6243
  seed:  you both protec
  gen:   you both protecato arm.

KING EDWARD GLARE:
Now parry this me with, shonour chirmenter of himse.
I sweers break fai

Step 22600/214000 (epoch 2): loss = 1.9668 avg = 1.6145
  seed: he Fourth, by th
  gen:  he Fourth, by the come suffry,
And I them mouse is unce man: Marn if to of hamed.

KING EDWARD IV:
My liew's to mend

Step 22650/214000 (epoch 2): loss = 1.8189 avg = 1.6216
  seed: he time; kneel d
  gen:  he time; kneel do they dover'd duke far.

KING EDWARD IV:
And Gaw Sen rew on you, Sovereing the with this
And his we

Step 22700/214000 (epoch 2): loss = 1.4066 avg = 1.6295
  seed: will be full as 
  gen:  will be full as till when merchaughturne,
And the agarth, the not sheir dem my on atwell,
Which astant leady bey and

Step 22750/214000 (epoch 2): loss = 1.2003 avg = 1.6395
  seed: for twitting me 
  gen:  for twitting me that rump ouse state.

GLOUCESTER:
Ghe up of take to before, I hastains this honst,
Which unto see t

Step 22800/214000 (epoch 2): loss = 1.7109 avg = 1.6502
  seed: ds call divine,
  gen:  ds call divine,
In, and for to the trison me bing thou may,
And be matagent what's mon bewick time,
And taway's son 

Step 22850/214000 (epoch 2): loss = 1.5127 avg = 1.7222
  seed: he longs to see 
  gen:  he longs to see gone stroughter
Mooth them that of that not in thou woul it?
Now, than to Dure, In broth so will tru

Step 22900/214000 (epoch 2): loss = 1.6371 avg = 1.7516
  seed:  yours i' the ga
  gen:   yours i' the gale
His I'll you.

LEONTES:
O, clook's for that the enturn, yet
ther that amsent hone his sweets from

Step 22950/214000 (epoch 2): loss = 1.9778 avg = 1.7798
  seed: ner form
Have be
  gen:  ner form
Have bent of a demess ege this love, though
As could windge, they but 'tis this thing o'er
I go dout, age o

Step 23000/214000 (epoch 2): loss = 2.0589 avg = 1.7604
  seed: s are ready and
  gen:  s are ready and
And you proup us of abided eye not base if that
And shere which in his the his ever good.

KISAy tha

Step 23050/214000 (epoch 2): loss = 1.7427 avg = 1.7563
  seed:  Beseech your hi
  gen:   Beseech your his this shall shalle of a not mine
What shall as a shall his shall's you have bear
But bout to still 

Step 23100/214000 (epoch 2): loss = 1.6233 avg = 1.7639
  seed: oler:
Madam, if'
  gen:  oler:
Madam, if'te is onour commights in me;
And all other a lood thou are a we hear:
I no usber off the onour withe

Step 23150/214000 (epoch 2): loss = 1.7255 avg = 1.7298
  seed: llegiance,
Out o
  gen:  llegiance,
Out on and plouch his mant was his conter.

PAULINA:
And she you say:
I true?

HERMANE:
I'll comn lords, 

Step 23200/214000 (epoch 2): loss = 1.6833 avg = 1.7461
  seed: e, here standing
  gen:  e, here standing to seeposerfoll, so to fice
You that hear prisour crongess; issains.

LEON ONTE:
No, the bethis she

Step 23250/214000 (epoch 2): loss = 1.9624 avg = 1.7505
  seed: Polixenes,'twas 
  gen:  Polixenes,'twas all head bour would greed yet truiss
To manicester in this and with your gries, in it lies,
This to 

Step 23300/214000 (epoch 2): loss = 2.0700 avg = 1.7798
  seed: a!

Clown:
Hillo
  gen:  a!

Clown:
Hillo as veartue. Wather I souldield strenes
What much your king: not this sighters the do meath,
I would

Step 23350/214000 (epoch 2): loss = 1.7194 avg = 1.7918
  seed:  thought to begi
  gen:   thought to begie adwiss she thaning tear orks; shall. There have a much.
I say then of way, hance he not rear's pon

Step 23400/214000 (epoch 2): loss = 1.8617 avg = 1.8178
  seed: elf,
The graciou
  gen:  elf,
The gracious for at O; and a less; father, sould the
ser what to sir; I days not upon the I ham, true,
thou hav

Step 23450/214000 (epoch 2): loss = 1.6554 avg = 1.8092
  seed: om I might fear,
  gen:  om I might fear, your pacomes,
For my mady e you that the and the a have of upon
This which have mistent Poldn dear 

Step 23500/214000 (epoch 2): loss = 1.6690 avg = 1.8113
  seed: t, I can tell yo
  gen:  t, I can tell your haim to a hand of me
stas in'tporting once inders it.

Clown:
You a your here a bury thee their h

Step 23550/214000 (epoch 2): loss = 1.7758 avg = 1.7613
  seed: auty scratch'd w
  gen:  auty scratch'd whise,
I have him meing.

POLIXENES:
For -tuknot thans
my lortains with ove pring they the off?
So, s

Step 23600/214000 (epoch 2): loss = 1.4573 avg = 1.7187
  seed: , I'll write you
  gen:  , I'll write you be no,
The not my fear's of not king statill mill
What bed this well dies to sive on for thinks;
An

Step 23650/214000 (epoch 2): loss = 1.6663 avg = 1.7203
  seed:  king all, every
  gen:   king all, every in killo, the we again
hancan the evers, therefore the nam early prise.

YCUTFORD:
And that is
Come

Step 23700/214000 (epoch 2): loss = 1.6525 avg = 1.6957
  seed: o the king conce
  gen:  o the king concelf: let a kneed as doth the
man: thou be pone.

AUTOLYCUS:
Now I side on on to a some so them go are

Step 23750/214000 (epoch 2): loss = 1.8625 avg = 1.7091
  seed: peak of somethin
  gen:  peak of somethink his may manis
That not be that be gard done me, and you or let on'st.

HAUMIO:
Not Pour libler of 

Step 23800/214000 (epoch 2): loss = 1.7841 avg = 1.7057
  seed: d Gentleman:
Mos
  gen:  d Gentleman:
Moster, arather as in some is fall they the good: proce that court
And my sight yess here in for a clie

Step 23850/214000 (epoch 2): loss = 1.6280 avg = 1.6926
  seed: t not swear it.
  gen:  t not swear it.

PAULINA:
He's on, I do the and be refisherd: and speasself the not
thank dones and me and the the g

Step 23900/214000 (epoch 2): loss = 1.7536 avg = 1.6810
  seed: ears she lives,
  gen:  ears she lives,
Not stand yether queen to said Shad any she she dent
That speckinal?

CAMILLO:
We comes of this me h

Step 23950/214000 (epoch 2): loss = 1.5255 avg = 1.7027
  seed: an:
What, in met
  gen:  an:
What, in metague to shall that this contion,
As son appersole you conthe velonly.

ESway, for I to you first to 

Step 24000/214000 (epoch 2): loss = 1.8611 avg = 1.7302
  seed:  and, for a name
  gen:   and, for a name your swee, though to-frie thee prheal,
With the lithink the upon the stigest of there?

Genty. Gent

Step 24050/214000 (epoch 2): loss = 2.0239 avg = 1.7408
  seed: But doth rebate 
  gen:  But doth rebate the fries:
And she not prove; not be collost of a she
Low mine.

LAUCIO:
I gree in mady, this in tho

Step 24100/214000 (epoch 2): loss = 1.6375 avg = 1.7360
  seed:  is true.

POMPE
  gen:   is true.

POMPEYO:
I seemeds not these her to loss to greect, your she well,
And, at follow ear of do thee starre i

Step 24150/214000 (epoch 2): loss = 1.5587 avg = 1.6954
  seed: in the office, y
  gen:  in the office, you polits to lie pointed
thou have belo, with love you.

ESCALUS:
So if be to you will you to pland 

Step 24200/214000 (epoch 2): loss = 2.0917 avg = 1.6838
  seed: k
Than the soft 
  gen:  k
Than the soft yoursed:
I most mutwoman: I the dook princes,
I the let be swect of be him sindrefore?

ASAMIS:
It t

Step 24250/214000 (epoch 2): loss = 1.3283 avg = 1.6830
  seed: LA:
I am come to
  gen:  LA:
I am come to like then a crivedives bed,
Thy and horsues hear you hargal no,
But, is sin the pritce hor for comb

Step 24300/214000 (epoch 2): loss = 1.8628 avg = 1.6582
  seed: same tongue,
Eit
  gen:  same tongue,
Eith chare on my oft vill of that the love and yew
Will the colives it, but of stritess.

ANGELO:
I you

Step 24350/214000 (epoch 2): loss = 1.7748 avg = 1.6631
  seed: e viewless winds
  gen:  e viewless winds heave to fault that that a wife
Till a no more thy do set the ensidly with hear,
The a will safreat

Step 24400/214000 (epoch 2): loss = 1.7383 avg = 1.6716
  seed:  the corrupt dep
  gen:   the corrupt depersongelong, What my one
ainting the do somedness to him theress. That's so thy
diend deather and as

Step 24450/214000 (epoch 2): loss = 1.4087 avg = 1.6737
  seed: O, sir, you are 
  gen:  O, sir, you are your alless, who them my speed
bawt, bemoned father come it so tries of just by so all
for the so.
'

Step 24500/214000 (epoch 2): loss = 1.8238 avg = 1.6566
  seed: Peace be with yo
  gen:  Peace be with you;
sing me which worded all of allied a fitise.

ESCALUS:
Spellider and her whosess, sir, any conten

Step 24550/214000 (epoch 2): loss = 1.5587 avg = 1.6822
  seed: ome on, bawd; I 
  gen:  ome on, bawd; I bracie.

DUKE VINCENTIO:

Partare a bard: yen from as it your by old think your so can my time
be to

Step 24600/214000 (epoch 2): loss = 1.8245 avg = 1.6527
  seed: , the unfolding 
  gen:  , the unfolding of the father, if her commintal and to must
And painteaster the sone, which an this evan and accolin

Step 24650/214000 (epoch 2): loss = 1.5135 avg = 1.6513
  seed: d path that I wo
  gen:  d path that I would I what the detter
Where, in that will him, Is strufliconfer-at
son man the bady it. Jy know you 

Step 24700/214000 (epoch 2): loss = 1.6021 avg = 1.6563
  seed:  by whom? be bri
  gen:   by whom? be bring of
Paredinne wour in and apputting with thated,
With a some me angelose. You heave master the
To 

Step 24750/214000 (epoch 2): loss = 1.7773 avg = 1.6485
  seed: h his oath
And a
  gen:  h his oath
And and manow blood me, my to him all word,
What to blead is bearsed me; acled,
Of strousia not is bornot

Step 24800/214000 (epoch 2): loss = 1.3265 avg = 1.6114
  seed:  the villain's m
  gen:   the villain's may gone her
 no do dethe conder me alland be a as them the with
And and not upon, on here we none wo

Step 24850/214000 (epoch 2): loss = 1.3910 avg = 1.6115
  seed: Isabel, will you
  gen:  Isabel, will yound's say the lords,
But is it my down my brother this to mine;
Hath ear canster Edwill and with I ma

Step 24900/214000 (epoch 2): loss = 1.9212 avg = 1.6653
  seed: ce
Say 'What is 
  gen:  ce
Say 'What is by talkbeat be this of thou much
Frior thy nemetie them e'es; do am thinks,
and you him fell hunder 

Step 24950/214000 (epoch 2): loss = 1.8296 avg = 1.7239
  seed: e Io as she was 
  gen:  e Io as she was for the's bother
not conse that mores, he were goody would:
There a therriand were warrain,--
As the

Step 25000/214000 (epoch 2): loss = 1.8816 avg = 1.7552
  seed: t these mates?

  gen:  t these mates?

Provouch that yal broy, composinly and it.

DUKE Vneep a sic the is plecoused your too-rack this is 

Step 25050/214000 (epoch 2): loss = 1.5893 avg = 1.7511
  seed: d ply his book, 
  gen:  d ply his book, he not his too you had cames,
I will and to stepousion the mursess, the come stue mistabed.

LUCENTI

Step 25100/214000 (epoch 2): loss = 1.7164 avg = 1.7720
  seed: es withal.

HORT
  gen:  es withal.

HORTENSIO:
Trace will trusio, as would I my a me, true,
By lifell triend. Some grupon for abasio, and wh

Step 25150/214000 (epoch 2): loss = 1.4100 avg = 1.7412
  seed: to--

TRANIO:
Pe
  gen:  to--

TRANIO:
Peartiffina a unct have griast as you thing
Pasno, know a me with hathou me with im no beor.

GREMIO:

Step 25200/214000 (epoch 2): loss = 2.1936 avg = 1.7015
  seed: o you than
any, 
  gen:  o you than
any, sir, you shall and thou him your chare
And me mone my are beriar take frie,
SuCHaulierver her ere ha

Step 25250/214000 (epoch 2): loss = 1.6757 avg = 1.6789
  seed: he fool could fi
  gen:  he fool could fien,
Say state set the sable, wheary me, but is be acquick?

SLY:
The know for hatrie, now of my my m

Step 25300/214000 (epoch 2): loss = 2.0499 avg = 1.6549
  seed: rnished with pla
  gen:  rnished with plats:
That plank the her and her father she your came beath:
The state his feep borow henger and me on

Step 25350/214000 (epoch 2): loss = 1.5357 avg = 1.7087
  seed: stress, then I h
  gen:  stress, then I has a plack,
Mave you to love then with a trude to shall free,
And net of I cang She cand tunder wick

Step 25400/214000 (epoch 2): loss = 2.0029 avg = 1.7078
  seed: And watch our va
  gen:  And watch our vamore not his upe of sar!

PETBENDIO:
The for the come time was ethe it liens.

BIONDELLO:
My cat a f

Step 25450/214000 (epoch 2): loss = 1.6284 avg = 1.7071
  seed: lt thou make a
f
  gen:  lt thou make a
faing say. That streat I for my my say;
And a fire, bid with madst he begood thousose,
And my the my 

Step 25500/214000 (epoch 2): loss = 1.6280 avg = 1.7265
  seed:  bring thee to t
  gen:   bring thee to to down,
I had to of you.

Were liander, then, downes wordd I tapiting the but
fatch wand was there t

Step 25550/214000 (epoch 2): loss = 1.4661 avg = 1.6936
  seed:  you undertake,
  gen:   you undertake,
Till a flecged of you are it for reath,
Amentlemans sweed a give of hill for taleds;
Comes you him c

Step 25600/214000 (epoch 2): loss = 1.5919 avg = 1.6843
  seed:  confess the cap
  gen:   confess the cape to kning?

PETRUCHIO:
I will you nor shallnesh, of the slaimst thanient:
Then is you father.

PETR

Step 25650/214000 (epoch 3): loss = 1.8666 avg = 1.6886
  seed: repetition.
What
  gen:  repetition.
What I have of me, if peass you nighty say:
To this an all starry and they ence; you what
Of Till sent i

Step 25700/214000 (epoch 3): loss = 2.4300 avg = 1.7046
  seed: crease his evil.
  gen:  crease his evil.
My parsing, call say come tale, bost.

HORTENSIO:
Ay, conou not father, though upon and munder
Kill

Step 25750/214000 (epoch 3): loss = 1.6500 avg = 1.7459
  seed: ome parcels of t
  gen:  ome parcels of thought than
are mare eartats is the cate sir'd we them
And to no coulds inius sight,
Bece act enesor

Step 25800/214000 (epoch 3): loss = 1.6156 avg = 1.7656
  seed: s he within your
  gen:  s he within your have well.

Till:
Void bank me worself hus, to could, I but as thy see it:
That englate: to duke yo

Step 25850/214000 (epoch 3): loss = 1.6162 avg = 1.7648
  seed: battle? know you
  gen:  battle? know you my mein.
That not fend the would for fate in theirfull
That me so the deard not to, he the how;' ma

Step 25900/214000 (epoch 3): loss = 1.8392 avg = 1.7513
  seed: .

CORIOLANUS:
T
  gen:  .

CORIOLANUS:
The comes and your change, my ward, I make
What is and so enembled the end folders heart of hear trut

Step 25950/214000 (epoch 3): loss = 2.0789 avg = 1.7576
  seed: le a grave as to
  gen:  le a grave as to they the spect acter.

MENENIUS:
I would of this gavest by come too congue, caust upon,
Door comany

Step 26000/214000 (epoch 3): loss = 1.4972 avg = 1.7630
  seed: urs, which
That 
  gen:  urs, which
That it party he rive see disper hals come.

BRUTUS:
He world:
'Tis not
ser, where of our of have when wa

Step 26050/214000 (epoch 3): loss = 2.0469 avg = 1.7292
  seed:  saw him fight,
  gen:   saw him fight,
Dow how rectiut he prittle say have remy!

TORSICIA:
No do fere have had him say had off: words
For 

Step 26100/214000 (epoch 3): loss = 1.4632 avg = 1.7096
  seed: cause, air, of m
  gen:  cause, air, of more wort givince hour nobe a ward.

CORIOLANUS:
Be the man: the wits to your with gruck it see come

Step 26150/214000 (epoch 3): loss = 1.7463 avg = 1.6632
  seed: er
And pass'd hi
  gen:  er
And pass'd his tome, stoe such should say proves
a day those o my it beese.

BRUTUS:
That shall counter thee scon

Step 26200/214000 (epoch 3): loss = 1.7340 avg = 1.6379
  seed:  many, let them
  gen:   many, let them
To lord at be showon trus be, to they retche conserm.

BRUTUS:
Oll:
Sir, mather hown, and marriady.

Step 26250/214000 (epoch 3): loss = 1.5037 avg = 1.6615
  seed: s is the way to 
  gen:  s is the way to the read; this dick otog?

Cour the senate in as offencleter common this comp
To
To the whom, and hi

Step 26300/214000 (epoch 3): loss = 1.5680 avg = 1.6445
  seed: nknown to the be
  gen:  nknown to the bein piring of worty were o'er
hit was down he pawe souls wreat as the good his
The endere upon I papt

Step 26350/214000 (epoch 3): loss = 1.7500 avg = 1.6378
  seed: teach my mind
A 
  gen:  teach my mind
A thou forw in noble could, grace the good them as best,
To peepice the play oldects, you words ands
T

Step 26400/214000 (epoch 3): loss = 1.4209 avg = 1.6180
  seed: ; no more hearin
  gen:  ; no more hearing in the bread, than hears:
I am nee for have my the druther, o' impeace.

CORIOLANUS:
Now they you 

Step 26450/214000 (epoch 3): loss = 1.3788 avg = 1.6238
  seed: S:
Well, well, w
  gen:  S:
Well, well, what of hom lefk world
Have, thou whom thee bloble to hear countion,
I had ever shall comble, yeivent

Step 26500/214000 (epoch 3): loss = 1.5271 avg = 1.6231
  seed: g the lords with
  gen:  g the lords with the thou man:
And lib my cacklanger: and as fromb reage.

CORIOLANUS:
I am Roman:
With him there is

Step 26550/214000 (epoch 3): loss = 1.4830 avg = 1.6360
  seed: on ado.

Second 
  gen:  on ado.

Second Servil--would in thou hand hence,
Som his the shall had his ralk tha'rn the with
Who desened I come 

Step 26600/214000 (epoch 3): loss = 1.5704 avg = 1.6460
  seed: s? what news?

C
  gen:  s? what news?

CORIOLANUS:
At the endeed shippown save say
SICINIUS:
And be my as do are's that with a serving
And f

Step 26650/214000 (epoch 3): loss = 1.5417 avg = 1.6574
  seed: hen, Caius, Rome
  gen:  hen, Caius, Rome some deself.

AUFIDIUS:
Ay, thing you it forsh of the as to or did
Thy heart it him more, their had

Step 26700/214000 (epoch 3): loss = 1.1351 avg = 1.6336
  seed: st of your havin
  gen:  st of your havintion,
And to must: repce, his dever attene,
I have the cartams thathers, as was his trenal:
For his 

Step 26750/214000 (epoch 3): loss = 1.6254 avg = 1.6666
  seed: em unnatural: de
  gen:  em unnatural: dear the rato himsteed
To virast if thoughter Citizes.

CORIOLANUS:
Your shopan the not, the pous trea

Step 26800/214000 (epoch 3): loss = 1.4221 avg = 1.6720
  seed:  than a
creeping
  gen:   than a
creeping most thany you, the do with alart
In a mome his the must were, if world 'tter. That wass is the pos

Step 26850/214000 (epoch 3): loss = 1.6461 avg = 1.6674
  seed: our great comman
  gen:  our great comman, what reptering have to hee
And him mother is a doed me'ne him.

MENENIUS:
Go the lies lords.

SICI

Step 26900/214000 (epoch 3): loss = 2.1614 avg = 1.7175
  seed: the letter G.
An
  gen:  the letter G.
And your newer patumntes and of his comple
Throw patrent the ded have morbearful sole,
All-ce wand in 

Step 26950/214000 (epoch 3): loss = 1.8038 avg = 1.7195
  seed: NNE:
What black 
  gen:  NNE:
What black to be with he the the godst for andst his conted
And Ever will before the vill them of the godse,
Ma

Step 27000/214000 (epoch 3): loss = 1.8580 avg = 1.6671
  seed: moan that Rutlan
  gen:  moan that Rutlant foul him
dest that dlemble dainspes he good thee,
A this let of they better I heard better que,
Al

Step 27050/214000 (epoch 3): loss = 1.5368 avg = 1.6713
  seed: ent, lords?

BUC
  gen:  ent, lords?

BUCESTER:
I good Liken me.

GLOUCESTER:
I good marryales up trothers hath with hearsed,
To secome if th

Step 27100/214000 (epoch 3): loss = 1.5002 avg = 1.6525
  seed: banished on pain
  gen:  banished on paint dee.

Do may stay; thou should hate of thee,
And ere from or your father vook, as to joy.
If the p

Step 27150/214000 (epoch 3): loss = 1.4037 avg = 1.6446
  seed: d.

QUEEN MARGAR
  gen:  d.

QUEEN MARGARET:
You shale thee should supped, you, here storry;
For she lord of cannot the dearing;
That youbles

Step 27200/214000 (epoch 3): loss = 1.9390 avg = 1.6796
  seed: ide night.
Princ
  gen:  ide night.
Prince:
Day it a groudes and well say streper King,
What of a son great dulk and Corield her seep
Cor wan

Step 27250/214000 (epoch 3): loss = 1.6317 avg = 1.6463
  seed: the quarrel from
  gen:  the quarrel from a do seed
a duke me off that not conderear stome in the dark: a conto conscite
Trence have, the mak

Step 27300/214000 (epoch 3): loss = 1.9096 avg = 1.6355
  seed: me;
Dukes, earls
  gen:  me;
Dukes, earls you delibe you hate sopting in belout?

BUCKIV:
How I would know, it gen's to heath his soungingt.

Step 27350/214000 (epoch 3): loss = 1.6966 avg = 1.6489
  seed: r likewise be un
  gen:  r likewise be undeen,
Lidish and was thy love yoursed your fail
Of my man me come, and and advill thy will of
ARET: 

Step 27400/214000 (epoch 3): loss = 1.9915 avg = 1.6422
  seed: s minds mistrust
  gen:  s minds mistrust be,
The drame a full and him his not a bring,
And We your toem your they hatch brothers,
Thou hath 

Step 27450/214000 (epoch 3): loss = 1.7066 avg = 1.6371
  seed: ho have the wit 
  gen:  ho have the wit we gratign, and world sin
First grantle come vreas thy quion uncle;
Yet better eneligers the clute s

Step 27500/214000 (epoch 3): loss = 1.4310 avg = 1.5960
  seed: he more.

BUCKIN
  gen:  he more.

BUCKINGHAM:
Yith he kill proteter'd not for him, as so the hast him;
To the sword, well have to ut it to w

Step 27550/214000 (epoch 3): loss = 1.2514 avg = 1.5813
  seed: r lordship thenc
  gen:  r lordship thences baward,
Thou us it that lordry to sellow head,
Thou you the of were to do the speace,
He a shear 

Step 27600/214000 (epoch 3): loss = 1.6175 avg = 1.6083
  seed: nd!
I prophesy t
  gen:  nd!
I prophesy triabed my that me, these to witle
Which nor before that have do thou he that his,
He in I lord the t

Step 27650/214000 (epoch 3): loss = 1.7857 avg = 1.6282
  seed: nfer your lineam
  gen:  nfer your lineams the causince.
And to that batter to before, what Englance are therear and the princed
Way lay with

Step 27700/214000 (epoch 3): loss = 1.8067 avg = 1.6340
  seed: tively thus I an
  gen:  tively thus I and the you.

BUCKINGHAM:
That had your gracition, the too?
Come formont, forged mayour your of;
Now n

Step 27750/214000 (epoch 3): loss = 1.7189 avg = 1.6193
  seed: nd live with Ric
  gen:  nd live with Richere on for all there,
Bay 'gratorce of there and the means, and deart the gated
With distreed, my d

Step 27800/214000 (epoch 3): loss = 1.3546 avg = 1.6386
  seed: re but so: say i
  gen:  re but so: say in prtong world,
Second trudiderices will throly than
To this it please, thy care than I such hard:
T

Step 27850/214000 (epoch 3): loss = 1.8266 avg = 1.6533
  seed: ouldst as well a
  gen:  ouldst as well am the joy's in and,
As in do from mene I follow I by wries,
And nother my go: all we my dall suilace

Step 27900/214000 (epoch 3): loss = 1.5193 avg = 1.6367
  seed: so hasty? I have
  gen:  so hasty? I have have thither thly frees!
DUCHESS YORK:
My be speed of as trrope heritor'd to of;
Here of my did who

Step 27950/214000 (epoch 3): loss = 1.2236 avg = 1.5641
  seed: ss thou couldst 
  gen:  ss thou couldst thou kneet of prompers unchy not thee,
Where her word yet brother, gone Englans I entleman less,
No 

Step 28000/214000 (epoch 3): loss = 1.6614 avg = 1.5485
  seed: not be avoided b
  gen:  not be avoided bear
The bloody her had to blood frome aste
And to pain'd thou tell my thal the hath,
The swill my he

Step 28050/214000 (epoch 3): loss = 1.7088 avg = 1.5577
  seed: o Salisbury; the
  gen:  o Salisbury; the fired to many her in thee:
O worse in my to them'd be meany there
Time which the that so alive all 

Step 28100/214000 (epoch 3): loss = 1.9278 avg = 1.6394
  seed:  blind cave of e
  gen:   blind cave of ewert.

KING RICHARD ETY:
Say, what you?

QUEEN ELIZABETH:
Sean's first sot AND alack, there be,
The 

Step 28150/214000 (epoch 3): loss = 1.5213 avg = 1.6706
  seed: u sleep in peace
  gen:  u sleep in peace.

RICHIOK:
And letter
God reme, distress, the drue ain meath;
Sen a we constient striear you slancy

Step 28200/214000 (epoch 3): loss = 1.6103 avg = 1.6761
  seed: ness;
Until the 
  gen:  ness;
Until the ears of the and is a given in soul I don nelive
My heaven condones foes our and the served
What the 

Step 28250/214000 (epoch 3): loss = 1.5751 avg = 1.6982
  seed: en, Harry, when?
  gen:  en, Harry, when?

GORE MARD II:
I we my as a most for the brother,
But our of from him.

KING RICHARD II:
I, so foll

Step 28300/214000 (epoch 3): loss = 1.7541 avg = 1.7103
  seed: efend a knight s
  gen:  efend a knight smander'd it the mend,
That thy cursed him dight; leave that a low?
To which tawn acher's fear now hi

Step 28350/214000 (epoch 3): loss = 1.6911 avg = 1.7040
  seed: e common air,
Ha
  gen:  e common air,
Haulth thrish'd cowalt not say highnest is compers.

BRAY:
I Go laintly have appeop to into this thy a

Step 28400/214000 (epoch 3): loss = 1.8811 avg = 1.6838
  seed: Y BOLINGBROKE:
O
  gen:  Y BOLINGBROKE:
O, that thou can my to hearn a say have.

BRINCE:
The forw blood, the heart the that elsenge
To dever

Step 28450/214000 (epoch 3): loss = 1.8205 avg = 1.6996
  seed: er reputation th
  gen:  er reputation the sorth of that dotises,
The comporing-prisale some sudessents;
As to into wers sweet hous dilers wi

Step 28500/214000 (epoch 3): loss = 1.7042 avg = 1.6835
  seed: rd live?
Was not
  gen:  rd live?
Was not thou blother, the present love,
In more all to was be sill shich to call hour,
Hime our far want sp

Step 28550/214000 (epoch 3): loss = 1.6242 avg = 1.6964
  seed: r if it be, 'tis
  gen:  r if it be, 'tis and passire,
The grights firtere, for bid a dith arms,
Good to blood, but your enorbulded, your fro

Step 28600/214000 (epoch 3): loss = 1.3979 avg = 1.6943
  seed: Shall make their
  gen:  Shall make their blessing comfore full a load
Driess
Adled are man's are in for hope
To talms as I sails us frome go

Step 28650/214000 (epoch 3): loss = 1.5322 avg = 1.6504
  seed: right of that
We
  gen:  right of that
We stake be sain to mercwell hereh mother's may
And what their to plack the ment men my drach
So do ma

Step 28700/214000 (epoch 3): loss = 1.5981 avg = 1.6556
  seed: g at themselves?
  gen:  g at themselves? thou.

DUKE OF OR ELINGBROKE:
How then the me wears; we your tale, whose
The speak is that the leve

Step 28750/214000 (epoch 3): loss = 1.6492 avg = 1.6841
  seed: fear oppresseth 
  gen:  fear oppresseth the way
Than broke him thou land nevereforest his with eans,

A shall stay to sby our fall, the lors

Step 28800/214000 (epoch 3): loss = 1.3800 avg = 1.6625
  seed: tures' grass wit
  gen:  tures' grass with fight.

KING RISHARD II:
To dead bless than with a king not for off here I lead!

SIMING RICHARD I

Step 28850/214000 (epoch 3): loss = 2.1528 avg = 1.6414
  seed: doth so
Against 
  gen:  doth so
Against the nee thou let the Gods by strenge?

KING RICHARD II:
To carres the know take Rown granst and.

HE

Step 28900/214000 (epoch 3): loss = 1.5182 avg = 1.6589
  seed:  treacherous ear
  gen:   treacherous ear of the death:
And she thou worse than thou man
I me known thou and here to honour wath of him
The t

Step 28950/214000 (epoch 3): loss = 1.6531 avg = 1.6701
  seed: II:
My crown I a
  gen:  II:
My crown I am some or jue, God this king,
Tecks megerver in eye of all so they dust me
Tall for reather's of thr

Step 29000/214000 (epoch 3): loss = 1.7948 avg = 1.6316
  seed: ament
To bury mi
  gen:  ament
To bury mine metine my criends lives heaves?
This plaid with ais a plaid tweet itsed?

Less ance are hand ware

Step 29050/214000 (epoch 3): loss = 1.8678 avg = 1.6420
  seed:  or with much mo
  gen:   or with much mork.
The thou roubjesty so mine and to well:
Their bod duste are a king, the not light:
I will have t

Step 29100/214000 (epoch 3): loss = 1.0671 avg = 1.5781
  seed: thy desire.

DUK
  gen:  thy desire.

DUKE OF YORK:
Deth this mountry that up they loves down.

DUKE OF AUMERLE:
Vicy is a my for my longuer 

Step 29150/214000 (epoch 3): loss = 1.8219 avg = 1.5863
  seed: ome, little ones
  gen:  ome, little onest? and a pleak I speak:
And eart me him nee here inds not the lird;
What? he mere, good the from and

Step 29200/214000 (epoch 3): loss = 1.5994 avg = 1.6263
  seed: htiest of thy gr
  gen:  htiest of thy greath.

DUCHESS OF AUMERLAND:
Why, thou, I have a wounder I do so'er.

Keece is not yourse is do the 

Step 29250/214000 (epoch 3): loss = 2.0351 avg = 1.6782
  seed: ons by my own,
T
  gen:  ons by my own,
The so, the farturn all him strach that
Sire I ment thy better peart, do thee men's apporl!
Man the k

Step 29300/214000 (epoch 3): loss = 2.0011 avg = 1.6976
  seed: en well-apparell
  gen:  en well-apparell
Of I say she fall me, held him you with shall hard.
But he'll tell shall vieg of son my in for lead

Step 29350/214000 (epoch 3): loss = 1.5445 avg = 1.7419
  seed: 
An I might live
  gen:  
An I might lives.
God, you hapt, time, I did wood heauty
That raw not by cattentle mad fourself,
And set then grant

Step 29400/214000 (epoch 3): loss = 1.6388 avg = 1.7704
  seed:  bodes:
This is 
  gen:   bodes:
This is will the come not sever no might,
Where to may timent they druder a staile
Was is a live me moster g

Step 29450/214000 (epoch 3): loss = 1.4321 avg = 1.7620
  seed: e is my foe's de
  gen:  e is my foe's dele, my bused tell!
The see, and such your have both scasted of strare.

QUEEE:
The to mouth will not

Step 29500/214000 (epoch 3): loss = 1.5144 avg = 1.7341
  seed: u not Romeo and 
  gen:  u not Romeo and shall book
A be any in my stooks hath there is see:
By eyes meary with Cone shall the thee,
Of my in

Step 29550/214000 (epoch 3): loss = 1.9426 avg = 1.6878
  seed: th day's path an
  gen:  th day's path and than them, to sting is coshall will,
And I mustree, casmentlement thou warl world
Of light be fari

Step 29600/214000 (epoch 3): loss = 1.8490 avg = 1.7322
  seed:  bon jour! there
  gen:   bon jour! there dear to with me,
And dreat's negue one.

ROMEO:
Thou liss not I swear so death the dost his purse,

Step 29650/214000 (epoch 3): loss = 1.7308 avg = 1.7045
  seed: ,
Two may keep c
  gen:  ,
Two may keep come, hare that as depoly?

ROMEO:
Play, I will I am on youncioused have of ment?

ROMEO:
Thou sir, t

Step 29700/214000 (epoch 3): loss = 1.7780 avg = 1.6974
  seed: O:
I pray thee, 
  gen:  O:
I pray thee, when to sir, my well?

Nurse farear Mistay well's for my lended it,
Thee gand, conder and to she tho

Step 29750/214000 (epoch 3): loss = 1.5829 avg = 1.6950
  seed:  fortune's fool!
  gen:   fortune's fool!

ROMEO:
My what son;
Both ingue stay vesios; the shall to are I have.

Nurse:
First, not is as of b

Step 29800/214000 (epoch 3): loss = 1.9904 avg = 1.7123
  seed: mb!
Despised sub
  gen:  mb!
Despised subbudiens, when Romean, this and the givens.

ROMEO:
I not you so and to fear the Engle and hear ire?

Step 29850/214000 (epoch 3): loss = 1.8025 avg = 1.6950
  seed: 
Arise; one knoc
  gen:  
Arise; one knock, come there art cortain man.

LADY With pril of not they driefent,
That word fair not seaps hence 

Step 29900/214000 (epoch 3): loss = 1.5136 avg = 1.6951
  seed: od night.

JULIE
  gen:  od night.

JULIET:
By killand, dever would is sir, come?
Would with wance:
For more in RIO:
To the like you kill the

Step 29950/214000 (epoch 3): loss = 1.4892 avg = 1.6657
  seed: 
I would the foo
  gen:  
I would the fools a say ajwest wis end?

LADY But
Think mad night with hart foocint:
Then, chands her would my frie

Step 30000/214000 (epoch 3): loss = 1.4012 avg = 1.6406
  seed: 
PARIS:
Thy face
  gen:  
PARIS:
Thy face be heageo, ser, mithing main to lates:
Not him.

GRIOWIS:
Or is cannot tose broat are that must fro

Step 30050/214000 (epoch 3): loss = 1.6372 avg = 1.6506
  seed: ard girl is so r
  gen:  ard girl is so recousion.

ROMEO:
And I fake we is once letter, bout,
Stat she here this with know think thee strema

Step 30100/214000 (epoch 3): loss = 1.6905 avg = 1.6579
  seed: amentable day, m
  gen:  amentable day, make,
Or a fight fither, my desone? what of yound,
And a my last wife compiand somned with do neath!

Step 30150/214000 (epoch 3): loss = 1.8431 avg = 1.7197
  seed: 
Whose sale is p
  gen:  
Whose sale is pasts reasin, thou scansibl!

LADY CAPULET:
Parece honips thou fall deather think'd made will death l

Step 30200/214000 (epoch 3): loss = 1.6680 avg = 1.7215
  seed: aris should have
  gen:  aris should have toalon thee greather,
and shall bothen a coundretunding neady
His that some upon fiele hord sind di

Step 30250/214000 (epoch 3): loss = 1.6520 avg = 1.6997
  seed: 
To press before
  gen:  
To press before against then prise night
To dumjester to tell and say mand the some,
What I sain onselves be that t

Step 30300/214000 (epoch 3): loss = 1.6127 avg = 1.6725
  seed:  me not, my lord
  gen:   me not, my lord!
Of RICHARD II:
I sweet my and despersord?

FRISAR:
I prone how save of his fame her a sight,
Mused

Step 30350/214000 (epoch 3): loss = 1.3004 avg = 1.6271
  seed: own to me and to
  gen:  own to me and to clie.

NORTHANUE:
Here and the with lutter, for he caiting of the cannest,
Uxtrainsments the mill l

Step 30400/214000 (epoch 3): loss = 2.0454 avg = 1.5980
  seed: nk
How sweet a t
  gen:  nk
How sweet a tormen'd it ast be gow.

FRIARESENCE:
An thears and leave unt thou will hain.

ARIDCHARD:
Why, the re

Step 30450/214000 (epoch 3): loss = 1.9639 avg = 1.6382
  seed: s do peck the fa
  gen:  s do peck the fathere.
Aht, I he pater. Tright I would my causent,
But, for me be prory.

ROMEORET:
No! the weep hea

Step 30500/214000 (epoch 3): loss = 1.3474 avg = 1.6556
  seed: or my father's d
  gen:  or my father's done;
And he hears, fast the sweek heaven,
And a pleader will ford, though his bey,
Let in head dud f

Step 30550/214000 (epoch 3): loss = 1.6072 avg = 1.6736
  seed: h a flail,
Fell 
  gen:  h a flail,
Fell I bains can your diss the blook,
Thaughts no face this the one, new tearus of there.

NORTHUMBERLAND

Step 30600/214000 (epoch 3): loss = 1.6465 avg = 1.6631
  seed:  dub him present
  gen:   dub him presently dry our childed
Ach will sare hell with of thee, scrucereer my his is comp'd thy power
But be of 

Step 30650/214000 (epoch 3): loss = 1.5128 avg = 1.6260
  seed: ss is flight, th
  gen:  ss is flight, this then is he striegs
Marcuse his like, with world to sopesent;
The conford make our stranguarck rev

Step 30700/214000 (epoch 3): loss = 1.6445 avg = 1.6441
  seed:  left in thee,
T
  gen:   left in thee,
That by soope field foll, what in the sheart,
Thy bare to the have beastands will they father
That my

Step 30750/214000 (epoch 3): loss = 1.5238 avg = 1.6355
  seed: en Clifford cann
  gen:  en Clifford cannothy sut quick.
Which beetling that make in thee, booth,
Call hope out thou sude heade to myself?
Po

Step 30800/214000 (epoch 3): loss = 1.4644 avg = 1.6168
  seed:  be obey'd:
And 
  gen:   be obey'd:
And Keversember he drow be rand and all.

BARK:
Swer come and shall like is strenge Gentle?

ICHARD:
Giv

Step 30850/214000 (epoch 3): loss = 1.8123 avg = 1.5524
  seed: ring me with imp
  gen:  ring me with imporrow, my that for thee.

KING EDWARD IV:
'Town so commore, as sorthouse to conter.

GLOUCESTER:
No,

Step 30900/214000 (epoch 3): loss = 1.8991 avg = 1.6097
  seed: ad gotten?
Methi
  gen:  ad gotten?
Methinkf a charger: for thy to can ward,
And the my can, we she wis strace your hows,
And leave take some

Step 30950/214000 (epoch 3): loss = 1.5003 avg = 1.5848
  seed: im, in hope he'l
  gen:  im, in hope he'll stated as dery you my rade hand,
Which of our with all bears from his nester.

KING LEWarwick my w

Step 31000/214000 (epoch 3): loss = 1.4948 avg = 1.5516
  seed: l it with him an
  gen:  l it with him and but therefold is once.

GLOUCESTER:
My lord of did he his of and to greather
And say my guit the p

Step 31050/214000 (epoch 3): loss = 1.8985 avg = 1.5654
  seed: ow.
My Lord of S
  gen:  ow.
My Lord of Sere the comman:

New not, debotessans of them king his with and deserver'd.

BING GRI:
Herefore hath

Step 31100/214000 (epoch 3): loss = 1.3602 avg = 1.5644
  seed: d all his lands 
  gen:  d all his lands Warwick,
And the shall pect me, on the onverst.

Peace, But thy that these of bear his weel to ut th

Step 31150/214000 (epoch 3): loss = 1.4418 avg = 1.5592
  seed: ke thy brother!
  gen:  ke thy brother!
Our how on him Friend to his we sait,
Beple you singend of you made and not prayou unto might.

KING

Step 31200/214000 (epoch 3): loss = 1.5692 avg = 1.5647
  seed: oo.

KING EDWARD
  gen:  oo.

KING EDWARD IV:
Yord Warway bake is shall that more prison,
Where at that if who and ham my will it his you swe

Step 31250/214000 (epoch 3): loss = 1.6870 avg = 1.5852
  seed:  lives our pilot
  gen:   lives our pilot one how are thee his from,
Who asher meet arms there we well better.

HASTICK:
I am, if Gody lare v

Step 31300/214000 (epoch 3): loss = 1.7337 avg = 1.5827
  seed: sar shed no bloo
  gen:  sar shed no blood bride and stall make.

Say what strich shall God is him tear to from your
And to thou sover tivian

Step 31350/214000 (epoch 3): loss = 1.8737 avg = 1.5954
  seed: emies.
What vali
  gen:  emies.
What valinter for the dother of a prince!

QUEEN MARGARET:
He son the than men from iff the yest man,
So man 

Step 31400/214000 (epoch 3): loss = 2.2278 avg = 1.6773
  seed: k to unsphere th
  gen:  k to unsphere the cate of call thee so chere?

CARIDIOLENES:
'Turne commide; they's bover be a lond,
Nour way harms

Step 31450/214000 (epoch 3): loss = 1.5615 avg = 1.7073
  seed: 
And many a man 
  gen:  
And many a man see: me it groubt brow.

LENO:
Some, I'll so your are then, like ere, to not so my carn.

GLambours 

Step 31500/214000 (epoch 3): loss = 1.9876 avg = 1.7354
  seed:  whiteness of my
  gen:   whiteness of my to purping should and musin
My movering thou prison?

But, but you mine his crown a stay! be meany 

Step 31550/214000 (epoch 3): loss = 1.5320 avg = 1.7131
  seed: ll the posterns:
  gen:  ll the posterns: my my do hone,
Is by the save in loy
If their not every febling the lide to must was
Is creep an to

Step 31600/214000 (epoch 3): loss = 1.5685 avg = 1.7042
  seed: :
For her, my lo
  gen:  :
For her, my lovious their and the play
Frate in the keer, I
As this much may the seen is bour commone,
That is res

Step 31650/214000 (epoch 3): loss = 2.0136 avg = 1.7111
  seed: ress; for the ha
  gen:  ress; for the have and a condengely long to the gracir
To beot faught have meried thantites,
As the a to of a well w

Step 31700/214000 (epoch 3): loss = 1.6959 avg = 1.6790
  seed: thou. Take it up
  gen:  thou. Take it up his and lady, my fand
He that in this hence to 't the his ofter,
Com me such his distress it his it

Step 31750/214000 (epoch 3): loss = 1.6568 avg = 1.6969
  seed: That any of thes
  gen:  That any of these the which a less so afful
Pastion the at her hank, the she from'd cours:
But strube purge of the t

Step 31800/214000 (epoch 3): loss = 1.7676 avg = 1.7004
  seed:  answer: but the
  gen:   answer: but the to comillanty foencees:
Shall in mightal to croses tone be love:
For the be throlight, hust life yo

Step 31850/214000 (epoch 3): loss = 1.9657 avg = 1.7374
  seed: n
swallowed with
  gen:  n
swallowed with of smen be thy seffind anging!

LEONTES:
The that's throw the wi he queen: bower, Lord little own I

Step 31900/214000 (epoch 3): loss = 1.7383 avg = 1.7462
  seed: then comes in th
  gen:  then comes in this happose good that bussand the
softhey for and sit thou havant stand it Having tape
burs am good h

Step 31950/214000 (epoch 3): loss = 1.8881 avg = 1.7711
  seed: he look, to see 
  gen:  he look, to see with miles
exetter dain be seem, the quale, as no anish appare
peak; their speak not gracks, I'll th

Step 32000/214000 (epoch 3): loss = 1.7148 avg = 1.7567
  seed: stress: marry, g
  gen:  stress: marry, gainst yad burick a meas a footh I good than to one!

YCUSTOLLO:
Prumbid, know away, in Larry, and br

Step 32050/214000 (epoch 3): loss = 1.4598 avg = 1.7494
  seed: 

DORCAS:
Thou h
  gen:  

DORCAS:
Thou hath of good hence: bothers on you barry
there to much in the gapprers.

FORDIXENES:
There that not t

Step 32100/214000 (epoch 3): loss = 1.6722 avg = 1.7155
  seed: rance open,
Or h
  gen:  rance open,
Or his them hour'd with was fair his a that
So father help and hears the sewfore of this?

She,
The for 

Step 32150/214000 (epoch 3): loss = 1.7063 avg = 1.6718
  seed: ose fresh comple
  gen:  ose fresh complerian I!

CAMILLO:
And 'twere you that ments the for the had,
I ay so me father's of that with a sich

Step 32200/214000 (epoch 3): loss = 1.5449 avg = 1.6663
  seed: l, the place of 
  gen:  l, the place of her
When to his shall gracest of me.'
PERDITA:
O, shoulg a resselat a for to pittent the you word th

Step 32250/214000 (epoch 3): loss = 1.8334 avg = 1.6556
  seed: as so much,
That
  gen:  as so much,
That your not sout: gentle inne it to prince
But bone and your prince told the kinglife;
in man you diss

Step 32300/214000 (epoch 3): loss = 1.7337 avg = 1.6668
  seed: elf
The lands an
  gen:  elf
The lands and doth an thought be sreem's and son;
Firless sixt of to me, beal, I flow your vister
That our we au

Step 32350/214000 (epoch 3): loss = 1.6965 avg = 1.6614
  seed:  seen,
cannot be
  gen:   seen,
cannot be more of 's to my some to the
A? the hearder of Emen he the scomman in the good it the
couned he wer

Step 32400/214000 (epoch 3): loss = 1.5544 avg = 1.6446
  seed:  to be drunk, no
  gen:   to be drunk, not has these office.

Cless, then it being; o'tis in, the men'd cery no a purt,
I ut this sorr alade 

Step 32450/214000 (epoch 3): loss = 1.8280 avg = 1.6396
  seed:  together,
You p
  gen:   together,
You pries no the with you, or hall do boy,
Be strencested harm.

LEONTES:
Lort proobbe and in then do the

Step 32500/214000 (epoch 3): loss = 1.6150 avg = 1.6586
  seed: elingly now?

LU
  gen:  elingly now?

LUCIO:
And dauge we you do doth, not stich to My by of
By honour for shilent me swith and I changer
Pu

Step 32550/214000 (epoch 3): loss = 1.8657 avg = 1.6780
  seed: s a prone and sp
  gen:  s a prone and spardo
What I know the deliar.

CLAUDIO:
Away, the spertue: and the in not good the first, muc you it 

Step 32600/214000 (epoch 3): loss = 1.3673 avg = 1.6877
  seed: ant for his exec
  gen:  ant for his exece, distes,
And is for thy for her be have mected
And desion this the in blide, it the glimpany
By lo

Step 32650/214000 (epoch 3): loss = 1.6511 avg = 1.6816
  seed:  chair, sir; 'tw
  gen:   chair, sir; 'twere for wears: I have have are.

DUKE ENDO:
Enwecomes, ous is the steed the kine, us a fase, as cons

Step 32700/214000 (epoch 3): loss = 1.6179 avg = 1.6380
  seed: ou?

Justice:
El
  gen:  ou?

Justice:
Ellow 'tis of he say in not vill be beine a
low is him ever god the and you poince,
To you and all on 

Step 32750/214000 (epoch 3): loss = 1.7551 avg = 1.6330
  seed: these sayings up
  gen:  these sayings upon't;
That that but power yeass place too.

LAUCIO:
I hand, you, sir.

JULYere pittort, sir! Whating

Step 32800/214000 (epoch 3): loss = 1.9097 avg = 1.6288
  seed: mage
In stamps t
  gen:  mage
In stamps to and weat it.

ANGELO:
Alas as I am speak with engely great me,
What dieks strong as in the the do 

Step 32850/214000 (epoch 3): loss = 1.7079 avg = 1.6073
  seed: then you hope of
  gen:  then you hope of your had for in a put thing.

ISABELLA:
That unlords you see grow love to me,
He would leaved wlawn

Step 32900/214000 (epoch 3): loss = 1.5932 avg = 1.6203
  seed: cest, to take li
  gen:  cest, to take life.

DUKE VINCENTIUS:
What alting still and flatther death,
The to will, If every to the fords,
Is d

Step 32950/214000 (epoch 3): loss = 1.2306 avg = 1.6248
  seed: ngelo, that
it m
  gen:  ngelo, that
it must this omind the pointear beech.

CLAUDIO:
There should exponor fearfull amany time.
O teness both

Step 33000/214000 (epoch 3): loss = 1.6033 avg = 1.6307
  seed: be wise.

DUKE V
  gen:  be wise.

DUKE VINCENTIO:
So may bawn to be pall boy dace sent her ill it.

DUKE VINCENTIO:

gor. O why werle. Leen 

Step 33050/214000 (epoch 3): loss = 1.9909 avg = 1.6296
  seed: rothed but despi
  gen:  rothed but despity, the not, that
id to your proptetion the copperst it slice;
And wither his light age macelless he

Step 33100/214000 (epoch 3): loss = 1.5653 avg = 1.6346
  seed: will not wake.

  gen:  will not wake.

ISABELLA:
I aypeare thank your bust tickeery therey, my make troot in
And you but him me; but imness

Step 33150/214000 (epoch 3): loss = 2.0512 avg = 1.6147
  seed: d ginger,
ninesc
  gen:  d ginger,
ninescesting your have abusing our hangentleman:
I will him fritted and the be to me to think had cates
to

Step 33200/214000 (epoch 3): loss = 1.5576 avg = 1.6005
  seed: s
With a light h
  gen:  s
With a light him duint rating him.

Proven the meet must
broked be beath we it is mother inds: I am the
ding's I g

Step 33250/214000 (epoch 3): loss = 2.1388 avg = 1.6095
  seed: t Angelo's a mur
  gen:  t Angelo's a murst: I how-deed he shall slaw'd speak?

LUCIO:
What bart:
He by there's sin, she tell not the save yo

Step 33300/214000 (epoch 3): loss = 0.9269 avg = 1.5938
  seed: UKE VINCENTIO:
W
  gen:  UKE VINCENTIO:
We with he not, then as myell, no low, whoss
some is to the but inclecritor must that's a dreadingelo

Step 33350/214000 (epoch 3): loss = 1.8556 avg = 1.5729
  seed: am I not,
Nor he
  gen:  am I not,
Nor here the so dare hus infice, a good the is do beine he she
To deem his all and find to with Julinest:

Step 33400/214000 (epoch 3): loss = 1.7523 avg = 1.5673
  seed:  have bethought 
  gen:   have bethought your mable.

LUCIO:
Most's, quar my denief: most he with all have fould than
For do AUDIES:
The came

Step 33450/214000 (epoch 3): loss = 1.5523 avg = 1.6215
  seed: 
First Huntsman:
  gen:  
First Huntsman: and him: he wour and seemorly not here
To companted earnign wich come wouth.

Prusanched more that 

Step 33500/214000 (epoch 3): loss = 1.6966 avg = 1.6788
  seed: ? and have I suc
  gen:  ? and have I suct warmse me poss a my ontage:
He sir, the stray intention hour duliest the prans off
Lid face, his s

Step 33550/214000 (epoch 3): loss = 1.6886 avg = 1.7099
  seed: .
Peace, Tranio!
  gen:  .
Peace, Tranio! your his some you lives death.

FRIAR ALIO:
Have trethin to more staition a not not to his him
with

Step 33600/214000 (epoch 3): loss = 1.6595 avg = 1.7041
  seed: d.
In brief, sir
  gen:  d.
In brief, sir.

ESSABEY:
I made much asbandsen our hart.

LUCENTIO:
Not his fast to mone, bracan speak onsments,

Step 33650/214000 (epoch 3): loss = 2.0788 avg = 1.7228
  seed: autumn crack.

H
  gen:  autumn crack.

HORTENSIO:
Betchees aimio, my lord?

PETRUCHIO:
Good, sir, so fooce, but through knocks firs!

LUCHIO

Step 33700/214000 (epoch 3): loss = 1.4595 avg = 1.6798
  seed: nior Gremio.

HO
  gen:  nior Gremio.

HORTIO:
Trucharitor this cound anoning with a man on goods;
And in a surposiding for to heard him in w

Step 33750/214000 (epoch 3): loss = 1.6233 avg = 1.6523
  seed: erment of the el
  gen:  erment of the elder,
To morny have is faick ontroing thent virtue.

KATMET:
Theure is I have heave are life man your

Step 33800/214000 (epoch 3): loss = 1.4754 avg = 1.6213
  seed: :
A combless coc
  gen:  :
A combless cock'd sarted she made.

ESCATIUCE VIO:
Would no so heave me not, as for a pain;
But her for ove are an

Step 33850/214000 (epoch 3): loss = 1.6419 avg = 1.6276
  seed: live she will be
  gen:  live she will be shall the company.

PETRUCHIO:
What, you willing her were and my done.

PETRUCHIO:
Will we you a di

Step 33900/214000 (epoch 3): loss = 1.8459 avg = 1.6747
  seed:  a merry man,
He
  gen:   a merry man,
Here tell.

PETRETRUCHIO:
Graventleman it not land must think part.

TRANIO:
Genter let clia lear ward

Step 33950/214000 (epoch 3): loss = 1.7654 avg = 1.6662
  seed: e, a fool to him
  gen:  e, a fool to him the my for the man thy her:
Pretas and fair my arm.g is on the strains;
For a with all of this here

Step 34000/214000 (epoch 3): loss = 2.0507 avg = 1.6634
  seed: r I have caught 
  gen:  r I have caught changs:
A pieceast, spies?

Paricurior the shall mad her to her, and you my no are double?

SLY:
Pat

Step 34050/214000 (epoch 3): loss = 1.5464 avg = 1.6837
  seed: e to man my hagg
  gen:  e to man my haggue, I save now off see?

CURTIS:
And the done; and the figner-and a walts the orsign, made
Bat, and 

Step 34100/214000 (epoch 3): loss = 1.4589 avg = 1.6444
  seed: UMIO:
No, no, fo
  gen:  UMIO:
No, no, for one on, my father blady;
To grow fear piencear a long for your my;
That bears the she mucemion; ma

Step 34150/214000 (epoch 3): loss = 1.2925 avg = 1.6386
  seed: e right, sir: 't
  gen:  e right, sir: 'tis this callet in the uponficgentlest.

CURTIS:
And no be, to leas that thou profither dend,
And tel

Step 34200/214000 (epoch 4): loss = 1.6347 avg = 1.6471
  seed: reaths: they sha
  gen:  reaths: they shall e'eard,
I we but sone that to him nobti-sife,
Pater so hown it for joy huse teith't lear be goes

Step 34250/214000 (epoch 4): loss = 1.8292 avg = 1.6621
  seed: who's like to ri
  gen:  who's like to rike sworly the can a fully on scruposis;
The posire yours tuntres and the betwer in if
The care patie

Step 34300/214000 (epoch 4): loss = 1.9077 avg = 1.6977
  seed: nly son of my wo
  gen:  nly son of my words.

TRANIUS:
Or I post to who love one chosed wars.
Ay, just a quortenty your we he Rance,
Sicious

Step 34350/214000 (epoch 4): loss = 1.9377 avg = 1.7141
  seed: ields. Advance,
  gen:  ields. Advance,
He me but a not the honour your far a not,
So hart mined brumile he a with shall I will in me.

Firs

Step 34400/214000 (epoch 4): loss = 1.5985 avg = 1.7067
  seed:  to, you, yet da
  gen:   to, you, yet damine fool! Come worlding in the pass,
Marcius beet me you at the shall in think;
Sir not fire in all

Step 34450/214000 (epoch 4): loss = 1.4409 avg = 1.7020
  seed: ne here?

COMINI
  gen:  ne here?

COMINIUS:
Noor I am eart be hartion this a've my went,
I is the ourice you parts hen to with it drow
Remie

Step 34500/214000 (epoch 4): loss = 1.7193 avg = 1.7170
  seed: of Juno, let's g
  gen:  of Juno, let's great the last been
Moverservect 'timp of a sir, I she of a cimele
wits are hear you combeat it to th

Step 34550/214000 (epoch 4): loss = 1.7038 avg = 1.7071
  seed:  him then as our
  gen:   him then as our foul
Un not ships our pittion thee with he will.

MENENIUS:
On frief.

MARCIUS:
And which not in wi

Step 34600/214000 (epoch 4): loss = 2.0123 avg = 1.6903
  seed: e coward
Turn te
  gen:  e coward
Turn ten. Your was you ried of shall not
Dow his to kit
That the doth deard your on the pour conce
To not w

Step 34650/214000 (epoch 4): loss = 1.3296 avg = 1.6463
  seed: e. Your
good voi
  gen:  e. Your
good voing rever: untizen: your cabser with how it sto see every to ment to they beloud
lice to yet thy so. 

Step 34700/214000 (epoch 4): loss = 1.3768 avg = 1.6104
  seed:  their friends t
  gen:   their friends trues
Why hath.

Have whom in my should sites heart he sond thing is
ceseed at the cite of you have a

Step 34750/214000 (epoch 4): loss = 1.4405 avg = 1.5876
  seed: ain should tatte
  gen:  ain should tatter'd temple
And this ston; of alonius noon and should him.

FORIOLERORIOLIA:
You she'ecter will; so c

Step 34800/214000 (epoch 4): loss = 1.4913 avg = 1.6089
  seed: , in whose power
  gen:  , in whose power their lain.

First Citize, craties.

CORIOLANUS:
That their!

COMINIUS:
May, so to thou brough'd 's

Step 34850/214000 (epoch 4): loss = 1.5564 avg = 1.5998
  seed: ight, yet will I
  gen:  ight, yet will I pand,
Or our consul---neat, at land his more
The man the polous counnow'd barry.

MENENIUS:
His hat

Step 34900/214000 (epoch 4): loss = 1.3250 avg = 1.5950
  seed: r never trust to
  gen:  r never trust to yet stout;
If you stand not they ungent backs.

MENENIUS:
I my appeaks the markeep well farbounes: 

Step 34950/214000 (epoch 4): loss = 1.8085 avg = 1.5759
  seed: As the dead carc
  gen:  As the dead carch, the for my have curber,
I powe a by trains a sat shall the him,
What pare why, an so
And prow the

Step 35000/214000 (epoch 4): loss = 1.8193 avg = 1.5826
  seed: ow
me: your name
  gen:  ow
me: your name their confore, of it she not,
And I would head at must have all
To same calus like counes! A smone!

Step 35050/214000 (epoch 4): loss = 1.5901 avg = 1.5780
  seed: now thee not: th
  gen:  now thee not: the hoold speak, third no that
And chand trower?

SICINIUS:
What not with the menismading.

CORIOLANUS

Step 35100/214000 (epoch 4): loss = 1.8871 avg = 1.5990
  seed: y
and grant of t
  gen:  y
and grant of thingmitd trien of fangrably are of a to this enery own
At by way's he but multo thulth again's the
o

Step 35150/214000 (epoch 4): loss = 1.7510 avg = 1.6027
  seed: h no less confid
  gen:  h no less confidish
With the from to it viliked good, help
Or makes is ere newness not deport--'
Tall first
Speason:

Step 35200/214000 (epoch 4): loss = 1.7483 avg = 1.6103
  seed: to: forbad all n
  gen:  to: forbad all newn,
And the more his the starting are that and,
And in the tree his to him, their hath high him.

A

Step 35250/214000 (epoch 4): loss = 1.8500 avg = 1.6026
  seed: ius does! O my s
  gen:  ius does! O my sole heave was he before conster
whopless you the contague, smore of he words,
Have again you say and

Step 35300/214000 (epoch 4): loss = 1.6761 avg = 1.6233
  seed: ving women
Are w
  gen:  ving women
Are who unusk, and and the to thee would
Of is in that doth the likew,
The prove state alray meitiss ' a 

Step 35350/214000 (epoch 4): loss = 1.6142 avg = 1.6381
  seed:  the character. 
  gen:   the character. By like parchery, the part. Coriole's the
Corious neight ento mother noped reving mother
Lost Marciu

Step 35400/214000 (epoch 4): loss = 1.4686 avg = 1.6221
  seed: 

CORIOLANUS:
Ma
  gen:  

CORIOLANUS:
Make all reporty he thrish Rome,
Wheren humporten it torwith very laster the is course
the hath are ha

Step 35450/214000 (epoch 4): loss = 1.5601 avg = 1.6735
  seed: re not safe, Cla
  gen:  re not safe, Clarit inster to the
And is the demberlief your have from lord
Thire of Pearsance heart hath was diss a

Step 35500/214000 (epoch 4): loss = 1.5405 avg = 1.6771
  seed:  hadst but power
  gen:   hadst but power is deserviberset
This fall he despaed thought your the counter.

BUFLORDENLE:
Grenanted againt, and

Step 35550/214000 (epoch 4): loss = 1.6257 avg = 1.6247
  seed:  thy lips such s
  gen:   thy lips such slieeld thy is in perge,
The will sposet my head have have her dear thy hely.

LADY I have genter lie

Step 35600/214000 (epoch 4): loss = 1.7567 avg = 1.6219
  seed: htly
That fill h
  gen:  htly
That fill he lord with trudetaburd, would more,
Grayered you are to know your a he ressect AN Givenced,
And I h

Step 35650/214000 (epoch 4): loss = 1.5414 avg = 1.6033
  seed: l fall'n upon th
  gen:  l fall'n upon the Gentsire I am throw,
I bearn this patie your sleep your but thees be to to loase,
And what swen yo

Step 35700/214000 (epoch 4): loss = 1.4412 avg = 1.5915
  seed: edge.

GLOUCESTE
  gen:  edge.

GLOUCESTER:
The with fost that that eary three the if thee what
You death, the pay nay the it, the squeen,
An

Step 35750/214000 (epoch 4): loss = 1.4422 avg = 1.6288
  seed: r
The noble Duke
  gen:  r
The noble Duken the pition it oul-a queen to the strones:
The mark'd with dimpied of alory.

BRAKENBRLARENARE:
Met

Step 35800/214000 (epoch 4): loss = 1.3114 avg = 1.5896
  seed: tter for my life
  gen:  tter for my lifed day looders wingster,
Which came mover it that for him megged it;
Ererer-ther do brother; heart yo

Step 35850/214000 (epoch 4): loss = 1.4018 avg = 1.5780
  seed:  is?

QUEEN ELIZ
  gen:   is?

QUEEN ELIZABETH:
When is is I.

Second Made a prone, the he that your not bow your
Do with that IVnother pact.

Step 35900/214000 (epoch 4): loss = 1.5846 avg = 1.5898
  seed: H:
Was never wid
  gen:  H:
Was never widis befort your better, the solthou art.

DUKE VING and him my said or sweep here we sit firsient.

Q

Step 35950/214000 (epoch 4): loss = 1.3210 avg = 1.5892
  seed: her; but I would
  gen:  her; but I would like out the rept,
This to must belict may chast's the the sament,
Yet the must the his scily and t

Step 36000/214000 (epoch 4): loss = 1.5214 avg = 1.5823
  seed: our royal self.
  gen:  our royal self.

KING EDCESTER:
Welcome taway, lord we more sent so sent.

ESTMucking of like your wife; I
Thank and

Step 36050/214000 (epoch 4): loss = 1.4960 avg = 1.5432
  seed: e's hands.

GLOU
  gen:  e's hands.

GLOUCESTER:

GLOUCESTER:

Comen Edwented of our winded for you good Citize;
Goves fiet lopth not thee fo

Step 36100/214000 (epoch 4): loss = 1.5983 avg = 1.5429
  seed: walls
Richard th
  gen:  walls
Richard thus ofference him good the but were hear the nent,
With have mone goiction, and and with gent.

ATCAT

Step 36150/214000 (epoch 4): loss = 1.6109 avg = 1.5636
  seed: r offices,
At an
  gen:  r offices,
At and tell the the slaid courself
I Catcle the to see had witneed to us;
But bittlack.

First Every the 

Step 36200/214000 (epoch 4): loss = 1.7404 avg = 1.5905
  seed: h when I saw, I 
  gen:  h when I saw, I have prover in their a last sunter,
For way did his time of a it his rone
With not lords, which wayo

Step 36250/214000 (epoch 4): loss = 1.5463 avg = 1.5926
  seed:  time,
Will well
  gen:   time,
Will well sween your spue your whip her grave,
The our life couse lessiblecty the seek the dittes!

GLOUCESTE

Step 36300/214000 (epoch 4): loss = 1.4137 avg = 1.5768
  seed: ous.

LORD STANL
  gen:  ous.

LORD STANLEY:
But thee, my the svery date not the exenish,
Thenser, syracher counator grace, here Englient whe

Step 36350/214000 (epoch 4): loss = 1.4551 avg = 1.5833
  seed: 
The which you p
  gen:  
The which you post me well some advick
And tren thee come not nee suble, your row me.

DUCHESS OF For the lasuly so

Step 36400/214000 (epoch 4): loss = 1.4094 avg = 1.6102
  seed: oo, thou holp'st
  gen:  oo, thou holp'st of ol song'd deart dead?

FLORD:
It, I better have in on brance, by may adus,
That I am by soul in 

Step 36450/214000 (epoch 4): loss = 1.8429 avg = 1.6013
  seed: I:
Faith, none, 
  gen:  I:
Faith, none, it know to there abay throtors:
Now, don the is dead, my lid, or cornce,
And down Angraders they hor

Step 36500/214000 (epoch 4): loss = 1.5171 avg = 1.5243
  seed: 's name is littl
  gen:  's name is littlyful no crothem all berings,
Be; blood thee death I have had her then.
Be zatter, and as tondy so da

Step 36550/214000 (epoch 4): loss = 1.3294 avg = 1.4975
  seed: here in that nes
  gen:  here in that neself.

QUEEN ELIZABETH:
And gently my cannot croed her cannot Right,
As to made of myself'd dead of t

Step 36600/214000 (epoch 4): loss = 1.5722 avg = 1.5427
  seed: worth:
And towar
  gen:  worth:
And toward.

QUEEN ELIZABETH:
Dollows the Dear ress, now he brother's come.
O, and with life to be bitterfend

Step 36650/214000 (epoch 4): loss = 1.6015 avg = 1.5965
  seed: G RICHARD III:
B
  gen:  G RICHARD III:
But a not my est our breat lords to pluck,
I to gold boyed warding death souls--
With care in mile an

Step 36700/214000 (epoch 4): loss = 1.4501 avg = 1.6206
  seed: dly and cheerful
  gen:  dly and cheerful time, on his fadyy.

KING RICHMORD:
If ING RICHARD III:
St have that not shall sade cape the to the

Step 36750/214000 (epoch 4): loss = 1.4230 avg = 1.6272
  seed: hat I speak
My b
  gen:  hat I speak
My bake I frown a the courcerted I say?
Go you Hand sir, Give givenal vanther.

DINGH:
In Richmondy, as 

Step 36800/214000 (epoch 4): loss = 1.7003 avg = 1.6472
  seed:  MOWBRAY:
Yea, b
  gen:   MOWBRAY:
Yea, brow, his rad: as boulabed be baster,
Now my kill the paid fair I the and him,
And be the prayal with

Step 36850/214000 (epoch 4): loss = 1.4115 avg = 1.6526
  seed: lists?
Against w
  gen:  lists?
Against where all thee longue, whosure,
And the lood in him, and my Row I fair son,
This not have blew that t

Step 36900/214000 (epoch 4): loss = 1.4762 avg = 1.6656
  seed:  my tongue from 
  gen:   my tongue from hines worth:
Which in strice thee up treason, in distreed.
Be sould wanter of nother mothine nows,
A

Step 36950/214000 (epoch 4): loss = 1.5356 avg = 1.6368
  seed: !
Where'er I wan
  gen:  !
Where'er I want tone randy my lord,
And there of our hast there me thee.

Porves persualious is the heates our to 

Step 37000/214000 (epoch 4): loss = 1.5418 avg = 1.6556
  seed: G RICHARD II:
Wh
  gen:  G RICHARD II:
Whereal, if my parte at with in say,
Which shall say had the ward and then for him.

KING RICHARD II:

Step 37050/214000 (epoch 4): loss = 1.2348 avg = 1.6376
  seed: prick my tender 
  gen:  prick my tender breature in my us by grothert.

Lord this vilt the their what he the heart
To mise wither as name in

Step 37100/214000 (epoch 4): loss = 1.6464 avg = 1.6462
  seed: I cannot name; '
  gen:  I cannot name; 'tis him,
Why good piegrains say, to change.

KING RICHARD II:
Ay, which make this, be our sour child

Step 37150/214000 (epoch 4): loss = 1.6477 avg = 1.6405
  seed: lved when last w
  gen:  lved when last weet all better of this deams
From live word have sake will will shall exceperson,
Let houst to dempe

Step 37200/214000 (epoch 4): loss = 1.9363 avg = 1.6038
  seed: with us
To Brist
  gen:  with us
To Bristing I say! thousin you be me my let.
Then aftrence my meantage, perfancled father'd arm fiends in me

Step 37250/214000 (epoch 4): loss = 1.6135 avg = 1.6183
  seed:  angel: then, if
  gen:   angel: then, if I goodst a look
Where all they face the blood seatizen unlep
Nofed thy groundred the coopberN GLOUS

Step 37300/214000 (epoch 4): loss = 1.7375 avg = 1.6369
  seed: ks be sour.

SIR
  gen:  ks be sour.

SIR S RICHARD IIL:
Farewell with majesty, their comfolks of the propabs is sold
Place, throw widiship u

Step 37350/214000 (epoch 4): loss = 1.6847 avg = 1.6179
  seed: nt immediate on 
  gen:  nt immediate on betteristates the the seeren
And to bare of past each of manst the rence
That do the nor we in other

Step 37400/214000 (epoch 4): loss = 1.9927 avg = 1.6124
  seed: , as in a model,
  gen:  , as in a model,
The beath, wore earther swerefore they forge.

DUKE OF YORK:
His of they, and of all I court.

KING

Step 37450/214000 (epoch 4): loss = 1.6375 avg = 1.6181
  seed: ,
That it shall 
  gen:  ,
That it shall staitle I drangly grace trait
With strant:-where fale that so our of maje
Be the servist to the king

Step 37500/214000 (epoch 4): loss = 1.5579 avg = 1.6148
  seed:  will undo mysel
  gen:   will undo myself mine you do from my.

DUKE OF AUMERLE:
Welcamen so to have to the would hand to sead
Will a the in

Step 37550/214000 (epoch 4): loss = 1.8306 avg = 1.5949
  seed: e to dew,
And wa
  gen:  e to dew,
And way an take me shall a suIt Encwell,
And yet so with well so clousinceful in sing;
For will be a make 

Step 37600/214000 (epoch 4): loss = 1.1036 avg = 1.5960
  seed: .

DUCHESS OF YO
  gen:  .

DUCHESS OF YORK:
No, their should then the curse.

Thank to thing world not his is some,
Or many mares the good s

Step 37650/214000 (epoch 4): loss = 1.8291 avg = 1.5371
  seed: from the traitor
  gen:  from the traitor of hearts to you to be beswambers doth.

DUKE OF AUMERLE:
For winter you say, what art greather off

Step 37700/214000 (epoch 4): loss = 1.6177 avg = 1.5525
  seed: ring their own m
  gen:  ring their own me and mine here.

QUEEN:
Ded of the gracequor thee, parting retterte;
And the grow.

HENRY BOLINGBRO

Step 37750/214000 (epoch 4): loss = 1.4852 avg = 1.5845
  seed: my soul is full 
  gen:  my soul is full your she that is
Thy deed was prosin this preverly come.

DUCHESS OF YORK:
Streater it want to the r

Step 37800/214000 (epoch 4): loss = 1.4766 avg = 1.6442
  seed: e,
Unless good c
  gen:  e,
Unless good can go: much 'the be eyou be horse?

TAUYOEN:
Tell my anish;
And, the more king and to my justy. I ki

Step 37850/214000 (epoch 4): loss = 1.7741 avg = 1.6639
  seed: s last, the fish
  gen:  s last, the fishall an should near
Oy supch his ear chand your beet the house.

JONDUKE O:
The their be the me I say

Step 37900/214000 (epoch 4): loss = 1.7122 avg = 1.7001
  seed: n, young lady! l
  gen:  n, young lady! loved.
Or, have thou fourt.

BENVOLIO:
I must happare, I sad shall neve,
And the grief soul reginten 

Step 37950/214000 (epoch 4): loss = 1.5909 avg = 1.7298
  seed: and we shall com
  gen:  and we shall commier;
In good on ourse on subs nights are they
Thy cammer's mades land, and she save me have asseel,

Step 38000/214000 (epoch 4): loss = 1.4376 avg = 1.7151
  seed: ws there, that w
  gen:  ws there, that with dast be thancien am doth time.

PERCUTIO:
The lady there, spiting you.

BENVOLIO:
Thou my greaty

Step 38050/214000 (epoch 4): loss = 1.2549 avg = 1.6867
  seed: of against their
  gen:  of against their teen.

GROMEO:
The shall dead Romeet my keep
Of they these all him will thus wret,
Oney, For a seem

Step 38100/214000 (epoch 4): loss = 1.8736 avg = 1.6587
  seed: e special good d
  gen:  e special good dest ypersing pers;
Where then affind made spece is this left
And so where and not of this servanins,

Step 38150/214000 (epoch 4): loss = 1.4704 avg = 1.6886
  seed: UTIO:
Right.

RO
  gen:  UTIO:
Right.

ROMEO:
I do may are, what so sad kippy my on to fillice
By it thou hearts a lass ear.

ROMEO:
I knars,

Step 38200/214000 (epoch 4): loss = 1.9599 avg = 1.6782
  seed: that's the dog's
  gen:  that's the dog's doth he king, you, to fair!
What fear? Come, a were all of all thou more farselly some,
The king co

Step 38250/214000 (epoch 4): loss = 1.4588 avg = 1.6595
  seed: 
And what to?

M
  gen:  
And what to?

MERCUYIET:
A to be beher me the to as nelighty cany;
I have to my on the or so ditle of not marry.

J

Step 38300/214000 (epoch 4): loss = 1.5798 avg = 1.6500
  seed: t true,
For bloo
  gen:  t true,
For blook a gives: for stillaged stired.

ROMEO:
I hath to band court: thy enight lay baning.

ROMEO:
Fie, b

Step 38350/214000 (epoch 4): loss = 1.7078 avg = 1.6738
  seed: gue
For such a w
  gen:  gue
For such a whome to change then his with him:
And, is you your lod morseat on those to love, thou for in that th

Step 38400/214000 (epoch 4): loss = 2.2497 avg = 1.6525
  seed: ss' case,
Just i
  gen:  ss' case,
Just is right who dear thou mother,
Fled man the a him his to flest that?

PRINCE:
Why, which not dead;
An

Step 38450/214000 (epoch 4): loss = 1.5927 avg = 1.6587
  seed: ht a torch-beare
  gen:  ht a torch-beare course,
Stay slieve is thou me, here a day wanshipe.

DUCHENon me me minar undee werch to frierd:
W

Step 38500/214000 (epoch 4): loss = 1.9565 avg = 1.6288
  seed: uds,
But fettle 
  gen:  uds,
But fettle for what monture, a will o' their blain.

JULIET:
Come, and that see hit give him out nights,
I do i

Step 38550/214000 (epoch 4): loss = 1.4564 avg = 1.5987
  seed: hear thou must, 
  gen:  hear thou must, me are true may in my deach sond
To flate thing a courtick, I that be be
Duke his of thus may are to

Step 38600/214000 (epoch 4): loss = 1.4687 avg = 1.6050
  seed: or thou hast nee
  gen:  or thou hast nees,
Thou must lifmend to his a he it; ull be spent
Not me tell be morrow be to the oach
on, or him th

Step 38650/214000 (epoch 4): loss = 1.7854 avg = 1.6274
  seed: ho, for shame! c
  gen:  ho, for shame! caunt:
Whatess lisd hater, morrow henre me riforbs,
And fings of gentleme, with is the heart!
A come 

Step 38700/214000 (epoch 4): loss = 2.1488 avg = 1.6915
  seed: hurry from the f
  gen:  hurry from the for hery a chise to frient,
And boy to if deselful them.

Firful sheet wounds, all did me earth it se

Step 38750/214000 (epoch 4): loss = 1.7026 avg = 1.6829
  seed: y of thy breath,
  gen:  y of thy breath,
Thand a wersly gain a cain'd thee hath high.

PETER:
Are beggent not it doth detiest upon shap;
And

Step 38800/214000 (epoch 4): loss = 1.4106 avg = 1.6538
  seed: his.

FRIAR LAUR
  gen:  his.

FRIAR LAURENCE:
How the will keept them is of her the steme;
One you, and thou me in and to I deeps,
Ed yet yo

Step 38850/214000 (epoch 4): loss = 1.6079 avg = 1.6391
  seed: s sons, his favo
  gen:  s sons, his favouty,
Net no Lord the lief Romeouse the honour:
And the for him as and then is menight,
Or the with M

Step 38900/214000 (epoch 4): loss = 1.4025 avg = 1.5721
  seed: 
NORTHUMBERLAND:
  gen:  
NORTHUMBERLAND:
This design sight he now long, whose, the the right.

PETET:
We wife you he lords, how the light wa

Step 38950/214000 (epoch 4): loss = 1.7029 avg = 1.5588
  seed: While you are th
  gen:  While you are this your'd thy let.

First Julight and that thing have a, and and away to orservick.

NORTHUMBERLAND:

Step 39000/214000 (epoch 4): loss = 1.3452 avg = 1.5906
  seed: ou, Northumberla
  gen:  ou, Northumberlance, you, and thou my and
Herefford his tim frown of I father to they play.

KING HENRY VI:
The that

Step 39050/214000 (epoch 4): loss = 1.5511 avg = 1.6135
  seed: ow fares my brot
  gen:  ow fares my brotch bantry how his ford;
Whate, the grave tong date to been By should
Hy blood on woes up morth they 

Step 39100/214000 (epoch 4): loss = 1.6648 avg = 1.6287
  seed:  your brother, h
  gen:   your brother, his band, the blood father,
Thy triyour sigate we his my the cannot he cand no not their take.
I have

Step 39150/214000 (epoch 4): loss = 1.2900 avg = 1.6118
  seed: depart the field
  gen:  depart the field lirgene.

RICHARD:
I foes, good with these my of your as our nement.

CLIFFORD:
Ungaing folt all or

Step 39200/214000 (epoch 4): loss = 1.7985 avg = 1.5875
  seed: oft-hearted wome
  gen:  oft-hearted wome whost's man thou she his wilt,
In not greaks against fly tentle them father spurs.
What be prand br

Step 39250/214000 (epoch 4): loss = 1.6570 avg = 1.6100
  seed:  one his purple 
  gen:   one his purple the to body's my have the shap
Which them hands many tear their his poises,
And my if us a comes tak

Step 39300/214000 (epoch 4): loss = 1.5193 avg = 1.5965
  seed: se lands togethe
  gen:  se lands togethe put day,
Go paboth sown ward your for a father,
The king gnow mourtous boutyst brother
For my for t

Step 39350/214000 (epoch 4): loss = 1.4129 avg = 1.5746
  seed: :

KING EDWARD I
  gen:  :

KING EDWARD IV:
Swephet I would stong in thou was for is of a breath.

KING HENRY VI:
Whather the would eath, So 

Step 39400/214000 (epoch 4): loss = 1.8791 avg = 1.5204
  seed: n on my back,
Wh
  gen:  n on my back,
Whis hence the commond leath brothen for it.

KING ED, bemy a doom, may chard! say thou tell be bember

Step 39450/214000 (epoch 4): loss = 1.6161 avg = 1.5720
  seed: wnfall of his me
  gen:  wnfall of his me.

You look and cast the for Gends bears can pours.

KING LEWIS LADY GREY:
If GREY:
I'll then was un

Step 39500/214000 (epoch 4): loss = 1.5850 avg = 1.5403
  seed: all assure my co
  gen:  all assure my cown here park of more,
I am daspended: I braddon nothing corns?

And king with his sile worrowirst th

Step 39550/214000 (epoch 4): loss = 1.5474 avg = 1.5138
  seed: njuries?

Post:
  gen:  njuries?

Post:
Give sorrow enfy state, rewn'd be wrong;
Thou crown do and eyed on and then his in mine,
And with sw

Step 39600/214000 (epoch 4): loss = 1.3241 avg = 1.5197
  seed: 3 KING HENRY VI
  gen:  3 KING HENRY VI

WARD WICK:
I cold?
Thens, minder; my wish sualt Materse jistake and steem him.

KING EDWARD FORK:
W

Step 39650/214000 (epoch 4): loss = 1.5580 avg = 1.5197
  seed: y, earl of Richm
  gen:  y, earl of Richment this honour ward,
I'll must of my it I remberoly frield,
For he pert King of and as shult of Lar

Step 39700/214000 (epoch 4): loss = 1.7065 avg = 1.5283
  seed:  peace, yet bold
  gen:   peace, yet bolds forment this cluse.

KING EDWARD IV:
And in ill our both will both him, friefend,
Yet, if Lordon K

Step 39750/214000 (epoch 4): loss = 1.3777 avg = 1.5208
  seed: Dukes of Somerse
  gen:  Dukes of Somersed his seal trien,
Soint thou the so intent in could the them his laps so for to done.

TOu? so, or n

Step 39800/214000 (epoch 4): loss = 1.5605 avg = 1.5489
  seed: once allow'd the
  gen:  once allow'd the day sepling to I not,
And hatersy good mantuagor well striked;
I sparly wast this our lible are our

Step 39850/214000 (epoch 4): loss = 1.1315 avg = 1.5433
  seed: this sweet young
  gen:  this sweet young thy turn,
And that tear of our brother pity Lord?

CLARENCE:
'Tis that have impleat breat you bed t

Step 39900/214000 (epoch 4): loss = 1.7430 avg = 1.5676
  seed: yself
Have in ou
  gen:  yself
Have in our man: I see poor my traign thines lip.

GLOUCESTER:
That, I were our shall tread; and marrime;
This

Step 39950/214000 (epoch 4): loss = 1.4832 avg = 1.6412
  seed: u were boys:
You
  gen:  u were boys:
You disperle the else with and to their gone
Len that your sir: his chave in hand,
And, Where of me wor

Step 40000/214000 (epoch 4): loss = 1.7441 avg = 1.6837
  seed: w't;
It will let
  gen:  w't;
It will let's thee be that blood.

POLIXENES:
O, yough, now traight the not maccure;
And the preself my mill th

Step 40050/214000 (epoch 4): loss = 1.5120 avg = 1.6976
  seed: ave set down:
I'
  gen:  ave set down:
I' the no my your in they bifter and park
As as fearful good mine to comle commond,
And indeed scanink

Step 40100/214000 (epoch 4): loss = 1.7773 avg = 1.6769
  seed: y:
Who taught yo
  gen:  y:
Who taught yould fear roctand
To hears her sides the have his kneed in
A fall play us ninurs, me more rack to has

Step 40150/214000 (epoch 4): loss = 1.7978 avg = 1.6700
  seed: would I knew the
  gen:  would I knew the seation.

HENRIUS:
Pook hath, gently lord's yet can, down.

LEONTES:
Should you for the prise thee 

Step 40200/214000 (epoch 4): loss = 1.7723 avg = 1.6766
  seed:  go,
See how he 
  gen:   go,
See how he thee lies grookst mean:
Would the going truch'd the can execuld blest:
Good upon his a prolus of 'do

Step 40250/214000 (epoch 4): loss = 1.6694 avg = 1.6435
  seed: ch you
So to est
  gen:  ch you
So to est us, and sturn's pray worthy and they rest the the chook,
Sicence, and lent, will your exell make sa

Step 40300/214000 (epoch 4): loss = 1.6604 avg = 1.6581
  seed: r friend, whose 
  gen:  r friend, whose all all ear. How you bear the goods
To this love the forforiclous, and hones
Who go the cly the me b

Step 40350/214000 (epoch 4): loss = 1.7213 avg = 1.6672
  seed: ,
Upon a barren 
  gen:  ,
Upon a barren or gentle thoughts famises
Than a kinglast! know, what sleep mone,
Than and my lord: not that common

Step 40400/214000 (epoch 4): loss = 1.6053 avg = 1.7051
  seed: r half dined on 
  gen:  r half dined on this for the haven
they thee beguently non too the day live to on a bane
And prection the her, it he

Step 40450/214000 (epoch 4): loss = 1.8657 avg = 1.7178
  seed: .
If tinkers may
  gen:  .
If tinkers may no
sor speers in this; he dreage is bege house,
art out king most whorses barright bine his offorse

Step 40500/214000 (epoch 4): loss = 1.5632 avg = 1.7417
  seed: TA:
O, but, sir,
  gen:  TA:
O, but, sir, is there now he word on
A pohersed inform sationd he mone enor your haven.

AUTOLYCUS:
What man ove

Step 40550/214000 (epoch 4): loss = 1.5479 avg = 1.7135
  seed: IXENES:
She danc
  gen:  IXENES:
She dance in have will to finds
To you behing is at friends and answeet,
That manture of me sways, blood but

Step 40600/214000 (epoch 4): loss = 1.7644 avg = 1.7218
  seed: all men's ware-a
  gen:  all men's ware-a bears:
Commerway both it last the for in;
The my else and o' maked better of me:
Did are about pose

Step 40650/214000 (epoch 4): loss = 1.5583 avg = 1.6797
  seed:  nor think
Nor d
  gen:   nor think
Nor does.

Shephain of cothee shall to adogue harm.

Clown hither which, too, or sworld of himselves?

PO

Step 40700/214000 (epoch 4): loss = 1.7626 avg = 1.6344
  seed: ther, now of me,
  gen:  ther, now of me, you diss you see
That is the sun it.

PERDICA:
How, if this alk me: hearms of you'll have
To to do 

Step 40750/214000 (epoch 4): loss = 1.7101 avg = 1.6331
  seed: t
thou not the a
  gen:  t
thou not the an thou gace his a stand a pleak.

Claugh art hear there betterose as and man
Not you happarent to th

Step 40800/214000 (epoch 4): loss = 1.3928 avg = 1.6257
  seed: Your kindness be
  gen:  Your kindness bet mises:
Shooft the king in worm may side, and with helm
bout of those king may else that more the w

Step 40850/214000 (epoch 4): loss = 1.4384 avg = 1.6323
  seed: ya.

LEONTES:
Wh
  gen:  ya.

LEONTES:
Who you the by bid for the come or the anot
As eldendemen you, and wiser! but the looks,
To sorrow in 

Step 40900/214000 (epoch 4): loss = 1.8625 avg = 1.6341
  seed:  which stands by
  gen:   which stands by to advickly
His no wand the nemy fears you widing thee,
The still let feing purchion sirt the wanca

Step 40950/214000 (epoch 4): loss = 1.7117 avg = 1.6112
  seed:  see the statue 
  gen:   see the statue stange, himself
As I will not fair prelf, so be will nor mother,
And intleman: but for the prince wa

Step 41000/214000 (epoch 4): loss = 1.7251 avg = 1.6083
  seed: rth and honesty
  gen:  rth and honesty
prence, On keepherd more. O, she brant but curse
Waster that time served of you presed prited
Beacal

Step 41050/214000 (epoch 4): loss = 1.5607 avg = 1.6185
  seed: ore.

First Gent
  gen:  ore.

First Gentleman, and I your laste it do me
it and what Jungs again.

KING LO:
What, all be ambe enors, die Jus

Step 41100/214000 (epoch 4): loss = 1.8266 avg = 1.6378
  seed: osom. Why I desi
  gen:  osom. Why I desick.

First AUDIO:
I, my not have it a love place there allieds.

CLAUDIO:
Though more stand here be 

Step 41150/214000 (epoch 4): loss = 1.3564 avg = 1.6434
  seed: mend me to my br
  gen:  mend me to my brant it to her pity,
As to from cament the like so thee,
I have comes blossion, the stronginest to pr

Step 41200/214000 (epoch 4): loss = 1.1638 avg = 1.6318
  seed: t this man did t
  gen:  t this man did to in offat to our.

HERDORESS OVKEll, and you dester, the longe in loods
Where a will; the stomeming

Step 41250/214000 (epoch 4): loss = 1.5138 avg = 1.6037
  seed: or't!

ANGELO:
N
  gen:  or't!

ANGELO:
Now, Masting you sin, your power paint this a has man
have to falspose! Come.

ESCALUS:
Here that cam

Step 41300/214000 (epoch 4): loss = 1.8202 avg = 1.5920
  seed: LUCIO:

ISABELLA
  gen:  LUCIO:

ISABELLA:
Pater content him sorrow! Here him, no the
Doth then me.

ANGELO:
AS you have doth littlemning and

Step 41350/214000 (epoch 4): loss = 1.6232 avg = 1.5859
  seed:  I'll not warran
  gen:   I'll not warrant, and where fould as my telld
The it when oftiction, prove no their most
To say I confecture.

LUCI

Step 41400/214000 (epoch 4): loss = 1.8399 avg = 1.5801
  seed: 'st
Are nursed b
  gen:  'st
Are nursed brother to out seise, the art a sin;
And thou an him out my appoclill thought's.

ANGELO:
I do noth's

Step 41450/214000 (epoch 4): loss = 1.1701 avg = 1.5846
  seed: 
ISABELLA:
What 
  gen:  
ISABELLA:
What with fear, a man word,
And them do fair on that that the vaire
The deated it is stemperfore a of nar

Step 41500/214000 (epoch 4): loss = 1.1162 avg = 1.5941
  seed: u, good father f
  gen:  u, good father father with an in a ind.

And have farewednoint to son.
What well; and there, I that the give, itself

Step 41550/214000 (epoch 4): loss = 1.3135 avg = 1.5976
  seed: dge, and knowled
  gen:  dge, and knowled and to the leave bear lest that the
come spale you, where it with farewellow with
shesheread, in wh

Step 41600/214000 (epoch 4): loss = 1.4095 avg = 1.5953
  seed:  time have
I pro
  gen:   time have
I promise; and we god a preps this fellows a but
not affentlemendwith now lews him.

FROTH:
Let he of kno

Step 41650/214000 (epoch 4): loss = 1.6685 avg = 1.5873
  seed:  life is paralle
  gen:   life is paralle.

Provost:
I snot is decution, sir,
Which you some to mistrises my shall contruo; and he
ting, and 

Step 41700/214000 (epoch 4): loss = 1.7843 avg = 1.6016
  seed: I think, forty m
  gen:  I think, forty me more in every mark
Francile same the false him have the stir the could
And you. if may showse him:

Step 41750/214000 (epoch 4): loss = 1.5412 avg = 1.5674
  seed: r
reports; but t
  gen:  r
reports; but thee commenn your well.

DUKE VINCENTIO:
Good head the pardader good, and and the die her courself
a 

Step 41800/214000 (epoch 4): loss = 1.7880 avg = 1.5706
  seed: e
That which but
  gen:  e
That which but alret, Lord Jusin thank him prany have too your
Hard your him his sour oble to hand Claudion,
Yet, 

Step 41850/214000 (epoch 4): loss = 1.3859 avg = 1.5492
  seed: He was drunk the
  gen:  He was drunk the dukellow a kingds aboattity.
O speak your let sprait of a from holy bright
for man: and that diss n

Step 41900/214000 (epoch 4): loss = 1.1658 avg = 1.5352
  seed: ison, in the abs
  gen:  ison, in the abst enter have detion,
And this were me here to him him make.

You, thou self him true, my good speaks

Step 41950/214000 (epoch 4): loss = 1.4127 avg = 1.5246
  seed: NTIO:
I would th
  gen:  NTIO:
I would the god and you, head, for you.

ANGELO:
The saun, now at with here it be indeed:
Where by came, and t

Step 42000/214000 (epoch 4): loss = 1.5769 avg = 1.5854
  seed: our lordship to 
  gen:  our lordship to should we grow him
but upon a due he me in have desting worth
Tently the ready, i' would no belonger

Step 42050/214000 (epoch 4): loss = 1.3572 avg = 1.6415
  seed: er speak of all 
  gen:  er speak of all beginot,
On this the lord with not leavently of the head!

SLY:
What with a pir ind him thou stronge

Step 42100/214000 (epoch 4): loss = 1.7577 avg = 1.6800
  seed:  that our good w
  gen:   that our good will
And my wife the love me good the councies.

SLY:
Rether, I shall I have such your pass,
That as 

Step 42150/214000 (epoch 4): loss = 1.3871 avg = 1.6665
  seed: ENTIO:
Sirrah, c
  gen:  ENTIO:
Sirrah, comes eldeenss lover, which have crue.

LUCENTIO:
Though and bot the to fell be him, Some since,
And 

Step 42200/214000 (epoch 4): loss = 1.8438 avg = 1.6811
  seed: core knaves or s
  gen:  core knaves or so the dish
And and sistand with a came all to like slantion,
And cam good didd fear wish'd by has yo

Step 42250/214000 (epoch 4): loss = 1.3523 avg = 1.6371
  seed: hat end are all 
  gen:  hat end are all in thing and seed,
and clame against as belieds an of me apper
To him become do their of her the hea

Step 42300/214000 (epoch 4): loss = 1.7255 avg = 1.6172
  seed: esently.
Holla, 
  gen:  esently.
Holla, his peaced of you. Servanter it
And Angentions you pertiment, you, nightlement.

GREMIO:
Go friour m

Step 42350/214000 (epoch 4): loss = 1.4317 avg = 1.5729
  seed: , Kate: in sooth
  gen:  , Kate: in sooth be are,
And towe.

PETRUCHIO:
Ay revely cormend prisp'd hath, ashe hare with.

DUKE VINCENTIO:
I te

Step 42400/214000 (epoch 4): loss = 1.9533 avg = 1.6091
  seed: emio, 'tis known
  gen:  emio, 'tis known
This fance? I pray the we bring she my father
We unsband son an keep an trurps.

PETRUCHIO:
If your

Step 42450/214000 (epoch 4): loss = 1.7557 avg = 1.6421
  seed:  weep;
For such 
  gen:   weep;
For such arm mist more a funt I part
Hath gon mastess. Vipont, disday from chase:
But in caftic garria guire 

Step 42500/214000 (epoch 4): loss = 2.0062 avg = 1.6500
  seed: d been aboard, c
  gen:  d been aboard, chom world elch promines,
Of thy makes of for the preture broning to to muchmust-formild
To shall me 

Step 42550/214000 (epoch 4): loss = 1.4993 avg = 1.6311
  seed: RTIS:
This is to
  gen:  RTIS:
This is torm prazen partis must mattery sche;
And the raps envery and astracled the court, sir?

ISTRANIO:
I c

Step 42600/214000 (epoch 4): loss = 1.6642 avg = 1.6543
  seed: eep her still aw
  gen:  eep her still away; and and well:
And a the is not be hone.

HARINA:
I conten mas much there, I my happoll'd be the 

Step 42650/214000 (epoch 4): loss = 1.6040 avg = 1.6158
  seed: ee go and get me
  gen:  ee go and get me doned on in sir.

Pedambour with you all way, the
love insure stand stead you mather intramine you 

Step 42700/214000 (epoch 4): loss = 1.6869 avg = 1.6057
  seed: r garments poor;
  gen:  r garments poor;
Thard searit the some: sir.

PETRUCHIO:
I pardame thee, in sick oas how yout:
I wo be maide, but th

Step 42750/214000 (epoch 5): loss = 1.7407 avg = 1.6164
  seed: s to them, not a
  gen:  s to them, not all to accues
Mittess, that is is it to-did not the put,
And with a princends such of the known
Pedan

Step 42800/214000 (epoch 5): loss = 1.8327 avg = 1.6351
  seed: were an-hungry; 
  gen:  were an-hungry; and is a come
To strears this you, orse these bearise,
Though to seep the do should and bring and
wi

Step 42850/214000 (epoch 5): loss = 1.5375 avg = 1.6672
  seed: n the business, 
  gen:  n the business, competite in kinded he done
To will the speak should hatess, hope your wife
That master seen he the 

Step 42900/214000 (epoch 5): loss = 1.5955 avg = 1.6803
  seed: ome,
Or, by the 
  gen:  ome,
Or, by the do more your, Carciust her
Upon copedly of show were and forsel, to they
As come.

MARCANURTARRAVERC

Step 42950/214000 (epoch 5): loss = 1.7499 avg = 1.6714
  seed: inst the great A
  gen:  inst the great Aufidiens:
March shall gentlemares gent he cours tonders:
And,' dring we name though tornie!

BRUTORS

Step 43000/214000 (epoch 5): loss = 1.7570 avg = 1.6662
  seed: that honour in't
  gen:  that honour in't face.
The a grace to your will, thou poor decks to do me temelied
Where I with that so, your hatura

Step 43050/214000 (epoch 5): loss = 2.0028 avg = 1.6833
  seed: ereign prescript
  gen:  ereign prescripth; is
ment the ere that you theirls he ver bod the
in the you more-shoom
The profe, any sour in crav

Step 43100/214000 (epoch 5): loss = 1.7775 avg = 1.6744
  seed: he be put upon '
  gen:  he be put upon 'twas the welcome a thee
dining will his please the natung.

VOLUMNIA:
But let's the lome, say which 

Step 43150/214000 (epoch 5): loss = 1.7404 avg = 1.6644
  seed: o'er the lives o
  gen:  o'er the lives off a but so mucius
To man the verkeel post sweet whoing, sir,
And what where had humbest warm and st

Step 43200/214000 (epoch 5): loss = 1.2565 avg = 1.6045
  seed:  you have not in
  gen:   you have not in to should's to under the pice.

Second Citizen:
You power which mound the they way that thim
des un

Step 43250/214000 (epoch 5): loss = 1.8174 avg = 1.5823
  seed: did fashion
Afte
  gen:  did fashion
After it think he change so the mother
The braction you should yet shall
For said to here to more to son

Step 43300/214000 (epoch 5): loss = 1.8894 avg = 1.5591
  seed: but reckless sen
  gen:  but reckless sentle them.

CORIOLANUS:
Is my day of speak housed moclius with corns,
He have their fleceshose all be

Step 43350/214000 (epoch 5): loss = 1.2748 avg = 1.5743
  seed: what you have se
  gen:  what you have seemitity, To known, you wife,
This almishould prate.

SICINIUS:
Not do sune the liperice!

SICINIUS:

Step 43400/214000 (epoch 5): loss = 1.5874 avg = 1.5684
  seed: ugh the man you 
  gen:  ugh the man you port, consul,
The flicer dies tranges he has Herd lespect soul worch.

Citize enought so him, crown 

Step 43450/214000 (epoch 5): loss = 1.8585 avg = 1.5684
  seed: iates
Was ne'er 
  gen:  iates
Was ne'er all to are contings power as talk the seid
Wrise accouns,
To my firshould his spied send for here
Th

Step 43500/214000 (epoch 5): loss = 1.5862 avg = 1.5496
  seed: banish'd! he is 
  gen:  banish'd! he is a call and speak.

Mestion the now the peased.

Cit?

Citizen:
But war, he sirrives with a safe, for

Step 43550/214000 (epoch 5): loss = 1.6291 avg = 1.5582
  seed: hey are in a mos
  gen:  hey are in a moster
And bring man.

VOLUMNIA:
There stamen gone.

CORIOLANUS:
Now, and hadst and for thy cloats for 

Step 43600/214000 (epoch 5): loss = 1.7324 avg = 1.5542
  seed: is extremity
Hat
  gen:  is extremity
Hath master there of all to the goodst,
And roinguest that the conour.

Fircrantance:
And go, whorthy s

Step 43650/214000 (epoch 5): loss = 1.3185 avg = 1.5587
  seed: ws, like conies 
  gen:  ws, like conies who her or banistreschange,
Though or had courter your wars and thinkneess
Edward who, which tunder 

Step 43700/214000 (epoch 5): loss = 1.3111 avg = 1.5734
  seed: omething in him.
  gen:  omething in him.

Vescorn Rece, and say shown before the are mate
Where hank four consul!

SICINIUS:
But like of as 

Step 43750/214000 (epoch 5): loss = 1.6732 avg = 1.5814
  seed: or one poor grai
  gen:  or one poor grains: yet are ren'd janns
Thing minust we he the for the good fair.

COMINIUS:
That thou are strive, a

Step 43800/214000 (epoch 5): loss = 1.7360 avg = 1.5751
  seed: an breasts. That
  gen:  an breasts. That spia before them,
One good we covery he seerables,--
sommand then guity to the gain thing lood what

Step 43850/214000 (epoch 5): loss = 1.8227 avg = 1.5962
  seed: ort in the count
  gen:  ort in the counter,
and be what me the for the god, excure a are
Will hang better as than my me. Torking I havions
T

Step 43900/214000 (epoch 5): loss = 1.3868 avg = 1.6032
  seed: 
SICINIUS:
What'
  gen:  
SICINIUS:
What's at were in mine with was merching do blow
him in the se'er to with me; and what moter
Of him make 

Step 43950/214000 (epoch 5): loss = 1.2868 avg = 1.5909
  seed:  the god, thou b
  gen:   the god, thou both,
He no late mother enerier-hances, for all and
I looks to, and Canother saysiuses war;
Your with

Step 44000/214000 (epoch 5): loss = 1.5316 avg = 1.6445
  seed: ech your graces 
  gen:  ech your graces hast them,
And with ress not be more to shiph not the dant;
Which the stince a thy love the dratarcu

Step 44050/214000 (epoch 5): loss = 1.8195 avg = 1.6486
  seed: eed, inhuman and
  gen:  eed, inhuman and prome four shop'd all the chards,
The dar have chard his before, then, and you folloud
To and plack

Step 44100/214000 (epoch 5): loss = 0.9844 avg = 1.5856
  seed: ll not be the ex
  gen:  ll not be the extreal feol slame,
And thou to yet thy I other theefolds
Pombs the lawfryeere not causet they dead to

Step 44150/214000 (epoch 5): loss = 1.5330 avg = 1.5933
  seed: ld wish!--
Canno
  gen:  ld wish!--
Cannot Rather, 'tis graces the keep of any earst become of end
Thord mours with your mourner of the count

Step 44200/214000 (epoch 5): loss = 1.8062 avg = 1.5710
  seed: eath,
Their king
  gen:  eath,
Their king not be'd that with he sweeds even;
That sent as with I had stolant it in thee
What persuale, where 

Step 44250/214000 (epoch 5): loss = 1.6306 avg = 1.5571
  seed: adam, we will at
  gen:  adam, we will at world and state,
Tyrand that shamen the could him for the upon a place?

GLOUCESTER:
The be thou ra

Step 44300/214000 (epoch 5): loss = 1.6405 avg = 1.5907
  seed: he urging of tha
  gen:  he urging of that kingst of threat,
That you and defeter in thems he such where the
Married he did my mile the queen

Step 44350/214000 (epoch 5): loss = 1.4211 avg = 1.5473
  seed:  harvest. Thou d
  gen:   harvest. Thou do me's strens.

CLARENCE:
Mide a quite do a gods that like and for thus scannot greators:
O? so shal

Step 44400/214000 (epoch 5): loss = 1.2712 avg = 1.5435
  seed: n!

DORSET:
A bo
  gen:  n!

DORSET:
A bouch so my dextleman strace down the
ster you slal what horsely heave gaint drop
Of thou have haters 

Step 44450/214000 (epoch 5): loss = 1.8072 avg = 1.5593
  seed:  common worldly 
  gen:   common worldly thou no deather compless,
And again, cannot my fartient of my iblest,
To know he other she pober you

Step 44500/214000 (epoch 5): loss = 1.3735 avg = 1.5550
  seed: d be gracious.

  gen:  d be gracious.

BUCKINGS:
Howe is it dee,.

First Glood may shall habout his there's be hear whith!

The have thee, 

Step 44550/214000 (epoch 5): loss = 1.3765 avg = 1.5406
  seed:  from age to age
  gen:   from age to age it.

Sly not with than frection: to the from he miling;
God not so
Why have a day dike so by unate,

Step 44600/214000 (epoch 5): loss = 1.3855 avg = 1.5083
  seed: ld;
And that may
  gen:  ld;
And that may and be shall roble the my like to to heart?

CAMESBY:
He entreatis of lead, my so. That my lords,
A

Step 44650/214000 (epoch 5): loss = 1.5077 avg = 1.5098
  seed: l embrace:
And t
  gen:  l embrace:
And thank honour will clour accues are their fellood,
When world and there have the hath him your prisste

Step 44700/214000 (epoch 5): loss = 1.6226 avg = 1.5250
  seed: an, that I must 
  gen:  an, that I must have looks,
When till'd gentlemnet, from look in he art them?

BISHOP OF HOF ALELY:
Hark, the must o

Step 44750/214000 (epoch 5): loss = 1.4017 avg = 1.5603
  seed: rd:'
And even he
  gen:  rd:'
And even head place unto that his chard;
I have is set your look of to such I am,
The poy giving of death your 

Step 44800/214000 (epoch 5): loss = 1.8929 avg = 1.5644
  seed: a poor petitione
  gen:  a poor petitione,
In move you from in the a me had lovings
Brotable rain at treath of more, telloke to this tear
Whe

Step 44850/214000 (epoch 5): loss = 1.7506 avg = 1.5509
  seed: d saint which th
  gen:  d saint which the wade roth,
As in the fleman in entee farent deed to the mother,
Under entermy till when him do des

Step 44900/214000 (epoch 5): loss = 1.9603 avg = 1.5428
  seed: n courtesy show'
  gen:  n courtesy show'd my my in with world,
Which is with with cornew no them harful and my ply hory world them;
And for 

Step 44950/214000 (epoch 5): loss = 1.2303 avg = 1.5794
  seed: CHESS OF YORK:
O
  gen:  CHESS OF YORK:
On this breamont throud scarry looks from of thing
Therefore your comportent, anrriand,
They by thee 

Step 45000/214000 (epoch 5): loss = 1.6221 avg = 1.5578
  seed: n the day of bat
  gen:  n the day of batter they best.

KING RICHARD III:
My sorrow airs, and comple, I must told,
There I with charm'd wors

Step 45050/214000 (epoch 5): loss = 1.7636 avg = 1.4989
  seed: To high promotio
  gen:  To high promotion
This rance that dear of your enviling heart
To that been, I my heare in of her bate!

KING RICHARD

Step 45100/214000 (epoch 5): loss = 1.4396 avg = 1.4692
  seed: that Richmond is
  gen:  that Richmond is slow.

QUEEN ELIZABETH:
Wither his fied, her wear to weith a should thee
To so tands with way withe

Step 45150/214000 (epoch 5): loss = 1.7997 avg = 1.5154
  seed: clouds behold th
  gen:  clouds behold the lord!

QUEEN ELIZABETH:
How shall not for then to the pring by lord.

LADY ANNE:
We good mosthirat

Step 45200/214000 (epoch 5): loss = 1.5692 avg = 1.5658
  seed: y strokes and mo
  gen:  y strokes and most to down of it to me,
Madal the sliegely your life with a me.
Sirrinory mother me behold forturnel

Step 45250/214000 (epoch 5): loss = 1.4852 avg = 1.5800
  seed: y lord?

KING RI
  gen:  y lord?

KING RICHARD III:
The ve souls the lord, and my coursel,
The go desince mind we wish'd upon my could
Ong ti

Step 45300/214000 (epoch 5): loss = 1.6801 avg = 1.5952
  seed: ain;
The blood i
  gen:  ain;
The blood in a me talk'd may, envere men:
And he save to are procling my fear heams and
Come upon that to-ment 

Step 45350/214000 (epoch 5): loss = 1.7438 avg = 1.6113
  seed: r's sight?
Or wi
  gen:  r's sight?
Or with queen for my heart up my son.
The come he broyals all the to petianly.

KING RICHARD II:
Thrail m

Step 45400/214000 (epoch 5): loss = 1.4653 avg = 1.6112
  seed: hal, let me kiss
  gen:  hal, let me kiss,
Amarry morrown and some, and of alased?

DUCHESS OF YORK:
Bet, thou hand hoots not seem truesst;
T

Step 45450/214000 (epoch 5): loss = 1.8442 avg = 1.6249
  seed: et, nor reconcil
  gen:  et, nor reconcil oune and voyal marliant,
And it my be false the be a let my dread:
For can be His spart to it prome

Step 45500/214000 (epoch 5): loss = 1.5613 avg = 1.5954
  seed: DUKE OF AUMERLE:
  gen:  DUKE OF AUMERLE:
Why both heavy as on how a with the further,
And manist for cipted farewell me,
The thy to me that 

Step 45550/214000 (epoch 5): loss = 1.5228 avg = 1.6250
  seed: r names?

JOHN O
  gen:  r names?

JOHN OFOHE:
Master: that herement the gone thou shall at of,
And here in this of soul with thou succurbing

Step 45600/214000 (epoch 5): loss = 1.5177 avg = 1.6035
  seed:  governor of Eng
  gen:   governor of England
Those flound tongue? now for one; set in word their plands
The wome, I goes spared aways to I h

Step 45650/214000 (epoch 5): loss = 1.7142 avg = 1.6146
  seed: ,
The Lord North
  gen:  ,
The Lord Northy dead, crant by the fain,
Heren, but his priving with thought is world:
Then he nobing our obst tha

Step 45700/214000 (epoch 5): loss = 1.7015 avg = 1.6004
  seed: ervice,
Such as 
  gen:  ervice,
Such as of harthing of I king comforten myself.
How lesserves to him world chore, and it being nights will
I

Step 45750/214000 (epoch 5): loss = 1.5016 avg = 1.5719
  seed: 
The king repose
  gen:  
The king repose strenger side thy god leave.

WIth be art to give, he decall is do come!

HENRY BOLINGBROKE:

Welci

Step 45800/214000 (epoch 5): loss = 1.0794 avg = 1.5819
  seed: e, dispersed and
  gen:  e, dispersed and and methere
Three would me strongtal neasted
That me read the the powes, this to thee, with atterfo

Step 45850/214000 (epoch 5): loss = 1.7803 avg = 1.6033
  seed: astingly
That bi
  gen:  astingly
That bid comp your bearn death, for have dissending mire
With stabs the wan the and soul of nathere for mok

Step 45900/214000 (epoch 5): loss = 1.3087 avg = 1.5786
  seed: k so fair?
Shall
  gen:  k so fair?
Shall of causin'd hand ear chards make him.
And hearth hand he then and in our and and glords
To dare wor

Step 45950/214000 (epoch 5): loss = 1.7944 avg = 1.5950
  seed: ath seized the w
  gen:  ath seized the with profign:
And maniss mine of a that words Done.

HENRY BOLINGBROKE:
All spair no like you, so gro

Step 46000/214000 (epoch 5): loss = 1.5088 avg = 1.5874
  seed: , didst send two
  gen:  , didst send two this fall and Say:
The I go much much it; there must majest
Rut again my what vill hing dast heal;

Step 46050/214000 (epoch 5): loss = 1.6147 avg = 1.5894
  seed: Long mayst thou 
  gen:  Long mayst thou drow in to on by come
But be the long all sents coastion,
The and thoughh nons!
Ah caster:
Traye, fr

Step 46100/214000 (epoch 5): loss = 1.6123 avg = 1.5707
  seed:  thee in some re
  gen:   thee in some rest, that my sure should I have low
Thess the oarth, foul and to the be are but may,
Or but a not tre

Step 46150/214000 (epoch 5): loss = 0.9786 avg = 1.5615
  seed: 

DUKE OF AUMERL
  gen:  

DUKE OF AUMERLE:

Nor no the return I thous that, I am hath peak.

GREEN:
And so way are quing let are honoughter 

Step 46200/214000 (epoch 5): loss = 1.5558 avg = 1.5133
  seed: ons their scrapi
  gen:  ons their scrapier the mades house for my tawrieast
To the read man? was everlous in this we the face:
Fased, if a w

Step 46250/214000 (epoch 5): loss = 1.7376 avg = 1.5352
  seed: e music of men's
  gen:  e music of men's been.
Tet they crant hereing the saffer on his with poor
That thou shall thee looke come his like t

Step 46300/214000 (epoch 5): loss = 1.6282 avg = 1.5684
  seed: 
SAMPSON:
A dog 
  gen:  
SAMPSON:
A dog the here to meterns thought conference.

QUEEN:
Why, not speak him love see gracious this trief.

KI

Step 46350/214000 (epoch 5): loss = 1.4554 avg = 1.6141
  seed: IO:
See, where h
  gen:  IO:
See, where haid place!
Do, but as consure and broke deseer handst,
And the death will in my sour with and not th

Step 46400/214000 (epoch 5): loss = 1.6689 avg = 1.6334
  seed: n shin.

BENVOLI
  gen:  n shin.

BENVOLIO:
May desper, minter with moon the friend; not younding?

MOREEN:
What distain they forgether is al

Step 46450/214000 (epoch 5): loss = 1.4655 avg = 1.6651
  seed: ish lives in the
  gen:  ish lives in then, I have to I do such, and and thy our. Glow, where I'll this
Rumed sword, yen that as the more Ran

Step 46500/214000 (epoch 5): loss = 2.0838 avg = 1.7086
  seed: rvant:
Away with
  gen:  rvant:
Away with pirits and live, an death,
To the his all die on yarsips begar anst
'A forgoper self thranges, take

Step 46550/214000 (epoch 5): loss = 1.5906 avg = 1.6823
  seed: is heir;
That fa
  gen:  is heir;
That fares that to lie me, my good-my powers;
So I vill, what was our his stood man my jurders.

Seent When

Step 46600/214000 (epoch 5): loss = 1.7555 avg = 1.6560
  seed: lush bepaint my 
  gen:  lush bepaint my to what is eyest
with not love voamont both not high far brook this
Richard the anight him founds pe

Step 46650/214000 (epoch 5): loss = 1.7100 avg = 1.6363
  seed: e!
What early to
  gen:  e!
What early to foht the have farer fall thee.

JULIET:
I have then all this come twell whelp;
Enle, thou do spay s

Step 46700/214000 (epoch 5): loss = 1.2862 avg = 1.6591
  seed: 
ROMEO:
Thou was
  gen:  
ROMEO:
Thou was more-wastercia the ofolwerain,
And not servall his wolding-fearted a far his
burn a swear a do love

Step 46750/214000 (epoch 5): loss = 1.8607 avg = 1.6519
  seed:  do nimble-pinio
  gen:   do nimble-pinion
Nursed by consommeo, for not spress and grace.

ROMEO:
No, they and beswar sentleman the and as th

Step 46800/214000 (epoch 5): loss = 1.7619 avg = 1.6390
  seed: eep in the sun:
  gen:  eep in the sun:
As the but countral like of this her day torte
As will ticien out with conscing sacond, year a fair 

Step 46850/214000 (epoch 5): loss = 1.9701 avg = 1.6255
  seed: s
It back to Tyb
  gen:  s
It back to Tybalth pady, bone my day subjeces:
I have to a spurbid magge,  now in my virtit.

GREUME OETO:
My way 

Step 46900/214000 (epoch 5): loss = 1.3991 avg = 1.6357
  seed: mistaking, offer
  gen:  mistaking, offerend
It froward's of a shall dequarrel eversue.
Ferel lord, a word doth well so sail love a do love, 

Step 46950/214000 (epoch 5): loss = 1.4879 avg = 1.6170
  seed:  nothing, sir, b
  gen:   nothing, sir, but the the a bouts' and Death,
That thou pled say he him my say?
Firself, this and if envaling it.


Step 47000/214000 (epoch 5): loss = 1.7699 avg = 1.6316
  seed: and unpleasing s
  gen:  and unpleasing so contake
It that the shall it feen with besay,
There come shall no night thy in to;
Mercusion under

Step 47050/214000 (epoch 5): loss = 1.4939 avg = 1.6017
  seed:  now I see this 
  gen:   now I see this to will thee,
How in the well them thou not counfeess?

See were none temperit'st a with dates abbed

Step 47100/214000 (epoch 5): loss = 1.6766 avg = 1.5700
  seed: my extremes and 
  gen:  my extremes and wife much to this sit thou tearle,
In an my a her such best ming me sait,
To than this it the for je

Step 47150/214000 (epoch 5): loss = 1.5218 avg = 1.5754
  seed:  it should not,
  gen:   it should not,
Or a I'll secome thou lie it is his cland;
We are is thou half shall I day. go hear, how the sould?

Step 47200/214000 (epoch 5): loss = 1.7268 avg = 1.5991
  seed: p your tears, an
  gen:  p your tears, and juntic, meath!

LADY CAPULET:
I rever hath, yet Peacer,
Or diffied: I shall watch he and for a cha

Step 47250/214000 (epoch 5): loss = 1.3849 avg = 1.6590
  seed: d, if you had th
  gen:  d, if you had the death,
And the be my not a me in me to marrother hast for my itself,
The posised his man; I do the

Step 47300/214000 (epoch 5): loss = 1.7819 avg = 1.6527
  seed: ace of dim night
  gen:  ace of dim night?

JULIIN:
The head, thou this my grack not see:
And away screek'd to use gaze:'s faith love.

DUCHE

Step 47350/214000 (epoch 5): loss = 1.8611 avg = 1.6273
  seed: ld she kill hers
  gen:  ld she kill hers you you oncies?

JULIET:
I will dark up it be she father, is one the change.
Go and this true doubs

Step 47400/214000 (epoch 5): loss = 1.5676 avg = 1.6081
  seed: ve troops of sol
  gen:  ve troops of sollies hersed thought?
And Madam! me stands me let, we when the broke.

BALTHARDWARD:
Where as our be 

Step 47450/214000 (epoch 5): loss = 1.5474 avg = 1.5352
  seed: st I live,
To ho
  gen:  st I live,
To how unto here? O sorrown on this seads belood.

MORELAND:
This thy cance desceman sieful he she night 

Step 47500/214000 (epoch 5): loss = 1.4175 avg = 1.5227
  seed: of the king,
Wit
  gen:  of the king,
Wither I am I have thou feel in to seen.

I will like the gracious and forgely unto desirrate.
Then thi

Step 47550/214000 (epoch 5): loss = 1.5282 avg = 1.5601
  seed: EEN MARGARET:
Br
  gen:  EEN MARGARET:
Brised me hith ear.
And hore return, how the this my with reath.

KING LING thou marry to thy wear for

Step 47600/214000 (epoch 5): loss = 1.8476 avg = 1.5907
  seed: un!
How well res
  gen:  un!
How well reseen ea's dare, dead, stand, and peops reeaks beult.
Go you tear a baw my the here shall been you ord

Step 47650/214000 (epoch 5): loss = 1.6764 avg = 1.5992
  seed:  makes me speak.
  gen:   makes me speak.

KING HENRY VI
Wither to fiest haught deare had flies
To rew that do thou steather pact and the tha

Step 47700/214000 (epoch 5): loss = 1.4384 avg = 1.5737
  seed:  thus bold in te
  gen:   thus bold in tell offore,
I rever as for the comes to it that that?
What the god thy sleep leaven till toward armin

Step 47750/214000 (epoch 5): loss = 1.5744 avg = 1.5591
  seed: must be prey,
Ye
  gen:  must be prey,
Yets that whereight heir sform sted pite.

RICHARD:
For Marraughter folsesh the add that my did up,
An

Step 47800/214000 (epoch 5): loss = 1.5162 avg = 1.5808
  seed: is your sorrow; 
  gen:  is your sorrow; whith.

ROTHENRY VIThe not it says for I fait the all strain.
Mant poor life nence a dreade at death

Step 47850/214000 (epoch 5): loss = 1.5886 avg = 1.5699
  seed:  him pleaseth be
  gen:   him pleaseth beford:
Nor treman even and that Ray now stay and it
And the heart, would that they conce lost
To bach

Step 47900/214000 (epoch 5): loss = 1.2671 avg = 1.5350
  seed: ESTER:

KING EDW
  gen:  ESTER:

KING EDWARD EL:
Say, may mouth comes a king this else.

KING HENRY VI:
Why, but I greather Gody she inten hi

Step 47950/214000 (epoch 5): loss = 1.6912 avg = 1.4977
  seed: w to get the cro
  gen:  w to get the crown a raid,
And unto montague the his with crown with grant
Doth than me leads to him acconurshion;
A

Step 48000/214000 (epoch 5): loss = 1.0708 avg = 1.5270
  seed: KING LEWIS XI:
B
  gen:  KING LEWIS XI:
But the more heart well the stands,
Where not is rovertion I do kings such his tispeach'd.

KING LEWI

Step 48050/214000 (epoch 5): loss = 1.4666 avg = 1.5089
  seed: hem over with ou
  gen:  hem over with our Duke Romembling stay
Than all be thou do be merrial and grien.

KING LEWIS XI:
And a Give Lewill a

Step 48100/214000 (epoch 5): loss = 1.4247 avg = 1.4813
  seed: ou fast,
For I w
  gen:  ou fast,
For I would go our to poss reaso'ing of dore.

CLARENCE:
Why seek our be shing me me a grant your minder:
A

Step 48150/214000 (epoch 5): loss = 1.3738 avg = 1.4882
  seed: t confess are fu
  gen:  t confess are full of Clifful dest,
And is his me other king to ungry!
3 with Henry of his crown good sot dovers,
Wh

Step 48200/214000 (epoch 5): loss = 1.5400 avg = 1.4936
  seed:  by Richard Duke
  gen:   by Richard Duke a too care were and,
And Henry come stale bear I lady's rephed;
And in them time the hath the sworl

Step 48250/214000 (epoch 5): loss = 1.3724 avg = 1.5065
  seed: eign.

KING HENR
  gen:  eign.

KING HENRY VI:

That him daught friendred Henry, here thee!

WARWICK:
Not be think are back a well, I here to

Step 48300/214000 (epoch 5): loss = 1.6140 avg = 1.4956
  seed: ural,
To bend th
  gen:  ural,
To bend thou giet these, shall for this?

WARWICK:
My fortunes to you warrike the castent,
As sun with the dee

Step 48350/214000 (epoch 5): loss = 1.4687 avg = 1.5271
  seed: ase some one of 
  gen:  ase some one of the more wirst and.
We stre aut this subjec the lossige!'
Our the mently in a siquest therefols,
And

Step 48400/214000 (epoch 5): loss = 1.5526 avg = 1.5094
  seed: hou?
Thou art no
  gen:  hou?
Thou art not ence troubxt at shurch,
Thou thy lord, but to more there there.

PORK:
Go, then to we be that thee

Step 48450/214000 (epoch 5): loss = 1.4464 avg = 1.5301
  seed:  delights,
Havin
  gen:   delights,
Havinly can your blook the love stity shalt,
Nor in my deated his kings own handst beings,
That sorrow th

Step 48500/214000 (epoch 5): loss = 1.5848 avg = 1.6191
  seed: y ours.

HERMION
  gen:  y ours.

HERMIONE:
Some, give you of I speak, who I had fearly
I recounter mondly and very lords as till
Is show bre

Step 48550/214000 (epoch 5): loss = 1.7447 avg = 1.6542
  seed: ng
'Sicilia is a
  gen:  ng
'Sicilia is a power that but thou men at will his she enter'd my both enemile,
Whiles thee had ask the and tellik

Step 48600/214000 (epoch 5): loss = 1.7064 avg = 1.6679
  seed:  one
Who in rebe
  gen:   one
Who in reben ofthy gall all glace, so them honour?

KING HERBILLEO:
Seely and sitder that coulding wifth, sir,

Step 48650/214000 (epoch 5): loss = 1.4600 avg = 1.6484
  seed: MAMILLIUS:
Merry
  gen:  MAMILLIUS:
Merry:
I am a many to discer then seclown my
CAMILLO:
Persuest with highness-ports the kingers,
Threat wh

Step 48700/214000 (epoch 5): loss = 1.6183 avg = 1.6481
  seed:  honesty:
There'
  gen:   honesty:
There's so should gracin.

LEONTES:
The she your give it be conceter down,---
Marcied recester of have eor

Step 48750/214000 (epoch 5): loss = 1.5396 avg = 1.6459
  seed: ond Servant:
Mad
  gen:  ond Servant:
Madam, From you to the violast therem.

LEONTER:
This to her topted
Say an the queen be sent him be the

Step 48800/214000 (epoch 5): loss = 1.6379 avg = 1.6176
  seed: u adventure
To s
  gen:  u adventure
To see to the lord, sir.

LEONTES:
For is such me to bles, do her so thy present
The crown the betteen t

Step 48850/214000 (epoch 5): loss = 1.6564 avg = 1.6297
  seed:  but dream'd it.
  gen:   but dream'd it.

LEONTES:
Your be a traciand me,
To this sature the we post and the batte.

LEONTES:
Opperoo and so

Step 48900/214000 (epoch 5): loss = 1.5377 avg = 1.6365
  seed: ther
Let me be p
  gen:  ther
Let me be proce have thought by conspheare
The boar it say, and my fore thy susties:
So myself curse? the conte

Step 48950/214000 (epoch 5): loss = 1.6608 avg = 1.6838
  seed: ld man: if the s
  gen:  ld man: if the spopere.

PAULINA:
Most:
Herange father!
All:
Now one the spirit my and indemity heaven them,
So the 

Step 49000/214000 (epoch 5): loss = 1.8385 avg = 1.7085
  seed: ields pound and 
  gen:  ields pound and his
bear's aminded as mide or please, and a chold
Be his onsing syrajy
I have that a his sheptieldy 

Step 49050/214000 (epoch 5): loss = 1.7480 avg = 1.7103
  seed: ntenance, as it 
  gen:  ntenance, as it some, the but
Which and likes upen the resity my
My horselves, or any sture.

Clown:
Do sheep his fi

Step 49100/214000 (epoch 5): loss = 1.9015 avg = 1.6941
  seed: ant thing
indeed
  gen:  ant thing
indeed goodly your proset of than in this so
me now. O,
I'll than that's to seepents airds:
For this gentl

Step 49150/214000 (epoch 5): loss = 1.4815 avg = 1.6969
  seed: vant:
One three 
  gen:  vant:
One three work a stip the true and when think.

AUTOLYCUS:
They the rest any be, I prome foon of sir.

POLIXEN

Step 49200/214000 (epoch 5): loss = 1.4539 avg = 1.6563
  seed: king back, not f
  gen:  king back, not formber hove cothee
thing it envice ust undeep her of make should prisperouse;
In you but mongue swee

Step 49250/214000 (epoch 5): loss = 1.8867 avg = 1.6217
  seed: et, horn-ring,
t
  gen:  et, horn-ring,
that reghs of you with this: here the in son,
Cones, neet you you, sir, and to done of you mist
Shall

Step 49300/214000 (epoch 5): loss = 1.5650 avg = 1.6131
  seed: 
Shepherd:
None,
  gen:  
Shepherd:
None, my face, no in the plaing to to breather,
Shess, no the beg undeed hom the look a done!
And must ro

Step 49350/214000 (epoch 5): loss = 1.7597 avg = 1.6056
  seed: es;
For has not 
  gen:  es;
For has not she both brother more a fird be would
execurate compant for your comes you; come as I
bed not or his

Step 49400/214000 (epoch 5): loss = 1.4935 avg = 1.6101
  seed:  graceful gentle
  gen:   graceful gentleman my bettleman,
And the sorrown, and greather the prison'd
With stand the beformend and then him s

Step 49450/214000 (epoch 5): loss = 1.3802 avg = 1.6097
  seed: d his followers?
  gen:  d his followers?

Let here time excan the may to him courtiat.

Lontamillance of the goness tosen her like the time 

Step 49500/214000 (epoch 5): loss = 1.6519 avg = 1.5882
  seed: er natural postu
  gen:  er natural postup,
The weart sine her more extreath hature be
veful appain'd, then too, this father, and cannot
chan

Step 49550/214000 (epoch 5): loss = 1.6516 avg = 1.5933
  seed: peech and discou
  gen:  peech and discount the sto of any now more
prove the lememble to, your pretties.

CAMILLO:
Nother, the look as your 

Step 49600/214000 (epoch 5): loss = 1.6837 avg = 1.5957
  seed: ay, but I know '
  gen:  ay, but I know 'shall well these have herefore, I do lord: pite to with hastuall,
So pience, that I well, that the s

Step 49650/214000 (epoch 5): loss = 1.6805 avg = 1.6112
  seed: f me why I do th
  gen:  f me why I do the cabound your dance,
He prove the so, in a winted and and thy come,
His of though is enderient the 

Step 49700/214000 (epoch 5): loss = 1.4171 avg = 1.6109
  seed: ce with wishing,
  gen:  ce with wishing, go this peed.

LUCIO:
Not you wommost in my with more prove king
If all not to shall it forter, so,

Step 49750/214000 (epoch 5): loss = 1.2321 avg = 1.5867
  seed:  wife any harm? 
  gen:   wife any harm? Let she and to be so our.

NORTHUMIO:
Onle, I know; then was thing a desion.

HERDOW:
That he have i

Step 49800/214000 (epoch 5): loss = 1.4338 avg = 1.5726
  seed: rvant:
Here is t
  gen:  rvant:
Here is the your is butner as true your some some
to the rant dimped.

Even fair? your peace:
So to conscies,

Step 49850/214000 (epoch 5): loss = 1.7694 avg = 1.5621
  seed: he tempter or th
  gen:  he tempter or the charging see;
Unless die it foul the blood be sour all Itamaze,
And the guld from send of most car

Step 49900/214000 (epoch 5): loss = 1.6046 avg = 1.5559
  seed: answer.

ANGELO:
  gen:  answer.

ANGELO:
Upity, put a not I have your furtess to mosperote?

ANGELO:
Fevens friend a counterful, that you ca

Step 49950/214000 (epoch 5): loss = 1.7446 avg = 1.5608
  seed: 
And death unloa
  gen:  
And death unloabs that upon whom, with the supe.

ISABELLA:
He'll as be their well theous the say compey now that w

Step 50000/214000 (epoch 5): loss = 1.6252 avg = 1.5652
  seed: he is most
glad 
  gen:  he is most
glad an your mable the doest the by selformercaful.

ISABELLA:
What bear be with is the death, with live 

Step 50050/214000 (epoch 5): loss = 1.7797 avg = 1.5756
  seed:  is a life,
So s
  gen:   is a life,
So sir, I am it not it
Dest: complease you had better bad take to him hear man the
you carmosty some? Go

Step 50100/214000 (epoch 5): loss = 1.5570 avg = 1.5655
  seed:  unhurtful an op
  gen:   unhurtful an ope him strangentless tiffer
mut vices in your hath in the drunder father
scructaith him the rew sub g

Step 50150/214000 (epoch 5): loss = 1.6575 avg = 1.5730
  seed: ttle door
Which 
  gen:  ttle door
Which his have made to me is in and may steat,
The virtuelood vice, she the the so.

DUKE VINCENTIO:
A bro

Step 50200/214000 (epoch 5): loss = 1.2011 avg = 1.5613
  seed: t,
But he must d
  gen:  t,
But he must did the alress, what been, sir, nows,
And yet thee to bid your father him
breath a be sealty.

Provos

Step 50250/214000 (epoch 5): loss = 1.5621 avg = 1.5757
  seed: SON:
Is the axe 
  gen:  SON:
Is the axe hear as hading daughted that
you are it his
have honest, the duke upon ments, your the would of
are 

Step 50300/214000 (epoch 5): loss = 1.3408 avg = 1.5331
  seed: en medlar.

DUKE
  gen:  en medlar.

DUKE VINCENTIO:
What the depabeiny stake for you the wixt a so dark I with
sed my to dead, I from have m

Step 50350/214000 (epoch 5): loss = 1.2855 avg = 1.5450
  seed:  your reason ser
  gen:   your reason servance in better's this?

ANGELO:
Eventer true; I rece?

DUKE VINCENTIO:
And hop seere I will with ex

Step 50400/214000 (epoch 5): loss = 1.2971 avg = 1.5100
  seed: y,
But knows he 
  gen:  y,
But knows he the will the would her by minds,
And but throther him true, and this warriar bone undeed;
An so the 

Step 50450/214000 (epoch 5): loss = 1.4967 avg = 1.5067
  seed: US:
Such a fello
  gen:  US:
Such a fellow him prock housout this lord?

LUCIO:
Would the pohence, misconto have of the sent;--
She, i' how
H

Step 50500/214000 (epoch 5): loss = 1.6327 avg = 1.4995
  seed: hat apprehends n
  gen:  hat apprehends not death;
Ind upon friar him! He my look me.

DUKE VINCENTIO:
Let bake a sure speak upon the cral.


Step 50550/214000 (epoch 5): loss = 1.5395 avg = 1.5638
  seed: s honour never h
  gen:  s honour never him to knew to it many.

DUpher, moster.

Provant:
Why, and will a deather know set his gentley die.

Step 50600/214000 (epoch 5): loss = 1.6309 avg = 1.6226
  seed:  these
Which nev
  gen:   these
Which neve she do is their behie, if my lord:
So did, hip most upon you a whild tellow
To fear to loves of ou

Step 50650/214000 (epoch 5): loss = 1.6825 avg = 1.6581
  seed: anca.

KATHARINA
  gen:  anca.

KATHARINA:
WilTo storrow thou worthy the wastill
To enteet your awakes welcome and let
Beave be ley artat to 

Step 50700/214000 (epoch 5): loss = 1.5607 avg = 1.6353
  seed: sh after,
That L
  gen:  sh after,
That Lorthmaive the lord partients too, since'ence,
The perche it the stince and in anow markent,
Trostanl

Step 50750/214000 (epoch 5): loss = 1.7919 avg = 1.6532
  seed: ever Katharina w
  gen:  ever Katharina while, while to-man
for in her speasing his me in it, and such is a me his
sack spees as a will not d

Step 50800/214000 (epoch 5): loss = 1.3399 avg = 1.6055
  seed: r then is free a
  gen:  r then is free a mave good:
Why beggainst of a suffected dull him an hadst that I may hast takes
As me was her, him 

Step 50850/214000 (epoch 5): loss = 1.5895 avg = 1.5846
  seed:  lands,
And in p
  gen:   lands,
And in pardon the perture and to agaughter,
And in a get so chall shall with her thee,
And I have to and sti

Step 50900/214000 (epoch 5): loss = 2.0689 avg = 1.5596
  seed:  Kate like the h
  gen:   Kate like the her wish'd,
Some, and wear the come. Bate.

KATHARINA:
For for is any your being of this chole,
To we

Step 50950/214000 (epoch 5): loss = 1.3010 avg = 1.5737
  seed: hat's but a cavi
  gen:  hat's but a cavint:
Now, man say.

PETRUCHIO:
That on, Have, such have burse made,
lyou yiarly are hell set myself,

Step 51000/214000 (epoch 5): loss = 2.1859 avg = 1.6166
  seed: rned, a pair
of 
  gen:  rned, a pair
of a aminio, and for stains, hear knew,
That to company harpustion thoughtservinguest.

KATHARINA:
What

Step 51050/214000 (epoch 5): loss = 1.4206 avg = 1.6240
  seed: dine with me to-
  gen:  dine with me to-morrown all mill,
Andd thee with had chame him father?

GREMIO:
Kate to the till do welcome her pier

Step 51100/214000 (epoch 5): loss = 1.6667 avg = 1.6085
  seed: ow she waded thr
  gen:  ow she waded threed thou are; to the houses,
must I know in yet your masks, and thect,
And good I were the do believ

Step 51150/214000 (epoch 5): loss = 1.4780 avg = 1.6230
  seed: ove, sir, master
  gen:  ove, sir, master come eacom her kind.
Be crave nown how, new all repuss waters? And, where and the life:
And yet of 

Step 51200/214000 (epoch 5): loss = 1.3659 avg = 1.5842
  seed: se you get no be
  gen:  se you get no be credumerly borning and fortentent then,
In marrict.

PETRARINA:
The chore you with you, I say mathe

Step 51250/214000 (epoch 5): loss = 1.7614 avg = 1.5869
  seed: ;
There will we 
  gen:  ;
There will we all the fore to me,
Hore at it, beste the bord, thou lead, time chance.

PETRUCHIO:
About your proce

Step 51300/214000 (epoch 6): loss = 1.6979 avg = 1.5997
  seed: u must
Confess y
  gen:  u must
Confess you, sir, it virtuous his calloved,
And in have dishumous all clouse to uscured
If the scation. Horth

Step 51350/214000 (epoch 6): loss = 1.7525 avg = 1.6182
  seed: eath!
The rabble
  gen:  eath!
The rabbless of the sactions is that steet,
For this stands,---Cuting seep couse you have
Here in mystay of yo

Step 51400/214000 (epoch 6): loss = 1.5767 avg = 1.6412
  seed: g him:
Methinks 
  gen:  g him:
Methinks mundence of cannot it.

MARCINIUS:
Nather we worthing honour some inful in the fear a the seed warin

Step 51450/214000 (epoch 6): loss = 1.5126 avg = 1.6458
  seed: n the sudden,
Cl
  gen:  n the sudden,
Clow me or him makes a hear slaster.

That sould his brap
conders in elsent your seem spech, that you 

Step 51500/214000 (epoch 6): loss = 1.5435 avg = 1.6400
  seed: ear not our care
  gen:  ear not our care a shall withie cacks
A perchine and the power filifest as then arms
Soft-hich contrices he than the

Step 51550/214000 (epoch 6): loss = 1.7364 avg = 1.6423
  seed: pitable canon, w
  gen:  pitable canon, what to that kinds,
And the will mind the seep to with, I speak the best
Were countress off, that gow

Step 51600/214000 (epoch 6): loss = 1.6578 avg = 1.6508
  seed: hat:
an he had s
  gen:  hat:
an he had send and abouch face some and were it
shall too this mirly of the preson the countreat
I proface and 

Step 51650/214000 (epoch 6): loss = 1.2584 avg = 1.6403
  seed: rs and eyes for 
  gen:  rs and eyes for though not her fame and Wors;
And his such not and to duder the vid!

BRUTUS:
I he leversess of thit

Step 51700/214000 (epoch 6): loss = 1.2221 avg = 1.6258
  seed:  Coriolanus, are
  gen:   Coriolanus, are speeps to mable
me blazed. Have told the Doth reight
Some, singd love your to the pottle speak wee 

Step 51750/214000 (epoch 6): loss = 1.1386 avg = 1.5768
  seed: erefore give
you
  gen:  erefore give
your e' in be stroughts creet is to like
Cowering not kiss. There hour age you honour gentle,
my then b

Step 51800/214000 (epoch 6): loss = 1.9467 avg = 1.5613
  seed: m whence came
Th
  gen:  m whence came
That hat your have unath you senators,
That your do grather of my say if you
And by to met on in this 

Step 51850/214000 (epoch 6): loss = 1.8711 avg = 1.5446
  seed: l,'
His popular 
  gen:  l,'
His popular the his man conso, calle pleasure us
That give tenyy so for they face.

CORIOLANUS:
We she gate the 

Step 51900/214000 (epoch 6): loss = 1.3753 avg = 1.5412
  seed: 

COMINIUS:
Come
  gen:  

COMINIUS:
Come o' on; what by dispobers:
Be have what as that the gits
The these seatiton, gods! and mercaus.

MEN

Step 51950/214000 (epoch 6): loss = 1.5487 avg = 1.5405
  seed: Before he should
  gen:  Before he should consul sumborn
Ten your honour to of with his bring with ones
The stand, with story whosions to hea

Step 52000/214000 (epoch 6): loss = 1.4727 avg = 1.5471
  seed: old prerogative
  gen:  old prerogative
Of his beform this dischooly manners, like.

MENENIUS:
Metendes them and my lost to voice: but as fa

Step 52050/214000 (epoch 6): loss = 1.6645 avg = 1.5299
  seed:  blows,
When mos
  gen:   blows,
When most to the my tears, peaces Lake you mane bear's part
That my more his pady home ever meants
To he fir

Step 52100/214000 (epoch 6): loss = 1.8044 avg = 1.5374
  seed:  heard it
said, 
  gen:   heard it
said, good as is heart.
Honour day sold to are to to age one.

BRUTUS:
go their with the had all man of wo

Step 52150/214000 (epoch 6): loss = 1.7740 avg = 1.5355
  seed: t if so be
Thou 
  gen:  t if so be
Thou treastenst of many and thou
ments, yet wele would in telland woulds,
Shoutship wour stands a witle a

Step 52200/214000 (epoch 6): loss = 1.6510 avg = 1.5436
  seed: af, sleepy, inse
  gen:  af, sleepy, insened, we have
Should him all i' makes we as Rome entreats our stirtue,
And bready!

First Servange th

Step 52250/214000 (epoch 6): loss = 1.5954 avg = 1.5459
  seed: ing upon Rome, s
  gen:  ing upon Rome, sir, peace to My partise
Than a did consurbour he to it the fair a will
Baimong to singues: like go y

Step 52300/214000 (epoch 6): loss = 1.1486 avg = 1.5491
  seed: MENENIUS:
What s
  gen:  MENENIUS:
What stain tall and not it, the had to love had
That he so have so: home, can to are worth
A good not ban 

Step 52350/214000 (epoch 6): loss = 1.2474 avg = 1.5424
  seed: ent for keeping 
  gen:  ent for keeping to request; cousabs their both
with take works than a can theman:
What poold your godst it.

CORIOLA

Step 52400/214000 (epoch 6): loss = 1.3916 avg = 1.5750
  seed:  this world.

VI
  gen:   this world.

VIRGILIA:
Go, we min them, in, and say talk certain the
ear for us swords than art
And, if a by cursho

Step 52450/214000 (epoch 6): loss = 1.5223 avg = 1.5843
  seed: !

MENENIUS:
Thi
  gen:  !

MENENIUS:
This he'll to't of old counter my knew are hope.

SICINIUS:
Whille!
A never as fight, and your the perw

Step 52500/214000 (epoch 6): loss = 1.7657 avg = 1.5732
  seed: tis there,
That,
  gen:  tis there,
That, that he vair of the dants men, and too to your
most a have is to us; hear
Most his partition. Con, 

Step 52550/214000 (epoch 6): loss = 1.5188 avg = 1.6159
  seed: ve nought to do.
  gen:  ve nought to do. Thu not my more the to the
Was and his sumbanish should be to benels,
That your sut mans preson, hi

Step 52600/214000 (epoch 6): loss = 1.4672 avg = 1.6187
  seed: .

LADY ANNE:
O 
  gen:  .

LADY ANNE:
O just Spress, gods suppty lord, by see
That I thought bloodmond of my content,
And throthal be set al

Step 52650/214000 (epoch 6): loss = 1.1774 avg = 1.5402
  seed: UCESTER:
But sha
  gen:  UCESTER:
But shall matted the pack the to dead,
From is up thumble be should brost.

LADYow, lack? and prefaties in 

Step 52700/214000 (epoch 6): loss = 1.5237 avg = 1.5647
  seed: tle person made 
  gen:  tle person made have your come,
Then, leep noble rapor none the husbant that weed.

BUCKINGHAM:
To daught, what shop

Step 52750/214000 (epoch 6): loss = 1.6861 avg = 1.5493
  seed: d in mine!
Long 
  gen:  d in mine!
Long the excuself joysUpon preson you friend.

QUEEN MARGARET:
True fareward thou country husband hearts 

Step 52800/214000 (epoch 6): loss = 1.7854 avg = 1.5433
  seed: f holy writ;
And
  gen:  f holy writ;
And upon a never incess a shoed they was be now.

GLOUCESTER:
I did I am was ambook to was it the chale

Step 52850/214000 (epoch 6): loss = 1.4103 avg = 1.5574
  seed: n dregs of consc
  gen:  n dregs of conscred,
On a with my the where and the kill being,
And bitter soled, and alare did the vory
Thought hat

Step 52900/214000 (epoch 6): loss = 1.0090 avg = 1.5131
  seed: s deed will hate
  gen:  s deed will hate farence rest.

But, at decer, eventer, thee.

CLORNARENCE:
Tralk thoufferendentle thou queen:
For t

Step 52950/214000 (epoch 6): loss = 1.6519 avg = 1.5179
  seed: and bade me be a
  gen:  and bade me be able will his purded
To heart tog-nour not the thy my stood,
And the lead slayer doth be arm is world

Step 53000/214000 (epoch 6): loss = 1.4180 avg = 1.5302
  seed: her, I do cry yo
  gen:  her, I do cry your good do a wift,
And perry be muse do will his kings,
Which in in fall us unto this my pyear your?

Step 53050/214000 (epoch 6): loss = 1.3787 avg = 1.5261
  seed:  OF YORK:
His nu
  gen:   OF YORK:
His nus despure the to heart noble be to more.

DUCHESS OF YORK:
If thought shall gone to King Lord!

GLOU

Step 53100/214000 (epoch 6): loss = 1.3540 avg = 1.5136
  seed: man,
I'll win ou
  gen:  man,
I'll win our of an with in heare to storroy.

BUCKINGHAM:
All deseect thy like from hord, see in prettine.

KIN

Step 53150/214000 (epoch 6): loss = 1.7226 avg = 1.4844
  seed: To trust the moc
  gen:  To trust the mocks help the lord,
To the tills grembers it the uncless 'twere me
To should commonger to the seemness

Step 53200/214000 (epoch 6): loss = 1.2773 avg = 1.4787
  seed:  of yours;
Nor I
  gen:   of yours;
Nor I may suchard me with two, my rection,
I will the for your crience a far shallous.

First Messer were

Step 53250/214000 (epoch 6): loss = 1.5650 avg = 1.5036
  seed:  me and my good 
  gen:   me and my good for in their strenge
Had your look'd unwards you
Both bearinghed look hath hence,
I soldiestion, and

Step 53300/214000 (epoch 6): loss = 1.4248 avg = 1.5321
  seed:  for myself,
No 
  gen:   for myself,
No the dield cower much never yourself
Undent me of the look'd that not noble poor
Your truck the poor 

Step 53350/214000 (epoch 6): loss = 1.6202 avg = 1.5446
  seed: 
From the corrup
  gen:  
From the corrupt nate he though not the death:
Being for the death true of true chorth.

GLOUCESTER:
Nather'd I gra

Step 53400/214000 (epoch 6): loss = 1.6483 avg = 1.5307
  seed: sleep,
But have 
  gen:  sleep,
But have stime would station take them,
And me thousful the kind me and to head.
A majestience of Richat, was

Step 53450/214000 (epoch 6): loss = 1.2616 avg = 1.4997
  seed: hy, then resolve
  gen:  hy, then resolvely there spelling to much.

KING RICHARD III:
They dear ontry blood's not their sund,
For him to the

Step 53500/214000 (epoch 6): loss = 1.9074 avg = 1.5590
  seed: o buy souls
And 
  gen:  o buy souls
And that that mentlembles, and it my hath arwear
Erby that here play your call, my well I padient.

BUCK

Step 53550/214000 (epoch 6): loss = 1.3201 avg = 1.5220
  seed: praying nuns, no
  gen:  praying nuns, no be sleep thildren,
Do bacorn the see that sould usurp comish drock:
They thank umsirance; sence tak

Step 53600/214000 (epoch 6): loss = 1.6023 avg = 1.4814
  seed: flame
Of golden 
  gen:  flame
Of golden which whose dramitation, and him.

KING RICHARD IIV:
Good thou be mentlanders so their Come to her!

Step 53650/214000 (epoch 6): loss = 1.6098 avg = 1.4487
  seed: n make,
And meet
  gen:  n make,
And meether of their with in my thou brother.

KING RICHARD III:
I be my help, a me them all yet is desatess

Step 53700/214000 (epoch 6): loss = 1.5872 avg = 1.5011
  seed: jest.
Thus doth 
  gen:  jest.
Thus doth and war hand the saise, sir,
Nor the bear is the slaighty heart's grie
But they to thou gear impail 

Step 53750/214000 (epoch 6): loss = 1.6002 avg = 1.5435
  seed: h troubled thoug
  gen:  h troubled thought,
I triew'st to beetizen sit the lord.
With his done, I correft I one be eart,
Whith he enhim to h

Step 53800/214000 (epoch 6): loss = 1.5520 avg = 1.5540
  seed: rs shall be plac
  gen:  rs shall be place,
And reverance whom my lords vilty faith.

KING RICHARD III:
Alow shall the on blood and not in th

Step 53850/214000 (epoch 6): loss = 1.7518 avg = 1.5730
  seed: und inhabitable,
  gen:  und inhabitable,
The head foot him? brife, and to a good ewhat both
YORK:
These I can this coling frief of eight,
Wh

Step 53900/214000 (epoch 6): loss = 1.8077 avg = 1.5874
  seed:  you, we shall s
  gen:   you, we shall so a be,
The hast I saking Dight make to death,
Which make for the queen deed him;
Nour recred and bu

Step 53950/214000 (epoch 6): loss = 1.8296 avg = 1.5789
  seed: ne a tear
For me
  gen:  ne a tear
For men to make thee foot the king;
For blow tear must son and trieved, and him,
Whom I seved where for th

Step 54000/214000 (epoch 6): loss = 1.3970 avg = 1.5938
  seed: WBRAY:
No, Bolin
  gen:  WBRAY:
No, Bolinghafe nime in strains mother?
And thou said York, in a shall stret
With a follow on halness tone lif

Step 54050/214000 (epoch 6): loss = 1.6284 avg = 1.5688
  seed: ople;
How he did
  gen:  ople;
How he did sea, hath wis his dispirt,
It love nobbles to me many of the kissin,
Yours thou stings, Speaking is

Step 54100/214000 (epoch 6): loss = 1.7473 avg = 1.5916
  seed:  liest in reputa
  gen:   liest in reputatition
A father father farewels with man shor'd treat.

ESCOMFONZUCHESS OF YORK:
Marses, dimsence th

Step 54150/214000 (epoch 6): loss = 1.5094 avg = 1.5759
  seed: hou wouldst spea
  gen:  hou wouldst speak not do.

KING RICHARD II:
Go, in for that son sudest aunts addon,
Nor exence more homes of and set

Step 54200/214000 (epoch 6): loss = 1.6169 avg = 1.5896
  seed: BUSHY:
Despair n
  gen:  BUSHY:
Despair nother's greeve of the heaving me blood;
Then thou to how not live to nothing so very;
Which, ashame 

Step 54250/214000 (epoch 6): loss = 1.5227 avg = 1.5706
  seed: eard;
And in it 
  gen:  eard;
And in it good lovereit the king;
No commond in hath deat thou judgmentled
That those me, such far as the sinc

Step 54300/214000 (epoch 6): loss = 1.8643 avg = 1.5531
  seed: thy glory like a
  gen:  thy glory like all
From his be mern way, and you dure to winder away.

DUKE OF YORK:
Live to gave the beard, and lig

Step 54350/214000 (epoch 6): loss = 1.6579 avg = 1.5560
  seed: glory. Look not 
  gen:  glory. Look not heave souls my light,
And the confedill nerth greath enough all prott
Than hid in the can the my hat

Step 54400/214000 (epoch 6): loss = 1.3684 avg = 1.5711
  seed: sbury
Is gone to
  gen:  sbury
Is gone to haven, and woe, grous: live face hear and sever.

ESCS OF OLISHURF STANO:
Sof the house day double 

Step 54450/214000 (epoch 6): loss = 0.9820 avg = 1.5463
  seed: ee and me.

DUKE
  gen:  ee and me.

DUKE OF AUMERLE:
The gentle and be senself from trust friend bake,
That complegy; and is him be shall ho

Step 54500/214000 (epoch 6): loss = 1.5025 avg = 1.5732
  seed: ready, and depos
  gen:  ready, and deposon, my good the to heart mades
Wastering that been for of took off my known
Or I call we in ormender

Step 54550/214000 (epoch 6): loss = 1.9085 avg = 1.5644
  seed: e ensign of the 
  gen:  e ensign of the king it.

LORD:
As IIL:
To should weat not me shall trait me;
And a by I send wEngland I mustay wond

Step 54600/214000 (epoch 6): loss = 1.6639 avg = 1.5629
  seed: op
To read a lec
  gen:  op
To read a leconvite, and ambs the sealt.

DUKE OF AUMEERENCHURY BOFLERLARD IV:
Harrele cares.
Ahere stend thee! w

Step 54650/214000 (epoch 6): loss = 1.5278 avg = 1.5499
  seed: f men.
Good some
  gen:  f men.
Good some thou hath again, I that is wells time:
If copoll sorrow and did a fashall a lies.

HENRY BOLINGBROK

Step 54700/214000 (epoch 6): loss = 1.4697 avg = 1.5299
  seed: ORK:
What should
  gen:  ORK:
What should men's do grace the of any commened;
Where he clouch wish deside man one,
Have scapent sigIts will o

Step 54750/214000 (epoch 6): loss = 1.4850 avg = 1.4926
  seed: for your foul si
  gen:  for your foul sinter may waddereous, accaim WAge,
That heir strong and some our prote should faoly till'd,
And an th

Step 54800/214000 (epoch 6): loss = 1.7031 avg = 1.5195
  seed:  minutes, times,
  gen:   minutes, times, who the gracious,
Which but twhild again it no him even is the not,
Show man be the king; shore dea

Step 54850/214000 (epoch 6): loss = 1.5405 avg = 1.5475
  seed:  myself a tyrant
  gen:   myself a tyrant,
Thou was from thy thy now thy ogear;
But as all the dear this flower so sorrow,
What march king co

Step 54900/214000 (epoch 6): loss = 1.6557 avg = 1.5856
  seed: in his view,
Sho
  gen:  in his view,
Show die the we queen rew here moves from accome, presager is words;
Your with the gear sweet as all yo

Step 54950/214000 (epoch 6): loss = 2.2325 avg = 1.6230
  seed: io; Signior Plac
  gen:  io; Signior Place, were unday,
But or bears, and more, fair grace the please?

Shere the or some, and how was faire 

Step 55000/214000 (epoch 6): loss = 1.6039 avg = 1.6389
  seed: d in
the pantry,
  gen:  d in
the pantry, blood face as thou mast flour's of ours.

PETEN:
No me shalt, sic, elst content. Good, foot
A happa

Step 55050/214000 (epoch 6): loss = 1.6275 avg = 1.6846
  seed: o dance? she tha
  gen:  o dance? she that we with a words,
Even the strucking crower bid as thrish clang,
And watchis can pity with it ontre

Step 55100/214000 (epoch 6): loss = 1.3935 avg = 1.6546
  seed: centre out.

BEN
  gen:  centre out.

BENVOLIO:
I wilt the may, the cover it die, have shall sit blave.

Nur, contabound these old then with 

Step 55150/214000 (epoch 6): loss = 1.3255 avg = 1.6287
  seed: tleman, I'll pro
  gen:  tleman, I'll profor my friends.

CAPULET:
Then a who homethard!
Thou art thou mbay.

ROCHOLIO:
I shall peace there?

Step 55200/214000 (epoch 6): loss = 1.3057 avg = 1.6119
  seed:  father? no;
I h
  gen:   father? no;
I have soul and ust but as son nay,
Come learth tremong weild with his betters come.
Who sleed.
It is r

Step 55250/214000 (epoch 6): loss = 1.6641 avg = 1.6350
  seed: 
thou what thou 
  gen:  
thou what thou post wingeace more and earth.

Wall withou so besciatet.

ROMEO:
Ricman: sweet no wed were the with 

Step 55300/214000 (epoch 6): loss = 1.6139 avg = 1.6323
  seed:  sad?
Though new
  gen:   sad?
Though news the swell west my sill to him.

MERCUTIO:
Nurse:
Will you!
Nurder, where's thus shall not of thee,

Step 55350/214000 (epoch 6): loss = 1.3623 avg = 1.6129
  seed: d and a blow.

T
  gen:  d and a blow.

TYBALT:
They mach comes the gentlementleman: what huse truth:
And that your joy hood as a
yed up in t

Step 55400/214000 (epoch 6): loss = 1.5935 avg = 1.6036
  seed:  him false; he s
  gen:   him false; he sweet cousin thine,
And killant she slepp. anst my lindrenage.

BENVET:
O, sir, it down this good you

Step 55450/214000 (epoch 6): loss = 1.6243 avg = 1.6158
  seed:  said 'Tybalt's 
  gen:   said 'Tybalt's soft our night heres?

JULIET:
Nots me; thou done here world, or shall englon,
Where the lay wishoul

Step 55500/214000 (epoch 6): loss = 1.6280 avg = 1.6027
  seed: ng beast in seem
  gen:  ng beast in seem it then the so hens?

Nurse, is to me, I me'er in here: is is with very blings!

MERCUTIO:
Why, her

Step 55550/214000 (epoch 6): loss = 1.3741 avg = 1.6047
  seed: d.

JULIET:
Art 
  gen:  d.

JULIET:
Art with the show other to lame an you hat,
Romeo, the voing tear, of thou have take!

Nurse: Let is mas

Step 55600/214000 (epoch 6): loss = 1.8513 avg = 1.5829
  seed: ave her match'd:
  gen:  ave her match'd:
The now, he is a tiding banises, and to kissere
What, I wilt son would death, tears beling,
This bu

Step 55650/214000 (epoch 6): loss = 1.5389 avg = 1.5461
  seed: est, I'll give t
  gen:  est, I'll give to bready I'll mi first,
Let pity thou will none lord from earth some
The strong be conster but it no

Step 55700/214000 (epoch 6): loss = 1.6095 avg = 1.5593
  seed:  shroud; where, 
  gen:   shroud; where, should who shall I;
And the viss so, let he libe pace she cared means.

LADY CAPULET:
Mere say count

Step 55750/214000 (epoch 6): loss = 1.5395 avg = 1.5819
  seed:  corse unto her 
  gen:   corse unto her day;
And that done the last soor leaved as is it:
What lack, and kill the shady.
Thing thou discal, 

Step 55800/214000 (epoch 6): loss = 1.6455 avg = 1.6324
  seed: ind a bare-foot 
  gen:  ind a bare-foot of natut
Their and tong everming fitil'd hastes,
That his no for for this holy thy creath
I hath the

Step 55850/214000 (epoch 6): loss = 1.5757 avg = 1.6381
  seed: d! how oft to-ni
  gen:  d! how oft to-night
To holy.'

PARIS:
A heave tell of the help all to marrant:
Thee Neary before met pawdry father.

Step 55900/214000 (epoch 6): loss = 1.5788 avg = 1.6042
  seed: , some minute er
  gen:  , some minute ere art
Edpiesly thee take to himself him, and some war?

Sess against amontague'st with ab all did
Wi

Step 55950/214000 (epoch 6): loss = 1.3509 avg = 1.5744
  seed: 
In following th
  gen:  
In following this eave then that of blood
Par-thearing and griar and I am the rade
And is his live, the god the war

Step 56000/214000 (epoch 6): loss = 1.4216 avg = 1.4983
  seed:  I, with grief a
  gen:   I, with grief all ords:
His shall with thus stoness graven sufforce?

KING HENRY VI:
Greate of I to the death thou,

Step 56050/214000 (epoch 6): loss = 1.7057 avg = 1.5022
  seed: YORK:
Five men t
  gen:  YORK:
Five men trust's fathen'st thou?

FRIAR LAR:
What sweet here be the stready: we strails,
Deate which there to 

Step 56100/214000 (epoch 6): loss = 1.4459 avg = 1.5378
  seed: s napkin with th
  gen:  s napkin with througment
But that with a do bling me make this didd.

NORTHUMBERLAND:
The's not poart the stire weet

Step 56150/214000 (epoch 6): loss = 1.6908 avg = 1.5747
  seed: g by our meeds,
  gen:  g by our meeds,
Which the dofe she father but kinst to man light,
What the rawle shake a been make in the intague.


Step 56200/214000 (epoch 6): loss = 1.6943 avg = 1.5791
  seed: sion,
His oath e
  gen:  sion,
His oath ears unhess father no would in your bed:
But down unlive to lords thou would,
Now gonss would belive 

Step 56250/214000 (epoch 6): loss = 1.2822 avg = 1.5435
  seed:  old York, and y
  gen:   old York, and yet again fares flesh;
Who they onercy to their shond the proced.
WhARWICK:
Ay!'
Here's the for the i

Step 56300/214000 (epoch 6): loss = 1.9132 avg = 1.5381
  seed: wear at the Olym
  gen:  wear at the Olymany.

NORTHUMBERLAND:
No sever lemparthy is ensh'd and not,
And never knows to stand the Edward his 

Step 56350/214000 (epoch 6): loss = 1.5671 avg = 1.5549
  seed: ly, father, fly!
  gen:  ly, father, fly!
Brother sissied dune, sinral o' unstand;
And, I am be new are me mast more breather's king,
Till is

Step 56400/214000 (epoch 6): loss = 1.5207 avg = 1.5468
  seed: s lost.
Here sta
  gen:  s lost.
Here stand the king of thou with through our thee:
My his seat, but thou a doth said teen a speak!

RICHARD:

Step 56450/214000 (epoch 6): loss = 1.1801 avg = 1.4937
  seed: ke exceptions to
  gen:  ke exceptions to seepoke,
This so his alk to-dere were may's honour for now,
And want her thy king his enood seep wo

Step 56500/214000 (epoch 6): loss = 1.9779 avg = 1.4866
  seed:  slay more gazer
  gen:   slay more gazer grather.

KING EDWARD IV:
Ay! what we shalt before other was sore with,
That sunder with to do.

TY

Step 56550/214000 (epoch 6): loss = 1.5655 avg = 1.5059
  seed:  or your denial,
  gen:   or your denial,
Warward with end. Yo, and kenry days;
Why Warwicks late with so much and subbrains therein.
The dre

Step 56600/214000 (epoch 6): loss = 1.3716 avg = 1.4833
  seed: new marriage wit
  gen:  new marriage with him fries the had forbly,
And for him on as landed boths father land
To force the London lack'd, I

Step 56650/214000 (epoch 6): loss = 1.4854 avg = 1.4607
  seed: blood and by all
  gen:  blood and by all was thees than death.

Persuere be letter thy be good that leady,
I know loss thou to someof him ca

Step 56700/214000 (epoch 6): loss = 1.3952 avg = 1.4642
  seed: mes towards Lond
  gen:  mes towards Lond may Henry the secomple lod may
Our when the mad to the for how hates,
But the had by the crown whil

Step 56750/214000 (epoch 6): loss = 1.5039 avg = 1.4729
  seed: l him, to his ha
  gen:  l him, to his hands,
But my sin the to dead that brother,
Will are in sight and law, bands your dead,
And brother sa

Step 56800/214000 (epoch 6): loss = 1.3975 avg = 1.4764
  seed: ne.

EXETER:
The
  gen:  ne.

EXETER:
Then, that he confery plains have be ands,
To conter deseman, my lords, and uncle-brack
To so lord prin

Step 56850/214000 (epoch 6): loss = 1.3374 avg = 1.4804
  seed: ults,
For I will
  gen:  ults,
For I will beates sould wishow brother
Of his so the thou know, the house to again.
That I would before, here 

Step 56900/214000 (epoch 6): loss = 1.6187 avg = 1.5117
  seed: here--as God for
  gen:  here--as God for a will willing that black.
Why threat from up and the childrengtated.
And the leave thy to have the

Step 56950/214000 (epoch 6): loss = 1.3700 avg = 1.4783
  seed:  my lord. What, 
  gen:   my lord. What, procastes, would and that?

MONTAGUE:
O, thou wast lation to the word, and condry,
What I wilt us? '

Step 57000/214000 (epoch 6): loss = 2.0395 avg = 1.5237
  seed: ervices are now 
  gen:  ervices are now the more the rest;
Which most Edwards not time of the love oppris meen
That shall enemy to side and 

Step 57050/214000 (epoch 6): loss = 1.3163 avg = 1.5908
  seed: not.
Hermione, m
  gen:  not.
Hermione, men'd fare noble there to your be make
Such to Clarencely to tongued mild the queen,
If then my dest 

Step 57100/214000 (epoch 6): loss = 1.1699 avg = 1.6305
  seed: nger.

LEONTES:
  gen:  nger.

LEONTES:
No be that blay, so bise and and Lamilest
That earth thou he queen a be men the sconce; you have, yo

Step 57150/214000 (epoch 6): loss = 1.4913 avg = 1.6447
  seed: 

POLIXENES:
The
  gen:  

POLIXENES:
The was of a womatal, thou do be thought nothine
Mestrive all our have doth mased a with,
And comang to

Step 57200/214000 (epoch 6): loss = 1.6977 avg = 1.6240
  seed: n scour so on th
  gen:  n scour so on the dear and our
To and encuse the sad swice true you sove surp
Which e' some me saunt, new thouse; wh

Step 57250/214000 (epoch 6): loss = 1.5763 avg = 1.6244
  seed: tter,
The loss, 
  gen:  tter,
The loss, for, some where each
Clowed she and fehal knee me at being?

MAMILLAMENES:
Brace, power's and theref

Step 57300/214000 (epoch 6): loss = 1.3442 avg = 1.6163
  seed: t me:
I knew she
  gen:  t me:
I knew she way see, foul will too love,
The sent were her his fright, the not live shamest you a hargess;
I pr

Step 57350/214000 (epoch 6): loss = 1.7184 avg = 1.5915
  seed: some remote and 
  gen:  some remote and no one do his bastreds
To by the was into the ringation here it!

PAULINA: and head if this some is 

Step 57400/214000 (epoch 6): loss = 1.7112 avg = 1.6074
  seed: is presence
I am
  gen:  is presence
I am the worage hear reas body seecrence
To child his orst; and that bifination,
Show at on Clefe to ope

Step 57450/214000 (epoch 6): loss = 1.5537 avg = 1.6048
  seed: ll visit
The cha
  gen:  ll visit
The changer doth is conture the bitter,
I been his endwears procain's dispeenle
To the donst, year
A pray t

Step 57500/214000 (epoch 6): loss = 1.4509 avg = 1.6583
  seed: at he is, fetch 
  gen:  at he is, fetch now then to cons.

LEONTES:
Patiest this; spect and what would word.

For Ireek mine as when highned

Step 57550/214000 (epoch 6): loss = 2.0559 avg = 1.7004
  seed: ; dates?--none, 
  gen:  ; dates?--none, see the bearing the comes. Can to have a made
don some of you are, than in he courtion.

Sheed of th

Step 57600/214000 (epoch 6): loss = 1.5946 avg = 1.6906
  seed:  You are retired
  gen:   You are retired and
but her need proclong
for thed breath the partience of bid a bless
Event, I stimprethee, and my

Step 57650/214000 (epoch 6): loss = 1.9846 avg = 1.6843
  seed: le conceited
fel
  gen:  le conceited
fell older with much again clour mand sile,
Should ollown see too the wange.

POLIXENES:
Where o' born,

Step 57700/214000 (epoch 6): loss = 1.7849 avg = 1.6743
  seed:  would have rans
  gen:   would have rans:
Your life them fonest my recome to meet.

Clown:
Therefence, their part; and where all be the mery

Step 57750/214000 (epoch 6): loss = 1.7131 avg = 1.6328
  seed: mar the seeds wi
  gen:  mar the seeds with you joy, too live do subid,
Which not fitire your hearth of have shall make.

FLORIZEL:
I willow!

Step 57800/214000 (epoch 6): loss = 1.7664 avg = 1.6139
  seed: d keys off that 
  gen:  d keys off that not
To find me better, and most death down
By hunder anscrucking prother, you had horse and spokes
O

Step 57850/214000 (epoch 6): loss = 1.1564 avg = 1.5868
  seed: n this hour, if 
  gen:  n this hour, if the should and the come any to tell maker
old an her
this sile: your in tonger, now your was the sta

Step 57900/214000 (epoch 6): loss = 1.5171 avg = 1.5905
  seed: I
Had squared me
  gen:  I
Had squared me show'd my promest:
And, who was they may pleased, be wittle.

PERDITA:
For stay?

FLORIZEL:
Forhoon

Step 57950/214000 (epoch 6): loss = 1.4893 avg = 1.5863
  seed: erd's daughter.
  gen:  erd's daughter.

PAULINA:
There for my time,--
I shall would brince that her hath or alest
spering throught tell far

Step 58000/214000 (epoch 6): loss = 1.3902 avg = 1.5886
  seed:  and princes; fo
  gen:   and princes; fond of he was seekly and
tentleman, one of apperity? Peas; fremion on, you behild,
For behather shalk

Step 58050/214000 (epoch 6): loss = 1.7200 avg = 1.5666
  seed: shamed: does not
  gen:  shamed: does not the
me well them? knew my like wellander; and of
The they be Pater better toan,
Or be be the shall 

Step 58100/214000 (epoch 6): loss = 1.6145 avg = 1.5744
  seed: ly,
Lent him our
  gen:  ly,
Lent him our pastings; one out time the more.

CAMILLO:
I have to destake.

LEONTES:
When how take could did!
Al

Step 58150/214000 (epoch 6): loss = 1.2581 avg = 1.5639
  seed: o learn the trut
  gen:  o learn the truth a this do the speak.

LUCIO:
Ay, there of aluse comes,
To all to daughter, thou have is a art the 

Step 58200/214000 (epoch 6): loss = 1.6853 avg = 1.5945
  seed: rum.

FRIAR THOM
  gen:  rum.

FRIAR THOMIONE:
Art a purse
and that the ence her sabrited of other
And head mand him stand profe offesh that

Step 58250/214000 (epoch 6): loss = 1.5839 avg = 1.5898
  seed: we do not see
We
  gen:  we do not see
We father your felieve an a dukers your sees.

LUCIO:
Why, with to heart profest of unto pitone
With t

Step 58300/214000 (epoch 6): loss = 1.8101 avg = 1.5630
  seed: aitiff! O thou v
  gen:  aitiff! O thou virtuest this confessick here.

MASANGELO:
Ay, how she they, as poot to sight
sopen to you wome, then

Step 58350/214000 (epoch 6): loss = 1.3946 avg = 1.5427
  seed:  meet the blow o
  gen:   meet the blow of be sledige.

Provome, your, sir, sir, I have would so be
If see be.

ESCALUS:
And justicen of bett

Step 58400/214000 (epoch 6): loss = 1.6127 avg = 1.5454
  seed: to hear her spea
  gen:  to hear her speak that that you haven
ind but your speak for or this like most the
To say, were me this with that no

Step 58450/214000 (epoch 6): loss = 1.5626 avg = 1.5316
  seed: to save his life
  gen:  to save his life offend eate we two the stay.
The hangent in
Provost of his rooks tempesent as and honour
It the of 

Step 58500/214000 (epoch 6): loss = 1.5478 avg = 1.5492
  seed: ds all even.

CL
  gen:  ds all even.

CLAUDIO:
There it on chast forceding to do believer it,
Of ince of your better love better my must to 

Step 58550/214000 (epoch 6): loss = 1.2316 avg = 1.5379
  seed: ime.

DUKE VINCE
  gen:  ime.

DUKE VINCENTIO:
I die throue, Isable
Do do them the evile the sturn, your for flibe
To brothing my soul; but b

Step 58600/214000 (epoch 6): loss = 1.7101 avg = 1.5554
  seed:  free!

ELBOW:
H
  gen:   free!

ELBOW:
His this gentle be amise honour, and that? thou dishow
that my brand sever her what it we that for re

Step 58650/214000 (epoch 6): loss = 1.5368 avg = 1.5499
  seed: s Claudio is con
  gen:  s Claudio is confit at a said I for this
ping.

DUKE VINCENTIO:
Yet slaysed he to this custome for him, fear rust.


Step 58700/214000 (epoch 6): loss = 1.3215 avg = 1.5480
  seed: ,
That stays upo
  gen:  ,
That stays upon the day, and have his with the
freture I vice mean this
hanger to that as say take; and honour to 

Step 58750/214000 (epoch 6): loss = 1.0452 avg = 1.5348
  seed: ely, for he hath
  gen:  ely, for he hath fit him, by a come the would such
The thie he from corder, if the strance his great? You spose hows

Step 58800/214000 (epoch 6): loss = 1.4570 avg = 1.5460
  seed: am come to advis
  gen:  am come to advise?
The leavent.

Provost: a what you.

DUKE VINCENTIO:
There is angelo.

DUKE VINCENTIO:
Even your s

Step 58850/214000 (epoch 6): loss = 1.5766 avg = 1.5178
  seed: injustice,
they 
  gen:  injustice,
they heart hid by the it bark shall seen a worthin.

LUCIO:
If he sube you the of mill-offess have did,
W

Step 58900/214000 (epoch 6): loss = 1.2957 avg = 1.5163
  seed:  bid to speak.

  gen:   bid to speak.

FRIAR VINCENTIO:
What father blead. SAM:
Sir, when not the straim our confe in't.

ISABELLA:
He not 

Step 58950/214000 (epoch 6): loss = 1.4187 avg = 1.4858
  seed: ars since there 
  gen:  ars since there such was man;
And they presed impersed your and be enteen.

DUKE VINCENTIO:
And all from had ever sp

Step 59000/214000 (epoch 6): loss = 1.4989 avg = 1.4897
  seed: ail these gentle
  gen:  ail these gentle to here me, and this mad
mot here to me all more.

LUCIO:
Look the had for his of my so the for him

Step 59050/214000 (epoch 6): loss = 1.4722 avg = 1.4756
  seed: , sir, and hange
  gen:  , sir, and hange;
If pity look me say mand.
Do you good is to you but the subject under as most
But think the still 

Step 59100/214000 (epoch 6): loss = 1.5979 avg = 1.5460
  seed: e action,
Such a
  gen:  e action,
Such as a have can prover eye, you warrive,
Craster may sincile for the knew to you worthy will:
Thou muse

Step 59150/214000 (epoch 6): loss = 1.4853 avg = 1.5961
  seed: rds
call ladies.
  gen:  rds
call ladies.

Lord:
I mead now and advabe my lord:
You Isabel hoy part a most he mine of a servant:
How noth his

Step 59200/214000 (epoch 6): loss = 1.7484 avg = 1.6386
  seed:  of our quarrel 
  gen:   of our quarrel accet and me you me,
For by say place a lost poor shall in med a known
And your giver mercy will son

Step 59250/214000 (epoch 6): loss = 1.6101 avg = 1.6136
  seed: 
'Tis a very exc
  gen:  
'Tis a very excertaiten all queen I were's such:
For jous do.

DUCENTIO:

That here rest paster, come mark'd shall 

Step 59300/214000 (epoch 6): loss = 1.4096 avg = 1.6264
  seed: er!
Master, mast
  gen:  er!
Master, mastes such'd look way of my per
man her the was your with then to there woulds to that or fellow ands,

Step 59350/214000 (epoch 6): loss = 1.7294 avg = 1.5836
  seed: as adversaries d
  gen:  as adversaries do me others,
And sime a signal I have stand you we is shall enor tears.

HORTENSIO:
Pear noblest of 

Step 59400/214000 (epoch 6): loss = 1.6180 avg = 1.5617
  seed:  gusts will blow
  gen:   gusts will blows,
Berous, my sleep for one. O the pretter?

SLY:
Worsh! where a lawhalk the heard by then them,
Wel

Step 59450/214000 (epoch 6): loss = 1.5258 avg = 1.5366
  seed: o I mean, sweet 
  gen:  o I mean, sweet mine.

KATHARINA:
I wow will not: was our beautes agary;
And you must and strow look whatsmes,
Ilent

Step 59500/214000 (epoch 6): loss = 1.6920 avg = 1.5609
  seed:  hide!
Yet I hav
  gen:   hide!
Yet I have amon'd as good than my oath:
She give you mares as, be be converewith ness of at my cus:
God my wi

Step 59550/214000 (epoch 6): loss = 1.7962 avg = 1.6140
  seed: all of sheeps le
  gen:  all of sheeps leave.

KATHARINA:
I know is eyes man becing that you part,
And head: I cannot of this good brokent:
T

Step 59600/214000 (epoch 6): loss = 1.0802 avg = 1.5928
  seed:  not be.

GREMIO
  gen:   not be.

GREMIO:
That, come, and pristines the rooth with not brides
Waster the praison my part of you rewner,
But 

Step 59650/214000 (epoch 6): loss = 1.8435 avg = 1.6032
  seed: rters of an indi
  gen:  rters of an indid.

RUCHbout now be dong dase: the know, soon wither.

CURTIS:
Sir, to that on the by heave home hor

Step 59700/214000 (epoch 6): loss = 1.3692 avg = 1.6027
  seed: entire affection
  gen:  entire affection by entrack a word the peasoned with
if a good and you stay thou hast of had in the the
tard is her 

Step 59750/214000 (epoch 6): loss = 1.5260 avg = 1.5645
  seed:  sweet Kate, thi
  gen:   sweet Kate, this his mastert.

GRUMIO:
You have they rack day are meat father,
And made worrows take the else deluk

Step 59800/214000 (epoch 6): loss = 1.8519 avg = 1.5706
  seed: ago, in Genoa,
W
  gen:  ago, in Genoa,
Which shall it steal have the but the more;
Pies spurp be the worn! I scrance, I at thou will.

GRUMI

Step 59850/214000 (epoch 7): loss = 1.8002 avg = 1.5864
  seed: id see and hear,
  gen:  id see and hear,
With rest are both her, sir, at not me strenge
Here on every affeship, and he confess, such amadone

Step 59900/214000 (epoch 7): loss = 1.7032 avg = 1.6010
  seed:  you to 't.
I si
  gen:   you to 't.
I sir, what us, sir, it by have of these
That mean a surt's to they barly thee.

JULIET:
Why acceper the

Step 59950/214000 (epoch 7): loss = 1.6353 avg = 1.6313
  seed: ufidius!

VOLUMN
  gen:  ufidius!

VOLUMNIA:
Not come from oved in the Rate.

This in our pleanions, and enough and left and king bows
Fursel

Step 60000/214000 (epoch 7): loss = 1.4968 avg = 1.6268
  seed: will I carry to 
  gen:  will I carry to where is.

Firstizan:
Hows, I warry, Pollow it yours nerran, and oing.

VALERMARCATUS:
What pray, si

Step 60050/214000 (epoch 7): loss = 1.6545 avg = 1.6200
  seed: Wrench up thy po
  gen:  Wrench up thy poor death doe;
The sweet them from than stempet bears!

Ald have the does the to thanions.

First Mar

Step 60100/214000 (epoch 7): loss = 1.6465 avg = 1.6142
  seed: ay you, who does
  gen:  ay you, who does thou brother
To sconved not to them, good with have to serms,
Yet I tirest of the from about be sho

Step 60150/214000 (epoch 7): loss = 1.3695 avg = 1.6266
  seed: od save your goo
  gen:  od save your good so stitute here as
my me.

MENENVOLIA:
You shall prove a strence a
their cracian sack; you with a

Step 60200/214000 (epoch 7): loss = 1.5342 avg = 1.6141
  seed: us neither to ca
  gen:  us neither to camp,
I will I have that shorted, we contice
Fares teignannot and hastis trothing
and.

COMINIUS:
Thos

Step 60250/214000 (epoch 7): loss = 1.3796 avg = 1.5992
  seed:  apart
That I sh
  gen:   apart
That I she for he before their delust
To for what the cide he constom keep thee,
But be powere's nobling he b

Step 60300/214000 (epoch 7): loss = 1.8892 avg = 1.5620
  seed: nswept,
And moun
  gen:  nswept,
And mound their life, trour such bears?

MENENIUS:
The's work his priding sto was busert conse
arzing not of

Step 60350/214000 (epoch 7): loss = 1.7259 avg = 1.5457
  seed: number,
Repair t
  gen:  number,
Repair that him scemes with trong.

CORIOLANUS:
Then nor fied: you prider your oone war.

CORIOLANUS:
My for

Step 60400/214000 (epoch 7): loss = 1.1601 avg = 1.5217
  seed: hall the people 
  gen:  hall the people 'tter not outched man min this.
I confier, good of gingst, now, proud as his noble would
And the ped

Step 60450/214000 (epoch 7): loss = 1.4002 avg = 1.5266
  seed:  o'erbear
What t
  gen:   o'erbear
What the hath that way meantle ustom:
Why are you have both of it well; when hearinor
That be charge ear, 

Step 60500/214000 (epoch 7): loss = 1.3619 avg = 1.5108
  seed:  peace what each
  gen:   peace what each
In leave in to out all of lands
Hap.

CORIOLANUS:
I loss it you couffer his consure,
I'll houses wh

Step 60550/214000 (epoch 7): loss = 1.2789 avg = 1.5235
  seed: is neck.

SICINI
  gen:  is neck.

SICINIUS:
Methou she mails, so crartly.

SICINIUS:
It is their stution: look so't for them
We thy remot th

Step 60600/214000 (epoch 7): loss = 1.7541 avg = 1.5145
  seed: :
I'll do well y
  gen:  :
I'll do well you, been had his mother afficer
That the leason gived as couraised that face,
That your shall what m

Step 60650/214000 (epoch 7): loss = 1.5112 avg = 1.5219
  seed: ed, already in t
  gen:  ed, already in this orseet before hisfild.

Mercius.

Velsce, thee, so all stroke the can take you speak
As thou swo

Step 60700/214000 (epoch 7): loss = 1.6202 avg = 1.5140
  seed: ble Marcius. Let
  gen:  ble Marcius. Let judgmeness.

CORIOLANUS:
Thou seem in him all be some.

CORIOLANUS:
Welcome! yet goes, my truest an

Step 60750/214000 (epoch 7): loss = 1.4988 avg = 1.5257
  seed:  before
Were in 
  gen:   before
Were in the shows attermies, and a my own that is
all destill out the vouch.

Second Servingman:
Why, he wit

Step 60800/214000 (epoch 7): loss = 1.7577 avg = 1.5275
  seed: anus' exile. Now
  gen:  anus' exile. Now she can the good mean!

SICINIUS:
What, would come: let by are serving.

SICINIUS:
What his conns c

Step 60850/214000 (epoch 7): loss = 1.5806 avg = 1.5316
  seed: give or to forgi
  gen:  give or to forgiEven the voice
And of the did it, not so: yet against their talk up;
And as deservy to be see was be

Step 60900/214000 (epoch 7): loss = 1.6406 avg = 1.5186
  seed: ome tomorrow
Set
  gen:  ome tomorrow
Set your for enemy these good this pluckens
brack you, not man master-proas to his news
Your in this to

Step 60950/214000 (epoch 7): loss = 1.7602 avg = 1.5573
  seed: s we received;' 
  gen:  s we received;' in the roy
By hond such our to for the city, the peope
Their to cannot give and vay love for her ear

Step 61000/214000 (epoch 7): loss = 1.6133 avg = 1.5608
  seed: he life of Rome!
  gen:  he life of Rome! Heave there not ded fur him turns,
To the penservall beness: yet I am than trust;
I ajoy'd forgers.

Step 61050/214000 (epoch 7): loss = 1.3777 avg = 1.5584
  seed: And trouble not 
  gen:  And trouble not on mote
Than general and to our put.

CORIOLANUS:
You bagone i' the people
it horse hear many home M

Step 61100/214000 (epoch 7): loss = 1.6601 avg = 1.5901
  seed: ranchise you.
Me
  gen:  ranchise you.
MessTent, not is prope grace: what you your accaus
Consure you? I!
An this Marches for many home, thou

Step 61150/214000 (epoch 7): loss = 1.4219 avg = 1.5892
  seed: self.

LADY ANNE
  gen:  self.

LADY ANNE:
Well, that good for meanst thereforment
By the solt dient, marken, I havil'd meanlam
To deadie.

L

Step 61200/214000 (epoch 7): loss = 1.7955 avg = 1.5208
  seed: rr'd
At Chertsey
  gen:  rr'd
At Chertsey disely have cargive to extread:
Your deshall shall you a breather kill and mind to him:
Thereaft an

Step 61250/214000 (epoch 7): loss = 1.7339 avg = 1.5441
  seed: ve been
An earne
  gen:  ve been
An earne, cry lords the for what in them:
Which to death, take be for this sensed
In word yone biricest amin

Step 61300/214000 (epoch 7): loss = 1.6217 avg = 1.5312
  seed: ipe,
And then hu
  gen:  ipe,
And then husby, and you in Rome thee holy,
And my rever good my list before and this by.

BUCKINGHAM:
Hather: I

Step 61350/214000 (epoch 7): loss = 1.5440 avg = 1.5229
  seed: ers are no good 
  gen:  ers are no good with ever?

GLOUCESTER:
They say, suffish'd ide that world a not
And ducking with heir of age on the

Step 61400/214000 (epoch 7): loss = 1.8309 avg = 1.5340
  seed:  but it cheques 
  gen:   but it cheques the jure offices of my
First the like to the will dixtoude of he hrings!
O there.
What when of my lo

Step 61450/214000 (epoch 7): loss = 1.1550 avg = 1.4928
  seed: .

First Murdere
  gen:  .

First Murderer:
Why, but his hot with prince their not,
That your glandent, but to show down thee!
For shall to k

Step 61500/214000 (epoch 7): loss = 1.6268 avg = 1.5089
  seed: ave done a drunk
  gen:  ave done a drunk'd,
Be elbunded betward be in in rave the Hom,
Ange the peace freel solth let of body deam,
Show God

Step 61550/214000 (epoch 7): loss = 1.7383 avg = 1.5174
  seed: e train,
Forthwi
  gen:  e train,
Forthwilt gone lorn in your purchament call your corse
To are sorame me searly stribured.

God my children 

Step 61600/214000 (epoch 7): loss = 1.2546 avg = 1.4953
  seed: RK:
Who hath com
  gen:  RK:
Who hath comment here of the grows the place,
And to the shall less of lord griefore!
O there, which stand, the 

Step 61650/214000 (epoch 7): loss = 1.1120 avg = 1.4782
  seed: UCESTER:
He hath
  gen:  UCESTER:
He hath you sence, have will and grieve
But have see call'd fairs, the cry to the
gat brother sould now of 

Step 61700/214000 (epoch 7): loss = 1.1151 avg = 1.4546
  seed: and of the realm
  gen:  and of the realms
Are you woulding to him grace my good with by horse
To that I touch of you, gracious the meanss
Th

Step 61750/214000 (epoch 7): loss = 1.3325 avg = 1.4518
  seed: presence might h
  gen:  presence might he sorrows the good?

CATESBY:
I would this, you frield for my life?

Second Clar they son:
I know, m

Step 61800/214000 (epoch 7): loss = 1.3473 avg = 1.4799
  seed: l your lordship 
  gen:  l your lordship edrech is soul part
Ressandious of the rechish. Look and so a farester whatestip,
That mother, joini

Step 61850/214000 (epoch 7): loss = 1.2951 avg = 1.5050
  seed: at moment,
No le
  gen:  at moment,
No lead was behing new to-day thy seem his broain,
And they to dine other holy do liear in the brings,
Up

Step 61900/214000 (epoch 7): loss = 1.5566 avg = 1.5211
  seed: to your kin,
And
  gen:  to your kin,
And lord to come the stay right prefore my pribless
Hance but I would to. sumplity both,
Mustand it by 

Step 61950/214000 (epoch 7): loss = 1.6102 avg = 1.5118
  seed: w
For tender pri
  gen:  w
For tender prince, to the that you that their, hastes hearful it.

QUEEN ELIZABHABEN:
Go, weate, you shall so true

Step 62000/214000 (epoch 7): loss = 2.2690 avg = 1.4950
  seed: their deaths' sa
  gen:  their deaths' samors,
The power put huDIF Buckinghamond.

DUCKINGHAM:
But that quiet sweet had Clares alter's repire

Step 62050/214000 (epoch 7): loss = 1.7623 avg = 1.5410
  seed: ed a-high, to be
  gen:  ed a-high, to bearly the king;
The curses of here sixtelle a mot thee,
And down durn have remone in that him and
To 

Step 62100/214000 (epoch 7): loss = 1.1291 avg = 1.4912
  seed:  in her birth.

  gen:   in her birth.

QUEEN ELIZABETH:
Thou tear mother'd most Richard this me?

KING RICHARD III:
My praid but time of he

Step 62150/214000 (epoch 7): loss = 1.0728 avg = 1.4601
  seed: r tender years?
  gen:  r tender years?

QUEEN ELIZABETH:
The her to are-hyour death enought your well hape
That is to I'll not him heart he

Step 62200/214000 (epoch 7): loss = 1.5416 avg = 1.4291
  seed: ichmond is on th
  gen:  ichmond is on the for my them say.

KING RICHARD III:
The some grows them.

KING RICHARD III:
Sirst how thy made gol

Step 62250/214000 (epoch 7): loss = 1.7772 avg = 1.4922
  seed: surping boar,
Th
  gen:  surping boar,
Thou poise move turtherish oweruise,
And with with the chard him sword now,
And, my their the mondams'

Step 62300/214000 (epoch 7): loss = 2.1234 avg = 1.5354
  seed: ing Henry VI:

G
  gen:  ing Henry VI:

Good the ain and told of what with way so though me acces.
What you, theremirrs for yound touch thou 

Step 62350/214000 (epoch 7): loss = 1.5934 avg = 1.5245
  seed: :
A thousand hea
  gen:  :
A thousand hear and to my long?

MARCHARD III:
Riche thou are the noble and warliven a quick,
And morn law thouse,

Step 62400/214000 (epoch 7): loss = 1.7488 avg = 1.5518
  seed: ar
Which gently 
  gen:  ar
Which gently shorth the as the arth present.

CATFOLZASTING Semous some, be son, that some,
And in to my that I h

Step 62450/214000 (epoch 7): loss = 1.6436 avg = 1.5674
  seed: f thyself art on
  gen:  f thyself art on fall my Aegety troth ears,
That I remessible strice that while equeen,
And make under in the dear b

Step 62500/214000 (epoch 7): loss = 1.8152 avg = 1.5648
  seed:  lance's point,
  gen:   lance's point,
And my look, to arm: in ment thou pak,
And seed will shal norswer with fight
Am a play me, el fool; 

Step 62550/214000 (epoch 7): loss = 1.3446 avg = 1.5637
  seed: rs and four want
  gen:  rs and four want gone!

UCHESS OF YORK:
Both a hand good of that the breath.

Lord Marst down this hand earth brothe

Step 62600/214000 (epoch 7): loss = 1.4941 avg = 1.5510
  seed: ient manage must
  gen:  ient manage must for of a shing of my ight,
And and of To the in hither for more to bleet I the earth.

HENRY RICHAR

Step 62650/214000 (epoch 7): loss = 1.5079 avg = 1.5735
  seed:  land by lease;
  gen:   land by lease;
On that most dead again the mast then is no encers:
The but hat, leave shall is little of thee,
This

Step 62700/214000 (epoch 7): loss = 1.7442 avg = 1.5574
  seed: commons hath he 
  gen:  commons hath he litter'd:
Go, fiend, and lose night him with way,
With but of her dear to our merring him.

MORK:
Wh

Step 62750/214000 (epoch 7): loss = 1.6131 avg = 1.5669
  seed: Whilst others co
  gen:  Whilst others come his see time.

KING ROSHAND II:
The is our is it so cles to the proves,
We do speak to all be spe

Step 62800/214000 (epoch 7): loss = 1.4064 avg = 1.5446
  seed: s,
Stands for my
  gen:  s,
Stands for my prither abours us the earts grief;
And jike to thrue fland stands from tear,
To compernitor news in

Step 62850/214000 (epoch 7): loss = 1.9077 avg = 1.5351
  seed: lood and lineame
  gen:  lood and lineames,
I know to lie was the with listress wanchault
But and and prief here the ireces would
My you most

Step 62900/214000 (epoch 7): loss = 1.6657 avg = 1.5439
  seed: cannot mend;
The
  gen:  cannot mend;
The wonds deed for think your comfort comming therefore in my for fiend,
With shall lupon the fortal th

Step 62950/214000 (epoch 7): loss = 1.2514 avg = 1.5406
  seed: Mistake not, unc
  gen:  Mistake not, uncle ince to my low!
See his to my hold for time there, nothing with our accome
An suff, power and dri

Step 63000/214000 (epoch 7): loss = 1.5877 avg = 1.5371
  seed: ome way of commo
  gen:  ome way of commore far arms, but a think.
Sumen impray the bright dispoke of walk besolis
At peace the heave his env

Step 63050/214000 (epoch 7): loss = 1.4107 avg = 1.5564
  seed: oy have I
To bre
  gen:  oy have I
To breate a be loverted of for at alm,
The probring healt. Thou have is but their to do thoughts tig of wh

Step 63100/214000 (epoch 7): loss = 1.6984 avg = 1.5423
  seed: come to thee
Fro
  gen:  come to thee
From my the die thy bonds there soul be exere.
What I mone, I tand least that shall be to seal.

HENRY 

Step 63150/214000 (epoch 7): loss = 1.4834 avg = 1.5389
  seed: nds them not so 
  gen:  nds them not so heart mine,
And station our grown and my and thou mines offends;
yeth subt with would so degrace for

Step 63200/214000 (epoch 7): loss = 1.3765 avg = 1.5335
  seed: ERLAND:
My lord,
  gen:  ERLAND:
My lord, death, and sels of a king; it, able the care of dishment
Why sorrow the king, an it opments,
My loo

Step 63250/214000 (epoch 7): loss = 1.4795 avg = 1.5037
  seed: OF YORK:
Give me
  gen:  OF YORK:
Give me the ride, to no cannot the lass and for mine,
And action in heart hand lord's enter a relation,
And

Step 63300/214000 (epoch 7): loss = 1.5083 avg = 1.4696
  seed: he happy sees,
T
  gen:  he happy sees,
The true of thy destay many and from have,
Though eventing of Lork for you trame and before.

DUKE OF

Step 63350/214000 (epoch 7): loss = 1.6178 avg = 1.5068
  seed: e misfortune liv
  gen:  e misfortune lives.
Where not high reserve the did bege?
Our here here on that the seal this to traitor against love

Step 63400/214000 (epoch 7): loss = 1.3726 avg = 1.5282
  seed: d run?

SAMPSON:
  gen:  d run?

SAMPSON:
The on they for be not fairs, but in thee,
Antigl bear the king the sword my god the king:
Make is 

Step 63450/214000 (epoch 7): loss = 1.4071 avg = 1.5721
  seed: NVOLIO:
No, coz,
  gen:  NVOLIO:
No, coz, art beggains cenger; I would did thee
In plubbanish'd spartely here you desire.

BENVOLIO:
Have is 

Step 63500/214000 (epoch 7): loss = 1.7736 avg = 1.6073
  seed: O:
At this same 
  gen:  O:
At this same face! and out ching gentle,
Whose said his parson lover not go you me:
Pertold for you with and and 

Step 63550/214000 (epoch 7): loss = 1.3621 avg = 1.6225
  seed: ure, and be gone
  gen:  ure, and be gone.
God Francienge,
And dead is in the little he the of burpent.
Your land, well; that is sai. And par

Step 63600/214000 (epoch 7): loss = 1.6175 avg = 1.6680
  seed:  and I
Were in a
  gen:   and I
Were in a mell senight, both the yee and,
And the fly this we every son fathes with those,
That with in was n

Step 63650/214000 (epoch 7): loss = 1.7480 avg = 1.6481
  seed:  is dead, and I 
  gen:   is dead, and I pad mean:
We men meant spervy, which me; rosh and is heart:
More, love, knows indred husbase to penc

Step 63700/214000 (epoch 7): loss = 1.3560 avg = 1.6086
  seed: r by thy graciou
  gen:  r by thy gracious:
And with high is my brung curchen your for they jurded,
Your and thou for the heart he would my h

Step 63750/214000 (epoch 7): loss = 1.5728 avg = 1.5955
  seed: e on hers, so he
  gen:  e on hers, so heart:
But couriely findless; and sinces?

ROMEO:
What so were that love from of dive loves with conte

Step 63800/214000 (epoch 7): loss = 1.4048 avg = 1.6134
  seed: er.

MERCUTIO:
G
  gen:  er.

MERCUTIO:
Good aboot.

ROMEO:
That come; the ear dear on Romeo, shall reher of his so surved her of by the life

Step 63850/214000 (epoch 7): loss = 1.6675 avg = 1.6092
  seed:  thy news good, 
  gen:   thy news good, her, we he the the shall thee,
Out this share of swear some, my soul, and in good would live at
what

Step 63900/214000 (epoch 7): loss = 1.3205 avg = 1.5956
  seed: t them gaze;
I w
  gen:  t them gaze;
I when not made was so so have hath love,
Junke at again not! less an shorten another's againt.

HENRY;

Step 63950/214000 (epoch 7): loss = 1.5307 avg = 1.5816
  seed:  strong a fine
T
  gen:   strong a fine
That?

As that well, and steen for this side by brow.
That heart, which is filt for I shall for cousi

Step 64000/214000 (epoch 7): loss = 1.6911 avg = 1.5922
  seed: Take up those co
  gen:  Take up those cousan everymants:
And see hold for my for it is here with
From your so the do man all you'rt of offen

Step 64050/214000 (epoch 7): loss = 1.5501 avg = 1.5838
  seed: g from the valou
  gen:  g from the valour!

Is shall beans there, cannot thou come,
And then and light, fear, my hoady and to bing?

ROMEO:

Step 64100/214000 (epoch 7): loss = 1.5666 avg = 1.5826
  seed: ale.

ROMEO:
And
  gen:  ale.

ROMEO:
And was love? Warry come are of such of banish'd a cape:
I bose as to rest of the call it a my me:
If a

Step 64150/214000 (epoch 7): loss = 1.7259 avg = 1.5639
  seed: hang, beg, starv
  gen:  hang, beg, starves, thou this grace!

Say we have o' my words blady, you death,
It sbrongs, do thou body in a soult?

Step 64200/214000 (epoch 7): loss = 1.4838 avg = 1.5363
  seed: nt
To marry Pari
  gen:  nt
To marry Paris all this lealt, will our so werch.

JULIET:
My more from, not should not my for rite?

PARIS:
I am

Step 64250/214000 (epoch 7): loss = 1.4202 avg = 1.5454
  seed:  point: stay, Ty
  gen:   point: stay, Tybalt, whosees neven
Dombear which trures? Where hath here live.

CAPULET:
Where Romeo, to away: I am

Step 64300/214000 (epoch 7): loss = 1.4429 avg = 1.5701
  seed:  dump we; 'tis n
  gen:   dump we; 'tis ney do married,
His hith I shing and no day the hath in do fears,
And all we her word needle soul to 

Step 64350/214000 (epoch 7): loss = 1.7512 avg = 1.6087
  seed: e neglecting it
  gen:  e neglecting it
The Kate you thou much these night, if for the so-day.

ARIS:
Marry brothen is with a did gue, I see

Step 64400/214000 (epoch 7): loss = 1.3265 avg = 1.6040
  seed: gone hence;
And 
  gen:  gone hence;
And the not their stard's a the take a honour
Suns, will will Hence, may his nurse
That for the to-nour 

Step 64450/214000 (epoch 7): loss = 1.4316 avg = 1.5761
  seed: 
I brought my ma
  gen:  
I brought my marriagell storry thou art from the some.
The dread, and in then in the poor from men,
And again the L

Step 64500/214000 (epoch 7): loss = 1.4053 avg = 1.5386
  seed: AND:
Yes, Warwic
  gen:  AND:
Yes, Warwick letter'd the wingling of atter-part,
Thus he hell grave and desper'd me with flatter'd,
Dies thee 

Step 64550/214000 (epoch 7): loss = 1.6250 avg = 1.4766
  seed:  my blood,
Thou 
  gen:   my blood,
Thou his pray the kingdom the sweards,
Procansing in think, so despily sone;
Is no fell'd succounted here

Step 64600/214000 (epoch 7): loss = 1.3685 avg = 1.4820
  seed: d both of God an
  gen:  d both of God and we fillow.

PRINCE:
Faith I do Romeo power: which word statie, therefoul breather!
Nief:
Your the 

Step 64650/214000 (epoch 7): loss = 1.5992 avg = 1.5212
  seed: ot speak, unless
  gen:  ot speak, unless affecter.

CLIFFORD:
This crown of him joy! I would death, and warful,
Hepen him him battreath hous

Step 64700/214000 (epoch 7): loss = 1.4981 avg = 1.5533
  seed: .

Messenger:
En
  gen:  .

Messenger:
Enther such so it life of a where the sleep did her?

RICHARD:
Now woes intened for this he three mean

Step 64750/214000 (epoch 7): loss = 1.6147 avg = 1.5617
  seed: 
Ne'er may he li
  gen:  
Ne'er may he live me pardon the fareward,
The wifts, give I see I fair follow the king;
The no break more in gone w

Step 64800/214000 (epoch 7): loss = 1.6536 avg = 1.5226
  seed: or scarce I can 
  gen:  or scarce I can the purpught;
And with the stande it save my their blood.

Marce, all took'd the hold for the dield.

Step 64850/214000 (epoch 7): loss = 1.4339 avg = 1.5092
  seed: e upon thyself;
  gen:  e upon thyself;
And sharungh wing her stands rease,
And to my sinreshing her very of the nee,
And here'er the unsine

Step 64900/214000 (epoch 7): loss = 1.4398 avg = 1.5341
  seed: r to stay, but l
  gen:  r to stay, but lune scare
Ward bever to tame thy fake come of fear him?
I poor a body blow the sword, be to greal sa

Step 64950/214000 (epoch 7): loss = 1.6604 avg = 1.5330
  seed: or how can I hel
  gen:  or how can I hell stree of that to the not.

QUEEN MARGARET:
Romeo sun bling comes the will to my his be;
So the sen

Step 65000/214000 (epoch 7): loss = 1.3204 avg = 1.4591
  seed: ove I mean, my l
  gen:  ove I mean, my lord, I let who more hust;
Ay, and think with the will or his perful keeper:
No succuse of I must dot

Step 65050/214000 (epoch 7): loss = 1.6888 avg = 1.4788
  seed:  awhile to serve
  gen:   awhile to serves me,
To reming and father with good me,
And loat whom blook me my usick of alord,
and like my love 

Step 65100/214000 (epoch 7): loss = 1.1776 avg = 1.4801
  seed: ewis was Henry's
  gen:  ewis was Henry's greath on I do heavet,
And desion when I from a bearinghter and so creat some,
For an that howere's

Step 65150/214000 (epoch 7): loss = 1.2818 avg = 1.4571
  seed: hey take offence
  gen:  hey take offence,
I'll fear I will it live and Smile can my chood's proud:
Que, this force strait was again war thy 

Step 65200/214000 (epoch 7): loss = 1.5096 avg = 1.4360
  seed: ith his foreign 
  gen:  ith his foreign Leward marriage call.

BING armiend me hath and pray, you was and present.

QUEEN MARGARET:
The Edwa

Step 65250/214000 (epoch 7): loss = 1.5769 avg = 1.4489
  seed:  king, my brothe
  gen:   king, my brother and and crown,
He Anoversent at the is now the foul is housand:
Why, is be so king: son a'e his to

Step 65300/214000 (epoch 7): loss = 1.6145 avg = 1.4516
  seed: lp from Burgundy
  gen:  lp from Burgundy well the grace
Shally winden full country's my but,
And not of hend griar take him stands,
And Late

Step 65350/214000 (epoch 7): loss = 1.3852 avg = 1.4623
  seed: ll never cease t
  gen:  ll never cease the birt-is stand thee.

KING HENRY VI:
I she, burder thee my forbed our his cure?

MONTAGUE:
And til

Step 65400/214000 (epoch 7): loss = 1.3338 avg = 1.4510
  seed: ry!
3 KING HENRY
  gen:  ry!
3 KING HENRY VI:
I have that these suppetch and our chument,
And Cativouse drame to my gonest thee lamb.

WARWIC

Step 65450/214000 (epoch 7): loss = 1.5180 avg = 1.4943
  seed: o fight; therefo
  gen:  o fight; therefore the clong.
Go, the cale, honough a moung of all are with we the peasser
dland win will we mefore 

Step 65500/214000 (epoch 7): loss = 1.7279 avg = 1.4686
  seed: I:
The bird that
  gen:  I:
The bird that the peace loventer, is thy mind,
That tkeep'd to dean of converl of May.

KING EDWARD IV:
How is to

Step 65550/214000 (epoch 7): loss = 1.6489 avg = 1.5198
  seed: tle accuse
us.

  gen:  tle accuse
us.

KING EDWARD IV:
Sign the weport any with deater's as we and,
And the gall our bone, my asbands to su

Step 65600/214000 (epoch 7): loss = 1.5602 avg = 1.5793
  seed: en?
Nay, let me 
  gen:  en?
Nay, let me suchfords do't's shall should
Were since of your like of my remberly
Were watch, had some, them he r

Step 65650/214000 (epoch 7): loss = 1.7369 avg = 1.6127
  seed: nd, restraining
  gen:  nd, restraining
bear had one hours; sir
That twent such the his body perform praised,
Even what thines on them born 

Step 65700/214000 (epoch 7): loss = 1.5692 avg = 1.6216
  seed: ws me mine chang
  gen:  ws me mine change
And or footh stute instroubeding sprayer that:
Your freat shall way the thinks bear.

LEONTES:
You

Step 65750/214000 (epoch 7): loss = 1.9557 avg = 1.6129
  seed: 
Whom I employ'd
  gen:  
Whom I employ'd the not for man, breather's grace.

LEONTES:
Therefon, sir: take he over to,
I the with me lord, wh

Step 65800/214000 (epoch 7): loss = 2.0201 avg = 1.6126
  seed: To sacred Delpho
  gen:  To sacred Delphort your gaster's of him,
For at your earful younding to slary.

Thought I am not is for than 'tis th

Step 65850/214000 (epoch 7): loss = 1.1377 avg = 1.5868
  seed: ils,
Than such a
  gen:  ils,
Than such and leave mine with there
That Bolia: to misgress!

LEONTES:
No deep'd for than trust not: see withne

Step 65900/214000 (epoch 7): loss = 1.6292 avg = 1.5755
  seed: be prosperous
In
  gen:  be prosperous
In you falt and yreat that seast to this,
In yearth you, her tell angratest your conselves
Hair over c

Step 65950/214000 (epoch 7): loss = 1.8201 avg = 1.5934
  seed:  be condemn'd
Up
  gen:   be condemn'd
Upon the save been and one, and to an withough
A man's the rever mast; when I sweet a scan and
And war

Step 66000/214000 (epoch 7): loss = 1.6189 avg = 1.5882
  seed: best haste, and 
  gen:  best haste, and the liscontent
The hours opperch as speak more. You but it their
Of my lord: do what safer it.

HERS

Step 66050/214000 (epoch 7): loss = 1.6267 avg = 1.6495
  seed:  now received: I
  gen:   now received: I do his camant cry.

Cleep, of sweet to man bower of answeeter the doy
low the queen: I will be fleb

Step 66100/214000 (epoch 7): loss = 1.7643 avg = 1.6772
  seed: am robbed, sir, 
  gen:  am robbed, sir, the law she ever too the father,
We see of pars, I do more come he to with
in take.

AUFIEOLEO:
Nay,

Step 66150/214000 (epoch 7): loss = 1.9024 avg = 1.6689
  seed: ons and streak'd
  gen:  ons and streak'd os hearth her cry
the Engly to gue princeds, so upon into our lost
Do the powers, the argetires.

A

Step 66200/214000 (epoch 7): loss = 1.6670 avg = 1.6732
  seed: ister.

PERDITA:
  gen:  ister.

PERDITA:
I now how brother she that ever justicle.

Clown:
But to breaks of darew you shall least any of you

Step 66250/214000 (epoch 7): loss = 2.1728 avg = 1.6613
  seed: ve's down and as
  gen:  ve's down and as sir.

KINGRICLIO:
Why, they knery are buy.

WAUT:
A purry note, my me: the welcome, and them gallow

Step 66300/214000 (epoch 7): loss = 1.3971 avg = 1.6120
  seed: you,
As you have
  gen:  you,
As you have to more I handst me in your gate
Thou art a back to by this pressing but to them.

FLORIZEL:
Nat:
I

Step 66350/214000 (epoch 7): loss = 1.4572 avg = 1.5945
  seed: CAMILLO:
Who hav
  gen:  CAMILLO:
Who have you very and diss, o' servant, bamond my
He both on not, sir, sir, but us be so shall so;
You good

Step 66400/214000 (epoch 7): loss = 1.7062 avg = 1.5677
  seed: e shall suffer w
  gen:  e shall suffer word,
for be cold her or his appropherd: was my for thy
stains.

Shepherd:
What that the father accou

Step 66450/214000 (epoch 7): loss = 1.6140 avg = 1.5760
  seed: er eye, and tell
  gen:  er eye, and tell to to me;
The sto flowise in off a be of a comember;
So fathere kingst seem take of accase of make

Step 66500/214000 (epoch 7): loss = 1.7525 avg = 1.5671
  seed:  question. Never
  gen:   question. Never it for
I am the sawn,
His but he or the present.
Dond:
Who procies, sir; I'ld the beholy first,
Tha

Step 66550/214000 (epoch 7): loss = 1.2432 avg = 1.5729
  seed: 
Are they return
  gen:  
Are they returned fasting wors, and beck. The propherd: I cally gettle
thing stander more of again leave which thes

Step 66600/214000 (epoch 7): loss = 1.3951 avg = 1.5487
  seed: e any joy
Did ev
  gen:  e any joy
Did ever graced of our to hone.

PERDITA:
Your glass there
shes tander I causing your shamed father's she

Step 66650/214000 (epoch 7): loss = 1.5176 avg = 1.5590
  seed: ght them for the
  gen:  ght them for therefix'd time time appars.

LEONTES:
He care bold appear his faulio.

LEONTES:
Shep, there wings it t

Step 66700/214000 (epoch 7): loss = 1.3961 avg = 1.5352
  seed:  suburbs of Vien
  gen:   suburbs of Viend a?

MONE:
Thou earth the pierchill, low, love marry enoasion.

First LUCIO:
And dead, but all.

LU

Step 66750/214000 (epoch 7): loss = 1.5472 avg = 1.5706
  seed: e a brother of y
  gen:  e a brother of yound gent thou proposity
A drunk, the dawn loss doth heaven.

CLAUDIO:
Put in the flieved you!

LUCI

Step 66800/214000 (epoch 7): loss = 1.3764 avg = 1.5644
  seed: hing but use the
  gen:  hing but use thee.

Gentleman:
She well do
Our say some to can blood onst of your would
In a gentlemainter of you, t

Step 66850/214000 (epoch 7): loss = 1.4171 avg = 1.5392
  seed: urses till thou 
  gen:  urses till thou shirts of the with hath me
have will. Antell they fathp at a nalms, for the spect.

LUCIO:
Now, I da

Step 66900/214000 (epoch 7): loss = 1.3590 avg = 1.5163
  seed: ie?

ANGELO:
Mai
  gen:  ie?

ANGELO:
Maint Fate, not the see it our good so strong.

Provost:
What's be your do't; and who before, if a grac

Step 66950/214000 (epoch 7): loss = 1.3856 avg = 1.5256
  seed: ed spirits
Here 
  gen:  ed spirits
Here tongue our wither it me, crreat that
His ven not sovery with o'er brother
Dant your mast thou made, 

Step 67000/214000 (epoch 7): loss = 1.3465 avg = 1.5095
  seed:  a bed
That long
  gen:   a bed
That longuitor one another.

DUKE VINCENTIO:
It now that been fond would man born that
Do the this reed meder

Step 67050/214000 (epoch 7): loss = 1.6962 avg = 1.5238
  seed: As all comforts 
  gen:  As all comforts were prove priest
By own lose and commorness; whet out man elseed,
When they to where about the darr

Step 67100/214000 (epoch 7): loss = 1.6460 avg = 1.5240
  seed: ived in Angelo! 
  gen:  ived in Angelo! Hather, I'll me to my to exter.

ISABELLA:
I would from the but a show other an his on on'st visit
Y

Step 67150/214000 (epoch 7): loss = 1.5547 avg = 1.5511
  seed: , and thus; stil
  gen:  , and thus; still a will
thou deseech fright. If a dignink caturfe
mand wreft which and present in faint.

DUKE VINC

Step 67200/214000 (epoch 7): loss = 1.5411 avg = 1.5376
  seed: man; good my lor
  gen:  man; good my lord? A go the had poot
that she time very importental I him fetting and the
dice he stand are was thou

Step 67250/214000 (epoch 7): loss = 1.6945 avg = 1.5273
  seed: 

DUKE VINCENTIO
  gen:  

DUKE VINCENTIO:
My so the to
all be him may ideep of posided in a many:
The enterm of ewell to himself.

DUKE VINC

Step 67300/214000 (epoch 7): loss = 1.4325 avg = 1.5154
  seed: Most manifest, a
  gen:  Most manifest, and bark it love you happine,
For this he not felloveners. There's him die:
There's upon the deed; an

Step 67350/214000 (epoch 7): loss = 1.2389 avg = 1.5169
  seed: art!
After him, 
  gen:  art!
After him, good may tending a care, unwern has
your be a cute of I save made.

DUKE VINCENTIO:
But now.

DUKE V

Step 67400/214000 (epoch 7): loss = 1.6355 avg = 1.5060
  seed: ender shame
Will
  gen:  ender shame
Will and sir, I commany be she was the morn the
pign. Angelo can to he do heart of his thee.

Provock yo

Step 67450/214000 (epoch 7): loss = 1.3792 avg = 1.4906
  seed: 
DUKE VINCENTIO:
  gen:  
DUKE VINCENTIO:
I do repitenal to dare: I'll as in't:
He adman, not to slupty lord; let a will
His strange: bid--


Step 67500/214000 (epoch 7): loss = 1.7520 avg = 1.4756
  seed: his is true,
Let
  gen:  his is true,
Let so myself the would,
That all know I grace a strence of you,
But he that he glorry are word provost

Step 67550/214000 (epoch 7): loss = 1.3906 avg = 1.4693
  seed: E VINCENTIO:
Go 
  gen:  E VINCENTIO:
Go nots take to any so the kingdely with him?

DUKE VINCENTIO:
You would abinest like in in alronce. Wh

Step 67600/214000 (epoch 7): loss = 1.3584 avg = 1.4594
  seed: d.

LUCIO:
Marry
  gen:  d.

LUCIO:
Marry this heart prince.

DUKE VINCENTIO:

O blesserved that sould me was but should make a buse again,
s

Step 67650/214000 (epoch 7): loss = 1.8863 avg = 1.5338
  seed: ded tears,
An on
  gen:  ded tears,
An one noter o'er Rupties and he commans
Adving nor the drief. Sir, day--more the havent,
shall ind to ac

Step 67700/214000 (epoch 7): loss = 1.5846 avg = 1.5771
  seed: rry so long. But
  gen:  rry so long. But hence-might;
And and I would fathe longive the honour:
And your will see, my the dream; the paint:

Step 67750/214000 (epoch 7): loss = 1.3202 avg = 1.6104
  seed: s in the world, 
  gen:  s in the world, nor polor anby and partacu, And ear that
My in Marging, is once of thinking your blood,
To Isuit not

Step 67800/214000 (epoch 7): loss = 1.4704 avg = 1.5886
  seed:  quarrelsome. I 
  gen:   quarrelsome. I mell inswice
Left have in your best to get a journing she go your
And thy faith, sir, but so qual I 

Step 67850/214000 (epoch 7): loss = 1.6135 avg = 1.6039
  seed: ate'er I read to
  gen:  ate'er I read to as before that her me
ests of be neverses and me my sualif
Tilla! why wifer what's love I bad to th

Step 67900/214000 (epoch 7): loss = 1.5489 avg = 1.5646
  seed: CA:
Believe me, 
  gen:  CA:
Believe me, sir, life that for more and
And be there of my lignior me me. 'tis tell us all do-me
sleman: at him 

Step 67950/214000 (epoch 7): loss = 1.3875 avg = 1.5330
  seed: to the lute?

HO
  gen:  to the lute?

HORTENSIO:
Berous to be me this strange not the with he
though prince mutor her me all the thems bear 

Step 68000/214000 (epoch 7): loss = 1.2743 avg = 1.5137
  seed: r Petruchio, how
  gen:  r Petruchio, how your for world.

KATHARINA:
If comes too do she are that for thy serve:
Why cheed tell have be in t

Step 68050/214000 (epoch 7): loss = 1.5637 avg = 1.5481
  seed: ecture shall hav
  gen:  ecture shall have and will my so cuses.

BAPTISTA:
Even how she my woall all her all all.

PETRUCHIO:
Now this die! 

Step 68100/214000 (epoch 7): loss = 1.8819 avg = 1.6062
  seed: ike a Christian
  gen:  ike a Christian
Romeous?' common well in you will will which of allsed
Muchall we with him well the wall kind you su

Step 68150/214000 (epoch 7): loss = 1.3670 avg = 1.5650
  seed:  please myself:
  gen:   please myself:
Why, garden of with me the come the kiss
And one we all the revently home shall from all again the d

Step 68200/214000 (epoch 7): loss = 1.7038 avg = 1.5828
  seed: :
Fellow Grumio!
  gen:  :
Fellow Grumio! a do'ert.

GRUMIO:
Go for mistrous so heads, no my such horseding,
The should places much kind ewed

Step 68250/214000 (epoch 7): loss = 1.6239 avg = 1.5826
  seed: ne oath,
I will 
  gen:  ne oath,
I will now on, her we enoughort of mine.

GRUMIO:
Never safel, break there! When heir can a, eassed with of

Step 68300/214000 (epoch 7): loss = 1.8154 avg = 1.5474
  seed: shell,
A knack, 
  gen:  shell,
A knack, we rich remong you on 'twortake
thing of done the hath sir? have
that at mistrepate so the world hor

Step 68350/214000 (epoch 7): loss = 1.4004 avg = 1.5506
  seed: set your counten
  gen:  set your countent,
And this can good the speak thy by lack mad
the that a will her hath you her beelorsen a I may in

Step 68400/214000 (epoch 8): loss = 1.6997 avg = 1.5706
  seed: ned head, the vi
  gen:  ned head, the vitize to penishall now the,
Where are you'll to lies, sine! why death a new the call give you the bot

Step 68450/214000 (epoch 8): loss = 1.4220 avg = 1.5861
  seed: 'other,
Ere stay
  gen:  'other,
Ere stays the both and like, that I have your busat ord
cuntes sworselves sconting, the othis most me?

GRUM

Step 68500/214000 (epoch 8): loss = 1.8774 avg = 1.6148
  seed:  has such a
conf
  gen:   has such a
confencession you whered in myself our remiss the
must in word of hidders, I have I had see
You lords! t

Step 68550/214000 (epoch 8): loss = 1.6709 avg = 1.6121
  seed: Worthy sir, thou
  gen:  Worthy sir, thou stare.
Hastel-shall, I fave Let the our low!

First Seerves the good is you, and betwer yourt.

Thu

Step 68600/214000 (epoch 8): loss = 1.5591 avg = 1.6001
  seed: nk the gods
Our 
  gen:  nk the gods
Our were hus did the changess
Apossts I wound shress buse?

Proverzen,
As dready trist for this word to 

Step 68650/214000 (epoch 8): loss = 1.7263 avg = 1.5945
  seed: y, I mean of us 
  gen:  y, I mean of us to seebutiers good,
Whose I havell. Marcack, though of this he trought?
Tell be you in to and to hea

Step 68700/214000 (epoch 8): loss = 1.7736 avg = 1.6109
  seed: hind him he leav
  gen:  hind him he leave the horse the war
The has the not to I have thy duft? First of thing.

VALERave be
The stands, the

Step 68750/214000 (epoch 8): loss = 1.7377 avg = 1.5970
  seed:  country: and hi
  gen:   country: and him he way
the matched truth him: so more comple,
In and they sufficered I am offer home, alleated
The

Step 68800/214000 (epoch 8): loss = 1.4479 avg = 1.5739
  seed: ould be in them 
  gen:  ould be in them none come new.

MENENIUS:
Their say stand will his deils
A profor soul'd well pleasuns more.

MENENI

Step 68850/214000 (epoch 8): loss = 1.4280 avg = 1.5401
  seed:  him be consul: 
  gen:   him be consul: and when in Barthe with think.

Seizenely at our both the comes the reve remague,
The should blood t

Step 68900/214000 (epoch 8): loss = 1.5863 avg = 1.5271
  seed:  stand but as at
  gen:   stand but as at there in Aufight
we ach should to stood of his one the weed.

BRUTUS:
You lead
VI have be are use m

Step 68950/214000 (epoch 8): loss = 1.7482 avg = 1.5086
  seed: ow shall this bi
  gen:  ow shall this bicks, and the fears
That I have strangines, senated yound virts for of,
Sport; for if shaw the cause 

Step 69000/214000 (epoch 8): loss = 1.5048 avg = 1.5078
  seed:  were in Tiber! 
  gen:   were in Tiber! what he voiclous.

MENENIUS:
Mestrey, but to son, and it not power to give,
We all.

CES Of it Moce 

Step 69050/214000 (epoch 8): loss = 1.6951 avg = 1.4908
  seed:  but bastards an
  gen:   but bastards and we so both you tose death:
For the crown tricin.

CORIOLANUS:
Trarges it, by those is but to a my 

Step 69100/214000 (epoch 8): loss = 1.3615 avg = 1.5077
  seed:  than this prese
  gen:   than this preself
And such for unto that that, we part of to me,
And bard and most scan as new he moves
As the call

Step 69150/214000 (epoch 8): loss = 1.5694 avg = 1.5093
  seed:  Take good Comin
  gen:   Take good Comina,
For the reshould venger brough ' well.

CORIOLANUS:
Are the sevenow upon more senator: for them a

Step 69200/214000 (epoch 8): loss = 1.3303 avg = 1.5076
  seed: u, sir.

Citizen
  gen:  u, sir.

Citizens, let some, and now, sir, staid them. I save take asay
Bear hope the shows can should reading the h

Step 69250/214000 (epoch 8): loss = 1.7337 avg = 1.5062
  seed: n,
Or lose mine 
  gen:  n,
Or lose mine the lave the seem thy part
Roman: when to thee wond to thy what is the dument
Than that of the boo; 

Step 69300/214000 (epoch 8): loss = 1.3058 avg = 1.5072
  seed: have been much b
  gen:  have been much beardied he
hest he man do when of hoad as strein and oursand
beenance on my liest to you. I have you

Step 69350/214000 (epoch 8): loss = 1.2707 avg = 1.5043
  seed: goodly things, y
  gen:  goodly things, you bead you with you are.

Romanions prayeds say he have the did have was the crope 'ingling a cius

Step 69400/214000 (epoch 8): loss = 1.7436 avg = 1.5119
  seed: was very faintly
  gen:  was very faintly heard no
have in heart the said all he harm acharge in me;
As or we now, but think.

COMINIUS:
He d

Step 69450/214000 (epoch 8): loss = 1.6148 avg = 1.4995
  seed:  refuse
And cann
  gen:   refuse
And cannot and can them.

CORIOLANUS:
He party
My state-dastiss to him burther, and this can have of your
If

Step 69500/214000 (epoch 8): loss = 1.6643 avg = 1.5434
  seed:  air,
And yet to
  gen:   air,
And yet to the have noble we to tround proud
Agate from the gate tellow. O for those cheemse
With not say have

Step 69550/214000 (epoch 8): loss = 1.3533 avg = 1.5426
  seed: ome!

First Cons
  gen:  ome!

First Consring ensuch of him, rever with he news;
As bride nother the ladient frack, elsless bear is pastend
T

Step 69600/214000 (epoch 8): loss = 1.6061 avg = 1.5410
  seed: ff. Please it yo
  gen:  ff. Please it your talk,
And dear for this great of our hold,
And that of ansmake to against of heart is our
To grea

Step 69650/214000 (epoch 8): loss = 1.4758 avg = 1.5646
  seed: re you welcome t
  gen:  re you welcome to desivenger his,
And man frence to like for the this enter.

BRUTUS:
A Lord, I have the very stand 

Step 69700/214000 (epoch 8): loss = 1.3324 avg = 1.5597
  seed: CESTER:
I was pr
  gen:  CESTER:
I was presper intend the wide boy.

GLOUCESTER:
What, no umew come, to down the housent;
Henceit Consulf my 

Step 69750/214000 (epoch 8): loss = 1.4859 avg = 1.5082
  seed: woman in this hu
  gen:  woman in this humbself kindaints your sen of this.

GLOUCESTER:
I mistresoor to nature, by did and to the death.

LA

Step 69800/214000 (epoch 8): loss = 1.4828 avg = 1.5228
  seed: r, a handsome st
  gen:  r, a handsome steely,
The with he would of the not the giving breather
And the smlight may brother, his should of yo

Step 69850/214000 (epoch 8): loss = 0.9503 avg = 1.5139
  seed: Margaret.

QUEEN
  gen:  Margaret.

QUEEN MARGARET:
What's he thy husbandon face not Rish cry,
My thou prect to let of thus weed may fliet
Hi

Step 69900/214000 (epoch 8): loss = 1.4476 avg = 1.5093
  seed: t.

CLARENCE:
Me
  gen:  t.

CLARENCE:
Mendeedy, sure, my stand in that take to a gose
Is bloody mine of the for them as compullants.
And tha

Step 69950/214000 (epoch 8): loss = 1.1820 avg = 1.5193
  seed: e thee sigh.

Fi
  gen:  e thee sigh.

First Murderer:
But, for here not world parting upon a canight.
Why, you thingst of sealth welcome my 

Step 70000/214000 (epoch 8): loss = 1.4200 avg = 1.4722
  seed: Until the duke t
  gen:  Until the duke the be stain,
And whose post the for than the that death: their wintor should pingssel!

Bodly Marcy 

Step 70050/214000 (epoch 8): loss = 1.4700 avg = 1.4897
  seed: queen
Look'd pal
  gen:  queen
Look'd pale stay my to gate a prane her make affell and a me.

BRAKENBURY:
'Tis promise your from end.
Come, m

Step 70100/214000 (epoch 8): loss = 1.5673 avg = 1.5009
  seed: .

RIVERS:
And s
  gen:  .

RIVERS:
And so our place thee, grant ye harm his sist world
scorn true to dearful montunes slive in the to our
ir

Step 70150/214000 (epoch 8): loss = 1.5063 avg = 1.4805
  seed:  life to get the
  gen:   life to get therems!

CARINCE:
It speak'd secretter:
Are how takes to Gods,
To be Englaments was there me to begran

Step 70200/214000 (epoch 8): loss = 1.4939 avg = 1.4526
  seed: in, were it ligh
  gen:  in, were it light noble send,
Whiler Dacker Gen your do you all my my most myself.

First Citizen:
Ay, lead May both

Step 70250/214000 (epoch 8): loss = 1.3370 avg = 1.4356
  seed: r my master's he
  gen:  r my master's he ower I would with mean nheir Edward's have
What we you sends of him an the for love
Engly hoped nev

Step 70300/214000 (epoch 8): loss = 1.5842 avg = 1.4302
  seed: sby hath sounded
  gen:  sby hath sounded tween.

CATESBY:
Come he denery worshanduile to our grield to the requess
Hath he kindone.

Messeng

Step 70350/214000 (epoch 8): loss = 1.2766 avg = 1.4592
  seed: GLOUCESTER:
And 
  gen:  GLOUCESTER:
And lord, and and death, as inight viop,
To in a prated of him not of hise,
Someth heart the staters emb

Step 70400/214000 (epoch 8): loss = 1.2858 avg = 1.4877
  seed: ld say us nay!

  gen:  ld say us nay!

BUCKINGHAM:
To joys bosine in thy think and follow,
I canner than my none, we is mercy.
God give him

Step 70450/214000 (epoch 8): loss = 1.4004 avg = 1.4973
  seed: s,
Albeit agains
  gen:  s,
Albeit against to surpignent reprovection
How'd this to the like my says, sight,
For he palend mine he weep with 

Step 70500/214000 (epoch 8): loss = 1.1511 avg = 1.4853
  seed: HARD III:
Why, B
  gen:  HARD III:
Why, Bush have come, my glory'd I parts,
That's no shall as end thoses, would hadship blood
For our; when 

Step 70550/214000 (epoch 8): loss = 1.2655 avg = 1.4882
  seed: th,
To bring thi
  gen:  th,
To bring thither was the twill forth to kinds:
Then;
Let you therefore whildrep'd for they spece
To some liest M

Step 70600/214000 (epoch 8): loss = 1.6976 avg = 1.5296
  seed: een, a very cait
  gen:  een, a very caits put
Well better'd it dead his corns and so juch them foul their noblie
My for thy heath him cousin

Step 70650/214000 (epoch 8): loss = 1.7314 avg = 1.4733
  seed: rts,
Thy head, a
  gen:  rts,
Thy head, and with bleem this drips:
And thou!

DUCHESS OF OLIZABETH:
Then thou kill make to law.

QUEEN ELIZAB

Step 70700/214000 (epoch 8): loss = 1.1397 avg = 1.4280
  seed:  her sweet lie l
  gen:   her sweet lie law make call cornal,
That her that is lains, husbandon this:
I did, and when be words and hot dears.

Step 70750/214000 (epoch 8): loss = 1.3145 avg = 1.4134
  seed: annot guess.

KI
  gen:  annot guess.

KING RICHARD III:
Sto, good my broke the her shonom me
Threncessenged say, thou I spignation,
Should t

Step 70800/214000 (epoch 8): loss = 1.4937 avg = 1.4858
  seed: ar.
Which in his
  gen:  ar.
Which in his here one brandy warms to they wearty;
And is the provets me.
My Withing pagious:
Thou not you armou

Step 70850/214000 (epoch 8): loss = 1.5037 avg = 1.5266
  seed: . What, myself u
  gen:  . What, myself ull love of should shall to spurring us Richmond:
As let is his bols, for all suilty arm
Be did the i

Step 70900/214000 (epoch 8): loss = 1.3931 avg = 1.5031
  seed: 
Slave, I have s
  gen:  
Slave, I have souls it well away:
Richarge dell he enage, as to thine too Richard eyes in me.

Chile our and vistre

Step 70950/214000 (epoch 8): loss = 1.5420 avg = 1.5293
  seed: d will in battle
  gen:  d will in battle to doubtrain thee you still
France of they shall he it day of all and my righting,
I am than paties

Step 71000/214000 (epoch 8): loss = 1.4018 avg = 1.5522
  seed:  breathest,
Yet 
  gen:   breathest,
Yet be wone advicont the left villance.
A are me from that againted life, barth.
But by thou be play row

Step 71050/214000 (epoch 8): loss = 1.8637 avg = 1.5501
  seed: with a freer hea
  gen:  with a freer heave of my give in a this,
With i which he king, thou lain highns and false
Blous both be to make and 

Step 71100/214000 (epoch 8): loss = 1.5581 avg = 1.5451
  seed: nst with sullen 
  gen:  nst with sullen in our seast
Hath flay, the greef hast his grunty;
Now then the lettle the new your let
Pearfly, nev

Step 71150/214000 (epoch 8): loss = 1.8392 avg = 1.5367
  seed: sently.
Bushy, w
  gen:  sently.
Bushy, while thee not furthere of KING RICHARD II:
I poasome the here.

First Lord, in farewell: night to ou

Step 71200/214000 (epoch 8): loss = 1.4500 avg = 1.5552
  seed: ard's son,
For t
  gen:  ard's son,
For the sun these unpusplent incleer'd,
Whiche he breat the night both more liest;
And thou lending the e

Step 71250/214000 (epoch 8): loss = 1.6309 avg = 1.5421
  seed: RTHUMBERLAND:
Re
  gen:  RTHUMBERLAND:
Read, these he any that hath is counder grace!
Like to troube banisher George! O die come
Unight you h

Step 71300/214000 (epoch 8): loss = 1.3213 avg = 1.5463
  seed: by, I called the
  gen:  by, I called the cowards thee charpent
To wantorn, and sooth sicks you.

DUKE OF YORK:
Why, is nothingmen of Gland, 

Step 71350/214000 (epoch 8): loss = 1.3473 avg = 1.5175
  seed: ht our native pe
  gen:  ht our native perfords, and pleasure of vistree.

NORTHUMBERY:
Hold let his royal though lord thou part
So the patie

Step 71400/214000 (epoch 8): loss = 1.7445 avg = 1.5226
  seed: rom my own windo
  gen:  rom my own windomard I sains,
But there to grown to well and sweet ach
As all seer all of his wilt of the born if a 

Step 71450/214000 (epoch 8): loss = 1.9437 avg = 1.5376
  seed: eak big and clap
  gen:  eak big and claps with death.

BUSHY:
Tell thus councle that parkful is enjoy shall blift.

Nor the be the and me th

Step 71500/214000 (epoch 8): loss = 1.6894 avg = 1.5230
  seed: op, besides a cl
  gen:  op, besides a cloving father'd,
And with pattentle earth his say womb'd
And late meeth should right uncle muderpose 

Step 71550/214000 (epoch 8): loss = 1.6343 avg = 1.5254
  seed:  with weeping ey
  gen:   with weeping eye?

DUKE OF YORK:
As age cause for dunspity their lack'd,
As fleperousand with his sack'd whot breat

Step 71600/214000 (epoch 8): loss = 1.6096 avg = 1.5388
  seed: gest keep
Thy so
  gen:  gest keep
Thy souls thought of unders, in his bown,
The gone you win blood make full his shoptain:
I am the she thro

Step 71650/214000 (epoch 8): loss = 1.4799 avg = 1.5228
  seed: n his king?
And 
  gen:  n his king?
And thorge that still hold TruHst his from thousand.

NORTHUMBERLERD:
Lat, of this feash need performent

Step 71700/214000 (epoch 8): loss = 1.4847 avg = 1.5193
  seed: kery king of sno
  gen:  kery king of snot thou wall not in present
Wath both of the barding in it and of my gold
Trance of forwened I cassan

Step 71750/214000 (epoch 8): loss = 1.6448 avg = 1.5169
  seed: ged, another way
  gen:  ged, another way into of this pour lack:
Richard; you have before to this depupet
The proud proclant the way to ash 

Step 71800/214000 (epoch 8): loss = 1.6303 avg = 1.4721
  seed: rk, what wilt th
  gen:  rk, what wilt their world,
Which to silength shall you to me to me.

DUKE OF YORK:
This so me, thou of jest a life m

Step 71850/214000 (epoch 8): loss = 1.9962 avg = 1.4608
  seed: rayers are full 
  gen:  rayers are full before thee.

DUKE OF YORK:
Ah, sir, changed the ears, like they of my weed mean,
My with his so sho

Step 71900/214000 (epoch 8): loss = 1.4973 avg = 1.4975
  seed: e hath eat bread
  gen:  e hath eat breads for my falk,
And with the steen the ligin this been,
His shall still his put hange enementing.

DU

Step 71950/214000 (epoch 8): loss = 1.4135 avg = 1.5131
  seed: I am for you: I 
  gen:  I am for you: I may are ways,
And thou doth thy shall the save him?

SAMPSON:
The please; who head? that I had was o

Step 72000/214000 (epoch 8): loss = 1.2414 avg = 1.5562
  seed: e me so, you do 
  gen:  e me so, you do what the housemn to the flie
That soul was fell for in the do any eest.

BENVOLIO:
They powers, it c

Step 72050/214000 (epoch 8): loss = 1.5384 avg = 1.5893
  seed: either eye:
But 
  gen:  either eye:
But thee home, caster, the peace of will.

GREGORY:
It well, whose, love the the hearter of you hand?
Th

Step 72100/214000 (epoch 8): loss = 1.7426 avg = 1.6043
  seed: at oppression fo
  gen:  at oppression for within hast love,
And in a might blows baities, and ill thee.

PEAREY:
Trule dare them be she's la

Step 72150/214000 (epoch 8): loss = 1.6538 avg = 1.6507
  seed: s a snowy dove t
  gen:  s a snowy dove thee
Dike the say a tage. My too groath,
And slain so is for seposone inceruties and themes,
Und man 

Step 72200/214000 (epoch 8): loss = 1.5723 avg = 1.6276
  seed: e, he hath hid h
  gen:  e, he hath hid her all: with he paut you fair!
But leter of hear he mourn him spirihe thank this:
If hippare a i' yo

Step 72250/214000 (epoch 8): loss = 1.2105 avg = 1.5877
  seed: have to-night?

  gen:  have to-night?

ROMEO:
O, but then, farewell, that and wather,
Bolingbroke thee love my conjurrest love;
And within 

Step 72300/214000 (epoch 8): loss = 1.6252 avg = 1.5822
  seed: hy sighs from he
  gen:  hy sighs from her-sees that mine:
What not smen, what stall as the ears wherefore,
Is speaking thy foesty, I will in

Step 72350/214000 (epoch 8): loss = 1.3086 avg = 1.5941
  seed: hen you sought h
  gen:  hen you sought have thy more
Where the bed, I have thy in the princh his not
wanch.

ROMEO:
Why is marring and to lo

Step 72400/214000 (epoch 8): loss = 1.6678 avg = 1.5951
  seed: f that?

Nurse:
  gen:  f that?

Nurse:
Musping a present I sad sing eldelless through it rest, dusincerise.

Nurse:
I be steem thumb, now n

Step 72450/214000 (epoch 8): loss = 1.2905 avg = 1.5732
  seed: refore turn and 
  gen:  refore turn and sain.

JULIET:
Deaven his aclest no head send weall aid the again; and in that
As too sweet one stra

Step 72500/214000 (epoch 8): loss = 1.8214 avg = 1.5794
  seed: unseen.
Lovers c
  gen:  unseen.
Lovers couddlenge: telcome not us that wond;
Of a bother and have shall best;
There he gentlemen, suppleaten

Step 72550/214000 (epoch 8): loss = 1.3315 avg = 1.5733
  seed: arts,
And thou a
  gen:  arts,
And thou art speriaters thantages,
It morth time fill's stemppointain.
As Romeo subt to come his brow below,
T

Step 72600/214000 (epoch 8): loss = 1.8252 avg = 1.5729
  seed: essings lights u
  gen:  essings lights upon who part thy hearth's weares abraveng.

Nurse:
Ah, that I wollowers to such and thy over;
Such y

Step 72650/214000 (epoch 8): loss = 1.3979 avg = 1.5622
  seed: is grave with te
  gen:  is grave with tearn to this,
That stay by hours by thy heaven,
And marrant thee still storay and that stay
To look c

Step 72700/214000 (epoch 8): loss = 1.4170 avg = 1.5466
  seed: ;
How shall that
  gen:  ;
How shall that a happing at me, chaster tongue.

RICHAMEN OI:
O, do think doth all of the pray and vile.
For he no

Step 72750/214000 (epoch 8): loss = 1.6702 avg = 1.5324
  seed: nd in this borro
  gen:  nd in this borrow it:
Farewell-Chizening of marth sit hath new,
Or mine on the eworns and my kill teep,
Or probed, g

Step 72800/214000 (epoch 8): loss = 1.5068 avg = 1.5330
  seed:  in your time;
B
  gen:   in your time;
But it: they herself the deceful be to me.
This then his to you there should a deter me.

Nurse not t

Step 72850/214000 (epoch 8): loss = 2.0168 avg = 1.5586
  seed: 
with an iron wi
  gen:  
with an iron with to in my should not nave,
And her be maled will some the bear some,
Come be citine is to live dea

Step 72900/214000 (epoch 8): loss = 1.6427 avg = 1.5899
  seed: the hollow groun
  gen:  the hollow grounds,
As for the part you? the rast of too my
The etweet it my so'er, what country unday:
This lady do

Step 72950/214000 (epoch 8): loss = 1.2620 avg = 1.5830
  seed: ntable chance!
T
  gen:  ntable chance!
The naments of thy heaven my a full do father soul friendss torm.

CAPULET:
Juling, my to swoes advil

Step 73000/214000 (epoch 8): loss = 1.3133 avg = 1.5494
  seed: This letter doth
  gen:  This letter doth speaks.

ApF RIAR LAURENCE:
What thy we indeep! then of the remefer of this!
Here there haster sin 

Step 73050/214000 (epoch 8): loss = 1.7668 avg = 1.5162
  seed:  as thou art, Du
  gen:   as thou art, Duke stay present,
Nor cause of he the rature of the slowerss.

NORTHUMBERLAND:
What, it thine drun, a

Step 73100/214000 (epoch 8): loss = 1.5750 avg = 1.4580
  seed: he crown,
What i
  gen:  he crown,
What in this we blood for the her be the colys,
And and as that the father make your in gother
To look by 

Step 73150/214000 (epoch 8): loss = 1.2792 avg = 1.4661
  seed: hould enter.

RU
  gen:  hould enter.

RUMPSARD:
No Rice you, she gand and Pedams with told blood
The wander in conture the wear of with perf

Step 73200/214000 (epoch 8): loss = 1.1387 avg = 1.5006
  seed: s head;
And, whi
  gen:  s head;
And, which thou do the deceive an the force;
And he being that the day shame and runtor,
Who the earlingbeal

Step 73250/214000 (epoch 8): loss = 1.5203 avg = 1.5399
  seed:  after many scor
  gen:   after many scorn will have lack,
That not blood of the terral. O whithe conders of violent to holp'd.

RICHARD:
A h

Step 73300/214000 (epoch 8): loss = 1.3759 avg = 1.5420
  seed: .

RICHARD:
Then
  gen:  .

RICHARD:
Then with art offalle blood fleshed once:
And would straight watcape thou hast thosens:
Nor through show

Step 73350/214000 (epoch 8): loss = 1.4212 avg = 1.4974
  seed: refore be still.
  gen:  refore be still.

FRIAR LAURENCE:
Sofford thy grought his sharge your hath both you are,
The for they lords letter's

Step 73400/214000 (epoch 8): loss = 1.7771 avg = 1.4970
  seed: ictors, breast t
  gen:  ictors, breast to sun;
He reart how thy father steem ruscent,
With see you cheer his it not starms to no be thee dow

Step 73450/214000 (epoch 8): loss = 1.4612 avg = 1.5272
  seed: ing car never ha
  gen:  ing car never have be partines;
The have gentlemb this seed it thee mast,
I sealt pardly same, silling execute,
I en

Step 73500/214000 (epoch 8): loss = 1.7574 avg = 1.5168
  seed:  subtle orator,
  gen:   subtle orator,
Druch and the pretting, and must me hand.

RICHARD:
Ay, sweet deate of quear's were in myself,
The f

Step 73550/214000 (epoch 8): loss = 0.9571 avg = 1.4319
  seed:  prison.

KING E
  gen:   prison.

KING EDWARD IV:
Ay, may ready it I say Shall 'sor:
I say you still were say his goodoy.

KING EDWARD IV:
N

Step 73600/214000 (epoch 8): loss = 1.6796 avg = 1.4669
  seed:  ride in triumph
  gen:   ride in triumphits choos;
And, by meather more young, for while so.

GLOUCESTER:
That is you speak and talk off her

Step 73650/214000 (epoch 8): loss = 1.5325 avg = 1.4654
  seed: roud setter up a
  gen:  roud setter up a courina king.

First, then fortunes unfather, Warwick my dance,
And with madizen your to the desiso

Step 73700/214000 (epoch 8): loss = 1.3630 avg = 1.4398
  seed: ntague,
Speak fr
  gen:  ntague,
Speak from 'tis of Francebed and he that of Fron:
Your and her all one your love him side?

RICK:
Thy Englo.

Step 73750/214000 (epoch 8): loss = 1.6552 avg = 1.4237
  seed: ight's coverture
  gen:  ight's coverture.

KING EDWARD IV:
Go, marriely a in the heaven, with these and hom
The formity time to chose the pr

Step 73800/214000 (epoch 8): loss = 1.2877 avg = 1.4332
  seed: 
GLOUCESTER:
Bro
  gen:  
GLOUCESTER:
Brother chance and while are in thou composess plied.

WARWICK:
For King Edward and why may tert I will

Step 73850/214000 (epoch 8): loss = 1.2155 avg = 1.4378
  seed: ce unto Henry.

  gen:  ce unto Henry.

UCHESBENKING HENRY VI:
Was of vanted and love! though thought,
Thought supple my heart me first the 

Step 73900/214000 (epoch 8): loss = 1.5302 avg = 1.4530
  seed: reat-grown trait
  gen:  reat-grown traitor:
And then my lordshall of them uncless to sure,
I am it give us, counciencembrick.

KING HENRY VI

Step 73950/214000 (epoch 8): loss = 1.8294 avg = 1.4442
  seed: op-branch overpe
  gen:  op-branch overpess the did he meet for the wittory inwick's to them
One of Joliess to thy dukents thou must betar?


Step 74000/214000 (epoch 8): loss = 1.5595 avg = 1.4797
  seed: emen, what I sho
  gen:  emen, what I should here our chappled his.
Or then have moish, that the fareston might
And alread strikes, the king 

Step 74050/214000 (epoch 8): loss = 1.5800 avg = 1.4652
  seed: , not with words
  gen:  , not with words,
To I must rospicy my foest a speak the unchers.
3 KING EDWARD IV:
Go my child, whose speak o' four

Step 74100/214000 (epoch 8): loss = 1.8904 avg = 1.5201
  seed: to be together,
  gen:  to be together,
Or which news not.

KING HENRY VI:
And at that your encessir, and and prosicip.

CLARENCE:
Good we l

Step 74150/214000 (epoch 8): loss = 2.1359 avg = 1.5728
  seed:  heifer and the 
  gen:   heifer and the peopler:
No shall made my oontal end raint her deat you chambs;
Sence the servesone our bet by lords

Step 74200/214000 (epoch 8): loss = 1.6302 avg = 1.6015
  seed: hing, where I th
  gen:  hing, where I thy colds if head-shore!

CAMILLO:
Wh told thou an lights and intent with some speaks
My temerial be a

Step 74250/214000 (epoch 8): loss = 1.4224 avg = 1.6085
  seed: ove my knowledge
  gen:  ove my knowledges:
Let himselfes to your persent, a gear beseecome case hence,
Which, an the for head himself? thou 

Step 74300/214000 (epoch 8): loss = 1.4479 avg = 1.5919
  seed: hee swell thus.
  gen:  hee swell thus.

ISTAMIONE:
I hath a my or peraction my lord.

LEONTES:
Has been and wort the world me rest comes.


Step 74350/214000 (epoch 8): loss = 1.4758 avg = 1.5912
  seed: this business
Wi
  gen:  this business
With put all am, what that world burgers,
What brow that by so, If shalls, in our lord;
Is no presen'd

Step 74400/214000 (epoch 8): loss = 1.4979 avg = 1.5674
  seed:  as you
In so en
  gen:   as you
In so enough in his not her will good not the
Unce me the whom usman light; and
End, or be have sinceit, sir

Step 74450/214000 (epoch 8): loss = 1.8617 avg = 1.5669
  seed: t we may arraign
  gen:  t we may arraign,
And on, not confight, it the call high
As that such is by, that to by crack.
Ay, be to you say sha

Step 74500/214000 (epoch 8): loss = 1.5394 avg = 1.5770
  seed:  have brought
Th
  gen:   have brought
That which is queen, all thus do maresty
See under were seems we speak says.

LEONTES:
Who resperse; I

Step 74550/214000 (epoch 8): loss = 1.8506 avg = 1.5766
  seed: tity, she did ap
  gen:  tity, she did appoint me, beel go, for thou had
She means prevant: then to the are so bear. But it slain,
And to out

Step 74600/214000 (epoch 8): loss = 1.6812 avg = 1.6386
  seed: f her ensues
I l
  gen:  f her ensues
I lieged day, how a here the fair, and hy
Of most have batten horst and but a to her; blow you follows.

Step 74650/214000 (epoch 8): loss = 1.4565 avg = 1.6553
  seed: e money for thee
  gen:  e money for thee stature winding madis
quest happer the prince: when well if the negs,
and of the has here, renown, 

Step 74700/214000 (epoch 8): loss = 1.3008 avg = 1.6461
  seed: rt
Which does me
  gen:  rt
Which does me out, my to his eyes but to
mused against not lives of brings the death:
I give to have I cannot exe

Step 74750/214000 (epoch 8): loss = 1.4770 avg = 1.6717
  seed: ribbons and glov
  gen:  ribbons and gloves brown.

AUTOLYCUS:
Moricied more:
Though hank these work: shembling in this power.

Shepherd:
A c

Step 74800/214000 (epoch 8): loss = 1.4305 avg = 1.6382
  seed: , I would not pr
  gen:  , I would not proph this
at were father make a fall capesther,' or thy
but and lady: how is come them; I am wantage

Step 74850/214000 (epoch 8): loss = 1.7440 avg = 1.5959
  seed: 'll hear you by 
  gen:  'll hear you by your seemis him.

FLORIZEL:
I must so you send for the good
With, when I know of my shall least so t

Step 74900/214000 (epoch 8): loss = 1.3381 avg = 1.5774
  seed: UTOLYCUS:
I am a
  gen:  UTOLYCUS:
I am any wish speak say rudger takes to him.

CAMILLO:
go, that should as on the speake, i' it undery chal

Step 74950/214000 (epoch 8): loss = 1.9955 avg = 1.5639
  seed: e head of a
wasp
  gen:  e head of a
wasp do cheeps but is should it the not fire
shall hand for his cause, changain match, that mag,
Were sh

Step 75000/214000 (epoch 8): loss = 1.4379 avg = 1.5585
  seed:  lord will marry
  gen:   lord will marry her is.

AUTOLYCUS:
He does, 'tis loak to stander for this blood,
I know mill might is last: the bl

Step 75050/214000 (epoch 8): loss = 1.5344 avg = 1.5480
  seed: lowly. I am sorr
  gen:  lowly. I am sorre tose came progect of
the whose eyons she kings
Were hath safest seems of my strains
That hath chil

Step 75100/214000 (epoch 8): loss = 1.6959 avg = 1.5626
  seed: and;
for she hat
  gen:  and;
for she hath enough shound to sonce, how I far
And been to the deaths.

First For her shall of his to well foun

Step 75150/214000 (epoch 8): loss = 1.5634 avg = 1.5292
  seed:  it breathed? an
  gen:   it breathed? and sou,
For him of far kingdome, of say rash, but and our
joy all perish'd fate maked not you prifici

Step 75200/214000 (epoch 8): loss = 1.4296 avg = 1.5488
  seed: there be some mo
  gen:  there be some monst by sir, and that marr'd
For, in ling of we made to low to
And the worn of it: poor Seen the is n

Step 75250/214000 (epoch 8): loss = 1.3788 avg = 1.5194
  seed: hat
have worn yo
  gen:  hat
have worn you have son. You hat the pardon,
Like and with his man, I pollow not the forth
Thou sperful do beging

Step 75300/214000 (epoch 8): loss = 1.6184 avg = 1.5581
  seed: ther wishing a m
  gen:  ther wishing a mable judin'd toiges
I have it offer of gate truitors as prients and the
to our courses art wrive to 

Step 75350/214000 (epoch 8): loss = 1.6780 avg = 1.5534
  seed: mes off well; he
  gen:  mes off well; he honour teace.

LUCIO:
I me may little it, affection, that an you her;
If I would with on their some

Step 75400/214000 (epoch 8): loss = 1.4858 avg = 1.5216
  seed:  me, Master Frot
  gen:   me, Master Froth these the pition?

POMPEY:
I honour's there here, Deservery in one very
Thy down, thou say, great 

Step 75450/214000 (epoch 8): loss = 1.6644 avg = 1.4972
  seed: uncheon, nor the
  gen:  uncheon, nor the must or to be the viate not
will more to me;'
And do: which your from and most you lord.

Not carth

Step 75500/214000 (epoch 8): loss = 1.3429 avg = 1.5041
  seed: fair one, of the
  gen:  fair one, of the swell,
And the whould but be them face upon the
it let bilty whose father, it masters
I rester man?

Step 75550/214000 (epoch 8): loss = 1.4396 avg = 1.4926
  seed:  have what we wo
  gen:   have what we word, of it like send but
to of the founded me, and seals lieve are bear a consict to the
That follow 

Step 75600/214000 (epoch 8): loss = 1.4690 avg = 1.5064
  seed: h all the world'
  gen:  h all the world's dainds, my hear
Will not haven you all before the dost whose in thereat we off;
But that into by t

Step 75650/214000 (epoch 8): loss = 1.4193 avg = 1.5133
  seed: f
this business.
  gen:  f
this business.

CLAUDIO:
Die one hath deads art for confall wick to frie.

ISABELLA:
Havel the die!

ISABELLA:
Com

Step 75700/214000 (epoch 8): loss = 1.5239 avg = 1.5378
  seed: t: bawd is he
do
  gen:  t: bawd is he
don the my heaven heir way. How her off you: the she to make of it
you to the sir, that you from a doe

Step 75750/214000 (epoch 8): loss = 1.4529 avg = 1.5278
  seed:  more words.
Pro
  gen:   more words.
Provost:
Be such.

LUCIO:
We a mast to hore the ever subt he gentlement.

LUCIO:
Age wint-sheed: now yo

Step 75800/214000 (epoch 8): loss = 1.6046 avg = 1.5090
  seed: r husband on a p
  gen:  r husband on a pace in sadle to
arel guamse after so nife
And thus; for you are whips. There hates!

DUKE VINCENTIO:

Step 75850/214000 (epoch 8): loss = 1.4474 avg = 1.5021
  seed:  a seeming
warra
  gen:   a seeming
warrants truth, unswer hath be now he squalline.

DUKE VINCENTIO:
The contry; for your have not have the 

Step 75900/214000 (epoch 8): loss = 1.7245 avg = 1.5090
  seed:  draws on
Prefix
  gen:   draws on
Prefixentard woman, or I have becare not
DUKE VINCENTIO:
Hear I will seen and drawler thoughter,
Which in 

Step 75950/214000 (epoch 8): loss = 1.5457 avg = 1.4946
  seed: er being afoot, 
  gen:  er being afoot, not he graced.

ISABELLA:
So bear many well and him aptience to him.

Provost:
I do bitted found com

Step 76000/214000 (epoch 8): loss = 1.2600 avg = 1.4792
  seed: BELLA:
O, that i
  gen:  BELLA:
O, that is the lad worthy deble all I shall,
For you were by gracious earwien,
At thou pray namess, good will

Step 76050/214000 (epoch 8): loss = 1.6776 avg = 1.4646
  seed: 
Were testimonie
  gen:  
Were testimonies beal not, and we cates her guish
This was such excuse before may sclect.

Provost:
Good word her t

Step 76100/214000 (epoch 8): loss = 1.6249 avg = 1.4553
  seed: r's death, I kno
  gen:  r's death, I know,
Let with of it? Fare him be anment, for my like,
That should proportition though: inger friar you

Step 76150/214000 (epoch 8): loss = 1.6167 avg = 1.4513
  seed: 'll a willing ea
  gen:  'll a willing earns, and as in your from rack an where our duke.
Thought should go and you?

MARIARESS OVER:
Come hi

Step 76200/214000 (epoch 8): loss = 1.3677 avg = 1.5201
  seed: :
Will't please 
  gen:  :
Will't please the he worst that is my behold him?

ESCALUS:
We Pashament from your to heart I were her!

Lord me h

Step 76250/214000 (epoch 8): loss = 1.5973 avg = 1.5664
  seed: e pleasing stuff
  gen:  e pleasing stuffer are unter have your:
As fair therefore the stecked have your good
Hece the will twill than ward t

Step 76300/214000 (epoch 8): loss = 1.6775 avg = 1.5985
  seed: I am agreed; and
  gen:  I am agreed; and thou present, the good most far see,
That subt the world this husband good which tumage,
Hath them 

Step 76350/214000 (epoch 8): loss = 1.7744 avg = 1.5835
  seed: umio, rise: we w
  gen:  umio, rise: we wip he have willance to penight:
The lady the come and his no a so I couse:
Tranior be you should and

Step 76400/214000 (epoch 8): loss = 1.6039 avg = 1.5845
  seed: earning and beha
  gen:  earning and behange as and a gent her.

First Gord pure nor he heard the and the swell:
Par I be hold such pleasure,

Step 76450/214000 (epoch 8): loss = 1.8031 avg = 1.5446
  seed: whence grows thi
  gen:  whence grows this such love?

HORTENSIO:
Baptistise, I call devile and heards and with father's the see
thou makebes

Step 76500/214000 (epoch 8): loss = 1.3963 avg = 1.5207
  seed:  times more than
  gen:   times more than her the waput.

KATHARINA:
Spething bear the there wordnior: and finish me:
You wife, is was my set

Step 76550/214000 (epoch 8): loss = 1.6284 avg = 1.5011
  seed: rate as the morn
  gen:  rate as the morneal,
Anor your about to right well, wook him;
But 'twer it improvost strough not prate:
If she compl

Step 76600/214000 (epoch 8): loss = 1.4647 avg = 1.5362
  seed: ake you your ins
  gen:  ake you your inswering as,
Her shall'd a love my eight on; confina world,
As I wills with me the ventisitoried have 

Step 76650/214000 (epoch 8): loss = 1.0800 avg = 1.5755
  seed: ISTA:
You are we
  gen:  ISTA:
You are well, then, thou kindreath my leasted
soons that city loath! a see with with,
Of His sets bath and let

Step 76700/214000 (epoch 8): loss = 1.6883 avg = 1.5494
  seed:  go hang yoursel
  gen:   go hang yourself:
At he had povection, not heart have be wind.

PETRUCHIO:
But to the to his crame?

PETRUCHIO:
And

Step 76750/214000 (epoch 8): loss = 1.6137 avg = 1.5739
  seed: and unpolish'd g
  gen:  and unpolish'd gold and
had made in the for
comfort. Ay, thou myself miater, how that
As, so that you she prains; he

Step 76800/214000 (epoch 8): loss = 1.3837 avg = 1.5601
  seed:  have a lusty wi
  gen:   have a lusty wife to so,
An She ever man that way not was some, content:
I says back our scome them confere:
And wo

Step 76850/214000 (epoch 8): loss = 1.7727 avg = 1.5284
  seed:  in words.

PETR
  gen:   in words.

PETRUCHIO:
Be how the known: I done, which I rest there.

PETRUCHIO:
O, there here, the print.

BIANCA:

Step 76900/214000 (epoch 8): loss = 1.4089 avg = 1.5334
  seed: ll you find read
  gen:  ll you find read you, should come,
With the was twill, good sure to you such attempery.

Thire to may be here?

ISA:

Step 76950/214000 (epoch 9): loss = 1.4781 avg = 1.5512
  seed: ng about it.

ME
  gen:  ng about it.

MENENIUS:
Why, be the ark? in souls I say the her deat the carms,
This dear the ven mother still to fo

Step 77000/214000 (epoch 9): loss = 1.6205 avg = 1.5752
  seed: are to gird the 
  gen:  are to gird the reported
ound to that me your he runding rible theirs.
Messed CifIndix on all do wear thee whil,
Wha

Step 77050/214000 (epoch 9): loss = 1.3698 avg = 1.5970
  seed: he shall, she sh
  gen:  he shall, she should us, fall in the joine,
For my me to his not a lood from of the not
ther forceived me sort swill

Step 77100/214000 (epoch 9): loss = 1.5357 avg = 1.5980
  seed:  town,
Where the
  gen:   town,
Where the remnass to cure is part a love.

First Citizen:
Marry made pass our him be throse hath would.

MARC

Step 77150/214000 (epoch 9): loss = 1.6278 avg = 1.5835
  seed: ducement,
To hid
  gen:  ducement,
To hide the shouldst the presening let his father
if drebutger thy fish followed's to 'tis noble
Were I sk

Step 77200/214000 (epoch 9): loss = 1.7741 avg = 1.5771
  seed: lities are too i
  gen:  lities are too it? my down himselly the mood,
He both forth the for the hasted to bearn to.

First and lord vice or 

Step 77250/214000 (epoch 9): loss = 1.7796 avg = 1.5914
  seed: orthy Caius, and
  gen:  orthy Caius, and we good lame best and yink it:
What shorm.

MENENIUS:
Where's bese, if the remone, I say, you reck 

Step 77300/214000 (epoch 9): loss = 1.6675 avg = 1.5814
  seed: he Volsces and
T
  gen:  he Volsces and
Thanknol shall news to-morry time? 'tis then they
pherd's he did upon theirs of these so before, and,

Step 77350/214000 (epoch 9): loss = 1.5008 avg = 1.5591
  seed: re to make a mon
  gen:  re to make a mone,
That demighter's plant, I call perform.

Seprove a poor of elsent not the
That's their to seen to

Step 77400/214000 (epoch 9): loss = 1.2123 avg = 1.5163
  seed:  may, sir.

CORI
  gen:   may, sir.

CORIOLANUS:
I come should soul of Esumon most it appetient the
the say it, brother.
Say, this consele he

Step 77450/214000 (epoch 9): loss = 1.4632 avg = 1.5094
  seed:  might
Be call'd
  gen:   might
Be call'd up you
are in the parting voices as boldier so'er.

First Citizen:
Your we devoder, your part he do

Step 77500/214000 (epoch 9): loss = 1.9006 avg = 1.5003
  seed: all reason, wher
  gen:  all reason, where is them.

SICINIUS:
Your so spiribunes, spakes and you as earth.

SICINIUS:
When not fits, what's 

Step 77550/214000 (epoch 9): loss = 1.4155 avg = 1.4865
  seed: unt
With modest 
  gen:  unt
With modest help roard them to the by my sught
Be of against and a be the a liver
Those noble this stance you pe

Step 77600/214000 (epoch 9): loss = 1.3470 avg = 1.4761
  seed: y salve so,
Not 
  gen:  y salve so,
Not it your proceife, not words, disler recty;
For disceives discorm.

First Senator:
I be their rever i

Step 77650/214000 (epoch 9): loss = 1.2341 avg = 1.4872
  seed: malicious sounds
  gen:  malicious sounds and most make more yours,
And infing their stranged them.

BRUTUS:
Why, I'll be my the them to the 

Step 77700/214000 (epoch 9): loss = 1.4083 avg = 1.4951
  seed: but out at gate.
  gen:  but out at gate.

CORIOLANUS:
We to whoses, this most you meen wrations
That can a dept young part commonnation.

CO

Step 77750/214000 (epoch 9): loss = 1.5248 avg = 1.4945
  seed: hose passions an
  gen:  hose passions and all bears them landed,
To do thy rogs, show not a voice to label.

BRoman:
Bestant, that way, lose

Step 77800/214000 (epoch 9): loss = 1.2029 avg = 1.4930
  seed: gh not for Rome 
  gen:  gh not for Rome country
don so may for my of thy stride and strange
The done, hearth, does with the dream and marrin

Step 77850/214000 (epoch 9): loss = 1.5574 avg = 1.4880
  seed: an when these fe
  gen:  an when these fee,
Which in all the hanged gittly them as he news
Spist the so take accommight againstry and the
nor

Step 77900/214000 (epoch 9): loss = 1.5900 avg = 1.4833
  seed: US:
Pray, let us
  gen:  US:
Pray, let us seem itsell.

SICINIUS:
You people an say, sir, I!

COMINIUS:
And Pence, and sings,
In am country o

Step 77950/214000 (epoch 9): loss = 1.0771 avg = 1.4857
  seed: US:
From Rome.

  gen:  US:
From Rome.

MENENIUS:
O, you think one poor raw.

How he senator:
We are so who our lave is in
Upon on home: yet

Step 78000/214000 (epoch 9): loss = 1.9304 avg = 1.4976
  seed: , and am not
Of 
  gen:  , and am not
Of him hands the poor for them been. Angees by praction;
And ever sir, think this enour accountant your

Step 78050/214000 (epoch 9): loss = 1.3646 avg = 1.5296
  seed: ack: but if it b
  gen:  ack: but if it bein chompant up const
That shaly to story the prince to knee thee?

Third I have do alacted will he 

Step 78100/214000 (epoch 9): loss = 1.7469 avg = 1.5276
  seed:  for his truth: 
  gen:   for his truth: the have in old,
There had his were than this cold of the son,
And leave to been all the his with th

Step 78150/214000 (epoch 9): loss = 1.6626 avg = 1.5274
  seed: y a one,
Which t
  gen:  y a one,
Which traius foreal too execution and with he not
To knowod have premety have him sword: you a, thou cannot

Step 78200/214000 (epoch 9): loss = 1.7321 avg = 1.5500
  seed: GLOUCESTER:
Now,
  gen:  GLOUCESTER:
Now, I she have rest chang a carciusinces
Citorty to the gently throw imprither man trifts,
I am in a no

Step 78250/214000 (epoch 9): loss = 1.2037 avg = 1.5371
  seed: 

LADY ANNE:
And
  gen:  

LADY ANNE:
And wilt like, hearto glad belong will his bay,
Like and the can your forget Madam thing thou must be?

Step 78300/214000 (epoch 9): loss = 1.7712 avg = 1.4999
  seed: ovelier gentlema
  gen:  ovelier gentleman:
And are them would be his your would to make to advill can thy lies,
And you full tears of not we

Step 78350/214000 (epoch 9): loss = 1.3789 avg = 1.5074
  seed:  look, what I ha
  gen:   look, what I have polish they have sotal that lends
And in him; stay in with the bedy;
Faith you me will, one shoul

Step 78400/214000 (epoch 9): loss = 1.5577 avg = 1.4970
  seed: me will come whe
  gen:  me will come when to many lolet by thee.

QUEEN MARGARET:
Good brother, stable thee, that thosey is thee,
The did th

Step 78450/214000 (epoch 9): loss = 1.6943 avg = 1.5009
  seed: hat ugly sights 
  gen:  hat ugly sights charitones.

QUEEN ELIZABETH:
I could in here of Procers:
For is thought at murdly, for see our deat

Step 78500/214000 (epoch 9): loss = 1.0562 avg = 1.4945
  seed: E:
In God's name
  gen:  E:
In God's name them would let he should a with while
We was with murderer: and him out.

First Murderer:
What, whi

Step 78550/214000 (epoch 9): loss = 1.5823 avg = 1.4623
  seed: ear the like!

K
  gen:  ear the like!

KARLARENCE:
No, besigh you provected his law,
Thou shall my for face death, the he how now
derer in t

Step 78600/214000 (epoch 9): loss = 1.4812 avg = 1.4751
  seed: lose him, not yo
  gen:  lose him, not you such in him, and respect
And I will Edward Rome the to have here offul
Doing on a most's did to th

Step 78650/214000 (epoch 9): loss = 1.4897 avg = 1.4813
  seed: y the way, I'll 
  gen:  y the way, I'll in this news:
I did be majeht both hod be madin his mull,
God of my lord fire of an pleace to mename

Step 78700/214000 (epoch 9): loss = 1.4974 avg = 1.4632
  seed:  I'll resign unt
  gen:   I'll resign untitust great you hadst,
With be shamen so I'll be the shallicen hird that,
And of with this so fally 

Step 78750/214000 (epoch 9): loss = 1.4602 avg = 1.4293
  seed: that you should 
  gen:  that you should name are in have cous.

GLOUCESTER:
On im, not the distress to come;
He is this so see heaven, princ

Step 78800/214000 (epoch 9): loss = 1.3938 avg = 1.4231
  seed: e men else, who 
  gen:  e men else, who hear scan God
Upon thee find a be it the for hungen of merce
Which to the sland my lord of do be me,

Step 78850/214000 (epoch 9): loss = 1.5455 avg = 1.4166
  seed: ikes him well,
W
  gen:  ikes him well,
Where he warry to throe his ak you fear my like
To supplinion; and you meen so be to you
Which will m

Step 78900/214000 (epoch 9): loss = 1.7112 avg = 1.4454
  seed: s hateful luxury
  gen:  s hateful luxury day with their hand like uncle well
To are me paster turn served the heart
Duked say as inter his h

Step 78950/214000 (epoch 9): loss = 1.5058 avg = 1.4731
  seed: en!

BUCKINGHAM:
  gen:  en!

BUCKINGHAM:
Mayourse, and him go: my father, like him!

RATCLIFF:
By days of sight stand York me to Sake
To sol

Step 79000/214000 (epoch 9): loss = 1.2465 avg = 1.4781
  seed: ith this kingly 
  gen:  ith this kingly and stands;
And he we standet the grighty that Edward
To rever the incens to sorrother prides.

Mada

Step 79050/214000 (epoch 9): loss = 1.4269 avg = 1.4692
  seed:  die?

BUCKINGHA
  gen:   die?

BUCKINGHAM:
What, thy lord, Thy stain latesion.

GLOUCESTER:
I not that you your ences, my joy, what,
To dead

Step 79100/214000 (epoch 9): loss = 1.4657 avg = 1.4653
  seed: o thee good,
And
  gen:  o thee good,
And soulstand to done of life it?

QUEEN ELIZABETH:
What, give thy son, love's good reighting law suit

Step 79150/214000 (epoch 9): loss = 1.3924 avg = 1.5154
  seed: ll, York's wife,
  gen:  ll, York's wife, betweet thou, as moy;
The mouchase be call look thee indeeds,
As wIntoo his please! my to being the

Step 79200/214000 (epoch 9): loss = 1.0634 avg = 1.4585
  seed: g'd!

QUEEN ELIZ
  gen:  g'd!

QUEEN ELIZABETH:
To a dear I hopent forth the light;
Where and standed me, that Lady?

DUCHESS OF YORK:
Ase on

Step 79250/214000 (epoch 9): loss = 1.3347 avg = 1.4051
  seed: deep and dead;
T
  gen:  deep and dead;
The earlianced die in yet be unne in heir that in high blood
To be neve the suffer's bed shood enterl

Step 79300/214000 (epoch 9): loss = 1.2705 avg = 1.3957
  seed: mmanded, mighty 
  gen:  mmanded, mighty some, shall her well?
'Suchangent the expectition?

KING RICHARD III:
Why should the restrise in the

Step 79350/214000 (epoch 9): loss = 1.5634 avg = 1.4700
  seed: here will I lie 
  gen:  here will I lie make now,
That them. Which only long he the say hort.

Messenger:
Sirst souls of the many but lispos

Step 79400/214000 (epoch 9): loss = 1.3727 avg = 1.5164
  seed: s me;
And if I d
  gen:  s me;
And if I do good rever then for that,
Intimes an my lords face of the on my fid?
And I have silent your person

Step 79450/214000 (epoch 9): loss = 1.4111 avg = 1.4870
  seed:  living?

DERBY:
  gen:   living?

DERBY:
A lord, holy, for God heavy goodst the clows
The draw the shall the bears, in the peace,
And fairst

Step 79500/214000 (epoch 9): loss = 1.3903 avg = 1.5166
  seed: e and rough chas
  gen:  e and rough chastirs,
As right the sons as fire, fight most blood.

DUCHMOND:
Now, the lay joy! duke lap this back a

Step 79550/214000 (epoch 9): loss = 1.5081 avg = 1.5367
  seed: inted in His sig
  gen:  inted in His signow that for my done.
I live; and make in my liege, be mark'd
Upant the in his dest togent his affec

Step 79600/214000 (epoch 9): loss = 1.3573 avg = 1.5310
  seed: n hope, I cry am
  gen:  n hope, I cry ame in my know!
A who to so me, as name row the do speart,
As in That uncled desext herefore,
God thei

Step 79650/214000 (epoch 9): loss = 1.5303 avg = 1.5305
  seed: ild:
A partial s
  gen:  ild:
A partial sent on my last thy turn bring too,
Which not thee sait with earl a death,
A tenter, sach vissuous se

Step 79700/214000 (epoch 9): loss = 1.2230 avg = 1.5172
  seed:  not yourself, n
  gen:   not yourself, noble have will banish'd's hollow would
By sweet of navoid wine to hereford and wink's assight
To hav

Step 79750/214000 (epoch 9): loss = 1.1532 avg = 1.5381
  seed: G RICHARD II:
An
  gen:  G RICHARD II:
And bannest thy suit me the marded the sdeed,
That a long their greep than lockse follows;
That most m

Step 79800/214000 (epoch 9): loss = 1.3402 avg = 1.5254
  seed: life peering; bu
  gen:  life peering; but none be not with next
What we was at and not of Gloucester to true!

NORTHUMN GOFOLOLLELLOROGUEETH

Step 79850/214000 (epoch 9): loss = 1.6923 avg = 1.5336
  seed: you go muster me
  gen:  you go muster mean wathin be we noble,
Did more the reposing on our dith bother requit.

LORD RAN HO:
Alate accapes 

Step 79900/214000 (epoch 9): loss = 1.8114 avg = 1.5055
  seed: m,
Frighting her
  gen:  m,
Frighting her mother hath make others sovereophed,
But who harsly to row yound grow is trave
To Rath not of like 

Step 79950/214000 (epoch 9): loss = 1.5428 avg = 1.5011
  seed: airly let her be
  gen:  airly let her being'd all are of and to hope.

LORD Now, come any possior: the prosing in Busing years making,
I am 

Step 80000/214000 (epoch 9): loss = 1.2908 avg = 1.5231
  seed: e.

SIR STEPHEN 
  gen:  e.

SIR STEPHEN SCROOP:
To Roman:
Here comestle perdings the raliop sight a counting and with the cannot
And Vlief m

Step 80050/214000 (epoch 9): loss = 1.3944 avg = 1.5074
  seed: r's dust with sh
  gen:  r's dust with shall come throws to bars
And so likeld for Citcareful meet,
That discontent like never for my the day

Step 80100/214000 (epoch 9): loss = 1.6214 avg = 1.5107
  seed: wn, court!
down,
  gen:  wn, court!
down, be not so to left-housand a heart the pokes
So our thou king hath mother I must with hand.
And woul

Step 80150/214000 (epoch 9): loss = 1.2903 avg = 1.5238
  seed: thy mind;
What t
  gen:  thy mind;
What thy that fear a than scourt ungend?
The proop-sere, When and my far this some, good let me king of th

Step 80200/214000 (epoch 9): loss = 1.5894 avg = 1.5103
  seed: 
And if you crow
  gen:  
And if you crows, do subjects true,
I she submerle himsent I mere of would,
We the thither dispencein dening pace,

Step 80250/214000 (epoch 9): loss = 1.3606 avg = 1.4937
  seed: ICHARD II:
They 
  gen:  ICHARD II:
They my do warls of came he bongue of all:
With in my land the king that you drocy,
And turn are all the 

Step 80300/214000 (epoch 9): loss = 1.9145 avg = 1.5073
  seed: 
My wife to Fran
  gen:  
My wife to France of thy grief, reast with be old fair
Qury suck to king, I plain be so his bring our fair to many

Step 80350/214000 (epoch 9): loss = 1.2183 avg = 1.4534
  seed:  would appeach h
  gen:   would appeach he's will he old
Do have a men with to twith have now shall with look's come;
If that I should king t

Step 80400/214000 (epoch 9): loss = 1.4137 avg = 1.4518
  seed: y, 'pardonne moi
  gen:  y, 'pardonne moint his speed me.

DUCHESS OF YORK:
So for this did in the eart hither,
Have shall be man you ham oat

Step 80450/214000 (epoch 9): loss = 1.3634 avg = 1.4856
  seed: My lord, will't 
  gen:  My lord, will't counter's sovereing to purpless;
The brother have thou passent 'tis a times,
And honour'll becan the

Step 80500/214000 (epoch 9): loss = 1.7684 avg = 1.5054
  seed: d thee:
Have at 
  gen:  d thee:
Have at the king, thou shall them, they welcome of year.

PARGORY:
It the judge head, I joy
Stake timal bear

Step 80550/214000 (epoch 9): loss = 1.8938 avg = 1.5444
  seed: d's arrow; she h
  gen:  d's arrow; she his shall boldies.

ROMEO:
So their that coung weep the cannot agains.

NOMOOO:
What put they the lov

Step 80600/214000 (epoch 9): loss = 1.7424 avg = 1.5780
  seed: r:--Nurse, give 
  gen:  r:--Nurse, give friend, where bearing tell.

MONTA:
Where the virtuishaps of the head fellance
That love is wither I

Step 80650/214000 (epoch 9): loss = 1.6323 avg = 1.5947
  seed:  phrase;
I'll be
  gen:   phrase;
I'll be I have of heavy a hours than thing conce.

KATHARUIET:
There confied offend rumb, you wintain.

KER

Step 80700/214000 (epoch 9): loss = 1.3354 avg = 1.6306
  seed: ,
A villain that
  gen:  ,
A villain that prove vain in shall shall sens.

ROMEO:
No, sirvant:
Richanners an years, else love your dograncond

Step 80750/214000 (epoch 9): loss = 1.5384 avg = 1.6138
  seed: t a wound.
But, 
  gen:  t a wound.
But, I loves seem the and old that the might;
Take a that them hath him stry sorrow and hers!
But and her

Step 80800/214000 (epoch 9): loss = 1.4262 avg = 1.5705
  seed: ght, all this is
  gen:  ght, all this is honour house more and theirs
Baint me love any, like for thy love,
Younge not of his as have love w

Step 80850/214000 (epoch 9): loss = 1.4007 avg = 1.5638
  seed: e for grace and 
  gen:  e for grace and kin thee,
And like other a plot let the hearty wall
Is done thee mornal and gravy seem love!
Come, l

Step 80900/214000 (epoch 9): loss = 1.3110 avg = 1.5832
  seed: ill you come to 
  gen:  ill you come to a to you shand,
But be thee and of thy whestarest from there any.

JULIET:
For who bevine and morn, 

Step 80950/214000 (epoch 9): loss = 1.5880 avg = 1.5785
  seed:  gentleman,
Wher
  gen:   gentleman,
Where you hand men gad hear thus word in is aunt,
Have a swenty the since welcome--
With hear bling thei

Step 81000/214000 (epoch 9): loss = 1.4596 avg = 1.5601
  seed: make haste, lest
  gen:  make haste, lest shall hall steem wear,
And good her not send, sir, were holy me
That daught would is for your shall

Step 81050/214000 (epoch 9): loss = 1.2718 avg = 1.5687
  seed:  shall die,
Take
  gen:   shall die,
Take Pisext 'Welcome him doth blood--bels!

ROMEO:
God he not did but harband's discred loss
To be thou 

Step 81100/214000 (epoch 9): loss = 1.4835 avg = 1.5559
  seed: patient, for the
  gen:  patient, for the is for this but your sains!
What castring I'st heaven and him bed.
Tybalts, but shall to-days dear 

Step 81150/214000 (epoch 9): loss = 1.4189 avg = 1.5585
  seed: mmend me to thy 
  gen:  mmend me to thy deaven;
Thy make thou street childit your cold-lared.

ROMEO:
From thy gone, as such fortabelillow t

Step 81200/214000 (epoch 9): loss = 1.2462 avg = 1.5342
  seed: rer lives.

JULI
  gen:  rer lives.

JULIET:
It, thou King our woe! Ruchady too, who court.

ROMEO:
There I may untal fire damn thou with him

Step 81250/214000 (epoch 9): loss = 1.5961 avg = 1.5338
  seed: th not so green,
  gen:  th not so green, in thanks sit.

JULIET:
A gentle with this at that is my in a me.

LADY:
There in soy stand, and ma

Step 81300/214000 (epoch 9): loss = 1.5716 avg = 1.5169
  seed: ee from this pre
  gen:  ee from this prett,
Which hath the will me hate of this nextlemars,
And this of this not, thou hame the will not.

J

Step 81350/214000 (epoch 9): loss = 1.7554 avg = 1.5198
  seed: rse, I say!
Go w
  gen:  rse, I say!
Go was you have charione.

JULIET:
O, prince for, country leave, hast now, here,
To she what warrant whi

Step 81400/214000 (epoch 9): loss = 1.4793 avg = 1.5481
  seed:  with her silver
  gen:   with her silveralion last with bid fall her;
And traight-dity sound thee in the way!
But thy rew in their name one 

Step 81450/214000 (epoch 9): loss = 1.6085 avg = 1.5800
  seed: ght,
To cross my
  gen:  ght,
To cross my mut lend Nor did the ratured
But the haid in Lork, couse of that's said
To Cone me! O her blow note

Step 81500/214000 (epoch 9): loss = 1.7358 avg = 1.5680
  seed: losed in my true
  gen:  losed in my true:
Sir, come a from in sheed they veing are of him.

JULIET:
Thoue's best My spring here thy part are

Step 81550/214000 (epoch 9): loss = 1.5573 avg = 1.5347
  seed: e in pure gold;
  gen:  e in pure gold;
And she counting it death too-daw thee diggreats
That spart her is think the spites the come,
This d

Step 81600/214000 (epoch 9): loss = 1.3076 avg = 1.4974
  seed:  thus.

RICHARD:
  gen:   thus.

RICHARD:
You shrew these hath thus thus: there with my lords,
That I from as think, my heart not it them abl

Step 81650/214000 (epoch 9): loss = 1.5985 avg = 1.4567
  seed: eby my son is di
  gen:  eby my son is divine and stand thears.

YORK:
The stay will I will assist of my wase,
That by the teet hath thy fath

Step 81700/214000 (epoch 9): loss = 1.2995 avg = 1.4554
  seed: er's point affor
  gen:  er's point afford yound so,
And that crophed the passict of Claughter here.

QUEEN MARGARET:
Forger, forward parly t

Step 81750/214000 (epoch 9): loss = 2.0988 avg = 1.5052
  seed: ot shameless.
Th
  gen:  ot shameless.
Thou do; then gruefore, look you have lord.

YORK:
But thee, Poor it show thouse proy in thee present.

Step 81800/214000 (epoch 9): loss = 1.6336 avg = 1.5301
  seed: 
Never, O never 
  gen:  
Never, O never pulting some with heavan desp!

PRINCE EDWARD:
You both, married their such the makes mouths?

EDWAR

Step 81850/214000 (epoch 9): loss = 1.3638 avg = 1.5206
  seed: er your heart, m
  gen:  er your heart, many so look and in now!
And in to dear are the with heart which war,
Adam and olders Richard brother

Step 81900/214000 (epoch 9): loss = 1.8800 avg = 1.4787
  seed: thou art neither
  gen:  thou art neither?
For heart as that never solty: what, good me subjects?

KING HENRY VI:
Why, the stay happer Juliet

Step 81950/214000 (epoch 9): loss = 1.6203 avg = 1.4894
  seed:  complete;
How m
  gen:   complete;
How mine there father done was the ways will.

BALTHNGBROKE:
Whach patcher altorce, and breather close.


Step 82000/214000 (epoch 9): loss = 1.4446 avg = 1.5144
  seed: .
The air hath g
  gen:  .
The air hath gone slaisure, to his slain'd.
Was lands them them shall art on my have doth sweet flay
For away, res

Step 82050/214000 (epoch 9): loss = 1.5956 avg = 1.5088
  seed: n speak no more;
  gen:  n speak no more;
This place my all I save thouson'd day.

RICHARD:
Clifford your scerns both to cross' stand.

O hon

Step 82100/214000 (epoch 9): loss = 1.4680 avg = 1.4159
  seed:  GREY:
'Tis bett
  gen:   GREY:
'Tis better say's do thee, sound'st effereth.

KING EDWARD IV:
Ay, your her heart laitle timy with the counte

Step 82150/214000 (epoch 9): loss = 1.6172 avg = 1.4594
  seed: o crave thy just
  gen:  o crave thy just.
I know of whit with a man voice and day.

KING LEWIS XI:
What they git's sound son be with makes h

Step 82200/214000 (epoch 9): loss = 1.1018 avg = 1.4482
  seed: 
WARWICK:
Mine, 
  gen:  
WARWICK:
Mine, my lime, where bain a my for of Edward,
Whath this with the with you to the of my heart,
With a king

Step 82250/214000 (epoch 9): loss = 1.3356 avg = 1.4245
  seed: 
But the safer w
  gen:  
But the safer wife to thou a away'd and for the maid
Prost have but Margarely horsets hour the hath mother.

KING H

Step 82300/214000 (epoch 9): loss = 1.2299 avg = 1.4227
  seed: .
Why, then, let
  gen:  .
Why, then, let grace, that man doth grandy to ad Profasion
And for you prove me; I steen, I was have me?
For words

Step 82350/214000 (epoch 9): loss = 1.1336 avg = 1.4169
  seed: own;
And pray th
  gen:  own;
And pray the what the deeping with hate;
Now was a fathen with him shalle proptive stand,
Thret me king of Edwa

Step 82400/214000 (epoch 9): loss = 1.1851 avg = 1.4198
  seed: e shall soon per
  gen:  e shall soon perset

As I ladst the but to returred they's what:
When I say father's dome heart bear to heard.
Ahavi

Step 82450/214000 (epoch 9): loss = 1.4737 avg = 1.4400
  seed:  Clarence is at 
  gen:   Clarence is at mear'd.
Now, law hedss be forgrans: a'tis me him.

MONTAGUE:
This may atter the rightless help thus,

Step 82500/214000 (epoch 9): loss = 1.4725 avg = 1.4413
  seed:  earth and dust?
  gen:   earth and dust?

KING EDWARD IV:
Ay, I resolve you dream, and brothers,
And we for the one, sir, to my silve,
Will 

Step 82550/214000 (epoch 9): loss = 1.2205 avg = 1.4650
  seed: t hear them spea
  gen:  t hear them speak's on thee.
And, and changes it life, Carewell.

KING EDWARD IV:
Then IV:
The stock the come hence 

Step 82600/214000 (epoch 9): loss = 1.7917 avg = 1.4531
  seed:  many an orphan'
  gen:   many an orphan's of thee:
And make one we eave they shall coendful shed,
What been thee hence unners from wot be no

Step 82650/214000 (epoch 9): loss = 1.4025 avg = 1.5131
  seed: else be content 
  gen:  else be content in theim sickers,
Where's a strue is words, you with othere.

WARWICK:
Ah, then these with hear lovi

Step 82700/214000 (epoch 9): loss = 1.8318 avg = 1.5698
  seed: t be?--
Affectio
  gen:  t be?--
Affection you wantwismailled them to be king fears.

WARWICK:
To came, thou last this dice the keep--
On so 

Step 82750/214000 (epoch 9): loss = 1.8414 avg = 1.5965
  seed: ppery? If thou w
  gen:  ppery? If thou willing son: boot thought:
And not on the maken the seem of men thee in them of myself,
Thingst one c

Step 82800/214000 (epoch 9): loss = 1.5218 avg = 1.5896
  seed:  must be even as
  gen:   must be even as hearting.

LEONTES:
Come, lays no seek the goes of a not blase
I be my do lover to furniesself? is 

Step 82850/214000 (epoch 9): loss = 1.6404 avg = 1.5837
  seed: y,' come between
  gen:  y,' come between, with may bring in the fight.

GLOUCESTER:
Ha!

POLIXENES:
Nor wince that with unto that advice: by

Step 82900/214000 (epoch 9): loss = 1.5910 avg = 1.5786
  seed: these your atten
  gen:  these your attend 'twer that mother,
I have the so your bury of your look you piter
Our gracious swoman is lady
That

Step 82950/214000 (epoch 9): loss = 1.2437 avg = 1.5517
  seed: S:
I am none, by
  gen:  S:
I am none, by e'll post of you,
That shall indeed, It most post him;
Whose, improsed to see who ome!

PAULINA:
Be

Step 83000/214000 (epoch 9): loss = 1.7421 avg = 1.5609
  seed: o' the oracle,
K
  gen:  o' the oracle,
King on his reedixs as open and say
On the tear the it: the dappy to hearts,
To charged to morely str

Step 83050/214000 (epoch 9): loss = 1.3207 avg = 1.5526
  seed: t!
The prince yo
  gen:  t!
The prince your honds,
He cat the what not one standy,
And no thy rece derice
Of this shall me; us to I sir,
'Tis

Step 83100/214000 (epoch 9): loss = 1.8109 avg = 1.5709
  seed: id in time colle
  gen:  id in time collemin my farewelland
And hone thou membless as the be of any,
Second it constard. I grather joy
From t

Step 83150/214000 (epoch 9): loss = 1.7170 avg = 1.6231
  seed: th sent for me; 
  gen:  th sent for me; 'twerly
The dear we'er the saping come, that bother'tes
des: mercy thee happing: as wife of nay the 

Step 83200/214000 (epoch 9): loss = 1.3556 avg = 1.6371
  seed: sh it to make it
  gen:  sh it to make it have but part thee
and hither lost be most for make.

You would day make, they the thee and me, tha

Step 83250/214000 (epoch 9): loss = 1.7436 avg = 1.6369
  seed: uld leave grazin
  gen:  uld leave grazing:
The goest this dead.

Servant:
I shall now your away, thought use court
that may sir?
These and a

Step 83300/214000 (epoch 9): loss = 1.5225 avg = 1.6597
  seed: MOPSA:
I have do
  gen:  MOPSA:
I have do shallia blforthse suffooth.

PAULINA:

Comes when thyself well wips comemiage and was man and by th

Step 83350/214000 (epoch 9): loss = 1.5649 avg = 1.6161
  seed: ad,
I shall have
  gen:  ad,
I shall have wave there thought better
Or pay thou hand, I.

WERCARWICLIA:
'Whomisty are love. I come, no accome

Step 83400/214000 (epoch 9): loss = 1.1632 avg = 1.5701
  seed: s thought on.

C
  gen:  s thought on.

CAMILLO:
But pardon Come, I am he come, within what well
In the I am statle than set worn them upon b

Step 83450/214000 (epoch 9): loss = 1.5579 avg = 1.5646
  seed: hipboard
Get und
  gen:  hipboard
Get under your care your poor soldies, and his
Doing the cheir straina: what she way songs the sway more ob

Step 83500/214000 (epoch 9): loss = 1.5227 avg = 1.5574
  seed:  persons to his 
  gen:   persons to his kisself this change say.
'Tis was we must it too hence, sir.

FLORIZEL:
I charge though the tempeace

Step 83550/214000 (epoch 9): loss = 1.7759 avg = 1.5449
  seed: ather's greatnes
  gen:  ather's greatnes our
Turn he a cyorach this fall have be bein;
But have never the shall, but said of me to peak,
Whe

Step 83600/214000 (epoch 9): loss = 1.5240 avg = 1.5321
  seed: y liege,
Your ey
  gen:  y liege,
Your eyes him not bestroyou, and so king.

She court, better, which word.

Give to father:
My lord.

Lord:

Step 83650/214000 (epoch 9): loss = 1.7034 avg = 1.5502
  seed: so he then took 
  gen:  so he then took the fail father is that thought
dell prain a such heaven; and all the another would heavil.

PAULINA

Step 83700/214000 (epoch 9): loss = 1.7799 avg = 1.5175
  seed: dial comfort. St
  gen:  dial comfort. Stand of I
priear of thy well!
O growing, once so the has meet, and bear at too bines
From of my good 

Step 83750/214000 (epoch 9): loss = 1.3914 avg = 1.5326
  seed: thing on the way
  gen:  thing on the way read sink. Let you are that
Even think of a see would. None thread that she
We have it sone of a pe

Step 83800/214000 (epoch 9): loss = 1.6098 avg = 1.5074
  seed:  Claudio! whence
  gen:   Claudio! whence diss in live lost and
Franctive the wretch our lawn me suppilor things thrown are had
though is pri

Step 83850/214000 (epoch 9): loss = 1.5960 avg = 1.5438
  seed: ess! Can you so 
  gen:  ess! Can you so were the secreings
To than can porth a rest seed.

CLAUDIO:

And all the feept the part play true sp

Step 83900/214000 (epoch 9): loss = 1.5941 avg = 1.5397
  seed: ou detest her th
  gen:  ou detest her thy too, but too,
That by signant though only like and pessed upon
To have to knew instruction the pri

Step 83950/214000 (epoch 9): loss = 1.7366 avg = 1.5097
  seed: tly a bawd, Pomp
  gen:  tly a bawd, Pomplace; at you pointed; I thou tis?

POMPEY:
Who, I have you, now'd do queen an thels, have Elbohn, to

Step 84000/214000 (epoch 9): loss = 1.4578 avg = 1.4790
  seed: uld you be,
If H
  gen:  uld you be,
If Have your -port, be for sistee,
Have one stable or rever much before,
And me though; I am stepart the

Step 84050/214000 (epoch 9): loss = 1.3262 avg = 1.4839
  seed: ,
As that the si
  gen:  ,
As that the sign any are she ope to lork.

FROTH:
Ay, know's would for her bring execulated them
Inded been how I'

Step 84100/214000 (epoch 9): loss = 1.6298 avg = 1.4850
  seed: ex,--
Since I su
  gen:  ex,--
Since I suct the hear resper to your or brother
kes banish a from with her, authan good then
Than maker soul.

Step 84150/214000 (epoch 9): loss = 1.6135 avg = 1.4966
  seed:  I can a resolut
  gen:   I can a resolut to be word.
And a bear thus to a prosed.

Give thou would pittening indee, no him.

PAGE O:
Courabt

Step 84200/214000 (epoch 9): loss = 1.6344 avg = 1.5020
  seed: he dowry of his
  gen:  he dowry of his
Cainded your have most your make you may so,
Frence think betwixt: a thus as of my weaks.

LUCIO:
I 

Step 84250/214000 (epoch 9): loss = 1.5572 avg = 1.5211
  seed: now. What news a
  gen:  now. What news and sir;
And as he that thou were she come by,
Nor this hath your waw that bego's shall she she hath

Step 84300/214000 (epoch 9): loss = 1.2266 avg = 1.5052
  seed: CALUS:
What news
  gen:  CALUS:
What news the for the will the fain the mertain
have and not sound his from mine the vow,
To red looking plac

Step 84350/214000 (epoch 9): loss = 1.5057 avg = 1.5016
  seed: take it on you t
  gen:  take it on you to to resprece of it:
Hest, know as most by other to a comple.

DUKE VINCENTIO:
No do live stand true

Step 84400/214000 (epoch 9): loss = 1.6918 avg = 1.4906
  seed: ovost:
A lack, h
  gen:  ovost:
A lack, he ordweet daughter him life a provry wepost
to the find showernsy have desire here as lawd,
To make 

Step 84450/214000 (epoch 9): loss = 1.3952 avg = 1.4896
  seed: o Angelo.
Now wi
  gen:  o Angelo.
Now will my send in this all should for thria of wear
it stardined was so fleamily.

MARIANA:
I say, madam

Step 84500/214000 (epoch 9): loss = 1.4135 avg = 1.4849
  seed: se him so,
That 
  gen:  se him so,
That us the here he promises usom prece a for it this
You Callast, Isabard, desire that the recess;
Which

Step 84550/214000 (epoch 9): loss = 1.7584 avg = 1.4741
  seed: pen'd time
Unfol
  gen:  pen'd time
Unfolding of Veranch not her and it my just
I praying he was youth war.

ISABELLA:
BegRadtime of your gri

Step 84600/214000 (epoch 9): loss = 1.4034 avg = 1.4519
  seed: leave you;
But s
  gen:  leave you;
But speection hence.

MARIANA:
Yeither he two togetter one as with dispied,
That nor here that I would of

Step 84650/214000 (epoch 9): loss = 1.6536 avg = 1.4444
  seed: nour, you must p
  gen:  nour, you must pition, no sister, so do your will-but with
O reads is call practise him Ispeak of it?
Is more, sir?

Step 84700/214000 (epoch 9): loss = 1.9003 avg = 1.4636
  seed: r fourth, or fif
  gen:  r fourth, or fift not come glay,
That find not the vied of stooks the husbait
To tarrant the heave theer graced for

Step 84750/214000 (epoch 9): loss = 1.5578 avg = 1.5181
  seed:  that a mighty m
  gen:   that a mighty me will he elservic that fartle
By your advice you may 'gardance, for thy my lord.

Lord:
He come mad

Step 84800/214000 (epoch 9): loss = 2.2365 avg = 1.5671
  seed: first,
A merchan
  gen:  first,
A merchange tooken a trust the was inter and leave and;
Sirrants all a harded comes excured.

LUCIO:
Payer, t

Step 84850/214000 (epoch 9): loss = 1.4487 avg = 1.5833
  seed:  girl.
Counsel m
  gen:   girl.
Counsel man and reposage wish up I no,
And very youth, sir, and as a will busile
And and will a husband her b

Step 84900/214000 (epoch 9): loss = 1.6233 avg = 1.5697
  seed: ain, 'Sirrah, kn
  gen:  ain, 'Sirrah, knock on my kendst shooers, chanst her wad my love, as I not her; master I, you conselve
From I have o

Step 84950/214000 (epoch 9): loss = 1.4129 avg = 1.5648
  seed: ,
Will undertake
  gen:  ,
Will undertakest the baged go a were lends
Grna! while former marriams you suchance
To me pastuch all me, fear.
Fo

Step 85000/214000 (epoch 9): loss = 1.3414 avg = 1.5271
  seed: venge.

BAPTISTA
  gen:  venge.

BAPTISTA:
Darel well not be Keep, as I come messe.

PETRUCHIO:
Why never me devil'd that be a be the lae.

T

Step 85050/214000 (epoch 9): loss = 1.6825 avg = 1.5058
  seed: I'll commend her
  gen:  I'll commend her; so ever your suffer father I will I wret thousom:
Belinger, when sword. But not father be so as th

Step 85100/214000 (epoch 9): loss = 1.7622 avg = 1.4883
  seed: O, the kindest K
  gen:  O, the kindest Kate thee, as your so clots.

PETRUCHIO:
Nest this never me hath them safil speak?

PETRUCHIO:
You wo

Step 85150/214000 (epoch 9): loss = 1.7935 avg = 1.5496
  seed: port, 'celsa sen
  gen:  port, 'celsa senself: but witty to her extreeble;
For her be meried a she ildest and so fit to
Where news 'treive me

Step 85200/214000 (epoch 9): loss = 1.5193 avg = 1.5632
  seed: estival!

TRANIO
  gen:  estival!

TRANIO:
But you art that he mindster man a tear,
I prisoned this rocketh, ill the horsessess;
For tame wor

Step 85250/214000 (epoch 9): loss = 1.3236 avg = 1.5386
  seed: f quiet ones.

G
  gen:  f quiet ones.

GREMIO:

The best comes; Welcome, she, done;
And sinmatter, thou store hath daman
But one to leave to

Step 85300/214000 (epoch 9): loss = 1.5014 avg = 1.5685
  seed:  come to meet yo
  gen:   come to meet you,
Nor means there thie hath hear I'll them sud
there leads you fire, sir.

TRUCHIO:
Now, I make wit

Step 85350/214000 (epoch 9): loss = 1.4978 avg = 1.5443
  seed: atante, or a ped
  gen:  atante, or a pedience up?

LUCHIO:
I remed first with her day!
And dig a never as better kisdolenging it so rock
Sig

Step 85400/214000 (epoch 9): loss = 1.3262 avg = 1.5218
  seed:  it orderly and 
  gen:   it orderly and kiss.

CURTIS:
I rest, new it my fear
I my master her day.

GRUMIO:
Nasteer monds men a this eye tha

Step 85450/214000 (epoch 10): loss = 1.2971 avg = 1.5126
  seed: First Citizen:
B
  gen:  First Citizen:
But I priding mig orst, thou stay to like
The cause, the stay, as will a plaid merreat,
'Tune Grumio.

Step 85500/214000 (epoch 10): loss = 1.2853 avg = 1.5372
  seed:  at once,
You, m
  gen:   at once,
You, my the hear your countent the was
the to the bestrume and for the some,
And thus times in the sun, th

Step 85550/214000 (epoch 10): loss = 1.5462 avg = 1.5663
  seed: ness!'

SICINIUS
  gen:  ness!'

SICINIUS:
For this supperation bold with omorrows the grough.

SLUCENIINIUS:
How pray in this noble bold the

Step 85600/214000 (epoch 10): loss = 1.2280 avg = 1.5782
  seed: ht leave
prickin
  gen:  ht leave
prickind a mind vold than him call might ise diture
And batter wold weather, good on it reman faults words 

Step 85650/214000 (epoch 10): loss = 1.3516 avg = 1.5814
  seed:  came away.

COM
  gen:   came away.

COMTIUS:
Breakellors From pritty you the reside in you:
And title, have ever you shither, the uph I thi

Step 85700/214000 (epoch 10): loss = 1.4223 avg = 1.5634
  seed: nly choice.

MAR
  gen:  nly choice.

MARCIUS:
If I do hear you have on therein
To the general.

MARCIUS:
We well,--nor should, you wiss not 

Step 85750/214000 (epoch 10): loss = 1.5072 avg = 1.5677
  seed: e
upon too trivi
  gen:  e
upon too trivius.

LARTIUS:
Hellow then thield to have to grange--ance
You are begins are shall flay armine and on

Step 85800/214000 (epoch 10): loss = 1.5565 avg = 1.5738
  seed: rse begin at ver
  gen:  rse begin at very tiis not some and him:
God in the store beins, the knowness my
swere your sound rim and mign the w

Step 85850/214000 (epoch 10): loss = 1.4272 avg = 1.5648
  seed: eople,
We do req
  gen:  eople,
We do request sonerancurs of lady; demeding not must
Be some to their letter'd hath bearing carried
Offection

Step 85900/214000 (epoch 10): loss = 1.3618 avg = 1.5515
  seed:  all the points 
  gen:   all the points he mades
To a redgers are woest the meants out ne'er to them.

MENENIUS:
Come, and at the off greath

Step 85950/214000 (epoch 10): loss = 1.4967 avg = 1.4939
  seed: en:
Certainly
He
  gen:  en:
Certainly
He meet to other, beary, I pray which me.

CORIOLANUS:

Should dicen mad; the is topmite it preer, and

Step 86000/214000 (epoch 10): loss = 1.2130 avg = 1.4835
  seed: d children's voi
  gen:  d children's voices,
Shall with she am they weed and head your see
That your suit a why had you father.

SICINIUS:
T

Step 86050/214000 (epoch 10): loss = 1.5798 avg = 1.4900
  seed: ngles true judgm
  gen:  ngles true judgment; conside again, that to will being not them
Prove, into sumby senate 'shall state,
One he the wo

Step 86100/214000 (epoch 10): loss = 1.3671 avg = 1.4690
  seed:  him here
Our ce
  gen:   him here
Our celered world I'll forward, where we ness!

SICINIUS:
Hear shall that the consul:
Who commond me hard 

Step 86150/214000 (epoch 10): loss = 1.4700 avg = 1.4713
  seed:  asking their go
  gen:   asking their good to be in other,
Or mind patr's tongue and those takes: can are you more speak
As lates, I do cons

Step 86200/214000 (epoch 10): loss = 1.4950 avg = 1.4689
  seed: n the people!
Ca
  gen:  n the people!
Can he peoce.

BRUTUS:
Plawlibear?

ANGELIA:
Turn a when they trice, let's ready,
See your ominate in 

Step 86250/214000 (epoch 10): loss = 1.4280 avg = 1.4805
  seed: S:
Now we have s
  gen:  S:
Now we have seen this and and life,--
What shall die one obring goldise: I should
That their rest, to this sound 

Step 86300/214000 (epoch 10): loss = 1.2691 avg = 1.4828
  seed:  have, friend? w
  gen:   have, friend? what the come past which with your hearing!

Vorise:
Now I would to more mostribaniship and that stro

Step 86350/214000 (epoch 10): loss = 1.4055 avg = 1.4834
  seed: ervingman:
Here'
  gen:  ervingman:
Here's you with the peoples the rest to't.

CORIOLANUS:
Strous a blood from me not me of thou people.

CO

Step 86400/214000 (epoch 10): loss = 1.3389 avg = 1.4744
  seed: ,
And with the d
  gen:  ,
And with the denerater, most sake of his
make the had welcomes, and the peeral he have
Their umorester had insweri

Step 86450/214000 (epoch 10): loss = 1.4689 avg = 1.4725
  seed: ot
Join'd in com
  gen:  ot
Join'd in come I be honoth were their our for they
Have me with the nhim he kind--
We hath them.

First Servingma

Step 86500/214000 (epoch 10): loss = 1.7041 avg = 1.4719
  seed: ever verified my
  gen:  ever verified my hour,
And thence depity at you cannot to his tongued
In have too perful country, thou would
Than ar

Step 86550/214000 (epoch 10): loss = 1.8771 avg = 1.4928
  seed: e. Best of my fl
  gen:  e. Best of my float whose
Swenty the to was inters flow time wow the
conded me confer impless constimation
Art remai

Step 86600/214000 (epoch 10): loss = 1.5333 avg = 1.5180
  seed: in Corioli and h
  gen:  in Corioli and here lice do,
Sether your brough, we he get and so rearing's
Than temperits of thy read the great cou

Step 86650/214000 (epoch 10): loss = 1.6942 avg = 1.5210
  seed: signments
In min
  gen:  signments
In mine welcompation mercy able thus this no ancessance
Madeness. And coffight warm your will neen.

CORIO

Step 86700/214000 (epoch 10): loss = 1.8213 avg = 1.5299
  seed: o the lascivious
  gen:  o the lascivious Bother,
And to his and to but the hould we'll will the
A have disder made, sir; field him: he come.

Step 86750/214000 (epoch 10): loss = 1.4063 avg = 1.5289
  seed: hen I'll marry W
  gen:  hen I'll marry Warwiest Cone:
Yes I have it. We the chaster:
Go so; and now she heaven antight to the lame
My be cay

Step 86800/214000 (epoch 10): loss = 1.3532 avg = 1.5162
  seed: Your beauty was 
  gen:  Your beauty was but but should bring persort,
This hath made and and him be farewell.

BULIS:
Wenchan that liest kil

Step 86850/214000 (epoch 10): loss = 1.5627 avg = 1.4942
  seed:  my body:
Since 
  gen:   my body:
Since to person me, I no him, on to us at deaty:
Go name son?
We bid to a pasone; her remen, sir, then
of 

Step 86900/214000 (epoch 10): loss = 1.5407 avg = 1.4917
  seed: Grey
Were factio
  gen:  Grey
Were faction enourable in of the waid.

First Angenose: all see you to good my fair,
And and a dramely? ho! I m

Step 86950/214000 (epoch 10): loss = 1.5629 avg = 1.4807
  seed: urrent.
O, that 
  gen:  urrent.
O, that me is her; gentlemen to make by with you?
God full dunder of thy royalt, thy prince thee?

QUEEN MAR

Step 87000/214000 (epoch 10): loss = 1.6691 avg = 1.4990
  seed:  I strive
To yie
  gen:   I strive
To yield believe a plarants me.

QUEEN MARGARET:
He the reven me town to they more,
That we worn e'er had 

Step 87050/214000 (epoch 10): loss = 0.9683 avg = 1.4726
  seed: 
First Murderer:
  gen:  
First Murderer: where, you stame there.

For I he does of then time good of a dream,
Or with me hath soul to degran

Step 87100/214000 (epoch 10): loss = 1.4029 avg = 1.4463
  seed:  mine!

KING EDW
  gen:   mine!

KING EDWARD IV:
Aevish, I warrant that touch from on entreater:
At I have that exseecond end, it to thyself,

Step 87150/214000 (epoch 10): loss = 1.3798 avg = 1.4623
  seed:  arm, and kindly
  gen:   arm, and kindly was to my brade take to the pecrave
Of my we
son now that slew the eath, yet of counterafe?

CLAREN

Step 87200/214000 (epoch 10): loss = 1.1492 avg = 1.4661
  seed: ours, God speed!
  gen:  ours, God speed!
My that respect discret your both eyes;
In that disprime wonspiss wornity:
And with you know ever w

Step 87250/214000 (epoch 10): loss = 1.5018 avg = 1.4483
  seed: God he knows,
Se
  gen:  God he knows,
Second he gary son'st in the very to my
The ways ties father thosenter son more that.

DUCHESS OF YORK

Step 87300/214000 (epoch 10): loss = 1.1867 avg = 1.4076
  seed:  ghost:
My grand
  gen:   ghost:
My grandite his death help oundity on own,
As you to be with would since weep to Hastisted
Doince is that wi

Step 87350/214000 (epoch 10): loss = 1.4261 avg = 1.4091
  seed: to me than 'tis 
  gen:  to me than 'tis she arms,
Or like to pake the deed for call--ay
That is un the lord.

CATESBY:
York scartains; for t

Step 87400/214000 (epoch 10): loss = 1.2765 avg = 1.4015
  seed: NGS:
The tender 
  gen:  NGS:
The tender noble gave is now not back.

COMINLNGSeing a forward in Paris the minionour heaves.

DORK:
God Place

Step 87450/214000 (epoch 10): loss = 1.3344 avg = 1.4343
  seed: 

BUCKINGHAM:
Fe
  gen:  

BUCKINGHAM:
Feas, the cramed, to me care fadships and tell the kings
And shall temember hopent him seen of the nob

Step 87500/214000 (epoch 10): loss = 1.2408 avg = 1.4586
  seed:  ungovern'd isle
  gen:   ungovern'd isle contrust,
Becanct odm in you will in a the says,
As I my designa sent it is sent your books?

Secon

Step 87550/214000 (epoch 10): loss = 1.2423 avg = 1.4580
  seed: t.

LADY ANNE:
G
  gen:  t.

LADY ANNE:
Go, for disparest from and he not for them nay.

Messenger:
What restard's would be good sworcher,
To

Step 87600/214000 (epoch 10): loss = 1.1519 avg = 1.4586
  seed:  thing.

KING RI
  gen:   thing.

KING RICHARD III:
Let is must all my coursing the grief.

QUEEN ELIZABETH:

This is my hourse use in by the

Step 87650/214000 (epoch 10): loss = 1.3598 avg = 1.4543
  seed: eld, and still h
  gen:  eld, and still hate.

KING RICHARD III:
No king for presy hath I will promised.

KING RICHARD III:
Be you riefrend a

Step 87700/214000 (epoch 10): loss = 1.5114 avg = 1.4985
  seed: UCHESS OF YORK:
  gen:  UCHESS OF YORK:
To see thee, Richard tear this stillance.
But now make doth fairst of the by or here.
Where your gen

Step 87750/214000 (epoch 10): loss = 1.1392 avg = 1.4385
  seed: 
Thou drown the 
  gen:  
Thou drown the dreat impocey the of this curses,
Are of says diest, the scorroof of my word!

QUEEN MARGAREMe care 

Step 87800/214000 (epoch 10): loss = 0.9448 avg = 1.3899
  seed: ing that thou ha
  gen:  ing that thou have shall not such kings
Dish his laster swing entremiss to sleeply.
But, am thens bring of your cans

Step 87850/214000 (epoch 10): loss = 1.9650 avg = 1.3879
  seed: ereign, now in D
  gen:  ereign, now in Destrengther'd e'er recesseming conself.
Thou should newn left, to have be or good.

STANLEY:
Whildre

Step 87900/214000 (epoch 10): loss = 1.6455 avg = 1.4653
  seed: f a goodly day t
  gen:  f a goodly day to him!

Servoke chereof, my his pule to her good mist;
And be lord, sure but take of these mouth his

Step 87950/214000 (epoch 10): loss = 1.0926 avg = 1.4907
  seed: ING RICHARD III:
  gen:  ING RICHARD III:
The dell it stander lord, and hows:
If thought the mother; for brother's man,
That he me hath most,

Step 88000/214000 (epoch 10): loss = 1.3955 avg = 1.4777
  seed: ong been mad, an
  gen:  ong been mad, and with Richmond thousand
Timent them and a the down slain that victor,
If old blow ain out in the ki

Step 88050/214000 (epoch 10): loss = 1.7026 avg = 1.5017
  seed: blood
Should not
  gen:  blood
Should not blistening stempt the kill a guiltle spoke good
Mare him fears of your crown fie ighton's of thee.

Step 88100/214000 (epoch 10): loss = 1.5156 avg = 1.5227
  seed: der headlong in 
  gen:  der headlong in our for then.
The bling blood the good not my lords!
This patience thee now that that deaddon thee p

Step 88150/214000 (epoch 10): loss = 1.4685 avg = 1.5112
  seed: ding but the sig
  gen:  ding but the sight in them him,
One to CENT:
And for arm'd Herefords, and sun plan arms?

DUCHESS:
Throw in thy brot

Step 88200/214000 (epoch 10): loss = 1.0779 avg = 1.5056
  seed: ,
That thou retu
  gen:  ,
That thou return to me with our stommast.
What strike upon on thy highnest recence of fair the honour's and far oi

Step 88250/214000 (epoch 10): loss = 1.5527 avg = 1.5076
  seed:  hear,
My death'
  gen:   hear,
My death's farewell's pany ask'st huspice,
Seech skannot the my grace fall come faces,
For in a see grander t

Step 88300/214000 (epoch 10): loss = 1.4674 avg = 1.5200
  seed:  spent.

DUKE OF
  gen:   spent.

DUKE OF YORK:
And but to straight, what is here no goodst have blooks
To musick in their those the sword co

Step 88350/214000 (epoch 10): loss = 1.5711 avg = 1.5255
  seed:  these well furn
  gen:   these well furn upon entends,
Go thought hath him will envent sake it.

NORTHUMBERLAND:
Why, you must as Gods, the 

Step 88400/214000 (epoch 10): loss = 1.6245 avg = 1.5238
  seed: turns. For us to
  gen:  turns. For us to here, despecteder that wing!

QUEEN:
It and that not a sharms of with gron
Rept than self; Harry, I

Step 88450/214000 (epoch 10): loss = 1.4231 avg = 1.4903
  seed: KE OF YORK:
Even
  gen:  KE OF YORK:
Even that say enemy majesst with doubt that the cause
Which not with hath to his ere lights name to a fe

Step 88500/214000 (epoch 10): loss = 1.5889 avg = 1.4856
  seed: earth, I do salu
  gen:  earth, I do salute;
For extream your fair to speake my lord,
By his sovereigns your please of thee slave.
Have you s

Step 88550/214000 (epoch 10): loss = 1.3370 avg = 1.5154
  seed: And lie full low
  gen:  And lie full low's stands miscure.
Sir not it away gone, frands, not nears of his kings.

BUSHY:
The with to dead an

Step 88600/214000 (epoch 10): loss = 1.4695 avg = 1.5022
  seed: ng tears the clo
  gen:  ng tears the clos reason
And to of their not is the head here.

KING RICGARENCE:
I have ssand as offer fortune the d

Step 88650/214000 (epoch 10): loss = 0.9930 avg = 1.4892
  seed: gracious lord, I
  gen:  gracious lord, I know to change:
Though daught with this grow the now,
Be kingly smage we withing now we tongue.

DU

Step 88700/214000 (epoch 10): loss = 1.4590 avg = 1.5121
  seed: fuse
The offer o
  gen:  fuse
The offer on go remembasted do my take mine of we speak againsty,
Look; then I must shall the duke the made,
Wi

Step 88750/214000 (epoch 10): loss = 1.5801 avg = 1.5060
  seed: ell have you arg
  gen:  ell have you argianst unwive bight
The you to no princeasties in here in let
Against in this life throughts wart do 

Step 88800/214000 (epoch 10): loss = 1.6292 avg = 1.4857
  seed: ry shineth in th
  gen:  ry shineth in then wrongs?

QUEEN:
A say tear one to my sand thee, by will saved
And the troop fals treat our way, a

Step 88850/214000 (epoch 10): loss = 1.3525 avg = 1.4871
  seed: est way shall ha
  gen:  est way shall hand within so lives bring the pregling sorrow where them his dear said
The king hath thou come, all s

Step 88900/214000 (epoch 10): loss = 1.2445 avg = 1.4388
  seed: as fast as York:
  gen:  as fast as York:
Do, what say, that, which thou comes
To to the of booth reck come alous no beast.

DUCHESS OF YORK:

Step 88950/214000 (epoch 10): loss = 1.5459 avg = 1.4399
  seed: 

DUCHESS OF YOR
  gen:  

DUCHESS OF YORK:
That pray to be him dear his and thou arm'd.

HENRY BOLINGBROKE:
I this trisparing the promors wi

Step 89000/214000 (epoch 10): loss = 1.6394 avg = 1.4806
  seed: tain'd the king'
  gen:  tain'd the king's commons.
Such.

To believenged me to more the grace: I do the flood,
Where must I king; beseech th

Step 89050/214000 (epoch 10): loss = 1.6507 avg = 1.4984
  seed:  quench the fire
  gen:   quench the fire.

GREGORY:
The not be head
Shall say them thou veel together, I lost is tempt
Call marvise of you m

Step 89100/214000 (epoch 10): loss = 1.4036 avg = 1.5358
  seed:  forsworn to lov
  gen:   forsworn to loving sir.
If YORK:
For thou, by so begin good within proud,
His not be so country's mine sown far is 

Step 89150/214000 (epoch 10): loss = 1.6700 avg = 1.5726
  seed:  God;
She was to
  gen:   God;
She was to the from purpent of the maute
vy master of far disto the change and his turn,
That nee add in the d

Step 89200/214000 (epoch 10): loss = 1.2513 avg = 1.5799
  seed: ight.

MERCUTIO:
  gen:  ight.

MERCUTIO:
The said my some: my leave be means that.

ROMEO:
Wort, to me hear a like the law be measure so dea

Step 89250/214000 (epoch 10): loss = 1.5041 avg = 1.6140
  seed: :
I'll not endur
  gen:  :
I'll not endures he, themer thing anight.
A he only wish out
But to more and some of specherite,
Exetch master Rom

Step 89300/214000 (epoch 10): loss = 1.5225 avg = 1.6006
  seed:  her eyes
To twi
  gen:   her eyes
To twilt young the conferen her mone are prisper:
And cheek heart beging young is Julid?

LADY CALIO:
The 

Step 89350/214000 (epoch 10): loss = 1.5819 avg = 1.5503
  seed: usand times good
  gen:  usand times good me than and liver when less,
Which more not farewell not to miscrele to me?

ROMEO:
Too say'd be th

Step 89400/214000 (epoch 10): loss = 1.4180 avg = 1.5517
  seed: s him so, that h
  gen:  s him so, that had choed wast aspides mine,
And still Caparences old night boy.
Look thou same thee rood be on thou 

Step 89450/214000 (epoch 10): loss = 1.5278 avg = 1.5750
  seed: thou must stand 
  gen:  thou must stand in pleasure hand man the and
mers.

MERCUTIO:
What buse at the solent good to the person, the bid?


Step 89500/214000 (epoch 10): loss = 1.5242 avg = 1.5681
  seed:  the drudge and 
  gen:   the drudge and her stay.

Nurse:
O, shall subsure an thy throased, how that bound
was back, if combs the heavy patc

Step 89550/214000 (epoch 10): loss = 1.5340 avg = 1.5511
  seed: he hurt cannot b
  gen:  he hurt cannot be
ver with me his counter in here dind, the stay
fairerouse whunder have mistread outs, your word, b

Step 89600/214000 (epoch 10): loss = 1.4962 avg = 1.5573
  seed:  ay, the cords.
  gen:   ay, the cords.

MERCUTIO:
Mun it with blood remaiden one breatel:
I am a steal that good this false adving night.


Step 89650/214000 (epoch 10): loss = 1.5674 avg = 1.5436
  seed: mercy: heaven is
  gen:  mercy: heaven is gone, but set of worn.

Nurse:
No, I would of the clop to come: you sharm the death.
That thou hung

Step 89700/214000 (epoch 10): loss = 1.5614 avg = 1.5456
  seed: n Mantua; I'll f
  gen:  n Mantua; I'll for my later is childing one of me tack,
But give and love thy every woe.

FRIAR LAURENCE:
Enly lirt 

Step 89750/214000 (epoch 10): loss = 1.7291 avg = 1.5220
  seed: ereof,
Soon slee
  gen:  ereof,
Soon sleep's him the word her distreful of the vale's be thy not of to per
I live my heaven; and love him so 

Step 89800/214000 (epoch 10): loss = 1.5585 avg = 1.5197
  seed: damnation! O mos
  gen:  damnation! O most have gravenged
Let the mew Is' be, and upon to such of him.

ROMEO:
Hust that and not see be arms 

Step 89850/214000 (epoch 10): loss = 1.5978 avg = 1.5029
  seed: ervant:
Marry, s
  gen:  ervant:
Marry, sir, sir, which the shence the great thou with these
Thuire thine to more and that you mentlement:
If

Step 89900/214000 (epoch 10): loss = 1.5667 avg = 1.5118
  seed:  in your bed;
He
  gen:   in your bed;
He not in he sin rack thou marry day:
Before, let past and good for they county
He early my bustames s

Step 89950/214000 (epoch 10): loss = 1.6680 avg = 1.5393
  seed: And breathed suc
  gen:  And breathed such wit:
I vill ne sick you.

CAPULET:
I will you counsent soful life well gosite:
Why, call, Tybalt, 

Step 90000/214000 (epoch 10): loss = 1.5413 avg = 1.5670
  seed: In what I furthe
  gen:  In what I further grief you off thou shooes,
The fear doth in handly news blest, and looks this face.

Second Margar

Step 90050/214000 (epoch 10): loss = 1.5975 avg = 1.5585
  seed: ly dead,
Who her
  gen:  ly dead,
Who her need meeth face thy hastiful very a cons!
For counter acque say, such joy, here the mean stay.

JUL

Step 90100/214000 (epoch 10): loss = 1.6555 avg = 1.5210
  seed: hereat the great
  gen:  hereat the greate unchild discrong aminal
As grace counting in me, is provile come in him:
As brother wrong his corn

Step 90150/214000 (epoch 10): loss = 1.1157 avg = 1.4813
  seed: is.

WARWICK:
Pr
  gen:  is.

WARWICK:
Pray To Romeo, shall thou art leter, here;
Thou not to Clarence thruse show- forth princeive it thy th

Step 90200/214000 (epoch 10): loss = 1.1190 avg = 1.4312
  seed: n I'll follow he
  gen:  n I'll follow her me.

KING HENRY VI:
The cannot up talk being the not?

WARWICK:
But plower these some, and for the

Step 90250/214000 (epoch 10): loss = 1.3972 avg = 1.4450
  seed: d,
Congeal'd wit
  gen:  d,
Congeal'd with thy father is them the press,
And though is my die with unto and my royal kin,
A should my breath 

Step 90300/214000 (epoch 10): loss = 1.8454 avg = 1.5021
  seed: ipodes are unto 
  gen:  ipodes are unto Lancasseralls.

LADY CLIFF:
The light had manger: and waris elsequest.
Now, they this dare these be 

Step 90350/214000 (epoch 10): loss = 1.6065 avg = 1.5200
  seed:  if thou be that
  gen:   if thou be that wifford,
That now he garm him stay thee depose we have:
Who farewelled the make a heart time the wo

Step 90400/214000 (epoch 10): loss = 1.7657 avg = 1.5166
  seed: 
And doves will 
  gen:  
And doves will of Henry are bord tearly like away
Warwick speak, virly son the brother,
And break it the hundons th

Step 90450/214000 (epoch 10): loss = 1.3515 avg = 1.4729
  seed: hat false woman,
  gen:  hat false woman, and shall dead like,
But me my last thy barrand I will delity,
What is the word along state heads.

Step 90500/214000 (epoch 10): loss = 1.9387 avg = 1.4857
  seed: Gives not the ha
  gen:  Gives not the hands,
Again ' wrong the weak nor proclous foul is wint;
The sed that were brother, and wind my no blo

Step 90550/214000 (epoch 10): loss = 1.4844 avg = 1.5021
  seed:  Richard mark'd 
  gen:   Richard mark'd bloods in the childs in their beast
O the very winter for thy still to dread;
The sear and made of t

Step 90600/214000 (epoch 10): loss = 1.0858 avg = 1.4877
  seed: Y VI:
Why, so I 
  gen:  Y VI:
Why, so I have that dim counter, show unnied
By the warwick him supon ever man
What broat thee, that shalt me 

Step 90650/214000 (epoch 10): loss = 1.4968 avg = 1.3950
  seed: e children;
And,
  gen:  e children;
And, as you go king Joy thee would shalt fear
Thy like him hand mean is love his hour life;
Then but the

Step 90700/214000 (epoch 10): loss = 1.0863 avg = 1.4389
  seed: proacheth boldly
  gen:  proacheth boldly serves the rever restracious do by cate.

GLOUCESTER:
Ay, my slain I known of God, banish'd the mak

Step 90750/214000 (epoch 10): loss = 1.6062 avg = 1.4345
  seed: e.
Did I forget 
  gen:  e.
Did I forget thrown to make to dispretten my little.

KING LEWIS XI:
Now with the uncles and this that wretch sta

Step 90800/214000 (epoch 10): loss = 1.3298 avg = 1.4059
  seed: g bride;
She bet
  gen:  g bride;
She better thou have already to hence,
And with a cloral and mations brother and
That to York: then, King H

Step 90850/214000 (epoch 10): loss = 1.3619 avg = 1.4093
  seed:  the Lord Hastin
  gen:   the Lord Hasting on,
Sees and the come his great adventents.

KING EDWARD IV:
If me me, made you sleeps, give infer

Step 90900/214000 (epoch 10): loss = 1.5266 avg = 1.4133
  seed: when after many 
  gen:  when after many to more broubjuttains:
But in this lawfully to the Northumbert,
And man my part in tongue all me, wi

Step 90950/214000 (epoch 10): loss = 1.2581 avg = 1.4046
  seed:  the crown and o
  gen:   the crown and of the move a dow?

CLARENCE:
But wisere, benes are too; and now, may,
And fretorm meanly of France I

Step 91000/214000 (epoch 10): loss = 1.2989 avg = 1.4260
  seed: ee,
Call Edward 
  gen:  ee,
Call Edward I seal a scanst at our quick:
From Clarence fly well ares than mercy to proud?
Ah, be our fells, cot

Step 91050/214000 (epoch 10): loss = 1.4332 avg = 1.4289
  seed:  his last;
And t
  gen:   his last;
And to strike relsh you so warshies.

GLOUCESTER:
That make the cames the rouse do the makes the safe
Tha

Step 91100/214000 (epoch 10): loss = 1.4281 avg = 1.4537
  seed: 'd me to?

PRINC
  gen:  'd me to?

PRINCE EDWARD:
I have ford, and nee, the live you waste
That with the painish pulsit not no deal.

KING H

Step 91150/214000 (epoch 10): loss = 1.4071 avg = 1.4575
  seed: u wast born,
To 
  gen:  u wast born,
To mercy not felse head his brousingued
Before oven this lords apper, now I shalt forth,
And reture of 

Step 91200/214000 (epoch 10): loss = 1.4416 avg = 1.5070
  seed: you part.

POLIX
  gen:  you part.

POLIXENES:
On in they deces like Englined that show
A weeds miss marchy treaus more in the mine of me.

C

Step 91250/214000 (epoch 10): loss = 1.7198 avg = 1.5567
  seed: TES:
No, in good
  gen:  TES:
No, in good make with it; and barue and gracious,
We Watners the heads that made not with mine.

GLOUCESTER:
Ay

Step 91300/214000 (epoch 10): loss = 2.1867 avg = 1.5976
  seed: sigh?--a note in
  gen:  sigh?--a note in ature
The strikes see gold parest the vently,
And thou wont have three, the here haster;
There diss

Step 91350/214000 (epoch 10): loss = 1.6785 avg = 1.5726
  seed:  I arrive, and m
  gen:   I arrive, and make
Boling the there news in secrsed with not exemies
Caller here common me that nemine to more were

Step 91400/214000 (epoch 10): loss = 1.4590 avg = 1.5711
  seed:  traitor and Cam
  gen:   traitor and Camilancasters,
I will spider'd make themself.

POLIXENES:
How say this arm'd not the more you say I
YO

Step 91450/214000 (epoch 10): loss = 1.6320 avg = 1.5645
  seed: prisoner,
I am i
  gen:  prisoner,
I am in to knustive for his prince:
For brother place; and bear fail conce,
The cross you, most is you alr

Step 91500/214000 (epoch 10): loss = 1.4402 avg = 1.5413
  seed: fire!

PAULINA:
  gen:  fire!

PAULINA:
Besitest not thouse: I be the head
The assures of it not me marright deces of you.

GEMILANUS:
Mease

Step 91550/214000 (epoch 10): loss = 1.5330 avg = 1.5510
  seed: sessions, to our
  gen:  sessions, to our court,
Than my lord, and it take and court could
Some, them issult of my wife, let its
And heart no

Step 91600/214000 (epoch 10): loss = 1.5292 avg = 1.5391
  seed: oclaim a man of 
  gen:  oclaim a man of my
The comes seeks the king.

PAULINA:
I'll fright;
My she imptaing, then isdomach,
So shorm here re

Step 91650/214000 (epoch 10): loss = 1.4855 avg = 1.5554
  seed: ,
But my heart b
  gen:  ,
But my heart boin my bring at one of pretty and we not
The father the warry bleeple be heard and recty the sounder

Step 91700/214000 (epoch 10): loss = 1.7128 avg = 1.6077
  seed: and my profit
th
  gen:  and my profit
thee tear see for the bearing it bone to piterful
Talking that of thy the spurposest, and thou, I seea

Step 91750/214000 (epoch 10): loss = 1.4866 avg = 1.6288
  seed: gue in all Bohem
  gen:  gue in all Bohemes I vow he issues hinch most, and the cles.

POLIXENES:

Both this deservant, sheet's; sover be des

Step 91800/214000 (epoch 10): loss = 1.9871 avg = 1.6346
  seed: t die unmarried,
  gen:  t die unmarried, good of our for gives fire consomethree trees.

POLIXENES:
Woeld not sould our a;
shame I was yours

Step 91850/214000 (epoch 10): loss = 1.7846 avg = 1.6456
  seed: -bags at a
burth
  gen:  -bags at a
burther; whose siss her brother,
You will make this blace, of my conce
Blown a by the prays sings freello

Step 91900/214000 (epoch 10): loss = 1.6206 avg = 1.6007
  seed: n estate?
Lies h
  gen:  n estate?
Lies heart is a man; but therey, be itot three.

POLIXENES:
For doubt the soles aims bear and body: when m

Step 91950/214000 (epoch 10): loss = 1.4268 avg = 1.5560
  seed: Camillo,
May thi
  gen:  Camillo,
May this me bell tone a poor honest done
The preported of Lords your death.

DORCAS:
Why, I have my stain.

Step 92000/214000 (epoch 10): loss = 1.7126 avg = 1.5509
  seed: nose is requisit
  gen:  nose is requisite to redgain:
Parsess for your in these yetter,
The do not one heart requiser on'twars.

CAMILLO:
No

Step 92050/214000 (epoch 10): loss = 1.2757 avg = 1.5446
  seed: romised?

Shephe
  gen:  romised?

Shepherd:
I come, if to
site angels the harded beary; I prish in another.

AUTOLYCUS:
Ago shall know, it b

Step 92100/214000 (epoch 10): loss = 1.4636 avg = 1.5357
  seed:  with her beauty
  gen:   with her beauty in
som of the for quares with I lives of a for
Besided as as the is made. Clife and me
the see this

Step 92150/214000 (epoch 10): loss = 1.4868 avg = 1.5170
  seed: , after a little
  gen:  , after a little to cast
Your her seems a gentleman: thought the how
His they sweet in with your honour comford:
You

Step 92200/214000 (epoch 10): loss = 1.4823 avg = 1.5383
  seed: ay you see them 
  gen:  ay you see them have and that his still to the
with his fest the scon the speak a to well three
who with the Caster 

Step 92250/214000 (epoch 10): loss = 1.3089 avg = 1.5060
  seed: -I am assisted
B
  gen:  -I am assisted
Bother, my lord.

LEONTES:
There is the see,
As some me love him must subject that a high and
and tho

Step 92300/214000 (epoch 10): loss = 1.3617 avg = 1.5208
  seed: SCALUS:
I shall 
  gen:  SCALUS:
I shall her boy son of think one to you friends.

She was it due to undoubt advillers it not come
To come de

Step 92350/214000 (epoch 10): loss = 1.3535 avg = 1.4965
  seed: Lechery?

CLAUDI
  gen:  Lechery?

CLAUDIO:
Why, crown: but wristand, fortune one itside
With much sengeronour is as with east to more and wh

Step 92400/214000 (epoch 10): loss = 1.7784 avg = 1.5273
  seed:  sin
With maids 
  gen:   sin
With maids womander. You would on that for then
To for the king sir those chappy courties
Our not which in thro

Step 92450/214000 (epoch 10): loss = 1.4374 avg = 1.5247
  seed:  honourable
man;
  gen:   honourable
man; he scanstress when in his care
For pursuams so with of this wrong but their
time, an those forth do

Step 92500/214000 (epoch 10): loss = 1.4770 avg = 1.4936
  seed: rder for the dra
  gen:  rder for the draws, Was you would sir, I think as pray.

POMPEY:
What, a she shall of the harm sincessed to power.


Step 92550/214000 (epoch 10): loss = 1.3047 avg = 1.4679
  seed: is offence?
Ther
  gen:  is offence?
There the long:
Become you be one man tratice to honour brick; I have see here,
And he well of lond, he 

Step 92600/214000 (epoch 10): loss = 1.6875 avg = 1.4718
  seed: ven hath my empt
  gen:  ven hath my empt,
And with demem. Mesee metroving the enmercy
hoestely with that that man, to the with the those
The

Step 92650/214000 (epoch 10): loss = 1.3846 avg = 1.4665
  seed: e in't,
Which se
  gen:  e in't,
Which sepper to them all the about of their is know,
To that they desper! Where o'er to me:
He never the dea

Step 92700/214000 (epoch 10): loss = 1.6197 avg = 1.4947
  seed: t and cover
In p
  gen:  t and cover
In perhaven all, as appeare; and and thou ingelo,
Wren you think you distrer'd ded the her death.

All I

Step 92750/214000 (epoch 10): loss = 1.3499 avg = 1.4936
  seed: ,
is washed with
  gen:  ,
is washed with this bether make us I said of the world!
And my accome to provide of thee, art your lead
bear of mu

Step 92800/214000 (epoch 10): loss = 1.5451 avg = 1.5102
  seed: y to lechery wou
  gen:  y to lechery would sir.

DUKE VINCENTIO:
And that of this carriage
tors upon you. Come, with tward, where is you she

Step 92850/214000 (epoch 10): loss = 1.2124 avg = 1.4972
  seed: to know himself.
  gen:  to know himself. I say they hariablish I speak I fails not in so his
is it presurpe in him sprisone of good to thee.

Step 92900/214000 (epoch 10): loss = 1.4436 avg = 1.4894
  seed:  with you; if
no
  gen:   with you; if
not you have is oat is will the back forth.

DUKE,
Lord:
I proficer'd they many an a pation off heads 

Step 92950/214000 (epoch 10): loss = 1.4189 avg = 1.4750
  seed:  you know the co
  gen:   you know the command in the flother. Comise nothing and such
Anger years your to itself arride: he entruck your
Boh

Step 93000/214000 (epoch 10): loss = 1.3291 avg = 1.4774
  seed: l. She's come to
  gen:  l. She's come to the to be
Coment him you dried, it not master
Awhose no sine good, sir, the drop repone the
hat do.

Step 93050/214000 (epoch 10): loss = 1.4663 avg = 1.4717
  seed: fore, hence, awa
  gen:  fore, hence, awake and behold the duke; and my say care
jadid betwer guity this come to morn's stoem:
I had whench.

Step 93100/214000 (epoch 10): loss = 1.4080 avg = 1.4647
  seed: spake against yo
  gen:  spake against you change.

ANGELO:
A good yend; I have not on. Thour all accuse at the house,
And that is godned for

Step 93150/214000 (epoch 10): loss = 1.3353 avg = 1.4425
  seed: e to question; y
  gen:  e to question; you with this she had and him
And prettent.

ESCALUS:
Now, I am hath uspily proces the knows he from 

Step 93200/214000 (epoch 10): loss = 1.0670 avg = 1.4392
  seed: th him!

MARIANA
  gen:  th him!

MARIANA:
Come, for my law so bestrucklines, sir; when in of I
have too, of more:
These his too?

DUKE VINCE

Step 93250/214000 (epoch 10): loss = 1.6666 avg = 1.4691
  seed: esteem him worth
  gen:  esteem him worth port
For lodger of name thought himself,
More him marry, him whom hot for dost him.

ANGELO:
Massel

Step 93300/214000 (epoch 10): loss = 1.3975 avg = 1.5234
  seed: is is it that ma
  gen:  is is it that made to send a let my son:
I'll be thy lord: come be souls we him do death.

SCLA:
He he dronour for t

Step 93350/214000 (epoch 10): loss = 1.7210 avg = 1.5612
  seed:  you thus contin
  gen:   you thus conting'd consenger speak,
And grade thy lord nor the or this must death.

LUCIO:
Sir, as it see: with art

Step 93400/214000 (epoch 10): loss = 1.6952 avg = 1.5712
  seed:  he kiss'd the C
  gen:   he kiss'd the Capullance
Nan and true children more. Thou poor speak; I will Isabals: I this not a not
I am too lif

Step 93450/214000 (epoch 10): loss = 1.6382 avg = 1.5569
  seed: o, my father, is
  gen:  o, my father, is that is a lodked
By then he here was And comes, For this hand, that and our believe.

HORTENSIO:
Wh

Step 93500/214000 (epoch 10): loss = 1.2964 avg = 1.5478
  seed: 

PETRUCHIO:
Wil
  gen:  

PETRUCHIO:
Wilt it it word an a speason, made you are under
was so have well speak for so the present,
And and to 

Step 93550/214000 (epoch 10): loss = 1.5049 avg = 1.5110
  seed: ard guest
Within
  gen:  ard guest
Withine, my for far me beauty, by you be a rest,
And for the suitors, and provost our give:
He not be down

Step 93600/214000 (epoch 10): loss = 1.6610 avg = 1.4956
  seed: uper-dainty Kate
  gen:  uper-dainty Kate,
Your suitories and on the lease, be time with make;
And much she days had not folke enjure:
And vi

Step 93650/214000 (epoch 10): loss = 1.6614 avg = 1.4788
  seed: e, and gentlemen
  gen:  e, and gentlemen to beck,
Petretain'd with a to think is than keep to make.

PETRUCHIO:
My wife, sir, attentesion, s

Step 93700/214000 (epoch 10): loss = 1.4168 avg = 1.5513
  seed:  court my love:
  gen:   court my love:
And give mine and thee will the will tewel:
And the fait is me to me old to heave this, my still.

B

Step 93750/214000 (epoch 10): loss = 1.3840 avg = 1.5484
  seed:  trust, you will
  gen:   trust, you will we the worns comes,
As may wise it shound comes a mothes letter
To be with his wedd, of him yet in 

Step 93800/214000 (epoch 10): loss = 1.8388 avg = 1.5263
  seed: n, let's go.

GR
  gen:  n, let's go.

GREMIO:
And patience you. O, sir, for this weep and the advilat.

PETRUCHIO:
I darry their hears to wi

Step 93850/214000 (epoch 10): loss = 1.4930 avg = 1.5619
  seed: ted with.
Where 
  gen:  ted with.
Where you are head, sir, tear, fear, we thee,
The father: and with hands hands, I'll mead,
For to your she

Step 93900/214000 (epoch 10): loss = 1.4499 avg = 1.5310
  seed: ?

Pedant:
Of Ma
  gen:  ?

Pedant:
Of Margard with miding; now were come
wway to our with was falther's lated the cancthed writh ame you, an

Step 93950/214000 (epoch 10): loss = 1.9883 avg = 1.5187
  seed: three-quarters, 
  gen:  three-quarters, and come, a when a come,
I do, the the mustard; 'tis you the read:
I'll in me, there's not good pron

Step 94000/214000 (epoch 11): loss = 1.9026 avg = 1.5116
  seed:  while it were
w
  gen:   while it were
with feother's gentleman's greams for your monue
Were is a did himself, for it her way.

All the proc

Step 94050/214000 (epoch 11): loss = 1.3448 avg = 1.5237
  seed: hem to you
And n
  gen:  hem to you
And nurself, 'twerousand the father's oby their the mattould
That a father, or me harp'd stands felly put

Step 94100/214000 (epoch 11): loss = 1.6794 avg = 1.5511
  seed: hought on in thi
  gen:  hought on in this!
This discourt, O?

First:
The withal not rather, I'll be our face finds,
For thous not sacks, lik

Step 94150/214000 (epoch 11): loss = 1.3940 avg = 1.5602
  seed: thing doubt
prev
  gen:  thing doubt
prevourselves of here think than my prophich

To leave the should purpehed so.

First Senate my well.

V

Step 94200/214000 (epoch 11): loss = 1.3419 avg = 1.5657
  seed: rom a tabour
Mor
  gen:  rom a tabour
More I am hands in upon him deporate.

VALERLARTIUS:
Matten!
My lord, and pent is all crack, thou will

Step 94250/214000 (epoch 11): loss = 1.8894 avg = 1.5557
  seed: --
You shout me 
  gen:  --
You shout me hourself--
Of vice more by set in warms, and be cover
Our in on he fingue-troach.

TIUS:
Now sir, to

Step 94300/214000 (epoch 11): loss = 1.9644 avg = 1.5679
  seed:  of my microcosm
  gen:   of my microcosmoranchy him brood
Berafore with iddeal souse incity with thought them windeed
And speak the rash of 

Step 94350/214000 (epoch 11): loss = 1.2714 avg = 1.5580
  seed: er be their serv
  gen:  er be their serves.

VOLUMNIA:
Ay, I will the taker: award too.

HORTENSOLERIA:
Masser no more, with a the the wound

Step 94400/214000 (epoch 11): loss = 1.3149 avg = 1.5478
  seed: m not to be thei
  gen:  m not to be their of the poor would put
to bear a thee true and long
For they prayaritor.

VOLUMNIA:
He to off
think

Step 94450/214000 (epoch 11): loss = 1.4869 avg = 1.5382
  seed: the greater part
  gen:  the greater partical, and to the blate them burse, man let that wouldster.

CORIOLANUS:
To see warts it enought my p

Step 94500/214000 (epoch 11): loss = 1.3139 avg = 1.4839
  seed: : thank you:
You
  gen:  : thank you:
You that be my head the hearing
First is the piews.

First Citizal not did marry, be made to me, sir.


Step 94550/214000 (epoch 11): loss = 1.6171 avg = 1.4732
  seed: ople cry you moc
  gen:  ople cry you mock this his to me are
cures the world as a more in and hark'd and with
You had he been not all sounde

Step 94600/214000 (epoch 11): loss = 1.3324 avg = 1.4766
  seed: ifest treason!

  gen:  ifest treason!

COLTENUS:
Nar the warmitgers
Frighting the hanger: and be piece, desper,
Where no the go the blate o

Step 94650/214000 (epoch 11): loss = 1.2979 avg = 1.4616
  seed: is country,
Were
  gen:  is country,
Were reverenous furthat'sing one drance!

SICINIUS:
I'll good unthose of your servant:
St whole when are

Step 94700/214000 (epoch 11): loss = 1.4584 avg = 1.4600
  seed: k 'twill serve, 
  gen:  k 'twill serve, and not them rorrows thy gods
Than than did groan, then their honour, and so-next
I recess to the ar

Step 94750/214000 (epoch 11): loss = 1.2329 avg = 1.4565
  seed: Deserves the ext
  gen:  Deserves the extreath.

VIRGILIA:
There be more's he save of the would as the cowards
Perouch a piece!

Of sir.

SIC

Step 94800/214000 (epoch 11): loss = 1.5596 avg = 1.4628
  seed: NIUS:
Are you ma
  gen:  NIUS:
Are you makes, simout that doth can think would your play.

AEdile; we thy them so.

CORIOLANUS:
The scontion;

Step 94850/214000 (epoch 11): loss = 1.2409 avg = 1.4610
  seed: 
Third Servingma
  gen:  
Third Servingman:
It is them so crown, and love in by the startives
Roman the mouth.

Citizel the say fate! you so.

Step 94900/214000 (epoch 11): loss = 1.3680 avg = 1.4684
  seed: : he is simply t
  gen:  : he is simply thy hearter
Thy his further own hersange and in the peace?

Second Coment, I thy and content the last

Step 94950/214000 (epoch 11): loss = 1.3255 avg = 1.4627
  seed: tion
And beat th
  gen:  tion
And beat thousorved it make to a rave made rescomported your will such.

The tributs of our vengering in the si

Step 95000/214000 (epoch 11): loss = 1.4265 avg = 1.4652
  seed: 'll carry Rome?
  gen:  'll carry Rome?

Messenger:
I had be not so,
Maded you nothing of all merciusce need
And foot he how of this out all

Step 95050/214000 (epoch 11): loss = 1.5847 avg = 1.4602
  seed: tor:
Howsoever y
  gen:  tor:
Howsoever your never shall'd good learly.

The are thereful report him; the grant he tended:
Rails, if incess: 

Step 95100/214000 (epoch 11): loss = 1.6664 avg = 1.4874
  seed: t is this?
Your 
  gen:  t is this?
Your god nighble my him been--lents.

ARUFIDIUS:
What now them. Therefore was factue!
What you have brain

Step 95150/214000 (epoch 11): loss = 1.3260 avg = 1.5035
  seed:  less? or grante
  gen:   less? or granted, and to not hangers.

SICINIUS:
Where compan a find with then to thee poor;
You thou name a hap ba

Step 95200/214000 (epoch 11): loss = 1.4636 avg = 1.5109
  seed: l renew me in hi
  gen:  l renew me in his charges all flather sall not
which the gods so before him is new-that with on:
A can heart sal not

Step 95250/214000 (epoch 11): loss = 1.4770 avg = 1.5299
  seed: mity:
And theref
  gen:  mity:
And therefore eyes makes and your hads in the pursurt.

CORIOLANUS:
I am to the drumblibaly!

All the proce un

Step 95300/214000 (epoch 11): loss = 1.7767 avg = 1.5238
  seed: old figure of a 
  gen:  old figure of a sent!

Second Senator:
Solk thus and be to by your mercy
With his housome your friend us tell be wil

Step 95350/214000 (epoch 11): loss = 1.2205 avg = 1.4959
  seed:  revenged on the
  gen:   revenged on the down
A send this sover spili: fill, thou strought thou to this strucked,
For and the might all this

Step 95400/214000 (epoch 11): loss = 1.4295 avg = 1.4819
  seed: UEEN ELIZABETH:
  gen:  UEEN ELIZABETH:
Therefore, by now be in
And that to honouram to bring his see you have brood.

LADY ANNE:
To water f

Step 95450/214000 (epoch 11): loss = 1.4545 avg = 1.4756
  seed: 's;
Or Edward's 
  gen:  's;
Or Edward's soemnaning does of the earn.

BUCKINGHAM:
I derrance, sented your cave incuse they way
Which I love.

Step 95500/214000 (epoch 11): loss = 1.8819 avg = 1.4794
  seed:  folded up.
Your
  gen:   folded up.
Your matter, that throne to back, sir.

BRAKTINGS:
Fail'd seek thee, and me tright made, Alate for thyse

Step 95550/214000 (epoch 11): loss = 1.7232 avg = 1.4960
  seed: urge for perjury
  gen:  urge for perjury to heaven men
To his for this it to the seven him all, and
Recento him what it simpaties well burp 

Step 95600/214000 (epoch 11): loss = 1.3428 avg = 1.4656
  seed:  you depart and 
  gen:   you depart and what was searn'd it.

Second Send; in thine marrry: and it as me stand,
That pering all the deaths s

Step 95650/214000 (epoch 11): loss = 1.4471 avg = 1.4392
  seed: us, and full of 
  gen:  us, and full of seal in me,
Or exceleward's take you stook here liver
Made many hone,' but alanders, in not drunke
T

Step 95700/214000 (epoch 11): loss = 1.3822 avg = 1.4491
  seed:  OF YORK:
What m
  gen:   OF YORK:
What me in my other, have his pain that fly
For the out, on, that deed concluth Rome!
When I wilt for he g

Step 95750/214000 (epoch 11): loss = 1.5851 avg = 1.4530
  seed: own'd in Paris b
  gen:  own'd in Paris be.

GLOUCESTER:
On he souls it wift, despake I beging.

QUEEN ELIZABETH:
To charges and my compare y

Step 95800/214000 (epoch 11): loss = 1.3097 avg = 1.4317
  seed: omes not
To tell
  gen:  omes not
To telling counsence to sighty for,
When he hand he here to mothers mother,
We wift man oursel the duke now

Step 95850/214000 (epoch 11): loss = 1.6581 avg = 1.3996
  seed:  as deeply to ef
  gen:   as deeply to effer on to Fron these.

ARCHBISHOP OF YORK:
By thought not on welcorsel, mast I am have you weat.

GL

Step 95900/214000 (epoch 11): loss = 1.2433 avg = 1.3993
  seed:  accused them we
  gen:   accused them wear the grace.

GLOUCESTER:
You more it: then, lame, is some to morrows!
When the did not this diss t

Step 95950/214000 (epoch 11): loss = 1.5847 avg = 1.3973
  seed: ff with his head
  gen:  ff with his head thee.

PRINCE EDWANS HOP I loss of grace in of this knows
The loveing now I? delse in this royal ex

Step 96000/214000 (epoch 11): loss = 1.5494 avg = 1.4326
  seed: ive notice, that
  gen:  ive notice, that is dispret--
Devils not have since of mone to some ind.

GLOUCESTER:
And true said, farewell! a war

Step 96050/214000 (epoch 11): loss = 1.5552 avg = 1.4465
  seed: y thoughts,
Whic
  gen:  y thoughts,
Which wayor the does honour's with present,
Who deservation myself the by graments,
And send all him men

Step 96100/214000 (epoch 11): loss = 1.2187 avg = 1.4422
  seed: ETH:
The king! w
  gen:  ETH:
The king! what grey infather was time,
Unless in the nur land, I am grace with again?
My first our good him wel

Step 96150/214000 (epoch 11): loss = 1.4016 avg = 1.4509
  seed: ut some mean-bor
  gen:  ut some mean-born the day.

GLOUCESTER:
A most thou wift free now thy my my day--

KING RICHARD III:
Lo, warry, the 

Step 96200/214000 (epoch 11): loss = 1.5484 avg = 1.4558
  seed: am I witness to,
  gen:  am I witness to,
The name and brook therefold from I no drien;
For winded him thereof by throng born they selve
That

Step 96250/214000 (epoch 11): loss = 1.1542 avg = 1.4843
  seed: 
From all the sl
  gen:  
From all the sleep him forth; there'd to deful hand,
That the king head and his of charge,
For the hast one stay to

Step 96300/214000 (epoch 11): loss = 1.0955 avg = 1.4114
  seed: oul I love thy d
  gen:  oul I love thy dull their to friendly change
Thuirious land's mild than his friend my person'd;
For my soul, slea, i

Step 96350/214000 (epoch 11): loss = 1.3851 avg = 1.3768
  seed: my child,
And bo
  gen:  my child,
And both a triar thies to deads mine,
Noved than a while with of a dign-noung wife.

KING RICHARD III:
You

Step 96400/214000 (epoch 11): loss = 1.4331 avg = 1.3801
  seed: am's army is dis
  gen:  am's army is disment mile;
Sight, and their what be me time to the very.
The conspise in powerful is the loss:
The g

Step 96450/214000 (epoch 11): loss = 1.5840 avg = 1.4613
  seed: ista'en his colo
  gen:  ista'en his colong;
The glory the weep thou bitty concience,
And prince the burn's proof my lord.
Do Cates to tempt 

Step 96500/214000 (epoch 11): loss = 1.4931 avg = 1.4814
  seed: nd fairest-bodin
  gen:  nd fairest-boding the Surpect.

CATESTRRY:
Where of shall I will my fall to again.
If he would if thy myself form Ri

Step 96550/214000 (epoch 11): loss = 1.4957 avg = 1.4718
  seed: s of blood!
Let 
  gen:  s of blood!
Let the of propon and the liave;
But is more the dead with body sovereiter's turn
Withard, which a speak

Step 96600/214000 (epoch 11): loss = 1.5398 avg = 1.4906
  seed: own disgrace
Neg
  gen:  own disgrace
Negel the disgre I heart: and laint advance
The scord thank, put it this ledies,
The dar have liccountr

Step 96650/214000 (epoch 11): loss = 1.8326 avg = 1.5172
  seed: ood speed at Pla
  gen:  ood speed at Play the common and of breast
Nor and preford's shart's despity'st to pride scance,
The direcove it mys

Step 96700/214000 (epoch 11): loss = 1.8010 avg = 1.5034
  seed:  sky-aspiring an
  gen:   sky-aspiring and trade,
And such the men armour arm is Goddhis death:
For in I know, Gen and even heaven,
Nor son d

Step 96750/214000 (epoch 11): loss = 1.5660 avg = 1.4858
  seed: UNT:
The sullen 
  gen:  UNT:
The sullen burned our happing wild help toant
What devil a pason again eye dust not or lord!

Lord God:
Then to

Step 96800/214000 (epoch 11): loss = 1.3382 avg = 1.5039
  seed: breath thou lack
  gen:  breath thou lack our shall brough, but for thee soled for drops
I spent rept life is the here our rather'd make all 

Step 96850/214000 (epoch 11): loss = 1.4855 avg = 1.5155
  seed: all tender duty 
  gen:  all tender duty to before that thou deed,
Whose thee to the faired thou to my head
As in with name spents of kings, 

Step 96900/214000 (epoch 11): loss = 1.2813 avg = 1.5172
  seed: ROSS:
To horse, 
  gen:  ROSS:
To horse, thy liver him life, that thou pluck'd.

NORTHUMBERLAND:
Here I tremon flearth be How not boing count

Step 96950/214000 (epoch 11): loss = 1.6428 avg = 1.5160
  seed: eful commons wil
  gen:  eful commons will for my serves ears,
We shames, no, he shambless so straight is.

GREGROMGOLISUS:
Dever'd it in tha

Step 97000/214000 (epoch 11): loss = 1.4889 avg = 1.4777
  seed:  unthrifts? Wher
  gen:   unthrifts? Where of nar, and which not tands:
I made thy breaking provage your means.

LORD MORKESS, what is it sac

Step 97050/214000 (epoch 11): loss = 1.4383 avg = 1.4817
  seed:  it, I pray thee
  gen:   it, I pray thee parved.

KING RICHARD II:
The such more said dispace, but the mights:
You with to majesty him a wel

Step 97100/214000 (epoch 11): loss = 1.5077 avg = 1.5015
  seed: l our own but de
  gen:  l our own but desiled thee right.
With say and my daccome to the wormend to mercy;
And ash triver dayed in the broai

Step 97150/214000 (epoch 11): loss = 1.3575 avg = 1.4900
  seed: hould stain so f
  gen:  hould stain so fiery
That shipp on stains it head liege,
Death and caity: shiped my contents and king.
What sport wi

Step 97200/214000 (epoch 11): loss = 0.9698 avg = 1.4709
  seed: t so?

HENRY BOL
  gen:  t so?

HENRY BOLINGBROKE:
Have tendeman vieizes appealy to his that lay
Wills noble said to Herw no more meanter's c

Step 97250/214000 (epoch 11): loss = 1.1982 avg = 1.4964
  seed: knightly sword.
  gen:  knightly sword.

GLankful of do show not be think the sent
But king made fool, be Richard blood of that
But so her h

Step 97300/214000 (epoch 11): loss = 1.7047 avg = 1.4925
  seed: a king,
Before I
  gen:  a king,
Before I am sake are but so princely
As garded this true worshortion'd we will off:
Mistain antime his lies 

Step 97350/214000 (epoch 11): loss = 1.5338 avg = 1.4736
  seed: use to wail but 
  gen:  use to wail but no lord,
Her shall infor no may for pity, a Lord,
What back, my grace; is are men.

KING RICHARD II:

Step 97400/214000 (epoch 11): loss = 1.3051 avg = 1.4725
  seed: 
DUCHESS OF YORK
  gen:  
DUCHESS OF YORK:
And what else the for the will I mean,
Subjent other foul my world distraitor lead
To comturn for 

Step 97450/214000 (epoch 11): loss = 1.1944 avg = 1.4382
  seed: w.

HENRY PERCY:
  gen:  w.

HENRY PERCY:
Dides, since thee sach, I wish'd bring fehamy
A teet with pritty of stands and the stir my beast,
W

Step 97500/214000 (epoch 11): loss = 1.2672 avg = 1.4253
  seed: d, cousin too, a
  gen:  d, cousin too, and to the of shear fit;
Which never intend bid and band upon flatter;
And thou farthe is and several

Step 97550/214000 (epoch 11): loss = 1.3597 avg = 1.4701
  seed:  news?

NORTHUMB
  gen:   news?

NORTHUMBERLAND:
I thus true like the say is to draws stay.

KING Rorfolk man soul to feel to well,
As still 

Step 97600/214000 (epoch 11): loss = 1.4995 avg = 1.4937
  seed: he rest depart a
  gen:  he rest depart a pity tear's it.

BORLAT:
Thou draw is their hape hellove, and call itserve
And me hath the sential 

Step 97650/214000 (epoch 11): loss = 1.4350 avg = 1.5265
  seed: rewell: thou can
  gen:  rewell: thou cannot lives up sake,
That is the so thy cursions of shire mine,
His fiving great with sad not of the d

Step 97700/214000 (epoch 11): loss = 1.5072 avg = 1.5712
  seed: 
To bid me trudg
  gen:  
To bid me trudge: and his here carrae,
With his see tain lever most thee foour?

So head, if pard-so she sidder.

S

Step 97750/214000 (epoch 11): loss = 2.0822 avg = 1.5888
  seed: er wagoner a sma
  gen:  er wagoner a small be the see
That book me a man peak another marrihence:
We grunest lights before under a still,
To

Step 97800/214000 (epoch 11): loss = 1.7283 avg = 1.6095
  seed: ith wilful chole
  gen:  ith wilful cholent of my court,
Romeo? the how with hollow thumber away,
With the he can of concielate unung my grea

Step 97850/214000 (epoch 11): loss = 1.5661 avg = 1.5888
  seed: s that fall back
  gen:  s that fall back.

JULIET:
Welcome, sir! a rait nighter and rather for thy
To leap in the begard begues this sumed:

Step 97900/214000 (epoch 11): loss = 1.2560 avg = 1.5382
  seed: JULIET:
At what 
  gen:  JULIET:
At what is an mault by bound off like of me.

JULIET:
What's venger:
Iy and love that was withind to leave
T

Step 97950/214000 (epoch 11): loss = 2.0028 avg = 1.5470
  seed: e of cats, I can
  gen:  e of cats, I can!
But my weet at I down in my day some.

ROMEO:
My must for I would did under on thee prince
With a 

Step 98000/214000 (epoch 11): loss = 1.4646 avg = 1.5720
  seed: y say: for the g
  gen:  y say: for the good too where a dids
sper's world a prent
In old not so mark'd that thou the tear deart
face, court!

Step 98050/214000 (epoch 11): loss = 1.6808 avg = 1.5557
  seed: , like fire and 
  gen:  , like fire and the leave me that says
promised with thou such much a was a word;
God my cheek, if a we'll and not y

Step 98100/214000 (epoch 11): loss = 1.3888 avg = 1.5467
  seed:  have it,
And so
  gen:   have it,
And so shire of discall upon shall night.

MERCUTIO:
I than hone withall not with dentlema,
Doth was thou 

Step 98150/214000 (epoch 11): loss = 1.9092 avg = 1.5517
  seed: se eyes shut, th
  gen:  se eyes shut, the deud,
Their o'sman, for as name and peace, in without
You art my part tellower the shall doned,
An

Step 98200/214000 (epoch 11): loss = 1.8281 avg = 1.5388
  seed: mix'd, no sharp-
  gen:  mix'd, no sharp-wellish'd;
If scortague have may nathing of Bolingberth.
Thank, at hour not lord, what for you art o

Step 98250/214000 (epoch 11): loss = 1.2601 avg = 1.5303
  seed:  to woo.
Madam, 
  gen:   to woo.
Madam, come hour in make, and to a great
And that him eye tortum stand perping earlive the asteck, come the

Step 98300/214000 (epoch 11): loss = 1.5890 avg = 1.5041
  seed: y child, early n
  gen:  y child, early not it the France
That my lord, not you meet, lose;
Which excusin'd boot in thou doo more the dead!


Step 98350/214000 (epoch 11): loss = 1.4393 avg = 1.5054
  seed: h,
And therefore
  gen:  h,
And therefore the firmself, you forst, I think the loss!

JULIET:
O, sir! is so
Then stayla wantagre make may so 

Step 98400/214000 (epoch 11): loss = 1.5411 avg = 1.4931
  seed: prostrate here,
  gen:  prostrate here,
That speak show with at with sins and and thee.

MERCUTIO:
That thou we you death, and Romeo: nor of

Step 98450/214000 (epoch 11): loss = 1.2034 avg = 1.4955
  seed: k the day!

LADY
  gen:  k the day!

LADY CAPULET:
Beack all I was was meen with sir, the mads!
Thy shall bed! Go, what, but ease,
Nurse reas

Step 98500/214000 (epoch 11): loss = 1.5700 avg = 1.5330
  seed: ll news,
Since y
  gen:  ll news,
Since you will busic tonguity say discond wir.

PETER:
A go with the hacher spent to much is:
Faith, I am I

Step 98550/214000 (epoch 11): loss = 1.3452 avg = 1.5529
  seed: hat banish'd hau
  gen:  hat banish'd haunt and well thee hate,
Herpare in thy dead; and at this silves,
And with to suddate-dul to thy toget

Step 98600/214000 (epoch 11): loss = 1.4619 avg = 1.5454
  seed: CE:
What misadve
  gen:  CE:
What misadver shall to my lie preservy his my geath?
Uncilly ustay? I will cry high him.

FRIAR LAURENCE:
Alo! f

Step 98650/214000 (epoch 11): loss = 1.4381 avg = 1.5106
  seed: ard hath best de
  gen:  ard hath best deave must, and long
The now grave love, letters these in her lady and night mistre
Taking a griar of 

Step 98700/214000 (epoch 11): loss = 1.1787 avg = 1.4623
  seed: xt heir should s
  gen:  xt heir should suptian the lies
That I not far King on he our to, here and fly.

RICHARD:
This he the king the no lo

Step 98750/214000 (epoch 11): loss = 1.3504 avg = 1.4195
  seed:  better play the
  gen:   better play the word,
And in the could conty should it prett.

KING HENRY VI:
As up being and be married the come a

Step 98800/214000 (epoch 11): loss = 1.7435 avg = 1.4467
  seed: ncounter'd him:
  gen:  ncounter'd him:
And me thee life, fortune thy from they
As that word die be hellove present them feel;
And thou for 

Step 98850/214000 (epoch 11): loss = 1.5674 avg = 1.5008
  seed: l Clifford, and 
  gen:  l Clifford, and you, what at, the enour must they time;
And is for that again to should fair,
Books I have your such

Step 98900/214000 (epoch 11): loss = 1.4189 avg = 1.5090
  seed: ath.

WARWICK:
T
  gen:  ath.

WARWICK:
Think thine in the dispine the both,
The Dukes and with a bling and knew not me
That I might trishly 

Step 98950/214000 (epoch 11): loss = 1.4031 avg = 1.5046
  seed: ffer their own l
  gen:  ffer their own left life come is it:
Sir, scorder of foes in quicks the seechs,
Their before my dear we these up in 

Step 99000/214000 (epoch 11): loss = 1.6284 avg = 1.4664
  seed: GEORGE:
But when
  gen:  GEORGE:
But when then put a cheers, that dast,
Sont, the father ouch that we mid duke of thy fired,
By that duestain

Step 99050/214000 (epoch 11): loss = 1.4890 avg = 1.4883
  seed:  slew in fight,
  gen:   slew in fight,
So mine our scours, though to hand his proud.
What day'st thou sinted's of lind this in this hand.
T

Step 99100/214000 (epoch 11): loss = 1.4791 avg = 1.4901
  seed: ad,
Your father'
  gen:  ad,
Your father's proised artimes, gentle now,
Shal not with cheart breaks earth charing there;
The blow-down the re

Step 99150/214000 (epoch 11): loss = 1.1329 avg = 1.4740
  seed: ond Keeper:
No, 
  gen:  ond Keeper:
No, cannon desen fear the sail to For and not resting;
For all this to ustay, thou to thy sour!
And ther

Step 99200/214000 (epoch 11): loss = 1.2950 avg = 1.3764
  seed: .

KING EDWARD I
  gen:  .

KING EDWARD IV:
Why, tell and these she were king, and dead!

LADY GREY:
Ay, mid loving Tybalons us, thou my mort

Step 99250/214000 (epoch 11): loss = 1.0538 avg = 1.4279
  seed: g in lawful marr
  gen:  g in lawful marries,
But did a cause or cexecution his house.
Sight me mear than husband, for 'Ay, then!

EDWARD LAU

Step 99300/214000 (epoch 11): loss = 1.2874 avg = 1.4230
  seed: t old faults,
An
  gen:  t old faults,
And to help.

QUEEN MARGARET:

GLOUCESTER:
When me, Warwicking conal Edwardom your he tides.

KING LEW

Step 99350/214000 (epoch 11): loss = 1.2239 avg = 1.3928
  seed: 's will.

QUEEN 
  gen:  's will.

QUEEN MARGARET:
Is nobly untertains hands with are have I deny's name.

QUEEN MARGARET:
Why the call's som

Step 99400/214000 (epoch 11): loss = 1.4323 avg = 1.3976
  seed:  is his tent; an
  gen:   is his tent; and with him;
And their spress to it see Ratclaude this it,
Brother me drawn shall well to king proved

Step 99450/214000 (epoch 11): loss = 1.5708 avg = 1.4037
  seed: wise as virtuous
  gen:  wise as virtuous sunder'd reasoret,
To see see the ready nothing this royaling.

QUEEN ELIZABETH:
The swear drown: I

Step 99500/214000 (epoch 11): loss = 1.3197 avg = 1.3920
  seed: WARD IV:
When we
  gen:  WARD IV:
When we must me you pass thought the saw;
How is the firm the stand. I shall not, so exceed the head.

WARW

Step 99550/214000 (epoch 11): loss = 1.5663 avg = 1.4126
  seed: but by Warwick's
  gen:  but by Warwick's storm:
I fild. I this founder, to stand for then.

KING EDWARD IV:
Hance art Proclause we to the fa

Step 99600/214000 (epoch 11): loss = 1.6328 avg = 1.4209
  seed: s bright-shining
  gen:  s bright-shining is
She had souls brough crown there fore him.
But, my couse us I look, thou for who for reams for h

Step 99650/214000 (epoch 11): loss = 1.2776 avg = 1.4401
  seed:  plague to men.
  gen:   plague to men.

First not in the way world those him tkeee.
And, and throan
Shephre the strength be to-mage once
Ha

Step 99700/214000 (epoch 11): loss = 1.4965 avg = 1.4479
  seed: and say I sent t
  gen:  and say I sent thou spardon,
And King Lewasor the thy seed an beach,
And not his sast hourse cheers no the subject,

Step 99750/214000 (epoch 11): loss = 1.8239 avg = 1.5053
  seed:  it should now,
  gen:   it should now,
Or death stand in the for my for march'd
Aday exto expecation, then overms an in life.

KING EDWARD 

Step 99800/214000 (epoch 11): loss = 1.5362 avg = 1.5536
  seed: ince as we
Do se
  gen:  ince as we
Do setters in omparess, and myselved:
As they was batter-hand my suit sweign'd us that
And to the could c

Step 99850/214000 (epoch 11): loss = 1.7192 avg = 1.5830
  seed: 
I say thou lies
  gen:  
I say thou lies deserves not in the maid to-morrow,
Did! this forbid but of was love it should
Who thanks of thy sa

Step 99900/214000 (epoch 11): loss = 1.5077 avg = 1.5603
  seed: hich you
Shall b
  gen:  hich you
Shall be him in forsekellow so
Service a fool the very hear me to not.

Say becoves
Camillo, dost haven so 

Step 99950/214000 (epoch 11): loss = 1.5489 avg = 1.5635
  seed: th her! to priso
  gen:  th her! to prisonecience what it best the word
That had her shind thee slaughter.

GLOUCESTER:
Where had there have 

Step 100000/214000 (epoch 11): loss = 1.4383 avg = 1.5539
  seed: st worthy madam,
  gen:  st worthy madam, I we forth.

For the worthing one recourney, in all are her.

DUCHIO:
The see of there the tell! ho

Step 100050/214000 (epoch 11): loss = 1.3188 avg = 1.5330
  seed:  thou art worthy
  gen:   thou art worthy bound,
How this should obe enter.

LEONTES:
Why the part me.

LEONTES:
Whe's of like, and gare to t

Step 100100/214000 (epoch 11): loss = 1.7364 avg = 1.5415
  seed:  boot me
To say 
  gen:   boot me
To say mounts'd honoured regainst it, that upon her:
Hart thou landertain of this son, the convere on the p

Step 100150/214000 (epoch 11): loss = 1.4319 avg = 1.5296
  seed: y deeds make the
  gen:  y deeds make the crown to actise,
Have prece murderbate!

BALTHASANUS:
Now, tell I shound, you such him only,
And ne

Step 100200/214000 (epoch 11): loss = 1.5804 avg = 1.5556
  seed:  away two of my
  gen:   away two of my
And with the was the grave my greature on my heart:
Near I should you, shall yet, the lost!

Gat too

Step 100250/214000 (epoch 11): loss = 1.6741 avg = 1.5952
  seed: ngly noted, he i
  gen:  ngly noted, he in for
I have visitings a children to atter sheported.

Clown:
I the fire come truth, whose thee houn

Step 100300/214000 (epoch 11): loss = 1.5667 avg = 1.6101
  seed:  with you at you
  gen:   with you at you did grief will sheep: 'tis of thee!

Sheppallose shence of that this, and like and man but us
the p

Step 100350/214000 (epoch 11): loss = 1.5666 avg = 1.6237
  seed: ne. When you spe
  gen:  ne. When you speak some and bear,
That sleer so say safe owee flowers,
We the bestrains, your of the greated,
They b

Step 100400/214000 (epoch 11): loss = 1.5795 avg = 1.6371
  seed: and sung this
ba
  gen:  and sung this
ballowers you read your to a call-shine. But of all
But their? a my le't do and to the hours!

RIVIOPS

Step 100450/214000 (epoch 11): loss = 1.0211 avg = 1.5792
  seed: EL:
He shall not
  gen:  EL:
He shall not content.

AUTOLYCUS:
Clase you went the set.

RIVIOK, man: he like shall know.

POLIXENES:
Maid whi

Step 100500/214000 (epoch 11): loss = 1.7565 avg = 1.5464
  seed:  bed. Methinks I
  gen:   bed. Methinks I grief crown?

CAivid I sad,
Whilst he shaltess about to reasoned
Well be mean half thought you stri

Step 100550/214000 (epoch 11): loss = 1.6373 avg = 1.5487
  seed: ane's end, every
  gen:  ane's end, every be, my body; as those neath each well.

CAMILLO:
I'll not the wean with back you have hall, may hat

Step 100600/214000 (epoch 11): loss = 1.3988 avg = 1.5299
  seed: lk before toward
  gen:  lk before toward he alress to being. What, the we does
by can the gods the be seem, who shall that you man
bother no

Step 100650/214000 (epoch 11): loss = 1.4889 avg = 1.5258
  seed: He thus should s
  gen:  He thus should since was this
trich with solding so are a horse 'best; she
And grace of it gone's say either,
We hav

Step 100700/214000 (epoch 11): loss = 1.5726 avg = 1.5100
  seed: er, that knew no
  gen:  er, that knew none.

LEONTES:
He wills, and trumpets, sir,
Who no have see to wence steem not the requench.
Clown my

Step 100750/214000 (epoch 11): loss = 1.5827 avg = 1.5190
  seed: st gentleman-lik
  gen:  st gentleman-like of this becal; so king for they life
think the face, the kingder sone of my on a sorthrough
are ti

Step 100800/214000 (epoch 11): loss = 1.7525 avg = 1.5001
  seed: e stirs:
Start n
  gen:  e stirs:
Start not you, die queen, to us life fie,
To much the fried it all not from the life,
I meanveness: no some

Step 100850/214000 (epoch 11): loss = 1.5889 avg = 1.5101
  seed: e the sanctimoni
  gen:  e the sanctimonion escertain.

Shepherd:
Now, thou lord, good me stand
bes where of him age in even ore own.

PERDIT

Step 100900/214000 (epoch 11): loss = 1.5637 avg = 1.4919
  seed: character too gr
  gen:  character too great of here
That is it mabled-sand most.

CLAUDIO:
O so life an as
ther of with your to a good our g

Step 100950/214000 (epoch 11): loss = 1.5888 avg = 1.5227
  seed: iet?

LUCIO:
Is 
  gen:  iet?

LUCIO:
Is our daught bloody in his a promised: your preciosion,
Havors moy chargely bully are comforth behold

Step 101000/214000 (epoch 11): loss = 1.6335 avg = 1.5174
  seed: d longing, as I 
  gen:  d longing, as I thou she doneth stop the save,
And know to pursuate by most of the confend.

GLOUCUS:
Ay, they in in

Step 101050/214000 (epoch 11): loss = 1.6529 avg = 1.4887
  seed: ot for dwelling 
  gen:  ot for dwelling do betar.

ESCALUS:
Hath had thank you: for his in any to Frest of the
or Privour an will be prither

Step 101100/214000 (epoch 11): loss = 1.5877 avg = 1.4644
  seed: ss'd offence wou
  gen:  ss'd offence would with it so heavy, sir,
I have druder not to young sick, here as the bext,
I speak thou art him th

Step 101150/214000 (epoch 11): loss = 1.5016 avg = 1.4740
  seed: devil's horn:
'T
  gen:  devil's horn:
'Tis him hance a fall respective's broke,
I shall give, you do with the mine us that.

DUKE VINCENTIO:

Step 101200/214000 (epoch 11): loss = 1.8907 avg = 1.4636
  seed: y. I have begun,
  gen:  y. I have begun, sir prove that more
That came law to stolous love offit mean's on dear and this
The die with this t

Step 101250/214000 (epoch 11): loss = 1.2881 avg = 1.4772
  seed: the nose,
When h
  gen:  the nose,
When he speak to remembervess and good be thee mind,
I would take they most exellies? what's my sweeth me

Step 101300/214000 (epoch 11): loss = 1.6461 avg = 1.4829
  seed: re
violent and u
  gen:  re
violent and upon angelors with arrant bitten itself
That stuc of believe her we to the heam.

ISABELLA:
I was thi

Step 101350/214000 (epoch 11): loss = 1.4449 avg = 1.5035
  seed: congealed ice; t
  gen:  congealed ice; the suit, in this art
a more you sayer is gentleman, it bester speed
cupblack is a nor you, mut silke

Step 101400/214000 (epoch 11): loss = 1.2990 avg = 1.4827
  seed: iving promises o
  gen:  iving promises of the way
areful for the honour'st of his son, or we words
neath in letter mertue to you, to know fi

Step 101450/214000 (epoch 11): loss = 1.3394 avg = 1.4819
  seed: what mystery the
  gen:  what mystery their a fortune wide and;
But
I will be one merry if heard fither proved of the but
my gate me a man, h

Step 101500/214000 (epoch 11): loss = 1.4564 avg = 1.4557
  seed: ase attempt you,
  gen:  ase attempt you, where a the takes and a morrow.

Provost:
Provost:
A say the kinning order an a mind absent me man

Step 101550/214000 (epoch 11): loss = 1.1916 avg = 1.4525
  seed: luck out his eye
  gen:  luck out his eye; and in this, and she
done: for seem inford against of the you?

ESCALUS:
To you, sir: fie, and and

Step 101600/214000 (epoch 11): loss = 1.6058 avg = 1.4624
  seed: ime
And razure o
  gen:  ime
And razure on a
that me man's sto deathmand honour grace is betteen
bet not very thee. What be hold
no, that to 

Step 101650/214000 (epoch 11): loss = 1.5311 avg = 1.4548
  seed: .
Know you that 
  gen:  .
Know you that blows be seemst me.

ANGELO:
Master mistast should this so commany titless,
What speak on the world.

Step 101700/214000 (epoch 11): loss = 1.1411 avg = 1.4285
  seed: se women on to s
  gen:  se women on to smelters at speak and her,
And there some anothed. O, I be she infore
She it, is my served at first; 

Step 101750/214000 (epoch 11): loss = 1.2523 avg = 1.4249
  seed: your labour.
Awa
  gen:  your labour.
Away, sir, his truth, and an thanks you port.

LUCIO:

ISABELLA:
In a maintage your hath head: his with

Step 101800/214000 (epoch 11): loss = 1.3087 avg = 1.4655
  seed: near him when he
  gen:  near him when heard.
Cominior me with heaven the violorse.

Loman:
Provost:
I am say man better; fitch my lord, that

Step 101850/214000 (epoch 11): loss = 1.7860 avg = 1.5237
  seed: ? thy horses sha
  gen:  ? thy horses shame e'er enemon by then!
This they do nother own Conesty hath nather.

Here your into your part a not

Step 101900/214000 (epoch 11): loss = 1.6187 avg = 1.5634
  seed: ondello, thou we
  gen:  ondello, thou we stands as as your sluck,
Pay I into finds and thee besolutame secut,
To see the suspenty, leave you

Step 101950/214000 (epoch 11): loss = 1.4383 avg = 1.5554
  seed: w'd her up,
Beca
  gen:  w'd her up,
Becalish and ever day, make. There thought of the was made your with me?

GREMIO:
Calio, content him and

Step 102000/214000 (epoch 11): loss = 2.1263 avg = 1.5460
  seed: s burden of my w
  gen:  s burden of my words.

PETRUCHIO:
Why, I be sister father.

LUCENTIO:
Pay thinks, I am strather: mad what say,
By ju

Step 102050/214000 (epoch 11): loss = 1.4177 avg = 1.5452
  seed: s with bugs.

GR
  gen:  s with bugs.

GREMIO:
Your for reparticansio likes! Hortund for took the for the
ares of a shess her of her our shal

Step 102100/214000 (epoch 11): loss = 1.3801 avg = 1.4917
  seed: take me not; I s
  gen:  take me not; I should be the not look.
God I jian be and lettersion, sir, get the are,
That art which a him fathem, 

Step 102150/214000 (epoch 11): loss = 1.3156 avg = 1.4820
  seed: ATHARINA:
No suc
  gen:  ATHARINA:
No such break sawds that young business,
Kind To my fall be she good she peaces,
But neemnains of Our reac

Step 102200/214000 (epoch 11): loss = 1.3671 avg = 1.4692
  seed: rst.

TRANIO:
An
  gen:  rst.

TRANIO:
And by that Chright: I'll in a so.

KATHARINA:
I chall percomple is patect see thee father?

KATHARINA

Step 102250/214000 (epoch 11): loss = 1.4524 avg = 1.5375
  seed: sician groweth a
  gen:  sician groweth and ungried to stuty,
That it our egeight faily, woo might to structio,
With dools out thus, but a le

Step 102300/214000 (epoch 11): loss = 1.5717 avg = 1.5367
  seed: her's liking: wh
  gen:  her's liking: what you to againt of who swords;
As I know with his such a wed de'er,
As point me?

FRIAR PETRUCHIO:

Step 102350/214000 (epoch 11): loss = 1.7668 avg = 1.5268
  seed: bt it, thou mays
  gen:  bt it, thou mays, you that must to of many.
And we be buzzasantly and the not frame,
And her, to for in me is a part

Step 102400/214000 (epoch 11): loss = 1.8554 avg = 1.5532
  seed: e it not?
Theret
  gen:  e it not?
Theret, for his said of with here, hear?

MENENTIA:
Vere a master, here here, sir, it my soled.

TRATHIGON

Step 102450/214000 (epoch 11): loss = 1.3520 avg = 1.5177
  seed: sir, to do you c
  gen:  sir, to do you come and the contranc;
Nate, I mistriked to-dest, which is letter,
That I am need shall imist thousan

Step 102500/214000 (epoch 11): loss = 1.4293 avg = 1.5117
  seed: t request to hav
  gen:  t request to have the mustis.

PETRUCHIO:
Is in chame; and thank call, I would kiss:
'Tis have before with him, as y

Step 102550/214000 (epoch 12): loss = 1.3459 avg = 1.5044
  seed:  content to give
  gen:   content to give to shall best,
I am I do resholerona: you thou are as he
That you the lander countemper, more her h

Step 102600/214000 (epoch 12): loss = 1.4761 avg = 1.5192
  seed: tizen:
We have e
  gen:  tizen:
We have excellly that our the speak,
Some mine what to the entreat him?

Fir, Pately, forse in.

LUCENIUS:
Th

Step 102650/214000 (epoch 12): loss = 1.4960 avg = 1.5425
  seed: ut Rome was read
  gen:  ut Rome was readine the prove.

First Citizinung the art this kneess will have
For and not to penation, a'twer of he

Step 102700/214000 (epoch 12): loss = 1.4254 avg = 1.5450
  seed: no.

MARCIUS:
'T
  gen:  no.

MARCIUS:
'Tis by in hear redam, sir, for my sent, there I'll not
Vime movermannerman, the bring to most good
th

Step 102750/214000 (epoch 12): loss = 1.3854 avg = 1.5544
  seed: et him slip at w
  gen:  et him slip at with will
To will me was she; and this seen sound
A forbeartient the sun him, me gooder,
Say I welcom

Step 102800/214000 (epoch 12): loss = 1.8359 avg = 1.5464
  seed: , call him,
With
  gen:  , call him,
With have my gars of farewelly shood a not;
Conded the viles shall and the king,
That no your eneds not 

Step 102850/214000 (epoch 12): loss = 1.7832 avg = 1.5628
  seed: mummers; set up 
  gen:  mummers; set up brood,
I am warmoush of a grace and gates: you have poisonest the peopleech stay?

HORTENSIO:
You ma

Step 102900/214000 (epoch 12): loss = 2.1047 avg = 1.5741
  seed: e and damask in
  gen:  e and damask in
proface to but your case that proud thus brief?
What nosume welcome
To lawnyrant-and to a morthee, a

Step 102950/214000 (epoch 12): loss = 1.4648 avg = 1.5337
  seed: things monster'd
  gen:  things monster'd to say
Thank the prind will worsholes, shally the power
He that nongue a how ear warm to more he
he

Step 103000/214000 (epoch 12): loss = 1.6438 avg = 1.5293
  seed: ir'--Plague upon
  gen:  ir'--Plague uponor truth, we with me you; and conver.

COMINIUS:
When to my knows.

Third Citizen:
Let them is not w

Step 103050/214000 (epoch 12): loss = 1.3873 avg = 1.4757
  seed: urselves? You sh
  gen:  urselves? You should consul all.

CORIOLANUS:
I will the ne'er to make the kind
you nobly and it
particus to when ho

Step 103100/214000 (epoch 12): loss = 1.3937 avg = 1.4568
  seed: ss
To where you 
  gen:  ss
To where you the furtherm them he bead.

CORIOLANUS:
He please my crow their done, broabs sweed on.

First Citize

Step 103150/214000 (epoch 12): loss = 2.2398 avg = 1.4780
  seed: him! down with h
  gen:  him! down with his have charged love.

CORIOLANUS:
Welle shall with his nonest the world?

COMINIUS:
Why, some with 

Step 103200/214000 (epoch 12): loss = 1.3761 avg = 1.4551
  seed: e is beloved, br
  gen:  e is beloved, broke power reppeet to bear than that do out on here:
To peopted I praise of at and that the preprepor

Step 103250/214000 (epoch 12): loss = 1.2174 avg = 1.4472
  seed: ldier, so,
To ha
  gen:  ldier, so,
To have you having was the gods it.

COMINIUS:
And soul the less no what wilthall you will,
Which them yi

Step 103300/214000 (epoch 12): loss = 1.4992 avg = 1.4455
  seed: e
Envied against
  gen:  e
Envied against a people thus!

BRUTUS:
Speak along does upon the city, on the pun
Your friends hide and consulshio

Step 103350/214000 (epoch 12): loss = 1.3029 avg = 1.4476
  seed: ome, come, peace
  gen:  ome, come, peace
Than thou subberhead thee beseech all enter wild,
I have me been marciing seen the dribed;
For it s

Step 103400/214000 (epoch 12): loss = 1.0153 avg = 1.4354
  seed: ou?

CORIOLANUS:
  gen:  ou?

CORIOLANUS:
I am thou husband she could fool: fellow, if twental.

Second Servingman:
The we milated, like merc

Step 103450/214000 (epoch 12): loss = 1.2014 avg = 1.4455
  seed: hird Servingman:
  gen:  hird Servingman:
Have forth their word them. I will and a things
Wife to thee friends not ennerten with the met him 

Step 103500/214000 (epoch 12): loss = 1.5383 avg = 1.4526
  seed: eads a power 'ga
  gen:  eads a power 'gainnce.

CORIOLANUS:
Well, you better; and whips their debend from their
tion an their to lies and yo

Step 103550/214000 (epoch 12): loss = 1.5780 avg = 1.4593
  seed: e other than one
  gen:  e other than one then hearts.

Perhice:
Blay the peace work me what I say tear too well,
The with a tood him their s

Step 103600/214000 (epoch 12): loss = 1.7055 avg = 1.4515
  seed: he palsied inter
  gen:  he palsied intern'd the confends not never
Hath them as nap, with
The doed state can the heard lembuls, the tals,
Yo

Step 103650/214000 (epoch 12): loss = 1.5100 avg = 1.4859
  seed: 
The god of sold
  gen:  
The god of soldier my note to the dids,
I would it Petredience that your from sir?
What I cannorath, I must the rus

Step 103700/214000 (epoch 12): loss = 1.5561 avg = 1.4931
  seed: te arms,
Could n
  gen:  te arms,
Could not such Titistracture a fear if many to have
is procey are say more: upon them: the priving
But not 

Step 103750/214000 (epoch 12): loss = 1.2559 avg = 1.4935
  seed: me home.

AUFIDI
  gen:  me home.

AUFIDIUS:
Come, poirator:
One, He rest, let the senger fire of new you me,
Speak and of capper of the entw

Step 103800/214000 (epoch 12): loss = 1.5442 avg = 1.5270
  seed: ns this armed gu
  gen:  ns this armed guest
That is Aufides and in me stepher'd of this is broated
With his sons, we grave of him weeping fo

Step 103850/214000 (epoch 12): loss = 1.9113 avg = 1.5227
  seed: sh to adders, sp
  gen:  sh to adders, speak shall,
That on our join'd the so more time the call one.

BRAKENBURY:
I cannot see hast strong e

Step 103900/214000 (epoch 12): loss = 1.2500 avg = 1.4703
  seed:  ANNE:
Would it 
  gen:   ANNE:
Would it our find me good this old you,
When thou best of thee murder. Hastempty in pity,
As by for the shall

Step 103950/214000 (epoch 12): loss = 1.8580 avg = 1.4727
  seed:  Countess Richmo
  gen:   Countess Richmose I say,
For nay shall spirite, thou must winter that the kings
Again me to my profe and your commo

Step 104000/214000 (epoch 12): loss = 1.2914 avg = 1.4605
  seed: njoy, being the 
  gen:  njoy, being the mains,
But, and we way every, and his upon a scorse
Than you would to thy mean a modest stand
Be dis

Step 104050/214000 (epoch 12): loss = 1.2667 avg = 1.4652
  seed:  blood,
Nor thou
  gen:   blood,
Nor thou have sentern to the fathe to the sun,
And lose me unliver here his by thee may lord.

QUEEN MARGARE

Step 104100/214000 (epoch 12): loss = 1.4840 avg = 1.4920
  seed: rvel, my lord, t
  gen:  rvel, my lord, to a mercy,
And a he is as a weep as wife Rither:
I fled it stay by lose spent, and world,
And with c

Step 104150/214000 (epoch 12): loss = 1.1519 avg = 1.4517
  seed: rel of the house
  gen:  rel of the house at with have he hand;
And know mark metertain, do the confess!
Reters: that with the winder she rig

Step 104200/214000 (epoch 12): loss = 1.6514 avg = 1.4310
  seed: TER:
A blessed l
  gen:  TER:
A blessed love the throly feather?

For I had I have you so peruptience my to make
As of your the was reason my

Step 104250/214000 (epoch 12): loss = 1.5353 avg = 1.4415
  seed: cely semblance
A
  gen:  cely semblance
And and not look tripe to the peace is the
Tither shall, my kins stande in this fad thee!
O blood'st 

Step 104300/214000 (epoch 12): loss = 1.2905 avg = 1.4385
  seed: o rule,
This sic
  gen:  o rule,
This sich thing we see suls of the strets sooly
a we is henry my looks sight the puttench.

Pier:
Boy! have 

Step 104350/214000 (epoch 12): loss = 1.4702 avg = 1.4198
  seed: im,
And from her
  gen:  im,
And from her to the store with such'd gentle to with
Becament he the both morth cursent with I shall to gracious

Step 104400/214000 (epoch 12): loss = 1.3822 avg = 1.3879
  seed: th he stand affe
  gen:  th he stand affected, the good not,
I would with us.

GLOUCESTER:
O, we diving you point open in lie is find
To a's 

Step 104450/214000 (epoch 12): loss = 1.3701 avg = 1.3883
  seed:  drink that for 
  gen:   drink that for bour and a can the one
But like to you, where is sorrow, unterminious adk;
You what knows take of de

Step 104500/214000 (epoch 12): loss = 1.4930 avg = 1.3929
  seed: at Pomfret blood
  gen:  at Pomfret blood his childern's hoble
To The dog, and set in of the denery;
And look their some to his prince me:
Ay

Step 104550/214000 (epoch 12): loss = 1.3285 avg = 1.4326
  seed: not?
Bad is the 
  gen:  not?
Bad is the are and that deed my hood,
I truth, who criend with atil novings,
Are I were softh a was the pedry, 

Step 104600/214000 (epoch 12): loss = 1.2584 avg = 1.4403
  seed: g friends,
And b
  gen:  g friends,
And believe an in the name but we the are igouch I do know,
As prince my father speed mightings.
But, to-

Step 104650/214000 (epoch 12): loss = 1.3911 avg = 1.4248
  seed: d I'll salute yo
  gen:  d I'll salute you are servoken.

GLOUCESTER:
To more, my blood the name you fear him,
Et not state to believe melty 

Step 104700/214000 (epoch 12): loss = 1.0776 avg = 1.4454
  seed: ING RICHARD III:
  gen:  ING RICHARD III:
Go, methou yings fault shall shorld prettaties:
What me within reserved thee, in see?

GLOUCESTER:

Step 104750/214000 (epoch 12): loss = 1.4388 avg = 1.4510
  seed: ntagenet, why ar
  gen:  ntagenet, why arm of they suit then and,
Atrength in they kings the conse of From quecus
The peed and the statled th

Step 104800/214000 (epoch 12): loss = 1.5053 avg = 1.4696
  seed: s enointed: stri
  gen:  s enointed: strible be not to go;
Fally usurpect the keep in me that have be,
And with dead dogst did that the man.

Step 104850/214000 (epoch 12): loss = 1.5306 avg = 1.3901
  seed: ve
Edward and Yo
  gen:  ve
Edward and York.

KING RICHARD III:
Where is of state thou have shood thine.

QUEEN ELIZABETH:
My look you.

QUEE

Step 104900/214000 (epoch 12): loss = 1.4121 avg = 1.3721
  seed: d, by time misus
  gen:  d, by time misusly to strike?

QUEEN ELIZABETH:
Lo, you world, my shall had better,
And all with you knows were thy 

Step 104950/214000 (epoch 12): loss = 1.6425 avg = 1.3825
  seed: stants, yea or n
  gen:  stants, yea or never is the her men
The must to the vouch of thanks, hearen-a shall I
When whose wilt her lieger sol

Step 105000/214000 (epoch 12): loss = 1.6326 avg = 1.4553
  seed: ICHARD III:
I wi
  gen:  ICHARD III:
I will happosing our devolt of the durse:
But Lord, that well to is prison, and destrain'd?

DERBY:
I, S

Step 105050/214000 (epoch 12): loss = 1.7442 avg = 1.4713
  seed: ke high-rear'd b
  gen:  ke high-rear'd by not I am inder-Come,
And Richard from my myself be the all,
That fathers will to beet defer.

SOMN

Step 105100/214000 (epoch 12): loss = 1.5401 avg = 1.4606
  seed: alice;
Or worthi
  gen:  alice;
Or worthin with what accorn the farshoulderer'd and day.
The comes is in acceepetite is fall jies
Richmondes 

Step 105150/214000 (epoch 12): loss = 1.3660 avg = 1.4824
  seed: r'd in his bosom
  gen:  r'd in his bosom;
The heeds! my heaven! be severtails.

DUCHESS MOWBRAY:
O must The great is death to this hot.
Whic

Step 105200/214000 (epoch 12): loss = 1.3003 avg = 1.5063
  seed: LE:
Why, then, t
  gen:  LE:
Why, then, that well the mother same;
The crown, to gutwas never let son,
Or not of be lood my lord be no to the

Step 105250/214000 (epoch 12): loss = 1.3804 avg = 1.4922
  seed: Y BOLINGBROKE:
Y
  gen:  Y BOLINGBROKE:
Yet in our know truth thy right daughts;
To-morrow with the aboar's prince.
He suckle me aboansy must

Step 105300/214000 (epoch 12): loss = 1.6407 avg = 1.4775
  seed: e,
But thou the 
  gen:  e,
But thou the farewell: but thou, stay,
Good thee master day those powerly,
For must our from thy knave for my lig

Step 105350/214000 (epoch 12): loss = 1.2758 avg = 1.5048
  seed: gainst infection
  gen:  gainst infection,
As casin his both may hought to so, then winds;
And breat us both come, since in them,
And yet for

Step 105400/214000 (epoch 12): loss = 1.3548 avg = 1.5016
  seed: 'd, it was again
  gen:  'd, it was again:
He thy wear in sons wour lands not have?
Twhis face short, in polland traight? I present no have-h

Step 105450/214000 (epoch 12): loss = 1.3149 avg = 1.5042
  seed: g it grieves,
Mo
  gen:  g it grieves,
More such, lever paint he too dear,
To thought I till parting bist they son,
Am every him his with the

Step 105500/214000 (epoch 12): loss = 1.6466 avg = 1.5008
  seed: D:
Believe me, n
  gen:  D:
Believe me, not exparar's with a reven,
With irecenter weep'st of again: and country;
Be hume to the Warring shal

Step 105550/214000 (epoch 12): loss = 1.1501 avg = 1.4668
  seed:  free descent.

  gen:   free descent.

NORTHUMBERLAND:
No your son, then, how to deed and fall liet
Younce that know's curse father, and my

Step 105600/214000 (epoch 12): loss = 1.4528 avg = 1.4716
  seed:  lord, that we a
  gen:   lord, that we are your their heaven:
Eat that though weaks it with was why daughts.

LORD WILLOUGHBY:
Believed of a

Step 105650/214000 (epoch 12): loss = 1.6621 avg = 1.4972
  seed: lf and vain conc
  gen:  lf and vain conclubant as barm'd fall do sovereide
With heads have ishonours eated be hates,
That they an opent thro

Step 105700/214000 (epoch 12): loss = 1.6545 avg = 1.4832
  seed: ter, God omnipot
  gen:  ter, God omnipothed.

MORKsue our sorrown this of uncles, and comperclaims
The prince ofters against in a bunster--

Step 105750/214000 (epoch 12): loss = 1.5399 avg = 1.4654
  seed: gether wanting,
  gen:  gether wanting,
A be king of as this land for Capitong?
My word from his and rearbads for a plauds.

KING RICHARD II

Step 105800/214000 (epoch 12): loss = 1.2213 avg = 1.4804
  seed: e that day.

LOR
  gen:  e that day.

LORDENNEN:
To lance, Reposed thou raint to offence with borns
Harry, well, no truck a life smallingbad,

Step 105850/214000 (epoch 12): loss = 1.2592 avg = 1.4871
  seed: er?

DUKE OF YOR
  gen:  er?

DUKE OF YORK:
Aliff'd hour bride and unto the commone;
And you to serve those eye indubty melish.
My husbant th

Step 105900/214000 (epoch 12): loss = 1.1578 avg = 1.4456
  seed: our sights.

HEN
  gen:  our sights.

HENRY BOLINGBROKE:
Ay, may hath not stend to shall sit free are:
A good, all these no the states do min

Step 105950/214000 (epoch 12): loss = 1.6490 avg = 1.4654
  seed:  looks of young 
  gen:   looks of young love to king his to me
That is the heart the bearts with hereing doth the good my place
For one make

Step 106000/214000 (epoch 12): loss = 0.9803 avg = 1.4219
  seed: UKE OF AUMERLE:
  gen:  UKE OF AUMERLE:
I moth we the know have like and dost looks
In the comfort so let must port the cits,
As done, of wi

Step 106050/214000 (epoch 12): loss = 1.3267 avg = 1.4196
  seed: iend, and will r
  gen:  iend, and will rear, we done your croat,
That and doubfriedly fault the from thee.

Give the so, dead: a shall let d

Step 106100/214000 (epoch 12): loss = 1.6162 avg = 1.4652
  seed: t, well I wot.

  gen:  t, well I wot.

HENRY BOLINGBROKE:
My lord, God thouse year entertains,
When hath take this nis brook to belights.


Step 106150/214000 (epoch 12): loss = 1.4914 avg = 1.4888
  seed: iss'd him in sco
  gen:  iss'd him in scounter myself my hath crown
Bear, and men of to wrong of all: but thy sits Verwar.

GREGORY:
They fro

Step 106200/214000 (epoch 12): loss = 1.4428 avg = 1.5168
  seed:  mothers made.

  gen:   mothers made.

SOMN Sord, if his long!

SOMYONO:
They do is will in the field those is shall both.

NORTZELYOND:
Wh

Step 106250/214000 (epoch 12): loss = 1.4131 avg = 1.5661
  seed: y fool, it stint
  gen:  y fool, it stint fehels, whose thought with seal;
Sir law of the four her have to make you or cousin!

I'll we with 

Step 106300/214000 (epoch 12): loss = 1.6721 avg = 1.5928
  seed: 's nose,
And the
  gen:  's nose,
And the the in heaven seats great is the servance.

Servani me it's my ladies, our light with more of mun.

Step 106350/214000 (epoch 12): loss = 1.3907 avg = 1.5967
  seed: prayers' sake.

  gen:  prayers' sake.

ROMEO:
Thou be hind with whole been heirty!
Reco:
The stanger glow do you lamond with foul me
Should

Step 106400/214000 (epoch 12): loss = 1.4234 avg = 1.5760
  seed: etain that dear 
  gen:  etain that dear of cure.
A he never when there brant his sight:
Nor of this sue shall be seet in this set
And be a f

Step 106450/214000 (epoch 12): loss = 1.2816 avg = 1.5250
  seed: s it back again,
  gen:  s it back again,
At clock thou have stant, 'tis fair I'll:
If I they say not I no when burse, the enough'd cannot, b

Step 106500/214000 (epoch 12): loss = 1.7095 avg = 1.5574
  seed: e, that we shoul
  gen:  e, that we should perful must,
And know the love this names it did he were,
Hath consent countentle the ext thou the

Step 106550/214000 (epoch 12): loss = 1.3602 avg = 1.5564
  seed: Be shrived and m
  gen:  Be shrived and my deeding and as a king:
More a thy dear my hand part peace ale good a shall,
I am frieldest a sea, 

Step 106600/214000 (epoch 12): loss = 1.5435 avg = 1.5467
  seed: sure of thy joy
  gen:  sure of thy joy
To having the pents the divider.

Nurse:
I didst not a will of true have serve
In come of me be scar

Step 106650/214000 (epoch 12): loss = 1.7815 avg = 1.5400
  seed: EO:
Alive, in tr
  gen:  EO:
Alive, in trutan, that but a crack, and it dencur of our
ase, and that and all; I'll care, what like
beting me o

Step 106700/214000 (epoch 12): loss = 1.2608 avg = 1.5447
  seed: n!
That ever I s
  gen:  n!
That ever I should upon in what than the speet.

DUCHESS OF AUMERLANUS:
This it our grief-housant well; Romeo, a 

Step 106750/214000 (epoch 12): loss = 1.8309 avg = 1.5347
  seed: less philosophy 
  gen:  less philosophy part
Tall boned mone of Romeo's so, to much an my
To tear that made is a my cold the slain'd.

MERCU

Step 106800/214000 (epoch 12): loss = 1.6518 avg = 1.5345
  seed: e earl.
Will you
  gen:  e earl.
Will you have a happy sconst no sart for his broke?
O good, I am our will ble slew'st hand;
Upon At a meetis

Step 106850/214000 (epoch 12): loss = 1.6520 avg = 1.4950
  seed: ds.

CAPULET:
Wh
  gen:  ds.

CAPULET:
Why, hea, thou weep still I death than the verzed,
Now lady, the loss hell to shest hath were thou art

Step 106900/214000 (epoch 12): loss = 1.1243 avg = 1.4871
  seed: ke confession to
  gen:  ke confession to with in a that
with you follow bound not canst lives that lord.

MERCUTIO:
He a words you, fool! ho

Step 106950/214000 (epoch 12): loss = 1.3229 avg = 1.4835
  seed: ch needful ornam
  gen:  ch needful ornament;
For she the greop fresheds this be die.

JULIET:
Aday, affecting to him friends bed do strength

Step 107000/214000 (epoch 12): loss = 1.8882 avg = 1.4896
  seed: th lain with thy
  gen:  th lain with thy head,
That I cannot face, and paush the lie,
And plates in her be so accase from .
I had unpronor e

Step 107050/214000 (epoch 12): loss = 1.7967 avg = 1.5235
  seed: art swift
To ent
  gen:  art swift
To entread, I should a face is womb!

HENRomeo's ling, and these in sends thee confecter:
These furn relig

Step 107100/214000 (epoch 12): loss = 1.3069 avg = 1.5383
  seed: y: O, be gone!
B
  gen:  y: O, be gone!
But fortune of couse reca seek at much nurse:
Do, he it me to the Purishall sar,
And thou thee still 

Step 107150/214000 (epoch 12): loss = 1.5308 avg = 1.5283
  seed:  dead men's tomb
  gen:   dead men's tomb.

JULIET:
Cy food spirate my proccus hath thou we'll:
I be doth rongue marry here unnight,
I mad so

Step 107200/214000 (epoch 12): loss = 1.4439 avg = 1.4997
  seed:  he that flies s
  gen:   he that flies same in this matto-:
So with make is freel and from there there
His lady worns this fall madam woes d

Step 107250/214000 (epoch 12): loss = 1.5689 avg = 1.4486
  seed: , be thy title r
  gen:  , be thy title rase down his me
Shall husbant lies not I could I have thee procry land
To of he scure in his frown t

Step 107300/214000 (epoch 12): loss = 1.3846 avg = 1.4072
  seed: tly reign.

EDWA
  gen:  tly reign.

EDWARD:
It, and in thy call all of did see thee;
But them hold grace thy prince sill keeping.

KING HENR

Step 107350/214000 (epoch 12): loss = 1.4644 avg = 1.4436
  seed: orthumberland,
I
  gen:  orthumberland,
I dars and all ready more the was good the may of me:
And I too thee father can is believed,
In thy v

Step 107400/214000 (epoch 12): loss = 1.5523 avg = 1.4961
  seed: ill shed fast-fa
  gen:  ill shed fast-father bid.

YORK:
And he her one thee is proud to me to this do word,
No yet the morth: whilst those 

Step 107450/214000 (epoch 12): loss = 1.7280 avg = 1.5064
  seed: To dash our late
  gen:  To dash our lates.
The look this shall a world clament, what I will the Lancaster.
DowARD LAURENCE:
Why costly lords

Step 107500/214000 (epoch 12): loss = 1.5029 avg = 1.4967
  seed: r hear
That thin
  gen:  r hear
That think heart for he's happy sister'd:
But the not such atter to thy men glorise.
First of my follows hecr

Step 107550/214000 (epoch 12): loss = 1.4039 avg = 1.4540
  seed: words will cost 
  gen:  words will cost griet
And the despiring reventy the merrikely thus:
And long an then say swords in thou, wear the sp

Step 107600/214000 (epoch 12): loss = 1.2635 avg = 1.4767
  seed: 
My tears shall 
  gen:  
My tears shall than the words, as pointed my father
And so be the could in thy blood his main,
Have I am tongue dan

Step 107650/214000 (epoch 12): loss = 1.4694 avg = 1.4820
  seed: would avoid such
  gen:  would avoid such thy fly.
Now was I should be was thee, where I sins.

CLIET:
Ay, whence, with there did grenow beha

Step 107700/214000 (epoch 12): loss = 1.4833 avg = 1.4619
  seed: with my wind whe
  gen:  with my wind where the beast stonguest,
To ironil were Rurther brother, him I will known,
To stople, and in a quickl

Step 107750/214000 (epoch 12): loss = 1.4762 avg = 1.3730
  seed: and me--
The lus
  gen:  and me--
The lustontens doom my loving swoman;
Your be this father regrows is a supptinion,
As from this man sight a

Step 107800/214000 (epoch 12): loss = 1.1035 avg = 1.4194
  seed: ime suppresseth 
  gen:  ime suppresseth mad with you dears;
That me the duke in the brink it with crown:
But I ereland's plaims from so be d

Step 107850/214000 (epoch 12): loss = 1.3772 avg = 1.4163
  seed: owned prince, ho
  gen:  owned prince, how my steel thee the noth;
And grows seem has heard the early deft.

KING LEWIS XI:
That has till be 

Step 107900/214000 (epoch 12): loss = 1.3178 avg = 1.3830
  seed: or hatred at my 
  gen:  or hatred at my friend.

QUEEN MARGARET:
Dithink, and stand dash crown the Duke oone
But with her band Nortune the s

Step 107950/214000 (epoch 12): loss = 1.4873 avg = 1.3900
  seed: or how to be con
  gen:  or how to be content,
On shall King Warwick. You speaks a fraisence to his have holy,
To give brother can high love 

Step 108000/214000 (epoch 12): loss = 1.6097 avg = 1.3937
  seed:  you both protec
  gen:   you both protech asted me meants.

KING EDWARD IV:
Ay, slays hath the lieute hinded letter.

KING EDWARD IV:
But th

Step 108050/214000 (epoch 12): loss = 1.7895 avg = 1.3856
  seed: he Fourth, by th
  gen:  he Fourth, by the neying.

KING EDWARD IV:
That I drawful banish'd and hence and the hard.

KING EDWARD IV:
Ay, for 

Step 108100/214000 (epoch 12): loss = 1.5967 avg = 1.4006
  seed: he time; kneel d
  gen:  he time; kneel die should or be this which,
As atters, and where out hears of you.

Second Messerous saintain? and t

Step 108150/214000 (epoch 12): loss = 1.2475 avg = 1.4150
  seed: will be full as 
  gen:  will be full as you want,
Whilessech your country, by shall be good moude.

KING HENRY VI:
My pows, give is was will

Step 108200/214000 (epoch 12): loss = 1.0701 avg = 1.4263
  seed: for twitting me 
  gen:  for twitting me the lack;
Whils is traightle grain. Warwick?

KING EDWARD IV:
And will both with he the she true his

Step 108250/214000 (epoch 12): loss = 1.5806 avg = 1.4490
  seed: ds call divine,
  gen:  ds call divine,
And I say head, from the bear thanicer.

KING HENRY VI:
Thou goldness head thou be her than shall'd.

Step 108300/214000 (epoch 12): loss = 1.3870 avg = 1.4992
  seed: he longs to see 
  gen:  he longs to see points,
And woo change
The die not the of part I dear for and taury.

Is that 'smoed the last greate

Step 108350/214000 (epoch 12): loss = 1.5367 avg = 1.5438
  seed:  yours i' the ga
  gen:   yours i' the gater such leans!
What go not heir worn: tell me us fear
He wast one, hearing the heaven.

CAMILLO:
Bu

Step 108400/214000 (epoch 12): loss = 1.7857 avg = 1.5735
  seed: ner form
Have be
  gen:  ner form
Have bed seementains in the finds the cours!

LEONTES:
Ay, I see sparisent hones! is enster thou so full al

Step 108450/214000 (epoch 12): loss = 1.7663 avg = 1.5495
  seed: s are ready and
  gen:  s are ready and
To think and the grace doth to so not
Which the cambires she get
I see thought o' liketer? I serranc

Step 108500/214000 (epoch 12): loss = 1.4975 avg = 1.5489
  seed:  Beseech your hi
  gen:   Beseech your highnes son, stay in here a pronouls forwickse it
Has she's base an which your poison; By sprincets wi

Step 108550/214000 (epoch 12): loss = 1.4277 avg = 1.5405
  seed: oler:
Madam, if'
  gen:  oler:
Madam, if'd I am for her; now my fear I poor creed:
I serve to the berust for mine to the hund,
To the down--o

Step 108600/214000 (epoch 12): loss = 1.5608 avg = 1.5202
  seed: llegiance,
Out o
  gen:  llegiance,
Out of mut to commit too pritone call him,
That give rest course,
Who was your sould compation her but as

Step 108650/214000 (epoch 12): loss = 1.5627 avg = 1.5335
  seed: e, here standing
  gen:  e, here standing
The cust of the better crant the little with here in thy signout
That incour such your upon were th

Step 108700/214000 (epoch 12): loss = 1.6722 avg = 1.5338
  seed: Polixenes,'twas 
  gen:  Polixenes,'twas the which
Tell's the moot predit bloods: as yet their prople
Officely follow of with all be in goint

Step 108750/214000 (epoch 12): loss = 1.8463 avg = 1.5673
  seed: a!

Clown:
Hillo
  gen:  a!

Clown:
Hillo, what hald, as I knees with them
She in a in the sar on their death, now I men post
I, tide true as

Step 108800/214000 (epoch 12): loss = 1.5289 avg = 1.5813
  seed:  thought to begi
  gen:   thought to beginst
Is billing to known from thing it prithee?

Shephort hasting likes like it, every heart friends,

Step 108850/214000 (epoch 12): loss = 1.7821 avg = 1.6104
  seed: elf,
The graciou
  gen:  elf,
The graciound for there's face and of my gave, speak of your have must: if your borious to the flarest.

Fitize

Step 108900/214000 (epoch 12): loss = 1.4141 avg = 1.6117
  seed: om I might fear,
  gen:  om I might fear, madam,
The garder sclike white.

PERDITA:
They shall patience these be of a sprison,
With all so ha

Step 108950/214000 (epoch 12): loss = 1.5031 avg = 1.6242
  seed: t, I can tell yo
  gen:  t, I can tell you much they strike.

Clown:
Out not o' the be them dost be are our victed
I bawnded her shall no eou

Step 109000/214000 (epoch 12): loss = 1.6296 avg = 1.5710
  seed: auty scratch'd w
  gen:  auty scratch'd whites
the was base speak.

Servant:
Your fair is, would where some too this newn the soul
them the d

Step 109050/214000 (epoch 12): loss = 1.3042 avg = 1.5293
  seed: , I'll write you
  gen:  , I'll write yours.

Shepherd:
And not my wife,
Shear which him: fast the has think shepared'st
my brife him dispare

Step 109100/214000 (epoch 12): loss = 1.5565 avg = 1.5351
  seed:  king all, every
  gen:   king all, every work us a benter,--
Had, new shall be'll be spite with you ome
a king-parent, yetter'd June the bea

Step 109150/214000 (epoch 12): loss = 1.4711 avg = 1.5201
  seed: o the king conce
  gen:  o the king concel!

But since unguise enough in him: his and a very being
bury commannes and the us one she minife m

Step 109200/214000 (epoch 12): loss = 1.6293 avg = 1.5169
  seed: peak of somethin
  gen:  peak of something this sights,---
But now prosent, the will bedy made and heaven,
He King He seek when from his but 

Step 109250/214000 (epoch 12): loss = 1.5257 avg = 1.5094
  seed: d Gentleman:
Mos
  gen:  d Gentleman:
Most him who great your of his piers up;
Themionound well had neverher, that is opine our heard
That he

Step 109300/214000 (epoch 12): loss = 1.4917 avg = 1.5035
  seed: t not swear it.
  gen:  t not swear it.

AUTOLYCUS:
He speed:
I have mone,
Where need-feares of my her, which they sorrow, can are
ding then

Step 109350/214000 (epoch 12): loss = 1.6365 avg = 1.4907
  seed: ears she lives,
  gen:  ears she lives,
The would not see pain; two iat he woulded year
And make my smaste of the earth, she world frait
The

Step 109400/214000 (epoch 12): loss = 1.4036 avg = 1.4964
  seed: an:
What, in met
  gen:  an:
What, in metion be so foul seise and to the great
What some the to much me as a sing
With the poison? what you d

Step 109450/214000 (epoch 12): loss = 1.6707 avg = 1.4993
  seed:  and, for a name
  gen:   and, for a names very the power: who madle woman,
Look thrumber all steal out thy life to
pollo not friend, as I th

Step 109500/214000 (epoch 12): loss = 1.7204 avg = 1.5163
  seed: But doth rebate 
  gen:  But doth rebate who speak of conster.
Is never should duke a question.

LUCIO:
I say, my seems of bear me, sir, ther

Step 109550/214000 (epoch 12): loss = 1.2905 avg = 1.5080
  seed:  is true.

POMPE
  gen:   is true.

POMPEY:
Ay, what my but I cannot a sween may, what, or star,
Pray. And the leaves him; in themsh'd and se

Step 109600/214000 (epoch 12): loss = 1.2457 avg = 1.4741
  seed: in the office, y
  gen:  in the office, you art I am in his
sous of you, that he spitest
good you leave it. O, let the not toarfice not a not

Step 109650/214000 (epoch 12): loss = 1.8034 avg = 1.4634
  seed: k
Than the soft 
  gen:  k
Than the soft wormine, the contant a senselves:
And more the monst him an his fair wast do not be
Dore of you fath

Step 109700/214000 (epoch 12): loss = 1.1736 avg = 1.4652
  seed: LA:
I am come to
  gen:  LA:
I am come to him that with is the down to bent.

ISABELLA:
My lord; it they took of what majesty:
Come, but it s

Step 109750/214000 (epoch 12): loss = 1.6711 avg = 1.4563
  seed: same tongue,
Eit
  gen:  same tongue,
Either as peril a call of age,
Thousage a die may hoon: that you commendes the purpose
As the in beging

Step 109800/214000 (epoch 12): loss = 1.5864 avg = 1.4744
  seed: e viewless winds
  gen:  e viewless winds if merts
That thou dester change loing request what yet
Unforthere's hangent him a she dead. Sir, i

Step 109850/214000 (epoch 12): loss = 1.5797 avg = 1.4778
  seed:  the corrupt dep
  gen:   the corrupt depulle to the bates to good?

ANGELO:
Andeater it spared of a worlds.

DUKE VINCENTIO:
The hath come t

Step 109900/214000 (epoch 12): loss = 1.2762 avg = 1.4902
  seed: O, sir, you are 
  gen:  O, sir, you are mutted me will at speech of
makes life to from a found the thee seats and
the father said your compe

Step 109950/214000 (epoch 12): loss = 1.6473 avg = 1.4683
  seed: Peace be with yo
  gen:  Peace be with you so contagued: and
trice he a made and thee. If thing enceive.

LUCIO:
A might beging aboarfection 

Step 110000/214000 (epoch 12): loss = 1.3084 avg = 1.4725
  seed: ome on, bawd; I 
  gen:  ome on, bawd; I am
all and him an imprison, a thing my that a from prove im
Commen any him all pardon him were with 

Step 110050/214000 (epoch 12): loss = 1.7393 avg = 1.4466
  seed: , the unfolding 
  gen:  , the unfolding to sing. What provost:
Have you are absequest be to doones eyestated,
stanting such should of truth;

Step 110100/214000 (epoch 12): loss = 1.2901 avg = 1.4433
  seed: d path that I wo
  gen:  d path that I would
Both I crost, hath for sun highness mine.

Provost:
Say
Married the banish'd body a.

DUKE VINCE

Step 110150/214000 (epoch 12): loss = 1.4271 avg = 1.4516
  seed:  by whom? be bri
  gen:   by whom? be bring to daughter hoh,
predit not penit sue we to be all this enrow;
And letter to cave to me, who
done

Step 110200/214000 (epoch 12): loss = 1.5939 avg = 1.4439
  seed: h his oath
And a
  gen:  h his oath
And as brother for the truth a father! I
DUKE VINCENTIO:
Prit I should dispains the shame your gentleman

Step 110250/214000 (epoch 12): loss = 1.1197 avg = 1.4131
  seed:  the villain's m
  gen:   the villain's month; a poor any in his
Doth master is incaped of any membrace,
And think it is prison him saway.

L

Step 110300/214000 (epoch 12): loss = 1.3308 avg = 1.4149
  seed: Isabel, will you
  gen:  Isabel, will you some as life,
And pronour to lord, here both aspease.
That I, with prison! Good with the ways,
But 

Step 110350/214000 (epoch 12): loss = 1.7499 avg = 1.4643
  seed: ce
Say 'What is 
  gen:  ce
Say 'What is proclow slower when intented.

ANGELO:
Masse vaunty thee.

ESCALUS:
I speak, not you him stand time 

Step 110400/214000 (epoch 12): loss = 1.5917 avg = 1.5217
  seed: e Io as she was 
  gen:  e Io as she was as thee playerfor:
By the behalf make of thee honour hear our act if
it the but far than nark'd say 

Step 110450/214000 (epoch 12): loss = 1.6292 avg = 1.5503
  seed: t these mates?

  gen:  t these mates?

First Plave a he crave some belike him.

ANGELO:
Ay, that you call your from the indeeds of you have

Step 110500/214000 (epoch 12): loss = 1.4608 avg = 1.5389
  seed: d ply his book, 
  gen:  d ply his book, as you that I
sague will of France is with a morse and to her!

LUCENTIO:
I have me as it the her le

Step 110550/214000 (epoch 12): loss = 1.4614 avg = 1.5491
  seed: es withal.

HORT
  gen:  es withal.

HORTENSIO:
Gram, my grace you thoughtis the as myself
To soul there.

DUKE VINCENTIO:
Dellow you me hand

Step 110600/214000 (epoch 12): loss = 1.2799 avg = 1.5260
  seed: to--

TRANIO:
Pe
  gen:  to--

TRANIO:
Pearina, lord, I think in
ONTES:
I knel takes a quit it place should two me?

GREMIO:
I am hollows, an

Step 110650/214000 (epoch 12): loss = 2.0430 avg = 1.4847
  seed: o you than
any, 
  gen:  o you than
any, Lord Baptista, I that you faults!

LUCENTIO:
Her be Anow I shall I am beauty a conserve
And before, 

Step 110700/214000 (epoch 12): loss = 1.6574 avg = 1.4746
  seed: he fool could fi
  gen:  he fool could fight.

GREMIO:
I can and sintand love, for this she was the
King them in you leave you with him:
That

Step 110750/214000 (epoch 12): loss = 1.9474 avg = 1.4700
  seed: rnished with pla
  gen:  rnished with plants wind on Kate.

PETRUCHIO:
And for so let why well the tell not strike?

KATHARINA:
Why, I am we 

Step 110800/214000 (epoch 12): loss = 1.2868 avg = 1.5265
  seed: stress, then I h
  gen:  stress, then I have may father oa both.

PETRUCHIO:
If subbant, I knews much cat my father
To crest; and I would you

Step 110850/214000 (epoch 12): loss = 1.7384 avg = 1.5299
  seed: And watch our va
  gen:  And watch our vant:
To tellows to more of a sists for Angellost.

PETRUCHIO:
O house the father.

BAPTISTA:
What it 

Step 110900/214000 (epoch 12): loss = 1.5348 avg = 1.5225
  seed: lt thou make a
f
  gen:  lt thou make a
fairife to mistress one and you for be how to you content
In he-ther his not was the dabid for my req

Step 110950/214000 (epoch 12): loss = 1.4127 avg = 1.5425
  seed:  bring thee to t
  gen:   bring thee to this sawning?

CURTIS:
Where and those stay: you water-and let so let atter?

GRUMIO:
I prief. Yet ne

Step 111000/214000 (epoch 12): loss = 1.2946 avg = 1.5029
  seed:  you undertake,
  gen:   you undertake,
As and fext that to me to bears:
Mistress to stay was young and can out;
Which he that Jodal, and un

Step 111050/214000 (epoch 12): loss = 1.3757 avg = 1.5074
  seed:  confess the cap
  gen:   confess the cape,
And way the beauty him, to deed but instruch
be the pricking many else said you dishore,
And gone

Step 111100/214000 (epoch 13): loss = 1.6570 avg = 1.4991
  seed: repetition.
What
  gen:  repetition.
What till no me home with touch a pail of throat as life,
And now you the with mistress spirit,
And give

Step 111150/214000 (epoch 13): loss = 2.1304 avg = 1.5189
  seed: crease his evil.
  gen:  crease his evil.

BIAOT:
I to rains worse good hell not be that the what I'll the knees
topen thee whole such the sw

Step 111200/214000 (epoch 13): loss = 1.4369 avg = 1.5330
  seed: ome parcels of t
  gen:  ome parcels of the gods
Sine is a fares vented to the hunder for else
They son the wars the deservaires is his arms

Step 111250/214000 (epoch 13): loss = 1.4162 avg = 1.5316
  seed: s he within your
  gen:  s he within your chang a world with him
the ror your main eyes.

VOLUMNIA:
Ve's that me, madam, you have not so my f

Step 111300/214000 (epoch 13): loss = 1.4796 avg = 1.5416
  seed: battle? know you
  gen:  battle? know you were, you are true,
Where he of fool this out.

MARCIUS:
What would to our service, and know the ow

Step 111350/214000 (epoch 13): loss = 1.5300 avg = 1.5352
  seed: .

CORIOLANUS:
T
  gen:  .

CORIOLANUS:
The shall not strang thanks, if the make to my crawn
To trust, and thy follower the father.

VOLUMNIA

Step 111400/214000 (epoch 13): loss = 1.9927 avg = 1.5578
  seed: le a grave as to
  gen:  le a grave as to Caiuse and good daught.

CORIOLANUS:
Here be yet the will unoric soled the parlinger,
I beefugmer b

Step 111450/214000 (epoch 13): loss = 1.3766 avg = 1.5613
  seed: urs, which
That 
  gen:  urs, which
That your out where then of the roota's hand a worthing,
And she common the but neck, strate lood
And yes

Step 111500/214000 (epoch 13): loss = 1.9268 avg = 1.5333
  seed:  saw him fight,
  gen:   saw him fight,
So me word too more that nick
Troct their to our gaught within a condant:
He comperate carry.

BRUTU

Step 111550/214000 (epoch 13): loss = 1.2220 avg = 1.5153
  seed: cause, air, of m
  gen:  cause, air, of my pleast be upon the ritler of them,
The would spirits it do read a persluck, home his sever
as do t

Step 111600/214000 (epoch 13): loss = 1.5862 avg = 1.4692
  seed: er
And pass'd hi
  gen:  er
And pass'd him take it.

First Senator:
And could your should have not so his but place,
Than if your than and st

Step 111650/214000 (epoch 13): loss = 1.5235 avg = 1.4474
  seed:  many, let them
  gen:   many, let them
Your house thield the done and the voices to cannot you
old wife at that a fase all enough the ladie

Step 111700/214000 (epoch 13): loss = 1.3147 avg = 1.4668
  seed: s is the way to 
  gen:  s is the way to pering,
To leave your have hence, call his poit,
Be beseech, but she which their
Most make perceive 

Step 111750/214000 (epoch 13): loss = 1.3345 avg = 1.4513
  seed: nknown to the be
  gen:  nknown to the bened, it was that he gives eased
and take speak them.

HOMENENIUS:
You have to their wounder in out t

Step 111800/214000 (epoch 13): loss = 1.5511 avg = 1.4523
  seed: teach my mind
A 
  gen:  teach my mind
A go, let anst by your heard forth my stomany are
all their with all, my thy crown, and fray,
The prin

Step 111850/214000 (epoch 13): loss = 1.2434 avg = 1.4302
  seed: ; no more hearin
  gen:  ; no more hearing the puousition
Thy so him must freel on partry them premess
That the come, but him any you more va

Step 111900/214000 (epoch 13): loss = 1.2137 avg = 1.4371
  seed: S:
Well, well, w
  gen:  S:
Well, well, what the had who bease we way would
In 'twere marked and give
At sca bree-head his words them
Withnew

Step 111950/214000 (epoch 13): loss = 1.3329 avg = 1.4226
  seed: g the lords with
  gen:  g the lords with this attertains
he should Many tear, stay that return, with
And the dispresserve them an this ribun

Step 112000/214000 (epoch 13): loss = 1.3098 avg = 1.4363
  seed: on ado.

Second 
  gen:  on ado.

Second Serving:
A he is all, sir, country time trading in my
My name to more. Have I am as that all the kno

Step 112050/214000 (epoch 13): loss = 1.4592 avg = 1.4452
  seed: s? what news?

C
  gen:  s? what news?

CORIOLANUS:
May so expries!
Nay, in
me with the both.

But a fit to more forbeal!

MENENIUS:
I have t

Step 112100/214000 (epoch 13): loss = 1.3825 avg = 1.4600
  seed: hen, Caius, Rome
  gen:  hen, Caius, Rome or in his den here he ship
Come them did master of Tuch is deates,
That I am even shamed of the sen

Step 112150/214000 (epoch 13): loss = 0.9843 avg = 1.4398
  seed: st of your havin
  gen:  st of your havintory are on men, be he patient,
Resue and the noble sure, and with upon a pale,
To do your hege'er t

Step 112200/214000 (epoch 13): loss = 1.4120 avg = 1.4772
  seed: em unnatural: de
  gen:  em unnatural: denies for again.
My the honour forthis people, let you be a soan:
You a topinion men from soldier, yo

Step 112250/214000 (epoch 13): loss = 1.2532 avg = 1.4864
  seed:  than a
creeping
  gen:   than a
creeping our all: but his changes
Abour have nost black the understines in ass fuct
I' my grow alsk'd, and t

Step 112300/214000 (epoch 13): loss = 1.4499 avg = 1.4816
  seed: our great comman
  gen:  our great comman;
And to coppluck let child to stay has no his
sworn with worse power of the perisal:
What is he to 

Step 112350/214000 (epoch 13): loss = 1.9181 avg = 1.5226
  seed: the letter G.
An
  gen:  the letter G.
And and for the pasters, tawn revaided the pail
The gues from the will: I did that him to
The truth a 

Step 112400/214000 (epoch 13): loss = 1.6435 avg = 1.5125
  seed: NNE:
What black 
  gen:  NNE:
What black our kill and of the groughts and where do with
That down that I my lord the sunder of his
I' the min

Step 112450/214000 (epoch 13): loss = 1.6326 avg = 1.4614
  seed: moan that Rutlan
  gen:  moan that Rutlant for make thee.

BRhALANE:
O know then a foot the forship gabout the wentled
The uncondectior of yo

Step 112500/214000 (epoch 13): loss = 1.3432 avg = 1.4632
  seed: ent, lords?

BUC
  gen:  ent, lords?

BUCKINGENVEN:
Have pregine the Duke it enforcementy.

GLOUCESTER:
Black, have take, sensenger born'd yo

Step 112550/214000 (epoch 13): loss = 1.3023 avg = 1.4476
  seed: banished on pain
  gen:  banished on pain,
Which your from his hour wife, sorrow she
Of on his know! whils that so less in him;
A in done tha

Step 112600/214000 (epoch 13): loss = 1.2382 avg = 1.4528
  seed: d.

QUEEN MARGAR
  gen:  d.

QUEEN MARGARET:
Didal'd thee: and was good and supposes;
Against, our sun take an thou your dreed fral can a del

Step 112650/214000 (epoch 13): loss = 1.6513 avg = 1.4861
  seed: ide night.
Princ
  gen:  ide night.
Prince of the peason can thy common devil?

LADY ANNE:
Your cannot brave the durst be for Tell'd.

CLAREN

Step 112700/214000 (epoch 13): loss = 1.4463 avg = 1.4439
  seed: the quarrel from
  gen:  the quarrel from me, with him not being death, how heart
To alonged me every at king on then no,
Thoughbols their fu

Step 112750/214000 (epoch 13): loss = 1.6791 avg = 1.4293
  seed: me;
Dukes, earls
  gen:  me;
Dukes, earls every strant light that death?
Untal, by death exterments, noble to heaven.

CLARENCE:
So more, tho

Step 112800/214000 (epoch 13): loss = 1.4901 avg = 1.4368
  seed: r likewise be un
  gen:  r likewise be unliver received with ours?

DUCHESS OF YORK:
But what, and my back water me bed?

God now how my soul

Step 112850/214000 (epoch 13): loss = 1.7327 avg = 1.4337
  seed: s minds mistrust
  gen:  s minds mistrust the must the say.

QUEEN ELIZABETH:
If, in this made I will doth well come
His nor that I king mook

Step 112900/214000 (epoch 13): loss = 1.3768 avg = 1.4159
  seed: ho have the wit 
  gen:  ho have the wit heavens
To the dever father not weed you deling of they
some us all the peace of they obbrow
Which t

Step 112950/214000 (epoch 13): loss = 1.1604 avg = 1.3848
  seed: he more.

BUCKIN
  gen:  he more.

BUCKINGHAM:
You say we with my grace.

GLOUCESTER:
I love, my gods for eyes to you are of forget
That as h

Step 113000/214000 (epoch 13): loss = 1.0599 avg = 1.3740
  seed: r lordship thenc
  gen:  r lordship thence wear this.
I look the queen should to the I am in thy king,
Heap I'll he lordshould for the now,
T

Step 113050/214000 (epoch 13): loss = 1.4893 avg = 1.3914
  seed: nd!
I prophesy t
  gen:  nd!
I prophesy that the is be so the pause;
But I am with a live excet of Pomfrence,
And Cates heaven, he duke in pl

Step 113100/214000 (epoch 13): loss = 1.5218 avg = 1.4226
  seed: nfer your lineam
  gen:  nfer your lineam,
That is his prive and endwitle of this about
Curences save the hatred it back, not, Catesby.

Pile

Step 113150/214000 (epoch 13): loss = 1.6540 avg = 1.4378
  seed: tively thus I an
  gen:  tively thus I any your good for me.

BUCKINGHAM:
Arender.

BUCKINGHAM:
Then in the other, gates I humy soptictors!


Step 113200/214000 (epoch 13): loss = 1.5277 avg = 1.4225
  seed: nd live with Ric
  gen:  nd live with Richard,
And titler for the me to your lord and thee.

BRAKET:
Then, and till entreation holy such thei

Step 113250/214000 (epoch 13): loss = 1.0954 avg = 1.4336
  seed: re but so: say i
  gen:  re but so: say is the reselves the into see
With I spirit of my fad by dubty oath,
So heart ze not him to my fame is

Step 113300/214000 (epoch 13): loss = 1.6917 avg = 1.4461
  seed: ouldst as well a
  gen:  ouldst as well appear in the Tower?

KING RICHARD III:
I see, like at in thy brooke to my brother,
Which your mother

Step 113350/214000 (epoch 13): loss = 1.4949 avg = 1.4417
  seed: so hasty? I have
  gen:  so hasty? I have thy luves inch,
That done tog citizens done my fatter is a dead?
Well, whether with my dead.

BUCKI

Step 113400/214000 (epoch 13): loss = 1.0935 avg = 1.3848
  seed: ss thou couldst 
  gen:  ss thou couldst a queen?

QUEEN ELIZABETH:
And doubt and for my both me hand, to did yours
And that a ear were as yo

Step 113450/214000 (epoch 13): loss = 1.4529 avg = 1.3752
  seed: not be avoided b
  gen:  not be avoided by thy want:
But your fair by the back of York and soul,
Be prophering make tale coming I say.

KING 

Step 113500/214000 (epoch 13): loss = 1.5048 avg = 1.3791
  seed: o Salisbury; the
  gen:  o Salisbury; there he the at royal they
To beter to the villainsmand world I am to the lighty to me
The come? York t

Step 113550/214000 (epoch 13): loss = 1.7317 avg = 1.4440
  seed:  blind cave of e
  gen:   blind cave of even them.

GLOUCESTER:
Come, what the perful not that we and of our to me?
When, thou at will have a

Step 113600/214000 (epoch 13): loss = 1.4068 avg = 1.4641
  seed: u sleep in peace
  gen:  u sleep in peace, and to my for your be,
For these is, after in oncemembreal die.

Shall theys rever blood defer to 

Step 113650/214000 (epoch 13): loss = 1.4401 avg = 1.4557
  seed: ness;
Until the 
  gen:  ness;
Until the good in a duce my tongue sea was like
And is every of with a rive did traid was;
For not airtue, on 

Step 113700/214000 (epoch 13): loss = 1.3529 avg = 1.4743
  seed: en, Harry, when?
  gen:  en, Harry, when?
So I know have the cleep theed he call of my
With hearts alacious to should heart?
In the to thy he

Step 113750/214000 (epoch 13): loss = 1.4830 avg = 1.4953
  seed: efend a knight s
  gen:  efend a knight shade;
And break those the affect sail Volscely;
One my dear plain, by forth sun nape:
I pear, thy me

Step 113800/214000 (epoch 13): loss = 1.4988 avg = 1.4863
  seed: e common air,
Ha
  gen:  e common air,
Had I truth dire to the virgree by than death;
Ere though man aways and lieger on with of the mine.

T

Step 113850/214000 (epoch 13): loss = 1.6672 avg = 1.4772
  seed: Y BOLINGBROKE:
O
  gen:  Y BOLINGBROKE:
O, counce this that of this greed to be not repain,
That on Richard death the sure rights encoffer
An

Step 113900/214000 (epoch 13): loss = 1.6648 avg = 1.5051
  seed: er reputation th
  gen:  er reputation thee,
Though sovereins slavis fit the plabours.

KING RICHARD II:
Then haste is will possicing sever s

Step 113950/214000 (epoch 13): loss = 1.6152 avg = 1.4890
  seed: rd live?
Was not
  gen:  rd live?
Was not woveren, that did the ampair:
You brother me not to be from they some me.

KING RICHARD II:
Thy don

Step 114000/214000 (epoch 13): loss = 1.4787 avg = 1.4996
  seed: r if it be, 'tis
  gen:  r if it be, 'tis burnce, or you, and kingdom'd the but vile.

LORD MARGROMARLARD the wing; broke my body,
Which live

Step 114050/214000 (epoch 13): loss = 1.2568 avg = 1.4942
  seed: Shall make their
  gen:  Shall make their kingdoman.

LORD Lords, if you, for danger, the puss far
Because of his brother's go live,
Their ki

Step 114100/214000 (epoch 13): loss = 1.3771 avg = 1.4524
  seed: right of that
We
  gen:  right of that
We scarce as my to dies his races of that is sun;
I noble fall to stand the pain the and me;
He common

Step 114150/214000 (epoch 13): loss = 1.3388 avg = 1.4656
  seed: g at themselves?
  gen:  g at themselves?

HENRY BOLINGBROKE:
I will is a great apprese. O, there care the worth the hadst thee.

HENRY BOLIN

Step 114200/214000 (epoch 13): loss = 1.4299 avg = 1.4883
  seed: fear oppresseth 
  gen:  fear oppresseth true humble well we grouns?
Who thou there to was cannot for the peed,
Which of this head I made tru

Step 114250/214000 (epoch 13): loss = 1.2205 avg = 1.4739
  seed: tures' grass wit
  gen:  tures' grass with is holy we the lies
With our gracious rethrough for the kingth
Metains men one that rune have eart

Step 114300/214000 (epoch 13): loss = 1.9986 avg = 1.4629
  seed: doth so
Against 
  gen:  doth so
Against my durse not his in scorry?
Away, and thou did thought stand made,
To urged hath kerre on his of her

Step 114350/214000 (epoch 13): loss = 1.3510 avg = 1.4700
  seed:  treacherous ear
  gen:   treacherous earth of you well
Than hath from my hour too upon hour long?

DUKE OF AUMERLE:
Sould soil's still not f

Step 114400/214000 (epoch 13): loss = 1.4846 avg = 1.4732
  seed: II:
My crown I a
  gen:  II:
My crown I am I kins, ends turn aid Bone.
Mercy very it? thour, of the love nothing a might.
But, sir, is God in

Step 114450/214000 (epoch 13): loss = 1.6582 avg = 1.4427
  seed: ament
To bury mi
  gen:  ament
To bury mind foul soul, restructive the more
And no sorrow the earth: there you seen
At me to come the king's 

Step 114500/214000 (epoch 13): loss = 1.7343 avg = 1.4643
  seed:  or with much mo
  gen:   or with much mohn the king.

KING RICHARD II:
Therefore the day bidd, by fair it widow,
May being the sand treason 

Step 114550/214000 (epoch 13): loss = 0.9315 avg = 1.4027
  seed: thy desire.

DUK
  gen:  thy desire.

DUKE OF ZABEPKENE:
What ear man with him the greath to did harder
A more be on the speak to man to deat

Step 114600/214000 (epoch 13): loss = 1.7687 avg = 1.4183
  seed: ome, little ones
  gen:  ome, little ones here?
What I know I not and seen me, there of trants
In would thousand to the pardow's kingly,
And 

Step 114650/214000 (epoch 13): loss = 1.4631 avg = 1.4592
  seed: htiest of thy gr
  gen:  htiest of thy grace
From as shall pardy conspy.

DUCHESS OF YORK:
No days here, the in the marl be fathers of streng

Step 114700/214000 (epoch 13): loss = 1.8281 avg = 1.4897
  seed: ons by my own,
T
  gen:  ons by my own,
Throught it the main the mocker spier of with well,
Or for the peoplains fire is a beent,
Stain as do

Step 114750/214000 (epoch 13): loss = 1.8645 avg = 1.5162
  seed: en well-apparell
  gen:  en well-apparellong'd, all it is in oults,
Not let sists shall so more in hrous overs;
And I'll presain is my to my 

Step 114800/214000 (epoch 13): loss = 1.4330 avg = 1.5593
  seed: 
An I might live
  gen:  
An I might live to him say hour.

BENVOLIO:
A me the stand, bring shally, and who her heavy?

Fair it the more you.

Step 114850/214000 (epoch 13): loss = 1.4791 avg = 1.5921
  seed:  bodes:
This is 
  gen:   bodes:
This is conjure of isfairs then when close.

MERCUTIO:
I liege, thou forget a stantidars bling.

MERCUTIO:
I

Step 114900/214000 (epoch 13): loss = 1.3625 avg = 1.5772
  seed: e is my foe's de
  gen:  e is my foe's death?
Pray's sclive boon; and boy my sour noughs
To praisel! But, now it with the slave live chaste
B

Step 114950/214000 (epoch 13): loss = 1.2705 avg = 1.5598
  seed: u not Romeo and 
  gen:  u not Romeo and me too son,
Beam cannot to so quint all a fair is fals
A he may truth the gentlemest.

TYBALT:
And, 

Step 115000/214000 (epoch 13): loss = 1.8262 avg = 1.5196
  seed: th day's path an
  gen:  th day's path ancely hit,
And I see back the change conficer treason,
To done of it not must contrious foun,
Holded 

Step 115050/214000 (epoch 13): loss = 1.6991 avg = 1.5674
  seed:  bon jour! there
  gen:   bon jour! there being her she solded
Incall stretuous doth face of the face!
Not be old-near! What not, thou live,

Step 115100/214000 (epoch 13): loss = 1.4530 avg = 1.5442
  seed: ,
Two may keep c
  gen:  ,
Two may keep care in a happ'd a be her well,
For if the far not what in the leave;
Ansided say; Jusic the break fa

Step 115150/214000 (epoch 13): loss = 1.5433 avg = 1.5386
  seed: O:
I pray thee, 
  gen:  O:
I pray thee, that that heaven!
For at thou argety give love the boung that;
And her an my accolunt not be strethi

Step 115200/214000 (epoch 13): loss = 1.2402 avg = 1.5224
  seed:  fortune's fool!
  gen:   fortune's fool!

ROMEO:
I mean, she dothal, and upon me;
For earth body thou art arm onder for a name:
Then as your

Step 115250/214000 (epoch 13): loss = 1.7362 avg = 1.5414
  seed: mb!
Despised sub
  gen:  mb!
Despised subjects your life away. Northuman!
The newhat stine a grace: the choose it help of should grie;
But yo

Step 115300/214000 (epoch 13): loss = 1.7217 avg = 1.5211
  seed: 
Arise; one knoc
  gen:  
Arise; one knock their poisest of on usain;
And the bratch as no leave lie your death:
As kind thou art exadlest an

Step 115350/214000 (epoch 13): loss = 1.3328 avg = 1.5253
  seed: od night.

JULIE
  gen:  od night.

JULIET:
By good great to Romeo, thou have his be exce:
By thee mourney--
And so shame, if Bouch on this h

Step 115400/214000 (epoch 13): loss = 1.3847 avg = 1.4925
  seed: 
I would the foo
  gen:  
I would the fool!

ROMEO:
It she had well thing for a rust.

ROMEO:
Marry not lady, what lives your crowns.

ROMEO:

Step 115450/214000 (epoch 13): loss = 1.2731 avg = 1.4694
  seed: 
PARIS:
Thy face
  gen:  
PARIS:
Thy face: War do do so wards a topperfore.

Nurse:
Now sick you will fessent hate speak marrunk;
Or be were 

Step 115500/214000 (epoch 13): loss = 1.4047 avg = 1.4704
  seed: ard girl is so r
  gen:  ard girl is so refition a blood,
Than pour, and set the wishe we shamber.

MUSTANurse:
Sir not the seem in that worl

Step 115550/214000 (epoch 13): loss = 1.4796 avg = 1.4842
  seed: amentable day, m
  gen:  amentable day, made she is so spart.

PARIS:

CAPULET:
Madam, I will to your would have is need, you done.

Nurse.


Step 115600/214000 (epoch 13): loss = 1.6656 avg = 1.5312
  seed: 
Whose sale is p
  gen:  
Whose sale is pleased; for this majesty I'll, wherefore the to strong look.

Nurse:
Then mourney weputation straito

Step 115650/214000 (epoch 13): loss = 1.5375 avg = 1.5305
  seed: aris should have
  gen:  aris should have thy be life?

PAPULET:
Where I will be murdy hours part:
Tell I say to soft pated. What such thee,

Step 115700/214000 (epoch 13): loss = 1.5902 avg = 1.5137
  seed: 
To press before
  gen:  
To press before not see must here.

JULIET:
Here that the too: I'shall fortune you
about in our easter to thy lie t

Step 115750/214000 (epoch 13): loss = 1.3368 avg = 1.4849
  seed:  me not, my lord
  gen:   me not, my lords of therey on,
The gave the sporting brings in the's for the discreence of woe
That houndred's shou

Step 115800/214000 (epoch 13): loss = 1.1587 avg = 1.4299
  seed: own to me and to
  gen:  own to me and to his plain thy to be my life.

BALTHARD:
My all he gone; for my lords, I thou father.

PRINCE:
Goors

Step 115850/214000 (epoch 13): loss = 1.8639 avg = 1.4052
  seed: nk
How sweet a t
  gen:  nk
How sweet a torchere and him with shall to be
To County that you sworn and debid unto thy me;
Therefors myst so? 

Step 115900/214000 (epoch 13): loss = 1.7939 avg = 1.4471
  seed: s do peck the fa
  gen:  s do peck the fairs,
That name to cloudy lord out and friend
Shrim sufference come.

FR CALIST:
Nay! and I load come

Step 115950/214000 (epoch 13): loss = 1.1956 avg = 1.4778
  seed: or my father's d
  gen:  or my father's drop my row,
As will prosps in the upon the flood,
The more to before by this such Lady:
Thus messed 

Step 116000/214000 (epoch 13): loss = 1.4872 avg = 1.4987
  seed: h a flail,
Fell 
  gen:  h a flail,
Fell the black afford a with his bant
Of their beaulty men's scards unto winl.

FRn, my death, the crown,

Step 116050/214000 (epoch 13): loss = 1.4224 avg = 1.4869
  seed:  dub him present
  gen:   dub him present;
The chide how cance, force to landay the joy.

NORTHUMBERLAND:
Hold needs his wounds banser set aw

Step 116100/214000 (epoch 13): loss = 1.3610 avg = 1.4479
  seed: ss is flight, th
  gen:  ss is flight, though his woman,
Nor hather cronion thy daunt that saway:
But that happy through nurse be still his s

Step 116150/214000 (epoch 13): loss = 1.4970 avg = 1.4722
  seed:  left in thee,
T
  gen:   left in thee,
Thed his his hands throses deaths thy now'd?
Ah, yet then gones, I do doth was their frown.

NORTHUMB

Step 116200/214000 (epoch 13): loss = 1.3553 avg = 1.4685
  seed: en Clifford cann
  gen:  en Clifford cannot bock'd thee,
What is the glorise to the chair crown,
Sweet with a be and but I have part I our fr

Step 116250/214000 (epoch 13): loss = 1.1947 avg = 1.4418
  seed:  be obey'd:
And 
  gen:   be obey'd:
And son? my thou subject stand and enough,
Plantagengly weep, hear not will them you had best,
You have 

Step 116300/214000 (epoch 13): loss = 1.6545 avg = 1.3742
  seed: ring me with imp
  gen:  ring me with imputaint my heavy Plantrrait.

KING EDWARD IV:
Then I behold me ashe more to sleeps the hear alread,
A

Step 116350/214000 (epoch 13): loss = 1.6729 avg = 1.4232
  seed: ad gotten?
Methi
  gen:  ad gotten?
Methink thus some from this shop'd smant,
Armina shown, be king come mohestingal present a falk;
But is u

Step 116400/214000 (epoch 13): loss = 1.3332 avg = 1.4026
  seed: im, in hope he'l
  gen:  im, in hope he'll years of marks vante
Will tend me his liest; unle, for and him meet
Wandow at you, have to Edwil h

Step 116450/214000 (epoch 13): loss = 1.2720 avg = 1.3751
  seed: l it with him an
  gen:  l it with him and the Ratcle.

CLARENCE:
Her thee is say heart well your plant from and read
Which I will make a old

Step 116500/214000 (epoch 13): loss = 1.6484 avg = 1.3800
  seed: ow.
My Lord of S
  gen:  ow.
My Lord of Send me away must Clarence,
They show of him so him the should the eyes,
If warrant my heaventake chi

Step 116550/214000 (epoch 13): loss = 1.2536 avg = 1.3810
  seed: d all his lands 
  gen:  d all his lands conour may man:
While his of leave the crequite is a creath:
But that knew him bring to the be a sta

Step 116600/214000 (epoch 13): loss = 1.3159 avg = 1.3804
  seed: ke thy brother!
  gen:  ke thy brother!

LADY GREY:
Not we watch man my live friends on the was bod!
My lords are my reble oast had beling E

Step 116650/214000 (epoch 13): loss = 1.4360 avg = 1.3929
  seed: oo.

KING EDWARD
  gen:  oo.

KING EDWARD IV:
For thou of this all often this and Edward
What is the glass France to calls and dead?

WARWICK

Step 116700/214000 (epoch 13): loss = 1.5236 avg = 1.4156
  seed:  lives our pilot
  gen:   lives our pilother proclubt,
And the not lave ten comparent with rought,
We this leaved friends in their as thou qu

Step 116750/214000 (epoch 13): loss = 1.5862 avg = 1.4175
  seed: sar shed no bloo
  gen:  sar shed no blood;
For us might his so slept bettlisty heaven.

GLOUCESTER:
Susper, for sound, if thou gall be stold

Step 116800/214000 (epoch 13): loss = 1.7110 avg = 1.4395
  seed: emies.
What vali
  gen:  emies.
What valing for penector:--ay when fained the here,
Tear you do the come in thou friends,
And let my pain bor

Step 116850/214000 (epoch 13): loss = 2.1045 avg = 1.5002
  seed: k to unsphere th
  gen:  k to unsphere that's rebes to see.

POLIXENES:
Why, that not give
The from the penit so gone me our should from?

CA

Step 116900/214000 (epoch 13): loss = 1.4687 avg = 1.5442
  seed: 
And many a man 
  gen:  
And many a man as forths, that a but me
Ucent betwake a while mise they satically the
plointenting did itstoner, bl

Step 116950/214000 (epoch 13): loss = 1.8468 avg = 1.5668
  seed:  whiteness of my
  gen:   whiteness of my be or foul up a mast,
Till be been the guedin all. His here and mind!
Must so, my gall shall be cas

Step 117000/214000 (epoch 13): loss = 1.3564 avg = 1.5356
  seed: ll the posterns:
  gen:  ll the posterns:
I, and let a purposed Come.

CAMILLO:
I come the dear thou sir guilt in the not so ttrees;
The heem

Step 117050/214000 (epoch 13): loss = 1.4260 avg = 1.5346
  seed: :
For her, my lo
  gen:  :
For her, my lord, for the mare whis to brother.

GLOUCULIO:
No, my lie their past the royal false comest their hea

Step 117100/214000 (epoch 13): loss = 1.8121 avg = 1.5331
  seed: ress; for the ha
  gen:  ress; for the have of your were indly:
Thou duke to does traitation not I piers of anst your from our offer,
That la

Step 117150/214000 (epoch 13): loss = 1.5840 avg = 1.5094
  seed: thou. Take it up
  gen:  thou. Take it up him shall the her ose
His past post do like strent in his here of the his cheek
As the king you sta

Step 117200/214000 (epoch 13): loss = 1.5434 avg = 1.5259
  seed: That any of thes
  gen:  That any of these and be whose heart and by the smen,
Selved blase best flece at on a me! But come,
With princents f

Step 117250/214000 (epoch 13): loss = 1.5734 avg = 1.5247
  seed:  answer: but the
  gen:   answer: but thenly ride upon as the oracless,
I partle folliNTIZAMENES:
By yematie;
Not first not need, as not stra

Step 117300/214000 (epoch 13): loss = 1.7620 avg = 1.5631
  seed: n
swallowed with
  gen:  n
swallowed with in out by the threated against,
Sir joy the but the hope: the word those be better.

Liecome, 'tis 

Step 117350/214000 (epoch 13): loss = 1.5471 avg = 1.5707
  seed: then comes in th
  gen:  then comes in thee in thy sicking
the nighter.

LEONTES:
Like much and this been up borished,
I have neving this to 

Step 117400/214000 (epoch 13): loss = 1.8023 avg = 1.6057
  seed: he look, to see 
  gen:  he look, to see from me; I veil,
I had prove thee, for prace: foot me stir, sheep oon; and when help-
To more will t

Step 117450/214000 (epoch 13): loss = 1.5177 avg = 1.5995
  seed: stress: marry, g
  gen:  stress: marry, good I stake so blow say'd-shee spirit
What myself in hath the trums delige,
Onfor the pursts and the

Step 117500/214000 (epoch 13): loss = 1.3065 avg = 1.6015
  seed: 

DORCAS:
Thou h
  gen:  

DORCAS:
Thou hand: all with here without should more
The free moved as gare our that has you to the lein
With neve

Step 117550/214000 (epoch 13): loss = 1.4685 avg = 1.5651
  seed: rance open,
Or h
  gen:  rance open,
Or happy and the hearts her at hus of the footings,
That was a freel
But never mindeed in this hoot.

Th

Step 117600/214000 (epoch 13): loss = 1.5051 avg = 1.5188
  seed: ose fresh comple
  gen:  ose fresh comple.

FLORIZEL:
He my clive my oath of you,
Sirvician this but steod my for percham one cased
Come the 

Step 117650/214000 (epoch 13): loss = 1.5056 avg = 1.5213
  seed: l, the place of 
  gen:  l, the place of would in the king counsel,
Take is't to the brooke the for think, home an yea, intentle
love him to 

Step 117700/214000 (epoch 13): loss = 1.6590 avg = 1.5131
  seed: as so much,
That
  gen:  as so much,
That ensolve affection before the court of the ince
pprevent him to see to with child sea, which brother

Step 117750/214000 (epoch 13): loss = 1.4966 avg = 1.5123
  seed: elf
The lands an
  gen:  elf
The lands and look any for more the jured with
Doth art had the possence from to be these is;
In those nor from 

Step 117800/214000 (epoch 13): loss = 1.5506 avg = 1.5008
  seed:  seen,
cannot be
  gen:   seen,
cannot be of all joy brother not kingdom these
Of a part a true her lawnd have her the means,
The pain thegon

Step 117850/214000 (epoch 13): loss = 1.4666 avg = 1.4883
  seed:  to be drunk, no
  gen:   to be drunk, now disly
and of Ledy the the more in these sincher command-daught proy to the worth we diss, to like 

Step 117900/214000 (epoch 13): loss = 1.7380 avg = 1.4847
  seed:  together,
You p
  gen:   together,
You prove live you
the would so, too as the surtion.

PAULINA:
Did, sir,
Who art not of soul's at not cru

Step 117950/214000 (epoch 13): loss = 1.4215 avg = 1.4929
  seed: elingly now?

LU
  gen:  elingly now?

LUCIO:
You condemned you in thy comment,
Let to so for your any the betwerled with
sould himself well 

Step 118000/214000 (epoch 13): loss = 1.6949 avg = 1.4951
  seed: s a prone and sp
  gen:  s a prone and spart.

POMPONEY:
Your be was was
Under of all he storal of Sician:
There your freelo parted a fear th

Step 118050/214000 (epoch 13): loss = 1.2961 avg = 1.5073
  seed: ant for his exec
  gen:  ant for his execute peace.

LUCIO:
A would not not lears her bear in note of my poison
in committy drings flesh with

Step 118100/214000 (epoch 13): loss = 1.4320 avg = 1.5022
  seed:  chair, sir; 'tw
  gen:   chair, sir; 'twere not stracly
Fad quatien, they but law, if they and well,
When say scretute there. What know joy,

Step 118150/214000 (epoch 13): loss = 1.4152 avg = 1.4661
  seed: ou?

Justice:
El
  gen:  ou?

Justice:
Elther.

ESCALUS:
If it to him; the father wellow in this hoan is
plar than you eway within a preserve

Step 118200/214000 (epoch 13): loss = 1.4467 avg = 1.4588
  seed: these sayings up
  gen:  these sayings upon die, she's dones.
If I crost die brother; our rath, sir.

ANGELO:
And to feather's both do;
Hamt 

Step 118250/214000 (epoch 13): loss = 1.7615 avg = 1.4610
  seed: mage
In stamps t
  gen:  mage
In stamps the rams; if for my kind trange?

Provost:
I am so dessed as else that them forth the eartue
Franced 

Step 118300/214000 (epoch 13): loss = 1.5330 avg = 1.4480
  seed: then you hope of
  gen:  then you hope of your prote,
We mock'd in hath out office; which your desire,
And at you gentleman be the brotherlay

Step 118350/214000 (epoch 13): loss = 1.4652 avg = 1.4707
  seed: cest, to take li
  gen:  cest, to take life
Died of it is a manner'd awhrewdne,
In in I traity; that which in tear.

CLAUDIO:
Why longer many

Step 118400/214000 (epoch 13): loss = 1.1693 avg = 1.4671
  seed: ngelo, that
it m
  gen:  ngelo, that
it me all the disfitted templed this is to my brother,
That that the fearing hustive that ender
To many 

Step 118450/214000 (epoch 13): loss = 1.4288 avg = 1.4796
  seed: be wise.

DUKE V
  gen:  be wise.

DUKE VINCENTIO:
that died her some to deceived made for world.

LUCIO:
But it is pawly words: and my for t

Step 118500/214000 (epoch 13): loss = 1.6014 avg = 1.4740
  seed: rothed but despi
  gen:  rothed but despidest
his vices right us a buttle be will she but much,
That is they time: we her would made to duty

Step 118550/214000 (epoch 13): loss = 1.3709 avg = 1.4668
  seed: will not wake.

  gen:  will not wake.

ISABELLA:
Well, though to your such with say your hangerous
lupon of your dring fortunes of you be s

Step 118600/214000 (epoch 13): loss = 1.9314 avg = 1.4476
  seed: d ginger,
ninesc
  gen:  d ginger,
ninescome of any my apresent it, and law, you but
a made no the pardon and of the mackers, and father?

DU

Step 118650/214000 (epoch 13): loss = 1.4270 avg = 1.4318
  seed: s
With a light h
  gen:  s
With a light his feast at the villing
as cures after to the world, and with hang;
Marness the and not and a to to 

Step 118700/214000 (epoch 13): loss = 1.9037 avg = 1.4439
  seed: t Angelo's a mur
  gen:  t Angelo's a murden our oppear and that
Exporo, I know to you so out that bridiness
tom is make of me treadins and o

Step 118750/214000 (epoch 13): loss = 0.7852 avg = 1.4277
  seed: UKE VINCENTIO:
W
  gen:  UKE VINCENTIO:
Why, by the kings togemn, and tell as mondember
This below you that will, for my justicalling,
That l

Step 118800/214000 (epoch 13): loss = 1.5871 avg = 1.4101
  seed: am I not,
Nor he
  gen:  am I not,
Nor her this here the honour,
And make the wascurful many of that this, instance believe him
And wish come

Step 118850/214000 (epoch 13): loss = 1.5454 avg = 1.4102
  seed:  have bethought 
  gen:   have bethought heard!

MARIANA:
Ay, sir, with you sing all your cousin,
Most him party you, my lord.

DUKE VINCENTI

Step 118900/214000 (epoch 13): loss = 1.4145 avg = 1.4605
  seed: 
First Huntsman:
  gen:  
First Huntsman: that much support in thing on hold
Can tosemnation, but those shepherities.

Procluck'd I am bear a

Step 118950/214000 (epoch 13): loss = 1.5537 avg = 1.5148
  seed: ? and have I suc
  gen:  ? and have I such not stremble dine'er altesman:
Look, have give he better of he the both a lords:
Where me the stat

Step 119000/214000 (epoch 13): loss = 1.4863 avg = 1.5450
  seed: .
Peace, Tranio!
  gen:  .
Peace, Tranio! Glodise thee of the faith,
So lock and flowerous to were madam.

SLY:
'Twalk:
There wapes, you will

Step 119050/214000 (epoch 13): loss = 1.4858 avg = 1.5342
  seed: d.
In brief, sir
  gen:  d.
In brief, sir, the sparest more advice:
I do her come tookely grows hounden of a think would
As in the hardly to 

Step 119100/214000 (epoch 13): loss = 1.7517 avg = 1.5414
  seed: autumn crack.

H
  gen:  autumn crack.

HORTENSOLLO:
Will to penient, for I to to this benscal,
And few that she would if entraise it worship

Step 119150/214000 (epoch 13): loss = 1.2095 avg = 1.5050
  seed: nior Gremio.

HO
  gen:  nior Gremio.

HORTENSIO:
I part mand enience; dream her at leaven,
And word the night thing on peers:
To it fine of 

Step 119200/214000 (epoch 13): loss = 1.4239 avg = 1.4746
  seed: erment of the el
  gen:  erment of the eldent,
Tranio not up a bear husband friends;
But therein name the englaman to the borning,
And make i

Step 119250/214000 (epoch 13): loss = 1.4459 avg = 1.4587
  seed: :
A combless coc
  gen:  :
A combless cocking upon you child, that daughter.

GRAMINGRIENA:
Kate, this so that that with with she her with,
A

Step 119300/214000 (epoch 13): loss = 1.5147 avg = 1.4800
  seed: live she will be
  gen:  live she will be my brooks her daughter.

PETRUCHIO:
So with maide nature you shall math heart,
And company spent of

Step 119350/214000 (epoch 13): loss = 1.6455 avg = 1.5239
  seed:  a merry man,
He
  gen:   a merry man,
Her sweet again her one to bety gived.

BIANCA:
Lucent say? he go see, I fortune:
My wooe well. If cam

Step 119400/214000 (epoch 13): loss = 1.5769 avg = 1.5188
  seed: e, a fool to him
  gen:  e, a fool to him,
And him set fortune sond he boot, in a done in the was much of the tear
Which my can two duke with

Step 119450/214000 (epoch 13): loss = 2.0309 avg = 1.5155
  seed: r I have caught 
  gen:  r I have caught thou but or sust
that my bomoner-vicens. 'tis night death.

PETRUCHIO:
For as that a she mad, a prac

Step 119500/214000 (epoch 13): loss = 1.4502 avg = 1.5365
  seed: e to man my hagg
  gen:  e to man my hagges
are her thee; and my virting the besince!
Your rube the comes, not before up their.

GRUMIO:
O ho

Step 119550/214000 (epoch 13): loss = 1.3754 avg = 1.4873
  seed: UMIO:
No, no, fo
  gen:  UMIO:
No, no, for a know of another call one.

TRANIO:
What, sir, sir, I take to make you.
The light both fire she w

Step 119600/214000 (epoch 13): loss = 1.1758 avg = 1.4933
  seed: e right, sir: 't
  gen:  e right, sir: 'tis else, tare thee
Thank many, if you deport to
thee arms masters. I'll leaved, sweet it doth and su

Step 119650/214000 (epoch 14): loss = 1.3933 avg = 1.4900
  seed: reaths: they sha
  gen:  reaths: they shall beauty, this word.

This lief:
Yet your true.--like and leave:
O, the spison with and me speedish

Step 119700/214000 (epoch 14): loss = 1.7400 avg = 1.5111
  seed: who's like to ri
  gen:  who's like to rights, known daughter's and actance,
With as the prince on your boung and so,
And lesserved as you
th

Step 119750/214000 (epoch 14): loss = 1.7108 avg = 1.5222
  seed: nly son of my wo
  gen:  nly son of my wolk you,
That is ranger their but that us,
To fortly should couse your main,
They make your well; who

Step 119800/214000 (epoch 14): loss = 1.7938 avg = 1.5264
  seed: ields. Advance,
  gen:  ields. Advance,
To call it the peopherd: for from his gives
'An me friar of her hearted, since and let memble
Dest h

Step 119850/214000 (epoch 14): loss = 1.5055 avg = 1.5295
  seed:  to, you, yet da
  gen:   to, you, yet dare him and
ountors with heir a west! Bushiar thy me,
To up a mine of love me!
O horse you.

MARCIUS:

Step 119900/214000 (epoch 14): loss = 1.3179 avg = 1.5261
  seed: ne here?

COMINI
  gen:  ne here?

COMINIUS:
The present; and to field be the belove him.

COMINIUS:
Come, my me four good to sends, Coity pa

Step 119950/214000 (epoch 14): loss = 1.4899 avg = 1.5545
  seed: of Juno, let's g
  gen:  of Juno, let's gental of my pack, we beather softh your persing
To thee aturniorred, lesserves well, where are he di

Step 120000/214000 (epoch 14): loss = 1.5599 avg = 1.5486
  seed:  him then as our
  gen:   him then as our battake
For the to.

VOLUMNIA:
Leway, Cairrifkeets was the crown peace, whore in the drink,
I yet, 

Step 120050/214000 (epoch 14): loss = 1.8869 avg = 1.5359
  seed: e coward
Turn te
  gen:  e coward
Turn tear offit and as on things
We roa's so thinking the noble, when him
worthy and the should where hold 

Step 120100/214000 (epoch 14): loss = 1.1936 avg = 1.4926
  seed: e. Your
good voi
  gen:  e. Your
good voick, proud so more in hearts strangly unto them should
Master elshall all the subst all set soul.

SI

Step 120150/214000 (epoch 14): loss = 1.2482 avg = 1.4574
  seed:  their friends t
  gen:   their friends the has it poice in ragard
We shall inces was by in
'Tis us to it our so love.

SICINIUS:
Where thee 

Step 120200/214000 (epoch 14): loss = 1.3009 avg = 1.4378
  seed: ain should tatte
  gen:  ain should tatter
Ble caled he graint the but strongs.

SICINIUS:
While in you their to his gracemons?

BRUTUS:
Go t

Step 120250/214000 (epoch 14): loss = 1.3386 avg = 1.4541
  seed: , in whose power
  gen:  , in whose poweratis, sole water of
Menefence to gonest mastard, a find shall be all bed,
Here in thus, give imple! 

Step 120300/214000 (epoch 14): loss = 1.3746 avg = 1.4417
  seed: ight, yet will I
  gen:  ight, yet will I said friended and o' anys
A leash the come him?

MENENIUS:
Miritzer, the breaks mable unto would hi

Step 120350/214000 (epoch 14): loss = 1.1987 avg = 1.4462
  seed: r never trust to
  gen:  r never trust to perpery my speak
And you will perceived of in this both a suit.
I am the peopent the and hour for
T

Step 120400/214000 (epoch 14): loss = 1.7635 avg = 1.4256
  seed: As the dead carc
  gen:  As the dead carctedife.

SICINIUS:
In call; the merce, as straign to consul,
The hands at the pray resolved of serva

Step 120450/214000 (epoch 14): loss = 1.5447 avg = 1.4316
  seed: ow
me: your name
  gen:  ow
me: your name in this rest lame at modes,
Whiles ere word a bone, from a whiled heaven their bare,
As us the does

Step 120500/214000 (epoch 14): loss = 1.3202 avg = 1.4160
  seed: now thee not: th
  gen:  now thee not: the world the prided,
I am achancesby man black and lock.

CORIOLANUS:
Thou me with give, and here tel

Step 120550/214000 (epoch 14): loss = 1.7292 avg = 1.4357
  seed: y
and grant of t
  gen:  y
and grant of this house,
And noble a draw more thee heard than honour
Dury and made take yet him one.

To it Senat

Step 120600/214000 (epoch 14): loss = 1.5885 avg = 1.4401
  seed: h no less confid
  gen:  h no less confidius
ouch and ten him is't say his angers, with
Amontest for this fire, stars accountry.

CORIOLANUS:

Step 120650/214000 (epoch 14): loss = 1.5682 avg = 1.4487
  seed: to: forbad all n
  gen:  to: forbad all nush carrant,
Your good the grave him escome, and can to
Than he work forth and I news friend; for yo

Step 120700/214000 (epoch 14): loss = 1.6767 avg = 1.4409
  seed: ius does! O my s
  gen:  ius does! O my say, made their company.

SICINIUS:
Should well.

Volsce:
The day.

MENENIUS:
Now not it these have b

Step 120750/214000 (epoch 14): loss = 1.5548 avg = 1.4663
  seed: ving women
Are w
  gen:  ving women
Are whiles returnctune my flower of his course.

CORIOLANUS:
I am a things.

PrIOffor Rome, and back your

Step 120800/214000 (epoch 14): loss = 1.4244 avg = 1.4849
  seed:  the character. 
  gen:   the character. Rome, and motth and rest
Thou kince in by hears achield. I know calles,
Whom he have garlialon than 

Step 120850/214000 (epoch 14): loss = 1.3529 avg = 1.4676
  seed: 

CORIOLANUS:
Ma
  gen:  

CORIOLANUS:
Madable should
I have promage resolved with my clours
The doing: elseke thee of the valiant;
And tell 

Step 120900/214000 (epoch 14): loss = 1.3871 avg = 1.5107
  seed: re not safe, Cla
  gen:  re not safe, Clacansures winted common my
Turn and him treast to be norable his looks,
The shall I for the drink him

Step 120950/214000 (epoch 14): loss = 1.3429 avg = 1.5048
  seed:  hadst but power
  gen:   hadst but power to the counter'd by be stone,
And not the gaped thou have mothers done!
Well, he have it hath joyal

Step 121000/214000 (epoch 14): loss = 1.4008 avg = 1.4583
  seed:  thy lips such s
  gen:   thy lips such spuit intertain with thou tauke.

First Georgeal four truck father wantage.

GLOUCESTER:
No Clame to 

Step 121050/214000 (epoch 14): loss = 1.5850 avg = 1.4520
  seed: htly
That fill h
  gen:  htly
That fill has true are.

GLOUCESTER:
Thou may to graced he done.
If the very sword me have is eng.

MENNE:
I sh

Step 121100/214000 (epoch 14): loss = 1.4012 avg = 1.4429
  seed: l fall'n upon th
  gen:  l fall'n upon the moorious,
That wits have conson'd and her, and with them, believes is were
would ere remother hath

Step 121150/214000 (epoch 14): loss = 1.3579 avg = 1.4404
  seed: edge.

GLOUCESTE
  gen:  edge.

GLOUCESTER:
Thou slaught in a hears to you have doone to ruch the hast any
To have sword, deliga, sir, fall'd

Step 121200/214000 (epoch 14): loss = 1.2828 avg = 1.4722
  seed: r
The noble Duke
  gen:  r
The noble Duke a the of another, straights the queen?

KATHARRENS:
What, give of a move you with the gate corn in 

Step 121250/214000 (epoch 14): loss = 1.1393 avg = 1.4294
  seed: tter for my life
  gen:  tter for my life,
To since shall revol. What I have sleep award,
Who rich of the king.

Thou cannot from the Rome of

Step 121300/214000 (epoch 14): loss = 1.2581 avg = 1.4159
  seed:  is?

QUEEN ELIZ
  gen:   is?

QUEEN ELIZABETH:
Thank love surps minderer:
To sorrow I all not with this whence for devil!

DORSET:
By now he

Step 121350/214000 (epoch 14): loss = 1.4321 avg = 1.4242
  seed: H:
Was never wid
  gen:  H:
Was never wide the hardance elcorrow subject,
Take the saily of my discenting inteen,
To think my any some the bo

Step 121400/214000 (epoch 14): loss = 1.1371 avg = 1.4207
  seed: her; but I would
  gen:  her; but I would a be the lack,
And kind the liesbiness mother seem,
And your gentle me curses byself.

CASTER:
Nisc

Step 121450/214000 (epoch 14): loss = 1.3930 avg = 1.4055
  seed: our royal self.
  gen:  our royal self.

QUEEN ELIZABETH:
No, marry, boy, not fit so the least patienction to Grew thy lord.

QUEEN ELIZABET

Step 121500/214000 (epoch 14): loss = 1.3465 avg = 1.3718
  seed: e's hands.

GLOU
  gen:  e's hands.

GLOUCESTER:
On he and fear will, and never the my from the good mind.

BUCKINGHAM:
And so I come, in thi

Step 121550/214000 (epoch 14): loss = 1.5158 avg = 1.3724
  seed: walls
Richard th
  gen:  walls
Richard those have with down the rest.

YORK:
And I was no this both for the lay mother
Thou shall at so his d

Step 121600/214000 (epoch 14): loss = 1.4987 avg = 1.3893
  seed: r offices,
At an
  gen:  r offices,
At and tell protectable sworth in a man;
None be there they not good mine your doubtful
To Lord King with

Step 121650/214000 (epoch 14): loss = 1.5425 avg = 1.4230
  seed: h when I saw, I 
  gen:  h when I saw, I mean to;
But the deather, all he lear marken mine.
If thought wises, ever gone, which the live?

BUC

Step 121700/214000 (epoch 14): loss = 1.4437 avg = 1.4350
  seed:  time,
Will well
  gen:   time,
Will welling me will to help of this boay:
The princeife, you all the mitty-repersety,
But not, ansuider stan

Step 121750/214000 (epoch 14): loss = 1.2492 avg = 1.4157
  seed: ous.

LORD STANL
  gen:  ous.

LORD STANLEY:
I'll better the soled with action of thee.

GLOUCESTER:
Doth you mambit the here treasoms, speak

Step 121800/214000 (epoch 14): loss = 1.1784 avg = 1.4157
  seed: 
The which you p
  gen:  
The which you progo, on my lord some throw'd the housed
Thou be dream are brother.

QUEEN MARGARET:
I warr I will t

Step 121850/214000 (epoch 14): loss = 1.2751 avg = 1.4400
  seed: oo, thou holp'st
  gen:  oo, thou holp'st the arries,
When counter loved where? heir shall pity then claim'd
That duke again stone in my did 

Step 121900/214000 (epoch 14): loss = 1.6225 avg = 1.4405
  seed: I:
Faith, none, 
  gen:  I:
Faith, none, by that the vall well to thy fleep!

KING RICHARD III:
My son, whose with thou made, stom,
Than my w

Step 121950/214000 (epoch 14): loss = 1.3832 avg = 1.3766
  seed: 's name is littl
  gen:  's name is little and on,
This dangers haste to it now of thinks;
I darch are sake unpitation me throughter,
I speak

Step 122000/214000 (epoch 14): loss = 1.3117 avg = 1.3576
  seed: here in that nes
  gen:  here in that nest:
What shall your briefs joyful-tar-day.

QUEEN ELIZABETH:
For thou cause to thee strike, one thy b

Step 122050/214000 (epoch 14): loss = 1.4240 avg = 1.3937
  seed: worth:
And towar
  gen:  worth:
And toward above to unval all with at the first
The wilt to those well you mayst rike,
His bemove a name to i

Step 122100/214000 (epoch 14): loss = 1.4356 avg = 1.4345
  seed: G RICHARD III:
B
  gen:  G RICHARD III:
Becaust the varlech slang to the king our in her.

BISHOPSON:
Why, by the of the in the off me! when 

Step 122150/214000 (epoch 14): loss = 1.1531 avg = 1.4536
  seed: dly and cheerful
  gen:  dly and cheerful what of the own?

RICHMOND:
Thou are the that this charge, we the dame I in the way:
'Tis harm'd th

Step 122200/214000 (epoch 14): loss = 1.3218 avg = 1.4455
  seed: hat I speak
My b
  gen:  hat I speak
My both a company of bied the conscieds
To chumbe said of the no more be armient
Ry now them out and com

Step 122250/214000 (epoch 14): loss = 1.6060 avg = 1.4701
  seed:  MOWBRAY:
Yea, b
  gen:   MOWBRAY:
Yea, by boung love the childry not that a stoop.

KING RICHARD II:
At so no man.

KING RICHARD II:
O, come

Step 122300/214000 (epoch 14): loss = 1.2490 avg = 1.4796
  seed: lists?
Against w
  gen:  lists?
Against we truth, and throw, where up we his clocent,
Requentainst my made down My leaven of this neight.

To

Step 122350/214000 (epoch 14): loss = 1.2995 avg = 1.4865
  seed:  my tongue from 
  gen:   my tongue from his our line to which
That the gog, to right in with it well,
By loath, bear greet of his dement,
An

Step 122400/214000 (epoch 14): loss = 1.4765 avg = 1.4697
  seed: !
Where'er I wan
  gen:  !
Where'er I wanton thou back of pulting,
As a? what thy shall not change,
Thereform on the truth, all the company.

Step 122450/214000 (epoch 14): loss = 1.3427 avg = 1.4974
  seed: G RICHARD II:
Wh
  gen:  G RICHARD II:
Where shall be forward, present him forth's not
As cursession the were i'erelf, and so.

TERBY:
I am t

Step 122500/214000 (epoch 14): loss = 1.1746 avg = 1.4793
  seed: prick my tender 
  gen:  prick my tender these,
By no live thy majesty so thought be the bring not be stands
Where thee gone spend with mindl

Step 122550/214000 (epoch 14): loss = 1.4112 avg = 1.4874
  seed: I cannot name; '
  gen:  I cannot name; 'tis warsly with grields in engerence,
Even or his wilt go notion, to with is life.
O, of speaks how 

Step 122600/214000 (epoch 14): loss = 1.3588 avg = 1.4768
  seed: lved when last w
  gen:  lved when last we woes put fair's grave wrong.

BOPTENRY BOLINGBROKE:
Never soul unwill, so make the castent age
Mis

Step 122650/214000 (epoch 14): loss = 1.7824 avg = 1.4443
  seed: with us
To Brist
  gen:  with us
To Brister'd, what not from you.

HENRY BOLINGBROKE:
O noble not ere to thy fetch and take men'd,
And not th

Step 122700/214000 (epoch 14): loss = 1.4400 avg = 1.4608
  seed:  angel: then, if
  gen:   angel: then, if the fame that
With in them cheeks, and me forth shall be be rejoiction their courts,
The face that 

Step 122750/214000 (epoch 14): loss = 1.4250 avg = 1.4758
  seed: ks be sour.

SIR
  gen:  ks be sour.

SIRfarry them we malour, is eart they needs?
We have self:
And, like men not sorrow must stay as complo

Step 122800/214000 (epoch 14): loss = 1.6171 avg = 1.4661
  seed: nt immediate on 
  gen:  nt immediate on the Ramban can yourself of all'd;
His rike arms the maider, I must thy lands
The misgried of this th

Step 122850/214000 (epoch 14): loss = 1.7916 avg = 1.4632
  seed: , as in a model,
  gen:  , as in a model,
How comes of exampain so thee, his comes rance.

RICHMOOPE:
And, lives my thou grows all my desperi

Step 122900/214000 (epoch 14): loss = 1.4308 avg = 1.4568
  seed: ,
That it shall 
  gen:  ,
That it shall not of thus feagth, the long,
Sixstabour stook to much his set and thou calls,
And in my with of the

Step 122950/214000 (epoch 14): loss = 1.4244 avg = 1.4585
  seed:  will undo mysel
  gen:   will undo myself mine offer to lack.

DUKE OF AUMERLE:
So I should not, appeared unjury--
To reacher it well cut wo

Step 123000/214000 (epoch 14): loss = 1.7207 avg = 1.4420
  seed: e to dew,
And wa
  gen:  e to dew,
And was of the king, all the now wing,
For it is the present thou worlder agreast.

EXEN:
There:
I'll ther

Step 123050/214000 (epoch 14): loss = 0.9968 avg = 1.4535
  seed: .

DUCHESS OF YO
  gen:  .

DUCHESS OF YORK:
But alone:
No, this base subjects and the gentle of long.

KING RICHARD II:
Ay, unto lies to the

Step 123100/214000 (epoch 14): loss = 1.6287 avg = 1.3948
  seed: from the traitor
  gen:  from the traitor me.

DUKE OF AUMERLE:
It since not she thee despected of shrees' sins,
Our he is promachy in father

Step 123150/214000 (epoch 14): loss = 1.4641 avg = 1.4172
  seed: ring their own m
  gen:  ring their own marxets king,
Nor what and vering so his person as to great
That the to mother see moovil's and shall

Step 123200/214000 (epoch 14): loss = 1.4072 avg = 1.4494
  seed: my soul is full 
  gen:  my soul is full pertse sword myself,
That had be neight I at the near not live.
My lord, for Sometime take not clour

Step 123250/214000 (epoch 14): loss = 1.2710 avg = 1.4869
  seed: e,
Unless good c
  gen:  e,
Unless good come as powers of with his little quarrel.

GREGORY:
Ah, let thou gentles, when as in my sappeer.

SA

Step 123300/214000 (epoch 14): loss = 1.7278 avg = 1.5145
  seed: s last, the fish
  gen:  s last, the fish'd:
Who'll thou down are that the how the round,
And party you so uncle stop nove no more!
Before th

Step 123350/214000 (epoch 14): loss = 1.5564 avg = 1.5477
  seed: n, young lady! l
  gen:  n, young lady! love's see hath I can else.

Servant:
A present you art hell see, and sights' and I would of yourte,

Step 123400/214000 (epoch 14): loss = 1.4671 avg = 1.5812
  seed: and we shall com
  gen:  and we shall comes
I lunger might weak he shall beck as a preshing's deep,
As that streasons canst bether fourse;
Fo

Step 123450/214000 (epoch 14): loss = 1.2711 avg = 1.5606
  seed: ws there, that w
  gen:  ws there, that was king.

JULIET:
For the dreps thou hath the itst thou lies tand
thing due thou shall fight of slee

Step 123500/214000 (epoch 14): loss = 1.1751 avg = 1.5429
  seed: of against their
  gen:  of against their shames afters
A there 'twas she means king
Five him alry earn'd and perferised that
Shall feet of t

Step 123550/214000 (epoch 14): loss = 1.7203 avg = 1.5181
  seed: e special good d
  gen:  e special good distill thy sill I to const to welcan,
I will we royal still stookly in charberous,
Sweet strange the

Step 123600/214000 (epoch 14): loss = 1.3896 avg = 1.5522
  seed: UTIO:
Right.

RO
  gen:  UTIO:
Right.

ROMEO:
By mistrumb!
Fortune at a how this attempt, have see patier
ase bebr, all I do show. I now matt

Step 123650/214000 (epoch 14): loss = 1.8532 avg = 1.5465
  seed: that's the dog's
  gen:  that's the dog's one are her too.

ROMEO:
Stay an there that flesh, come hast in dream
And spring sulter for stand
f

Step 123700/214000 (epoch 14): loss = 1.3389 avg = 1.5294
  seed: 
And what to?

M
  gen:  
And what to?

MERCUTIO:
There sir, and such he would not come in gentleman;
And thou neids and do thy lies her hour

Step 123750/214000 (epoch 14): loss = 1.4225 avg = 1.5089
  seed: t true,
For bloo
  gen:  t true,
For bloodiers thou to slipatial thou batter
Romeome if your housed hath may lady, but I be content:
I do thi

Step 123800/214000 (epoch 14): loss = 1.5737 avg = 1.5364
  seed: gue
For such a w
  gen:  gue
For such a worns thou are than heir solute,
I will that delived to make and me do body,
It shall be me for the m

Step 123850/214000 (epoch 14): loss = 2.0602 avg = 1.5152
  seed: ss' case,
Just i
  gen:  ss' case,
Just ince should death not comfort-rain;
Bear thankewon thou this at thou see dread?

ROMEO:
Thou had dear

Step 123900/214000 (epoch 14): loss = 1.3906 avg = 1.5241
  seed: ht a torch-beare
  gen:  ht a torch-beared that banish'd, my lord,
Let is their soft bless; and how night,
I have you be my sour nemy some, b

Step 123950/214000 (epoch 14): loss = 1.7306 avg = 1.4920
  seed: uds,
But fettle 
  gen:  uds,
But fettle the such I have could about.

MERCUTIO:
Come, he you, sir, now shall!

JULIET:
O where not best, the

Step 124000/214000 (epoch 14): loss = 1.2538 avg = 1.4596
  seed: hear thou must, 
  gen:  hear thou must, to hew to the worls,
As will not awilt from thee is not to will.

FRIAR LAURENCE:
Then, for the exce

Step 124050/214000 (epoch 14): loss = 1.3841 avg = 1.4611
  seed: or thou hast nee
  gen:  or thou hast need,
Now thus so not nobting them all's still so not
the each, have if mine pray brother,
Be note is v

Step 124100/214000 (epoch 14): loss = 1.6539 avg = 1.4848
  seed: ho, for shame! c
  gen:  ho, for shame! couse woes!

CAPULET:
The lady shame will with all.

Nurse:
What, I was daster, I have her grain;
She

Step 124150/214000 (epoch 14): loss = 1.8212 avg = 1.5339
  seed: hurry from the f
  gen:  hurry from the friar the jesty
Shesse it remation and men be is the long.
O, keep my shelloudier, you child, go thee

Step 124200/214000 (epoch 14): loss = 1.5739 avg = 1.5242
  seed: y of thy breath,
  gen:  y of thy breath,
The to doth the fight; by thy gold doth my sound
And some perful, love to thy night read,
And from 

Step 124250/214000 (epoch 14): loss = 1.2401 avg = 1.4994
  seed: his.

FRIAR LAUR
  gen:  his.

FRIAR LAURENCE:
Farewell! O kisday a say mase: will beholy are
Where words thee loosion, will sight was thear 

Step 124300/214000 (epoch 14): loss = 1.3218 avg = 1.4803
  seed: s sons, his favo
  gen:  s sons, his favours his no earling 'st to me?

CAPULET:
Mear, be me speaky her besire as block,
And she with hast ki

Step 124350/214000 (epoch 14): loss = 1.3282 avg = 1.4132
  seed: 
NORTHUMBERLAND:
  gen:  
NORTHUMBERLAND:
What now and my suspirest it defend usun,
Yet thou, of Heart prevain bearful the lost,
White there 

Step 124400/214000 (epoch 14): loss = 1.5685 avg = 1.4030
  seed: While you are th
  gen:  While you are the crats.

ARUFT:
Ay, thou then there and being thou art is house.
But be thee spokent thou the conte

Step 124450/214000 (epoch 14): loss = 1.2166 avg = 1.4356
  seed: ou, Northumberla
  gen:  ou, Northumberland.
Upon his id late of my haply ofform and that,
In spress' secrack, ordecan'd aloach'd best
To her

Step 124500/214000 (epoch 14): loss = 1.4565 avg = 1.4684
  seed: ow fares my brot
  gen:  ow fares my brother life,
And let thou their devolt the the wase was tear:
Hath I true take they famble with the hou

Step 124550/214000 (epoch 14): loss = 1.4766 avg = 1.4861
  seed:  your brother, h
  gen:   your brother, have slay,
Shall path tale and teem suffus to rath's hope spard
That some are shalt inn my queck of W

Step 124600/214000 (epoch 14): loss = 1.1527 avg = 1.4672
  seed: depart the field
  gen:  depart the field,
I would their bloody thories thy father.
But disposisiond to greek.

RICHARD:
Why, this his set la

Step 124650/214000 (epoch 14): loss = 1.7005 avg = 1.4445
  seed: oft-hearted wome
  gen:  oft-hearted women should be are this world prident's me.
Ah, chaught thou mine but the date bewless of me than me;
F

Step 124700/214000 (epoch 14): loss = 1.5696 avg = 1.4715
  seed:  one his purple 
  gen:   one his purple him a-gentle dead,
And for weing, what tell be tyrance
From life will win it words whole hast hit su

Step 124750/214000 (epoch 14): loss = 1.3421 avg = 1.4591
  seed: se lands togethe
  gen:  se lands together chife,
And he he sweet nor gave he season the dead!

Sence:
Farewent at his no cause patch soul.


Step 124800/214000 (epoch 14): loss = 1.2097 avg = 1.4281
  seed: :

KING EDWARD I
  gen:  :

KING EDWARD IV:
I am either, white for thy canced commond I be fors:
I will speak then of think thy gracress.

KI

Step 124850/214000 (epoch 14): loss = 1.6875 avg = 1.3773
  seed: n on my back,
Wh
  gen:  n on my back,
Who shall be sightful love by think'st custals,
Who the sendeding the commands thou faiths.

KING EDWA

Step 124900/214000 (epoch 14): loss = 1.5227 avg = 1.4195
  seed: wnfall of his me
  gen:  wnfall of his melve me this hope to What grave.

QUEEN MARGARET:
Why, what I would rey have and doil,
To for a cross

Step 124950/214000 (epoch 14): loss = 1.4057 avg = 1.3942
  seed: all assure my co
  gen:  all assure my convey'd at in me,
And swith your wise light fit offord Clarence the Richard,
Which the hours true and

Step 125000/214000 (epoch 14): loss = 1.4020 avg = 1.3706
  seed: njuries?

Post:
  gen:  njuries?

Post:
No, lawshire have and with can, then in hows I sea we.

KING EDWARD IV:
I will who ward thous becove

Step 125050/214000 (epoch 14): loss = 1.0935 avg = 1.3665
  seed: 3 KING HENRY VI
  gen:  3 KING HENRY VI

RICHARD:
O, Georgear or so where, what the meast;
The stoldiers from our dares that but the breathe

Step 125100/214000 (epoch 14): loss = 1.4262 avg = 1.3693
  seed: y, earl of Richm
  gen:  y, earl of Richmost france you post
Death mourne houng thought king in these in his ways that reason,
And blatte are

Step 125150/214000 (epoch 14): loss = 1.5412 avg = 1.3808
  seed:  peace, yet bold
  gen:   peace, yet boldiers, then once should sudgent.

WARWICK:
Our Tentleman:
For you shall and whates him a right here o

Step 125200/214000 (epoch 14): loss = 1.1960 avg = 1.3772
  seed: Dukes of Somerse
  gen:  Dukes of Somerset.

WARWICK:
Why, my gones, earl so been from that as you,
And set thou words upon of all tender,
I'

Step 125250/214000 (epoch 14): loss = 1.4558 avg = 1.4136
  seed: once allow'd the
  gen:  once allow'd their to to us like,
And it our sleep believes leaves marst a these.
Will sweing at a charged my soul.

Step 125300/214000 (epoch 14): loss = 1.0562 avg = 1.4094
  seed: this sweet young
  gen:  this sweet younge; and, and his must this fire of the rums.

GLOUCESTER:
Go, fair stile: there hath his fatter.

NOR

Step 125350/214000 (epoch 14): loss = 1.6087 avg = 1.4402
  seed: yself
Have in ou
  gen:  yself
Have in our my many be thee well of my prone the trace.
O with her her, but the time words and the fly;
And, n

Step 125400/214000 (epoch 14): loss = 1.3893 avg = 1.4925
  seed: u were boys:
You
  gen:  u were boys:
You rest no join of all pass' fors!
Paritor, do God
That justice devants and hinds a there.

GLOUCESTER

Step 125450/214000 (epoch 14): loss = 1.6337 avg = 1.5486
  seed: w't;
It will let
  gen:  w't;
It will let see that bears, sice, and beings,
That strong my chases these traitor:
And who monest was last dece

Step 125500/214000 (epoch 14): loss = 1.3650 avg = 1.5531
  seed: ave set down:
I'
  gen:  ave set down:
I'll goes her sear, sensiciam.

CAMILLO:
If, when this sawn many the confess;
You be crossion whose yo

Step 125550/214000 (epoch 14): loss = 1.5860 avg = 1.5243
  seed: y:
Who taught yo
  gen:  y:
Who taught yourself stain our commuck holes
The conver the gate love which the remay
Comes, as that my lord their

Step 125600/214000 (epoch 14): loss = 1.6145 avg = 1.5241
  seed: would I knew the
  gen:  would I knew the blest
To him our grace
Is no tirparen abouts the stue power;
Shall doom's gentleman to be a happort

Step 125650/214000 (epoch 14): loss = 1.7352 avg = 1.5257
  seed:  go,
See how he 
  gen:   go,
See how he coundent enpress, which gave you,
Our so seemnice the should not lawfence
Be me too saclister's abok

Step 125700/214000 (epoch 14): loss = 1.6106 avg = 1.5013
  seed: ch you
So to est
  gen:  ch you
So to est the root is our visolen, truther? I
Lore, to liege, to revenge's gentle, on the perfort,
Which I, t

Step 125750/214000 (epoch 14): loss = 1.5189 avg = 1.5169
  seed: r friend, whose 
  gen:  r friend, whose it
This forth revel of highness
Of our court poor lide
She eever as in our hand, and thou shall eyes

Step 125800/214000 (epoch 14): loss = 1.5946 avg = 1.5212
  seed: ,
Upon a barren 
  gen:  ,
Upon a barren whose were honour what thee.

LEONTES:
The know I speak:
That he of my life my destanden reed:
Even 

Step 125850/214000 (epoch 14): loss = 1.4497 avg = 1.5599
  seed: r half dined on 
  gen:  r half dined on down.

Say the oath capus: yet body the leave his dear.

Clown:
That still to.

Lord:
Thou not the w

Step 125900/214000 (epoch 14): loss = 1.8534 avg = 1.5749
  seed: .
If tinkers may
  gen:  .
If tinkers may's the be hows mine of my seering.

PAULINA:
Since since iminded:
I have she beging of him fame do.

Step 125950/214000 (epoch 14): loss = 1.4787 avg = 1.6038
  seed: TA:
O, but, sir,
  gen:  TA:
O, but, sir, for and sheep.

Clown:
So fault they and a must it, which,
And if whats of a my bitings and
her to 

Step 126000/214000 (epoch 14): loss = 1.4118 avg = 1.5841
  seed: IXENES:
She danc
  gen:  IXENES:
She dance I bear good from self our brastic, a double;
That fried all right, and blard, of could myself.

Cl

Step 126050/214000 (epoch 14): loss = 1.6896 avg = 1.6013
  seed: all men's ware-a
  gen:  all men's ware-angaid.

Clown:
More, then, that you as ting, thee can approach; I
arence of lie way to the part on g

Step 126100/214000 (epoch 14): loss = 1.4490 avg = 1.5560
  seed:  nor think
Nor d
  gen:   nor think
Nor dost a court, you strethousand away:
You booth a wintes her.

GLOUCESOMELLO:
Your ghee!
Or which it, 

Step 126150/214000 (epoch 14): loss = 1.5219 avg = 1.5048
  seed: ther, now of me,
  gen:  ther, now of me, who deed,
I here it my honour for the profast of you access.

FLORIZEL:
He queen, I cannot:
Come, s

Step 126200/214000 (epoch 14): loss = 1.6439 avg = 1.5137
  seed: t
thou not the a
  gen:  t
thou not the about on other nothers-got
God want, with you'll not son by the court-hange
and thing good from them 

Step 126250/214000 (epoch 14): loss = 1.2445 avg = 1.5042
  seed: Your kindness be
  gen:  Your kindness be sontily and hold he,
pherd and takes, make songst to done for this
like to know'st so,--who's sort 

Step 126300/214000 (epoch 14): loss = 1.3349 avg = 1.5020
  seed: ya.

LEONTES:
Wh
  gen:  ya.

LEONTES:
What think your service, counse,
Antell I have hiddentleman, that mean's tongue.

PAULINA:
It thou to 

Step 126350/214000 (epoch 14): loss = 1.6631 avg = 1.4982
  seed:  which stands by
  gen:   which stands by money--
For the death, pretty out in the cheir of the accustanced cut to make them,
And not we caus

Step 126400/214000 (epoch 14): loss = 1.5994 avg = 1.4786
  seed:  see the statue 
  gen:   see the statue afful of the bly in so the
ear all the comple to the bring to the by to mother
he to more 'matter to

Step 126450/214000 (epoch 14): loss = 1.5974 avg = 1.4788
  seed: rth and honesty
  gen:  rth and honesty
pair your heart power: thou, let should letter,
But pitery it. Goft
My lady, Paulisty house of anow 

Step 126500/214000 (epoch 14): loss = 1.3894 avg = 1.4823
  seed: ore.

First Gent
  gen:  ore.

First Gentleman:
Then with you royal the king.

LUCIO:
Is may you warthy to peaces against of the
grely wife t

Step 126550/214000 (epoch 14): loss = 1.6422 avg = 1.4854
  seed: osom. Why I desi
  gen:  osom. Why I desire dost with the shall his
dever to us heard true fir pited the sure.

LUCIO:
Nay, thus be a come, o

Step 126600/214000 (epoch 14): loss = 1.2718 avg = 1.4968
  seed: mend me to my br
  gen:  mend me to my brother.

LUCIO:
It does his care the when the kings;
And in and the place to yet a faithhy hasting's

Step 126650/214000 (epoch 14): loss = 1.0065 avg = 1.4854
  seed: t this man did t
  gen:  t this man did the say.

ISABELLA:
Ay, when deseech to dead his become out,
For you call their, where, but a given y

Step 126700/214000 (epoch 14): loss = 1.3167 avg = 1.4596
  seed: or't!

ANGELO:
N
  gen:  or't!

ANGELO:
No.

ELBOW:
Good the do so, shall we make you in holy some the or you me
quate the faither live you
o

Step 126750/214000 (epoch 14): loss = 1.6622 avg = 1.4500
  seed: LUCIO:

ISABELLA
  gen:  LUCIO:

ISABELLA:
O, not I was I conster. That is not were salick?

Provost:
And in him a provost: I shall not give 

Step 126800/214000 (epoch 14): loss = 1.4526 avg = 1.4483
  seed:  I'll not warran
  gen:   I'll not warrance.

ESCALUS:
I am how her; well you are stands plots
A say we as any by son?

ISABELLA:
I quit thou

Step 126850/214000 (epoch 14): loss = 1.7363 avg = 1.4504
  seed: 'st
Are nursed b
  gen:  'st
Are nursed by you,---low, my weary before,
And strough thy projured that the their death.

LUCIO:
Thy brother I 

Step 126900/214000 (epoch 14): loss = 1.1134 avg = 1.4612
  seed: 
ISABELLA:
What 
  gen:  
ISABELLA:
What is forget this fare the rest bless severted
Would be from a judges thou come of the word.

ANGELO:
Y

Step 126950/214000 (epoch 14): loss = 1.0682 avg = 1.4639
  seed: u, good father f
  gen:  u, good father from the ceares;
Unter, it now hither, sir, this speeth, or was you worse
like a provost: and morns
f

Step 127000/214000 (epoch 14): loss = 1.1507 avg = 1.4691
  seed: dge, and knowled
  gen:  dge, and knowledge, in maw you come the kingly, and
In the roughoing your set him: a be so black.

LUCIO:
Yes so can

Step 127050/214000 (epoch 14): loss = 1.2980 avg = 1.4663
  seed:  time have
I pro
  gen:   time have
I prove you possess and of your bride
of his patience, poor brother: but is emble, shall shows
Lord any m

Step 127100/214000 (epoch 14): loss = 1.4932 avg = 1.4505
  seed:  life is paralle
  gen:   life is paralled of your cral yourself!

DUKE VINCENTIO:
Here heard by the prove in the mable any opement.

ISABELL

Step 127150/214000 (epoch 14): loss = 1.6194 avg = 1.4604
  seed: I think, forty m
  gen:  I think, forty my
critonathen the order than counter love.

DUKE VINCENTIO:
Pompey say, as in the punister liken tho

Step 127200/214000 (epoch 14): loss = 1.5017 avg = 1.4261
  seed: r
reports; but t
  gen:  r
reports; but there I am been met the purge,
He's peeches to a doth been how you counter!

DUKE VINCENTIO:
You comm

Step 127250/214000 (epoch 14): loss = 1.6368 avg = 1.4325
  seed: e
That which but
  gen:  e
That which but my surom mercy trurge, and for be so deputy cursed?

ISABELLA:
Will not my but when thee not here's

Step 127300/214000 (epoch 14): loss = 1.2182 avg = 1.4119
  seed: He was drunk the
  gen:  He was drunk the duke, inding seem'd,
On heaven; he enfather maid; then an in my proclaim, and looks.

PABHORSON:
Le

Step 127350/214000 (epoch 14): loss = 1.0470 avg = 1.3997
  seed: ison, in the abs
  gen:  ison, in the absentle me speak here to the them be send,
And yet that is better that her lie satisfor
So my detertai

Step 127400/214000 (epoch 14): loss = 1.3235 avg = 1.3944
  seed: NTIO:
I would th
  gen:  NTIO:
I would that had let the know your your shall
Than hath some a ceased grace, and here's Tancle
Is power to you

Step 127450/214000 (epoch 14): loss = 1.4570 avg = 1.4511
  seed: our lordship to 
  gen:  our lordship to herefance.
This what my worth.

DUKE VINCENTIO:
To speak to a gift yourself, and soul in the way.

D

Step 127500/214000 (epoch 14): loss = 1.2544 avg = 1.5070
  seed: er speak of all 
  gen:  er speak of all the provoked.

First:
Shall there and please to thy pherds end if thee.

DUKE VINCENTIO:
Ay, my lord

Step 127550/214000 (epoch 14): loss = 1.5168 avg = 1.5377
  seed:  that our good w
  gen:   that our good with meit.

BAPTISTA:
Pear come a fell strange, you say to the cause express,
And parties and I consu

Step 127600/214000 (epoch 14): loss = 1.2280 avg = 1.5204
  seed: ENTIO:
Sirrah, c
  gen:  ENTIO:
Sirrah, command! so the and seat the prince of his stone:
I had while his stant our and the or ratch!

GREMIO

Step 127650/214000 (epoch 14): loss = 1.7520 avg = 1.5299
  seed: core knaves or s
  gen:  core knaves or some to-morrow.

GRUMIO:
Sirrah, hastip,
Fully give mark repprayes, even very my very along,
You poss

Step 127700/214000 (epoch 14): loss = 1.2736 avg = 1.4892
  seed: hat end are all 
  gen:  hat end are all of this not, and with letters:
I says her even wever time in this man accress
We his she our wife th

Step 127750/214000 (epoch 14): loss = 1.6023 avg = 1.4665
  seed: esently.
Holla, 
  gen:  esently.
Holla, I'll fear I am in past here, O have rever
spectent being upon him mest will as noble
Her anow pray t

Step 127800/214000 (epoch 14): loss = 1.3646 avg = 1.4364
  seed: , Kate: in sooth
  gen:  , Kate: in sooth ends,
Thyself you? when but mean a delighter.

PETRUCHIO:
Why, sir; a her and full we to her bless.

Step 127850/214000 (epoch 14): loss = 1.8439 avg = 1.4810
  seed: emio, 'tis known
  gen:  emio, 'tis known.

PETRUCHIO:
Yet I say the dure but for things.

PETRUCHIO:
O, sir, I, look these conclubarance?

K

Step 127900/214000 (epoch 14): loss = 1.5206 avg = 1.5086
  seed:  weep;
For such 
  gen:   weep;
For such I do faith, for your gentleman,
If the purpoted to thie spurgo trust see,
Whic can metint of pase of

Step 127950/214000 (epoch 14): loss = 1.9366 avg = 1.5233
  seed: d been aboard, c
  gen:  d been aboard, comes, the stimphic of this?

LUCENTIO:
Alas, call to healt own what with the repair;
dots the rest, 

Step 128000/214000 (epoch 14): loss = 1.3701 avg = 1.5058
  seed: RTIS:
This is to
  gen:  RTIS:
This is to belory man howly she be lord.

KATHARINA:
Nor; and sistred thith: I must proves; your man our chaps

Step 128050/214000 (epoch 14): loss = 1.5618 avg = 1.5320
  seed: eep her still aw
  gen:  eep her still aways call doth this.
Goo. But pling not to your beast to wake,
'Tis not the with him life, and to sto

Step 128100/214000 (epoch 14): loss = 1.5198 avg = 1.4848
  seed: ee go and get me
  gen:  ee go and get me appreter your doff.

BAPTISTA:
Trusita, be in senter, I may and here?
The abless, he have to be, an

Step 128150/214000 (epoch 14): loss = 1.5154 avg = 1.4825
  seed: r garments poor;
  gen:  r garments poor;
And base thou fancers?

GRUMIO:
That:
The should my far to the feat thou a thou may
here this and s

Step 128200/214000 (epoch 15): loss = 1.6473 avg = 1.4829
  seed: s to them, not a
  gen:  s to them, not as then sone.

This belong'd Madam
Persance stongs the feather has the seeming:
March'd your eight it

Step 128250/214000 (epoch 15): loss = 1.7053 avg = 1.5071
  seed: were an-hungry; 
  gen:  were an-hungry; that's you not change
The commontented in me wholehone you daughter,
What please have you catch
Will

Step 128300/214000 (epoch 15): loss = 1.3327 avg = 1.5183
  seed: n the business, 
  gen:  n the business, and with the prayerly we proise.

HORTENSIUS:
What know be vouch the refore part of Tere the long
Ad

Step 128350/214000 (epoch 15): loss = 1.5148 avg = 1.5283
  seed: ome,
Or, by the 
  gen:  ome,
Or, by the the and to use they i'come thy heart.

MARCIUS:
She is a good make it reap, herely man
so dress to y

Step 128400/214000 (epoch 15): loss = 1.6423 avg = 1.5272
  seed: inst the great A
  gen:  inst the great Ay trouble lies ampreheen
And dark your one taged.

VALERIA:
Mistress another's break you late not wi

Step 128450/214000 (epoch 15): loss = 1.6902 avg = 1.5197
  seed: that honour in't
  gen:  that honour in't, I am against it;
And Kate and first her begear we in to make so more of you like them affection:
Y

Step 128500/214000 (epoch 15): loss = 1.9543 avg = 1.5476
  seed: ereign prescript
  gen:  ereign prescriptoof away the pleasure here touch
goof my that the beath; and what Menetious.

Perhood, or were had o

Step 128550/214000 (epoch 15): loss = 1.6694 avg = 1.5446
  seed: he be put upon '
  gen:  he be put upon 'two him griefs
Soof you end whold knowned their preposed
Man stine stand fill'd touches 'tis set him

Step 128600/214000 (epoch 15): loss = 1.5666 avg = 1.5360
  seed: o'er the lives o
  gen:  o'er the lives of kencourt
As and won eyes so riever in my happines
In who trums leave.

Second Senaten:
You be the 

Step 128650/214000 (epoch 15): loss = 1.1592 avg = 1.4771
  seed:  you have not in
  gen:   you have not in these herself us with is the
pert's would have will now to stufficers.

CORIOLANUS:
There we there,

Step 128700/214000 (epoch 15): loss = 1.6912 avg = 1.4560
  seed: did fashion
Afte
  gen:  did fashion
Afters under would be like appear, design
Regest gods of his contempleed and case them,
The every of her

Step 128750/214000 (epoch 15): loss = 1.7950 avg = 1.4351
  seed: but reckless sen
  gen:  but reckless sent his
wish with most is, but
And his call'd their comfort.

BRUHIOLIUS:
What pleased, you knows,
Car

Step 128800/214000 (epoch 15): loss = 1.1228 avg = 1.4428
  seed: what you have se
  gen:  what you have see rather peace of the
which theirs the punsent, and curse give
Consues pedate in a pinceised long al

Step 128850/214000 (epoch 15): loss = 1.4502 avg = 1.4385
  seed: ugh the man you 
  gen:  ugh the man you strongs, where is it as the bone
Comple him bring viot, the dune aupploech'dle mour
The gate his der

Step 128900/214000 (epoch 15): loss = 1.4961 avg = 1.4375
  seed: iates
Was ne'er 
  gen:  iates
Was ne'er would please you there, but with same the blood,
No strike to me speak the purpose will theirs
I do 

Step 128950/214000 (epoch 15): loss = 1.4738 avg = 1.4230
  seed: banish'd! he is 
  gen:  banish'd! he is part though one tribune hath yourselves consider
I can citizes, leading it.

SICINIUS:
Dother be the

Step 129000/214000 (epoch 15): loss = 1.5067 avg = 1.4294
  seed: hey are in a mos
  gen:  hey are in a most
Anger landertains, which to thee do weet,
When him will bed thee.

LARTIUS:
Show you, and you art 

Step 129050/214000 (epoch 15): loss = 1.5850 avg = 1.4154
  seed: is extremity
Hat
  gen:  is extremity
Hath commonnself.

Second Servingman:
Are you, is the and man, how news, as like friend
He's red out ye

Step 129100/214000 (epoch 15): loss = 1.1461 avg = 1.4193
  seed: ws, like conies 
  gen:  ws, like conies disholy
A may him swore hangers, he to stand in a dogetter of herefore did
For then, to party with h

Step 129150/214000 (epoch 15): loss = 1.1857 avg = 1.4344
  seed: omething in him.
  gen:  omething in him.

SICINIUS:
You are many, when what worthy Coriolanus at thou like
I will he part in the gods of any

Step 129200/214000 (epoch 15): loss = 1.5776 avg = 1.4452
  seed: or one poor grai
  gen:  or one poor grains.

First Servingman:
I home the harm talk he hath and him.

SICINIUS:
What was even, which you sho

Step 129250/214000 (epoch 15): loss = 1.5958 avg = 1.4390
  seed: an breasts. That
  gen:  an breasts. That, a word not meet than of his fortune we and were have your of
my in the vide to cander; sir.

COMIN

Step 129300/214000 (epoch 15): loss = 1.6329 avg = 1.4636
  seed: ort in the count
  gen:  ort in the country think to be more
This now with this dring forgive of come?

Second Senator:
We whowsius, for my l

Step 129350/214000 (epoch 15): loss = 1.2164 avg = 1.4726
  seed: 
SICINIUS:
What'
  gen:  
SICINIUS:
What's we have show no what show thy mother,
The gods thy loud the cannot with mind,
This morrow'd son re

Step 129400/214000 (epoch 15): loss = 1.1745 avg = 1.4608
  seed:  the god, thou b
  gen:   the god, thou besting.
If the wells bown our hark: for you slight;
Aufiding, sir, to no stand time, and the not be.

Step 129450/214000 (epoch 15): loss = 1.3781 avg = 1.5050
  seed: ech your graces 
  gen:  ech your graces of this 'twas means,
Fristed in a marry hath him, Aufidius and the court
Two them your plurke can th

Step 129500/214000 (epoch 15): loss = 1.6098 avg = 1.5026
  seed: eed, inhuman and
  gen:  eed, inhuman and breaters of sounds;
With how thou it we have he please the trubble:
Do like the floop that ping wis

Step 129550/214000 (epoch 15): loss = 0.8769 avg = 1.4454
  seed: ll not be the ex
  gen:  ll not be the exept:
In they king cursed to be take and means;
Let to give the godship that hath prided
A grought sh

Step 129600/214000 (epoch 15): loss = 1.4191 avg = 1.4491
  seed: ld wish!--
Canno
  gen:  ld wish!--
Cannot you.

GLOUCESTER:
The way, and of her deliver in my broughts answer.
Is and I to healterer of Henr

Step 129650/214000 (epoch 15): loss = 1.6202 avg = 1.4368
  seed: eath,
Their king
  gen:  eath,
Their kingdom the puntose have reem you shrung,
And imprie is a slown and Sid son,
Which I brother deathful en

Step 129700/214000 (epoch 15): loss = 1.4724 avg = 1.4310
  seed: adam, we will at
  gen:  adam, we will at through was the peder thy standed
To thy king accuses angel be still such'd?
I do God to a charity,

Step 129750/214000 (epoch 15): loss = 1.3984 avg = 1.4559
  seed: he urging of tha
  gen:  he urging of that I cholent fair.

GLOUCESTER:
Go, bravites'd mine of water the steed of queen,
Sirving stay was mor

Step 129800/214000 (epoch 15): loss = 1.2799 avg = 1.4157
  seed:  harvest. Thou d
  gen:   harvest. Thou delike ampotition.

Prayer:
No morth strengthing of my hand loss and with the grief;
For not in rews 

Step 129850/214000 (epoch 15): loss = 1.0836 avg = 1.4095
  seed: n!

DORSET:
A bo
  gen:  n!

DORSET:
A both he hatred the noble of did to doth nors:
To could not hours. What make spoises;
That's protest th

Step 129900/214000 (epoch 15): loss = 1.7183 avg = 1.4244
  seed:  common worldly 
  gen:   common worldly brother,
One by that holy commonnatour dear creast.

ChijEN MARGISUCEit, our comfort belong upon him

Step 129950/214000 (epoch 15): loss = 1.1348 avg = 1.4145
  seed: d be gracious.

  gen:  d be gracious.

HASTINGS:
Good, to men's this dears, are under of give the mine thee?


Second Citizen:
Then his ene

Step 130000/214000 (epoch 15): loss = 1.2723 avg = 1.3958
  seed:  from age to age
  gen:   from age to age
Hark the prince, for the father which deseech will do king
My boys the other reconces of your know?

Step 130050/214000 (epoch 15): loss = 1.3326 avg = 1.3654
  seed: ld;
And that may
  gen:  ld;
And that may, my gentle say the love-the to to Edward,
And will the will be go live the longs
The times his is a

Step 130100/214000 (epoch 15): loss = 1.3526 avg = 1.3672
  seed: l embrace:
And t
  gen:  l embrace:
And that the go deserved your coust me
And the prince, I go with this is this come to your
That is heavy 

Step 130150/214000 (epoch 15): loss = 1.5024 avg = 1.3801
  seed: an, that I must 
  gen:  an, that I must me Julish to the straight,
His both princely for thy lord, for writh since
That to-night good them o

Step 130200/214000 (epoch 15): loss = 1.3773 avg = 1.4190
  seed: rd:'
And even he
  gen:  rd:'
And even here which your give the power,
From the pastrous princentable and confellies;
You well his world not 

Step 130250/214000 (epoch 15): loss = 1.7238 avg = 1.4292
  seed: a poor petitione
  gen:  a poor petitione
I will not to be my strue urge,
Procet of her impring all the my ta sleep
That set of the lark's gr

Step 130300/214000 (epoch 15): loss = 1.6703 avg = 1.4155
  seed: d saint which th
  gen:  d saint which thence impropect us the enour,
And so lose is royal of the king stand,
Let prepures but thy morth inte

Step 130350/214000 (epoch 15): loss = 1.7720 avg = 1.4052
  seed: n courtesy show'
  gen:  n courtesy show'd prince,
Whereon, hatesby her to the by the wife,
Dive not yet that, my my lord, or them,
Make thy 

Step 130400/214000 (epoch 15): loss = 1.1259 avg = 1.4372
  seed: CHESS OF YORK:
O
  gen:  CHESS OF YORK:
O, gentle one too the eap ereight in York.

SLYRREL LADY:
That I had the life my princencent draw thi

Step 130450/214000 (epoch 15): loss = 1.5382 avg = 1.4243
  seed: n the day of bat
  gen:  n the day of batter.

KING RICHARD III:
This propheal or loved of then me,
At my word like, that I do me here and,
A

Step 130500/214000 (epoch 15): loss = 1.5249 avg = 1.3746
  seed: To high promotio
  gen:  To high promotion
Then I'll forced and to the poor to bear weed
Than cannot for oncemed death; bukenders,
Thought ma

Step 130550/214000 (epoch 15): loss = 1.3528 avg = 1.3518
  seed: that Richmond is
  gen:  that Richmond is her deather a promise
A hast the bloody to prove thoughts art
A' served to the saughters oftemb'd!

Step 130600/214000 (epoch 15): loss = 1.7175 avg = 1.3893
  seed: clouds behold th
  gen:  clouds behold they undertain,
Couson upon of Nortom to makes Lord,
Which arms at bittle unwors with your greast.

KI

Step 130650/214000 (epoch 15): loss = 1.3924 avg = 1.4293
  seed: y strokes and mo
  gen:  y strokes and mother even to think
We nevil me power time to me?

KING RICHARD III:
If well not noble their been to 

Step 130700/214000 (epoch 15): loss = 1.4061 avg = 1.4407
  seed: y lord?

KING RI
  gen:  y lord?

KING RICHARD III:
No hather, they been excellige, yet the reveral trady.
How fear-hat foot the warshall sug

Step 130750/214000 (epoch 15): loss = 1.6378 avg = 1.4470
  seed: ain;
The blood i
  gen:  ain;
The blood in the word of all art of have twamb:
The Gods of Your Reters the sout in the sacress:
The souls are 

Step 130800/214000 (epoch 15): loss = 1.5974 avg = 1.4656
  seed: r's sight?
Or wi
  gen:  r's sight?
Or will for and my bold to my faughter,
So I do call I, but tonguest this man
The reason his cheep, even 

Step 130850/214000 (epoch 15): loss = 1.3628 avg = 1.4651
  seed: hal, let me kiss
  gen:  hal, let me kiss hither with piercument's sin:
And did I all of your brow, when I am,
Mayward be down accarge throat

Step 130900/214000 (epoch 15): loss = 1.6785 avg = 1.4750
  seed: et, nor reconcil
  gen:  et, nor reconcil sound and not my is a found,
Lirectory, in him used of my lance.

KING RICHARD II:
And life deligat

Step 130950/214000 (epoch 15): loss = 1.3438 avg = 1.4541
  seed: DUKE OF AUMERLE:
  gen:  DUKE OF AUMERLE:
The then so done the dreather's too
The birthus be our every name and are in thou yet
Thou art in t

Step 131000/214000 (epoch 15): loss = 1.4096 avg = 1.4906
  seed: r names?

JOHN O
  gen:  r names?

JOHN OF GAUNT:

Ghouse son, and news, I will in meath thy tide to pleasure
Thy to sons of this, yet and gr

Step 131050/214000 (epoch 15): loss = 1.4856 avg = 1.4717
  seed:  governor of Eng
  gen:   governor of England?

DUKE OF YORK:
Thou come this this sunders' for lives wretch
Berous and all enves was not in m

Step 131100/214000 (epoch 15): loss = 1.5947 avg = 1.4813
  seed: ,
The Lord North
  gen:  ,
The Lord Northus must thou art our grief,
The wilthal mounging, what death the enterly;
This feet his parting with

Step 131150/214000 (epoch 15): loss = 1.5340 avg = 1.4585
  seed: ervice,
Such as 
  gen:  ervice,
Such as law bast I have not a blood of thou is
Dispair welle-tlacks, I ave which as it,
One their sweard the

Step 131200/214000 (epoch 15): loss = 1.3703 avg = 1.4361
  seed: 
The king repose
  gen:  
The king repose winkly, his now with that I reverous there.

HENRY BOLINGBROKE:
O, make us own his ments tongue fri

Step 131250/214000 (epoch 15): loss = 1.0125 avg = 1.4486
  seed: e, dispersed and
  gen:  e, dispersed and honour from thee?
And well you she meet in his so earth,
Ze art Alow to this fortollign of that kin

Step 131300/214000 (epoch 15): loss = 1.6532 avg = 1.4697
  seed: astingly
That bi
  gen:  astingly
That birth my speak him grief and with a deed.

THOll noble powness.

KING RICHARD II:
Now is the worthy ba

Step 131350/214000 (epoch 15): loss = 1.1332 avg = 1.4495
  seed: k so fair?
Shall
  gen:  k so fair?
Shall urging rester he truth and worthy dread
Upon company thee contain of mine of the poor cousin,
Broth

Step 131400/214000 (epoch 15): loss = 1.6728 avg = 1.4661
  seed: ath seized the w
  gen:  ath seized the wifted as toward of short
the have to doblet time nows and been page,
Where heberland, therein to Com

Step 131450/214000 (epoch 15): loss = 1.3543 avg = 1.4492
  seed: , didst send two
  gen:  , didst send two them make
And like the may father thou, though death.

KING RICHARD II:
Harry you will nor of he si

Step 131500/214000 (epoch 15): loss = 1.5172 avg = 1.4566
  seed: Long mayst thou 
  gen:  Long mayst thou forth sull hand,
The digge this monation so on thee cross.
Therefore to repeal thee and say on alone

Step 131550/214000 (epoch 15): loss = 1.5006 avg = 1.4392
  seed:  thee in some re
  gen:   thee in some read;
All be hall rever the bosom care be so not.
But through dear
And may of the bring the stain thy 

Step 131600/214000 (epoch 15): loss = 0.9397 avg = 1.4409
  seed: 

DUKE OF AUMERL
  gen:  

DUKE OF AUMERLE:
You had many the true cut the to the enemy
To be walk their a the laguess.

KING RICHARD II:
Alas

Step 131650/214000 (epoch 15): loss = 1.5034 avg = 1.3934
  seed: ons their scrapi
  gen:  ons their scrapied woman,
His great it will how then keep thy worse
That he here herofor the majesty you to a come;

Step 131700/214000 (epoch 15): loss = 1.6774 avg = 1.4205
  seed: e music of men's
  gen:  e music of men's hearts.
His life and from of the nuntaughts men,
That is heart no tenders with the stops,
And take 

Step 131750/214000 (epoch 15): loss = 1.3977 avg = 1.4489
  seed: 
SAMPSON:
A dog 
  gen:  
SAMPSON:
A dog tell here that I cannot cive up,
They and set us outchers; shame plates,
Frive me hard thou, thou ar

Step 131800/214000 (epoch 15): loss = 1.3891 avg = 1.4799
  seed: IO:
See, where h
  gen:  IO:
See, where hold back of such means, good to some.

BENVOLIO:
Give! what I set baggar, to find thou,
And fear pre

Step 131850/214000 (epoch 15): loss = 1.5288 avg = 1.5078
  seed: n shin.

BENVOLI
  gen:  n shin.

BENVOLIO:
Myself my die me sight love so.

BENVOLIO:
Out a pity on one what is maker stand Bolingbrace,
Tha

Step 131900/214000 (epoch 15): loss = 1.3817 avg = 1.5368
  seed: ish lives in the
  gen:  ish lives in the leave feach daughter,
Post I have shall of your marry and as a feaction
With in move becair that, a

Step 131950/214000 (epoch 15): loss = 1.9455 avg = 1.5812
  seed: rvant:
Away with
  gen:  rvant:
Away with might again, no are wremes,
The were then; what with the hence!
Where in the matter's sepling I kno

Step 132000/214000 (epoch 15): loss = 1.4892 avg = 1.5516
  seed: is heir;
That fa
  gen:  is heir;
That fame and have conden and him!

CAPULET:
Thy true of Here:--
none paply your pastents.

Nurse:
No reppy

Step 132050/214000 (epoch 15): loss = 1.7358 avg = 1.5358
  seed: lush bepaint my 
  gen:  lush bepaint my heart themself
And man thee in the muke-like is is to be have heavy.

JULIET:
Yet is you in the happ

Step 132100/214000 (epoch 15): loss = 1.6484 avg = 1.5215
  seed: e!
What early to
  gen:  e!
What early to sword, then with misery,
And thou stand with suse sward's be back.

JULIET:
As me goes for on they 

Step 132150/214000 (epoch 15): loss = 1.2458 avg = 1.5473
  seed: 
ROMEO:
Thou was
  gen:  
ROMEO:
Thou was world.

BENVOLIO:
As chame the praised of so conj, all throne;
Which then stard time her but a send

Step 132200/214000 (epoch 15): loss = 1.7207 avg = 1.5428
  seed:  do nimble-pinio
  gen:   do nimble-pinions
Than his tide.

Nurse:
Ame an thy todly father is farthere by hoar doth-bood the
Ere reverties to

Step 132250/214000 (epoch 15): loss = 1.5869 avg = 1.5314
  seed: eep in the sun:
  gen:  eep in the sun:
Beyed you betwice to shall queen,
I say and how where is her here condome,
And daughter, they shall 

Step 132300/214000 (epoch 15): loss = 1.8528 avg = 1.5075
  seed: s
It back to Tyb
  gen:  s
It back to Tybalt, and hindered that arm'd
That so thee bited for arm thou with us heart
To betweens again.
Where 

Step 132350/214000 (epoch 15): loss = 1.3259 avg = 1.5238
  seed: mistaking, offer
  gen:  mistaking, offer and my cands,'
And leave my distrest thou that young the call:
Then? he kill Montague, givining do'

Step 132400/214000 (epoch 15): loss = 1.3665 avg = 1.5054
  seed:  nothing, sir, b
  gen:   nothing, sir, be print me so fist
Lithers for Angeen make his brow's no trurt.

Nurse:
The for this thou of he a mo

Step 132450/214000 (epoch 15): loss = 1.5960 avg = 1.5200
  seed: and unpleasing s
  gen:  and unpleasing shed.

ROMEO:
Fair not for leave there, it we says: foe, in thas
She will vertue; for this waster is 

Step 132500/214000 (epoch 15): loss = 1.4207 avg = 1.4877
  seed:  now I see this 
  gen:   now I see this to hears!

ROMEO:
Well, my be montabes of my hold be had,
I have should am a moing,'
That me and jud

Step 132550/214000 (epoch 15): loss = 1.6312 avg = 1.4541
  seed: my extremes and 
  gen:  my extremes and A may are makines livine,
For me my villain visies convey, to the speak?

JULIET:
Ah, consoly not Tu

Step 132600/214000 (epoch 15): loss = 1.4348 avg = 1.4531
  seed:  it should not,
  gen:   it should not,
Therefore kisself.
It veing so the both? incret thee with the lives,
With the back to the cape for t

Step 132650/214000 (epoch 15): loss = 1.5802 avg = 1.4757
  seed: p your tears, an
  gen:  p your tears, an fellow in ever grades?

MERCUTIO:
There hath can and expeck an on 'Ay!

LADY CAPULET:
By comes love

Step 132700/214000 (epoch 15): loss = 1.2530 avg = 1.5223
  seed: d, if you had th
  gen:  d, if you had these condemnaithst be
Time noble manged counseried for his present
Of with him ask nothing, thyself-s

Step 132750/214000 (epoch 15): loss = 1.6553 avg = 1.5165
  seed: ace of dim night
  gen:  ace of dim night,
Show every are thee son myself and of thee
At weep terly of it.

FRIAR LAURENCE:
She chieal with t

Step 132800/214000 (epoch 15): loss = 1.7978 avg = 1.4942
  seed: ld she kill hers
  gen:  ld she kill herself her was to summort:
But the of choes their sight.
The come; be procats and the true by miss,
In 

Step 132850/214000 (epoch 15): loss = 1.3599 avg = 1.4693
  seed: ve troops of sol
  gen:  ve troops of soldiers me:
Fles a desperatel'd in thine his some the vaunt
Is, and the loves more mantuaring and life

Step 132900/214000 (epoch 15): loss = 1.4083 avg = 1.4036
  seed: st I live,
To ho
  gen:  st I live,
To house court thy lightness and once to the world then
Would the cannot be drown and the proud with this

Step 132950/214000 (epoch 15): loss = 1.2455 avg = 1.3908
  seed: of the king,
Wit
  gen:  of the king,
Within in his should of my sumpany eyes
To traitor to father, as to alaid unterate of gits,
Shall tear 

Step 133000/214000 (epoch 15): loss = 1.3915 avg = 1.4309
  seed: EEN MARGARET:
Br
  gen:  EEN MARGARET:
Brother a noble night him? that in a scarching.

CLIFFORD:
This is it first the wraths such is when bo

Step 133050/214000 (epoch 15): loss = 1.8234 avg = 1.4693
  seed: un!
How well res
  gen:  un!
How well rest with they show my king you follow to take thees me,
And whippleason! me too his faces die,
To pres

Step 133100/214000 (epoch 15): loss = 1.5369 avg = 1.4777
  seed:  makes me speak.
  gen:   makes me speak.
But of Grey with a do the glorious dead begging of Warwick,
To back of the seek to best and Clarenc

Step 133150/214000 (epoch 15): loss = 1.2882 avg = 1.4488
  seed:  thus bold in te
  gen:   thus bold in tear their such for these would,
You there first by the shall tose men.

CLIFFORD:
Say the boy as come

Step 133200/214000 (epoch 15): loss = 1.5319 avg = 1.4367
  seed: must be prey,
Ye
  gen:  must be prey,
Yet that prouded the honour, thought ten
I set as reasons linger here be night leave.

EDWARD:
And who

Step 133250/214000 (epoch 15): loss = 1.3802 avg = 1.4598
  seed: is your sorrow; 
  gen:  is your sorrow; best barriage,
That were king out another we right him.

JULIET:
Ay, that thegthen but brother war.

Step 133300/214000 (epoch 15): loss = 1.2848 avg = 1.4492
  seed:  him pleaseth be
  gen:   him pleaseth before banish'd,
And to the soul! and our fellows, but a what place,
And could a conquaint so man we p

Step 133350/214000 (epoch 15): loss = 1.0964 avg = 1.4097
  seed: ESTER:

KING EDW
  gen:  ESTER:

KING EDWARD IV:
He winter'd with his holdly her see.

WARWICK:
Why did I am that what is finger's an ears.


Step 133400/214000 (epoch 15): loss = 1.6808 avg = 1.3821
  seed: w to get the cro
  gen:  w to get the crown:
And to be other exicks a stande I sword.

KING EDWARD IV:
An I know tay desing to my to the Fly 

Step 133450/214000 (epoch 15): loss = 1.0067 avg = 1.4021
  seed: KING LEWIS XI:
B
  gen:  KING LEWIS XI:
But what the such many such that fire,
Or straigue's sight stand.

GLOUCESTER:
Wor perivil from a res

Step 133500/214000 (epoch 15): loss = 1.3690 avg = 1.3892
  seed: hem over with ou
  gen:  hem over with our how to thee.

KING LEWIS XI:
And for the was break the subject Warwick.

WARWICK:
O honour I have 

Step 133550/214000 (epoch 15): loss = 1.3540 avg = 1.3616
  seed: ou fast,
For I w
  gen:  ou fast,
For I will care of looks of not tongue
Unless those had this will me me, fortune shame,
Even stard's harm '

Step 133600/214000 (epoch 15): loss = 1.3116 avg = 1.3578
  seed: t confess are fu
  gen:  t confess are full stir.

WARWICK:
And For I such is not from Platted my sorrow,
When I would it would were for a ma

Step 133650/214000 (epoch 15): loss = 1.3713 avg = 1.3651
  seed:  by Richard Duke
  gen:   by Richard Duke all I forth.
Why, dishould letter here die, if thou are aimpass
And I, and long leave falls safess 

Step 133700/214000 (epoch 15): loss = 1.3159 avg = 1.3800
  seed: eign.

KING HENR
  gen:  eign.

KING HENRY VI:
Hence is harry last in Edward, in this many
To grace on long son you to than shalt desire.

KI

Step 133750/214000 (epoch 15): loss = 1.4363 avg = 1.3726
  seed: ural,
To bend th
  gen:  ural,
To bend that bord naturet that the gate.

WARWICK:
Rendes how may dangers the not quencess?

OXFORD:
My father

Step 133800/214000 (epoch 15): loss = 1.4275 avg = 1.4148
  seed: ase some one of 
  gen:  ase some one of the face a wain the sumple,
You happly brother with hasted well you are:
The laid with heave those t

Step 133850/214000 (epoch 15): loss = 1.4633 avg = 1.3970
  seed: hou?
Thou art no
  gen:  hou?
Thou art not suffor the people that nee fee
And his a baz should reays my life, the stires
I speak, thou with h

Step 133900/214000 (epoch 15): loss = 1.2893 avg = 1.4228
  seed:  delights,
Havin
  gen:   delights,
Having with thou friend to this rieunkst the heaven,
The have him she trument for you have the crown
QUEE

Step 133950/214000 (epoch 15): loss = 1.3988 avg = 1.4931
  seed: y ours.

HERMION
  gen:  y ours.

HERMIONE:
What, for such for the procles have for but
And rook'd them with him, there stone,
My serve thim 

Step 134000/214000 (epoch 15): loss = 1.5713 avg = 1.5355
  seed: ng
'Sicilia is a
  gen:  ng
'Sicilia is a boar and were have die,
'Appare your stay indeed like with a blood.
I'll be a their heard; that for

Step 134050/214000 (epoch 15): loss = 1.5981 avg = 1.5427
  seed:  one
Who in rebe
  gen:   one
Who in rebes young liest so nothings!

WARWICK:
Lillains of me, and remelthort, and mine
Expain your near your 

Step 134100/214000 (epoch 15): loss = 1.3729 avg = 1.5161
  seed: MAMILLIUS:
Merry
  gen:  MAMILLIUS:
Merry them brother, now you been shappy'd
Cannot a sickle; where, my lord, ay, take onstriumphangooo,
Wit

Step 134150/214000 (epoch 15): loss = 1.5239 avg = 1.5222
  seed:  honesty:
There'
  gen:   honesty:
There's and sight be be us mall'd be thee
Who commany than the lest, Whom with dish of between wish insubs

Step 134200/214000 (epoch 15): loss = 1.4092 avg = 1.5144
  seed: ond Servant:
Mad
  gen:  ond Servant:
Madam the acce, that be love the accust shall piter.


ANTIGONUS:
Pray with deposthe mine dead's coltop

Step 134250/214000 (epoch 15): loss = 1.5472 avg = 1.4962
  seed: u adventure
To s
  gen:  u adventure
To soul-deviliant to them feaction
As and be as tag Lord.

PAULINA:
O at that he shall be we deceive: be

Step 134300/214000 (epoch 15): loss = 1.5768 avg = 1.5067
  seed:  but dream'd it.
  gen:   but dream'd it.

LEOMINI:
Thou we, I'll be what not of that us King of causabeful to do from the service:
Then the 

Step 134350/214000 (epoch 15): loss = 1.3847 avg = 1.5087
  seed: ther
Let me be p
  gen:  ther
Let me be partise of wonard to honour good
That duty son't being toward and and beliey't,
I, that conceives to 

Step 134400/214000 (epoch 15): loss = 1.5493 avg = 1.5579
  seed: ld man: if the s
  gen:  ld man: if the speak ever him.

Lord:
Now, yet that you wors, have sue patience. But there
And rave the and a from t

Step 134450/214000 (epoch 15): loss = 1.6816 avg = 1.5850
  seed: ields pound and 
  gen:  ields pound and a be
are'd to mine-for my himself the I love, when, of sin
espuch the bether may; where have done it

Step 134500/214000 (epoch 15): loss = 1.6308 avg = 1.5937
  seed: ntenance, as it 
  gen:  ntenance, as it he last sheep
In the city of thinks meaning, my lord in what
paon matter, and to life, for when you.

Step 134550/214000 (epoch 15): loss = 1.7604 avg = 1.5834
  seed: ant thing
indeed
  gen:  ant thing
indeed, so love thee! which is ere the world.

First mock. Nooth, will reven fold mother
ons end on and th

Step 134600/214000 (epoch 15): loss = 1.4129 avg = 1.5930
  seed: vant:
One three 
  gen:  vant:
One three of my for here monesty the finds
leof one things they thine of the prick;
You canst truest a king to

Step 134650/214000 (epoch 15): loss = 1.3447 avg = 1.5501
  seed: king back, not f
  gen:  king back, not fast let beid, as the fallo on thee
the hath I refore and sented to ore of shame
And it one a must wi

Step 134700/214000 (epoch 15): loss = 1.7998 avg = 1.5095
  seed: et, horn-ring,
t
  gen:  et, horn-ring,
the should sumb of my father, I do like you
May father.

AUTOLYCUS:
Go present, it is a man sinceity 

Step 134750/214000 (epoch 15): loss = 1.3868 avg = 1.5092
  seed: 
Shepherd:
None,
  gen:  
Shepherd:
None, this play and to the finesty from and the seek: thee, father see: and think,
That shall poor have o

Step 134800/214000 (epoch 15): loss = 1.6018 avg = 1.5006
  seed: es;
For has not 
  gen:  es;
For has not breder she impair I foreman
I see one and time to profest not with my far
a full atted forgot
To tha

Step 134850/214000 (epoch 15): loss = 1.3747 avg = 1.4971
  seed:  graceful gentle
  gen:   graceful gentleman
Have backing done bloodions
Have if my boot so my shall no purse, thing with
This hand, most as 

Step 134900/214000 (epoch 15): loss = 1.2754 avg = 1.4926
  seed: d his followers?
  gen:  d his followers?

FLORIZEL:
May sweet recond the stirtian, but still I than sacter.

CAMEIET:
I do much play him spe

Step 134950/214000 (epoch 15): loss = 1.4244 avg = 1.4725
  seed: er natural postu
  gen:  er natural posture, I think therefore
would me dreams of the believen thou doom the
to in the fears.

Ecents, sir, I

Step 135000/214000 (epoch 15): loss = 1.4980 avg = 1.4773
  seed: peech and discou
  gen:  peech and discourages, basty an honey
I could thy labour so shipherd, like shall shoest
The gall better,
As as thou 

Step 135050/214000 (epoch 15): loss = 1.5993 avg = 1.4739
  seed: ay, but I know '
  gen:  ay, but I know 'e's for of the court,
Would it with a lid the least let atter your soul.
You hastisty of the pleason

Step 135100/214000 (epoch 15): loss = 1.3914 avg = 1.4816
  seed: f me why I do th
  gen:  f me why I do the purpose the reasom, more,
And never and of me, and she the by so my promise?

LUCIO:
O, the like t

Step 135150/214000 (epoch 15): loss = 1.3224 avg = 1.4881
  seed: ce with wishing,
  gen:  ce with wishing, not you lieve may me,
Which days cheek him all to usking,--

When so sure ungery sings and fearing 

Step 135200/214000 (epoch 15): loss = 1.2283 avg = 1.4652
  seed:  wife any harm? 
  gen:   wife any harm? Besee, Lookny, if you have the
words she it. Now, sir, but throuse that you sight?

POMPEY:
Even wor

Step 135250/214000 (epoch 15): loss = 1.2743 avg = 1.4474
  seed: rvant:
Here is t
  gen:  rvant:
Here is the not what worth be prove your cher
thank you.

MISTRESS OVERDOROOS:
When in you to-night the repor

Step 135300/214000 (epoch 15): loss = 1.6992 avg = 1.4409
  seed: he tempter or th
  gen:  he tempter or the powers;
And that is this well the not men a quals
though hath whose feary.

ESCALUS:
Doth carry th

Step 135350/214000 (epoch 15): loss = 1.4250 avg = 1.4368
  seed: answer.

ANGELO:
  gen:  answer.

ANGELO:
Heaven I am for the doy'n and maded to remains
Why, who the king him.

ISABELLA:
Fall be lateer goo

Step 135400/214000 (epoch 15): loss = 1.6835 avg = 1.4483
  seed: 
And death unloa
  gen:  
And death unload my should be
To things and greaten the that with thousand,
And for a true that come in so savil,
W

Step 135450/214000 (epoch 15): loss = 1.4657 avg = 1.4545
  seed: he is most
glad 
  gen:  he is most
glad the other for from thy lord worship?

ANGELDOLA:
Look you buse worsubes; sin our sound fime
In it li

Step 135500/214000 (epoch 15): loss = 1.7109 avg = 1.4620
  seed:  is a life,
So s
  gen:   is a life,
So ship bannot with her her was the late, and that
this thou father becomfest a dost man suffer
let the 

Step 135550/214000 (epoch 15): loss = 1.4453 avg = 1.4526
  seed:  unhurtful an op
  gen:   unhurtful an opelate and all, as this
is in that he trust your but to accounterlect
matter in move thank
danced com

Step 135600/214000 (epoch 15): loss = 1.5241 avg = 1.4595
  seed: ttle door
Which 
  gen:  ttle door
Which I would your brother to much a grow him ford
their good more of death he come would have come me
And

Step 135650/214000 (epoch 15): loss = 1.0852 avg = 1.4407
  seed: t,
But he must d
  gen:  t,
But he must do callow for the very you
Unless to banisher appotry.
My heard and my lettermine of you:
I have made

Step 135700/214000 (epoch 15): loss = 1.2856 avg = 1.4454
  seed: SON:
Is the axe 
  gen:  SON:
Is the axe that the morninger; yet death, which,
Do all the other we kindness to scalst his was
adviled here sh

Step 135750/214000 (epoch 15): loss = 1.2153 avg = 1.4118
  seed: en medlar.

DUKE
  gen:  en medlar.

DUKE VINCENTIO:
So done you, where to alase?

DUKE EDWARNE:
I do the comperatory, but to sweet it!

Prov

Step 135800/214000 (epoch 15): loss = 1.2082 avg = 1.4286
  seed:  your reason ser
  gen:   your reason service, sir,
And vail the would very bawd him to ress,
And that he doubt the her yourself a gate worse

Step 135850/214000 (epoch 15): loss = 1.2113 avg = 1.3950
  seed: y,
But knows he 
  gen:  y,
But knows he dish? He come, let find, which they your cral savily,
My let the house, he with he had to the
by thi

Step 135900/214000 (epoch 15): loss = 1.4876 avg = 1.3914
  seed: US:
Such a fello
  gen:  US:
Such a fellows the poor, my last from of my fear on,
that the trumplant, and you are than this is
Where you poor

Step 135950/214000 (epoch 15): loss = 1.4155 avg = 1.3854
  seed: hat apprehends n
  gen:  hat apprehends not recome the duke,
As ave let you dies, I am against of the for this
done fiend,
For the landed; I 

Step 136000/214000 (epoch 15): loss = 1.4675 avg = 1.4462
  seed: s honour never h
  gen:  s honour never here?

Lomended you worshine he me an hiLoso and woman.

All your honour!
Authing is the espurped tho

Step 136050/214000 (epoch 15): loss = 1.4882 avg = 1.5056
  seed:  these
Which nev
  gen:   these
Which never deceive your open: if you is women:
To being that bear for than may tire thee,
And a love to see 

Step 136100/214000 (epoch 15): loss = 1.5482 avg = 1.5311
  seed: anca.

KATHARINA
  gen:  anca.

KATHARINA:
Come, what's will knew I have be worthing pleasure
And that satickly me you: he but me
Stay vain y

Step 136150/214000 (epoch 15): loss = 1.3538 avg = 1.5097
  seed: sh after,
That L
  gen:  sh after,
That Lady Tranio, and true the pering else no troubts,
And for thy lord in and hath some as thought.
Histe

Step 136200/214000 (epoch 15): loss = 1.3437 avg = 1.5200
  seed: ever Katharina w
  gen:  ever Katharina worshe will be goes fate!

HORTENSIO:
She, you have shall be so good better as with balthough not be;

Step 136250/214000 (epoch 15): loss = 1.2708 avg = 1.4766
  seed: r then is free a
  gen:  r then is free and his me?

HORTENSIO:
What's a from him our from me; see said is in me?

PETRUCHIO:
And a be you, e

Step 136300/214000 (epoch 15): loss = 1.4593 avg = 1.4521
  seed:  lands,
And in p
  gen:   lands,
And in prepant shall give to a inlewoors
your fair such sistracts, I say this roest:
A misery, if is with am

Step 136350/214000 (epoch 15): loss = 1.9843 avg = 1.4392
  seed:  Kate like the h
  gen:   Kate like the husband.

LUCENTIO:
All a in so it myself, herjures;
There in great maids their place may morrow.

KA

Step 136400/214000 (epoch 15): loss = 1.2632 avg = 1.4640
  seed: hat's but a cavi
  gen:  hat's but a cavisal,
Thy such is't cried a will not yet me, Signior mervant
That will a world for lamio, thy way bun

Step 136450/214000 (epoch 15): loss = 1.9786 avg = 1.4983
  seed: rned, a pair
of 
  gen:  rned, a pair
of it is to the find you must put is.

HORTENSIO:
I sing in Jumused altend with partier forgily,
That I

Step 136500/214000 (epoch 15): loss = 1.3479 avg = 1.5137
  seed: dine with me to-
  gen:  dine with me to-morrow.

BAPTISTA:
BeSTRUCHIO:
Should that a lamble no stome seecherich
As prospering with ask at th

Step 136550/214000 (epoch 15): loss = 1.5747 avg = 1.5000
  seed: ow she waded thr
  gen:  ow she waded thristione.

TRANIO:
If this presezis, or for she lead to my new,
my father, till order another's my fa

Step 136600/214000 (epoch 15): loss = 1.3550 avg = 1.5166
  seed: ove, sir, master
  gen:  ove, sir, master of my fregress or with mistress?
The shall sure as here and we 'An the rest.

MARINA:
Gruce, sir, b

Step 136650/214000 (epoch 15): loss = 1.3253 avg = 1.4714
  seed: se you get no be
  gen:  se you get no be somise!
A noble my poor of the king of Here I could
As nast her over-ind there you show he shall
To

Step 136700/214000 (epoch 15): loss = 1.6255 avg = 1.4785
  seed: ;
There will we 
  gen:  ;
There will we the more with these for would frow belove me,
France than thee in hither deat to him the choer:
I kn

Step 136750/214000 (epoch 16): loss = 1.4610 avg = 1.4835
  seed: u must
Confess y
  gen:  u must
Confess you, then ways to the dreams.

TRANIO:
I particure: cousin the world it to more.

All:
Therefore the 

Step 136800/214000 (epoch 16): loss = 1.5780 avg = 1.5081
  seed: eath!
The rabble
  gen:  eath!
The rabble old known to my hearing the all
Till these the sea, and with all with in worse
of you theirs face, 

Step 136850/214000 (epoch 16): loss = 1.4610 avg = 1.5105
  seed: g him:
Methinks 
  gen:  g him:
Methinks Senath; and in he peopine and known
Many one thee honour love
They when advented an evost unjustiump

Step 136900/214000 (epoch 16): loss = 1.4660 avg = 1.5176
  seed: n the sudden,
Cl
  gen:  n the sudden,
Cliked would dies us. Thee which away where, they we than is rerongs.

VALERIA:
Signess of France?

Th

Step 136950/214000 (epoch 16): loss = 1.3726 avg = 1.5148
  seed: ear not our care
  gen:  ear not our care
That mise of any us with their
Recond a sensitys! Come the perched bedness?

MARCIUS:
Methink you w

Step 137000/214000 (epoch 16): loss = 1.6921 avg = 1.5163
  seed: pitable canon, w
  gen:  pitable canon, with hedry o'er to some poor of my seeching and fire a meet
As bied and the shall be.

CORIOLANUS:
Yo

Step 137050/214000 (epoch 16): loss = 1.5513 avg = 1.5364
  seed: hat:
an he had s
  gen:  hat:
an he had such you faults, sir, you call'd for to for
discertain as I will anothers; that good well
And wotst C

Step 137100/214000 (epoch 16): loss = 1.1802 avg = 1.5301
  seed: rs and eyes for 
  gen:  rs and eyes for master
The tears again, eyes hath bear your him
on name of thee them in the will heart
the wounder p

Step 137150/214000 (epoch 16): loss = 1.0862 avg = 1.5143
  seed:  Coriolanus, are
  gen:   Coriolanus, are stood of a see
Than it.

SICINIUS:
Good of his by mine in the very been him.

LURE not commaning
To

Step 137200/214000 (epoch 16): loss = 1.0665 avg = 1.4665
  seed: erefore give
you
  gen:  erefore give
you came you slaw.

CORIOLANUS:
What villaint with have speak: buddon with he here is 'lopper
From my b

Step 137250/214000 (epoch 16): loss = 1.8895 avg = 1.4536
  seed: m whence came
Th
  gen:  m whence came
That blood with you, you have take one honest are
that in our complebad, on his content now
But of his

Step 137300/214000 (epoch 16): loss = 1.7443 avg = 1.4373
  seed: l,'
His popular 
  gen:  l,'
His popular becommon you fair for well,
You are prison be Julius may them of sight to't:
Thou are will! Belory h

Step 137350/214000 (epoch 16): loss = 1.2929 avg = 1.4292
  seed: 

COMINIUS:
Come
  gen:  

COMINIUS:
Come, gitizens.

BRUTUS:
Not sweed, till your will but a favour me?

LARTIUS:
You it my piece, I be will

Step 137400/214000 (epoch 16): loss = 1.4482 avg = 1.4288
  seed: Before he should
  gen:  Before he should to't:
And rerolved to be well is frectorst will
To might obeded of your suitor it.

CORIOLANUS:
Bes

Step 137450/214000 (epoch 16): loss = 1.3360 avg = 1.4331
  seed: old prerogative
  gen:  old prerogative
To from the drums it the rack'd, and secon this
ap, he thy day were thy brave the Isabout admy the s

Step 137500/214000 (epoch 16): loss = 1.5310 avg = 1.4202
  seed:  blows,
When mos
  gen:   blows,
When most strew our or peaces upon with these
That done straight father's to be foreased about,
All I will s

Step 137550/214000 (epoch 16): loss = 1.6789 avg = 1.4250
  seed:  heard it
said, 
  gen:   heard it
said, in their put soul--the head of the gone precess.

MENENIUS:
I am a boath, I enoming: in he are mothe

Step 137600/214000 (epoch 16): loss = 1.6442 avg = 1.4145
  seed: t if so be
Thou 
  gen:  t if so be
Thou to you buy are cut
Shall I do the gods fear.

CORIOLANUS:
Where me a poorise: whence, thou hast has 

Step 137650/214000 (epoch 16): loss = 1.5373 avg = 1.4254
  seed: af, sleepy, inse
  gen:  af, sleepy, inself with for his into own has excuses
Against not our dost him: so make the sent thy
Underal: why mis

Step 137700/214000 (epoch 16): loss = 1.3939 avg = 1.4274
  seed: ing upon Rome, s
  gen:  ing upon Rome, soon and buson begin us
Have sufferance to with sulshire of an:
Upon against be some of what not doth

Step 137750/214000 (epoch 16): loss = 1.1223 avg = 1.4335
  seed: MENENIUS:
What s
  gen:  MENENIUS:
What shall dost me; o' then me: as the seats go.

First Servingman:
Think the discu. The droop to so and c

Step 137800/214000 (epoch 16): loss = 1.1601 avg = 1.4272
  seed: ent for keeping 
  gen:  ent for keeping our friar man home?

MENENIUS:
I say deaded if with a fellows!

Roman:
What's for this life,---
Agai

Step 137850/214000 (epoch 16): loss = 1.3516 avg = 1.4602
  seed:  this world.

VI
  gen:   this world.

VIRGILIA:
Why, and give he is with would by than on a go,
Anor our hour husband: he was not for
Thing 

Step 137900/214000 (epoch 16): loss = 1.4455 avg = 1.4723
  seed: !

MENENIUS:
Thi
  gen:  !

MENENIUS:
Think your minnell eneman's friends, he had I have him,
And make the as a crate shamman stop--tis it
Of

Step 137950/214000 (epoch 16): loss = 1.5770 avg = 1.4590
  seed: tis there,
That,
  gen:  tis there,
That, he hear the doth enterms commorrow,
And the virtain the pity, ho! we prate his like
Than he the dea

Step 138000/214000 (epoch 16): loss = 1.4073 avg = 1.4972
  seed: ve nought to do.
  gen:  ve nought to do.
He carced not Jokille not honour.

First Citizen:
The grave on Vells. Why, Come, let all's words,
L

Step 138050/214000 (epoch 16): loss = 1.3996 avg = 1.4929
  seed: .

LADY ANNE:
O 
  gen:  .

LADY ANNE:
O childer not that by more made thee,
As may love and all up that not down all follower should,
Away i

Step 138100/214000 (epoch 16): loss = 1.0941 avg = 1.4218
  seed: UCESTER:
But sha
  gen:  UCESTER:
But shames oft my bethine her life wice.

GLOUCESTER:
What we ask the being this from and such faul,
And bl

Step 138150/214000 (epoch 16): loss = 1.3480 avg = 1.4421
  seed: tle person made 
  gen:  tle person made in of points.

GLOUCESTER:
Goood her one person, but besiness myself.

GLOUCESTER:
A cold werve work

Step 138200/214000 (epoch 16): loss = 1.4930 avg = 1.4360
  seed: d in mine!
Long 
  gen:  d in mine!
Long brood, makest back with your grant thou fair,
And country Clarease which stimate;
Which will them di

Step 138250/214000 (epoch 16): loss = 1.6561 avg = 1.4349
  seed: f holy writ;
And
  gen:  f holy writ;
And make shalt at the cause our cloose,
And shame deby that that's taid not speaks,
And prayer of my op

Step 138300/214000 (epoch 16): loss = 1.2114 avg = 1.4411
  seed: n dregs of consc
  gen:  n dregs of conscarouldo being to it,
When your in then, he the seems to aloud
That the storm of Alarken a my sounded

Step 138350/214000 (epoch 16): loss = 0.9662 avg = 1.4013
  seed: s deed will hate
  gen:  s deed will hateg enders dever.

KATHARRENCE:
If thou that you for as the son? what thy man therefore deed?

Second 

Step 138400/214000 (epoch 16): loss = 1.5213 avg = 1.4009
  seed: and bade me be a
  gen:  and bade me be again prince I will part
To let all in my dead be oddering and give comes me are injuriss,
By my do h

Step 138450/214000 (epoch 16): loss = 1.3660 avg = 1.4165
  seed: her, I do cry yo
  gen:  her, I do cry your will hast the going,
When swear to both him earth, and unlign's poor here
And long it a deept in 

Step 138500/214000 (epoch 16): loss = 1.2789 avg = 1.4039
  seed:  OF YORK:
His nu
  gen:   OF YORK:
His nume is love the please unto the lay;
Who harr the from the brother, husband that
Though at light very

Step 138550/214000 (epoch 16): loss = 1.2310 avg = 1.3888
  seed: man,
I'll win ou
  gen:  man,
I'll win our holy lent the quires not my quarrel,
You shall me we with son. Whilst the senter!

CARDINABHOLIZAB

Step 138600/214000 (epoch 16): loss = 1.6428 avg = 1.3615
  seed: To trust the moc
  gen:  To trust the mock you have,
Great you the soul Vere joy me. You as thee?

GLOUCESTER:
Ay, sir, sire that distress of

Step 138650/214000 (epoch 16): loss = 1.2080 avg = 1.3566
  seed:  of yours;
Nor I
  gen:   of yours;
Nor I; then do writizen you now shall spart
Mark Fresh thrustion you, from there was to:
And me there the

Step 138700/214000 (epoch 16): loss = 1.4412 avg = 1.3799
  seed:  me and my good 
  gen:   me and my good wrong.

BUCKINGHAM:
Wherein intenistion thee opparelage.

BUCKINGHAM:
yea, do day what look upon you

Step 138750/214000 (epoch 16): loss = 1.3883 avg = 1.4125
  seed:  for myself,
No 
  gen:   for myself,
No head with gentleman, you are scounted and one,
And take my far faction by help lay father's mine you

Step 138800/214000 (epoch 16): loss = 1.3721 avg = 1.4276
  seed: 
From the corrup
  gen:  
From the corrupts?
Proicature as a shame witchangeds your grace,
How the consue look to come to at past
Has come of

Step 138850/214000 (epoch 16): loss = 1.4824 avg = 1.4184
  seed: sleep,
But have 
  gen:  sleep,
But have losse in whils you to preseth
Your arm, the prince, and the day.

BRAKENBURY:
I' both mind that took

Step 138900/214000 (epoch 16): loss = 1.1799 avg = 1.3812
  seed: hy, then resolve
  gen:  hy, then resolved that
To long whom of it in marved witing greest
The day throng the soul not be so morn your stone;

Step 138950/214000 (epoch 16): loss = 1.8037 avg = 1.4387
  seed: o buy souls
And 
  gen:  o buy souls
And the daughter that lack'd the not,
That I would pass-evil says is your divil.

TYRREL:
They bloody da

Step 139000/214000 (epoch 16): loss = 1.2670 avg = 1.4089
  seed: praying nuns, no
  gen:  praying nuns, no regired with the dead?

DUCHESS OF YORK:
They we are that you warp, banice:
There kender for the wa

Step 139050/214000 (epoch 16): loss = 1.4255 avg = 1.3774
  seed: flame
Of golden 
  gen:  flame
Of golden sorrown that deat that with her.

QUEEN ELIZABETH:
Who, I partience part enduced of the daave.

KING

Step 139100/214000 (epoch 16): loss = 1.4785 avg = 1.3477
  seed: n make,
And meet
  gen:  n make,
And meet bid with this tongue to be deserve
And blood, by good Richard one?

KING RICHARD III:
Nows thou by 

Step 139150/214000 (epoch 16): loss = 1.3998 avg = 1.3912
  seed: jest.
Thus doth 
  gen:  jest.
Thus doth Right willoy morth of Buckingham;
And chalms made filling give the trouble;
When is Richmen upon hon

Step 139200/214000 (epoch 16): loss = 1.5122 avg = 1.4250
  seed: h troubled thoug
  gen:  h troubled thought:
Then Clarenou?

KING RICHARD III:
What, the talk with, madams.
Or news, very toward wars fair th

Step 139250/214000 (epoch 16): loss = 1.3133 avg = 1.4332
  seed: rs shall be plac
  gen:  rs shall be place sweet of you.

RICHMOND:
Do bryoks up then, fair no Lord sovereign:
She he is eldeed by the to Cat

Step 139300/214000 (epoch 16): loss = 1.6944 avg = 1.4484
  seed: und inhabitable,
  gen:  und inhabitable,
Hen, to my the your soul stand on turns;
Our claim this to my cold your nroke
And meetime to prepet

Step 139350/214000 (epoch 16): loss = 1.5799 avg = 1.4636
  seed:  you, we shall s
  gen:   you, we shall sweethering of the right;
And be to again, fame not this be myself!
As heart's bed in the danger's th

Step 139400/214000 (epoch 16): loss = 1.6613 avg = 1.4526
  seed: ne a tear
For me
  gen:  ne a tear
For me that all mistake men, dever here at the abstance!
Let to the me's stir mourn, defend as and myself

Step 139450/214000 (epoch 16): loss = 1.3412 avg = 1.4653
  seed: WBRAY:
No, Bolin
  gen:  WBRAY:
No, Boling with an and to the royal orsweet villain.

Messu:
Harry are in this from fears been to sort
Uned f

Step 139500/214000 (epoch 16): loss = 1.5377 avg = 1.4470
  seed: ople;
How he did
  gen:  ople;
How he did a cousin flight acce to thee?
Go thank'st gived it not and in heaverle
The glass the fight is our n

Step 139550/214000 (epoch 16): loss = 1.5809 avg = 1.4756
  seed:  liest in reputa
  gen:   liest in reputation;
Or exave the ears every father time have breath?

HENRY BOLINGBROKE:
Wase use in war; but, aft

Step 139600/214000 (epoch 16): loss = 1.4011 avg = 1.4579
  seed: hou wouldst spea
  gen:  hou wouldst speak.
Now, well, and counsenge, and thy shoulds,
Where with a wallse your we heart me.

KING RICHARD II

Step 139650/214000 (epoch 16): loss = 1.4263 avg = 1.4725
  seed: BUSHY:
Despair n
  gen:  BUSHY:
Despair nought we wrick an fright toward's party,
And then, boised nothing still be our with wing's devised.

Step 139700/214000 (epoch 16): loss = 1.4268 avg = 1.4478
  seed: eard;
And in it 
  gen:  eard;
And in it for Richard with a more so his.
Before her is ruele-my speevent of our too I lost!

CATESBY:
Berkell

Step 139750/214000 (epoch 16): loss = 1.7132 avg = 1.4355
  seed: thy glory like a
  gen:  thy glory like a reparise,
And the live his days must found of overmity:
I am men you hands to much natires,
And wit

Step 139800/214000 (epoch 16): loss = 1.5583 avg = 1.4416
  seed: glory. Look not 
  gen:  glory. Look not conf, morest--

LADY BOHI:
My liege: I cartain, years, night good prephate me
To singly my sove you 

Step 139850/214000 (epoch 16): loss = 1.3316 avg = 1.4541
  seed: sbury
Is gone to
  gen:  sbury
Is gone to better of look a part me;
This is their woe'eping of his enjoy roying and for my king,
Which I have

Step 139900/214000 (epoch 16): loss = 0.8957 avg = 1.4367
  seed: ee and me.

DUKE
  gen:  ee and me.

DUKE OF YORK:
And know thy marm death a lost in the Taid to the king
Ento his farewellss not so content 

Step 139950/214000 (epoch 16): loss = 1.4236 avg = 1.4620
  seed: ready, and depos
  gen:  ready, and depose the king lighty sorrow we worsesh heart
Shall handered, wear'd for shall been of they king;
And he

Step 140000/214000 (epoch 16): loss = 1.7565 avg = 1.4439
  seed: e ensign of the 
  gen:  e ensign of the king no me the earloud
I had scor give; even, take on joy,
To God have hell tear's his were it false

Step 140050/214000 (epoch 16): loss = 1.4802 avg = 1.4494
  seed: op
To read a lec
  gen:  op
To read a lecrear of Baking good rence
That day to one unralest so courselves,
With not a great my lies all to sh

Step 140100/214000 (epoch 16): loss = 1.3997 avg = 1.4377
  seed: f men.
Good some
  gen:  f men.
Good some say one yet take uno the done come.

KING RICHARD II:
Ariven, you chard chore, hige I sead
Dish wit

Step 140150/214000 (epoch 16): loss = 1.3354 avg = 1.4244
  seed: ORK:
What should
  gen:  ORK:
What should present to be mine spitess; lord, not me speaks of with such the blood
Have you will trowing will d

Step 140200/214000 (epoch 16): loss = 1.4054 avg = 1.3889
  seed: for your foul si
  gen:  for your foul sight
Made it valong bundred made be oaths,
To more it yet think matchers acreat thee?
Where thee time

Step 140250/214000 (epoch 16): loss = 1.5867 avg = 1.4199
  seed:  minutes, times,
  gen:   minutes, times, king your move outwer shall
To word: he patient. I have the for them as all I
To tried conte my ver

Step 140300/214000 (epoch 16): loss = 1.3771 avg = 1.4435
  seed:  myself a tyrant
  gen:   myself a tyrant,
Your carcy are be good send to this do art
By tapper his greater cousin'st; barry, fast;
Found I a

Step 140350/214000 (epoch 16): loss = 1.4360 avg = 1.4707
  seed: in his view,
Sho
  gen:  in his view,
Should of the years arms freeltime to our word.

DUCHESS OF YORK:
Wancame my disouls against bones of h

Step 140400/214000 (epoch 16): loss = 2.0436 avg = 1.5137
  seed: io; Signior Plac
  gen:  io; Signior Place I here the least shedy.

HENRY PERCY:
Bring night against will she were aninkling rebble,
For inte

Step 140450/214000 (epoch 16): loss = 1.4086 avg = 1.5296
  seed: d in
the pantry,
  gen:  d in
the pantry, and as way is the fair turns:
You say and Sir foul of sout the worments.

GREGO:
But here: it prpor

Step 140500/214000 (epoch 16): loss = 1.5395 avg = 1.5758
  seed: o dance? she tha
  gen:  o dance? she that diss on her the tooon.

ROMEO:
You washman be this prider: I have lay not leads
To shall sy; and o

Step 140550/214000 (epoch 16): loss = 1.3079 avg = 1.5434
  seed: centre out.

BEN
  gen:  centre out.

BENVOLIO:

Kold All I will solemn, wish!
The hath men! the brow! Richard of his put little.

SCAN:

JUL

Step 140600/214000 (epoch 16): loss = 1.2461 avg = 1.5275
  seed: tleman, I'll pro
  gen:  tleman, I'll proce and all me they chances.

ROMEO:
Why would and hem cleast thou then both is well
That conding son

Step 140650/214000 (epoch 16): loss = 1.2498 avg = 1.5131
  seed:  father? no;
I h
  gen:   father? no;
I have is suckle shall costones canning to me
hereafter fall wirl the from this good sycall be but be.

Step 140700/214000 (epoch 16): loss = 1.5508 avg = 1.5410
  seed: 
thou what thou 
  gen:  
thou what thou soling to Ratches and a gentlein.

ROMEO:
for in unsal of heavy the through flatter thee;
With word 

Step 140750/214000 (epoch 16): loss = 1.6308 avg = 1.5386
  seed:  sad?
Though new
  gen:   sad?
Though new hast Romeo, betwer hath made my solementiful
With care to taid! I sert the a may papt, and such for

Step 140800/214000 (epoch 16): loss = 1.2567 avg = 1.5212
  seed: d and a blow.

T
  gen:  d and a blow.

TYBALT:
Your from as father, yet is stay preserved as but a that
and mean a gaze the goddoom and a go

Step 140850/214000 (epoch 16): loss = 1.4641 avg = 1.5032
  seed:  him false; he s
  gen:   him false; he such to his put so!
It that nights rible good cale thine, eyes cive step;
This at the plain, wilt not

Step 140900/214000 (epoch 16): loss = 1.5705 avg = 1.5222
  seed:  said 'Tybalt's 
  gen:   said 'Tybalt's shalf
Of you art His straighter'd that plain desire
That are of apacel as on his fair, and for than 

Step 140950/214000 (epoch 16): loss = 1.4728 avg = 1.5070
  seed: ng beast in seem
  gen:  ng beast in seems.

ROMEO:
All thou wounds thank you, thoughsave should heir
To that is thinks me, when pening,
As m

Step 141000/214000 (epoch 16): loss = 1.2951 avg = 1.5079
  seed: d.

JULIET:
Art 
  gen:  d.

JULIET:
Art thou fast thou shall have thee, my me shall used:
It's never her hand child so thee;
And so our wilt

Step 141050/214000 (epoch 16): loss = 1.6884 avg = 1.4857
  seed: ave her match'd:
  gen:  ave her match'd:
I were no much rought thee those we it,
Or word; all he heart with mist thou day of Friar;
Ha's bid

Step 141100/214000 (epoch 16): loss = 1.4011 avg = 1.4455
  seed: est, I'll give t
  gen:  est, I'll give the store do.

JULIET:
Ay, thou shall signd shall go will, disdoman, the worthy peace?

Nurse:
And th

Step 141150/214000 (epoch 16): loss = 1.5546 avg = 1.4533
  seed:  shroud; where, 
  gen:   shroud; where, bed out on more earls,
Which gentleman, on you matter citizellicould.
What resure of thou in faint, 

Step 141200/214000 (epoch 16): loss = 1.4166 avg = 1.4736
  seed:  corse unto her 
  gen:   corse unto her and bouthsich made!

PARIS:
My loat youthful dropy the king of thing,
Of the learn yet so this black

Step 141250/214000 (epoch 16): loss = 1.5731 avg = 1.5138
  seed: ind a bare-foot 
  gen:  ind a bare-foot time,
And here hath is go; our back a bed,
Unless' wreck, and not cousic coward that steeth:
I am; s

Step 141300/214000 (epoch 16): loss = 1.4486 avg = 1.5181
  seed: d! how oft to-ni
  gen:  d! how oft to-night.

SAMPEY:
I will there to be some lade of night;
With thee, fies teeth blood stonger,
And I must

Step 141350/214000 (epoch 16): loss = 1.4381 avg = 1.4863
  seed: , some minute er
  gen:  , some minute ere to be:
I have miswife ship sear advose show our with thee wale fear
To is call to time head the ha

Step 141400/214000 (epoch 16): loss = 1.2626 avg = 1.4568
  seed: 
In following th
  gen:  
In following the the day by deter course.

PRINCE:
At I knows Juliet, we resign's here is torch.

PRINCE:
Stand me 

Step 141450/214000 (epoch 16): loss = 1.3031 avg = 1.3866
  seed:  I, with grief a
  gen:   I, with grief and that he despile therein him allost
The hear pardonours of Larrient, hearing this lips,
Which that

Step 141500/214000 (epoch 16): loss = 1.5737 avg = 1.3882
  seed: YORK:
Five men t
  gen:  YORK:
Five men then thy be down the lords,
And hath live them sall so his their love,
Nor not by thee! if thou what 

Step 141550/214000 (epoch 16): loss = 1.3305 avg = 1.4255
  seed: s napkin with th
  gen:  s napkin with thine two the prove his our king;
Which spare to the to my this hour what that would thines:
And of th

Step 141600/214000 (epoch 16): loss = 1.5164 avg = 1.4672
  seed: g by our meeds,
  gen:  g by our meeds,
That grow of the rock the they dost none.
Why, he make was blood of as thou such me:
Farewell! my ge

Step 141650/214000 (epoch 16): loss = 1.5579 avg = 1.4704
  seed: sion,
His oath e
  gen:  sion,
His oath else an a she princely far the hought
Im the flamens tege and skill struth!

CLIFFORD:
What I have of

Step 141700/214000 (epoch 16): loss = 1.1439 avg = 1.4334
  seed:  old York, and y
  gen:   old York, and your would in head to be spass;
And thou art the tidls procious wantor?
And stors the steen, our with

Step 141750/214000 (epoch 16): loss = 1.8524 avg = 1.4312
  seed: wear at the Olym
  gen:  wear at the Olymitys,
I'll be this kille good throws the ten
That the whead sent stand a mour sast his from the seep

Step 141800/214000 (epoch 16): loss = 1.5493 avg = 1.4523
  seed: ly, father, fly!
  gen:  ly, father, fly!
For mild me a saide of it my holy press?
And when how thy should my little kings
That is thys mile 

Step 141850/214000 (epoch 16): loss = 1.4892 avg = 1.4426
  seed: s lost.
Here sta
  gen:  s lost.
Here stays thy doths two thing will life;
Nor never thy gay him, let do be conf,
That straitors of life on t

Step 141900/214000 (epoch 16): loss = 1.1286 avg = 1.3891
  seed: ke exceptions to
  gen:  ke exceptions to Tury please;
Therefore now of any of to my face you means,
How ingree return a both cause another,

Step 141950/214000 (epoch 16): loss = 1.8516 avg = 1.3872
  seed:  slay more gazer
  gen:   slay more gazers will,
I'll broan other an our crack'd not son
Methink upfligate to a many my embed;
How even minde

Step 142000/214000 (epoch 16): loss = 1.4494 avg = 1.4000
  seed:  or your denial,
  gen:   or your denial, and thou to them where in his affects;
Frith being save his so for the Lewreress.

QUEEN MARGARET:

Step 142050/214000 (epoch 16): loss = 1.2830 avg = 1.3812
  seed: new marriage wit
  gen:  new marriage with son
As fly thy suffrie, that the lister and his ever;
With our lady, now'd divise of a murder fall

Step 142100/214000 (epoch 16): loss = 1.3603 avg = 1.3572
  seed: blood and by all
  gen:  blood and by all King
By the king God wells your fall's tongue;
For I how was his father's peck upon and viiek,
And 

Step 142150/214000 (epoch 16): loss = 1.3328 avg = 1.3538
  seed: mes towards Lond
  gen:  mes towards London himself Kate me.

KING EDWARD IV:
I cannot court a king set both prince with cave the breath,
Wer

Step 142200/214000 (epoch 16): loss = 1.3764 avg = 1.3610
  seed: l him, to his ha
  gen:  l him, to his hath your bring there.

KING HENRY VI:
So see help, and mind them to but them,
Show he make my heaven 

Step 142250/214000 (epoch 16): loss = 1.3155 avg = 1.3671
  seed: ne.

EXETER:
The
  gen:  ne.

EXETER:
Then Stalk, before down in this jurgse haven than crown,
To rusicking himself like in huntoy'd blocks,

Step 142300/214000 (epoch 16): loss = 1.2412 avg = 1.3722
  seed: ults,
For I will
  gen:  ults,
For I will before iscAs prince and the petion:
Shall sedeeds thy call we off Edward upon
The thing thee, to di

Step 142350/214000 (epoch 16): loss = 1.4733 avg = 1.4136
  seed: here--as God for
  gen:  here--as God force at and the couldient,
That know lot, as his subjod of his from again!
What, and thou will rest in

Step 142400/214000 (epoch 16): loss = 1.3032 avg = 1.3830
  seed:  my lord. What, 
  gen:   my lord. What, nor even state.

MARGNCE:
O, do you this worthy night at thou persured.

KING EDWARD IV:
Armine, my 

Step 142450/214000 (epoch 16): loss = 1.7476 avg = 1.4252
  seed: ervices are now 
  gen:  ervices are now deals by death.
And tell be fool be; tready, not be?
No, Petruch stopful mischers haste and the prin

Step 142500/214000 (epoch 16): loss = 1.2138 avg = 1.4824
  seed: not.
Hermione, m
  gen:  not.
Hermione, my son longer in then linds:
I joy our delive the little in so matal long.

POLIXENES:
The strahargan

Step 142550/214000 (epoch 16): loss = 1.0255 avg = 1.5255
  seed: nger.

LEONTES:
  gen:  nger.

LEONTES:
Yout, I will soul of this crown, or many to last.

LEONTES:
That betir her,
Being nows my weay, the 

Step 142600/214000 (epoch 16): loss = 1.4002 avg = 1.5345
  seed: 

POLIXENES:
The
  gen:  

POLIXENES:
The is nothing to much sitise footh like.
The nothing strongs, as this fool, and reso the dull; and,
Th

Step 142650/214000 (epoch 16): loss = 1.6119 avg = 1.5095
  seed: n scour so on th
  gen:  n scour so on that brown!

ThOMNO:
I cannot cry days news that have to pher
'Te best, Is speak this to waster
My wif

Step 142700/214000 (epoch 16): loss = 1.4781 avg = 1.5153
  seed: tter,
The loss, 
  gen:  tter,
The loss, my wife is the heaven than me course:
I' were is my leave at the lest, yet shief:
I will contend cur

Step 142750/214000 (epoch 16): loss = 1.2686 avg = 1.5026
  seed: t me:
I knew she
  gen:  t me:
I knew she now with you, innow his and not.
I had when your liber'd you
Ing of the took with shall to out inst

Step 142800/214000 (epoch 16): loss = 1.5913 avg = 1.4873
  seed: some remote and 
  gen:  some remote and thou rought
A say'd I'll trumble be drunk'd your laber.

LEONTES:
What Do I say, 'tis it sheep the t

Step 142850/214000 (epoch 16): loss = 1.5900 avg = 1.5038
  seed: is presence
I am
  gen:  is presence
I am reg of change adversance an high
Than one answallence
The lifit even ancomfimes, Can ent have woman

Step 142900/214000 (epoch 16): loss = 1.5235 avg = 1.4971
  seed: ll visit
The cha
  gen:  ll visit
The chare the heap thou do perfolk out
Would is guch the dogether stand alloss.

Clow! iffor:
Brother, thou

Step 142950/214000 (epoch 16): loss = 1.3330 avg = 1.5515
  seed: at he is, fetch 
  gen:  at he is, fetch for his more with thou with
When the city.

ANTIGONUS:
What sheep, how I sheels in the this grace
To

Step 143000/214000 (epoch 16): loss = 1.9980 avg = 1.5936
  seed: ; dates?--none, 
  gen:  ; dates?--none, so come.

Clown:
That law; how so, that in the ollow you notes
The sord a dimpa
A wise the city mist

Step 143050/214000 (epoch 16): loss = 1.5414 avg = 1.5902
  seed:  You are retired
  gen:   You are retired.

AUTOLYCUS:
Nor young them for any only. What, be when the smen all.

Clown:
I be is, nome suspite

Step 143100/214000 (epoch 16): loss = 1.9032 avg = 1.5903
  seed: le conceited
fel
  gen:  le conceited
fellow it droops angel stale he nature not
I she made walk, have sheeps and time them she good me one
b

Step 143150/214000 (epoch 16): loss = 1.6640 avg = 1.5832
  seed:  would have rans
  gen:   would have rans wife; they throw. Where sworn
a insurest.

LEONTES:
Since it yourself a diest a father; they thou
t

Step 143200/214000 (epoch 16): loss = 1.5842 avg = 1.5386
  seed: mar the seeds wi
  gen:  mar the seeds with-in
Flown blood it him; for foother monthree witness
Should from enturn'd our hange to mine I same

Step 143250/214000 (epoch 16): loss = 1.7331 avg = 1.5163
  seed: d keys off that 
  gen:  d keys off that feolish
Wors And villain: to we save your buse every swear
Or of death times of you seems at offench

Step 143300/214000 (epoch 16): loss = 1.0493 avg = 1.4941
  seed: n this hour, if 
  gen:  n this hour, if your fawn. O, the flawn, let the king
the should that a poor a king and and a counter.

FLORIZEL:
fi

Step 143350/214000 (epoch 16): loss = 1.4645 avg = 1.4971
  seed: I
Had squared me
  gen:  I
Had squared me blood seems of much brough
thought a sight it, by thought it be three, or these
tentlemanmaster, if

Step 143400/214000 (epoch 16): loss = 1.3328 avg = 1.4873
  seed: erd's daughter.
  gen:  erd's daughter.

PAULINA:
A have me:
Lear made, reed is such a comfort queenter.

MOPSA:
How may safest do gone, met

Step 143450/214000 (epoch 16): loss = 1.3118 avg = 1.4873
  seed:  and princes; fo
  gen:   and princes; for a frecious hipherd the ature,
Who fies the princes of the bagg as the prince unrer;
Her stanged wi

Step 143500/214000 (epoch 16): loss = 1.6736 avg = 1.4672
  seed: shamed: does not
  gen:  shamed: does not for
Like and there by the seary.
Have was femy behold of the prough.

Clown:
This suecet with this 

Step 143550/214000 (epoch 16): loss = 1.5271 avg = 1.4740
  seed: ly,
Lent him our
  gen:  ly,
Lent him our lord rich one too the comes
He doest born deady it, seem; then her?

WARWICK:
Mamient:
I'll no the 

Step 143600/214000 (epoch 16): loss = 1.1441 avg = 1.4584
  seed: o learn the trut
  gen:  o learn the truth.

LUCIO:

Give thou highful dins fiency,
And his may last again, do should smaltion
I'll stand, so

Step 143650/214000 (epoch 16): loss = 1.5251 avg = 1.4850
  seed: rum.

FRIAR THOM
  gen:  rum.

FRIAR THOMANE:
Madas on a pardor, who may from this light:
I would not him so his be shed from the like
wellow

Step 143700/214000 (epoch 16): loss = 1.5008 avg = 1.4859
  seed: we do not see
We
  gen:  we do not see
Were you are the friends to this virgoce,
I am incement to me in onfellow to it?
And thither? who stru

Step 143750/214000 (epoch 16): loss = 1.6188 avg = 1.4603
  seed: aitiff! O thou v
  gen:  aitiff! O thou very him all, the god sist
Would I have so; what I pray.

LUCIO:
What 'tis to Rospech stritty.

POMPE

Step 143800/214000 (epoch 16): loss = 1.3478 avg = 1.4354
  seed:  meet the blow o
  gen:   meet the blow of his hand?
Dear her sent happied meeting come not win to
prove it she would not be to used merve me

Step 143850/214000 (epoch 16): loss = 1.4903 avg = 1.4390
  seed: to hear her spea
  gen:  to hear her speak your enough,
Aling her with himself, cond which tose
To rough dearful your open very prisoner I wa

Step 143900/214000 (epoch 16): loss = 1.5332 avg = 1.4290
  seed: to save his life
  gen:  to save his life, and that which
Nothing and beastence to: brother your with sun.

ANGELO:
Then it you to shall be a

Step 143950/214000 (epoch 16): loss = 1.5135 avg = 1.4519
  seed: ds all even.

CL
  gen:  ds all even.

CLAUDIO:
What be orst thou word a sin with the
To sworn thou haste to place, and slaving to't.

ISABEL

Step 144000/214000 (epoch 16): loss = 1.1443 avg = 1.4404
  seed: ime.

DUKE VINCE
  gen:  ime.

DUKE VINCENTIO:
Breake shall in has your wint-runkness woman,
Ond inter-live with the death with his have;
Or 

Step 144050/214000 (epoch 16): loss = 1.6408 avg = 1.4565
  seed:  free!

ELBOW:
H
  gen:   free!

ELBOW:
Hermost you hange the eas word: art have breath hand?

DUKE VINCENTIO:
I had me there of the all dier

Step 144100/214000 (epoch 16): loss = 1.4365 avg = 1.4491
  seed: s Claudio is con
  gen:  s Claudio is conting, what in the king.

DUKE VINCENTIO:
Come, sir.

LUCIO:
Well, say you despur we can, but must to

Step 144150/214000 (epoch 16): loss = 1.2394 avg = 1.4476
  seed: ,
That stays upo
  gen:  ,
That stays upon thing take your sower,
I'll supon this reedition not open such with
wile hath him but little good 

Step 144200/214000 (epoch 16): loss = 0.9757 avg = 1.4269
  seed: ely, for he hath
  gen:  ely, for he hath the death,
desserved mystery your owhich is most speak better
core the hand: you must him, comes hi

Step 144250/214000 (epoch 16): loss = 1.3585 avg = 1.4330
  seed: am come to advis
  gen:  am come to advise, and port
advise your some some to but this and were;
Bethink's hath made the broke morns call bel

Step 144300/214000 (epoch 16): loss = 1.4924 avg = 1.4127
  seed: injustice,
they 
  gen:  injustice,
they steel reved me married many shall Juliet.

AUTOLYCUS:
The duke it yet him.

Plantaping then of the p

Step 144350/214000 (epoch 16): loss = 1.2562 avg = 1.4165
  seed:  bid to speak.

  gen:   bid to speak.

DUKE VINCENTIO:
Come, LEO:
To the cate told true in thing to the from seem
to I had be so dexty of t

Step 144400/214000 (epoch 16): loss = 1.3788 avg = 1.3861
  seed: ars since there 
  gen:  ars since there her writh her him,
And who his busine's me hath her heaven fie
Have a steem with have least; let you

Step 144450/214000 (epoch 16): loss = 1.4306 avg = 1.3919
  seed: ail these gentle
  gen:  ail these gentle of him answer that
With me with that not he the keep to been
Mastener nothing say for the speak; an

Step 144500/214000 (epoch 16): loss = 1.3781 avg = 1.3766
  seed: , sir, and hange
  gen:  , sir, and hange to reported a mitter
Eventier pardon come a plain they prospech you'fr no know,
That should not be 

Step 144550/214000 (epoch 16): loss = 1.5185 avg = 1.4433
  seed: e action,
Such a
  gen:  e action,
Such a worthy dandlement him unstact at in such
To hands long than not the rebel acceess:
If make upon the

Step 144600/214000 (epoch 16): loss = 1.3483 avg = 1.4919
  seed: rds
call ladies.
  gen:  rds
call ladies. Could my preserved Heirt-wife
And the in the storrother ron
Than have you at stand in the such on s

Step 144650/214000 (epoch 16): loss = 1.6365 avg = 1.5256
  seed:  of our quarrel 
  gen:   of our quarrel hast
Of This charge and beriarcumbers!

ANGELO:
At I would be will me the leaven.

SLY:
And I must r

Step 144700/214000 (epoch 16): loss = 1.4473 avg = 1.5030
  seed: 
'Tis a very exc
  gen:  
'Tis a very excelle go to her.

ANGELO:
What, but to valish, and not now come cannot,
Who choose and her of undeed 

Step 144750/214000 (epoch 16): loss = 1.3057 avg = 1.5101
  seed: er!
Master, mast
  gen:  er!
Master, master, call to Mariant.

PETRUCHIO:
I know him to from me father where me me.

PETRUCHIO:
I knave my li

Step 144800/214000 (epoch 16): loss = 1.5501 avg = 1.4698
  seed: as adversaries d
  gen:  as adversaries disgive in fear,
That and pronor make a while be the will,
speak him thy leasure that have his he thr

Step 144850/214000 (epoch 16): loss = 1.4442 avg = 1.4488
  seed:  gusts will blow
  gen:   gusts will blow.

HORTENSIO:
Good one thank a done and me grace, deed.

PETRUCHIO:
If mething the garden to me, sir

Step 144900/214000 (epoch 16): loss = 1.4642 avg = 1.4324
  seed: o I mean, sweet 
  gen:  o I mean, sweet charge and in the choose,
Hersang and woo she with a shore.

KATHARINA:
No profe
And srown hell not 

Step 144950/214000 (epoch 16): loss = 1.5705 avg = 1.4637
  seed:  hide!
Yet I hav
  gen:   hide!
Yet I have stead and what of Baptiencess'd:
Her were leave must I have and of your city.

GREMIO:
So in me br

Step 145000/214000 (epoch 16): loss = 1.7465 avg = 1.5130
  seed: all of sheeps le
  gen:  all of sheeps let's a their to tell and let and
conder other'd for fay the kindlemed that son,
I heard, must nother'

Step 145050/214000 (epoch 16): loss = 0.9993 avg = 1.4949
  seed:  not be.

GREMIO
  gen:   not be.

GREMIO:
Bestrucks! I'll for this cursed to boy,
With the father: keep in one so patient;
Be she's charge i

Step 145100/214000 (epoch 16): loss = 1.7666 avg = 1.5097
  seed: rters of an indi
  gen:  rters of an indid?

CURTIS:
But whose call the mistle of any are a begue,
And thy farewell, and the must of thy down

Step 145150/214000 (epoch 16): loss = 1.2507 avg = 1.5056
  seed: entire affection
  gen:  entire affection this way and the fire man,
Becase to her, he shall fool with these to behing and the ceast,
'Phant 

Step 145200/214000 (epoch 16): loss = 1.4529 avg = 1.4650
  seed:  sweet Kate, thi
  gen:   sweet Kate, this woo doo be to stay
Pedant, sir, when in and here else a misered,
Sir, where his as a the teach her

Step 145250/214000 (epoch 16): loss = 1.7999 avg = 1.4726
  seed: ago, in Genoa,
W
  gen:  ago, in Genoa,
Way shall say the feat thou to so the before and
ispriens me tongue the drink with entriportuans.
You

Step 145300/214000 (epoch 17): loss = 1.7419 avg = 1.4849
  seed: id see and hear,
  gen:  id see and hear, their partly, give me not;
This is well scontent of fear the father,
And I mash age the put then ga

Step 145350/214000 (epoch 17): loss = 1.5265 avg = 1.5017
  seed:  you to 't.
I si
  gen:   you to 't.
I sightne, sir?
Here's appousition and in maid to me double,
To more in the gold sighbrother.

MENENIUS:

Step 145400/214000 (epoch 17): loss = 1.4131 avg = 1.5156
  seed: ufidius!

VOLUMN
  gen:  ufidius!

VOLUMNIA:
He was, then will son further pluck and old give me.

To bitter:
I am a seen we means you.

RIAN

Step 145450/214000 (epoch 17): loss = 1.4012 avg = 1.5141
  seed: will I carry to 
  gen:  will I carry to an my male sicks
That enemies at Vides be and then? It in how well.

SLRRIA:
Your little find is sai

Step 145500/214000 (epoch 17): loss = 1.5626 avg = 1.5087
  seed: Wrench up thy po
  gen:  Wrench up thy port scart been so?

Tenzord.
But by good sfilia said you harm, my sounds,
And vight one stature of my

Step 145550/214000 (epoch 17): loss = 1.5474 avg = 1.5044
  seed: ay you, who does
  gen:  ay you, who doest the too the hands,
Her of what not so, I do and forthis oble!

LARTIUS:
Too, I so make and made th

Step 145600/214000 (epoch 17): loss = 1.2735 avg = 1.5240
  seed: od save your goo
  gen:  od save your good no bed, you are have
For the noble as a course, and before
in alp here me.

MENENIUS:
I must the d

Step 145650/214000 (epoch 17): loss = 1.3945 avg = 1.5147
  seed: us neither to ca
  gen:  us neither to call us both generall and
Unded to a place; with and the should such him in these
That proclaim to be 

Step 145700/214000 (epoch 17): loss = 1.3167 avg = 1.5013
  seed:  apart
That I sh
  gen:   apart
That I should fifted never love welcame
The entwen speciant deed, let's prove must give.

BRUTUS:
Come, go pe

Step 145750/214000 (epoch 17): loss = 1.8408 avg = 1.4679
  seed: nswept,
And moun
  gen:  nswept,
And mounded as all becomfill'd by mother for the qual, to see
better toice. God my rashions.

CORIOLAN:
O se

Step 145800/214000 (epoch 17): loss = 1.5448 avg = 1.4512
  seed: number,
Repair t
  gen:  number,
Repair them and for their their fight.

Second Citizen:
He people, your prevented wredge you
That win he con

Step 145850/214000 (epoch 17): loss = 1.1363 avg = 1.4269
  seed: hall the people 
  gen:  hall the people the most the pass this on field,
Which thy moss the needs, the cannot forth along
To the people.

CO

Step 145900/214000 (epoch 17): loss = 1.3343 avg = 1.4293
  seed:  o'erbear
What t
  gen:   o'erbear
What the be mars it but that with their be
Than that the appear
The are to hear.

MENENIUS:
What me prison

Step 145950/214000 (epoch 17): loss = 1.2544 avg = 1.4137
  seed:  peace what each
  gen:   peace what each or will for very consul,
And speak and secu. Had not, is a pany the duny.

SICINIUS:
I am you pow.

Step 146000/214000 (epoch 17): loss = 1.2249 avg = 1.4243
  seed: is neck.

SICINI
  gen:  is neck.

SICINIUS:
Pray the they dishow as I'll break to rues,
To much on ect you artains.

COMINIUS:
I sented you 

Step 146050/214000 (epoch 17): loss = 1.6255 avg = 1.4158
  seed: :
I'll do well y
  gen:  :
I'll do well younds angrumber, ays winter for you have bring in offence
The should woman his rogeth to speak again

Step 146100/214000 (epoch 17): loss = 1.4449 avg = 1.4219
  seed: ed, already in t
  gen:  ed, already in the matter enour, hear, about not to-day.

Verely! how anonour companice: fool, you have do to rature

Step 146150/214000 (epoch 17): loss = 1.5411 avg = 1.4100
  seed: ble Marcius. Let
  gen:  ble Marcius. Let house
What life's I will here to service.

AUFIDIUS:
On Roman's drow?

CORIOLANUS:
Our presence: wh

Step 146200/214000 (epoch 17): loss = 1.4484 avg = 1.4231
  seed:  before
Were in 
  gen:   before
Were in himselves that general with and mangerough them,
Six be earth, and tell him. I heard of woman:
I wou

Step 146250/214000 (epoch 17): loss = 1.6569 avg = 1.4219
  seed: anus' exile. Now
  gen:  anus' exile. Now, more is not short
Than wortiuary himself, and fair work.

MENENIUS:
He own yet do wars.

SICINIUS:

Step 146300/214000 (epoch 17): loss = 1.4727 avg = 1.4306
  seed: give or to forgi
  gen:  give or to forgic so,
With him togetributs.

Third Servingman:
That, geney, but in Rome made be are seeconded be
wou

Step 146350/214000 (epoch 17): loss = 1.4379 avg = 1.4186
  seed: ome tomorrow
Set
  gen:  ome tomorrow
Set your grant your prayer him alorance!
I am a-shall as farewell, but to contryed
Than been the carst 

Step 146400/214000 (epoch 17): loss = 1.6556 avg = 1.4568
  seed: s we received;' 
  gen:  s we received;' the burn think mould expritore
dever be to the world, stand supplician that
My weer not commanions.

Step 146450/214000 (epoch 17): loss = 1.5145 avg = 1.4634
  seed: he life of Rome!
  gen:  he life of Rome! what mother stands, and his from thee;
And your casters be than can her put in him no say
To his br

Step 146500/214000 (epoch 17): loss = 1.3249 avg = 1.4602
  seed: And trouble not 
  gen:  And trouble not of your part the
Was do your hear told himself fine are and them o' the
Than haste and what a tearin

Step 146550/214000 (epoch 17): loss = 1.5287 avg = 1.4851
  seed: ranchise you.
Me
  gen:  ranchise you.
Mercius are prints; but; where welcome are
And supper entag one propters the dearing?

First Senator:

Step 146600/214000 (epoch 17): loss = 1.2650 avg = 1.4787
  seed: self.

LADY ANNE
  gen:  self.

LADY ANNE:
Mesself, not lord, a blives, And can a hap,
So much a tenglance, as naments wife shows.

LADY ANNE

Step 146650/214000 (epoch 17): loss = 1.6804 avg = 1.4173
  seed: rr'd
At Chertsey
  gen:  rr'd
At Chertsey pretty seal wife, had be with asself.

GLOUCESTER:
No make thy king: then thee news,
Which shall fl

Step 146700/214000 (epoch 17): loss = 1.5934 avg = 1.4363
  seed: ve been
An earne
  gen:  ve been
An earned make lie will proud your death for my
Butlesserved that perison?

CLARENCE:
Have led the moys, and

Step 146750/214000 (epoch 17): loss = 1.5336 avg = 1.4324
  seed: ipe,
And then hu
  gen:  ipe,
And then husband you must with this not her shoulders,
And not see thee chard drink remember husband
Why way, t

Step 146800/214000 (epoch 17): loss = 1.4612 avg = 1.4287
  seed: ers are no good 
  gen:  ers are no good and by that cursed
Against the imposets to you but that I come,
That slanded it unnight, and we thou

Step 146850/214000 (epoch 17): loss = 1.7594 avg = 1.4317
  seed:  but it cheques 
  gen:   but it cheques it
More ere on.

All here; and dembrandy gues of again,
The service this trease thought hear,
Stand 

Step 146900/214000 (epoch 17): loss = 1.0757 avg = 1.3948
  seed: .

First Murdere
  gen:  .

First Murderer:
For thou hast come.

First Murdinent, and state thee: but it not?

Seconstander?

Third Murderer:

Step 146950/214000 (epoch 17): loss = 1.5272 avg = 1.4059
  seed: ave done a drunk
  gen:  ave done a drunkenger noble none I sake.

Second Murderer:
Have deed man be every lodk us death:
You my dears be unt

Step 147000/214000 (epoch 17): loss = 1.6501 avg = 1.4173
  seed: e train,
Forthwi
  gen:  e train,
Forthwither with a dunness will and grien,
Coment things of tear is not do tendernant!
Say hurrer bown dear

Step 147050/214000 (epoch 17): loss = 1.0998 avg = 1.3877
  seed: RK:
Who hath com
  gen:  RK:
Who hath comes out the Petruct to see?

BUCKINGHAM:
For well the brots, we he was cheer:
We arch not a creture, 

Step 147100/214000 (epoch 17): loss = 1.0352 avg = 1.3729
  seed: UCESTER:
He hath
  gen:  UCESTER:
He hath grow, Edward you are gues envillain,
And sat neizes to rature, the king, that we come,
Where me cau

Step 147150/214000 (epoch 17): loss = 1.0569 avg = 1.3520
  seed: and of the realm
  gen:  and of the realms,
The years little the gods fit is conclubling you have.

CATESBY BuckingARET:
Go, by the conded wh

Step 147200/214000 (epoch 17): loss = 1.2514 avg = 1.3486
  seed: presence might h
  gen:  presence might hordship thou deathmonder.

GLOUCESTER:
We liberal be was dry known'st the tabour.
I have the mine fr

Step 147250/214000 (epoch 17): loss = 1.2209 avg = 1.3716
  seed: l your lordship 
  gen:  l your lordship at behinderous are the cursed
I, that they to atter of his is too tatter
That the queen his satisfor

Step 147300/214000 (epoch 17): loss = 1.2353 avg = 1.4021
  seed: at moment,
No le
  gen:  at moment,
No lear I have thee for the with may.

GLOUCESTER:
And, then the person of this proclame, since
Whereous 

Step 147350/214000 (epoch 17): loss = 1.5017 avg = 1.4192
  seed: to your kin,
And
  gen:  to your kin,
And to the clusin keep them; but my stark.

BUCKINGHAM:
Here's good Way, good fit first And and me.

BU

Step 147400/214000 (epoch 17): loss = 1.5483 avg = 1.4135
  seed: w
For tender pri
  gen:  w
For tender prince and that the prove and made;
And that pad mut the show thou dead:
And he gone that indeed in mai

Step 147450/214000 (epoch 17): loss = 2.1460 avg = 1.3916
  seed: their deaths' sa
  gen:  their deaths' said the sea medd them Here with me that
To marry.
Thou to Cate Nort, if I till them
To Lothing gall b

Step 147500/214000 (epoch 17): loss = 1.6785 avg = 1.4367
  seed: ed a-high, to be
  gen:  ed a-high, to believe sently names of your day?

Second Murderer:
And to the is answer in our head is dead.

BUCKING

Step 147550/214000 (epoch 17): loss = 1.0269 avg = 1.3942
  seed:  in her birth.

  gen:   in her birth.

QUEEN ELIZABETH:
Haver: then with most rever say.

KING RICHARD III:
That, Who, 'felsh numble srange

Step 147600/214000 (epoch 17): loss = 0.9788 avg = 1.3692
  seed: r tender years?
  gen:  r tender years?

TYRREL:
What, mistake his shallianced to heaven begary,
And so have say doubt a chance hand,
And th

Step 147650/214000 (epoch 17): loss = 1.4572 avg = 1.3396
  seed: ichmond is on th
  gen:  ichmond is on them straight!
Lovel what therefore the face blood's dream'd
The comble my hear thee Sometated which b

Step 147700/214000 (epoch 17): loss = 1.6294 avg = 1.3956
  seed: surping boar,
Th
  gen:  surping boar,
The for this quickius to him old news
His make the come by morn this true on Ratclity,
And me, by the 

Step 147750/214000 (epoch 17): loss = 1.9085 avg = 1.4312
  seed: ing Henry VI:

G
  gen:  ing Henry VI:

Godver it hath the marrant him:
Never well fall now thumble but friend.

RLERIS:
I'll not books the p

Step 147800/214000 (epoch 17): loss = 1.4700 avg = 1.4196
  seed: :
A thousand hea
  gen:  :
A thousand heaven that who did the gentle by thee?

DERBY:
Save to have happy in sonting and Pear another'd:
O, go

Step 147850/214000 (epoch 17): loss = 1.6264 avg = 1.4448
  seed: ar
Which gently 
  gen:  ar
Which gently body counter'd as God stay;
This bestily, so the duke of be to think
That I hope against my field, i

Step 147900/214000 (epoch 17): loss = 1.5610 avg = 1.4594
  seed: f thyself art on
  gen:  f thyself art on a back of brough will be gone.

KING RICHARD II:
Well, chang lost town reggene his earms good live

Step 147950/214000 (epoch 17): loss = 1.6135 avg = 1.4528
  seed:  lance's point,
  gen:   lance's point,
That with in my same of Richman's comesbass
To OF BOHAY: why fear in throage,
And so me: and and wil

Step 148000/214000 (epoch 17): loss = 1.2859 avg = 1.4544
  seed: rs and four want
  gen:  rs and four wants to ask,
And and son turn the to thy son any and
try shall not deneral, let kiss the true,
To the f

Step 148050/214000 (epoch 17): loss = 1.3625 avg = 1.4466
  seed: ient manage must
  gen:  ient manage must such patience whom part
To bastaried use my cove their triald,
But and in here to the can that not 

Step 148100/214000 (epoch 17): loss = 1.4299 avg = 1.4714
  seed:  land by lease;
  gen:   land by lease;
And, which with this on little make to my the more.

KING RICHARD II:
I am thrers father that I cann

Step 148150/214000 (epoch 17): loss = 1.5545 avg = 1.4551
  seed: commons hath he 
  gen:  commons hath he privile:
Not shank the consion and good fagres beath.

BUSHY:
O, Bolingbroke the eartherook thou fac

Step 148200/214000 (epoch 17): loss = 1.5497 avg = 1.4649
  seed: Whilst others co
  gen:  Whilst others commagore his some several:
son, sir; which not to sooth bonus him,
Brake to heaven king the worshiph;

Step 148250/214000 (epoch 17): loss = 1.1790 avg = 1.4381
  seed: s,
Stands for my
  gen:  s,
Stands for my soul with not and uncasters was him;
And hope is not a home the love me.

NORTHUMBERLAND:
No, a to 

Step 148300/214000 (epoch 17): loss = 1.6615 avg = 1.4304
  seed: lood and lineame
  gen:  lood and lineament the hard be more.

LORD ROSS:
And do all the king it so unger hath your one
His named made his ch

Step 148350/214000 (epoch 17): loss = 1.5773 avg = 1.4420
  seed: cannot mend;
The
  gen:  cannot mend;
Then made the such than bless make amfort your fled
I'll dukeders, look men: this father heaven my lord

Step 148400/214000 (epoch 17): loss = 1.1517 avg = 1.4384
  seed: Mistake not, unc
  gen:  Mistake not, uncle
Devious heart the day thy stoo base his eyes,
Where of our royal I mill of rever is the part
Give

Step 148450/214000 (epoch 17): loss = 1.5129 avg = 1.4405
  seed: ome way of commo
  gen:  ome way of commons
Indements nrong of the nims on break you streect's march
As whilst common point and shall beggong

Step 148500/214000 (epoch 17): loss = 1.2936 avg = 1.4580
  seed: oy have I
To bre
  gen:  oy have I
To bread begone mine their purn'd lew and of our
Wuthin lbury too be Buship and awhiles in a we degrance.

Step 148550/214000 (epoch 17): loss = 1.5768 avg = 1.4364
  seed: come to thee
Fro
  gen:  come to thee
From aberpeal you will her hame imistain's death,
Where you heart a dogs, I am my love the ear
In uther

Step 148600/214000 (epoch 17): loss = 1.4089 avg = 1.4399
  seed: nds them not so 
  gen:  nds them not so your callian,
In was coups not there my detel his wife.

LORD Childer, on learn and friend of earth

Step 148650/214000 (epoch 17): loss = 1.2038 avg = 1.4352
  seed: ERLAND:
My lord,
  gen:  ERLAND:
My lord, or will dishonoermoke his houses,
How down lame craft the hundred to for looks,
To courage hast rus

Step 148700/214000 (epoch 17): loss = 1.3457 avg = 1.4103
  seed: OF YORK:
Give me
  gen:  OF YORK:
Give me me me all your safething strow,
And subject you.

DUKE OF AUMERLE:
Sir, valour: the present, to me 

Step 148750/214000 (epoch 17): loss = 1.3685 avg = 1.3800
  seed: he happy sees,
T
  gen:  he happy sees,
That hyret are now little the repain'st recome,
Surve your honour honour scried his be my
That lay he

Step 148800/214000 (epoch 17): loss = 1.5489 avg = 1.4210
  seed: e misfortune liv
  gen:  e misfortune lives and these held truth the noble;
And thought doint do the strike design such.

DUCHESS OF YORK:
Wh

Step 148850/214000 (epoch 17): loss = 1.2566 avg = 1.4378
  seed: d run?

SAMPSON:
  gen:  d run?

SAMPSON:
Mady a hope mad my word, my live me;
They Lorder sould soul, of thy grow, thy is thee.

Messenger:

Step 148900/214000 (epoch 17): loss = 1.2390 avg = 1.4719
  seed: NVOLIO:
No, coz,
  gen:  NVOLIO:
No, coz, but mother standining of a told me;
Must of my other at our beacherous but affection.

DUCHESS YORK

Step 148950/214000 (epoch 17): loss = 1.5801 avg = 1.5115
  seed: O:
At this same 
  gen:  O:
At this same you chose thoughs, greet his suit:
Black they break, suppuned not lord,
The and marriage of for my p

Step 149000/214000 (epoch 17): loss = 1.2343 avg = 1.5274
  seed: ure, and be gone
  gen:  ure, and be gone: and be Gloucester halone;
Think'Gany 'tis men, fier face:' I mun't the grow,
Where's nothing penio

Step 149050/214000 (epoch 17): loss = 1.4326 avg = 1.5701
  seed:  and I
Were in a
  gen:   and I
Were in a she more cholar; and be the says a saint:
And and Plattely be were the oft Mars'st watch
To wast sh

Step 149100/214000 (epoch 17): loss = 1.6465 avg = 1.5496
  seed:  is dead, and I 
  gen:   is dead, and I her peace?

ROMEO:
And is thyself it sorrow of the name days.

DUCHESS OF YORK:
I love there is know

Step 149150/214000 (epoch 17): loss = 1.3299 avg = 1.5157
  seed: r by thy graciou
  gen:  r by thy gracious me,
And with the breathe that honest hand.

ROMEO:
Thou have it were that hath of seeks,
Than joy 

Step 149200/214000 (epoch 17): loss = 1.5222 avg = 1.5062
  seed: e on hers, so he
  gen:  e on hers, so her heart in that blady
To couster morning dead, happ wear that senue
This so with else with yon meant

Step 149250/214000 (epoch 17): loss = 1.2660 avg = 1.5293
  seed: er.

MERCUTIO:
G
  gen:  er.

MERCUTIO:
Gooot.

ROMEO:
Rose so?

MERCUTIO:
I couse to here wall you thou fit cure thou and
And subs that the 

Step 149300/214000 (epoch 17): loss = 1.4956 avg = 1.5233
  seed:  thy news good, 
  gen:   thy news good, talk, that a of this med:
And when the need as is thee, and me any ye,
To the beseening and both thy

Step 149350/214000 (epoch 17): loss = 1.2447 avg = 1.5112
  seed: t them gaze;
I w
  gen:  t them gaze;
I will full but a kin-fortune or me sword.

ROMEO:
There shall win him: take the moventio:
Her me art c

Step 149400/214000 (epoch 17): loss = 1.4485 avg = 1.4962
  seed:  strong a fine
T
  gen:   strong a fine
Till a deby to gentle I wilt he hature man.

MERCUTIO:
The lady them smile, is like your soul: good c

Step 149450/214000 (epoch 17): loss = 1.5630 avg = 1.5109
  seed: Take up those co
  gen:  Take up those conseks of the inswer eye;
Thereuds he a bopage send! a said of true;
Therefour such a will with well 

Step 149500/214000 (epoch 17): loss = 1.4372 avg = 1.5022
  seed: g from the valou
  gen:  g from the valour fin,
That of thy delieve me blesserts from my man!

ROMEO:
Nurse, take thought a lies? I would the

Step 149550/214000 (epoch 17): loss = 1.4497 avg = 1.4991
  seed: ale.

ROMEO:
And
  gen:  ale.

ROMEO:
And as dear rebelished were hath once,
Wilt his such have to to him, that is to peace and years?

GROG 

Step 149600/214000 (epoch 17): loss = 1.6160 avg = 1.4790
  seed: hang, beg, starv
  gen:  hang, beg, starve and thee!

Nurse:
A we be to countryment, by they deed,
That tell Chrown and shall fear them me th

Step 149650/214000 (epoch 17): loss = 1.3502 avg = 1.4487
  seed: nt
To marry Pari
  gen:  nt
To marry Paris taily crosp'd since the chape slain.

JULIET:
On this to be to you so on that I do lies,
But are p

Step 149700/214000 (epoch 17): loss = 1.3525 avg = 1.4549
  seed:  point: stay, Ty
  gen:   point: stay, Tybalt, be the earlikes tongue
Of a light is too such find time, sir,
And her friends out minu rest th

Step 149750/214000 (epoch 17): loss = 1.3235 avg = 1.4724
  seed:  dump we; 'tis n
  gen:   dump we; 'tis not your child.

JULIET:
She's ring, happy, where here hates;
For in thy look a by a the death, as sh

Step 149800/214000 (epoch 17): loss = 1.6562 avg = 1.5073
  seed: e neglecting it
  gen:  e neglecting it
To can a poison alreasts as import Bolingbrance
Striggerous comfort in the fain thy trow
That is the

Step 149850/214000 (epoch 17): loss = 1.2783 avg = 1.5052
  seed: gone hence;
And 
  gen:  gone hence;
And so for loud, and some certains.
What me:
Then thee, and by this out in here, I boy!

FRIAR LAURENCE:

Step 149900/214000 (epoch 17): loss = 1.2591 avg = 1.4754
  seed: 
I brought my ma
  gen:  
I brought my mase some twenty me, and this light
And say dischiding further poince?

First Citizen:
Where no come c

Step 149950/214000 (epoch 17): loss = 1.2608 avg = 1.4395
  seed: AND:
Yes, Warwic
  gen:  AND:
Yes, Warwicked I would we where dead?

WORGENCE:
That the statrence, rose me chard, be me means of season.

Mes

Step 150000/214000 (epoch 17): loss = 1.4476 avg = 1.3829
  seed:  my blood,
Thou 
  gen:   my blood,
Thou hast thou sit souls quistand mine.
Py they cannot he send, then to thee,
That of Pron my courtever b

Step 150050/214000 (epoch 17): loss = 1.3110 avg = 1.3831
  seed: d both of God an
  gen:  d both of God and Dy Nhuse.
The broughterperoud that is one unto lie the Duke our.
You with the respite: then stay d

Step 150100/214000 (epoch 17): loss = 1.5625 avg = 1.4249
  seed: ot speak, unless
  gen:  ot speak, unless follow in that what
And when repen of York, far I shall words?

RUTLAND:
No, with those that father

Step 150150/214000 (epoch 17): loss = 1.3764 avg = 1.4583
  seed: .

Messenger:
En
  gen:  .

Messenger:
En't no reposes with the treads,
And so make my void intenes, and man.

NORTHUMBERLAND:
She's seek ten

Step 150200/214000 (epoch 17): loss = 1.4986 avg = 1.4633
  seed: 
Ne'er may he li
  gen:  
Ne'er may he livers of will the forced the war.

DUKE OF YORK:
Bes have deed in peacely was the heard's hips,
Clike

Step 150250/214000 (epoch 17): loss = 1.5677 avg = 1.4226
  seed: or scarce I can 
  gen:  or scarce I can a barch with him?

CLIFFORD:
Then to make die in our holy charing eye.

QUEEN MARGARET:
My lords our

Step 150300/214000 (epoch 17): loss = 1.3733 avg = 1.4154
  seed: e upon thyself;
  gen:  e upon thyself;
For they hast will in the langion,
And my now thy weak twas and steeting story.

EDWARD:
There'ere b

Step 150350/214000 (epoch 17): loss = 1.3874 avg = 1.4455
  seed: r to stay, but l
  gen:  r to stay, but let thou win the,
And would flies of shall she said thee,
Since may man face our heaven hot be but th

Step 150400/214000 (epoch 17): loss = 1.5738 avg = 1.4432
  seed: or how can I hel
  gen:  or how can I help with Glies;
When his how will no; thou still the head;
And, and the consengue's possess another's 

Step 150450/214000 (epoch 17): loss = 1.2483 avg = 1.3720
  seed: ove I mean, my l
  gen:  ove I mean, my lords stay;
Where the be was the sun and my lands,
You are poor but so falland's else;
And what smigh

Step 150500/214000 (epoch 17): loss = 1.5934 avg = 1.3922
  seed:  awhile to serve
  gen:   awhile to serves tongue a piter from me;
And I woods and the spring to this the for is.

KING EDWARD IV:
Ear!

LADY

Step 150550/214000 (epoch 17): loss = 1.0728 avg = 1.3874
  seed: ewis was Henry's
  gen:  ewis was Henry's creath.

KING LEWIS XI:
Nay, I will the reparent a king;
And, thee was and greath a growns,
Where t

Step 150600/214000 (epoch 17): loss = 1.1718 avg = 1.3679
  seed: hey take offence
  gen:  hey take offence unlows arm,
I'll war, ledge have the own this tongue
To watch and thy tears make ill,
But Clarence 

Step 150650/214000 (epoch 17): loss = 1.3541 avg = 1.3456
  seed: ith his foreign 
  gen:  ith his foreign of Lady Clifford;
And then theserve qual not word.

EDWARD Gear this bear that brother slain,
Lade h

Step 150700/214000 (epoch 17): loss = 1.4145 avg = 1.3525
  seed:  king, my brothe
  gen:   king, my brother so have breath.

MONTAGUE:
My mosday, with firm thou shalt me or some,
Or For OF YORK:
It with her

Step 150750/214000 (epoch 17): loss = 1.4320 avg = 1.3508
  seed: lp from Burgundy
  gen:  lp from Burgundy, his friends me:
Come, well love me traitor'd of prison mind:
I commend thou commend England with s

Step 150800/214000 (epoch 17): loss = 1.2176 avg = 1.3663
  seed: ll never cease t
  gen:  ll never cease to courts.

KING HENRY VI:
They are brother true above on than his queen.

STANOu, Will the warwick, 

Step 150850/214000 (epoch 17): loss = 1.2637 avg = 1.3579
  seed: ry!
3 KING HENRY
  gen:  ry!
3 KING HENRY VI

KING EDWARD IV:
Will excell, where, sir, when down, when the troot?

All lord.

WARWICK:
What b

Step 150900/214000 (epoch 17): loss = 1.4070 avg = 1.4096
  seed: o fight; therefo
  gen:  o fight; therefore with silve.
And forth these well hands the means thee,
The colour away; I will my salt that he th

Step 150950/214000 (epoch 17): loss = 1.5960 avg = 1.3837
  seed: I:
The bird that
  gen:  I:
The bird that is lost her for the proud thee.

KING EDWARD IV:
But men, bear? thou king on the sent him?

QUEEN M

Step 151000/214000 (epoch 17): loss = 1.5555 avg = 1.4307
  seed: tle accuse
us.

  gen:  tle accuse
us.

KING HENRY VI:
Pray to heart in hour against bid shall to bear'd,
That of our no worthy smoted speak

Step 151050/214000 (epoch 17): loss = 1.5179 avg = 1.4863
  seed: en?
Nay, let me 
  gen:  en?
Nay, let me with our suddyed to heaven your voice:
Add tear mother and the both ones and to my reposed
To betwic

Step 151100/214000 (epoch 17): loss = 1.6441 avg = 1.5194
  seed: nd, restraining
  gen:  nd, restraining
Than be this gams its: unclaime
That chose with my lord, Muster some as and this: then, bay will kic

Step 151150/214000 (epoch 17): loss = 1.4490 avg = 1.5251
  seed: ws me mine chang
  gen:  ws me mine chang thou must pleased
A kiss and the will behold say mine.

GLOUCESTER:
I am old thrence.

CAMILLO:

KI

Step 151200/214000 (epoch 17): loss = 1.7647 avg = 1.5101
  seed: 
Whom I employ'd
  gen:  
Whom I employ'd up oince.

POLIXENES:
I have mean, I will for that news, I am
Which that more; let made
That all th

Step 151250/214000 (epoch 17): loss = 1.9104 avg = 1.5159
  seed: To sacred Delpho
  gen:  To sacred Delphoring villain
Light for the people yourself; noe
For I may me is lady her not rune these your day
He 

Step 151300/214000 (epoch 17): loss = 1.0954 avg = 1.4876
  seed: ils,
Than such a
  gen:  ils,
Than such a for a my lours as form: I go a most but bending roo go.

PAULINA:

Commillain leid again, not this 

Step 151350/214000 (epoch 17): loss = 1.4639 avg = 1.4825
  seed: be prosperous
In
  gen:  be prosperous
In my love is for the come thank's fortunes.

LEONTES:
Provatantage your heart as that, and thy fail
T

Step 151400/214000 (epoch 17): loss = 1.6969 avg = 1.5016
  seed:  be condemn'd
Up
  gen:   be condemn'd
Upon dramion a king. Look'd say the neason,
We put 'tis her would from my spart and
This so I would do

Step 151450/214000 (epoch 17): loss = 1.4818 avg = 1.4906
  seed: best haste, and 
  gen:  best haste, and and I
Who be of the even alwing, and as this issuest
To honour to: to know this tongue of the fleed

Step 151500/214000 (epoch 17): loss = 1.5336 avg = 1.5518
  seed:  now received: I
  gen:   now received: I warwife of the be trubt
And sir. What give here for my for this;

Do me: if honour and to or part t

Step 151550/214000 (epoch 17): loss = 1.5646 avg = 1.5820
  seed: am robbed, sir, 
  gen:  am robbed, sir, them to heaven alloved
Till to my sparted change bread, that sheep out
and must my swepper recession

Step 151600/214000 (epoch 17): loss = 1.8184 avg = 1.5784
  seed: ons and streak'd
  gen:  ons and streak'd the betwee I
that dance as and bound our go
my take her country to power, but I would knee
I spriso

Step 151650/214000 (epoch 17): loss = 1.6958 avg = 1.5916
  seed: ister.

PERDITA:
  gen:  ister.

PERDITA:
Who mowbrance?

Clown:
How none, is to makes the gods like would them mistress,
That you cold.

PAU

Step 151700/214000 (epoch 17): loss = 2.0810 avg = 1.5809
  seed: ve's down and as
  gen:  ve's down and as here, my love better.

MOPSA:

FlORCASA:
Nor any the find for a father, than as eyes
Shepherd, and 

Step 151750/214000 (epoch 17): loss = 1.3168 avg = 1.5289
  seed: you,
As you have
  gen:  you,
As you have your vow e'er fair my fortune
Till the should my brother; I was think have.

CLEOMENES:
Here, and t

Step 151800/214000 (epoch 17): loss = 1.3765 avg = 1.5098
  seed: CAMILLO:
Who hav
  gen:  CAMILLO:
Who have an not something thing her father's to present for off
Though dare sou'll nothing we'll point,
And

Step 151850/214000 (epoch 17): loss = 1.5647 avg = 1.4866
  seed: e shall suffer w
  gen:  e shall suffer will.

Clown:
Therefore his be loss, to such a going and me, that
hith bear lie she art art the grace

Step 151900/214000 (epoch 17): loss = 1.5829 avg = 1.4942
  seed: er eye, and tell
  gen:  er eye, and tell of the mast though;
Which I'll dead be parties! Camill, I could have
To as of my fash them, and a w

Step 151950/214000 (epoch 17): loss = 1.5479 avg = 1.4781
  seed:  question. Never
  gen:   question. Never most word thing shall be the caughter,
Thom honour to me so betteep
His conting other cour
With hav

Step 152000/214000 (epoch 17): loss = 1.1716 avg = 1.4818
  seed: 
Are they return
  gen:  
Are they return'd award that are merchanged the
hold now so to fearing, and the her smotted
fined me an on the roya

Step 152050/214000 (epoch 17): loss = 1.3211 avg = 1.4610
  seed: e any joy
Did ev
  gen:  e any joy
Did every is son, were double proved, with
Blunt, by son, sir.

Son:
I am sir, thy black'd and behold from

Step 152100/214000 (epoch 17): loss = 1.5058 avg = 1.4709
  seed: ght them for the
  gen:  ght them for then;
The statutarn speaks an man gave a be to have found
That I thousins an again: gold see
That when 

Step 152150/214000 (epoch 17): loss = 1.2737 avg = 1.4430
  seed:  suburbs of Vien
  gen:   suburbs of Vien.

First Claw heard:
This is a forth on the prince
Is give it how his dark not anrment not to distal

Step 152200/214000 (epoch 17): loss = 1.4735 avg = 1.4755
  seed: e a brother of y
  gen:  e a brother of you; kindrope of neart you haure
Hermione shestation the reven more to to the might;
He'll so prince?

Step 152250/214000 (epoch 17): loss = 1.3475 avg = 1.4739
  seed: hing but use the
  gen:  hing but use the dull on his father with my weep.

To would as a penot: thence my lappier, pritted
Beings to be many

Step 152300/214000 (epoch 17): loss = 1.3659 avg = 1.4500
  seed: urses till thou 
  gen:  urses till thou virgin
a man eyes, here, will you there; now thou, know
lips the come your or as I think you,
And se

Step 152350/214000 (epoch 17): loss = 1.2879 avg = 1.4225
  seed: ie?

ANGELO:
Mai
  gen:  ie?

ANGELO:
Mainest the king, if you so,--

Pleads.

ESCALUS:
On would not a great, by that a
the the mean to head 

Step 152400/214000 (epoch 17): loss = 1.3201 avg = 1.4333
  seed: ed spirits
Here 
  gen:  ed spirits
Here that doubted and mother thou to this funct vice
Though that remorted his not sooner joy
And speak it

Step 152450/214000 (epoch 17): loss = 1.2988 avg = 1.4203
  seed:  a bed
That long
  gen:   a bed
That long so shall to love to the far heaven.

ISABELLA:
To presency how all a see this so,
And I traightdem 

Step 152500/214000 (epoch 17): loss = 1.5569 avg = 1.4353
  seed: As all comforts 
  gen:  As all comforts in sperounder by;
And whree, head that is nothing inst hang that judy!

Think thou so, you, but ham;

Step 152550/214000 (epoch 17): loss = 1.5075 avg = 1.4357
  seed: ived in Angelo! 
  gen:  ived in Angelo! what han I petch the to see
That black the warrant that of thus,
And the or be draw a blind. But, bl

Step 152600/214000 (epoch 17): loss = 1.5036 avg = 1.4633
  seed: , and thus; stil
  gen:  , and thus; still nesse should natural
man are great; and her shows and make,
Even brother her like on merry life a 

Step 152650/214000 (epoch 17): loss = 1.4358 avg = 1.4472
  seed: man; good my lor
  gen:  man; good my lord
prest thee would be go him. If I know if enour.

LUCIO:
I give in me the father, what the both bla

Step 152700/214000 (epoch 17): loss = 1.5304 avg = 1.4351
  seed: 

DUKE VINCENTIO
  gen:  

DUKE VINCENTIO:
My lord, villain duke callands,
Not mine ways at him talk the kissuises,
he whose men true to dese

Step 152750/214000 (epoch 17): loss = 1.3183 avg = 1.4175
  seed: Most manifest, a
  gen:  Most manifest, and thou to use in the
perating him to death.

Provost:
What ships at the graciouside the here in lov

Step 152800/214000 (epoch 17): loss = 1.1270 avg = 1.4177
  seed: art!
After him, 
  gen:  art!
After him, I will you, provost? Pommothereity
Provost may full a diefs of thing thine his your
The dukeder can 

Step 152850/214000 (epoch 17): loss = 1.5384 avg = 1.4103
  seed: ender shame
Will
  gen:  ender shame
Will delives with his perference of our home.

ISABELLA:
Prospear your jecting for thee warrant dreath,

Step 152900/214000 (epoch 17): loss = 1.2756 avg = 1.4003
  seed: 
DUKE VINCENTIO:
  gen:  
DUKE VINCENTIO:
There not the duke a virging and Margnelo, whose head
Is his it be not brother my part seem: what y

Step 152950/214000 (epoch 17): loss = 1.5338 avg = 1.3868
  seed: his is true,
Let
  gen:  his is true,
Let no brother us sid Mantague.

DUKE VINCENTIO:
The now thy not Richard
don whom I have send bold me a

Step 153000/214000 (epoch 17): loss = 1.3026 avg = 1.3836
  seed: E VINCENTIO:
Go 
  gen:  E VINCENTIO:
Go some that very business make undercrets.

DUKE VINCENTIO:
Now?

DUKE VINCENTIO:
Where you the shall 

Step 153050/214000 (epoch 17): loss = 1.2672 avg = 1.3723
  seed: d.

LUCIO:
Marry
  gen:  d.

LUCIO:
Marry, him: say I can lie the must with mind
That I churderab say knows not souls everal come.

ISABELLA:

Step 153100/214000 (epoch 17): loss = 1.7491 avg = 1.4432
  seed: ded tears,
An on
  gen:  ded tears,
An on look him he had the confess his honour.

Third Claudio wit.

DUKE VINCENTIO:
He is a souls he he be

Step 153150/214000 (epoch 17): loss = 1.4696 avg = 1.4864
  seed: rry so long. But
  gen:  rry so long. But on him Middle of the
Of of you the still me a serves as all him
That thou accome and world drowled 

Step 153200/214000 (epoch 17): loss = 1.2653 avg = 1.5112
  seed: s in the world, 
  gen:  s in the world, that
you to ston be seem regrace to gracious he's her and haste
To a stick'd of I divina, that I am.

Step 153250/214000 (epoch 17): loss = 1.3409 avg = 1.4912
  seed:  quarrelsome. I 
  gen:   quarrelsome. I am say, therefore, is a gentleman,
Therio! your captack of would be of time?

LUCENTIO:
Sirrah! will

Step 153300/214000 (epoch 17): loss = 1.4830 avg = 1.5009
  seed: ate'er I read to
  gen:  ate'er I read to the her our from cause fell
he of my best in you art apperson ears what we hands possed
As some me 

Step 153350/214000 (epoch 17): loss = 1.4459 avg = 1.4637
  seed: CA:
Believe me, 
  gen:  CA:
Believe me, thou shall sue, or fear of her not as for her.

GRUMIO:
And wife me say; good the hardy here,
sised 

Step 153400/214000 (epoch 17): loss = 1.4170 avg = 1.4361
  seed: to the lute?

HO
  gen:  to the lute?

HORTENSIO:
Her shall and in and the hummory love me.
Who seek, and not to the partister and askina,
In

Step 153450/214000 (epoch 17): loss = 1.1524 avg = 1.4216
  seed: r Petruchio, how
  gen:  r Petruchio, how my love,
And not me inswefy maid,
And in my labour the contracters,
And you her poor chamberum'd of

Step 153500/214000 (epoch 17): loss = 1.4795 avg = 1.4611
  seed: ecture shall hav
  gen:  ecture shall have.
Proclaim your cat lies, with the name of my body?

HERSITNCENTIO:
And wimpossides there cause I d

Step 153550/214000 (epoch 17): loss = 1.7679 avg = 1.5170
  seed: ike a Christian
  gen:  ike a Christian
each of our of thy but like, a knaver
And he betteress return'd to please wholed man-bes.

BIONDELLO

Step 153600/214000 (epoch 17): loss = 1.2842 avg = 1.4776
  seed:  please myself:
  gen:   please myself:
I the least thou art perdate any man,
That mates at let came at at thou behold were all storm
And wi

Step 153650/214000 (epoch 17): loss = 1.6302 avg = 1.4959
  seed: :
Fellow Grumio!
  gen:  :
Fellow Grumio! therefore a thou arreast and
proold no pershould divine interal, they pithee.

PETRUCHIO:
By ealth,

Step 153700/214000 (epoch 17): loss = 1.5109 avg = 1.4940
  seed: ne oath,
I will 
  gen:  ne oath,
I will not home for you man name cursed and man at the
son of her that the stud so long which her.
Now crow

Step 153750/214000 (epoch 17): loss = 1.6854 avg = 1.4581
  seed: shell,
A knack, 
  gen:  shell,
A knack, and so much a better you
You not Because truction of my love, mething parts:
To it we leave this dew

Step 153800/214000 (epoch 17): loss = 1.2468 avg = 1.4587
  seed: set your counten
  gen:  set your countent, but to the fair traid:
Here will make it is of him for and thee stay:
I for have at the kindness 

Step 153850/214000 (epoch 18): loss = 1.6154 avg = 1.4794
  seed: ned head, the vi
  gen:  ned head, the vine that is him
And that the very with do keeportict of alous.

First Citizen:
There it.

Peace:
Were

Step 153900/214000 (epoch 18): loss = 1.2685 avg = 1.4937
  seed: 'other,
Ere stay
  gen:  'other,
Ere stay the reat, for their will what she were?

Second Cicius She Cunnight one marry on dotes you
To becau

Step 153950/214000 (epoch 18): loss = 1.7212 avg = 1.5125
  seed:  has such a
conf
  gen:   has such a
confilly.

MARCIUS:
Would in thank complain the hunt honour car personer of the brief
you more for they 

Step 154000/214000 (epoch 18): loss = 1.5885 avg = 1.5139
  seed: Worthy sir, thou
  gen:  Worthy sir, thou get forths' moulder
Abour with a shall, on, they heart a with.

VALERIA:
I do our horse extread the

Step 154050/214000 (epoch 18): loss = 1.4507 avg = 1.5026
  seed: nk the gods
Our 
  gen:  nk the gods
Our in plain by alone? What
Than the of with matches the go, prople of here.

COMINIUS:
Bear this the co

Step 154100/214000 (epoch 18): loss = 1.6307 avg = 1.4986
  seed: y, I mean of us 
  gen:  y, I mean of us boared,
As to with thee, of you
To sent answers the both shown world, in the wall:
Cities the double

Step 154150/214000 (epoch 18): loss = 1.7359 avg = 1.5206
  seed: hind him he leav
  gen:  hind him he leaves.

VOLUMNIA:
Marry, my plag, my sound him such you sha then
my sir; eyes' a redules, and some has

Step 154200/214000 (epoch 18): loss = 1.6908 avg = 1.5100
  seed:  country: and hi
  gen:   country: and hithing treasons, but at they
Accute one that be come; he all in him and his
oChiling the give means?

Step 154250/214000 (epoch 18): loss = 1.3608 avg = 1.4908
  seed: ould be in them 
  gen:  ould be in them of a deserves,
For deseected you forswork.

MENENIUS:
The sea, the fat
Access'd be petime than Pensp

Step 154300/214000 (epoch 18): loss = 1.2760 avg = 1.4576
  seed:  him be consul: 
  gen:   him be consul: o' tit that worthy
For chier wit so more since he price, we wakes on the
they warms mastering bring 

Step 154350/214000 (epoch 18): loss = 1.5140 avg = 1.4430
  seed:  stand but as at
  gen:   stand but as at the contempt him
That with and not.

SICINIUS:
Has grant a a part thy this she scoflictage
Have spr

Step 154400/214000 (epoch 18): loss = 1.6366 avg = 1.4236
  seed: ow shall this bi
  gen:  ow shall this bindless o' face
As here, do to the happines the watery?

All.

COMINIUS:
That's our have nor, good ye

Step 154450/214000 (epoch 18): loss = 1.4171 avg = 1.4198
  seed:  were in Tiber! 
  gen:   were in Tiber! tatth behind their were
with and he they of all enemy now too more
Friendle that the cur
To slave to

Step 154500/214000 (epoch 18): loss = 1.6190 avg = 1.4061
  seed:  but bastards an
  gen:   but bastards and your before them diss
To the appeace, for pressent comes hath did.

CORIOLANUS:
Why, can it redem,

Step 154550/214000 (epoch 18): loss = 1.2807 avg = 1.4169
  seed:  than this prese
  gen:   than this present
Complock you to the bear; forth yield by them,
Have to by 'shion your crues the confess
Than for 

Step 154600/214000 (epoch 18): loss = 1.4400 avg = 1.4216
  seed:  Take good Comin
  gen:   Take good Cominious:
It our gars were and toward fitizen-libearing
Marinated is their mildner show comes our such i

Step 154650/214000 (epoch 18): loss = 1.2602 avg = 1.4196
  seed: u, sir.

Citizen
  gen:  u, sir.

Citizens:
O venger.

Volsce:
Most in a brave you are through can a reposses,
I am you danger-certal to his 

Step 154700/214000 (epoch 18): loss = 1.6188 avg = 1.4161
  seed: n,
Or lose mine 
  gen:  n,
Or lose mine with dogeth mark an enter of thither no trust
Commorances, that the warsed to thee?

AUFIDIUS:
Thou 

Step 154750/214000 (epoch 18): loss = 1.2393 avg = 1.4183
  seed: have been much b
  gen:  have been much both
By sulpo draw together we words. Failor at thoses, as
all of this as a parristress they from the

Step 154800/214000 (epoch 18): loss = 1.2187 avg = 1.4126
  seed: goodly things, y
  gen:  goodly things, you have in their use,--
Your how what war thou should make!

COMINIUS:
'Twas which and forewners, an

Step 154850/214000 (epoch 18): loss = 1.6319 avg = 1.4244
  seed: was very faintly
  gen:  was very faintly your fled he peoplee.

BRUTUS:
All, sir, thought, when the else.

COMINIUS:
Who lose excules.

MENE

Step 154900/214000 (epoch 18): loss = 1.5446 avg = 1.4129
  seed:  refuse
And cann
  gen:   refuse
And cannot love you, and fellows shall be work,
Whick, to his foe state to the counter'd some.

Second Senat

Step 154950/214000 (epoch 18): loss = 1.5085 avg = 1.4543
  seed:  air,
And yet to
  gen:   air,
And yet to their sit Rome's delician a that
must thou. Why have the sanction this scourt thou Here onquer as d

Step 155000/214000 (epoch 18): loss = 1.2350 avg = 1.4542
  seed: ome!

First Cons
  gen:  ome!

First Consulf:
There we the gard time accled save your senator:
He holds will no him: so.

SICINIUS:
A were mi

Step 155050/214000 (epoch 18): loss = 1.4804 avg = 1.4510
  seed: ff. Please it yo
  gen:  ff. Please it your consul. How, how his golder!

All make mother:
Should, upon said trather beat part with his good 

Step 155100/214000 (epoch 18): loss = 1.3010 avg = 1.4710
  seed: re you welcome t
  gen:  re you welcome this debt,
That gave for the parking a noble ut
To what is a sat your scaper thou had ears the elseve

Step 155150/214000 (epoch 18): loss = 1.2182 avg = 1.4616
  seed: CESTER:
I was pr
  gen:  CESTER:
I was prove my lambral brought to bear ture this
contrigalous dunsed suns'd with were's eyes.
But that have 

Step 155200/214000 (epoch 18): loss = 1.4379 avg = 1.4162
  seed: woman in this hu
  gen:  woman in this hunter was thy heart man,
The crate of thy daying reping not me to this med
To go for his son: that de

Step 155250/214000 (epoch 18): loss = 1.4307 avg = 1.4288
  seed: r, a handsome st
  gen:  r, a handsome strees,
Have preventer and before his most of his name,
That thee worthy friend dine murder whereby th

Step 155300/214000 (epoch 18): loss = 0.8841 avg = 1.4274
  seed: Margaret.

QUEEN
  gen:  Margaret.

QUEEN MENGS:
Ay, proud, base a this unrise that visitaten.
God thee many be subject there's presence that

Step 155350/214000 (epoch 18): loss = 1.3322 avg = 1.4229
  seed: t.

CLARENCE:
Me
  gen:  t.

CLARENCE:
Menss accorns with a true, sir,
And so draper with you do the done!

GLOUCESTER:
O, my lord, I will de

Step 155400/214000 (epoch 18): loss = 1.1323 avg = 1.4263
  seed: e thee sigh.

Fi
  gen:  e thee sigh.

First SenagE:
Go see in ask your owhich sender may it.

QUEEN MLTarr'd water endid the deed,
With my s

Step 155450/214000 (epoch 18): loss = 1.3715 avg = 1.3853
  seed: Until the duke t
  gen:  Until the duke to pass,
It abour of for that doth both devil his deads
As favourly: but a deceive of shalt down:
How

Step 155500/214000 (epoch 18): loss = 1.4172 avg = 1.3996
  seed: queen
Look'd pal
  gen:  queen
Look'd pale thy care than your hand a child friends dust eye
To damnamemand of drow you services frack:
What s

Step 155550/214000 (epoch 18): loss = 1.4402 avg = 1.4109
  seed: .

RIVERS:
And s
  gen:  .

RIVERS:
And so thy hag is therefore him side to this?

Boy:
Because.

QUEEN ELIZABETH:
What I had rag ungue! a na

Step 155600/214000 (epoch 18): loss = 1.4815 avg = 1.3877
  seed:  life to get the
  gen:   life to get the prince, wear mercy.

Boy:
Ay, is you were and I have shood love you have stay
Third and clouds good

Step 155650/214000 (epoch 18): loss = 1.4293 avg = 1.3625
  seed: in, were it ligh
  gen:  in, were it light
He sight hachild, it before his flour'd.

GLOUCESTER:
As you know you?

DUCHESS OF YORK:
You know 

Step 155700/214000 (epoch 18): loss = 1.2236 avg = 1.3453
  seed: r my master's he
  gen:  r my master's heate,
And that the proceed my lord of our lord.

GLOUCESTER:
What the he were not what and stay, and 

Step 155750/214000 (epoch 18): loss = 1.4930 avg = 1.3391
  seed: sby hath sounded
  gen:  sby hath sounded the Tower?

HASTINGS:
Hath he doth of what hastingue no lords,
And the deling the off bitch of my d

Step 155800/214000 (epoch 18): loss = 1.2392 avg = 1.3642
  seed: GLOUCESTER:
And 
  gen:  GLOUCESTER:
And me his matter no, by haste and would,
You happy and must to the lord a grazed your heart
Makest in m

Step 155850/214000 (epoch 18): loss = 1.1595 avg = 1.3967
  seed: ld say us nay!

  gen:  ld say us nay!

BUCKINGHAM:
By come in York'd here would to the gods,
To raity our of in a most the meed his hearts.

Step 155900/214000 (epoch 18): loss = 1.3585 avg = 1.4091
  seed: s,
Albeit agains
  gen:  s,
Albeit against and proud of your hand.
My lord, my life, mistrather'd of my lord,
Her that you an of you, faith, 

Step 155950/214000 (epoch 18): loss = 1.0241 avg = 1.3977
  seed: HARD III:
Why, B
  gen:  HARD III:
Why, Bod I spilty of shall else your warlive
As he is our greet of his crowbring will king's death.

LORD 

Step 156000/214000 (epoch 18): loss = 1.1829 avg = 1.3937
  seed: th,
To bring thi
  gen:  th,
To bring this coverness and direction.

KING RICHARD III:
Catest thy for your praint me, Because.

KING RICHARD 

Step 156050/214000 (epoch 18): loss = 1.6585 avg = 1.4362
  seed: een, a very cait
  gen:  een, a very cait on just.
Think Edward your lives, have his waulsion,
Tell in the in to the Btakener city
That I wil

Step 156100/214000 (epoch 18): loss = 1.6138 avg = 1.3870
  seed: rts,
Thy head, a
  gen:  rts,
Thy head, and but on the dull tempt to thee
Fall to all promise, and dible carey brothers;
And the lesspiritoun

Step 156150/214000 (epoch 18): loss = 1.0929 avg = 1.3495
  seed:  her sweet lie l
  gen:   her sweet lie live to have serve
The came in old sity conveyant I with a just.

QUEEN ELIZABETH:
There for the caus

Step 156200/214000 (epoch 18): loss = 1.2236 avg = 1.3347
  seed: annot guess.

KI
  gen:  annot guess.

KING RICHARD III:
O my great fail and your chight,
And so my sight shall is now, to the worse,
From th

Step 156250/214000 (epoch 18): loss = 1.3957 avg = 1.4002
  seed: ar.
Which in his
  gen:  ar.
Which in his, my lord I first live womon,
And blemand, miscars one more is a breated
As for my ordemets be bumbl

Step 156300/214000 (epoch 18): loss = 1.4218 avg = 1.4336
  seed: . What, myself u
  gen:  . What, myself us that?

Second unking suppositest in his we make, but again:
And let me less of any the brother pea

Step 156350/214000 (epoch 18): loss = 1.3291 avg = 1.4111
  seed: 
Slave, I have s
  gen:  
Slave, I have speak our hone!

KING RICHARD III:
Your most here, I did fair, the sest on be were behold.

KING RICH

Step 156400/214000 (epoch 18): loss = 1.4704 avg = 1.4367
  seed: d will in battle
  gen:  d will in battle but my both blood
With him to him to still never defar,
All I speak this live thy silence and insol

Step 156450/214000 (epoch 18): loss = 1.3192 avg = 1.4561
  seed:  breathest,
Yet 
  gen:   breathest,
Yet fair and the play and come his senser:
And and the by loath trair King worth a mistracple,
A party l

Step 156500/214000 (epoch 18): loss = 1.7655 avg = 1.4501
  seed: with a freer hea
  gen:  with a freer heaven, but my left?

First Mush percian:
I must the set your soul him take thy death.

DERBURBY:
To da

Step 156550/214000 (epoch 18): loss = 1.4850 avg = 1.4494
  seed: nst with sullen 
  gen:  nst with sullen thy suild,
How was in thy safel the death himswricious:
Yet appose the blood the more to mine
Sound 

Step 156600/214000 (epoch 18): loss = 1.6335 avg = 1.4455
  seed: sently.
Bushy, w
  gen:  sently.
Bushy, what doth throne but a dows must breaks
By heaven my Lord our which fire of any vouch
Had she say fee

Step 156650/214000 (epoch 18): loss = 1.3558 avg = 1.4650
  seed: ard's son,
For t
  gen:  ard's son,
For thy stone that they shade of that men
And father do so fay advent of this upon his goods
The death fa

Step 156700/214000 (epoch 18): loss = 1.5009 avg = 1.4497
  seed: RTHUMBERLAND:
Re
  gen:  RTHUMBERLAND:
Reaver my like with thy live liege,
And words of reconder for a hope say, then was to thee,
Than greed

Step 156750/214000 (epoch 18): loss = 1.2797 avg = 1.4563
  seed: by, I called the
  gen:  by, I called they forbroke
Common of more, which is so enviolate news,
And the left with make a we hath prophets,
A 

Step 156800/214000 (epoch 18): loss = 1.2761 avg = 1.4238
  seed: ht our native pe
  gen:  ht our native pert not on Boled:
God fruine to to the more and fight,
What calm'd, nor of person, ends unking to mer

Step 156850/214000 (epoch 18): loss = 1.6388 avg = 1.4290
  seed: rom my own windo
  gen:  rom my own window.

LORD ROSS:
Farewell, unclest fire minds all uncle and some
By now I see in Norfolks to leave you

Step 156900/214000 (epoch 18): loss = 1.8897 avg = 1.4437
  seed: eak big and clap
  gen:  eak big and clapst
That been wars answer and ealter the come.

JOHN OF GAUNE:
But not that be possess battling the h

Step 156950/214000 (epoch 18): loss = 1.6119 avg = 1.4303
  seed: op, besides a cl
  gen:  op, besides a clet no gery this way in feel
Which will not nothing by he to sold with here,
But for my day too compl

Step 157000/214000 (epoch 18): loss = 1.6249 avg = 1.4388
  seed:  with weeping ey
  gen:   with weeping eyes against
In thou art wrong I liege a speed her brother
And verbers depase them fairitories,
To bei

Step 157050/214000 (epoch 18): loss = 1.5242 avg = 1.4515
  seed: gest keep
Thy so
  gen:  gest keep
Thy some this solemn'd of sends from what I am.

Lady:
And harshment of the will stewaking bloody heart ba

Step 157100/214000 (epoch 18): loss = 1.3952 avg = 1.4288
  seed: n his king?
And 
  gen:  n his king?
And else their lives you heart is grums
Turdey tames from his lie me grace of the geaven
Of Frember bury

Step 157150/214000 (epoch 18): loss = 1.4100 avg = 1.4335
  seed: kery king of sno
  gen:  kery king of snowly wite send at thee
As with my majesty come more your report?
Now not their true:
The boat enough 

Step 157200/214000 (epoch 18): loss = 1.5549 avg = 1.4306
  seed: ged, another way
  gen:  ged, another way a well.

KING RICHARD II:
Well, should the great wrong slave and of heaven king,
Which is grander y

Step 157250/214000 (epoch 18): loss = 1.5427 avg = 1.3905
  seed: rk, what wilt th
  gen:  rk, what wilt the leave me,
Which woever true for the Lord Aumerbed save frame of for a fear love.

LORD STANGBROKE:

Step 157300/214000 (epoch 18): loss = 1.9348 avg = 1.3822
  seed: rayers are full 
  gen:  rayers are full as we hand live.

DUCHESS OF YORK:
He never is no garlour mine fight,
And us the the each the suble 

Step 157350/214000 (epoch 18): loss = 1.4509 avg = 1.4185
  seed: e hath eat bread
  gen:  e hath eat bread compa marton there flind who our
To the down kepartiction of beggin in the saw.
They did under have

Step 157400/214000 (epoch 18): loss = 1.3046 avg = 1.4314
  seed: I am for you: I 
  gen:  I am for you: I know they sad deed.

JOHN OF GAUMERLAND:
Cousin neither his of with the said!-O hope to the end,
Cou

Step 157450/214000 (epoch 18): loss = 1.1971 avg = 1.4700
  seed: e me so, you do 
  gen:  e me so, you do live!

PRINCE ODUKE OF YORK:
We'll come, when the firsts living in Riches.

SAMPSON:
What wound his 

Step 157500/214000 (epoch 18): loss = 1.5353 avg = 1.5099
  seed: either eye:
But 
  gen:  either eye:
But by you know recky the apper than duke.

ROMEO:
The deling must hand sweet spart; and
Where the veads

Step 157550/214000 (epoch 18): loss = 1.5730 avg = 1.5210
  seed: at oppression fo
  gen:  at oppression for the mue I have do married
And slaving news twere of bupon thy wall:
But what full time as oon eye 

Step 157600/214000 (epoch 18): loss = 1.5444 avg = 1.5640
  seed: s a snowy dove t
  gen:  s a snowy dove the each as stay,
And not the hand's stoopen most the court,
What is a mother upon the hear mistress,

Step 157650/214000 (epoch 18): loss = 1.4890 avg = 1.5423
  seed: e, he hath hid h
  gen:  e, he hath hid have shrelmen.

SAMPSON:
That your gone sitder-Romeo, he only took it.

MERCUTIO:
Servant! well it be

Step 157700/214000 (epoch 18): loss = 1.1581 avg = 1.5061
  seed: have to-night?

  gen:  have to-night?

JULIET:
My lame, I'll fash! well I not, sir,
which of the tic pondly and that feathers;
Or spited th

Step 157750/214000 (epoch 18): loss = 1.5476 avg = 1.5020
  seed: hy sighs from he
  gen:  hy sighs from hearts have peace and thus.

ROMEO:
And more by prove so nothing answeet where.

ROMEO:
Ay, windage I 

Step 157800/214000 (epoch 18): loss = 1.2787 avg = 1.5195
  seed: hen you sought h
  gen:  hen you sought he of his pretty of theirs is
to me. Besingh, for thy pent a boung of love.

ROMEO:
Encounter, to me,

Step 157850/214000 (epoch 18): loss = 1.6143 avg = 1.5196
  seed: f that?

Nurse:
  gen:  f that?

Nurse:
He gave, be the same it, white-proad-love made;
For not that a whose the surtile fair thee.

Nurse:

Step 157900/214000 (epoch 18): loss = 1.2091 avg = 1.4985
  seed: refore turn and 
  gen:  refore turn and ten any chance:
An what more than my oharious of the glady;
and will an a counness with a joy; an li

Step 157950/214000 (epoch 18): loss = 1.7322 avg = 1.5034
  seed: unseen.
Lovers c
  gen:  unseen.
Lovers cut in my deads, and this day.

FRIAR LAURENCE:
The art spoke a wife me: I be comes the venere might.

Step 158000/214000 (epoch 18): loss = 1.2178 avg = 1.5003
  seed: arts,
And thou a
  gen:  arts,
And thou art is you mediers of heaven blow to dost,
Who word, my traitor! shall dear'd thurdned
Tyball shreous

Step 158050/214000 (epoch 18): loss = 1.7744 avg = 1.5001
  seed: essings lights u
  gen:  essings lights upon hold Carthers
To bloody my word will man her the not such's with me.

ROMEO:
Patience more shoul

Step 158100/214000 (epoch 18): loss = 1.3166 avg = 1.4860
  seed: is grave with te
  gen:  is grave with tell stand be thee would the dunence!

ROMEO:
That pition, the see lady with that live thee?

ROMEO:
R

Step 158150/214000 (epoch 18): loss = 1.3542 avg = 1.4695
  seed: ;
How shall that
  gen:  ;
How shall that some doth you. To thou fire.

JULIET:
It woo'st me sweet?

Nurse:
Look's now; metale! and we, now i

Step 158200/214000 (epoch 18): loss = 1.5039 avg = 1.4537
  seed: nd in this borro
  gen:  nd in this borrow.

ROMEO:
I do know that this timple since of the draw
Than like an grief, my lords, then with him.

Step 158250/214000 (epoch 18): loss = 1.4751 avg = 1.4549
  seed:  in your time;
B
  gen:   in your time;
But like the conscrer'd all in the call call
To stay with darried's blage.
O, danger I speak it my ba

Step 158300/214000 (epoch 18): loss = 1.9508 avg = 1.4737
  seed: 
with an iron wi
  gen:  
with an iron with she wit:
The hour with him, base, bid the cousin;
And showly to-nightly vanish as wrundry,
The li

Step 158350/214000 (epoch 18): loss = 1.5442 avg = 1.5018
  seed: the hollow groun
  gen:  the hollow ground, for no more woment be lossem thy,
And so me house be't the listress of your drop-beach!
What up, 

Step 158400/214000 (epoch 18): loss = 1.2229 avg = 1.4966
  seed: ntable chance!
T
  gen:  ntable chance!
Then will leave a quiet be same thanke a,
And duty that I be provake man entery?

GROMEO:
Do some mai

Step 158450/214000 (epoch 18): loss = 1.2964 avg = 1.4625
  seed: This letter doth
  gen:  This letter doth looks, some was these
Ta'er, to a defore the love and to me.

CAPULET:
O prince! do read wombring a

Step 158500/214000 (epoch 18): loss = 1.6220 avg = 1.4308
  seed:  as thou art, Du
  gen:   as thou art, Duke as Audient,
Where is no remember'd if thy broker thine to further love;
Now how he is done counte

Step 158550/214000 (epoch 18): loss = 1.4605 avg = 1.3740
  seed: he crown,
What i
  gen:  he crown,
What is not earling contenting the Earl then be him:
Which and be a death made myself thee.
Thou son a man

Step 158600/214000 (epoch 18): loss = 1.2133 avg = 1.3791
  seed: hould enter.

RU
  gen:  hould enter.

RUTLAND:
Never law an and the such with and me.
And thou thou shalt thou beseected the exacuse.

TYBAL

Step 158650/214000 (epoch 18): loss = 1.0313 avg = 1.4173
  seed: s head;
And, whi
  gen:  s head;
And, which comforth, and first mother?

CLIFFORD:
Harry, what and to't. Courage 'tis the vaint.
Which and gi

Step 158700/214000 (epoch 18): loss = 1.4500 avg = 1.4575
  seed:  after many scor
  gen:   after many scorden of with the king.
Hously holy pines arrit the souls' his nobles,
That cannot seed my day, and th

Step 158750/214000 (epoch 18): loss = 1.3434 avg = 1.4551
  seed: .

RICHARD:
Then
  gen:  .

RICHARD:
Then bear out our hear vow the her, that lose,
Or by along and my hearing lords-lange of the earl;
Or Ch

Step 158800/214000 (epoch 18): loss = 1.3188 avg = 1.4097
  seed: refore be still.
  gen:  refore be still.

RICHARD:
You life, John, gone, play that hath stand,
When was, but thy father right, here,
And inc

Step 158850/214000 (epoch 18): loss = 1.5748 avg = 1.4124
  seed: ictors, breast t
  gen:  ictors, breast the wife,
For their to make him, I by my moot stay,
And, the warm his will me heir shall hands;
And t

Step 158900/214000 (epoch 18): loss = 1.4195 avg = 1.4474
  seed: ing car never ha
  gen:  ing car never hath be thee.

First Clint be my breast his doth need,
When I love the bloody are sun,
A love must goo

Step 158950/214000 (epoch 18): loss = 1.5972 avg = 1.4355
  seed:  subtle orator,
  gen:   subtle orator,
In the away will bid did of the live's see life.

EDWARD:

Gard Her death, thou to Margant, we have 

Step 159000/214000 (epoch 18): loss = 0.8770 avg = 1.3541
  seed:  prison.

KING E
  gen:   prison.

KING EDWARD IV:
What not stay now give his quaint you;
For this house to the crown Lord Keeper:
Ay, till i

Step 159050/214000 (epoch 18): loss = 1.5227 avg = 1.3874
  seed:  ride in triumph
  gen:   ride in triumphalon'd in my smiles the world,
Nor grant shall hands would son tell is
In straitor York me the sweet

Step 159100/214000 (epoch 18): loss = 1.4703 avg = 1.3838
  seed: roud setter up a
  gen:  roud setter up a fainter,
Is thy people consion, that the dog-persory;
The consci joy'd rain the father's volerherin

Step 159150/214000 (epoch 18): loss = 1.2772 avg = 1.3594
  seed: ntague,
Speak fr
  gen:  ntague,
Speak free creats arm a the live to brook
men chide to the hours, aimphy stand,
And have I but now and the c

Step 159200/214000 (epoch 18): loss = 1.5434 avg = 1.3419
  seed: ight's coverture
  gen:  ight's coverture.

CLARTIS:
Harve he is that you.

WARWICK:
Go the gods me inters man's for every name to thee
To st

Step 159250/214000 (epoch 18): loss = 1.2460 avg = 1.3461
  seed: 
GLOUCESTER:
Bro
  gen:  
GLOUCESTER:
Brother hath a kiss thou brother Edward,
In with his clouds of our hear turnious eyes,
They whose reat 

Step 159300/214000 (epoch 18): loss = 1.1051 avg = 1.3463
  seed: ce unto Henry.

  gen:  ce unto Henry.

QUEEN ELIZABETH:
Say, what upon of the steel throws,
That I will king on goes I warwarding slain:
Th

Step 159350/214000 (epoch 18): loss = 1.4482 avg = 1.3686
  seed: reat-grown trait
  gen:  reat-grown traitor.

KING HENRY VI:
Therefold to Edward of heart then, or more means
To Londone and your taage the j

Step 159400/214000 (epoch 18): loss = 1.8214 avg = 1.3646
  seed: op-branch overpe
  gen:  op-branch overpewared too thee.

KING EDWARD IV:
I bear thee she, my light is cord,
I spaken in the shall know the t

Step 159450/214000 (epoch 18): loss = 1.4683 avg = 1.4042
  seed: emen, what I sho
  gen:  emen, what I should for his
That thousand his name good with a mock.
I will unwithdrank, or many well thee.

HASTING

Step 159500/214000 (epoch 18): loss = 1.5263 avg = 1.3897
  seed: , not with words
  gen:  , not with words, what he the haste:
And have to him daughter with here's late.

KING EDWARD IV:
Nay, I my brother w

Step 159550/214000 (epoch 18): loss = 1.7299 avg = 1.4375
  seed: to be together,
  gen:  to be together,
Since in up married the hands poor at that I.

GLOUCESTER:
And that once as thousage of should frien

Step 159600/214000 (epoch 18): loss = 2.0553 avg = 1.4907
  seed:  heifer and the 
  gen:   heifer and the days,
And did my will deathful try
Wartining to say of all me no are commonly.

WARWICK:
Keep'd it w

Step 159650/214000 (epoch 18): loss = 1.5713 avg = 1.5174
  seed: hing, where I th
  gen:  hing, where I think.
If my lains leat and me a master'd.
What seems'd his will give, not lorder, son,
And this will 

Step 159700/214000 (epoch 18): loss = 1.2934 avg = 1.5209
  seed: ove my knowledge
  gen:  ove my knowledge and my loves
In so would dreams very willing way
That's thou art freshop is footh of and nothing
we

Step 159750/214000 (epoch 18): loss = 1.4456 avg = 1.5015
  seed: hee swell thus.
  gen:  hee swell thus.

LEBEO:
Sirrah, my grievy.

PALIXENES:
It dicion as found name of in where embranch
In self: we or t

Step 159800/214000 (epoch 18): loss = 1.3138 avg = 1.5036
  seed: this business
Wi
  gen:  this business
With their off-hought it.

This suldier:
I speak you for than courtable for, my good from of it,
And w

Step 159850/214000 (epoch 18): loss = 1.4315 avg = 1.4799
  seed:  as you
In so en
  gen:   as you
In so enemies would queen revile,
'Her firmithard, the play most please: more without,
My latural and come o

Step 159900/214000 (epoch 18): loss = 1.7953 avg = 1.4820
  seed: t we may arraign
  gen:  t we may arraign that you have were
And yet this emplate, as thy past my from the need,
What worthy the callow thy b

Step 159950/214000 (epoch 18): loss = 1.4707 avg = 1.4935
  seed:  have brought
Th
  gen:   have brought
The stand I have hence and go grace, like is face.

LEONTES:
What I do knight
Boy'd an your trunkly th

Step 160000/214000 (epoch 18): loss = 1.7706 avg = 1.4886
  seed: tity, she did ap
  gen:  tity, she did apparence!

She was cannot: shall speak sick upon my grace
Of thou been it. Let acquenchers, past a al

Step 160050/214000 (epoch 18): loss = 1.6089 avg = 1.5500
  seed: f her ensues
I l
  gen:  f her ensues
I last! there them the that me or his own,
Bounded thee sweet there trumbed thee she's a boon: if any a

Step 160100/214000 (epoch 18): loss = 1.3332 avg = 1.5694
  seed: e money for thee
  gen:  e money for thee, farewenching
But of served together he dostisbly.

AUTOLYCUS:
Harken than his said upon endwell.


Step 160150/214000 (epoch 18): loss = 1.2455 avg = 1.5682
  seed: rt
Which does me
  gen:  rt
Which does me in the love.

PERDITA:
Come on a claimset me cowaycessiret one the gods
Shall guest not too the fat

Step 160200/214000 (epoch 18): loss = 1.4353 avg = 1.5983
  seed: ribbons and glov
  gen:  ribbons and glove, that but the partabe your fails and
a labour to bear'd the stepes, place a face
Of paints as the 

Step 160250/214000 (epoch 18): loss = 1.3243 avg = 1.5667
  seed: , I would not pr
  gen:  , I would not processidered
As any rest that at any thee while them crimelcount
Shall throne piteous and by the lack

Step 160300/214000 (epoch 18): loss = 1.5862 avg = 1.5192
  seed: 'll hear you by 
  gen:  'll hear you by this the orswear to so your place
Of us she chooks, I am heart, to wesses that.

LEONTES:
You know t

Step 160350/214000 (epoch 18): loss = 1.2323 avg = 1.5004
  seed: UTOLYCUS:
I am a
  gen:  UTOLYCUS:
I am all then shall you.

POLIXENES:
I ressell buy by three of that you can thether polis
a month a prince

Step 160400/214000 (epoch 18): loss = 1.9592 avg = 1.4918
  seed: e head of a
wasp
  gen:  e head of a
wasp this happing not the ascour by there done.

AUTOLYCUS:
Mayor the danger.

Shepherd:
Not is my be la

Step 160450/214000 (epoch 18): loss = 1.3873 avg = 1.4835
  seed:  lord will marry
  gen:   lord will marry what it
bror more before marrant; lo'k therefore we not
I am be is reed noised none cid my receive.

Step 160500/214000 (epoch 18): loss = 1.4201 avg = 1.4687
  seed: lowly. I am sorr
  gen:  lowly. I am sorry time
gentleman'd something body, the forest,
As where's in mine; and being with them as heaven.

P

Step 160550/214000 (epoch 18): loss = 1.6539 avg = 1.4815
  seed: and;
for she hat
  gen:  and;
for she hath make a passes has rumightud, but be
the coature of seemin'd their of soul dine, takes, none how
th

Step 160600/214000 (epoch 18): loss = 1.4347 avg = 1.4495
  seed:  it breathed? an
  gen:   it breathed? and not sir, who trumpet
tainted aside to these ling all she born the to have some
And werchanged to t

Step 160650/214000 (epoch 18): loss = 1.3871 avg = 1.4699
  seed: there be some mo
  gen:  there be some more fortunature to the
queen, and good cheek what, and as can at imation
By thrick'st give thanks, yo

Step 160700/214000 (epoch 18): loss = 1.2813 avg = 1.4339
  seed: hat
have worn yo
  gen:  hat
have worn you.

MISTREGONUGHAMILIONTES:
O, that I see a lost unworth my not speak a man--
Hath sight of the prin

Step 160750/214000 (epoch 18): loss = 1.5388 avg = 1.4726
  seed: ther wishing a m
  gen:  ther wishing a main and off
bour be strike the wander comfort.
I am, put to behand port: my gave his virtue.

MISTRE

Step 160800/214000 (epoch 18): loss = 1.5483 avg = 1.4717
  seed: mes off well; he
  gen:  mes off well; heart blady,
And but the born of me should be officious
And more may mistry aways son of the liaring.

Step 160850/214000 (epoch 18): loss = 1.4196 avg = 1.4415
  seed:  me, Master Frot
  gen:   me, Master Froth this confired: the was not the piece more his
is touch to too.

ESCALUS:
So do not be so professer

Step 160900/214000 (epoch 18): loss = 1.6578 avg = 1.4162
  seed: uncheon, nor the
  gen:  uncheon, nor the sweet your said for your
no jade flesh in a mine after.

Provost:
The cannot story rever well froth

Step 160950/214000 (epoch 18): loss = 1.2527 avg = 1.4224
  seed: fair one, of the
  gen:  fair one, of the harm.

ANGELO:
And, fair say, but why, the two that is a maid
me than are your brother, much that t

Step 161000/214000 (epoch 18): loss = 1.3929 avg = 1.4143
  seed:  have what we wo
  gen:   have what we would like the with you weaps her;
If then callianing and man one my me the sulle.

ANGELO:
How now, t

Step 161050/214000 (epoch 18): loss = 1.4433 avg = 1.4272
  seed: h all the world'
  gen:  h all the world's hours.

ISABELLA:
I poor house seem these and be than all.

MILIA:
By blood it is strong unstsed t

Step 161100/214000 (epoch 18): loss = 1.3871 avg = 1.4333
  seed: f
this business.
  gen:  f
this business.

ISABELLA:
Let prepared off you are but content as find to
Caster; for it, and a-good will provided

Step 161150/214000 (epoch 18): loss = 1.4956 avg = 1.4585
  seed: t: bawd is he
do
  gen:  t: bawd is he
doward feason her have me, may
think of the and the pray. Do, make word
nour to the suse of great your

Step 161200/214000 (epoch 18): loss = 1.3644 avg = 1.4468
  seed:  more words.
Pro
  gen:   more words.
Provost, poor the crown fer him the reace:
She the warry you, and of that, to his law
from set him, any

Step 161250/214000 (epoch 18): loss = 1.4962 avg = 1.4256
  seed: r husband on a p
  gen:  r husband on a promised
freat him greatness. Is still honour your croclaime.

LUCIO:
I am the may myself need tock, 

Step 161300/214000 (epoch 18): loss = 1.3718 avg = 1.4135
  seed:  a seeming
warra
  gen:   a seeming
warrant go uself all hath were a report our honour
and counterfore you call him and this; good must in th

Step 161350/214000 (epoch 18): loss = 1.6520 avg = 1.4181
  seed:  draws on
Prefix
  gen:   draws on
Prefixuly you, he come to his hohsir braved my subst
shall be the duke of married of your murderster:
Now 

Step 161400/214000 (epoch 18): loss = 1.4282 avg = 1.4071
  seed: er being afoot, 
  gen:  er being afoot, he from matter the
henced person common to enity, from his water them
hit will back is set yet along

Step 161450/214000 (epoch 18): loss = 1.1718 avg = 1.3961
  seed: BELLA:
O, that i
  gen:  BELLA:
O, that is your for greet in marrance a dreadine of such
The brow the tarrant to be much his horse to present

Step 161500/214000 (epoch 18): loss = 1.5268 avg = 1.3816
  seed: 
Were testimonie
  gen:  
Were testimonier lack to the nonest him, is I will me prayer,
Fuse of you have been sons hath her accuses.

DUKE VI

Step 161550/214000 (epoch 18): loss = 1.5321 avg = 1.3781
  seed: r's death, I kno
  gen:  r's death, I know not unister,
For the her father hence, who make amont aclose
At this speak thou had him, for lord,

Step 161600/214000 (epoch 18): loss = 1.5800 avg = 1.3745
  seed: 'll a willing ea
  gen:  'll a willing ear this heart
To friar a letter from the duke their for the
loud for the bots think the royal, I know

Step 161650/214000 (epoch 18): loss = 1.2288 avg = 1.4376
  seed: :
Will't please 
  gen:  :
Will't please his he leave to to piece:
Come hope he was you; his will have he tellows.

Provost:
An, pluck he hea

Step 161700/214000 (epoch 18): loss = 1.4212 avg = 1.4844
  seed: e pleasing stuff
  gen:  e pleasing stuffest and laudio divined come the
ling and the virtue dreams husbands? will and nis rest
Of alter play

Step 161750/214000 (epoch 18): loss = 1.6034 avg = 1.5110
  seed: I am agreed; and
  gen:  I am agreed; and since better is a love?

MARIINIE:
Mester, Gentleman: for come will the hold nothing or is:
I were 

Step 161800/214000 (epoch 18): loss = 1.6377 avg = 1.4977
  seed: umio, rise: we w
  gen:  umio, rise: we what for fellow of knock.

FRIARk, one, what say is the surfeit?

Provost:
Save no hard battlance, is

Step 161850/214000 (epoch 18): loss = 1.5468 avg = 1.4933
  seed: earning and beha
  gen:  earning and behall not have them sword
yely proclaim contio loves true her hearts: and am I haviole
Such First Padua

Step 161900/214000 (epoch 18): loss = 1.7745 avg = 1.4578
  seed: whence grows thi
  gen:  whence grows this viciansa.

GRUMIO:
And whom well feastent be you.

HORTENSIO:
I well fattle,
And sounds fame the t

Step 161950/214000 (epoch 18): loss = 1.3683 avg = 1.4360
  seed:  times more than
  gen:   times more than Baptise
And he may true simphy taken down the child-viola,
Such I wall I be us set be about or and 

Step 162000/214000 (epoch 18): loss = 1.5744 avg = 1.4189
  seed: rate as the morn
  gen:  rate as the morning husband,
But me the hand a should virtume for head:
That I must time glore all she you three;
Th

Step 162050/214000 (epoch 18): loss = 1.3647 avg = 1.4570
  seed: ake you your ins
  gen:  ake you your instruck as suitory:
And you fear too do utstance of your sover.

PETRUCHIO:
A miss; on a suffer'd too 

Step 162100/214000 (epoch 18): loss = 1.0609 avg = 1.4969
  seed: ISTA:
You are we
  gen:  ISTA:
You are weet shall come of it stoppersord
Third you there hath news feed where matches
some be in the present 

Step 162150/214000 (epoch 18): loss = 1.5805 avg = 1.4711
  seed:  go hang yoursel
  gen:   go hang yourselves from him,
I thus my brider and companesy:
And so we shall house my fair or virtue,
That me it co

Step 162200/214000 (epoch 18): loss = 1.5323 avg = 1.4962
  seed: and unpolish'd g
  gen:  and unpolish'd go.

GRUMIO:
And that gentlement how show her with my crupper
Briething on thee too, I know
ard maded

Step 162250/214000 (epoch 18): loss = 1.3151 avg = 1.4802
  seed:  have a lusty wi
  gen:   have a lusty will be to make
yither that is meltime in the least before of men,
And entraitally to thee grana more 

Step 162300/214000 (epoch 18): loss = 1.6955 avg = 1.4484
  seed:  in words.

PETR
  gen:   in words.

PETRUCHIO:
Intenday I do fool heaven, or a be the lask,
And with the to this tender gently merry,
I ther

Step 162350/214000 (epoch 18): loss = 1.3575 avg = 1.4501
  seed: ll you find read
  gen:  ll you find read me well,
That a footinunest thou shrumbers, so,
In such the come to me round pating up.

GRUMIO:
Th

Step 162400/214000 (epoch 19): loss = 1.4203 avg = 1.4694
  seed: ng about it.

ME
  gen:  ng about it.

MENENIUS:
Why, in father; when arms
Francess the Over thou that never your humatis:
'Tis this for this

Step 162450/214000 (epoch 19): loss = 1.5892 avg = 1.4882
  seed: are to gird the 
  gen:  are to gird the love to they they make
sons with whats of more day the full.
Their strike well: they was they on do-

Step 162500/214000 (epoch 19): loss = 1.2529 avg = 1.5024
  seed: he shall, she sh
  gen:  he shall, she should from my fortune.

SA:
That, fidlest come, I am fell a madam the libes.

DUKE VINCENTIUS:
Verty;

Step 162550/214000 (epoch 19): loss = 1.4642 avg = 1.5078
  seed:  town,
Where the
  gen:   town,
Where the makes and marks sensige of me.

MARCIUS:
Ithaks makes good, I patrice o's patience.

LARTIUS:
You m

Step 162600/214000 (epoch 19): loss = 1.5742 avg = 1.4954
  seed: ducement,
To hid
  gen:  ducement,
To hide?

Messenger:
Thuse are the fegard than I know the disher thy had did as
As I will respeciance than

Step 162650/214000 (epoch 19): loss = 1.6745 avg = 1.4910
  seed: lities are too i
  gen:  lities are too in that you love.

BRUTUS:
Nay, I crave of way shalon me, when against:
Hearing and a do drawn is all

Step 162700/214000 (epoch 19): loss = 1.7006 avg = 1.5081
  seed: orthy Caius, and
  gen:  orthy Caius, and so!

First Coriolanus, the dicious unward, for the both? and
treated sout would to him our for when

Step 162750/214000 (epoch 19): loss = 1.5216 avg = 1.5017
  seed: he Volsces and
T
  gen:  he Volsces and
Than thing the trove they with speak, that he upon the
procunupposed Coriolanus time of your for his 

Step 162800/214000 (epoch 19): loss = 1.4145 avg = 1.4826
  seed: re to make a mon
  gen:  re to make a mondon good man we have
A will of the worthiling devise a blood as
He wises before as I last it is what

Step 162850/214000 (epoch 19): loss = 1.1973 avg = 1.4410
  seed:  may, sir.

CORI
  gen:   may, sir.

CORIOLANUS:
Coriolains, signow, what tender-scare, we have udwill
be of the give you in reason for that 

Step 162900/214000 (epoch 19): loss = 1.3652 avg = 1.4334
  seed:  might
Be call'd
  gen:   might
Be call'd but to when war.

SICINIUS:
It should my master, race you, and proud to call
And unjurted, them?

S

Step 162950/214000 (epoch 19): loss = 1.7600 avg = 1.4231
  seed: all reason, wher
  gen:  all reason, where upon
The burn 'lerdon time to starry, sir,
he was be assal. Pray, what, by acces;
The mind that I 

Step 163000/214000 (epoch 19): loss = 1.3137 avg = 1.4074
  seed: unt
With modest 
  gen:  unt
With modest be not fortune plucked a
greet on worthy often what that be done.

MENENIUS:
Shall country:
Which, s

Step 163050/214000 (epoch 19): loss = 1.2875 avg = 1.4006
  seed: y salve so,
Not 
  gen:  y salve so,
Not cannot my me went them at the bove your opposen;
In and the less of his tisless father ears,
I sech,

Step 163100/214000 (epoch 19): loss = 1.2078 avg = 1.4075
  seed: malicious sounds
  gen:  malicious sounds' and say and mine honour,
With those son the first the anbourts!
Therefore of the good presucking a

Step 163150/214000 (epoch 19): loss = 1.3493 avg = 1.4174
  seed: but out at gate.
  gen:  but out at gate.

CORIOLANUS:
The suith, deseech with weight you, and ten and by commond
My cannot courtess the stat

Step 163200/214000 (epoch 19): loss = 1.5047 avg = 1.4188
  seed: hose passions an
  gen:  hose passions and the ready, for you and blam Coriolanus,
I thremble as seem the mind, do me not, now reck.

Polaris

Step 163250/214000 (epoch 19): loss = 1.2042 avg = 1.4139
  seed: gh not for Rome 
  gen:  gh not for Rome so troop
As he thy three nobles mark you
With best of, buson and lose they of a most and
Than to thy

Step 163300/214000 (epoch 19): loss = 1.4371 avg = 1.4095
  seed: an when these fe
  gen:  an when these fearfore more with a call
But a be can of his fear.

First Servingman:
He's shall so pling a better se

Step 163350/214000 (epoch 19): loss = 1.4309 avg = 1.4020
  seed: US:
Pray, let us
  gen:  US:
Pray, let usure those was the people,
The indeeds.

COMINIUS:
The noble, that are too
A say are are enemy are no

Step 163400/214000 (epoch 19): loss = 1.0086 avg = 1.4077
  seed: US:
From Rome.

  gen:  US:
From Rome.

MENENIUS:
I say not?

Give me.

Roman:
I would to hear of me pass think'st bone,
And at your kill'd 

Step 163450/214000 (epoch 19): loss = 1.8417 avg = 1.4196
  seed: , and am not
Of 
  gen:  , and am not
Of this further his so. For him, a meet to see
On a bold, my country, this not hear. Altender was
What 

Step 163500/214000 (epoch 19): loss = 1.3207 avg = 1.4512
  seed: ack: but if it b
  gen:  ack: but if it borness, we have rest
you are did blowing, go so; and then gone. I you shall done
to that did Capiton

Step 163550/214000 (epoch 19): loss = 1.6278 avg = 1.4496
  seed:  for his truth: 
  gen:   for his truth: the man
The gived know wife of, butter and Rouch,
And must seal thee sack you, that they darers,
Of 

Step 163600/214000 (epoch 19): loss = 1.4806 avg = 1.4481
  seed: y a one,
Which t
  gen:  y a one,
Which tribunes.

First Mals:
We fill your name for a cost.

First See:
More, for the hath camind the bull y

Step 163650/214000 (epoch 19): loss = 1.6288 avg = 1.4651
  seed: GLOUCESTER:
Now,
  gen:  GLOUCESTER:
Now, sir! Perducian lave deny lady, who egil our courtey lord;
Nor hold place them that I should the sco

Step 163700/214000 (epoch 19): loss = 1.1321 avg = 1.4476
  seed: 

LADY ANNE:
And
  gen:  

LADY ANNE:
And quiet to rever welcome, which Rome,
That than the princent all the confines,
But divine dispareds f

Step 163750/214000 (epoch 19): loss = 1.6963 avg = 1.4163
  seed: ovelier gentlema
  gen:  ovelier gentleman, went in they good with they too Lord Lewit,
Tull I am to speak the dail! I see death,
To soon aft

Step 163800/214000 (epoch 19): loss = 1.2598 avg = 1.4256
  seed:  look, what I ha
  gen:   look, what I have no?

GLOUCESTER:
May said Clarence, by and her beat thee,
That with her hath the king your hone,

Step 163850/214000 (epoch 19): loss = 1.5315 avg = 1.4207
  seed: me will come whe
  gen:  me will come whereafly with thee can my fitizel.
By you can that thee conser.
By my love that the raginous of my str

Step 163900/214000 (epoch 19): loss = 1.6168 avg = 1.4242
  seed: hat ugly sights 
  gen:  hat ugly sights known deed,
When most flood comparent, and me do disprish'd
To thought to your proport be some, and 

Step 163950/214000 (epoch 19): loss = 1.0319 avg = 1.4127
  seed: E:
In God's name
  gen:  E:
In God's name?

BRAKENBURY:
No my purketh veil the tut, the tameman.

Aland Murderer:
That, gentle it walk he hat

Step 164000/214000 (epoch 19): loss = 1.4063 avg = 1.3841
  seed: ear the like!

K
  gen:  ear the like!

KING Rovereing his clotsor as like it.

CLARENCE:
Go we noble prove it.

Like I have nor light, where

Step 164050/214000 (epoch 19): loss = 1.3444 avg = 1.3925
  seed: lose him, not yo
  gen:  lose him, not your brother?

BUCKINGHAM:
Ay, and was thou the ears,
Alack'd be all ament tender my underbats,
Doth h

Step 164100/214000 (epoch 19): loss = 1.4057 avg = 1.4020
  seed: y the way, I'll 
  gen:  y the way, I'll pair for my
Thankfied, for weight dear the earth;
Thus hast mutter heaven, so to be his for the slav

Step 164150/214000 (epoch 19): loss = 1.4201 avg = 1.3815
  seed:  I'll resign unt
  gen:   I'll resign unto and senter swelest
As Iupp'd but acreast in kingdom world,
And here is hath the very the counsel?

Step 164200/214000 (epoch 19): loss = 1.3946 avg = 1.3506
  seed: that you should 
  gen:  that you should I storm.

BUCKINGHAM:
Kind the lack, severy a griar and with mercy
Dooths scare that been that that 

Step 164250/214000 (epoch 19): loss = 1.3090 avg = 1.3426
  seed: e men else, who 
  gen:  e men else, who he shames our heaven,
You for my for their ower, have his to him,
All me should in the dreams to the

Step 164300/214000 (epoch 19): loss = 1.4885 avg = 1.3354
  seed: ikes him well,
W
  gen:  ikes him well,
Where the cannot cursed am viteous, before livt,
Than deserve your guilty ending there.

RIVERS:
This

Step 164350/214000 (epoch 19): loss = 1.6478 avg = 1.3631
  seed: s hateful luxury
  gen:  s hateful luxury
Is at attendings of his heads' may part
Of you have I yet words father all of another,
God to God w

Step 164400/214000 (epoch 19): loss = 1.3525 avg = 1.3916
  seed: en!

BUCKINGHAM:
  gen:  en!

BUCKINGHAM:
Go, I set his grind to the just, even to
That pass'd and follow-hown mildly horse to can two servic

Step 164450/214000 (epoch 19): loss = 1.1395 avg = 1.3984
  seed: ith this kingly 
  gen:  ith this kingly slanded's looks
A bless and sworn is since and lay design:
For the me we of my noble my implabe;
And

Step 164500/214000 (epoch 19): loss = 1.3549 avg = 1.3903
  seed:  die?

BUCKINGHA
  gen:   die?

BUCKINGHAM:
And may, Warwick it you my me win he would makes that
That which mistratch ob'd that set the roay

Step 164550/214000 (epoch 19): loss = 1.4053 avg = 1.3797
  seed: o thee good,
And
  gen:  o thee good,
And you to hath says him to the set me.

KING RICHARD III:
I promiseful after I can his brother away:
T

Step 164600/214000 (epoch 19): loss = 1.2792 avg = 1.4301
  seed: ll, York's wife,
  gen:  ll, York's wife, we well stoops these
That I am day some our Cornish'd death,
One thou deasure frows, prepare your r

Step 164650/214000 (epoch 19): loss = 1.0102 avg = 1.3811
  seed: g'd!

QUEEN ELIZ
  gen:  g'd!

QUEEN ELIZABETH:
Why, carry I boyal, were ssleep that art thou masterful fraid
That lawful be thy shall captiv

Step 164700/214000 (epoch 19): loss = 1.2887 avg = 1.3346
  seed: deep and dead;
T
  gen:  deep and dead;
The was soul that the revengest dilms
The like of strength near sons hands make done,
I have call'd d

Step 164750/214000 (epoch 19): loss = 1.1997 avg = 1.3245
  seed: mmanded, mighty 
  gen:  mmanded, mighty cold son,
And be but the come at Christed tongue.

KING RICHARD III:
What I hear we nogs me is conse

Step 164800/214000 (epoch 19): loss = 1.5021 avg = 1.3924
  seed: here will I lie 
  gen:  here will I lie all revenge to most.

KING RICHARD III:
Evilty presence of my from the mile of nature,
Hering both o

Step 164850/214000 (epoch 19): loss = 1.3013 avg = 1.4323
  seed: s me;
And if I d
  gen:  s me;
And if I did onlumpet his dead on his from Lother
And I flial, let borning of my crown.

KING RICHARD III:
Wha

Step 164900/214000 (epoch 19): loss = 1.3275 avg = 1.4048
  seed:  living?

DERBY:
  gen:   living?

DERBY:
A hath on the fearing of Richard, thou clive
The stand himself.

SOMPEY:
Good his eyes? tear thou w

Step 164950/214000 (epoch 19): loss = 1.3300 avg = 1.4321
  seed: e and rough chas
  gen:  e and rough chaste.

KING RICHARD II:
Faith, my lord thost? O criever I need the request,
In this done throat for th

Step 165000/214000 (epoch 19): loss = 1.4834 avg = 1.4514
  seed: inted in His sig
  gen:  inted in His sighth;
And the being will all this conclusintrous,
With a desire and moved this my fair of didst
Romen

Step 165050/214000 (epoch 19): loss = 1.2067 avg = 1.4403
  seed: n hope, I cry am
  gen:  n hope, I cry amend!'
Most of in quit and all friends arms.

KING RICHARD II:
What we have forment against thou far 

Step 165100/214000 (epoch 19): loss = 1.4372 avg = 1.4454
  seed: ild:
A partial s
  gen:  ild:
A partial son our young pay, found our intong in me.

SLER:
Mysal I hates, for and foit, the king my
Gree her t

Step 165150/214000 (epoch 19): loss = 1.1560 avg = 1.4347
  seed:  not yourself, n
  gen:   not yourself, none
Should up no the scall be not we rough the them:
And in the or knight.

HENRY BOLINGBROKE:
O! br

Step 165200/214000 (epoch 19): loss = 1.1306 avg = 1.4579
  seed: G RICHARD II:
An
  gen:  G RICHARD II:
And, by not see partiencess coffess,
Whert you throw younds sechievenance that a comphets
The soul in 

Step 165250/214000 (epoch 19): loss = 1.2895 avg = 1.4426
  seed: life peering; bu
  gen:  life peering; but a master the rage;
Your boit thyself his her with is doube,
Dore must eals to Edwards do the leave

Step 165300/214000 (epoch 19): loss = 1.6189 avg = 1.4525
  seed: you go muster me
  gen:  you go muster me:
Let he was his house so, what do, but state some,
I shority'd Arm Glouchess' the royal of his fath

Step 165350/214000 (epoch 19): loss = 1.7729 avg = 1.4216
  seed: m,
Frighting her
  gen:  m,
Frighting here words of thrick to make to discae
And for my come and noble and to hearts;
It is I know the negrav

Step 165400/214000 (epoch 19): loss = 1.5025 avg = 1.4157
  seed: airly let her be
  gen:  airly let her beast such in mine;
He stay father to the cousin be go be
Than young my the voung be countryment
And o

Step 165450/214000 (epoch 19): loss = 1.1746 avg = 1.4374
  seed: e.

SIR STEPHEN 
  gen:  e.

SIR STEPHEN MORLAND:
Then to prose. But, I cannot is all, my prope barsing:
Hath your lands and country's return

Step 165500/214000 (epoch 19): loss = 1.3135 avg = 1.4261
  seed: r's dust with sh
  gen:  r's dust with short;
But now in we the redly his this of good
Have you with my let our fear that thou supplive:
Say,

Step 165550/214000 (epoch 19): loss = 1.5257 avg = 1.4348
  seed: wn, court!
down,
  gen:  wn, court!
down, the you must fair this scamplaish'd to,
And with heart upon my grazen adventy.

Can north:
For repo

Step 165600/214000 (epoch 19): loss = 1.1959 avg = 1.4451
  seed: thy mind;
What t
  gen:  thy mind;
What the hand an this bloods wish of say
And not their players.

KING RICHARD II:
To you, his entrees, unn

Step 165650/214000 (epoch 19): loss = 1.5052 avg = 1.4273
  seed: 
And if you crow
  gen:  
And if you crown Aumed field not thy said to prison,
To sleep, who not broke thee tendings
And thousand his will an

Step 165700/214000 (epoch 19): loss = 1.2730 avg = 1.4193
  seed: ICHARD II:
They 
  gen:  ICHARD II:
They the sun a prove you take against,
That is a sound for the king; and swear,
And say die a own was min

Step 165750/214000 (epoch 19): loss = 1.8406 avg = 1.4314
  seed: 
My wife to Fran
  gen:  
My wife to Franced with to link on me;
I will keep that record of grievours too all
That wound shalt thy leaven her

Step 165800/214000 (epoch 19): loss = 1.1206 avg = 1.3840
  seed:  would appeach h
  gen:   would appeach his sea, I am the world, but we may.

DUCHESS OF YORK:
Where you hand that I have the be than eyes an

Step 165850/214000 (epoch 19): loss = 1.3907 avg = 1.3828
  seed: y, 'pardonne moi
  gen:  y, 'pardonne mointy thee she bosom,
And this devoure him store wars that you freen command
And sensing wrong him the

Step 165900/214000 (epoch 19): loss = 1.2726 avg = 1.4138
  seed: My lord, will't 
  gen:  My lord, will't me my from my king his grace,
May mornhow father littled we been pardon,
Which swears not banness pi

Step 165950/214000 (epoch 19): loss = 1.7099 avg = 1.4302
  seed: d thee:
Have at 
  gen:  d thee:
Have at wombs the king, my blood the prayer.

HENRY BOLINGBROKE:
No, guilt shall would Ay, I last, and would

Step 166000/214000 (epoch 19): loss = 1.8103 avg = 1.4676
  seed: d's arrow; she h
  gen:  d's arrow; she hath him as true
Which here Glouces, under, him, my fair unaclinag,
And in let whosom, thou have to p

Step 166050/214000 (epoch 19): loss = 1.6416 avg = 1.5037
  seed: r:--Nurse, give 
  gen:  r:--Nurse, give it,
I will find for a lifest of trusts tell string.

BENVOLIO:
Say, the made my heart?
O presusiness

Step 166100/214000 (epoch 19): loss = 1.5941 avg = 1.5196
  seed:  phrase;
I'll be
  gen:   phrase;
I'll be insity so see and fiece and I can tap!
A day more! Sir, stine his calls! if so heard,
And so I shou

Step 166150/214000 (epoch 19): loss = 1.1970 avg = 1.5499
  seed: ,
A villain that
  gen:  ,
A villain that is when to shall shave a show of,
And so with the marriar love and the life.

ROMEO:
The winter, fe

Step 166200/214000 (epoch 19): loss = 1.5076 avg = 1.5366
  seed: t a wound.
But, 
  gen:  t a wound.
But, good meet come, and sin hear tendity:
But thou feast muskers is ne'er maid,
Which kiss to meet shood

Step 166250/214000 (epoch 19): loss = 1.3276 avg = 1.4954
  seed: ght, all this is
  gen:  ght, all this is day bound-bee,
Whethhing not go, that good faint duty but to teel.
It all too knees the very mad--

Step 166300/214000 (epoch 19): loss = 1.3341 avg = 1.4907
  seed: e for grace and 
  gen:  e for grace and whose prove thyself,
I rece he were old make and vent under,
And wakin so any a dies, and the prince

Step 166350/214000 (epoch 19): loss = 1.1935 avg = 1.5155
  seed: ill you come to 
  gen:  ill you come to know-down.

BENVOLIO:
My man, now;
Or looks in the world in die in
This faire of respiredom
my whole

Step 166400/214000 (epoch 19): loss = 1.5114 avg = 1.5091
  seed:  gentleman,
Wher
  gen:   gentleman,
Where slains of sirst in my hoar sweet,
I very art thou would rate more and to Juling he may.

MERCUTIO:

Step 166450/214000 (epoch 19): loss = 1.3989 avg = 1.4925
  seed: make haste, lest
  gen:  make haste, lest make for me to Romeo?

ROMEO:
The as I will dead:
To-make that thou uncle.
'Tis cannot say, what th

Step 166500/214000 (epoch 19): loss = 1.2111 avg = 1.5012
  seed:  shall die,
Take
  gen:   shall die,
Take before Rummuse bless afifting nightly.

BENVOLIO:
Ay, loot, and, be the fault whose cousin,
Sir to 

Step 166550/214000 (epoch 19): loss = 1.3995 avg = 1.4901
  seed: patient, for the
  gen:  patient, for these thou art have hatide with lood,
And never foe him death, what shall spily
Of inforced nay a redit

Step 166600/214000 (epoch 19): loss = 1.3516 avg = 1.4926
  seed: mmend me to thy 
  gen:  mmend me to thy hand following,
Let her they stand of the two doth my sorrow
That so selfords his saw of thou some l

Step 166650/214000 (epoch 19): loss = 1.1777 avg = 1.4660
  seed: rer lives.

JULI
  gen:  rer lives.

JULIET:
I might unsity will thou do these lie,
Put shall is thee so so much of such purpetuabbared;
Were

Step 166700/214000 (epoch 19): loss = 1.4976 avg = 1.4655
  seed: th not so green,
  gen:  th not so green,
And in my of the night. Thou with out.

BENVOLIO:
God press; that he may red?

ROMEO:
Romeo:
I woul

Step 166750/214000 (epoch 19): loss = 1.4299 avg = 1.4459
  seed: ee from this pre
  gen:  ee from this present and spent earth!
Dids to an him one thus so the being strong.

JULIET:
As that thou will strimp

Step 166800/214000 (epoch 19): loss = 1.6911 avg = 1.4498
  seed: rse, I say!
Go w
  gen:  rse, I say!
Go were not, there, the brish child
The earth to her closes: the mear it so.
Nurse! what thou, befent, h

Step 166850/214000 (epoch 19): loss = 1.4215 avg = 1.4731
  seed:  with her silver
  gen:   with her silver for that have some and her-ver.

TANLEO:
Why, then have send, the is shall on you word.

DUCHESS OF

Step 166900/214000 (epoch 19): loss = 1.5178 avg = 1.4987
  seed: ght,
To cross my
  gen:  ght,
To cross my face thought Most be well.
Now, did thee well, as her the deserving some repun.

PETER:
That he thy

Step 166950/214000 (epoch 19): loss = 1.6711 avg = 1.4901
  seed: losed in my true
  gen:  losed in my true of that sea,
Or let my get be which day out your upon thy confess.

PARIS:
It should make of you my

Step 167000/214000 (epoch 19): loss = 1.5181 avg = 1.4562
  seed: e in pure gold;
  gen:  e in pure gold;
Thou hath, and I discral the case,
Not lestly daggers as in his spased thy fool's helps,
Where there

Step 167050/214000 (epoch 19): loss = 1.2337 avg = 1.4223
  seed:  thus.

RICHARD:
  gen:   thus.

RICHARD:
The madd, be so this but of this walls poor thine.

LADY CAPULET:
The Mantual at out a shall childr

Step 167100/214000 (epoch 19): loss = 1.4676 avg = 1.3809
  seed: eby my son is di
  gen:  eby my son is discanced the calle ere you such being came,
England his house curn and to myself,
To very and Juliet 

Step 167150/214000 (epoch 19): loss = 1.2454 avg = 1.3784
  seed: er's point affor
  gen:  er's point afford and soverein.

YORK:
Henry! what let hath, bring the last me,
Eage and at my father! what's man?


Step 167200/214000 (epoch 19): loss = 2.0008 avg = 1.4274
  seed: ot shameless.
Th
  gen:  ot shameless.
The like; I lady, slay the fightly provide.
Acconting have with make the hundre in thy heart,
And your

Step 167250/214000 (epoch 19): loss = 1.5782 avg = 1.4534
  seed: 
Never, O never 
  gen:  
Never, O never your satiful farewelly your further;
Have I'll not should prince was three to gods
With is the kill 

Step 167300/214000 (epoch 19): loss = 1.3078 avg = 1.4403
  seed: er your heart, m
  gen:  er your heart, my tongue,
Whose is with a mise, that would sorth hath more
And not our ose, their love trembless!
I 

Step 167350/214000 (epoch 19): loss = 1.7979 avg = 1.3999
  seed: thou art neither
  gen:  thou art neitherless.

CLIFFORD:
Ah, privates that conspised of the Richard of his you speak,
And me, wranglal, and 

Step 167400/214000 (epoch 19): loss = 1.5889 avg = 1.4133
  seed:  complete;
How m
  gen:   complete;
How man a voung kill straighter so knight?

RICHARD:
That I doin thy heard doth in a honest watch:
Your g

Step 167450/214000 (epoch 19): loss = 1.3693 avg = 1.4421
  seed: .
The air hath g
  gen:  .
The air hath gave my father his of she was this shall
The dischood hear slew it tear thousand,
You it be have in m

Step 167500/214000 (epoch 19): loss = 1.5187 avg = 1.4372
  seed: n speak no more;
  gen:  n speak no more;
And in see his death giving as breast;
Here coverless men with the see fell and to thee?

EDWARD:
C

Step 167550/214000 (epoch 19): loss = 1.3355 avg = 1.3464
  seed:  GREY:
'Tis bett
  gen:   GREY:
'Tis better that subject my judgment bootry this;
Wherefore loving my return uphind, and Clifford so;
Where w

Step 167600/214000 (epoch 19): loss = 1.5356 avg = 1.3860
  seed: o crave thy just
  gen:  o crave thy justice the is fly.

KING EDWARD IV:
No, that I am to the dee thy art a doises
A whifh with my self do t

Step 167650/214000 (epoch 19): loss = 1.0846 avg = 1.3742
  seed: 
WARWICK:
Mine, 
  gen:  
WARWICK:
Mine, and set with crown and shall wisester before.

GLOUCESTANG LEWIS XI:
Why, thou son no deeds sit had 

Step 167700/214000 (epoch 19): loss = 1.3087 avg = 1.3508
  seed: 
But the safer w
  gen:  
But the safer with rest thou doth shall shall game;
Which harm our faremes o'ch God's desister
And the Monthy to En

Step 167750/214000 (epoch 19): loss = 1.1655 avg = 1.3483
  seed: .
Why, then, let
  gen:  .
Why, then, let not cousing thou his kings,
I it weeds doth with true, she well designal words,
And these destate t

Step 167800/214000 (epoch 19): loss = 1.0180 avg = 1.3380
  seed: own;
And pray th
  gen:  own;
And pray the Lady York greet our crown,
But batter like and to past Richard,
And misless swords, but not the di

Step 167850/214000 (epoch 19): loss = 1.1474 avg = 1.3388
  seed: e shall soon per
  gen:  e shall soon persuadon, married,
While not your crees yourself it last for grace
Usulp me as treasons. Henry, but th

Step 167900/214000 (epoch 19): loss = 1.3993 avg = 1.3646
  seed:  Clarence is at 
  gen:   Clarence is at honours him fortune hath?
Not fear and from my depart not revent.

KING HENRY VI:
Then inle the drai

Step 167950/214000 (epoch 19): loss = 1.3903 avg = 1.3709
  seed:  earth and dust?
  gen:   earth and dust?
Thy mock accreat here, my lords, when to persons of the glass.
3 KING HENRY VI

KING EDWARD IV:
The

Step 168000/214000 (epoch 19): loss = 1.1762 avg = 1.3980
  seed: t hear them spea
  gen:  t hear them speak.

WARWICK:
Tent I now my wants me leave and the repaid
That of thy too wanter fain for him son?
I 

Step 168050/214000 (epoch 19): loss = 1.6563 avg = 1.3854
  seed:  many an orphan'
  gen:   many an orphan's be with you art or servess.

KING HENRY VI:
My lie a; in thy lamend at his speak;
Or sweet with, e

Step 168100/214000 (epoch 19): loss = 1.3080 avg = 1.4397
  seed: else be content 
  gen:  else be content the name the farewell.

CAMILLO:
Happy and too live gazing our deny's come such eyes.
But as I rest 

Step 168150/214000 (epoch 19): loss = 1.8048 avg = 1.4960
  seed: t be?--
Affectio
  gen:  t be?--
Affections not come of made the cause
Of loss o'er and that treof all all.

GLOUCESTER:
I cannot a sips a wo

Step 168200/214000 (epoch 19): loss = 1.7777 avg = 1.5198
  seed: ppery? If thou w
  gen:  ppery? If thou were enemies to pituous,
That is the by babes my head? say, you bethine,
For there speak as omil
How 

Step 168250/214000 (epoch 19): loss = 1.4515 avg = 1.5113
  seed:  must be even as
  gen:   must be even as times
To her liege with thereof fondon nupp'd
Butst thou worst me in thinks the heart.

First Lord:

Step 168300/214000 (epoch 19): loss = 1.5625 avg = 1.5054
  seed: y,' come between
  gen:  y,' come between no the stand
Full free one indeer a meets.

CAMILLO:
It met like me will she can a shall'ning
Hat's

Step 168350/214000 (epoch 19): loss = 1.4283 avg = 1.4997
  seed: these your atten
  gen:  these your attend one the world of the oone?
If shall I know as this good call him,
Which one or one.

LEONTES:

Tha

Step 168400/214000 (epoch 19): loss = 1.1646 avg = 1.4750
  seed: S:
I am none, by
  gen:  S:
I am none, by to this most play.

PAULINA:
Keepate you do not, mileness ear
The cround, this? Bristian to that yo

Step 168450/214000 (epoch 19): loss = 1.6577 avg = 1.4857
  seed: o' the oracle,
K
  gen:  o' the oracle,
Keeply no bear in your from supposed,
Take with our cerenchers, and change.

LEONTES:
O poilat than w

Step 168500/214000 (epoch 19): loss = 1.2686 avg = 1.4783
  seed: t!
The prince yo
  gen:  t!
The prince your do grace
And let one the crit a farshall spirit
Than honour open, so so lime strument,
The some u

Step 168550/214000 (epoch 19): loss = 1.7795 avg = 1.4909
  seed: id in time colle
  gen:  id in time collenied
And upon their scord, and you with there
In at a time or sease fear.

HERMIS:
I was the such'd 

Step 168600/214000 (epoch 19): loss = 1.6359 avg = 1.5451
  seed: th sent for me; 
  gen:  th sent for me; I wow will I see
The deased to a plots rest, madam, arraine.

PONESTER:
Which men's: fear or see han

Step 168650/214000 (epoch 19): loss = 1.3442 avg = 1.5591
  seed: sh it to make it
  gen:  sh it to make it is a bound.

Come:
In them and well!

Lord:
I die gate.

PAULINA:

Anothing among; there to poun o'

Step 168700/214000 (epoch 19): loss = 1.7517 avg = 1.5677
  seed: uld leave grazin
  gen:  uld leave grazing is to shall of or the
darer I beans a poor furn the man power that
That of my father-fast honesty

Step 168750/214000 (epoch 19): loss = 1.4759 avg = 1.5939
  seed: MOPSA:
I have do
  gen:  MOPSA:
I have do man's with
Which the trops creparely fills of him in the gards but things out
That have no manners,

Step 168800/214000 (epoch 19): loss = 1.4719 avg = 1.5517
  seed: ad,
I shall have
  gen:  ad,
I shall have beart are they many ever thee, here was Trembles but
for off bloody is the rebel 'tweredled myself;

Step 168850/214000 (epoch 19): loss = 1.1107 avg = 1.5037
  seed: s thought on.

C
  gen:  s thought on.

CAMILLO:
Then, sir, sir, and say:
Who my as and prider of last before think
none both med this talk, 

Step 168900/214000 (epoch 19): loss = 1.5220 avg = 1.4961
  seed: hipboard
Get und
  gen:  hipboard
Get underchange his fares that and me, for they shall be
I should stand us is rick my sound affect,
Come sh

Step 168950/214000 (epoch 19): loss = 1.4063 avg = 1.4891
  seed:  persons to his 
  gen:   persons to his powered, he bosom courtaate have
in is man so babe on be of your grace; therefore theret,
for no bee

Step 169000/214000 (epoch 19): loss = 1.6119 avg = 1.4755
  seed: ather's greatnes
  gen:  ather's greatness and leave his colear'd
The lives is in of them, so his gifters,
My field of thines beholder son,
A

Step 169050/214000 (epoch 19): loss = 1.4928 avg = 1.4616
  seed: y liege,
Your ey
  gen:  y liege,
Your eye counsembes money.

LEONTES:
Pray my master,
Worty him to heart at his by that is them all been
'Th

Step 169100/214000 (epoch 19): loss = 1.5506 avg = 1.4768
  seed: so he then took 
  gen:  so he then took it sorrow his seeming indeed
a follows the bround and unking the little,
and to the world for the de

Step 169150/214000 (epoch 19): loss = 1.7125 avg = 1.4458
  seed: dial comfort. St
  gen:  dial comfort. Standan to we her from the maid: your courtain,
Thou make of the must by any was thou shall
Present me

Step 169200/214000 (epoch 19): loss = 1.3689 avg = 1.4617
  seed: thing on the way
  gen:  thing on the way,
We faix'd and one in my see was as from your come
from and her to way colded about at age against 

Step 169250/214000 (epoch 19): loss = 1.4986 avg = 1.4289
  seed:  Claudio! whence
  gen:   Claudio! whence arrains sure.

RIVERDONE:
That those to know; still, poor throne in the presues.

First Gentleman:

Step 169300/214000 (epoch 19): loss = 1.5346 avg = 1.4657
  seed: ess! Can you so 
  gen:  ess! Can you so blay thee.

FRIAR Loxthink.

LUCIO:
I live!
Is it may, sir, go: thysar, buck, who would I have servi

Step 169350/214000 (epoch 19): loss = 1.4598 avg = 1.4636
  seed: ou detest her th
  gen:  ou detest her that our for
A have her abful may sings of the look born.

LUCIO:
Are and but party Angentleman:
A goo

Step 169400/214000 (epoch 19): loss = 1.5972 avg = 1.4356
  seed: tly a bawd, Pomp
  gen:  tly a bawd, Pompey.

FROTH:
Massion, in you, what are have worn this cave worship.

ESCALUS:
Who's worshe joy, good 

Step 169450/214000 (epoch 19): loss = 1.4441 avg = 1.4055
  seed: uld you be,
If H
  gen:  uld you be,
If Hermors become sure you seem and the lander.
Iide no? there there a fell.

ISABELLA:
I have your gain

Step 169500/214000 (epoch 19): loss = 1.3173 avg = 1.4117
  seed: ,
As that the si
  gen:  ,
As that the sin for the may in them oft inflits that
proated upon of that the sin the time on't,
And do do expect 

Step 169550/214000 (epoch 19): loss = 1.5206 avg = 1.4131
  seed: ex,--
Since I su
  gen:  ex,--
Since I sure to concer, my see me thrusching so heart
From, it let to that soldier man stars' with and grace,

Step 169600/214000 (epoch 19): loss = 1.5435 avg = 1.4243
  seed:  I can a resolut
  gen:   I can a resolutest rose of poor dost him.

Than one:
But is the spion a cousin but poor not me.

MISTRESS OVERDONE:

Step 169650/214000 (epoch 19): loss = 1.4951 avg = 1.4290
  seed: he dowry of his
  gen:  he dowry of his
drink of the prefardall fallad you love,
If thy bold what rishoble her knature or enemies
Digg sever

Step 169700/214000 (epoch 19): loss = 1.4689 avg = 1.4482
  seed: now. What news a
  gen:  now. What news an him and fit to
Who may sender is for them world and to command,
To keep to complicit the good. Sir

Step 169750/214000 (epoch 19): loss = 1.1614 avg = 1.4320
  seed: CALUS:
What news
  gen:  CALUS:
What news must thou such you be death
he the good say say ever it is the libel the
foot his acwenton take and

Step 169800/214000 (epoch 19): loss = 1.4222 avg = 1.4255
  seed: take it on you t
  gen:  take it on you take of your happied
In my back: I not you with heaven.

DUKE VINCENTIO:
Being and sing.

DUKE VINCEN

Step 169850/214000 (epoch 19): loss = 1.6439 avg = 1.4116
  seed: ovost:
A lack, h
  gen:  ovost:
A lack, how how, you hast will frow depute here
The provost for a man accessibease to virtue.

DUKE VINA:
No 

Step 169900/214000 (epoch 19): loss = 1.3340 avg = 1.4077
  seed: o Angelo.
Now wi
  gen:  o Angelo.
Now with you may fit the maze the both; be still come one
to the about to be mornting and that he
dister d

Step 169950/214000 (epoch 19): loss = 1.3136 avg = 1.4054
  seed: se him so,
That 
  gen:  se him so,
That kell was not her that usays of your bring
the father common to him gentle her say.

ESCALUS:
Vettili

Step 170000/214000 (epoch 19): loss = 1.6426 avg = 1.3983
  seed: pen'd time
Unfol
  gen:  pen'd time
Unfold deed me only knowise she shall be
That gives he was with the lord and but he duke
That dreadface, 

Step 170050/214000 (epoch 19): loss = 1.3665 avg = 1.3774
  seed: leave you;
But s
  gen:  leave you;
But sir, but her's return and semet.

CLAUDIO:
O very law have words would he with these my bones,
Or mak

Step 170100/214000 (epoch 19): loss = 1.5204 avg = 1.3739
  seed: nour, you must p
  gen:  nour, you must prince:
This none of him at unswer not to you somet
Of to from your report mouth the fear,
And you do

Step 170150/214000 (epoch 19): loss = 1.8282 avg = 1.3939
  seed: r fourth, or fif
  gen:  r fourth, or fifl which for your good,
Had it in the cause father writhor is this provost,
To much a life with thou 

Step 170200/214000 (epoch 19): loss = 1.4914 avg = 1.4442
  seed:  that a mighty m
  gen:   that a mighty me man lessedhe his well!

Lord:
Sirrah! while, 'tis that show a laire,
And they and water to much os

Step 170250/214000 (epoch 19): loss = 2.1059 avg = 1.4919
  seed: first,
A merchan
  gen:  first,
A merchance with and time have ward that
And from you as than hopends? were sould wir
Than do your walk to th

Step 170300/214000 (epoch 19): loss = 1.3276 avg = 1.5041
  seed:  girl.
Counsel m
  gen:   girl.
Counsel me me confess to his new now-sess,
So traith at am a gentleman, do very his comman
the log a and say,

Step 170350/214000 (epoch 19): loss = 1.6115 avg = 1.4927
  seed: ain, 'Sirrah, kn
  gen:  ain, 'Sirrah, knels. To you shall be uphiountening house,
To be then? you worth him, sir, Gentleman. But most will h

Step 170400/214000 (epoch 19): loss = 1.3454 avg = 1.4829
  seed: ,
Will undertake
  gen:  ,
Will undertake and me as she her at advices: if some the wear'd well, her's her,
That I'll not be shall means to r

Step 170450/214000 (epoch 19): loss = 1.2299 avg = 1.4483
  seed: venge.

BAPTISTA
  gen:  venge.

BAPTISTA:
Sir, you'll not not be pecks monour torshed and canst death!

BAPTISTA:
If any good me, a fear you

Step 170500/214000 (epoch 19): loss = 1.5340 avg = 1.4303
  seed: I'll commend her
  gen:  I'll commend her well.
I will in him be most sound that woo'd;
Beside up not be good Ta condemnio.

TRANIO:
The hear

Step 170550/214000 (epoch 19): loss = 1.6815 avg = 1.4153
  seed: O, the kindest K
  gen:  O, the kindest Kate every where wrong,
If she her, which you news. Kate gall I compose and not with.

KATHARINA:
Wha

Step 170600/214000 (epoch 19): loss = 1.6427 avg = 1.4771
  seed: port, 'celsa sen
  gen:  port, 'celsa senia, I am news of soldies
a peasure so till be suns and thunt calusin'st;
Sir, an requite in you for 

Step 170650/214000 (epoch 19): loss = 1.4074 avg = 1.4911
  seed: estival!

TRANIO
  gen:  estival!

TRANIO:
Hangface, that me heard been so only that meets.

BAPTISTA:
Belike you well, a be not so with here

Step 170700/214000 (epoch 19): loss = 1.2852 avg = 1.4675
  seed: f quiet ones.

G
  gen:  f quiet ones.

GREMIO:
I not is the matched devil have word!
Yet you ask assure a change me forth.

HORTENSIO:
Say, 

Step 170750/214000 (epoch 19): loss = 1.4585 avg = 1.4965
  seed:  come to meet yo
  gen:   come to meet you.

GRUMIO:
Say! comes not, they should with them for
than calls they boys, how them book your breed

Step 170800/214000 (epoch 19): loss = 1.4226 avg = 1.4704
  seed: atante, or a ped
  gen:  atante, or a pedigary meatio,
Is shall fine and entrumble of Kate;
And yet thou will the never than we'll love make 

Step 170850/214000 (epoch 19): loss = 1.1979 avg = 1.4468
  seed:  it orderly and 
  gen:   it orderly and more, from you bear, a son
That a the father he. Now I get neverhouse-meter
thense you person, but i

Step 170900/214000 (epoch 20): loss = 1.2220 avg = 1.4348
  seed: First Citizen:
B
  gen:  First Citizen:
Be more love fit dennot sweet in takent to thee
lor the batter married, your me deedrement.

MARIA:
T

Step 170950/214000 (epoch 20): loss = 1.2361 avg = 1.4613
  seed:  at once,
You, m
  gen:   at once,
You, my but the reads,---
This contents he unto thee death?

First Citizen:
O lady, it not?
For your fathe

Step 171000/214000 (epoch 20): loss = 1.4877 avg = 1.4855
  seed: ness!'

SICINIUS
  gen:  ness!'

SICINIUS:
My father of mourning, sir, like o' the promise:
When she made the formented hear cust.

First Oin

Step 171050/214000 (epoch 20): loss = 1.1631 avg = 1.4940
  seed: ht leave
prickin
  gen:  ht leave
prickin.

VIRGILIA:
What when in the love.

RIARIANIUS:
I'll shall words hurt it. Ahore I do his name
A pas

Step 171100/214000 (epoch 20): loss = 1.2883 avg = 1.4993
  seed:  came away.

COM
  gen:   came away.

COMINIUS:
Vince, this have and partime,
And our tass! older voil a blood to hither.

VALERIA:
Why lick 

Step 171150/214000 (epoch 20): loss = 1.3263 avg = 1.4856
  seed: nly choice.

MAR
  gen:  nly choice.

MARCIUS:
Come, give make heart not me.

COMINIUS:
If your tongues all not have have should
Where they t

Step 171200/214000 (epoch 20): loss = 1.5275 avg = 1.4905
  seed: e
upon too trivi
  gen:  e
upon too triving that at in so, in the cause
Wast it think and honour sends heart good faired.
Shall'st, as that t

Step 171250/214000 (epoch 20): loss = 1.5612 avg = 1.4988
  seed: rse begin at ver
  gen:  rse begin at very matter of not with the read
And him the foredgive, good, that the rest,
'And I rest go monued we a

Step 171300/214000 (epoch 20): loss = 1.4328 avg = 1.4919
  seed: eople,
We do req
  gen:  eople,
We do requal your horse their to fear be their gods for
cut office and thus welcome the pity him heart to mak

Step 171350/214000 (epoch 20): loss = 1.3111 avg = 1.4829
  seed:  all the points 
  gen:   all the points and before them?

VOLUMNIA:
In such the people of the people our bester,
Thought his denerit show.


Step 171400/214000 (epoch 20): loss = 1.4554 avg = 1.4265
  seed: en:
Certainly
He
  gen:  en:
Certainly
He against a trolub and 'twaxe I carvy,
not seem to their do
the honesto would defehom say, he himself

Step 171450/214000 (epoch 20): loss = 1.1181 avg = 1.4141
  seed: d children's voi
  gen:  d children's voice
That's of our command the parting to him joy!

SICINIUS:
And his raggard?

SICINIUS:
Greed your t

Step 171500/214000 (epoch 20): loss = 1.5316 avg = 1.4212
  seed: ngles true judgm
  gen:  ngles true judgment him off, slue that nots,
He Corioli the other was to city.

Third God:
I am these and so rever m

Step 171550/214000 (epoch 20): loss = 1.2713 avg = 1.3966
  seed:  him here
Our ce
  gen:   him here
Our cercing you are be litter of the gods,
Have them the king any this the heard
the home with Capitol. hi

Step 171600/214000 (epoch 20): loss = 1.4150 avg = 1.4030
  seed:  asking their go
  gen:   asking their good the pirtictuel
Were to them slona plocking last it shall been
occunts! when forrgo is all for his

Step 171650/214000 (epoch 20): loss = 1.3914 avg = 1.3966
  seed: n the people!
Ca
  gen:  n the people!
Castill thing bone with a die the cause and years,
You pluck, and choleral boune: this son their to be

Step 171700/214000 (epoch 20): loss = 1.3851 avg = 1.4097
  seed: S:
Now we have s
  gen:  S:
Now we have stands, 'tis in this would of he
With the demanices with that as the finds for speak:
He have the que

Step 171750/214000 (epoch 20): loss = 1.2252 avg = 1.4140
  seed:  have, friend? w
  gen:   have, friend? well have's sure.

Veranal:
Well, you,
Billow you at the city your so, is behind encuess of heart
Ath

Step 171800/214000 (epoch 20): loss = 1.3135 avg = 1.4090
  seed: ervingman:
Here'
  gen:  ervingman:
Here's my hands do betwice hath astain
Rembilless by my harwly from him, good friend.

AUFIDIUS:
Now you 

Step 171850/214000 (epoch 20): loss = 1.2559 avg = 1.4012
  seed: ,
And with the d
  gen:  ,
And with the darestines of her enemies alones,
Bringman more love lies a peasby withal he bury
In a lead we to ted

Step 171900/214000 (epoch 20): loss = 1.3690 avg = 1.3990
  seed: ot
Join'd in com
  gen:  ot
Join'd in come and seems ! So we work.

COMINIUS:
But, them do mamble with heart, our freent o'er stame
And ignow

Step 171950/214000 (epoch 20): loss = 1.6181 avg = 1.4010
  seed: ever verified my
  gen:  ever verified my condon
To Marcius wants of you angued? did my heart
Artain our will.
Not hast peace
You have your g

Step 172000/214000 (epoch 20): loss = 1.7728 avg = 1.4210
  seed: e. Best of my fl
  gen:  e. Best of my flieves your capplaces
The puni's the state in my lord, and his
if your in that hear your go Rome: whe

Step 172050/214000 (epoch 20): loss = 1.4734 avg = 1.4492
  seed: in Corioli and h
  gen:  in Corioli and him cursed,
And with a shore. Thou capp whence head: why new bow
The mean with son, sir, but he her t

Step 172100/214000 (epoch 20): loss = 1.6172 avg = 1.4525
  seed: signments
In min
  gen:  signments
In mind an and and not sack and the peoppoint,
Is I'll he kid consider of the gamon.

CORIOLANUS:
I it is 

Step 172150/214000 (epoch 20): loss = 1.7487 avg = 1.4594
  seed: o the lascivious
  gen:  o the lascivious should with you sinute mour
The pircedit be lady; the way very traitted compation.

All I had welco

Step 172200/214000 (epoch 20): loss = 1.3199 avg = 1.4546
  seed: hen I'll marry W
  gen:  hen I'll marry Will be after of the prince,
And poy no long one spirtle your friends,
The say before my dele to me b

Step 172250/214000 (epoch 20): loss = 1.3125 avg = 1.4372
  seed: Your beauty was 
  gen:  Your beauty was thy lord, but, and thy love
First the Tower face my rant to the perize,
Therefore, and in so specute

Step 172300/214000 (epoch 20): loss = 1.4909 avg = 1.4207
  seed:  my body:
Since 
  gen:   my body:
Since it cravant home, and blow, by you doth
To this perform last is did to much with my
revenge the place

Step 172350/214000 (epoch 20): loss = 1.4233 avg = 1.4186
  seed: Grey
Were factio
  gen:  Grey
Were faction on her beaune to your flour traity and
sper kill, what shalt and murse his proce,
And to wear will

Step 172400/214000 (epoch 20): loss = 1.5308 avg = 1.4135
  seed: urrent.
O, that 
  gen:  urrent.
O, that therefore thy son kingling
Turder thee! the vouch thee than thee,
That that all life mut hope the ki

Step 172450/214000 (epoch 20): loss = 1.5271 avg = 1.4273
  seed:  I strive
To yie
  gen:   I strive
To yields a manners?

BUCKINGHAM:
He caperate, his sootly souls the king;
I would the stand guest ducken d

Step 172500/214000 (epoch 20): loss = 0.9299 avg = 1.4009
  seed: 
First Murderer:
  gen:  
First Murderer:
He is let to me briefs it.

CLARENCE:
Had curment of it it?

Liest Murderer:
The gone thee a deeds 

Step 172550/214000 (epoch 20): loss = 1.3551 avg = 1.3770
  seed:  mine!

KING EDW
  gen:   mine!

KING EDWARD:
I have it not: hastey death, and Kinsure,
That you art my poor times now I am that both
but is 

Step 172600/214000 (epoch 20): loss = 1.3904 avg = 1.3887
  seed:  arm, and kindly
  gen:   arm, and kindly soul God renou him.

Boy us Oxford:
Bionst his do that he wear offer than yours,
I having it sake m

Step 172650/214000 (epoch 20): loss = 1.0960 avg = 1.3949
  seed: ours, God speed!
  gen:  ours, God speed!
Dear provoke cry, and dream
Which noble Lucenio, no for you.

GLOUCESTER:
O, gone the come brother 

Step 172700/214000 (epoch 20): loss = 1.4057 avg = 1.3737
  seed: God he knows,
Se
  gen:  God he knows,
Send father dearing as her man of his war,
In were a be almost and that with there.

NICHURS:
Out this

Step 172750/214000 (epoch 20): loss = 1.1427 avg = 1.3371
  seed:  ghost:
My grand
  gen:   ghost:
My grandam, so stoos are you kill to me shreak,
He day be with be so dear my heaven in,
You will I am in the

Step 172800/214000 (epoch 20): loss = 1.3540 avg = 1.3372
  seed: to me than 'tis 
  gen:  to me than 'tis to earn a said means
And ends the royal soul I can the comes of tilcorrow,
Your gracie this so be me

Step 172850/214000 (epoch 20): loss = 1.1931 avg = 1.3291
  seed: NGS:
The tender 
  gen:  NGS:
The tender will have kindrect of he dies,
If then there upon, which, I love all hadst
I treath mother upon my h

Step 172900/214000 (epoch 20): loss = 1.1967 avg = 1.3606
  seed: 

BUCKINGHAM:
Fe
  gen:  

BUCKINGHAM:
Feell'st his he daught he hear than he hate.

GLOUCESTER:

QUEEN ELIZABETH:
Here he honour for this ch

Step 172950/214000 (epoch 20): loss = 1.1833 avg = 1.3844
  seed:  ungovern'd isle
  gen:   ungovern'd islemb sound him to the cosion.

GLOUCESTER:
And weep with the grace on your come to can our comfort.

B

Step 173000/214000 (epoch 20): loss = 1.1848 avg = 1.3866
  seed: t.

LADY ANNE:
G
  gen:  t.

LADY ANNE:
Go, my mildrene to say hour the lord,
Which in he attend an on might his from to him?

BUCKINGHAM:
No

Step 173050/214000 (epoch 20): loss = 1.0598 avg = 1.3865
  seed:  thing.

KING RI
  gen:   thing.

KING RICHARD III:
Thou I law messenger: what well not soul;
Go, that tellf of England, thyself all alous
Sh

Step 173100/214000 (epoch 20): loss = 1.2846 avg = 1.3764
  seed: eld, and still h
  gen:  eld, and still hither'd with
sither with that some do your taward's move towing,
To haz is acheep not the good promi

Step 173150/214000 (epoch 20): loss = 1.4299 avg = 1.4231
  seed: UCHESS OF YORK:
  gen:  UCHESS OF YORK:
The child patch moder?

QUEEN HARdess?

GLOUCESTER:
There mang'st, the the matchle to his cares hids

Step 173200/214000 (epoch 20): loss = 1.1133 avg = 1.3698
  seed: 
Thou drown the 
  gen:  
Thou drown the stards, and sword, thou comes too yours
In will so be made to be her with majest
To swien him, King 

Step 173250/214000 (epoch 20): loss = 0.8946 avg = 1.3252
  seed: ing that thou ha
  gen:  ing that thou haste, I hopent,
Falshed that shall taked their did some;
And thou doth all the cause your graces?

DU

Step 173300/214000 (epoch 20): loss = 1.9553 avg = 1.3227
  seed: ereign, now in D
  gen:  ereign, now in Doth my man.
Sold to the wear the lays what you age liege,
The Buckingham, to heart' the serves,
But 

Step 173350/214000 (epoch 20): loss = 1.5680 avg = 1.3939
  seed: f a goodly day t
  gen:  f a goodly day the aims of the both,
Because the commond me please expects,
Winer news men's gear Mistress up larm:

Step 173400/214000 (epoch 20): loss = 0.9866 avg = 1.4140
  seed: ING RICHARD III:
  gen:  ING RICHARD III:
Now, all is he, dignit else hath the more,
Unless his cornscience of bewst my life,
Myself. I do li

Step 173450/214000 (epoch 20): loss = 1.3234 avg = 1.4047
  seed: ong been mad, an
  gen:  ong been mad, and come in the time,
The born well as I stand our army fairs of wretch.

RICHMOND:
O my Richmond his 

Step 173500/214000 (epoch 20): loss = 1.6229 avg = 1.4270
  seed: blood
Should not
  gen:  blood
Should not desiging high hath his call each to are the eearn,
That artict the wife with him hear this?

HENRY 

Step 173550/214000 (epoch 20): loss = 1.4143 avg = 1.4455
  seed: der headlong in 
  gen:  der headlong in the gain:
Let the belt for this back, thou news!
When, butchee weeping in my brother's cohess' right

Step 173600/214000 (epoch 20): loss = 1.4170 avg = 1.4292
  seed: ding but the sig
  gen:  ding but the sighs
Pauliness of his call chape that thou armine
The won of life of my defend by grace.
And friend a 

Step 173650/214000 (epoch 20): loss = 1.0282 avg = 1.4287
  seed: ,
That thou retu
  gen:  ,
That thou retune honour's back this life,
I am will with heads of thy most shall heavy
To the hath thy tyrant eye 

Step 173700/214000 (epoch 20): loss = 1.4637 avg = 1.4315
  seed:  hear,
My death'
  gen:   hear,
My death's royal hyless with at me shall thee
To beneping so, hours it hath well as strife
At I will hare wil

Step 173750/214000 (epoch 20): loss = 1.3764 avg = 1.4474
  seed:  spent.

DUKE OF
  gen:   spent.

DUKE OF YORK:
The can a who thy son visit thy counsel:
O my this Mowbrays thus who dutyreds;
I am hastute a

Step 173800/214000 (epoch 20): loss = 1.5414 avg = 1.4505
  seed:  these well furn
  gen:   these well furnish, soul with this torning the virtue
Having dears to the How Irether Edo, and eith of their just;

Step 173850/214000 (epoch 20): loss = 1.4904 avg = 1.4490
  seed: turns. For us to
  gen:  turns. For us to a to me speak
A would not in the dies of things your serve
From Erened scorn the the king is not sw

Step 173900/214000 (epoch 20): loss = 1.3207 avg = 1.4129
  seed: KE OF YORK:
Even
  gen:  KE OF YORK:
Even to come reful complain king of the rest break
Than thy of bring horse will soul to have.

HENRY BOL

Step 173950/214000 (epoch 20): loss = 1.6001 avg = 1.4095
  seed: earth, I do salu
  gen:  earth, I do saluty.

ELIZABETH
My recuted, my lord, as he will kind of too closs
And make true it thee may not Juste

Step 174000/214000 (epoch 20): loss = 1.1596 avg = 1.4369
  seed: And lie full low
  gen:  And lie full lows at I will give your
Stays, to beholdiers supplace, thou we kiss.
By heaven my souls off that I am 

Step 174050/214000 (epoch 20): loss = 1.3956 avg = 1.4274
  seed: ng tears the clo
  gen:  ng tears the clouded and mare is glory
And unclest lords our care me, in the may
Your ears and in eyes are coastle t

Step 174100/214000 (epoch 20): loss = 0.9515 avg = 1.4184
  seed: gracious lord, I
  gen:  gracious lord, I warried all is me:
King Richard the fie from us of renks,
And have I blood's pain graved fastor'd p

Step 174150/214000 (epoch 20): loss = 1.3121 avg = 1.4378
  seed: fuse
The offer o
  gen:  fuse
The offer of our dreport of the kings:
We come on him, no man faith us now, and Noot hate
Which the danged for 

Step 174200/214000 (epoch 20): loss = 1.5504 avg = 1.4310
  seed: ell have you arg
  gen:  ell have you arget
And my heaven earth have know mean
Till their torth a hundred the earth,
With Harry the sead of t

Step 174250/214000 (epoch 20): loss = 1.5850 avg = 1.4191
  seed: ry shineth in th
  gen:  ry shineth in the suat:
Your dispeaten all of our tender him in lim that bean:
I do tell and you etremes country's m

Step 174300/214000 (epoch 20): loss = 1.3508 avg = 1.4209
  seed: est way shall ha
  gen:  est way shall had our toward's displing and short,
Which, I think here men the dunness if thee teem,
And noble it on

Step 174350/214000 (epoch 20): loss = 1.2109 avg = 1.3772
  seed: as fast as York:
  gen:  as fast as York:

QUEEN:
The more, my grough long come, and this lingly from thine,
And harm madlowels inter?

DUCHE

Step 174400/214000 (epoch 20): loss = 1.4447 avg = 1.3780
  seed: 

DUCHESS OF YOR
  gen:  

DUCHESS OF YORK:
But repear beging the rears back, that shall strong.
Meesd hath age him mow, then: there of his f

Step 174450/214000 (epoch 20): loss = 1.5956 avg = 1.4151
  seed: tain'd the king'
  gen:  tain'd the king'dst thou true so come,
I no with my monstrings to reason trial
To hear depardon, in him a worthy han

Step 174500/214000 (epoch 20): loss = 1.5538 avg = 1.4306
  seed:  quench the fire
  gen:   quench the fire, my tear your now?

GREGORY:
Althat me not returm: have prittence, the weep--

Kind Margary? I grav

Step 174550/214000 (epoch 20): loss = 1.3445 avg = 1.4673
  seed:  forsworn to lov
  gen:   forsworn to love,
Near from his of glives as more and poor with
And and spent to make find with head!
The roon hour

Step 174600/214000 (epoch 20): loss = 1.5693 avg = 1.5036
  seed:  God;
She was to
  gen:   God;
She was to be it death disine plain'd is your.

Fie, else Bolingbrod at in me;
The wis it is the leish place, 

Step 174650/214000 (epoch 20): loss = 1.2152 avg = 1.5112
  seed: ight.

MERCUTIO:
  gen:  ight.

MERCUTIO:
I am from my face valong longetle,
What make feast those bind thou rover;
I none the burn? I am cam

Step 174700/214000 (epoch 20): loss = 1.4848 avg = 1.5408
  seed: :
I'll not endur
  gen:  :
I'll not endure
As of the father speak his book muster,
There come is a beauty: when is the too mine;
So sink's a 

Step 174750/214000 (epoch 20): loss = 1.4770 avg = 1.5309
  seed:  her eyes
To twi
  gen:   her eyes
To twic true great and only lie nothing.

ROMEO:
The more plant with sin a thee when wall,
Will the turn t

Step 174800/214000 (epoch 20): loss = 1.4711 avg = 1.4823
  seed: usand times good
  gen:  usand times good scrance conselves rise.

ROMEO:
Why, never I not in love we another some,
A been were moonset: this

Step 174850/214000 (epoch 20): loss = 1.3396 avg = 1.4833
  seed: s him so, that h
  gen:  s him so, that hast contraction.

FRIAR MOO:
Madam, since thee ladlen that know set enter.

ROMEO:
Why, says one all

Step 174900/214000 (epoch 20): loss = 1.4429 avg = 1.5126
  seed: thou must stand 
  gen:  thou must stand of the world and me to their too From alone!

MERCUTIO:
I good now his of here.

Pear pines:
Then to

Step 174950/214000 (epoch 20): loss = 1.4741 avg = 1.5048
  seed:  the drudge and 
  gen:   the drudge and sweet this old the stiffen
After this and my brown.
Where have me lant sir; some petition of love.


Step 175000/214000 (epoch 20): loss = 1.4890 avg = 1.4863
  seed: he hurt cannot b
  gen:  he hurt cannot be my love;
Why, conclubs father, shall it the lost,
Is cannot what not mine with him.
Fear mercy be 

Step 175050/214000 (epoch 20): loss = 1.4615 avg = 1.4953
  seed:  ay, the cords.
  gen:   ay, the cords.

BENVOLIO:
A hand, Bolingbratuous strive do the shall swearn,
The maids to would proudious courte!
S

Step 175100/214000 (epoch 20): loss = 1.4942 avg = 1.4813
  seed: mercy: heaven is
  gen:  mercy: heaven is a Romeo send?

BENVOLIO:
Then, sir, bosom to the daughters are than this.
What lie there word of wo

Step 175150/214000 (epoch 20): loss = 1.4745 avg = 1.4822
  seed: n Mantua; I'll f
  gen:  n Mantua; I'll fall, like me come,
Sence the exiles in these counsel, as the day?
These thou there is not lovely fat

Step 175200/214000 (epoch 20): loss = 1.6579 avg = 1.4591
  seed: ereof,
Soon slee
  gen:  ereof,
Soon sleek to subt so that spircent the stay,
The with thee, this honourable thee hone;
When was royal fourt,

Step 175250/214000 (epoch 20): loss = 1.6121 avg = 1.4567
  seed: damnation! O mos
  gen:  damnation! O most in than a heaven, I
thou the solent, thank you may are part;
Shon love thee as it now there dune p

Step 175300/214000 (epoch 20): loss = 1.5196 avg = 1.4372
  seed: ervant:
Marry, s
  gen:  ervant:
Marry, soul that of with merchford, I!

JULIET:
And freel up a wrespires minds.

JULET:
In thou the instrume

Step 175350/214000 (epoch 20): loss = 1.5194 avg = 1.4497
  seed:  in your bed;
He
  gen:   in your bed;
He his double them, knows said the true,
Not of my prayed compares, the peace; need scame!
I must your

Step 175400/214000 (epoch 20): loss = 1.5326 avg = 1.4710
  seed: And breathed suc
  gen:  And breathed such it tear day!
O thing, if you to soul in my fit should smile.

EXETER:
For the let live be this jud

Step 175450/214000 (epoch 20): loss = 1.4545 avg = 1.4946
  seed: In what I furthe
  gen:  In what I further:
High nurse, for a fair here but she thee proport,
Come the friar him, must men this despair!
So s

Step 175500/214000 (epoch 20): loss = 1.5474 avg = 1.4862
  seed: ly dead,
Who her
  gen:  ly dead,
Who here are love nurse writ thy bed
With than dortune, will head; and bad; need, have myself,
And well for

Step 175550/214000 (epoch 20): loss = 1.6469 avg = 1.4513
  seed: hereat the great
  gen:  hereat the greated he is her.

PRINCE:
Why, to double not some in of soul's parts
To the read well gory and this of 

Step 175600/214000 (epoch 20): loss = 1.0987 avg = 1.4139
  seed: is.

WARWICK:
Pr
  gen:  is.

WARWICK:
Prevent, methinks thou shall tears of the for the vall your
then of mine of my know thou, to my grief,

Step 175650/214000 (epoch 20): loss = 1.0946 avg = 1.3635
  seed: n I'll follow he
  gen:  n I'll follow her should say
And throne shall in my lord 
In then to my monstracely how art,
And such son's many dru

Step 175700/214000 (epoch 20): loss = 1.3394 avg = 1.3769
  seed: d,
Congeal'd wit
  gen:  d,
Congeal'd with silves is not comes me speak.

RUTLAND:
Cather with made was thy faits Here and of formance,
But w

Step 175750/214000 (epoch 20): loss = 1.8199 avg = 1.4318
  seed: ipodes are unto 
  gen:  ipodes are unto the house would so quench,
But thou to poison thee worself a soldiers of monerous face thee shall ti

Step 175800/214000 (epoch 20): loss = 1.4858 avg = 1.4493
  seed:  if thou be that
  gen:   if thou be that servail'd and joy;
Let as the protect we with the mine to temped!
He thus more inteem at he cannot 

Step 175850/214000 (epoch 20): loss = 1.6778 avg = 1.4434
  seed: 
And doves will 
  gen:  
And doves will let when men in sons
And against thy should for us a blord,
To talmoder done in the and that words.

Step 175900/214000 (epoch 20): loss = 1.2967 avg = 1.4022
  seed: hat false woman,
  gen:  hat false woman, my Jamount with more in heart.

KING HENRY VI:
Who would that from thing stay thy requence,
As this

Step 175950/214000 (epoch 20): loss = 1.8934 avg = 1.4198
  seed: Gives not the ha
  gen:  Gives not the hand,
Can quict that tearing in his he triumphant,
Dead run have it owe that London me?
What shall for

Step 176000/214000 (epoch 20): loss = 1.4803 avg = 1.4386
  seed:  Richard mark'd 
  gen:   Richard mark'd for his inforced.

KING HENRY VI:
Not this grief fled gath and man their from thee.

QUEEN MARGARET:

Step 176050/214000 (epoch 20): loss = 1.0099 avg = 1.4255
  seed: Y VI:
Why, so I 
  gen:  Y VI:
Why, so I stand, together, and, for the fear,
Thou havish deason, sweeting Henry conciess,
And, a carely more 

Step 176100/214000 (epoch 20): loss = 1.4508 avg = 1.3358
  seed: e children;
And,
  gen:  e children;
And, he is where I smeet must I have their with.

KING EDWARD IV:
Will, therefore your hope to my lord,

Step 176150/214000 (epoch 20): loss = 0.9951 avg = 1.3746
  seed: proacheth boldly
  gen:  proacheth boldly toldel sue is the lady my heart,
And nexter said the claudit the passing's country?

KING EDWARD IV

Step 176200/214000 (epoch 20): loss = 1.5215 avg = 1.3695
  seed: e.
Did I forget 
  gen:  e.
Did I forget and thee ever whose quire.

KING LEWIS XI:
What is the Clarence thought perform, have will not as th

Step 176250/214000 (epoch 20): loss = 1.2839 avg = 1.3422
  seed: g bride;
She bet
  gen:  g bride;
She betwer of Will be as a bazy had,
And his wings lenting brow with thee crown
And thy lords, forgant unla

Step 176300/214000 (epoch 20): loss = 1.2444 avg = 1.3386
  seed:  the Lord Hastin
  gen:   the Lord Hastinght the rest,
That to England me home with him forbid?

Second George:
Yet, my soul mourning what th

Step 176350/214000 (epoch 20): loss = 1.5371 avg = 1.3407
  seed: when after many 
  gen:  when after many hunce to be to my open eyes.

KING EDWARD IV:
We greys sure these and on hath Richard byseecution;
A

Step 176400/214000 (epoch 20): loss = 1.2404 avg = 1.3316
  seed:  the crown and o
  gen:   the crown and our be prince.

RIVERS:
My lords, wilt thou shadowful we misford?


MONTES:
Stay Edward not Bona, and

Step 176450/214000 (epoch 20): loss = 1.2405 avg = 1.3561
  seed: ee,
Call Edward 
  gen:  ee,
Call Edward himself, he shadows thereis;
In my hunderous were of Grey' with the brother:
It thanks your mind all

Step 176500/214000 (epoch 20): loss = 1.3547 avg = 1.3635
  seed:  his last;
And t
  gen:   his last;
And the gold had them, there were her,
To God's master to hearts my leave usurp'd.

KING EDWARD IV:
So br

Step 176550/214000 (epoch 20): loss = 1.3547 avg = 1.3907
  seed: 'd me to?

PRINC
  gen:  'd me to?

PRINCE EDWARD:
Or see fond as he alone, silent.

GLOUCESTER:
I love those earth with a an at said more fi

Step 176600/214000 (epoch 20): loss = 1.3464 avg = 1.3948
  seed: u wast born,
To 
  gen:  u wast born,
To the father cease the did with sweet witzily.
Nay, quickly not of ever that. I'll half, for a father.

Step 176650/214000 (epoch 20): loss = 1.3702 avg = 1.4397
  seed: you part.

POLIX
  gen:  you part.

POLIXENES:
'Go my lies that the libellow on the kingly,
I am weding to the majesters that their sours;
By

Step 176700/214000 (epoch 20): loss = 1.6476 avg = 1.4888
  seed: TES:
No, in good
  gen:  TES:
No, in good from rest, to my from know yours
So slanding their come thy that the when thou frence's
And queen t

Step 176750/214000 (epoch 20): loss = 2.1709 avg = 1.5278
  seed: sigh?--a note in
  gen:  sigh?--a note in thee childrence the toptroop
We-some there with this puile piteous, my lord stays
I'll find mast hi

Step 176800/214000 (epoch 20): loss = 1.5583 avg = 1.5014
  seed:  I arrive, and m
  gen:   I arrive, and me of me, and lord,
Since I thou she consider my been;
If is this world he lord I say lost spoke tric

Step 176850/214000 (epoch 20): loss = 1.3614 avg = 1.4994
  seed:  traitor and Cam
  gen:   traitor and Camillo.

First Must of have chase have was you meer.

LEONTES:
I will though it known rest, and I pres

Step 176900/214000 (epoch 20): loss = 1.5152 avg = 1.4930
  seed: prisoner,
I am i
  gen:  prisoner,
I am in my lordshing true nor only?

First as us, now thou are have father, that be the heavy
See make to 

Step 176950/214000 (epoch 20): loss = 1.3851 avg = 1.4715
  seed: fire!

PAULINA:
  gen:  fire!

PAULINA:
Thou farewell: most you?
What I do his is one, loave; which off't here:
May mistrating dread with a 

Step 177000/214000 (epoch 20): loss = 1.4682 avg = 1.4825
  seed: sessions, to our
  gen:  sessions, to our fiended come;
And and my lessing comes swear; to steem to crowns;
Nor so good will are the state of

Step 177050/214000 (epoch 20): loss = 1.4541 avg = 1.4719
  seed: oclaim a man of 
  gen:  oclaim a man of my bears,
That there of my goldence.

Servant:
Sile here and from me, it courtion'd and
Curnsion lik

Step 177100/214000 (epoch 20): loss = 1.4423 avg = 1.4845
  seed: ,
But my heart b
  gen:  ,
But my heart beent to the or place.
But, proud, the botting mine; I would tempets
So tendemn'd add mocks of the fo

Step 177150/214000 (epoch 20): loss = 1.5914 avg = 1.5361
  seed: and my profit
th
  gen:  and my profit
thing be stand let sonest a very
I greath to prince thee, sit it greath lawn the
whose thee even so kn

Step 177200/214000 (epoch 20): loss = 1.4245 avg = 1.5611
  seed: gue in all Bohem
  gen:  gue in all Bohemia
der with him doth usedin
man; and he pass and they of thee.

Clown:
I am a with thy may hath hast

Step 177250/214000 (epoch 20): loss = 1.9371 avg = 1.5739
  seed: t die unmarried,
  gen:  t die unmarried, and so father,
She mive change-on some to child able of an by
The poor more than the gods, poor god

Step 177300/214000 (epoch 20): loss = 1.7657 avg = 1.5881
  seed: -bags at a
burth
  gen:  -bags at a
burthee to heart, they he speak?

Camillow, and faces; she fair become bearest;
Shall never or with mault

Step 177350/214000 (epoch 20): loss = 1.5596 avg = 1.5442
  seed: n estate?
Lies h
  gen:  n estate?
Lies here thy emble have thee: and queen's
poteth us care as them alase!
Stand not blades: 'tis told goes,

Step 177400/214000 (epoch 20): loss = 1.3721 avg = 1.4979
  seed: Camillo,
May thi
  gen:  Camillo,
May this ere the stop to them, my lord; every sweet?

MOPSA:
Rasade the betwiror him.

FLORIZEL:
Then, call

Step 177450/214000 (epoch 20): loss = 1.6888 avg = 1.4898
  seed: nose is requisit
  gen:  nose is requisite, with thus, that I
would, I will the cares some thou against than
my hanged from: though, fathere 

Step 177500/214000 (epoch 20): loss = 1.2173 avg = 1.4816
  seed: romised?

Shephe
  gen:  romised?

Shepherd:
Never often a shall not to much affection
As the work call not purse me sea! shepherd in hathsio

Step 177550/214000 (epoch 20): loss = 1.4289 avg = 1.4717
  seed:  with her beauty
  gen:   with her beauty, there:
Was your have is do the since a must them
The fears that have heard him sir.

Clown:
Has fa

Step 177600/214000 (epoch 20): loss = 1.4257 avg = 1.4526
  seed: , after a little
  gen:  , after a little,
Pruch-frame the pirited, but thence.

Lord:
Sir, flowers by this look he was three your south.

Lo

Step 177650/214000 (epoch 20): loss = 1.3871 avg = 1.4700
  seed: ay you see them 
  gen:  ay you see them would of were thrumon
but now the kings of this her, good to the water be
its to so it she depiteale

Step 177700/214000 (epoch 20): loss = 1.2495 avg = 1.4395
  seed: -I am assisted
B
  gen:  -I am assisted
Be call not he that him.

Clown:
I will not loss corn.

Mest Clarence think many sick,
Sir in not is 

Step 177750/214000 (epoch 20): loss = 1.2700 avg = 1.4551
  seed: SCALUS:
I shall 
  gen:  SCALUS:
I shall you, my lord, many that with off;
And I know for them told mirtue been
Turn in the gods and noise th

Step 177800/214000 (epoch 20): loss = 1.3234 avg = 1.4269
  seed: Lechery?

CLAUDI
  gen:  Lechery?

CLAUDIO:
But my golder togettant to your true of thear.

PAULION:
Now, sir
Throw there of the brother we f

Step 177850/214000 (epoch 20): loss = 1.7172 avg = 1.4570
  seed:  sin
With maids 
  gen:   sin
With maids indeedling have the questickle.

LUCIO:
What's the day the so father not speak of the gall
Of me wha

Step 177900/214000 (epoch 20): loss = 1.3896 avg = 1.4559
  seed:  honourable
man;
  gen:   honourable
man; condemen. Then offence to be gone to butiged
For Antague of make these oonlow a lady: a plare heavy

Step 177950/214000 (epoch 20): loss = 1.4081 avg = 1.4240
  seed: rder for the dra
  gen:  rder for the drawain the fangain.

POMPEY:
Why, thou
are fair his rather for the most confess a too?

ESCALUS:
I
POW

Step 178000/214000 (epoch 20): loss = 1.2921 avg = 1.4010
  seed: is offence?
Ther
  gen:  is offence?
There were shall do.
And we have I see come to the exaste?

Provost:
I shall;
And he wilt the father to 

Step 178050/214000 (epoch 20): loss = 1.5248 avg = 1.4059
  seed: ven hath my empt
  gen:  ven hath my empt,
And feast to be that hath the vall be macking them.

ANGELO:
How ress them approdory that men to u

Step 178100/214000 (epoch 20): loss = 1.3206 avg = 1.4015
  seed: e in't,
Which se
  gen:  e in't,
Which seem to the woman commandian so.

ISABELLA:
Why, desires what doth reason not news that
ses, I now my 

Step 178150/214000 (epoch 20): loss = 1.5510 avg = 1.4273
  seed: t and cover
In p
  gen:  t and cover
In pening not heads as the honour cousion
Toward: which all mean prove of a look profess
man so shall be

Step 178200/214000 (epoch 20): loss = 1.3200 avg = 1.4276
  seed: ,
is washed with
  gen:  ,
is washed with a please a dready his death a food!

ISABELLA:
And that should youthless your inful such for a comp

Step 178250/214000 (epoch 20): loss = 1.4149 avg = 1.4412
  seed: y to lechery wou
  gen:  y to lechery would being of him.

POMPEY:
Why, twend? and her hath we hath of agrost her me;
Which is it we'll profo

Step 178300/214000 (epoch 20): loss = 1.1806 avg = 1.4300
  seed: to know himself.
  gen:  to know himself.

DUKE VINCENTIO:
You still I have to high. I have sin, mistress
But deceives better to: diar let e'

Step 178350/214000 (epoch 20): loss = 1.3894 avg = 1.4186
  seed:  with you; if
no
  gen:   with you; if
noner, some mark me whip in the way
Can your in his night you of it deseech.

POMPEY:
I have some you 

Step 178400/214000 (epoch 20): loss = 1.3904 avg = 1.4039
  seed:  you know the co
  gen:   you know the comes the way
pares man men leave your chalfs, and so to-morrow him. Therless him your contranted not 

Step 178450/214000 (epoch 20): loss = 1.2595 avg = 1.4017
  seed: l. She's come to
  gen:  l. She's come to virtue, brave
that which from Barnardiner anguits nothing this.

DUKE VINCENTIO:
Provost of my hang

Step 178500/214000 (epoch 20): loss = 1.4026 avg = 1.3991
  seed: fore, hence, awa
  gen:  fore, hence, away!
Dieve me mannstacter fairs, if your awhile the
come touch'd to requender hanging them of the duke

Step 178550/214000 (epoch 20): loss = 1.3870 avg = 1.3968
  seed: spake against yo
  gen:  spake against yourself, and by this
best in the morn showerlay then a my brother,
Heads whom a sweet breather for a 

Step 178600/214000 (epoch 20): loss = 1.2812 avg = 1.3752
  seed: e to question; y
  gen:  e to question; yet at intial,
Eft you must that thou my lord,
My lord.

DUKE VINCENTIO:
My lord.

LUCIO:
Yea, then m

Step 178650/214000 (epoch 20): loss = 0.9693 avg = 1.3724
  seed: th him!

MARIANA
  gen:  th him!

MARIANA:
I do shall nothing give the duke's soul,
And I am in hander and camainst the worthy matter
And her

Step 178700/214000 (epoch 20): loss = 1.5303 avg = 1.4039
  seed: esteem him worth
  gen:  esteem him worth.

DUKE VINCENTIO:
Thought, bones lord: and I make the justice of
'Tis the light, I excuse's a woman

Step 178750/214000 (epoch 20): loss = 1.3391 avg = 1.4575
  seed: is is it that ma
  gen:  is is it that made: his life your death:
A most caste a joy him look's and sheem a
murder fresh'd your heir be a lor

Step 178800/214000 (epoch 20): loss = 1.6169 avg = 1.4934
  seed:  you thus contin
  gen:   you thus continue,
And brother up is the suns and nothing therefore
Sless a play of pass, for and not saw.

SLY:
Gr

Step 178850/214000 (epoch 20): loss = 1.7063 avg = 1.5039
  seed:  he kiss'd the C
  gen:   he kiss'd the Clift, I speak to the for his go Bohemit
Of a rest a torch, to have should men
than the gack you, he 

Step 178900/214000 (epoch 20): loss = 1.5822 avg = 1.4865
  seed: o, my father, is
  gen:  o, my father, is you have!
Gooot
To Lord Greet one are a worning fit went
And fair coate, my for here your for thee,

Step 178950/214000 (epoch 20): loss = 1.2677 avg = 1.4734
  seed: 

PETRUCHIO:
Wil
  gen:  

PETRUCHIO:
Will me she have be alrew of what an such
in me be a patical, and tring I by my beauty
A them to felpea

Step 179000/214000 (epoch 20): loss = 1.4575 avg = 1.4367
  seed: ard guest
Within
  gen:  ard guest
Within I belness such is then steal I am she
unly in hath motion: not you news devil;
Sir I steal, elder's

Step 179050/214000 (epoch 20): loss = 1.5442 avg = 1.4263
  seed: uper-dainty Kate
  gen:  uper-dainty Kates, on there you must quire not some that
But be the stranger to thy crown furned:
I'll she shall I s

Step 179100/214000 (epoch 20): loss = 1.5799 avg = 1.4128
  seed: e, and gentlemen
  gen:  e, and gentlemen, so,
yel or be litting them shall down where her.

KATHARINA:
Tush neither mother head? she shall b

Step 179150/214000 (epoch 20): loss = 1.3720 avg = 1.4836
  seed:  court my love:
  gen:   court my love:
Gentle I have them at stood is Padua profore;
An I am pluck all gues And Titure,
What he as sun well

Step 179200/214000 (epoch 20): loss = 1.3527 avg = 1.4810
  seed:  trust, you will
  gen:   trust, you will sensumen and come in in home of good,
Being they would catsed dowardly beel:
This shall dinness, gi

Step 179250/214000 (epoch 20): loss = 1.7655 avg = 1.4583
  seed: n, let's go.

GR
  gen:  n, let's go.

GREMIO:
Why, my wife, talk you starriage you are entreat:
You so, past that been broke thanks,
And dec

Step 179300/214000 (epoch 20): loss = 1.3890 avg = 1.4942
  seed: ted with.
Where 
  gen:  ted with.
Where upon my she have hold my satisfy, these daugh, and let thee, and we
to make a his horses horn, shall

Step 179350/214000 (epoch 20): loss = 1.2995 avg = 1.4614
  seed: ?

Pedant:
Of Ma
  gen:  ?

Pedant:
Of Master, I have displ'd well in possess
though of him so sail a feash and sir.

TRANIO:
A reshop you, I

Step 179400/214000 (epoch 20): loss = 1.9372 avg = 1.4492
  seed: three-quarters, 
  gen:  three-quarters, have you shall he stard.

PETRUCHIO:
Where my light great have profest for eye.

PETRUCHIO:
So tend,

Step 179450/214000 (epoch 21): loss = 1.8148 avg = 1.4381
  seed:  while it were
w
  gen:   while it were
with minilen I'll have him father, all all on before thee.

MARIT:
Because is thou with peace of your

Step 179500/214000 (epoch 21): loss = 1.2463 avg = 1.4530
  seed: hem to you
And n
  gen:  hem to you
And not the content undertain?

TLE:
You are?

Till the res belly, thou it she wot stander.

Thought the 

Step 179550/214000 (epoch 21): loss = 1.5858 avg = 1.4766
  seed: hought on in thi
  gen:  hought on in this world counts
And being my Gregone, best as the words.

First Citizen:
Then I do of their sufferhan

Step 179600/214000 (epoch 21): loss = 1.2993 avg = 1.4841
  seed: thing doubt
prev
  gen:  thing doubt
preved your forth.

VIRGILIA:
Itnuns head of black; and loved in a brich them an arments
That whom, a lo

Step 179650/214000 (epoch 21): loss = 1.3017 avg = 1.4920
  seed: rom a tabour
Mor
  gen:  rom a tabour
More than of you strike, again. Cencilo, call sar and
make the honest my brothers, yet go love, mad! I 

Step 179700/214000 (epoch 21): loss = 1.8554 avg = 1.4859
  seed: --
You shout me 
  gen:  --
You shout me the condemn the stook'd to this?

LARTIUS:
Make it noble his hour-what generance that confeship
day 

Step 179750/214000 (epoch 21): loss = 1.8853 avg = 1.4987
  seed:  of my microcosm
  gen:   of my microcosmed
Marth and of the Lady. O noble me draway.

MENENIUS:
Marcius were swear advant of hold, and of ba

Step 179800/214000 (epoch 21): loss = 1.2297 avg = 1.4896
  seed: er be their serv
  gen:  er be their serve him and my
behencely bood thee, and yed's countryed welcome him.

VOLUMNIA:
When no is from then t

Step 179850/214000 (epoch 21): loss = 1.2278 avg = 1.4817
  seed: m not to be thei
  gen:  m not to be their a going: any they stand
Shall not the queents; and who
that deed him hate to their complanter brat

Step 179900/214000 (epoch 21): loss = 1.4465 avg = 1.4760
  seed: the greater part
  gen:  the greater part And not
Anpets on it spent present them hear them.

CORIOLANUS:
The conded he wounds and to love th

Step 179950/214000 (epoch 21): loss = 1.2705 avg = 1.4221
  seed: : thank you:
You
  gen:  : thank you:
Yourth his utter not shall pride and learne of your
We the duke.

CORIOLANUS:
I pray Citizen:
Sir, my l

Step 180000/214000 (epoch 21): loss = 1.5611 avg = 1.4101
  seed: ople cry you moc
  gen:  ople cry you mock:
Be are mady, peak shall satisful pray
Menius of you art you, to home as a desist
With ranger the 

Step 180050/214000 (epoch 21): loss = 1.3025 avg = 1.4153
  seed: ifest treason!

  gen:  ifest treason!

CORIOLANUS:
That we speak of the atity been deserve of an he
To content the world the pray, that is 

Step 180100/214000 (epoch 21): loss = 1.2714 avg = 1.3962
  seed: is country,
Were
  gen:  is country,
Were the prider be mongue-an own to accius
An if the ore let to king.

COMINIUS:
You's petition, but of 

Step 180150/214000 (epoch 21): loss = 1.3789 avg = 1.3975
  seed: k 'twill serve, 
  gen:  k 'twill serve, not know,
You do not should enemies of my hands
This plant for you have no buck regard.

SICINIUS:
M

Step 180200/214000 (epoch 21): loss = 1.1419 avg = 1.3912
  seed: Deserves the ext
  gen:  Deserves the extremiter
Against were be not offence you, can of contilus
Dicklence.

CORIOLANUS:
Or has e to must so

Step 180250/214000 (epoch 21): loss = 1.5676 avg = 1.3998
  seed: NIUS:
Are you ma
  gen:  NIUS:
Are you mark to them be get that the of any.

COMINIUS:
You thou hark of our contry not meet me lady.

COMINIU

Step 180300/214000 (epoch 21): loss = 1.1504 avg = 1.3978
  seed: 
Third Servingma
  gen:  
Third Servingman:
Your libe go will and business no that is!

SICINIUS:
Ere he stics of the entreatione, but yet hi

Step 180350/214000 (epoch 21): loss = 1.2919 avg = 1.4031
  seed: : he is simply t
  gen:  : he is simply things
A the stands of heart that seconces inter-for thy
From unboot my draw 'reat, with before, and 

Step 180400/214000 (epoch 21): loss = 1.2916 avg = 1.3950
  seed: tion
And beat th
  gen:  tion
And beat thou were me to me honest been you, see
be a fools, so some we have that kind to child,
Where them ala

Step 180450/214000 (epoch 21): loss = 1.3415 avg = 1.3969
  seed: 'll carry Rome?
  gen:  'll carry Rome?

SICINIUS:
No, is you all the had bear the command so.

AUFIDIUS:
And, what you will to 'twas your l

Step 180500/214000 (epoch 21): loss = 1.5126 avg = 1.3962
  seed: tor:
Howsoever y
  gen:  tor:
Howsoever you say time men, as tremembranly:
You metard upon the people, that will here.

MENENIUS:
A she's nob

Step 180550/214000 (epoch 21): loss = 1.6366 avg = 1.4237
  seed: t is this?
Your 
  gen:  t is this?
Your your sorrow Angelor banish'd he grief
As the rignorators the sunded; and as
Diving as in us, and my 

Step 180600/214000 (epoch 21): loss = 1.2952 avg = 1.4410
  seed:  less? or grante
  gen:   less? or grante on;
Leave in hile shall been of prival. You we'll fance, and
That stome for the ears our country's 

Step 180650/214000 (epoch 21): loss = 1.4429 avg = 1.4492
  seed: l renew me in hi
  gen:  l renew me in his death
To of the other away theirs! let did end respects;
And sir, touch not with his heavens: what

Step 180700/214000 (epoch 21): loss = 1.4427 avg = 1.4658
  seed: mity:
And theref
  gen:  mity:
And therefore to heavy cannot straigh'd my see
As I have lack, give made, hear to against of him,
Which thou h

Step 180750/214000 (epoch 21): loss = 1.7075 avg = 1.4567
  seed: old figure of a 
  gen:  old figure of a noble
Than violent o' well accupes as ChIS God.
While, sir, Rome, that so nature,
I will well were i

Step 180800/214000 (epoch 21): loss = 1.1015 avg = 1.4254
  seed:  revenged on the
  gen:   revenged on the people,
Lead, scan the the man blemn to sected;
He cannot much of not now his full to savenge;
What

Step 180850/214000 (epoch 21): loss = 1.3655 avg = 1.4151
  seed: UEEN ELIZABETH:
  gen:  UEEN ELIZABETH:
These thy noble userve charge.
Thy fair grace too.
Master Lancaster, for 'twas voot me hath suit gra

Step 180900/214000 (epoch 21): loss = 1.4307 avg = 1.4102
  seed: 's;
Or Edward's 
  gen:  's;
Or Edward's read and unquaint here he is
The dogs of have late father hate a straight
Are lay the day have pail 

Step 180950/214000 (epoch 21): loss = 1.8467 avg = 1.4176
  seed:  folded up.
Your
  gen:   folded up.
Your speak to the profore to be that thee.

QUEEN MARGARET:
Were you with gragard thou only, that sines,

Step 181000/214000 (epoch 21): loss = 1.6732 avg = 1.4306
  seed: urge for perjury
  gen:  urge for perjury!
Come, that meet queceus, for me the water accoundest as thought
To pass of the fellow your time, h

Step 181050/214000 (epoch 21): loss = 1.2829 avg = 1.4002
  seed:  you depart and 
  gen:   you depart and my case to the which him: and Edward well,
Make would not be were the such hath a bleguters,
Once si

Step 181100/214000 (epoch 21): loss = 1.4249 avg = 1.3759
  seed: us, and full of 
  gen:  us, and full of mine.

MENS OF YORK:
Whilst he devised so kill; no know,
Or, had me is england's the deady, else,
In

Step 181150/214000 (epoch 21): loss = 1.3447 avg = 1.3808
  seed:  OF YORK:
What m
  gen:   OF YORK:
What may princely whose and for that born
We wife, would be all to not noble of my lade I you may.

CLAREN

Step 181200/214000 (epoch 21): loss = 1.5270 avg = 1.3879
  seed: own'd in Paris b
  gen:  own'd in Paris be.

First Murderer:
O for you in me alass the gods, back,
When king's came one in mine full of heave

Step 181250/214000 (epoch 21): loss = 1.2673 avg = 1.3655
  seed: omes not
To tell
  gen:  omes not
To tell'd tell, for by they and these own!

Train, mother:
For then, dare the crown in our of God,
What mad

Step 181300/214000 (epoch 21): loss = 1.6038 avg = 1.3380
  seed:  as deeply to ef
  gen:   as deeply to efford with one eart good
So so my brod in his other is not blood
And virtuion, for in the and word, a

Step 181350/214000 (epoch 21): loss = 1.2157 avg = 1.3362
  seed:  accused them we
  gen:   accused them wear under to the indisce
Ous ree the born your dail hate-pardon!

BUCKINGHAM:
I am feeling for our na

Step 181400/214000 (epoch 21): loss = 1.4860 avg = 1.3319
  seed: ff with his head
  gen:  ff with his head, is hold shame like a forth
To Cate; he by your know the queen's for his masted
Those we with our s

Step 181450/214000 (epoch 21): loss = 1.4795 avg = 1.3657
  seed: ive notice, that
  gen:  ive notice, that a time, so what we all trick'd well
Hast shall tell of Margnel of this holy so better.

HASTINGS:
T

Step 181500/214000 (epoch 21): loss = 1.5215 avg = 1.3797
  seed: y thoughts,
Whic
  gen:  y thoughts,
Which know to make him that him.

Look said cursed, at enought of us well.

BUCKINGHAM:
How factior King

Step 181550/214000 (epoch 21): loss = 1.1409 avg = 1.3769
  seed: ETH:
The king! w
  gen:  ETH:
The king! will person, my last in so,
That I would proble before diggret him:
Heaven he was the father'd and in

Step 181600/214000 (epoch 21): loss = 1.2918 avg = 1.3818
  seed: ut some mean-bor
  gen:  ut some mean-born,
Your grace me thou defore intend of die.

LADY ANNE:
The more winds of see consoke, I have,
Or pr

Step 181650/214000 (epoch 21): loss = 1.4556 avg = 1.3826
  seed: am I witness to,
  gen:  am I witness to,
That speak bearsiders speak the peace,
me straighter of Margary with Marginant and me.

KING RICHAR

Step 181700/214000 (epoch 21): loss = 1.0726 avg = 1.4149
  seed: 
From all the sl
  gen:  
From all the slew; and blow, Catest me we with man;
Which is see his he poil the desires.

TYRREL:
Alase have looks

Step 181750/214000 (epoch 21): loss = 1.0248 avg = 1.3487
  seed: oul I love thy d
  gen:  oul I love thy doth all be of thou titlent,
I carce the Ere was thy prayers, be gave thy for were ares,
And do, did 

Step 181800/214000 (epoch 21): loss = 1.3788 avg = 1.3167
  seed: my child,
And bo
  gen:  my child,
And bools his bloody and hadstanes begron.

QUEEN ELIZABETH:
Alas, till versally have corns to-morrow
As m

Step 181850/214000 (epoch 21): loss = 1.4079 avg = 1.3202
  seed: am's army is dis
  gen:  am's army is dish.

STARWICK:
Dife, God, poor tender than hope the glass,
Dorsement in a mother love leave the most 

Step 181900/214000 (epoch 21): loss = 1.5261 avg = 1.3962
  seed: ista'en his colo
  gen:  ista'en his colours to attend
The down thy love uncle a shorould's daughter away.

Seal My names was would be thou a

Step 181950/214000 (epoch 21): loss = 1.4352 avg = 1.4132
  seed: nd fairest-bodin
  gen:  nd fairest-boding naturews this days.

KING RICHARD III:
Why too, as a speak. Almost by uncle.

BRAKENBURY:
I beggar

Step 182000/214000 (epoch 21): loss = 1.4220 avg = 1.4068
  seed: s of blood!
Let 
  gen:  s of blood!
Let the draw, vow
Have soldier in enemies alends is the inters?

DUCHESS OF YORK:
Welcome than the Capit

Step 182050/214000 (epoch 21): loss = 1.4080 avg = 1.4243
  seed: own disgrace
Neg
  gen:  own disgrace
Neg but my house sovereign righty the news?

KING RICHARD II:
There you the state, what of not the gods

Step 182100/214000 (epoch 21): loss = 1.7156 avg = 1.4497
  seed: ood speed at Pla
  gen:  ood speed at Plast,
In head heart again that upon his must by this whom my fleast to set.
In what your grace deserve

Step 182150/214000 (epoch 21): loss = 1.7493 avg = 1.4312
  seed:  sky-aspiring an
  gen:   sky-aspiring and your ight
To Lord Of Lord Hereford, to fight,
To to comest live and full haste,
Even my come to th

Step 182200/214000 (epoch 21): loss = 1.5183 avg = 1.4178
  seed: UNT:
The sullen 
  gen:  UNT:
The sullen and soul--

BUSHY:
I gaint my prove his first hath evel of the,
Here his after us to do: why my soul

Step 182250/214000 (epoch 21): loss = 1.3272 avg = 1.4358
  seed: breath thou lack
  gen:  breath thou lacken to him.

KING RICHARD II:
A have state to melance our Rapple,
We not thy lid to dissend from brot

Step 182300/214000 (epoch 21): loss = 1.4100 avg = 1.4482
  seed: all tender duty 
  gen:  all tender duty to no,
And a the fanthed shamentage to hold mean,
What me not your highness not thy wander than his 

Step 182350/214000 (epoch 21): loss = 1.2349 avg = 1.4457
  seed: ROSS:
To horse, 
  gen:  ROSS:
To horse, Jovereign experound?

Camous, I ristress, we was 'fore savier
Whereign begainst and my help referenc

Step 182400/214000 (epoch 21): loss = 1.5373 avg = 1.4447
  seed: eful commons wil
  gen:  eful commons will.

NORTHUMBERLAND:

QUEEN:
We have not do, thou must caside,
Not me see thou defend, say, with to t

Step 182450/214000 (epoch 21): loss = 1.4123 avg = 1.4050
  seed:  unthrifts? Wher
  gen:   unthrifts? Wherefounds, and serve thy spring,
To mine meanle of quickly, the supperate
What arting in with company 

Step 182500/214000 (epoch 21): loss = 1.3501 avg = 1.4107
  seed:  it, I pray thee
  gen:   it, I pray thee,
And her being the prove live your fatherwart
By beither hath been eye, you consulstooks,
The smote

Step 182550/214000 (epoch 21): loss = 1.4909 avg = 1.4293
  seed: l our own but de
  gen:  l our own but deny with man
To the wars? bear swords fault men, and to himself,
And head thy name not spoint thy tra

Step 182600/214000 (epoch 21): loss = 1.3317 avg = 1.4217
  seed: hould stain so f
  gen:  hould stain so form
And my hands him his soverence, are can pluck'd a loath.

GREEN:
Why, what is our will so, which

Step 182650/214000 (epoch 21): loss = 0.9395 avg = 1.4065
  seed: t so?

HENRY BOL
  gen:  t so?

HENRY BOLINGBROKE:
What?

DUKE OF YORK:
Wail, by in Poor revenge, and to speak?
Why, counsman the duke, being

Step 182700/214000 (epoch 21): loss = 1.1150 avg = 1.4284
  seed: knightly sword.
  gen:  knightly sword.
She ward so repose.

DUKE OF YORK:
Methink beseen to send, but broat not set of not the tries,
Depos

Step 182750/214000 (epoch 21): loss = 1.5556 avg = 1.4235
  seed: a king,
Before I
  gen:  a king,
Before I purpheal a basin eyes arm, sight,
And dusper here this subject it is thee?
How noble my daughty lig

Step 182800/214000 (epoch 21): loss = 1.4976 avg = 1.4126
  seed: use to wail but 
  gen:  use to wail but out?

KING RICHARD II:
In that the hand and so crown, many one,
In the hath a land that my under hat

Step 182850/214000 (epoch 21): loss = 1.1978 avg = 1.4126
  seed: 
DUCHESS OF YORK
  gen:  
DUCHESS OF YORK:
Well do that hath death trink mints of heaven.

KING RICHARD II:
Northumberland.
The been ale pres

Step 182900/214000 (epoch 21): loss = 1.1153 avg = 1.3835
  seed: w.

HENRY PERCY:
  gen:  w.

HENRY PERCY:
Must at proys by sweet he mine them.

DUCHESS OF YORK:
The princent, my mother of the own with the 

Step 182950/214000 (epoch 21): loss = 1.2032 avg = 1.3708
  seed: d, cousin too, a
  gen:  d, cousin too, and she heard
That I stand men to beastent hand,
Where you conders them upon of supprised
And inweard

Step 183000/214000 (epoch 21): loss = 1.2987 avg = 1.4125
  seed:  news?

NORTHUMB
  gen:   news?

NORTHUMBERLEOSURD II:
That he the gardon make my name and begin performent,
And were her little I sayst thou

Step 183050/214000 (epoch 21): loss = 1.4068 avg = 1.4296
  seed: he rest depart a
  gen:  he rest depart a king: where divise,
Sir me old hell the bit the baland?

First Aumen. Some be cousin me:
I kind he 

Step 183100/214000 (epoch 21): loss = 1.3653 avg = 1.4639
  seed: rewell: thou can
  gen:  rewell: thou can as new to take wall the prince
Within most sude to Lord in persoin the will.

ROMEO:
My lord:
I hav

Step 183150/214000 (epoch 21): loss = 1.4784 avg = 1.5082
  seed: 
To bid me trudg
  gen:  
To bid me trudge, thou call nurse,
My and I saw thim meet so my heart,
This is hit for the morn;
And, with the pual

Step 183200/214000 (epoch 21): loss = 1.9892 avg = 1.5255
  seed: er wagoner a sma
  gen:  er wagoner a smalar like.

CAPULET:
To storn the sadly the entern as appurge:
Will so content in them would come of 

Step 183250/214000 (epoch 21): loss = 1.6678 avg = 1.5420
  seed: ith wilful chole
  gen:  ith wilful cholent;
'Tis no this enter sting of this consen.
Whither, sweet worthy, and in this other eash time;
Whi

Step 183300/214000 (epoch 21): loss = 1.5220 avg = 1.5240
  seed: s that fall back
  gen:  s that fall back.

ROMEO:
No, the here: boy.

HENRY BOLINGBROKE:
The Capul'd none that the pair free,
The how the fi

Step 183350/214000 (epoch 21): loss = 1.1809 avg = 1.4769
  seed: JULIET:
At what 
  gen:  JULIET:
At what not why way thou footing so marr'd,
It hope yourself his to alow tear again,
To from and my love wit

Step 183400/214000 (epoch 21): loss = 1.8749 avg = 1.4834
  seed: e of cats, I can
  gen:  e of cats, I can that know.
The looks the loath an couttlement?

JULIET:
Exhest intiful waste of me, or wrick;
The t

Step 183450/214000 (epoch 21): loss = 1.4267 avg = 1.5140
  seed: y say: for the g
  gen:  y say: for the gave some that hast,
I the cure of not, and guarder wronget of perform'd by thee now?

MERCUTIO:
Now,

Step 183500/214000 (epoch 21): loss = 1.5834 avg = 1.4980
  seed: , like fire and 
  gen:  , like fire and such'd you,
Would thou grough a little me shall look me love.

Nurse:
it Canture is soonest is 'gell

Step 183550/214000 (epoch 21): loss = 1.3148 avg = 1.4869
  seed:  have it,
And so
  gen:   have it,
And so but and a sight thou one here's fortune, hath
are in but stop this trothers and made:
And her done,

Step 183600/214000 (epoch 21): loss = 1.7798 avg = 1.4951
  seed: se eyes shut, th
  gen:  se eyes shut, their princes him heads
Bear luster beauty: sweet a are move, Rele hide!-
It is urield thee that night

Step 183650/214000 (epoch 21): loss = 1.8301 avg = 1.4845
  seed: mix'd, no sharp-
  gen:  mix'd, no sharp-Right:
Nor fair mother, is enought I have prayers,
Who news thank your death it blood's blood,
With 

Step 183700/214000 (epoch 21): loss = 1.2431 avg = 1.4744
  seed:  to woo.
Madam, 
  gen:   to woo.
Madam, gentle as O place, and dear I have fatch:
Thy word fall she's follower forbakent thou knoot
And I am

Step 183750/214000 (epoch 21): loss = 1.4783 avg = 1.4486
  seed: y child, early n
  gen:  y child, early no be love,
I'll see thou not murderer friends, I gronou' heir the laught
Methat that slaying doth so

Step 183800/214000 (epoch 21): loss = 1.3961 avg = 1.4478
  seed: h,
And therefore
  gen:  h,
And therefore a live dispring soon that me in day
I must some as darms of you, all hand,
To shake it living they 

Step 183850/214000 (epoch 21): loss = 1.4157 avg = 1.4329
  seed: prostrate here,
  gen:  prostrate here,
That of this she kingly she was it is me.

Nurse:
I will hair not the eremertain'st, lettertain.

CA

Step 183900/214000 (epoch 21): loss = 1.1771 avg = 1.4392
  seed: k the day!

LADY
  gen:  k the day!

LADY CAPULET:
Farewell.
Nurse, must for his charge the propers it,
And yet be little-bed to bedeeds, syr

Step 183950/214000 (epoch 21): loss = 1.4946 avg = 1.4703
  seed: ll news,
Since y
  gen:  ll news,
Since you may for man banishman:
And which sun; what, and with me is sound elm we have is fears;
May her so

Step 184000/214000 (epoch 21): loss = 1.2996 avg = 1.4872
  seed: hat banish'd hau
  gen:  hat banish'd haughts thou die for come.

PRINCE:
Then to veing thee and ree me love, no becaughts,
Whortly they of t

Step 184050/214000 (epoch 21): loss = 1.3983 avg = 1.4773
  seed: CE:
What misadve
  gen:  CE:
What misadver I some lies, and never this?

First See:
Ay, let I kingly hearther pointing comes
To coverless ste

Step 184100/214000 (epoch 21): loss = 1.3545 avg = 1.4459
  seed: ard hath best de
  gen:  ard hath best deep this broat?
Stand all a life at medly these here there watch grile
To yet his savilly place is me

Step 184150/214000 (epoch 21): loss = 1.1517 avg = 1.4021
  seed: xt heir should s
  gen:  xt heir should strong thing thy words.

FRIAR LADY:
Let thy old light, ladies, he woar upons,
That laments arm, the 

Step 184200/214000 (epoch 21): loss = 1.2718 avg = 1.3574
  seed:  better play the
  gen:   better play thee.

CLIFFORD:
Why, my lord these stay thy dover than honour;
Therefore grave, from carrial as thee,

Step 184250/214000 (epoch 21): loss = 1.6269 avg = 1.3840
  seed: ncounter'd him:
  gen:  ncounter'd him:
And I trant the father dead, he shed up custay.

RUTLAND:
And so what revenged, the revenge's peace!

Step 184300/214000 (epoch 21): loss = 1.4013 avg = 1.4335
  seed: l Clifford, and 
  gen:  l Clifford, and we me well
That was to the morning burthee the here,
Beside thee with your usurp'd to doth soundered

Step 184350/214000 (epoch 21): loss = 1.4063 avg = 1.4431
  seed: ath.

WARWICK:
T
  gen:  ath.

WARWICK:
The harm brother, bank son revenge be'd heaven;
Where more handst. Pantuard this far fold clopp,
And 

Step 184400/214000 (epoch 21): loss = 1.3256 avg = 1.4364
  seed: ffer their own l
  gen:  ffer their own loves
Of London for the had the blory for the words.

WICK:
Anto my gentle Plantage warr'd beservails

Step 184450/214000 (epoch 21): loss = 1.4845 avg = 1.4016
  seed: GEORGE:
But when
  gen:  GEORGE:
But whence so his majesty, got sin his soft,
As what be come thysafous home, thee?

RICHARD:
Ay, whom I took

Step 184500/214000 (epoch 21): loss = 1.4224 avg = 1.4281
  seed:  slew in fight,
  gen:   slew in fight,
And with bold us not have murdering our subjols,
Whom our bury my poare is finger nage abouther:
And

Step 184550/214000 (epoch 21): loss = 1.4434 avg = 1.4309
  seed: ad,
Your father'
  gen:  ad,
Your father's knows untains and deny
Thanding be did not stands of they conscess;
For no woe much mine of had he

Step 184600/214000 (epoch 21): loss = 1.1159 avg = 1.4163
  seed: ond Keeper:
No, 
  gen:  ond Keeper:
No, I will as I will for monthink, for like and grief:
And words man go.

Messenger:
He are and mine and

Step 184650/214000 (epoch 21): loss = 1.2219 avg = 1.3217
  seed: .

KING EDWARD I
  gen:  .

KING EDWARD IV:
Ruspite not thy death'll leam, my lord.

KING EDWARD IV:
This commorad I am do much see shame,
My

Step 184700/214000 (epoch 21): loss = 0.9728 avg = 1.3693
  seed: g in lawful marr
  gen:  g in lawful marriagerument,
So this better I will speak Veronal your one;
And let that with share is deed in thee.
T

Step 184750/214000 (epoch 21): loss = 1.1909 avg = 1.3651
  seed: t old faults,
An
  gen:  t old faults,
And king himse thy Lord so Clitter of my heaven;
And giftle me him me think upon my lord.

Althose Lan

Step 184800/214000 (epoch 21): loss = 1.1921 avg = 1.3341
  seed: 's will.

QUEEN 
  gen:  's will.

QUEEN MARGARET:
So thy forward may bark of our soot him afford:
And the dish'd bride his fair are that's a

Step 184850/214000 (epoch 21): loss = 1.3988 avg = 1.3329
  seed:  is his tent; an
  gen:   is his tent; and therefore.

GLOUCESTER:
Now for their I should then own how's give.

Upon Clarence, you friend and

Step 184900/214000 (epoch 21): loss = 1.4812 avg = 1.3359
  seed: wise as virtuous
  gen:  wise as virtuous stande.

KING HENRY VI:
How I shall be way hand bear as well in her.

QUEEN ELIZABETH:
No, are the 

Step 184950/214000 (epoch 21): loss = 1.3396 avg = 1.3259
  seed: WARD IV:
When we
  gen:  WARD IV:
When weeds and brother stand the honour,
That Langer King Edward or shall may duke for me,
They letter I th

Step 185000/214000 (epoch 21): loss = 1.5418 avg = 1.3481
  seed: but by Warwick's
  gen:  but by Warwick's state
And what thou that a
And cockers speak me; I do more, I yet for this crown a tram.
3 KING HEN

Step 185050/214000 (epoch 21): loss = 1.5410 avg = 1.3587
  seed: s bright-shining
  gen:  s bright-shining bring by your find,
When now hath when keep thou a mand loved.
The good his swife, I'll pass may yo

Step 185100/214000 (epoch 21): loss = 1.1741 avg = 1.3800
  seed:  plague to men.
  gen:   plague to men.

PRINCE EDWARD:
Either manners, thorness the the place; but Clarence?

MONTIO:
Trust your head, you 

Step 185150/214000 (epoch 21): loss = 1.5038 avg = 1.3901
  seed: and say I sent t
  gen:  and say I sent thout speak.

GLOUCESTER:
Ay, for thou resolute words thou hast my fore and leave
As the sure in the 

Step 185200/214000 (epoch 21): loss = 1.7798 avg = 1.4420
  seed:  it should now,
  gen:   it should now,
I will then with our that be three so crepoint,
And who art is the hand the will in their love
As br

Step 185250/214000 (epoch 21): loss = 1.5111 avg = 1.4919
  seed: ince as we
Do se
  gen:  ince as we
Do sens that lie the deat exear the to all.
Now so been for little. What's hope
And of all take your if t

Step 185300/214000 (epoch 21): loss = 1.6498 avg = 1.5190
  seed: 
I say thou lies
  gen:  
I say thou liest.

CAMILLO:
How now are repose not.

LEONTES:
No, child and now hence we at thou art
As the faired 

Step 185350/214000 (epoch 21): loss = 1.4090 avg = 1.4959
  seed: hich you
Shall b
  gen:  hich you
Shall be more thus closed and from in as and deceive
I dream, that that say and me, and you not
That foes o

Step 185400/214000 (epoch 21): loss = 1.4691 avg = 1.4983
  seed: th her! to priso
  gen:  th her! to prisoner of a qual sprayate
The comina promised nother no late, my lord:
But betwick and of her earned as

Step 185450/214000 (epoch 21): loss = 1.3600 avg = 1.4875
  seed: st worthy madam,
  gen:  st worthy madam, and sever drawn,
How not a be will sir. What may prince
Were of you safety come, are women and and

Step 185500/214000 (epoch 21): loss = 1.2421 avg = 1.4691
  seed:  thou art worthy
  gen:   thou art worthy my brothers,
A will him, and to the that I pray you concince
Shall man tender and there's sight, an

Step 185550/214000 (epoch 21): loss = 1.6407 avg = 1.4777
  seed:  boot me
To say 
  gen:   boot me
To say spready of me live our comple are
This business, sure common to the reacul'd
As begin him to me, tha

Step 185600/214000 (epoch 21): loss = 1.4161 avg = 1.4664
  seed: y deeds make the
  gen:  y deeds make the see dreams
Even i' the forestions attorn truth:
I thank, my lords? Wear, in
All now the trudd the s

Step 185650/214000 (epoch 21): loss = 1.5357 avg = 1.4912
  seed:  away two of my
  gen:   away two of my
The king: for seoper'd and come be cautear:
So and is was shepes,
The was no thy knowledge, fiar it 

Step 185700/214000 (epoch 21): loss = 1.6140 avg = 1.5294
  seed: ngly noted, he i
  gen:  ngly noted, he is with my sorrow ine bearful speet'st be brook,
'Tis rest shalls heard present a season!
That deed i

Step 185750/214000 (epoch 21): loss = 1.5096 avg = 1.5488
  seed:  with you at you
  gen:   with you at you honour death.

AUTOLYCUS:
yea, madam, I pray;
If commowear. The comes from a fair, but runs the cov

Step 185800/214000 (epoch 21): loss = 1.5388 avg = 1.5677
  seed: ne. When you spe
  gen:  ne. When you speed
Of boys to have.

JOLIXENES:
Ot boiser next want.

CLEOMENES:
Now sweet is the marry three, sweet

Step 185850/214000 (epoch 21): loss = 1.5243 avg = 1.5835
  seed: and sung this
ba
  gen:  and sung this
band not my leaved as come flooners,
That kinders,--

AUTOLYCUS:
Where summicas sings were upon the sp

Step 185900/214000 (epoch 21): loss = 0.9780 avg = 1.5277
  seed: EL:
He shall not
  gen:  EL:
He shall not be hours in honour said, o' the loar.

Shepherd:
O, it but themselves accutsure
From on.

CAMILLO:

Step 185950/214000 (epoch 21): loss = 1.6868 avg = 1.4931
  seed:  bed. Methinks I
  gen:   bed. Methinks I know thy castlike
What I mean him I would be thought to known
In hop did see thee accounter's suspe

Step 186000/214000 (epoch 21): loss = 1.5789 avg = 1.4920
  seed: ane's end, every
  gen:  ane's end, every yet this
shall of the set discorns
ere shall abod of you: I will be the father, by my weay,
I have 

Step 186050/214000 (epoch 21): loss = 1.3608 avg = 1.4728
  seed: lk before toward
  gen:  lk before toward: knock every we the forwithout a life?

AUTOLYCUS:
If the come his he so the business fault of
You 

Step 186100/214000 (epoch 21): loss = 1.4233 avg = 1.4683
  seed: He thus should s
  gen:  He thus should seems to the restily.

CThER:
You be reight the dearing with all these as to fall
ther-sense of you a

Step 186150/214000 (epoch 21): loss = 1.4911 avg = 1.4509
  seed: er, that knew no
  gen:  er, that knew no me
Not now you caughter I have done with your court,-
With he say gred woman the were serve me.

PA

Step 186200/214000 (epoch 21): loss = 1.4907 avg = 1.4573
  seed: st gentleman-lik
  gen:  st gentleman-like a the done, and like the heard me,
Itale longer to have is sir for they only the loath
and the shi

Step 186250/214000 (epoch 21): loss = 1.7357 avg = 1.4404
  seed: e stirs:
Start n
  gen:  e stirs:
Start now this love son.

LEONTES:
On cames and jump and upon one the king
Who do you are with years her, s

Step 186300/214000 (epoch 21): loss = 1.5397 avg = 1.4497
  seed: e the sanctimoni
  gen:  e the sanctimonion of proud all to ward I
shall his queen, to more your soul be
the say she nothing with he is brats

Step 186350/214000 (epoch 21): loss = 1.4842 avg = 1.4290
  seed: character too gr
  gen:  character too grant teeth that
doo if amenthy chave present most ready are on the herd
comour'd and a well not; but 

Step 186400/214000 (epoch 21): loss = 1.5651 avg = 1.4605
  seed: iet?

LUCIO:
Is 
  gen:  iet?

LUCIO:
Is change him throd prison.

LUCIO:
How now not tell your know, and and me;
And so not so the prilority

Step 186450/214000 (epoch 21): loss = 1.6345 avg = 1.4565
  seed: d longing, as I 
  gen:  d longing, as I am, dish'd in they do.

ELBOW:
Ay, so I cannot my broker in the breath father.

ELBOW:
I out your of

Step 186500/214000 (epoch 21): loss = 1.6018 avg = 1.4245
  seed: ot for dwelling 
  gen:  ot for dwelling statutable a sister it; I'll honour
sult her bear I knatake life, did to you sir, being that are her

Step 186550/214000 (epoch 21): loss = 1.5240 avg = 1.4025
  seed: ss'd offence wou
  gen:  ss'd offence would doend before.

ISABELLA:
I am other, honour.

ELBOW:
Hard boung had that had to the bring such
An

Step 186600/214000 (epoch 21): loss = 1.3676 avg = 1.4111
  seed: devil's horn:
'T
  gen:  devil's horn:
'Tis very, let me but rether in the sea.

ESCALUS:
It is more than the king a now the contence,
What s

Step 186650/214000 (epoch 21): loss = 1.8054 avg = 1.4040
  seed: y. I have begun,
  gen:  y. I have begun, the heaven the times me.

ANGELO:

ISABELLA:
No, my brother the from his that she bosom
Be oscement

Step 186700/214000 (epoch 21): loss = 1.2862 avg = 1.4155
  seed: the nose,
When h
  gen:  the nose,
When holy people the fellow woman.

ISABELLA:
Mistrest--were best the air the assir.

ISABELLA:
I do there

Step 186750/214000 (epoch 21): loss = 1.5952 avg = 1.4212
  seed: re
violent and u
  gen:  re
violent and upon very in love betned words,
That bended the hands of ply better of him you,
It with meritler litt

Step 186800/214000 (epoch 21): loss = 1.4073 avg = 1.4399
  seed: congealed ice; t
  gen:  congealed ice; the callian with him, for comforth
bertsluck to the earlikenation walk to might.

LUCIO:
I poor in to

Step 186850/214000 (epoch 21): loss = 1.2663 avg = 1.4205
  seed: iving promises o
  gen:  iving promises of a conceivens;
For mind prison for is a prison thy do apprection.

DUKE VINCENTIO:
And with maid be

Step 186900/214000 (epoch 21): loss = 1.2144 avg = 1.4159
  seed: what mystery the
  gen:  what mystery the contractance?

DUKE VINCENTIO:
Fay holy compose rove my to the sister:
feasant banish grother?

ANG

Step 186950/214000 (epoch 21): loss = 1.3789 avg = 1.3909
  seed: ase attempt you,
  gen:  ase attempt you, I comfort humban
a footh taken it is a back it slain, Juliet do revent of hath
all be grance my ste

Step 187000/214000 (epoch 21): loss = 1.1505 avg = 1.3843
  seed: luck out his eye
  gen:  luck out his eyes in the eint for me
hatis to to be all or will comker. If you are to the
Well call you
have live me

Step 187050/214000 (epoch 21): loss = 1.6153 avg = 1.3972
  seed: ime
And razure o
  gen:  ime
And razure of my own commonded not to it.

DUKE VINCENTIO:
Sir, infortant! O see and rither I faults
The bending

Step 187100/214000 (epoch 21): loss = 1.4115 avg = 1.3914
  seed: .
Know you that 
  gen:  .
Know you that dangerous of thy upon
That I bearing which that world, yet head
Even be behold not blesses; the bree

Step 187150/214000 (epoch 21): loss = 1.0914 avg = 1.3662
  seed: se women on to s
  gen:  se women on to some in and him;
Some lone here no to-morrow, thou this name
A mine are man and may loud sincling,
An

Step 187200/214000 (epoch 21): loss = 1.1767 avg = 1.3636
  seed: your labour.
Awa
  gen:  your labour.
Away, let would not impation, you foold and
portinate him some here than strange.

MARIANA:
I now! wher

Step 187250/214000 (epoch 21): loss = 1.2539 avg = 1.4037
  seed: near him when he
  gen:  near him when he was must of the for Pomple I can duke
My purpose him man beservant: for they despites like
we her w

Step 187300/214000 (epoch 21): loss = 1.7515 avg = 1.4622
  seed: ? thy horses sha
  gen:  ? thy horses shall of this friends;
And will intendition him stand that his lord.
Let then; and she is back:--marraw

Step 187350/214000 (epoch 21): loss = 1.4970 avg = 1.5011
  seed: ondello, thou we
  gen:  ondello, thou well I am forth,
And so were thou yeds many to Rather,
And by my men brother to merry lord?

Lord Frem

Step 187400/214000 (epoch 21): loss = 1.3459 avg = 1.4941
  seed: w'd her up,
Beca
  gen:  w'd her up,
Becall honough my to have good the content:
A by not be as thoug the see you, that we this would not as 

Step 187450/214000 (epoch 21): loss = 1.9902 avg = 1.4818
  seed: s burden of my w
  gen:  s burden of my wear, but mock and thou my setter?

DUKE VINCENTIO:
And be you Itake in my lirt;
Thou art to leave sh

Step 187500/214000 (epoch 21): loss = 1.3804 avg = 1.4781
  seed: s with bugs.

GR
  gen:  s with bugs.

GREMIO:
Good man that words? a far the would boraved
You she when I loved him but a paush work of our

Step 187550/214000 (epoch 21): loss = 1.3122 avg = 1.4241
  seed: take me not; I s
  gen:  take me not; I since him the love.

HORTENSIO:
What! if not I have not still of got,
Where I shall be fair word the 

Step 187600/214000 (epoch 21): loss = 1.2070 avg = 1.4189
  seed: ATHARINA:
No suc
  gen:  ATHARINA:
No such very you shall shaste your envious
Will is to knew with fain my daugh speak?

DUKE VINCENTIO:
Thou

Step 187650/214000 (epoch 21): loss = 1.3373 avg = 1.4076
  seed: rst.

TRANIO:
An
  gen:  rst.

TRANIO:
And her stude have a full for my heaven.

KATHARINA:
I will be command all see gently in the sunsess?

Step 187700/214000 (epoch 21): loss = 1.3472 avg = 1.4734
  seed: sician groweth a
  gen:  sician groweth a purpose, O, we speak to a miss;
Be child round to ttroube means a love,
That Itake cath of to see i

Step 187750/214000 (epoch 21): loss = 1.5474 avg = 1.4724
  seed: her's liking: wh
  gen:  her's liking: what
aid it so a the perish and yet Pisa bread,
Where is your fairless how or with will, for a fear?


Step 187800/214000 (epoch 21): loss = 1.7042 avg = 1.4626
  seed: bt it, thou mays
  gen:  bt it, thou mays, with mistrest.

GREMIO:
So hath be thee, befolly but the got them shall red.
Did in, she talking a

Step 187850/214000 (epoch 21): loss = 1.7914 avg = 1.4886
  seed: e it not?
Theret
  gen:  e it not?
Thereting, therefore, you must forth, till sincer,
If shall is them prince.
Upon her man friely thee Bapti

Step 187900/214000 (epoch 21): loss = 1.2792 avg = 1.4526
  seed: sir, to do you c
  gen:  sir, to do you cannot,
And fair shall are to so weat widow Pappy,
Stand, so love, 'tis hear the findly man's
Will I 

Step 187950/214000 (epoch 21): loss = 1.3025 avg = 1.4446
  seed: t request to hav
  gen:  t request to have,
And not to shall bestruction farewenthard;
Such a companing: there my hearf fashap in his drieve,

Step 188000/214000 (epoch 22): loss = 1.2768 avg = 1.4353
  seed:  content to give
  gen:   content to give good me,
As seen it to with he shick and so watch derrrant,
As I particling, a their with your cour

Step 188050/214000 (epoch 22): loss = 1.4308 avg = 1.4540
  seed: tizen:
We have e
  gen:  tizen:
We have else, will scome this gunbrain,
That I straight may of with the the fight
To suppety and well I canno

Step 188100/214000 (epoch 22): loss = 1.4422 avg = 1.4719
  seed: ut Rome was read
  gen:  ut Rome was ready! else they done
Faith our forewhat know your hone,
This is thousand issumbly this night raggroom
T

Step 188150/214000 (epoch 22): loss = 1.2720 avg = 1.4743
  seed: no.

MARCIUS:
'T
  gen:  no.

MARCIUS:
'Tis duty angelor good here bark your personer
Was mouthsate woonds one are we call for my hearts.

VA

Step 188200/214000 (epoch 22): loss = 1.3198 avg = 1.4865
  seed: et him slip at w
  gen:  et him slip at would bed me a cunsides.

All:
To pleaper here your boy, these was both.

MARCIUS:
Hark we from thee,

Step 188250/214000 (epoch 22): loss = 1.6605 avg = 1.4803
  seed: , call him,
With
  gen:  , call him,
With my fathing the that I away the honour:
Make of the rove you: autiful arm I have gown;
And the rip! 

Step 188300/214000 (epoch 22): loss = 1.7075 avg = 1.5004
  seed: mummers; set up 
  gen:  mummers; set up heold to to cutto prayed.

MENENIUS:
Marry, my good will Chricens as of what a lead;
Accupt of the s

Step 188350/214000 (epoch 22): loss = 2.0715 avg = 1.5107
  seed: e and damask in
  gen:  e and damask in
his firalio.

VOLUMNIA:
Sit here my monued to my faults, you breaks,
Be of its with their graces of 

Step 188400/214000 (epoch 22): loss = 1.3995 avg = 1.4737
  seed: things monster'd
  gen:  things monster'd mistress that male
These weeps of please. O say''t that them?

SICINIUS:
I masker and word upon tha

Step 188450/214000 (epoch 22): loss = 1.5507 avg = 1.4716
  seed: ir'--Plague upon
  gen:  ir'--Plague upon and beat; be them morth I so our
but to their he man of you here your of their scould:
The command 

Step 188500/214000 (epoch 22): loss = 1.3067 avg = 1.4187
  seed: urselves? You sh
  gen:  urselves? You should desire many three-contentain,
The must the strange now, to you but it.
Who man will as he buyin

Step 188550/214000 (epoch 22): loss = 1.3817 avg = 1.4008
  seed: ss
To where you 
  gen:  ss
To where you cause here non that us.

CORIOLANUS:
The home, may have here's saved so?

SICINIUS:
We'll we'll coun

Step 188600/214000 (epoch 22): loss = 2.0126 avg = 1.4197
  seed: him! down with h
  gen:  him! down with has do the world, that a grow.
Whatchorounding forth.

BRUTUS:
I have but what! being your heaven, wh

Step 188650/214000 (epoch 22): loss = 1.3533 avg = 1.3965
  seed: e is beloved, br
  gen:  e is beloved, bring home; and by your and my
Third word!

BRUTUS:
You consul:
He's a deserved know the warm on the c

Step 188700/214000 (epoch 22): loss = 1.1951 avg = 1.3908
  seed: ldier, so,
To ha
  gen:  ldier, so,
To have ruplibes them, and thus!

CORIOLANUS:
Must I am brand, 'yond not will in the consul!

CORIOLANUS:

Step 188750/214000 (epoch 22): loss = 1.4214 avg = 1.3872
  seed: e
Envied against
  gen:  e
Envied against that we have all citizes
Of Romest, have for thee contr-peak him,
That the people his worth such th

Step 188800/214000 (epoch 22): loss = 1.2796 avg = 1.3901
  seed: ome, come, peace
  gen:  ome, come, peace
A to be comes me, and people, what wouldst
Begrors them not of their heavens!
Come shall gentleman,

Step 188850/214000 (epoch 22): loss = 0.9382 avg = 1.3785
  seed: ou?

CORIOLANUS:
  gen:  ou?

CORIOLANUS:
On are good with roat us to stance, my man all.

AEdile:
spirit, wishollow for's muthorn: the statu

Step 188900/214000 (epoch 22): loss = 1.1337 avg = 1.3865
  seed: hird Servingman:
  gen:  hird Servingman: where service the stand
As evoid thy time to this sure has never my serving
Than are for them one w

Step 188950/214000 (epoch 22): loss = 1.4573 avg = 1.3911
  seed: eads a power 'ga
  gen:  eads a power 'gainst Prither:
Your gine which not.

Third Servingman:
O, but man traitore him snance more in him,
Wh

Step 189000/214000 (epoch 22): loss = 1.5855 avg = 1.3969
  seed: e other than one
  gen:  e other than one a soldier, you may to crow.

I Come, like a he is blungs the city means
And to be a be such him.

B

Step 189050/214000 (epoch 22): loss = 1.6924 avg = 1.3935
  seed: he palsied inter
  gen:  he palsied inter's Rome once as a condemned
Will the very tribunes. You pluckown:
Sirrains not has bear of shell is 

Step 189100/214000 (epoch 22): loss = 1.4781 avg = 1.4274
  seed: 
The god of sold
  gen:  
The god of soldier, as I say the mattle was
I have unly to-day words, and strike me
Than my counst the great's the 

Step 189150/214000 (epoch 22): loss = 1.4936 avg = 1.4360
  seed: te arms,
Could n
  gen:  te arms,
Could not for the that people him been in thee
And did thee will blood he been instruction as
Than the Kate

Step 189200/214000 (epoch 22): loss = 1.1862 avg = 1.4366
  seed: me home.

AUFIDI
  gen:  me home.

AUFIDIUS:
Who, ever she caps;
And lies ask be person? Oll in the sented much
an he have noble our good inc

Step 189250/214000 (epoch 22): loss = 1.4910 avg = 1.4660
  seed: ns this armed gu
  gen:  ns this armed gurders of him.

Bouthanks:
I have the boy.

BRUTUS:
Sir, which country'd himself charat mother's toad

Step 189300/214000 (epoch 22): loss = 1.8557 avg = 1.4588
  seed: sh to adders, sp
  gen:  sh to adders, speak words of your husband,
I have let be deny not with to any of more.
Now! I will noble whose not t

Step 189350/214000 (epoch 22): loss = 1.2771 avg = 1.4072
  seed:  ANNE:
Would it 
  gen:   ANNE:
Would it deed;
That assing wredred me but her flackence them in mine,
I would you do unform and heaven to by 

Step 189400/214000 (epoch 22): loss = 1.7658 avg = 1.4112
  seed:  Countess Richmo
  gen:   Countess Richmond as I mused.
Heigh, thing and husbandman too, and not his maject-good in them too this.

GLOUCESTE

Step 189450/214000 (epoch 22): loss = 1.2598 avg = 1.4016
  seed: njoy, being the 
  gen:  njoy, being the false back,
For you unfame you gracious what a reasone.

GLOUCESTER:
The Duke thee, a death grander 

Step 189500/214000 (epoch 22): loss = 1.2311 avg = 1.4083
  seed:  blood,
Nor thou
  gen:   blood,
Nor thou they mast Cature's statch place of you a doness,
Like his. Abot proud a curse that stands;
And so o

Step 189550/214000 (epoch 22): loss = 1.4176 avg = 1.4318
  seed: rvel, my lord, t
  gen:  rvel, my lord, to me cworn in of these with baggs
To the city Claudings and the coming pointed!

MENENIUS:
I will no

Step 189600/214000 (epoch 22): loss = 1.0889 avg = 1.3911
  seed: rel of the house
  gen:  rel of the house asidely world be unlaals;
And you art tear a gut and mocks other.

RIVERS:
No me I gentle warrant b

Step 189650/214000 (epoch 22): loss = 1.4970 avg = 1.3700
  seed: TER:
A blessed l
  gen:  TER:
A blessed lander father house valiant,
And the me ask to senderer meed thou well.

First Murderer:
Balse my Jod

Step 189700/214000 (epoch 22): loss = 1.4968 avg = 1.3798
  seed: cely semblance
A
  gen:  cely semblance
A see in that more death. Coriolence?

DUCHESS OF YORK:
I must thou way he warriage thy crown have de

Step 189750/214000 (epoch 22): loss = 1.2513 avg = 1.3789
  seed: o rule,
This sic
  gen:  o rule,
This sickled to such mother grace grown;
This is you work with standen his compare
That on my house uprincel

Step 189800/214000 (epoch 22): loss = 1.3362 avg = 1.3579
  seed: im,
And from her
  gen:  im,
And from here, that the rooth duty,
As in the hath a lord, I, thout to your noble her answer and shall.

GLOUCES

Step 189850/214000 (epoch 22): loss = 1.3489 avg = 1.3313
  seed: th he stand affe
  gen:  th he stand affector:
I have to guilty. He, yet, and then,
Yet to the is the more to out of York
And my good would, 

Step 189900/214000 (epoch 22): loss = 1.3497 avg = 1.3327
  seed:  drink that for 
  gen:   drink that for this other.

CATESBY:
What, go their tragers, part falliver?

GLOUCESTER:
Well me, to more them.

HA

Step 189950/214000 (epoch 22): loss = 1.4114 avg = 1.3336
  seed: at Pomfret blood
  gen:  at Pomfret blood Francing and lost of France,
That state to might you early king.

NIS XINGS:
How than the enterness

Step 190000/214000 (epoch 22): loss = 1.2980 avg = 1.3709
  seed: not?
Bad is the 
  gen:  not?
Bad is the tail a dear comes of good friends,
The lease attell now with the good not twast
My wife his say shru

Step 190050/214000 (epoch 22): loss = 1.2634 avg = 1.3788
  seed: g friends,
And b
  gen:  g friends,
And brant to it envour of the treacherous
The but the harm comes gracious enemies with men
Too make your 

Step 190100/214000 (epoch 22): loss = 1.3543 avg = 1.3658
  seed: d I'll salute yo
  gen:  d I'll salute your upon you.

BUCKINGHAM:
I am he is palle princely for the life,
And all his speak the love to crit

Step 190150/214000 (epoch 22): loss = 0.9743 avg = 1.3807
  seed: ING RICHARD III:
  gen:  ING RICHARD III:
Some carry of you.

DUKE VING RICHARD III:
Parther, plain, when of the promise,
I have be can 'em.

Step 190200/214000 (epoch 22): loss = 1.3398 avg = 1.3825
  seed: ntagenet, why ar
  gen:  ntagenet, why are the reputy,
And look your send my appearsly distress.
I look, good my bawd for peness on their in

Step 190250/214000 (epoch 22): loss = 1.4979 avg = 1.4068
  seed: s enointed: stri
  gen:  s enointed: strizens!
O thou like a grief a suit vull heart, so your bold!

QUEEN MARGARET:
Ay, thee in they said my

Step 190300/214000 (epoch 22): loss = 1.4316 avg = 1.3332
  seed: ve
Edward and Yo
  gen:  ve
Edward and York and the guild thou captues
To thy conser round a kind my part to hell good,
Who will widow vilder

Step 190350/214000 (epoch 22): loss = 1.3509 avg = 1.3175
  seed: d, by time misus
  gen:  d, by time misuson,
And mothing both not habily, by thyself;
For thoughts not my love wilt---

KING RICHARD III:
Can

Step 190400/214000 (epoch 22): loss = 1.5723 avg = 1.3250
  seed: stants, yea or n
  gen:  stants, yea or nevil you send;
Our sovereign? therefore were conserve.

KING RICHARD III:
Good them thy traughter. I

Step 190450/214000 (epoch 22): loss = 1.5462 avg = 1.3918
  seed: ICHARD III:
I wi
  gen:  ICHARD III:
I will have friends old tward's body friends,
Shall my poon me in the liege, good with fellow,
Were well

Step 190500/214000 (epoch 22): loss = 1.7189 avg = 1.4075
  seed: ke high-rear'd b
  gen:  ke high-rear'd by parts.

BER:
Well, where knowlessings of the time me:
And make thereof sick, who I darer, this of 

Step 190550/214000 (epoch 22): loss = 1.4634 avg = 1.3994
  seed: alice;
Or worthi
  gen:  alice;
Or worthis heard fair the harm to the see these story:
First I have tent dearful suit hath a frown--

KING RI

Step 190600/214000 (epoch 22): loss = 1.3236 avg = 1.4207
  seed: r'd in his bosom
  gen:  r'd in his bosom Richmond of yourself
Gainst of his my lord, if the war commone.

DERBY:
Mysted is the citizens and 

Step 190650/214000 (epoch 22): loss = 1.3093 avg = 1.4457
  seed: LE:
Why, then, t
  gen:  LE:
Why, then, that madey of Margaren, which I say:
Head they at pity-bertily that play to sleep:

KING RICHARD II:

Step 190700/214000 (epoch 22): loss = 1.3106 avg = 1.4287
  seed: Y BOLINGBROKE:
Y
  gen:  Y BOLINGBROKE:
Yir in the barranches, and from limpeants,
And his ears brehem of our dears my ribert
Irough truth, a

Step 190750/214000 (epoch 22): loss = 1.5579 avg = 1.4177
  seed: e,
But thou the 
  gen:  e,
But thou the air no thy devolth my blood?

KING RICHARD II:
O, my heach the reverench two you the king:
I am thou

Step 190800/214000 (epoch 22): loss = 1.2772 avg = 1.4444
  seed: gainst infection
  gen:  gainst infection of the gracest.

DUKE OF YORK:
There blood oft to me, what to sonselves,
But my live to hot him to 

Step 190850/214000 (epoch 22): loss = 1.2487 avg = 1.4412
  seed: 'd, it was again
  gen:  'd, it was again,
It speak thou frod's this abord, the carient?

Perchal:
This is the many is on my Hereford's broun

Step 190900/214000 (epoch 22): loss = 1.2184 avg = 1.4396
  seed: g it grieves,
Mo
  gen:  g it grieves,
More of too, liege he time in this benefide,
About us to banished the princes, doblest;
But art my the

Step 190950/214000 (epoch 22): loss = 1.5562 avg = 1.4358
  seed: D:
Believe me, n
  gen:  D:
Believe me, no minds alongs your conding of it.

BUSHY:
Why.

KING RICHARD II:
And less with a horse the for reca

Step 191000/214000 (epoch 22): loss = 1.1182 avg = 1.4001
  seed:  free descent.

  gen:   free descent.

CATESBY:
That men, repair ways are mine you have me;
And party obey light not no so my lord.

LORD H

Step 191050/214000 (epoch 22): loss = 1.3854 avg = 1.4053
  seed:  lord, that we a
  gen:   lord, that we arm my death.

HENRY BOLINGBROKE:
A good my due with men weaknemanney;
Whilst thy lord breath shed ar

Step 191100/214000 (epoch 22): loss = 1.5819 avg = 1.4317
  seed: lf and vain conc
  gen:  lf and vain conceiver of year.

BISHOP OF Lold:
The see the come on long with days heads
And letter'd and some of hi

Step 191150/214000 (epoch 22): loss = 1.5550 avg = 1.4226
  seed: ter, God omnipot
  gen:  ter, God omnipoteds of justh
That of he is absoechs canstants are not you thou arms.
The no the seen was brides his 

Step 191200/214000 (epoch 22): loss = 1.4935 avg = 1.4070
  seed: gether wanting,
  gen:  gether wanting,
If the will an farewellipes to do for see
To debt at the king with a crack, and far from lord.

KING

Step 191250/214000 (epoch 22): loss = 1.1891 avg = 1.4200
  seed: e that day.

LOR
  gen:  e that day.

LORD ROSS:
It be the discorn this pain of that?

HENRY BOLINGBROKE:
I'll these had of with a both Gaunt

Step 191300/214000 (epoch 22): loss = 1.2254 avg = 1.4251
  seed: er?

DUKE OF YOR
  gen:  er?

DUKE OF YORK:
Our here mine and his here, in you grace?
There is ure whose:
Why was; and thou had I have return

Step 191350/214000 (epoch 22): loss = 1.1445 avg = 1.3918
  seed: our sights.

HEN
  gen:  our sights.

HENRY BOLINGBROKE:
Sold hand.

THENRY BOLINGBROKE:
So that of my angry and sent again given;
But must f

Step 191400/214000 (epoch 22): loss = 1.5551 avg = 1.4117
  seed:  looks of young 
  gen:   looks of young good,
When we nothing the other else the wears?

KING RICHARD II:
A why, sure frame: the citizel him

Step 191450/214000 (epoch 22): loss = 0.9130 avg = 1.3714
  seed: UKE OF AUMERLE:
  gen:  UKE OF AUMERLE:
My Ere my deputy have should a consughs say
Bears and my royal crown fear, he wilts it one.

DUKE OF

Step 191500/214000 (epoch 22): loss = 1.2589 avg = 1.3670
  seed: iend, and will r
  gen:  iend, and will restruction tongue the stand have pardon
Did thou dead ipotects of his sou, he with pity.

DUCHESS OF

Step 191550/214000 (epoch 22): loss = 1.5470 avg = 1.4099
  seed: t, well I wot.

  gen:  t, well I wot.

DUCHESS OF YORK:
Welcome, vow, now, so do not compling we day.
The wont tenderissalt my often here w

Step 191600/214000 (epoch 22): loss = 1.4406 avg = 1.4314
  seed: iss'd him in sco
  gen:  iss'd him in sconmeant I speak.

THOMPSAR:
A comes of the news, not peace: and to the thy speak;
And, and begain!
To

Step 191650/214000 (epoch 22): loss = 1.4037 avg = 1.4589
  seed:  mothers made.

  gen:   mothers made.

CAPULET:
Shall I not not so; begion to how then.

DUCHESS OF YORK:
You grace, now, and have good wer

Step 191700/214000 (epoch 22): loss = 1.3104 avg = 1.5050
  seed: y fool, it stint
  gen:  y fool, it stintong the say lime,
To quarrel. The lad and Frald we all Her, the steel's shall deed?

Servant:
In thi

Step 191750/214000 (epoch 22): loss = 1.6288 avg = 1.5324
  seed: 's nose,
And the
  gen:  's nose,
And the in his name were no cry ages afnee,
With and, now,--too me merveoodio's from age, no, an our permou

Step 191800/214000 (epoch 22): loss = 1.4105 avg = 1.5339
  seed: prayers' sake.

  gen:  prayers' sake.

MERCUTIO:
We you she have year by any.

ROMEO:
The tear'n a floom:
'Tis ever too, pity the sue drow 

Step 191850/214000 (epoch 22): loss = 1.3779 avg = 1.5147
  seed: etain that dear 
  gen:  etain that dear forench--trees in he,
As the crown how him sweet as not court-see
Shall fear I say in that my hold t

Step 191900/214000 (epoch 22): loss = 1.2182 avg = 1.4677
  seed: s it back again,
  gen:  s it back again,
Poportiniom of thou at this days children,
Uncounder the dune with a blay sast of thee,
I rest hath

Step 191950/214000 (epoch 22): loss = 1.6882 avg = 1.5001
  seed: e, that we shoul
  gen:  e, that we should love his beh to back.

JULIET:
The mother advant: so thou did stand for my vow.

ROMEO:
Art Romeo 

Step 192000/214000 (epoch 22): loss = 1.3443 avg = 1.5030
  seed: Be shrived and m
  gen:  Be shrived and me to relige, were of hate, I'll so be
The wears me word happort thing the far is a gentled me,
Basin

Step 192050/214000 (epoch 22): loss = 1.4904 avg = 1.4929
  seed: sure of thy joy
  gen:  sure of thy joy
Are that are both, my truck we so chase is
loose like and that the conclumeds; what your me.

Nurse:

Step 192100/214000 (epoch 22): loss = 1.6828 avg = 1.4849
  seed: EO:
Alive, in tr
  gen:  EO:
Alive, in trusared beal his of this it assardy part
Savour me have a should I summmes blind,
But very is this ca

Step 192150/214000 (epoch 22): loss = 1.2094 avg = 1.4912
  seed: n!
That ever I s
  gen:  n!
That ever I see sweet is the sweet love,
Like as himself dies that isle back, thou child,
That singly will I have

Step 192200/214000 (epoch 22): loss = 1.7209 avg = 1.4823
  seed: less philosophy 
  gen:  less philosophy from the soling,
Be in that not hand the heavens in the sealt?
For no that blood of Duke not! what s

Step 192250/214000 (epoch 22): loss = 1.6294 avg = 1.4793
  seed: e earl.
Will you
  gen:  e earl.
Will you thou reverise a cran a wold,
Where an a bair his and so ordered
Awiceupon thy hate again, the submo

Step 192300/214000 (epoch 22): loss = 1.6099 avg = 1.4426
  seed: ds.

CAPULET:
Wh
  gen:  ds.

CAPULET:
What weep the heart should monural forea,
When thou cannot how these best wits,
And for the rave the l

Step 192350/214000 (epoch 22): loss = 1.0578 avg = 1.4324
  seed: ke confession to
  gen:  ke confession to the beds the world.

JULIET:
O my blamer to be make him cannotth still:
I'll dear, in You should a 

Step 192400/214000 (epoch 22): loss = 1.2685 avg = 1.4284
  seed: ch needful ornam
  gen:  ch needful orname to be not me bid
Thus long than the stags are lies in this see weep
Of bed, look me holy love: foo

Step 192450/214000 (epoch 22): loss = 1.7589 avg = 1.4365
  seed: th lain with thy
  gen:  th lain with thyself says,
And both alone, let's and abravely?
He is many the kind? nor he castle.

JULIET:
Stay the

Step 192500/214000 (epoch 22): loss = 1.6944 avg = 1.4680
  seed: art swift
To ent
  gen:  art swift
To entrain'd music sound and still a me?

PETER:
Have me! metisfice-hat my lord: what wall!

BALTHASAMULIO

Step 192550/214000 (epoch 22): loss = 1.2480 avg = 1.4792
  seed: y: O, be gone!
B
  gen:  y: O, be gone!
Being if I know the prote thou marriage.
The does thou draw this longer Romeo,
With thou must of the 

Step 192600/214000 (epoch 22): loss = 1.4816 avg = 1.4669
  seed:  dead men's tomb
  gen:   dead men's tomb, and what from thee!
Who leave at I missue arms
As percing gones. There
In the Londuction from thys

Step 192650/214000 (epoch 22): loss = 1.3832 avg = 1.4398
  seed:  he that flies s
  gen:   he that flies storth word so did!
There and there; and a not this secord:
But in this light I not this some know.


Step 192700/214000 (epoch 22): loss = 1.4961 avg = 1.3914
  seed: , be thy title r
  gen:  , be thy title remember,
That father chose to this nlood, let thereon to us.

PRINCE:
What, he son inter swords, not

Step 192750/214000 (epoch 22): loss = 1.3451 avg = 1.3514
  seed: tly reign.

EDWA
  gen:  tly reign.

EDWARD:
My fast his noble it thee face thee time desper.

KING HENRY VI:
Henry not grady, that I have th

Step 192800/214000 (epoch 22): loss = 1.3889 avg = 1.3876
  seed: orthumberland,
I
  gen:  orthumberland,
I am friar, be such oting her hearth.

RUTLAND:
He slew thing it my faith with and anger;
See the cha

Step 192850/214000 (epoch 22): loss = 1.5043 avg = 1.4344
  seed: ill shed fast-fa
  gen:  ill shed fast-faces of a repulless.

WARWICK:
And maker:
Bid the lable up.

CLIFFORD:
Ay, that Juliet thee should th

Step 192900/214000 (epoch 22): loss = 1.6295 avg = 1.4457
  seed: To dash our late
  gen:  To dash our late my fares and fall of 'Wards,
The princely sight it his fairl of shows that?
My tower inteature, but

Step 192950/214000 (epoch 22): loss = 1.5230 avg = 1.4342
  seed: r hear
That thin
  gen:  r hear
That thing once our soldiess; sunt wherety hands.

NORTHUMBERLAND:
Harks then stay's the violence were and ho

Step 193000/214000 (epoch 22): loss = 1.3917 avg = 1.3955
  seed: words will cost 
  gen:  words will cost speak his all.

RICHARD:
Ay! when this for that make it the issue,
And not to same thy blessingly me

Step 193050/214000 (epoch 22): loss = 1.2421 avg = 1.4213
  seed: 
My tears shall 
  gen:  
My tears shall bow'd they throne;
And by years the house so brother well.

GEORLAND:
Now, gentlewell known the hear

Step 193100/214000 (epoch 22): loss = 1.3845 avg = 1.4263
  seed: would avoid such
  gen:  would avoid such shame thy fled rudeny,
No look, whose his hands to his hand her and death:
When says and long earth

Step 193150/214000 (epoch 22): loss = 1.3829 avg = 1.4071
  seed: with my wind whe
  gen:  with my wind when dear your care,
Whose were the greate windown life wills,
In reck me are to him liest our house!


Step 193200/214000 (epoch 22): loss = 1.3679 avg = 1.3219
  seed: and me--
The lus
  gen:  and me--
The lustom of his injoyful knave of thy bone's so,
And no my love you hast a go? what will your sue?

LADY 

Step 193250/214000 (epoch 22): loss = 1.0640 avg = 1.3641
  seed: ime suppresseth 
  gen:  ime suppresseth to the father to heaven France;
And as I go watch weep, for the crowns;
That's see of with a shall t

Step 193300/214000 (epoch 22): loss = 1.2711 avg = 1.3602
  seed: owned prince, ho
  gen:  owned prince, how en and the lord.

WARWICK:
I that me, that made the for of Lancaster.

GLOUCESTER:
But I had you a

Step 193350/214000 (epoch 22): loss = 1.2311 avg = 1.3287
  seed: or hatred at my 
  gen:  or hatred at my chief,
That if him were and faint the soldiers
And I joyshing that the fifled have slain,
Which with

Step 193400/214000 (epoch 22): loss = 1.4228 avg = 1.3292
  seed: or how to be con
  gen:  or how to be constance,
And you that men easts promised the remain,
Beliken they well I have King Henry,
And king hi

Step 193450/214000 (epoch 22): loss = 1.5130 avg = 1.3318
  seed:  you both protec
  gen:   you both protectors.
While hear my father, and virtural to my foreigns.

KING HENRY VI:
And whither be ruck rain th

Step 193500/214000 (epoch 22): loss = 1.7157 avg = 1.3260
  seed: he Fourth, by th
  gen:  he Fourth, by the consent this supposs'd.

EDWARD IVE:
Come, my lords sitting fly to be my want:
I wear her from thi

Step 193550/214000 (epoch 22): loss = 1.5150 avg = 1.3418
  seed: he time; kneel d
  gen:  he time; kneel down, and me you hastemp
At him the truth Edward off hears the hursel in a words:
And do, thou where 

Step 193600/214000 (epoch 22): loss = 1.1907 avg = 1.3593
  seed: will be full as 
  gen:  will be full as a morrow to creed.

CLARENCE:
My brother'd thy bear a shaped friends,
And cheer march off were in th

Step 193650/214000 (epoch 22): loss = 0.9949 avg = 1.3720
  seed: for twitting me 
  gen:  for twitting me that speak; then we fught
I will deconst the night fair they deceived
Anor of the father not.

KING 

Step 193700/214000 (epoch 22): loss = 1.5230 avg = 1.3935
  seed: ds call divine,
  gen:  ds call divine,
That a cannot far true understious with heart?

KING HENRY VI:
Ay, take thou with gives a some; summ

Step 193750/214000 (epoch 22): loss = 1.3887 avg = 1.4410
  seed: he longs to see 
  gen:  he longs to see while.

SOMERSET:
For thanks, that feet--

May our persupen so the world the when young's creess;
Wh

Step 193800/214000 (epoch 22): loss = 1.4623 avg = 1.4871
  seed:  yours i' the ga
  gen:   yours i' the gaz.

LEONTES:
Come, much you contentening break thee
And all then thou thou annock, unjoys
His raging

Step 193850/214000 (epoch 22): loss = 1.7233 avg = 1.5154
  seed: ner form
Have be
  gen:  ner form
Have benefiding the elseis secure,
He friard are to the wild let be so be presade
Man be men nothinguish ce

Step 193900/214000 (epoch 22): loss = 1.6133 avg = 1.4923
  seed: s are ready and
  gen:  s are ready and
this deprove be to the ruest his betry guilty
Commenderition his fears, which you by thereof,
I have

Step 193950/214000 (epoch 22): loss = 1.4513 avg = 1.4916
  seed:  Beseech your hi
  gen:   Beseech your high?

POLIXENES:
My lord, my but smen sleep's and you
Shall angry treachs that I mean, we shall be ha

Step 194000/214000 (epoch 22): loss = 1.4057 avg = 1.4823
  seed: oler:
Madam, if'
  gen:  oler:
Madam, if'd I do feel watch; but a worn, and there.

ANTIGONUS:
You know't,
Edward'st were we her to draw how 

Step 194050/214000 (epoch 22): loss = 1.5032 avg = 1.4640
  seed: llegiance,
Out o
  gen:  llegiance,
Out of the man, and say design his confer
Hath Bohemish of speech you, and, I'll be cravy.

LEONTES:
I th

Step 194100/214000 (epoch 22): loss = 1.4786 avg = 1.4754
  seed: e, here standing
  gen:  e, here standing
Pervailia speak it put to prick but us a quiet
As more being of the business' her pronoun,
In the e

Step 194150/214000 (epoch 22): loss = 1.6031 avg = 1.4762
  seed: Polixenes,'twas 
  gen:  Polixenes,'twas I fortune, my lords.

PAULINA:
How!

ATANGliance:
I am again: and near the commend.

CAMILLO:
I will

Step 194200/214000 (epoch 22): loss = 1.7405 avg = 1.5069
  seed: a!

Clown:
Hillo
  gen:  a!

Clown:
Hillow you thinks a fooery woman, what being neither.

PAULINA:
Have death!' there and 'tis hand I did by

Step 194250/214000 (epoch 22): loss = 1.4568 avg = 1.5221
  seed:  thought to begi
  gen:   thought to begins tafficer eyes upon since
So so that flatside of more buts of Sometimes
That I whose is seess, som

Step 194300/214000 (epoch 22): loss = 1.7269 avg = 1.5547
  seed: elf,
The graciou
  gen:  elf,
The gracious for mine and my son to when to keep
mer a we have not a home the bouttly 'pugisal
I do by sweet si

Step 194350/214000 (epoch 22): loss = 1.3768 avg = 1.5605
  seed: om I might fear,
  gen:  om I might fear,
And when I sheep berebling under than with it.

LEONTES:
3our of I a sent are and since to quench a

Step 194400/214000 (epoch 22): loss = 1.4490 avg = 1.5738
  seed: t, I can tell yo
  gen:  t, I can tell you to a laze
a march warm the lawn:
The is she these been and both rought it
To loving old look we ac

Step 194450/214000 (epoch 22): loss = 1.5916 avg = 1.5227
  seed: auty scratch'd w
  gen:  auty scratch'd with him. This name not
'The songer. I am I feact.

FLORIZEL:
Whitie you do knownfort.

LORIZEL:
Do I

Step 194500/214000 (epoch 22): loss = 1.2879 avg = 1.4816
  seed: , I'll write you
  gen:  , I'll write your say to the heart
Of this not fit were is hast love your dead,
In thoughts words of this fit fortun

Step 194550/214000 (epoch 22): loss = 1.5138 avg = 1.4827
  seed:  king all, every
  gen:   king all, every child
is nothing the honesting onstantog yet?
I am onstard, conclance? I ress of your father.

CAMI

Step 194600/214000 (epoch 22): loss = 1.4447 avg = 1.4697
  seed: o the king conce
  gen:  o the king conceive, please your so heaven. I cannot my brother to the
more are a prison, my himself lie him to get 

Step 194650/214000 (epoch 22): loss = 1.5942 avg = 1.4641
  seed: peak of somethin
  gen:  peak of something fear
With and his sir, behold is to thee of amind
As Oncled, so me much, 'tis true farder said off

Step 194700/214000 (epoch 22): loss = 1.4177 avg = 1.4534
  seed: d Gentleman:
Mos
  gen:  d Gentleman:
Most with their sinugh a the find in one the seemen
To the speher black might to heremonted one:
Her sh

Step 194750/214000 (epoch 22): loss = 1.4057 avg = 1.4458
  seed: t not swear it.
  gen:  t not swear it.

PAULINA:
There batter brother; so the reason: that we extrement
were would and my son to and eyes b

Step 194800/214000 (epoch 22): loss = 1.5520 avg = 1.4364
  seed: ears she lives,
  gen:  ears she lives,
Which was your death? You king. Will you stone,
Speak me in the miscation have been fals
One the poi

Step 194850/214000 (epoch 22): loss = 1.4072 avg = 1.4403
  seed: an:
What, in met
  gen:  an:
What, in met brand to us well of you were of fire in the
That do muchsamse An gloud at you father,
Proceertaing 

Step 194900/214000 (epoch 22): loss = 1.6088 avg = 1.4411
  seed:  and, for a name
  gen:   and, for a name
Which for your own was you in her; and fellow
Which that whither made of it pale.
Like protect with

Step 194950/214000 (epoch 22): loss = 1.6279 avg = 1.4587
  seed: But doth rebate 
  gen:  But doth rebate of have persory.

POMPEY:

LUCIO:
There is and sighbours end fall of here.

MISTRESS OVERDORSO:
I ha

Step 195000/214000 (epoch 22): loss = 1.2333 avg = 1.4532
  seed:  is true.

POMPE
  gen:   is true.

POMPEY:
No; seeming their
propent good of it is ago: for not to please;
And feel call us I am hold.

ELBO

Step 195050/214000 (epoch 22): loss = 1.2269 avg = 1.4158
  seed: in the office, y
  gen:  in the office, you wilt I am in they, have knows
Not yearmse the sure. I was misforder sight be, brother in the Elbu

Step 195100/214000 (epoch 22): loss = 1.7326 avg = 1.4072
  seed: k
Than the soft 
  gen:  k
Than the soft for the spected counse of me?

Pervice:
There offence:
I, More had let there is your hang on the saw

Step 195150/214000 (epoch 22): loss = 1.1210 avg = 1.4097
  seed: LA:
I am come to
  gen:  LA:
I am come to love to much trumpated that
Can sin think your good worships soul;
I cannot the hag offence, but th

Step 195200/214000 (epoch 22): loss = 1.5514 avg = 1.4020
  seed: same tongue,
Eit
  gen:  same tongue,
Either well for you, to desperich you thories we do to but
this we have of a conster flieve are one
Tru

Step 195250/214000 (epoch 22): loss = 1.5638 avg = 1.4186
  seed: e viewless winds
  gen:  e viewless winds and tendland,
I'll nevery in the for the losed his back to mind of,
That die or the deceive a meeti

Step 195300/214000 (epoch 22): loss = 1.4842 avg = 1.4204
  seed:  the corrupt dep
  gen:   the corrupt depurbed, his man else that be a wrough
That show here is swear in the orrow this and a quaint
Leaven s

Step 195350/214000 (epoch 22): loss = 1.2002 avg = 1.4309
  seed: O, sir, you are 
  gen:  O, sir, you are would,
of the livedly be still of thou do perported.

DUKE VINCENTIO:
I am some a treasured good all

Step 195400/214000 (epoch 22): loss = 1.6113 avg = 1.4114
  seed: Peace be with yo
  gen:  Peace be with your hear to conceit is our
set care upon a morried in him.

LUCIO:
Thank you quisuot:
The sun very it

Step 195450/214000 (epoch 22): loss = 1.3095 avg = 1.4128
  seed: ome on, bawd; I 
  gen:  ome on, bawd; I am
shed it of your biggues in
good are hangerous by what him back to your with him felloss
he is any

Step 195500/214000 (epoch 22): loss = 1.6690 avg = 1.3884
  seed: , the unfolding 
  gen:  , the unfolding is the casine!
Though to thee fear the provost: pray thine him.

KING ER Master! To:
Yet in the Barn

Step 195550/214000 (epoch 22): loss = 1.1958 avg = 1.3810
  seed: d path that I wo
  gen:  d path that I would and not;
And and not fallad alwith meet shall prince.

Provost:
Provost:
This is provided a prop

Step 195600/214000 (epoch 22): loss = 1.3472 avg = 1.3931
  seed:  by whom? be bri
  gen:   by whom? be briff it?

Provost:
O, thou with go an to encorn 't home holy in preservivegal:
But in them hear the st

Step 195650/214000 (epoch 22): loss = 1.5049 avg = 1.3873
  seed: h his oath
And a
  gen:  h his oath
And almost him offendly cruesty brother.

ISABELLA:
Where as your bosom call be when and shorer.

DUKE VI

Step 195700/214000 (epoch 22): loss = 1.1023 avg = 1.3583
  seed:  the villain's m
  gen:   the villain's most with him!
Make he world, by prayer, we the bethink
To the reven with a most him: for this if the

Step 195750/214000 (epoch 22): loss = 1.2715 avg = 1.3610
  seed: Isabel, will you
  gen:  Isabel, will your part the duke,
Let being fresh of it be so long
To more.

ESCALUS:
Is this law, give your Angelo s

Step 195800/214000 (epoch 22): loss = 1.6355 avg = 1.4085
  seed: ce
Say 'What is 
  gen:  ce
Say 'What is the sight him come.

ANGELO:
I good accuse to live her love with heaven for a more the
And reven and

Step 195850/214000 (epoch 22): loss = 1.5607 avg = 1.4655
  seed: e Io as she was 
  gen:  e Io as she was in with his manace:
And do yourselves me.

Lord:
And say show thy command purpose and,
Hour right yo

Step 195900/214000 (epoch 22): loss = 1.5989 avg = 1.4944
  seed: t these mates?

  gen:  t these mates?

FRIAR LANLA:
Fooestily is this speak up a feel and for this all his sadfuls?

Page:
Why, will you so

Step 195950/214000 (epoch 22): loss = 1.3841 avg = 1.4815
  seed: d ply his book, 
  gen:  d ply his book, and now both lords,
by take the strange me stretue still for be and,
Or that me incoud I call metam 

Step 196000/214000 (epoch 22): loss = 1.4041 avg = 1.4894
  seed: es withal.

HORT
  gen:  es withal.

HORTENSIO:
Hold:
O, Come, fellow is my face! wounden such hark
And make my hell sday, a kne a sister,
An

Step 196050/214000 (epoch 22): loss = 1.2473 avg = 1.4644
  seed: to--

TRANIO:
Pe
  gen:  to--

TRANIO:
Pervace with you shames him bone and judgestom
And sir, or disgue me in come in ladst me,
To purple in

Step 196100/214000 (epoch 22): loss = 1.9739 avg = 1.4248
  seed: o you than
any, 
  gen:  o you than
any, I will in these Madam of my daughter:
those first too your horse this you all
That in a will not thi

Step 196150/214000 (epoch 22): loss = 1.6229 avg = 1.4166
  seed: he fool could fi
  gen:  he fool could fit for all myself:
These not me pardons for her and woo more to your
And by the manners, in her parin

Step 196200/214000 (epoch 22): loss = 1.9425 avg = 1.4125
  seed: rnished with pla
  gen:  rnished with place.

KATHARINA:
Was Katharitor, my will and guelly me,
As good's thanks hold whereaf wit duke:
'He c

Step 196250/214000 (epoch 22): loss = 1.2111 avg = 1.4653
  seed: stress, then I h
  gen:  stress, then I have prove a has well,
Sind I seem alls, 'Beauting and tendems and this all gia can the
dand my love 

Step 196300/214000 (epoch 22): loss = 1.6220 avg = 1.4690
  seed: And watch our va
  gen:  And watch our vantageth,
Who father company and fairers and get of the little and
hand to his pastime for hither me.

Step 196350/214000 (epoch 22): loss = 1.4825 avg = 1.4617
  seed: lt thou make a
f
  gen:  lt thou make a
foote thank pluck of all the for the love,
'A master, the worls, 'tis the ere the worse.

BIONDELLO:

Step 196400/214000 (epoch 22): loss = 1.3367 avg = 1.4799
  seed:  bring thee to t
  gen:   bring thee to the warred and
frane's faster of here; and therefore, And myself
with their tenderous speak words, he

Step 196450/214000 (epoch 22): loss = 1.2391 avg = 1.4406
  seed:  you undertake,
  gen:   you undertake,
and i
With you have beting are Kate to be worns:
There is have we I have say, sir, and not well,
Wif

Step 196500/214000 (epoch 22): loss = 1.2611 avg = 1.4428
  seed:  confess the cap
  gen:   confess the caps, I'll be thee,
I have no both a sartisfiance to him.

KATHARINA:
Then you farewell, I have have of

Step 196550/214000 (epoch 23): loss = 1.5705 avg = 1.4340
  seed: repetition.
What
  gen:  repetition.
What is you that we doth should I be come discred:
Where are one a.

Tailous Libe it him: it is you go b

Step 196600/214000 (epoch 23): loss = 2.0767 avg = 1.4587
  seed: crease his evil.
  gen:  crease his evil.

First Citizen:
All your ruch many to till she thy duke that
To the house. Thy content at we will g

Step 196650/214000 (epoch 23): loss = 1.3896 avg = 1.4672
  seed: ome parcels of t
  gen:  ome parcels of the landed
How do the gods i' that how most of the Venies.

WARWICHIDIO:
Now, if I am comes are thous

Step 196700/214000 (epoch 23): loss = 1.3403 avg = 1.4666
  seed: s he within your
  gen:  s he within your the true.

VALERIA:
Ay, I am madam. I will you store: it he'll ass made; he is nay of your.

Third 

Step 196750/214000 (epoch 23): loss = 1.4161 avg = 1.4783
  seed: battle? know you
  gen:  battle? know younds our go fate bring;
Sir with fine our most freshing fury of Nour
To shall are fake the strice:
Th

Step 196800/214000 (epoch 23): loss = 1.4978 avg = 1.4726
  seed: .

CORIOLANUS:
T
  gen:  .

CORIOLANUS:
Thou strets better death, undone too lates: that's natural
What I have with your grame you reak them?

Step 196850/214000 (epoch 23): loss = 1.9368 avg = 1.4986
  seed: le a grave as to
  gen:  le a grave as togensly?

MENENIUS nome; for the give me will not should I ress too in the daughters
day a middrentat

Step 196900/214000 (epoch 23): loss = 1.3620 avg = 1.5013
  seed: urs, which
That 
  gen:  urs, which
That be drans this ways and never will this
more wounded down, had the soundly loved beat him.

VOLUMNIA:

Step 196950/214000 (epoch 23): loss = 1.8847 avg = 1.4769
  seed:  saw him fight,
  gen:   saw him fight,
They honours every man that he have touch,
Defice his fain is it be goes the tragg,
How come to purs

Step 197000/214000 (epoch 23): loss = 1.1977 avg = 1.4611
  seed: cause, air, of m
  gen:  cause, air, of me, I fear be you, our curtier cause
I thou are not with a pardons: I know you so to a gree
As I shou

Step 197050/214000 (epoch 23): loss = 1.5441 avg = 1.4149
  seed: er
And pass'd hi
  gen:  er
And pass'd his speak of our preace more than swords
many, in one dinness, and their time, I
the foul of your sure

Step 197100/214000 (epoch 23): loss = 1.4913 avg = 1.3954
  seed:  many, let them
  gen:   many, let them
But I cannot was make you wed have no stand
Horted was we not well their have be common be
From the 

Step 197150/214000 (epoch 23): loss = 1.2869 avg = 1.4116
  seed: s is the way to 
  gen:  s is the way to togetter blood
Till the power all to behold-hither peech of him.

CORIOLANUS:
In honour, I tended kn

Step 197200/214000 (epoch 23): loss = 1.2602 avg = 1.3967
  seed: nknown to the be
  gen:  nknown to the behold
That hang the day a suitors should with supphits grave and
The do were?

BRUTUS:
Go, fair to re

Step 197250/214000 (epoch 23): loss = 1.5154 avg = 1.4001
  seed: teach my mind
A 
  gen:  teach my mind
A nobles all that rad which out--
That wondock, his courtest, you consul! I have must granquench,
I wo

Step 197300/214000 (epoch 23): loss = 1.1944 avg = 1.3756
  seed: ; no more hearin
  gen:  ; no more hearing
He hath the world swear, charge, lawn; how by them time
Moculation thus must: the bear sellies, co

Step 197350/214000 (epoch 23): loss = 1.2094 avg = 1.3848
  seed: S:
Well, well, w
  gen:  S:
Well, well, whose we us thou to stood lands;
Bears and hear the tears your honour, power
Should be victions of ho

Step 197400/214000 (epoch 23): loss = 1.3103 avg = 1.3688
  seed: g the lords with
  gen:  g the lords withdservive: some stry are country
To common love time trim, swith him enterly.
We you were not tellanc

Step 197450/214000 (epoch 23): loss = 1.2848 avg = 1.3809
  seed: on ado.

Second 
  gen:  on ado.

Second Servingman:
I promise him you all enough to the of the country.

Second Servingman:
What would away.

Step 197500/214000 (epoch 23): loss = 1.3688 avg = 1.3878
  seed: s? what news?

C
  gen:  s? what news?

CORIOLANUS:
We here thee mouch to make,
My turned it is does has
With thing he have from his soul, it

Step 197550/214000 (epoch 23): loss = 1.3541 avg = 1.4035
  seed: hen, Caius, Rome
  gen:  hen, Caius, Rome, and a leadone
Thou whether man one headeness of the very to my
Mariors.

BRUTUS:
what's in
Not the

Step 197600/214000 (epoch 23): loss = 0.9791 avg = 1.3850
  seed: st of your havin
  gen:  st of your having pasiding.

Second, the voice:
Une's step of not some and in this?

First Senator:
Not fetch, i' th

Step 197650/214000 (epoch 23): loss = 1.3657 avg = 1.4239
  seed: em unnatural: de
  gen:  em unnatural: despeciately?
And in the consul, on them nightly
Stuffer himst carrant of stowards by
Here them whence

Step 197700/214000 (epoch 23): loss = 1.2683 avg = 1.4342
  seed:  than a
creeping
  gen:   than a
creeping make will not Rome the out own?
If it thy downged will have me we'll tribunes
May hand vorises of s

Step 197750/214000 (epoch 23): loss = 1.3624 avg = 1.4293
  seed: our great comman
  gen:  our great command beares,
Do his honours of ' the place it duffer'd,
Her suffering a noble with the tribes,
Which he

Step 197800/214000 (epoch 23): loss = 1.8179 avg = 1.4654
  seed: the letter G.
An
  gen:  the letter G.
And thy mother: for the stred didst, with a humour
All the flatter-taid by your of him.
Our reting on 

Step 197850/214000 (epoch 23): loss = 1.5903 avg = 1.4538
  seed: NNE:
What black 
  gen:  NNE:
What black to have the noble this exampless
he and thy sone, though neither that after to,
Whose had be with we

Step 197900/214000 (epoch 23): loss = 1.5772 avg = 1.4054
  seed: moan that Rutlan
  gen:  moan that Rutland good so if.

GLOUCESTER:
Go pray the light, angether liver them all this,
Alarl, every he meit, yo

Step 197950/214000 (epoch 23): loss = 1.2619 avg = 1.4067
  seed: ent, lords?

BUC
  gen:  ent, lords?

BUCKINGHAM:
No, prithee done a man naster, to all the cooks,
The enforce welcomed to her way in hear to

Step 198000/214000 (epoch 23): loss = 1.2355 avg = 1.3948
  seed: banished on pain
  gen:  banished on pains;
Or hath framely can may wise me,
And after it were, world nothing like me you are
Were accuse in 

Step 198050/214000 (epoch 23): loss = 1.2013 avg = 1.4009
  seed: d.

QUEEN MARGAR
  gen:  d.

QUEEN MARGARET:
I say, the earth, and now there, cause thy lawful
And deed you death, till be good halve.

QUEEN

Step 198100/214000 (epoch 23): loss = 1.6149 avg = 1.4304
  seed: ide night.
Princ
  gen:  ide night.
Princell be the was upon and made with it death,
I were true with the hand all my claughter-ble,
with my 

Step 198150/214000 (epoch 23): loss = 1.3823 avg = 1.3872
  seed: the quarrel from
  gen:  the quarrel from not, mirnician the peops
Rethou art of a will the people cannot king.

Second Murderer:
I will no b

Step 198200/214000 (epoch 23): loss = 1.6128 avg = 1.3733
  seed: me;
Dukes, earls
  gen:  me;
Dukes, earlse again devil blow, for his still.

GLOUCESTER:
A me your bring:

Ajbidess! hold been this in Buckin

Step 198250/214000 (epoch 23): loss = 1.4086 avg = 1.3795
  seed: r likewise be un
  gen:  r likewise be unless;
And thou be him hast thou doth stand so die.

Boy:
I have I will down be my soul, he would it.

Step 198300/214000 (epoch 23): loss = 1.6307 avg = 1.3792
  seed: s minds mistrust
  gen:  s minds mistrust.

RIVERS:
Romans.

GLOUCESTER:
There be this look you, I paber the brother.

GLOUCESTER:
A mede in 

Step 198350/214000 (epoch 23): loss = 1.2982 avg = 1.3589
  seed: ho have the wit 
  gen:  ho have the wit haste
I will not their prove and come,
Or with a joy and I'll and presency:
And, good lord, all this

Step 198400/214000 (epoch 23): loss = 1.1336 avg = 1.3311
  seed: he more.

BUCKIN
  gen:  he more.

BUCKINGHAM:
So bes you to means, fie!

CATESBY:
What is you unto my deads again a word;
On of think throto

Step 198450/214000 (epoch 23): loss = 0.9991 avg = 1.3222
  seed: r lordship thenc
  gen:  r lordship thence;
Here for them of Yorkshird at this house
To fasting of our gracious father?

CATESBY:
Come to my 

Step 198500/214000 (epoch 23): loss = 1.4272 avg = 1.3354
  seed: nd!
I prophesy t
  gen:  nd!
I prophesy these virtuesby, when an with like you this grown his could
There in themselves are elmst of she did 

Step 198550/214000 (epoch 23): loss = 1.5030 avg = 1.3647
  seed: nfer your lineam
  gen:  nfer your lineamentaine in my love,
And lives she the assarsy great of the trogs,
Under and she commonations sorrow 

Step 198600/214000 (epoch 23): loss = 1.5772 avg = 1.3806
  seed: tively thus I an
  gen:  tively thus I and him oarshall pardon and duke the
From you, the advisusicil again, to this,
To right is our wear th

Step 198650/214000 (epoch 23): loss = 1.4488 avg = 1.3660
  seed: nd live with Ric
  gen:  nd live with Richard, to curse back,
And belours of my kept parts the sea,
To make to be to endwer leave my sound mi

Step 198700/214000 (epoch 23): loss = 1.0632 avg = 1.3730
  seed: re but so: say i
  gen:  re but so: say is ill--

DUCHESS OF YORK:
O, proclaim him, good you wounds suit,
That now I royal match this tongues

Step 198750/214000 (epoch 23): loss = 1.5983 avg = 1.3840
  seed: ouldst as well a
  gen:  ouldst as well ask,
And straight, one mind Richmond sure?

KING RICHARD III:
Becausing idle ipoteed against my life,

Step 198800/214000 (epoch 23): loss = 1.4751 avg = 1.3858
  seed: so hasty? I have
  gen:  so hasty? I have be strikes,
As wife's cry of mother'd request the children,
A priviler of a staint eye your excured

Step 198850/214000 (epoch 23): loss = 1.0691 avg = 1.3320
  seed: ss thou couldst 
  gen:  ss thou couldst it is thee words;
I it your honour of all the dream,
The sead their thereof my maultly the wrong
Tak

Step 198900/214000 (epoch 23): loss = 1.3825 avg = 1.3238
  seed: not be avoided b
  gen:  not be avoided by heartly encorill are
Than thy very well happy bid train.

KING RICHARD III:
If those my lord, sirs

Step 198950/214000 (epoch 23): loss = 1.4195 avg = 1.3253
  seed: o Salisbury; the
  gen:  o Salisbury; there were little is world;
And now thou father wakes the dies nighty pain hell,
Or man the Pauling hea

Step 199000/214000 (epoch 23): loss = 1.6920 avg = 1.3838
  seed:  blind cave of e
  gen:   blind cave of ears;
That love the grace my breash mean lemblished?

First Must God, the distrest and be priest not 

Step 199050/214000 (epoch 23): loss = 1.3362 avg = 1.4040
  seed: u sleep in peace
  gen:  u sleep in peace with the love,
And fid his chair of a very leave the gates,
The sound no more the purged 't highnes

Step 199100/214000 (epoch 23): loss = 1.3820 avg = 1.3992
  seed: ness;
Until the 
  gen:  ness;
Until the sweal of my foolscovereign,
That find on to sound of brant to I say,
Than then, to take in all have 

Step 199150/214000 (epoch 23): loss = 1.3177 avg = 1.4169
  seed: en, Harry, when?
  gen:  en, Harry, when?

RICHMOO:
Upon to Lord Say news and to Roman and so besent:
O my horse.

KING RICHARD II:
So blie t

Step 199200/214000 (epoch 23): loss = 1.4153 avg = 1.4383
  seed: efend a knight s
  gen:  efend a knight since:
The bloody tent be Thom Sly own peace
We the firmurder some false thou trial.
Lood through com

Step 199250/214000 (epoch 23): loss = 1.4214 avg = 1.4259
  seed: e common air,
Ha
  gen:  e common air,
Harry we to be the downed to be the farther.

Fhamish'd, the cause thinks,
By heaven. I may liven in t

Step 199300/214000 (epoch 23): loss = 1.5979 avg = 1.4194
  seed: Y BOLINGBROKE:
O
  gen:  Y BOLINGBROKE:
O, by my lord where of Richard you have thee.

CHRUSBERL:
Methou are light to this is good lay a lovi

Step 199350/214000 (epoch 23): loss = 1.6345 avg = 1.4486
  seed: er reputation th
  gen:  er reputation that me to didsty is subs'd in breathe ears!

JOHN OF GAUNT:
O, Oprison, soul himself day stood of the

Step 199400/214000 (epoch 23): loss = 1.5919 avg = 1.4339
  seed: rd live?
Was not
  gen:  rd live?
Was not see, bade me, where I have presed,
And more than the gland of our palbr'd come.
With no must live f

Step 199450/214000 (epoch 23): loss = 1.4527 avg = 1.4406
  seed: r if it be, 'tis
  gen:  r if it be, 'tis see our hange,
And their evience, him that that of shame
That I have make him near hold doth supply

Step 199500/214000 (epoch 23): loss = 1.2583 avg = 1.4351
  seed: Shall make their
  gen:  Shall make their a head:
And by the own liegey desperapies my death.

DUKE O:
Then York weep I conford Reterds with 

Step 199550/214000 (epoch 23): loss = 1.3196 avg = 1.3933
  seed: right of that
We
  gen:  right of that
We father is repunious under majesty--
Than honour's worse and me sovereign.

DUKE OF YORK:
My lord, I

Step 199600/214000 (epoch 23): loss = 1.2744 avg = 1.4068
  seed: g at themselves?
  gen:  g at themselves?

LORD MOWESCURERS:
My lord, the condemn's gracious underpress?

HENRY BOLINGBROKE:
Norths make her 

Step 199650/214000 (epoch 23): loss = 1.3279 avg = 1.4279
  seed: fear oppresseth 
  gen:  fear oppresseth a need?
Whe art all upon first thousand His been,
Why grave myself wast it good day,
Be secomplain o

Step 199700/214000 (epoch 23): loss = 1.2251 avg = 1.4179
  seed: tures' grass wit
  gen:  tures' grass with Caunt we not
Are the visitolen in that knee hence
Cannot the spring welling men rememberless
Be mi

Step 199750/214000 (epoch 23): loss = 2.0003 avg = 1.4091
  seed: doth so
Against 
  gen:  doth so
Against our seal their long world lord;
Nor souls to well. Mowershall hast we morth
Is banish'd thine troys 

Step 199800/214000 (epoch 23): loss = 1.2662 avg = 1.4150
  seed:  treacherous ear
  gen:   treacherous earth: thou and part thou smoot.

HENRY BOLINGBROKE:
What what make that thing thy life, ure.

DUKE OF 

Step 199850/214000 (epoch 23): loss = 1.4296 avg = 1.4183
  seed: II:
My crown I a
  gen:  II:
My crown I am him wish lie from God?
Here of trump true up: what it, and shall be prighest
To strenge shall bani

Step 199900/214000 (epoch 23): loss = 1.6038 avg = 1.3938
  seed: ament
To bury mi
  gen:  ament
To bury mine a dester no late soul;
Be yet the dreath. Well, let's faces?
There yet us treason. I say, go. Tre

Step 199950/214000 (epoch 23): loss = 1.7029 avg = 1.4179
  seed:  or with much mo
  gen:   or with much most be forth,
Heart, good so pample be chief. Coriolar way.

BAGOT:
Year, friend I say, supper sight 

Step 200000/214000 (epoch 23): loss = 0.8605 avg = 1.3574
  seed: thy desire.

DUK
  gen:  thy desire.

DUKE OF YORK:
What, my love!

HENRY PERCY:

KING RICHARD II:
He water, my leave be monurely set to be a

Step 200050/214000 (epoch 23): loss = 1.7019 avg = 1.3712
  seed: ome, little ones
  gen:  ome, little onest thou judged.

DUCHESS OF YORK:
I would day, then, our grace the they shall you are spardonur speak

Step 200100/214000 (epoch 23): loss = 1.4099 avg = 1.4090
  seed: htiest of thy gr
  gen:  htiest of thy groces what south it gone,
And death the unto my bloody men that do it.
Have I living so hope thou, wi

Step 200150/214000 (epoch 23): loss = 1.7298 avg = 1.4376
  seed: ons by my own,
T
  gen:  ons by my own,
That shame all bestoney still matter's hear
To king's to undo mercy, by lipen them,
Have the speak st

Step 200200/214000 (epoch 23): loss = 1.7680 avg = 1.4621
  seed: en well-apparell
  gen:  en well-apparellant to'k as thou hate;
And was must of our in fair ten the world.

SAMPSON:
Now, e dischomand they m

Step 200250/214000 (epoch 23): loss = 1.4491 avg = 1.5044
  seed: 
An I might live
  gen:  
An I might live, as of uncle and in the show to know,
That pardows the be with now not this 'tis face;
Ah, my serva

Step 200300/214000 (epoch 23): loss = 1.4302 avg = 1.5380
  seed:  bodes:
This is 
  gen:   bodes:
This is hell straights seeks, and met
And so son old himself think will may.

JULIET:
In the me to salener: 

Step 200350/214000 (epoch 23): loss = 1.2740 avg = 1.5210
  seed: e is my foe's de
  gen:  e is my foe's demant,
For a were Bishonour.

MERCUTIO:
Thou stand but of you, that shall be a guilty, let on you.

M

Step 200400/214000 (epoch 23): loss = 1.2425 avg = 1.5054
  seed: u not Romeo and 
  gen:  u not Romeo and thee,
Betwic that were honest the make when that.

ROMEO:
Why, Here now battle anger himself, this,

Step 200450/214000 (epoch 23): loss = 1.7299 avg = 1.4675
  seed: th day's path an
  gen:  th day's path and touch'd.

ROMEO:
I too the till to this liberals must I have:
My foe in heremong---
That would goo

Step 200500/214000 (epoch 23): loss = 1.7178 avg = 1.5168
  seed:  bon jour! there
  gen:   bon jour! there he stands me!

TYBALT:
In the abbait, pluck'd thy soon such some.

ROMEO:
The say this? to stand fo

Step 200550/214000 (epoch 23): loss = 1.3414 avg = 1.4960
  seed: ,
Two may keep c
  gen:  ,
Two may keep colarely possion to my east are
some of the hath the gear's new--

EXous batter's his case to be out 

Step 200600/214000 (epoch 23): loss = 1.4780 avg = 1.4887
  seed: O:
I pray thee, 
  gen:  O:
I pray thee, sir.

HENRY BOLINGBROKE:
What's holy presure cheeks and in spraining the homent dead:
Then are as ho

Step 200650/214000 (epoch 23): loss = 1.2357 avg = 1.4735
  seed:  fortune's fool!
  gen:   fortune's fool! I mean withhim! why, sure Some hath sensell.

Second Gremight:
Here! we you by a cause to Dorbary, 

Step 200700/214000 (epoch 23): loss = 1.6333 avg = 1.4918
  seed: mb!
Despised sub
  gen:  mb!
Despised subject his fellow in the crown:
I be haste are with so shall doth the debels of your beaven
To shall n

Step 200750/214000 (epoch 23): loss = 1.6321 avg = 1.4734
  seed: 
Arise; one knoc
  gen:  
Arise; one knock should with cannot the banished,
In thanished of it, and my trough make my hand,
And not he worthi

Step 200800/214000 (epoch 23): loss = 1.2873 avg = 1.4745
  seed: od night.

JULIE
  gen:  od night.

JULIET:
My lord peerful day, that hast do thee do a me.

FRIAR LAURENCE:
Why, 'Tis in gentle up.

ROMEO:

Step 200850/214000 (epoch 23): loss = 1.3256 avg = 1.4437
  seed: 
I would the foo
  gen:  
I would the foot smile love, and his must come.

ROMEO:
A Greet thou dear mother not to me it?
What say but marry t

Step 200900/214000 (epoch 23): loss = 1.1956 avg = 1.4187
  seed: 
PARIS:
Thy face
  gen:  
PARIS:
Thy face, what hath for a she haste him to heaven;
You this ever thanks it banish of a man's as must Murdene

Step 200950/214000 (epoch 23): loss = 1.3606 avg = 1.4205
  seed: ard girl is so r
  gen:  ard girl is so reing,
Then days with were the stops the wife.
To mandmarry desperate to are kind,
And more she may h

Step 201000/214000 (epoch 23): loss = 1.4328 avg = 1.4329
  seed: amentable day, m
  gen:  amentable day, my night, with talk, and me,
Or see of the lies; repair, from his lock may in watchments
The find the

Step 201050/214000 (epoch 23): loss = 1.5965 avg = 1.4798
  seed: 
Whose sale is p
  gen:  
Whose sale is perforced sound be day beseech.

First Musician:
That was fight, for that chitiful comes.

Fir, Lord:

Step 201100/214000 (epoch 23): loss = 1.4871 avg = 1.4751
  seed: aris should have
  gen:  aris should have behold.

CAPULET:
Farewell. Then do dhat messend her after not your dery your read
That with you th

Step 201150/214000 (epoch 23): loss = 1.5488 avg = 1.4584
  seed: 
To press before
  gen:  
To press before in you stay, and with thou ault your
an the in the sleep that Londer this is all yet
O death from w

Step 201200/214000 (epoch 23): loss = 1.3299 avg = 1.4315
  seed:  me not, my lord
  gen:   me not, my lord with man;
Rought me grave me here bow solding to her face
As for my life of her from washion at my 

Step 201250/214000 (epoch 23): loss = 1.1139 avg = 1.3773
  seed: own to me and to
  gen:  own to me and to the fight,
That 'tis the ordering to for the Romeo conspariors.

MONTAGUE:
That prince up of think 

Step 201300/214000 (epoch 23): loss = 1.8375 avg = 1.3541
  seed: nk
How sweet a t
  gen:  nk
How sweet a think you shalt and realt:
Why they breath the oon arms, and turn father
Murred desition the rest the

Step 201350/214000 (epoch 23): loss = 1.7738 avg = 1.3944
  seed: s do peck the fa
  gen:  s do peck the father hath bones.

QUEEN MARGARET: betime warrowing shall be forbeard
And with my father, you have be

Step 201400/214000 (epoch 23): loss = 1.1594 avg = 1.4217
  seed: or my father's d
  gen:  or my father's dead theners
Where their mesself and with this of face,
Where of Henry and my lie thine men?

QUEEN M

Step 201450/214000 (epoch 23): loss = 1.4343 avg = 1.4399
  seed: h a flail,
Fell 
  gen:  h a flail,
Fell be my girl'd ofth a depart to bear'd was
That my breathed and that with Rutland's valour.

NORTHUMBE

Step 201500/214000 (epoch 23): loss = 1.3621 avg = 1.4279
  seed:  dub him present
  gen:   dub him present of York.
If I done thee shall speak him wips our just.
Where this once would so illy war;
My well n

Step 201550/214000 (epoch 23): loss = 1.3104 avg = 1.3931
  seed: ss is flight, th
  gen:  ss is flight, thought war.

GREBENVOLIO:
Then thou the sensent you grieference with to the heart
And surfied only fo

Step 201600/214000 (epoch 23): loss = 1.3985 avg = 1.4210
  seed:  left in thee,
T
  gen:   left in thee,
That the mighty earth you such mean;
And many fane in lends with tell,
And thought my crown more cons

Step 201650/214000 (epoch 23): loss = 1.3274 avg = 1.4163
  seed: en Clifford cann
  gen:  en Clifford cannot hereign:
And mother sea, that see heart's fatter,
Nor death the full though them father city thou

Step 201700/214000 (epoch 23): loss = 1.1740 avg = 1.3919
  seed:  be obey'd:
And 
  gen:   be obey'd:
And be my manied he would ever as comes
With a think, I will not well he play
To our bawd, he now creek 

Step 201750/214000 (epoch 23): loss = 1.5340 avg = 1.3263
  seed: ring me with imp
  gen:  ring me with impley.

LADY GREY:
Look word my such done gonest thou do I take.

KING EDWARD IV:
A sweet man's comman

Step 201800/214000 (epoch 23): loss = 1.5797 avg = 1.3718
  seed: ad gotten?
Methi
  gen:  ad gotten?
Methink you restle this hear that steelf,
Now soon a while her mine strange thee.

GLOUCESTER:
And such I

Step 201850/214000 (epoch 23): loss = 1.3033 avg = 1.3518
  seed: im, in hope he'l
  gen:  im, in hope he'll proud that hath him,
With musina thou, true that I did cuptos for once
That some of late news of t

Step 201900/214000 (epoch 23): loss = 1.2323 avg = 1.3253
  seed: l it with him an
  gen:  l it with him and was use,
And with thou shall of Edward's as moverts
That him letter grieferent's the is dessement

Step 201950/214000 (epoch 23): loss = 1.5787 avg = 1.3247
  seed: ow.
My Lord of S
  gen:  ow.
My Lord of Selse gold I am thither were they.

WARWICK:
But you have was they same you had to person.

KING HENR

Step 202000/214000 (epoch 23): loss = 1.2153 avg = 1.3234
  seed: d all his lands 
  gen:  d all his lands and termine;
So make it the worst, in my prayers,
But repass nushingman and Grey, brother as and mea

Step 202050/214000 (epoch 23): loss = 1.2769 avg = 1.3254
  seed: ke thy brother!
  gen:  ke thy brother!

Possess:
Why, do heart of the king that hath point,
And at news make stands county brother.

KING E

Step 202100/214000 (epoch 23): loss = 1.4124 avg = 1.3405
  seed: oo.

KING EDWARD
  gen:  oo.

KING EDWARD IV:
Mond Sir person:
Say, but a the vain the day I on the honour,
And for this subject in thy wound

Step 202150/214000 (epoch 23): loss = 1.4810 avg = 1.3639
  seed:  lives our pilot
  gen:   lives our pilot
And givile of my off his loved to my pierce,
And harful all are will faith, for as my want theself 

Step 202200/214000 (epoch 23): loss = 1.5352 avg = 1.3672
  seed: sar shed no bloo
  gen:  sar shed no blood
And the that is aughter's my lords with a brave.

WARWICK:
That; I am we with to a battle the swor

Step 202250/214000 (epoch 23): loss = 1.6081 avg = 1.3876
  seed: emies.
What vali
  gen:  emies.
What valion a both my fair farewell, had
Lhich for the must of this in the have for my suit.

KING HENRY VI:

Step 202300/214000 (epoch 23): loss = 1.9750 avg = 1.4470
  seed: k to unsphere th
  gen:  k to unsphere thine in of no long.

LEONTES:
What, and bmow this lented, on my false and to perforce
Of thine's seem

Step 202350/214000 (epoch 23): loss = 1.4362 avg = 1.4926
  seed: 
And many a man 
  gen:  
And many a man to shortence been spent,
Whom say highness ere then what of heart
The body tyranger'd to them fearfo

Step 202400/214000 (epoch 23): loss = 1.8140 avg = 1.5155
  seed:  whiteness of my
  gen:   whiteness of my proclity
As unto his dispate too, the for this,
When nothing I say inch my death. What, the not,
Th

Step 202450/214000 (epoch 23): loss = 1.3317 avg = 1.4841
  seed: ll the posterns:
  gen:  ll the posterns:
In posion folly both people hear from roye
I must must I am not! I am since this vow'st.
Let that w

Step 202500/214000 (epoch 23): loss = 1.3994 avg = 1.4823
  seed: :
For her, my lo
  gen:  :
For her, my lord, and give the hunder.

POLIXENES:
O, which patient: I must shall be powers
That did the purpless'

Step 202550/214000 (epoch 23): loss = 1.7444 avg = 1.4803
  seed: ress; for the ha
  gen:  ress; for the happines it is encould hence hath
The to her lipent your far envious speedle
The said of the earling c

Step 202600/214000 (epoch 23): loss = 1.5078 avg = 1.4605
  seed: thou. Take it up
  gen:  thou. Take it upon the rooks,
Which that dready? I'll now the hold this,
I not but raise well now do drunk! Lecoment

Step 202650/214000 (epoch 23): loss = 1.4766 avg = 1.4746
  seed: That any of thes
  gen:  That any of these have say is
Let to our lamplet me have a subject.
Them balley guilty.

CAMILLO:
Prove that the pir

Step 202700/214000 (epoch 23): loss = 1.4998 avg = 1.4734
  seed:  answer: but the
  gen:   answer: but the shall believed of them
Will deaged yet most.

LEONTES:
You, the news hast from of his play to be?


Step 202750/214000 (epoch 23): loss = 1.7477 avg = 1.5104
  seed: n
swallowed with
  gen:  n
swallowed with inly were and their and yet,
In black that deads should he have thing pities:
I am rever deas out, 

Step 202800/214000 (epoch 23): loss = 1.4718 avg = 1.5178
  seed: then comes in th
  gen:  then comes in the farther upon of than young
To loss impute, resbury, be here thrown shepherd.

ANTIGONUS:
A pollown

Step 202850/214000 (epoch 23): loss = 1.8043 avg = 1.5559
  seed: he look, to see 
  gen:  he look, to see not some that
upon my blook affairs of him
bestyrain, buch a present stancient, and I weay,
When you

Step 202900/214000 (epoch 23): loss = 1.4905 avg = 1.5531
  seed: stress: marry, g
  gen:  stress: marry, give the burd sarries the glad
Go appsing more than cooks saves us such a bear
To untitard be done hu

Step 202950/214000 (epoch 23): loss = 1.2708 avg = 1.5569
  seed: 

DORCAS:
Thou h
  gen:  

DORCAS:
Thou have his danger, if good shall prize unstard.

Fifble.

Fifthinks:
I was think the same of more to-bl

Step 203000/214000 (epoch 23): loss = 1.3958 avg = 1.5196
  seed: rance open,
Or h
  gen:  rance open,
Or hath her sar by have my sir
id laging and her the unders not married and
With her shall nothing from 

Step 203050/214000 (epoch 23): loss = 1.3763 avg = 1.4740
  seed: ose fresh comple
  gen:  ose fresh comple
That You sorrown courtest please
Not have you they dury of such more you all,
I will I should of my

Step 203100/214000 (epoch 23): loss = 1.4790 avg = 1.4728
  seed: l, the place of 
  gen:  l, the place of to conceied by nothing
I should no sepased a whield it the qual a considessea sea,
Must and sesting 

Step 203150/214000 (epoch 23): loss = 1.6434 avg = 1.4664
  seed: as so much,
That
  gen:  as so much,
That I have be so be not my darge, not appaet
long of her graces, but since to the fardons;
The instance

Step 203200/214000 (epoch 23): loss = 1.4697 avg = 1.4634
  seed: elf
The lands an
  gen:  elf
The lands and years a domew: but thou with the such
That you father, and fearful be hone
ching childe hadst be n

Step 203250/214000 (epoch 23): loss = 1.5538 avg = 1.4497
  seed:  seen,
cannot be
  gen:   seen,
cannot be to the over that of grieved,
To woe every you
will Engling better losse tongue! Most bemoventure he

Step 203300/214000 (epoch 23): loss = 1.4215 avg = 1.4376
  seed:  to be drunk, no
  gen:   to be drunk, nor of good,
I will truth and her by backs, and the world
if the hear worthy tale such it lad mother's

Step 203350/214000 (epoch 23): loss = 1.7451 avg = 1.4362
  seed:  together,
You p
  gen:   together,
You party another; I the bring from her bring make
prosing, great but me last be the friends,
But as I se

Step 203400/214000 (epoch 23): loss = 1.3676 avg = 1.4421
  seed: elingly now?

LU
  gen:  elingly now?

LUCIO:
If on be me.

LUCIO:
Your plaint to a praise is for a place, because
Of a possess with, he stan

Step 203450/214000 (epoch 23): loss = 1.6372 avg = 1.4420
  seed: s a prone and sp
  gen:  s a prone and spicious seemies of
her is back as saw whet and mean upon the is dring.

CLAUDIO:
Prove him and love: 

Step 203500/214000 (epoch 23): loss = 1.2649 avg = 1.4537
  seed: ant for his exec
  gen:  ant for his execution,
The day of no cheart that of the partle soon.

LUCIO:
So speed! Way he's be so what is off th

Step 203550/214000 (epoch 23): loss = 1.3872 avg = 1.4502
  seed:  chair, sir; 'tw
  gen:   chair, sir; 'twere's when inforce,
God as I let all; no, nowe such as here
be a time woman; if you the for the is m

Step 203600/214000 (epoch 23): loss = 1.3784 avg = 1.4110
  seed: ou?

Justice:
El
  gen:  ou?

Justice:
Elizen you antawgate with miste an a troppery
saon, but this not more faster with you more?

ESCALUS:

Step 203650/214000 (epoch 23): loss = 1.3608 avg = 1.4082
  seed: these sayings up
  gen:  these sayings upon
the be that o'er sit.

ELBOW:
Happy your gaint.

VILGONUS:
Some my told you Lord Offend is be rea

Step 203700/214000 (epoch 23): loss = 1.7110 avg = 1.4103
  seed: mage
In stamps t
  gen:  mage
In stamps thing heir time your doings on lies.

ISABELLA:
O, we consider with it you are your power;
The enviou

Step 203750/214000 (epoch 23): loss = 1.4402 avg = 1.3983
  seed: then you hope of
  gen:  then you hope of you hear the paster than the
often the rurse-hange, and fall for a brother,
Hath the shall place,
F

Step 203800/214000 (epoch 23): loss = 1.4361 avg = 1.4196
  seed: cest, to take li
  gen:  cest, to take live,
The will you and tender be the exay meant.

ISABELLA:
There's night of my hand these it death,
I

Step 203850/214000 (epoch 23): loss = 1.1015 avg = 1.4125
  seed: ngelo, that
it m
  gen:  ngelo, that
it me it reasons in the time promissed, crosse
for a medeman to leave with meating homen
nife hather voi

Step 203900/214000 (epoch 23): loss = 1.3072 avg = 1.4247
  seed: be wise.

DUKE V
  gen:  be wise.

DUKE VINCENTIO:
So better your house, so, to fear is that some two
come, villain! Pray I dipited, the let 

Step 203950/214000 (epoch 23): loss = 1.5470 avg = 1.4198
  seed: rothed but despi
  gen:  rothed but despiss of he had trial:
Then, not let strain a qually
they may bid him
greating such to be qualife to he

Step 204000/214000 (epoch 23): loss = 1.3204 avg = 1.4097
  seed: will not wake.

  gen:  will not wake.

LUCIO:
If your action, my fire, sir, impare accution a my blush
The evision for him againtor coursel

Step 204050/214000 (epoch 23): loss = 1.8386 avg = 1.3932
  seed: d ginger,
ninesc
  gen:  d ginger,
ninescomes air to my in
ot bawded, my brother death, with virtuest the ground Master no manactence; and in

Step 204100/214000 (epoch 23): loss = 1.4290 avg = 1.3742
  seed: s
With a light h
  gen:  s
With a light his swearing, that he worship?

DUKE VINCENTIO:
Indeed you must loss reep not, friends,
And the trade

Step 204150/214000 (epoch 23): loss = 1.7772 avg = 1.3894
  seed: t Angelo's a mur
  gen:  t Angelo's a murderer will true.

DUKE VINCENTIO:
Trustice to stal justice, prayest place,
And manners this savelive

Step 204200/214000 (epoch 23): loss = 0.7324 avg = 1.3751
  seed: UKE VINCENTIO:
W
  gen:  UKE VINCENTIO:
What must prepare it her hath gracious should
shall she hand my strength appared
As have law seeming 

Step 204250/214000 (epoch 23): loss = 1.4641 avg = 1.3596
  seed: am I not,
Nor he
  gen:  am I not,
Nor her as no me be any are many your worthy
man come all sit me so; and with me wise conquest.

ESCALUS:

Step 204300/214000 (epoch 23): loss = 1.5000 avg = 1.3600
  seed:  have bethought 
  gen:   have bethought come; denies,
The purpose, for his since, in a the prove your forbitted
From would not?

DUKE VINCEN

Step 204350/214000 (epoch 23): loss = 1.3232 avg = 1.4092
  seed: 
First Huntsman:
  gen:  
First Huntsman: he is in one suitors advise procured.
Let let the mine of whose and would with the words,
Protr's a

Step 204400/214000 (epoch 23): loss = 1.5403 avg = 1.4632
  seed: ? and have I suc
  gen:  ? and have I such shoes lordse him set
And looks more harpanes in't, and bew them
And I than thy hinders and that sa

Step 204450/214000 (epoch 23): loss = 1.4243 avg = 1.4892
  seed: .
Peace, Tranio!
  gen:  .
Peace, Tranio! at and spardonation.

LUCENTIO:
Maste you a fair sitter lest--
looking and bation.

LUCENTIO:
Appla

Step 204500/214000 (epoch 23): loss = 1.3813 avg = 1.4767
  seed: d.
In brief, sir
  gen:  d.
In brief, sir, my master more far this him:
Therefore a hust is shall thou a three,
Aman found for my join'd be d

Step 204550/214000 (epoch 23): loss = 1.5551 avg = 1.4828
  seed: autumn crack.

H
  gen:  autumn crack.

HORTENSIO:
Madam! mades you amidden after her born me. and therefore, I do his castuff.

PETRUCHIO:
I

Step 204600/214000 (epoch 23): loss = 1.0975 avg = 1.4465
  seed: nior Gremio.

HO
  gen:  nior Gremio.

HORTENSIO:
Why, most me the queen her the passio
sworn the dealinning and feed for the swords
As heard

Step 204650/214000 (epoch 23): loss = 1.3428 avg = 1.4160
  seed: erment of the el
  gen:  erment of the eldesty,
That's not pass a triffering and me learnio,
That I think and restrous but time seem'd to a p

Step 204700/214000 (epoch 23): loss = 1.3903 avg = 1.4036
  seed: :
A combless coc
  gen:  :
A combless cock you, mid my for the reventy;
And thee she was not a field as Vay dumber hope,
And strike, whop, si

Step 204750/214000 (epoch 23): loss = 1.4697 avg = 1.4276
  seed: live she will be
  gen:  live she will be of jest.

KATHARINA:
Her peace to her, the life o' me: lusty and speed;
So for give you but let a w

Step 204800/214000 (epoch 23): loss = 1.5753 avg = 1.4665
  seed:  a merry man,
He
  gen:   a merry man,
Here I is than maid most have you all this his triate,
I will man thy fellow the sack us fast.

HORTEN

Step 204850/214000 (epoch 23): loss = 1.5063 avg = 1.4615
  seed: e, a fool to him
  gen:  e, a fool to him,
Till your great is the dowry come where;
Sigger some free had he state with us it say, my my daugh

Step 204900/214000 (epoch 23): loss = 2.0076 avg = 1.4584
  seed: r I have caught 
  gen:  r I have caught thee you grees than worth aster
And to you art to my anquain, he with these I know
thin glay of his 

Step 204950/214000 (epoch 23): loss = 1.4670 avg = 1.4798
  seed: e to man my hagg
  gen:  e to man my haggress,
Which are at Chright, whapper him off do do for mys, my faction.

GRUMIO:
What's with his and 

Step 205000/214000 (epoch 23): loss = 1.3205 avg = 1.4302
  seed: UMIO:
No, no, fo
  gen:  UMIO:
No, no, for a prayent the see me to have is a slike:
I never gard him the fair you, then, thather
To parious h

Step 205050/214000 (epoch 23): loss = 1.1092 avg = 1.4333
  seed: e right, sir: 't
  gen:  e right, sir: 'tis sooth bid me;
And this stay thanks my ere suitors made;
And thou shall not so metraily their you 

Step 205100/214000 (epoch 24): loss = 1.3094 avg = 1.4297
  seed: reaths: they sha
  gen:  reaths: they shall know her counter.

First Citizen:
And you hear to the see great the see worthy,
As if your kindly

Step 205150/214000 (epoch 24): loss = 1.7021 avg = 1.4557
  seed: who's like to ri
  gen:  who's like to rightingus not have it all
To shall brung are worse have upon and the pudes
of and to her the excusces

Step 205200/214000 (epoch 24): loss = 1.7339 avg = 1.4617
  seed: nly son of my wo
  gen:  nly son of my wounds
Who have for my heart such with born.

First Citizen:
Or worshare he maids grief more to gone h

Step 205250/214000 (epoch 24): loss = 1.7017 avg = 1.4667
  seed: ields. Advance,
  gen:  ields. Advance,
And alone inforce him a knock, the day 'tis end yeage.

VALERIA:
'Tis I said holds.

VIRGILIA:
He th

Step 205300/214000 (epoch 24): loss = 1.4363 avg = 1.4707
  seed:  to, you, yet da
  gen:   to, you, yet dake the brain
The very are sacred him speed green of with crown
Of in would of see you speak the warm

Step 205350/214000 (epoch 24): loss = 1.2941 avg = 1.4694
  seed: ne here?

COMINI
  gen:  ne here?

COMINIUS:
Ay, braging, and be to the stood haves your
catest Aufidius,
Which off my degree: rest you art t

Step 205400/214000 (epoch 24): loss = 1.3114 avg = 1.4960
  seed: of Juno, let's g
  gen:  of Juno, let's good for the wears the virtue
they look in at opment hast of your horse your very molting could
That 

Step 205450/214000 (epoch 24): loss = 1.4997 avg = 1.4928
  seed:  him then as our
  gen:   him then as our wonds; that is small
The graced, the settle he reverends once,
As wiffect all their mago tantius to

Step 205500/214000 (epoch 24): loss = 1.8248 avg = 1.4841
  seed: e coward
Turn te
  gen:  e coward
Turn ten the hour present Cominius and profits
Was be patience of be with going, Cominius
Than home and all

Step 205550/214000 (epoch 24): loss = 1.2006 avg = 1.4431
  seed: e. Your
good voi
  gen:  e. Your
good voices of my home?

MENENIUS:
On ever
Our tentlembert?

CORIOLANUS:
So good pracious your temper:
In he

Step 205600/214000 (epoch 24): loss = 1.2299 avg = 1.4086
  seed:  their friends t
  gen:   their friends the prinches
Be seem thus thing such shall no will in
All them banick, he is empedit him.

MENENIUS:

Step 205650/214000 (epoch 24): loss = 1.2419 avg = 1.3905
  seed: ain should tatte
  gen:  ain should tatter
He seem you, was is jest all to come runce
He have him to remain.

CORIOLANUS:
Nay, sir!
Shall sen

Step 205700/214000 (epoch 24): loss = 1.2943 avg = 1.4023
  seed: , in whose power
  gen:  , in whose power,
The was us to notion twain, that steath.

CORIOLANUS:
Well, constant and me not as the won, and li

Step 205750/214000 (epoch 24): loss = 1.3234 avg = 1.3902
  seed: ight, yet will I
  gen:  ight, yet will I have your sours, when winter of thing.

MENENIUS:
Most not to drums, it gone.

MENENIUS:
I will the

Step 205800/214000 (epoch 24): loss = 1.1392 avg = 1.3970
  seed: r never trust to
  gen:  r never trust too!

CORIOLANUS:
A he do the tongue, for a loath, suppteredition
We news with thrick of the was hadse

Step 205850/214000 (epoch 24): loss = 1.7010 avg = 1.3746
  seed: As the dead carc
  gen:  As the dead carce i' the hands but
A mothie has tenough.

CORIOLANUS:
Let it poor mistress to do the marke
He shall 

Step 205900/214000 (epoch 24): loss = 1.5268 avg = 1.3844
  seed: ow
me: your name
  gen:  ow
me: your name used peace! 'tis has generate, Montate
I would of the tongue all the people,
Well: them all must an

Step 205950/214000 (epoch 24): loss = 1.2494 avg = 1.3661
  seed: now thee not: th
  gen:  now thee not: the contrstands instruct of lawn
Which have you have so service?

CORIOLANUS:
Till you were lives to b

Step 206000/214000 (epoch 24): loss = 1.6733 avg = 1.3845
  seed: y
and grant of t
  gen:  y
and grant of than I law him, and in my hearts
In marty, he that free thee to and leck, and not hath command
A man 

Step 206050/214000 (epoch 24): loss = 1.5020 avg = 1.3866
  seed: h no less confid
  gen:  h no less confiders benver grievish a thus
They housed is well-condly he's sir,
Which you, as afters good would to s

Step 206100/214000 (epoch 24): loss = 1.5235 avg = 1.3966
  seed: to: forbad all n
  gen:  to: forbad all nurse him.

BRUTUS:
Your will, here strength,
And as I had had naturaltive to diss.

COMINIUS:
Have d

Step 206150/214000 (epoch 24): loss = 1.6340 avg = 1.3916
  seed: ius does! O my s
  gen:  ius does! O my slave trick
He thine to common yield hat with his could
In chance again he wind: what face you,
By ge

Step 206200/214000 (epoch 24): loss = 1.5097 avg = 1.4202
  seed: ving women
Are w
  gen:  ving women
Are whence and methinks actidl turn. Thou can a holf; I are
some that have been present him now will not 

Step 206250/214000 (epoch 24): loss = 1.3860 avg = 1.4393
  seed:  the character. 
  gen:   the character. Let as modest to with him! I'll e'er man,
Which the name by we you, and things,
So your company cham

Step 206300/214000 (epoch 24): loss = 1.2649 avg = 1.4200
  seed: 

CORIOLANUS:
Ma
  gen:  

CORIOLANUS:
Make poor some read we the most know he had
Most voices.

MENENIUS:
Hark, he save sits his good must d

Step 206350/214000 (epoch 24): loss = 1.3383 avg = 1.4590
  seed: re not safe, Cla
  gen:  re not safe, Clarence!

CLARENCE:
Anonstrrum, has of your garly; how I have in shall.

Second Clarence, if your deat

Step 206400/214000 (epoch 24): loss = 1.2953 avg = 1.4484
  seed:  hadst but power
  gen:   hadst but power heart all
This it hath and and timewed burn me?
And true less that have no speak his to thy please

Step 206450/214000 (epoch 24): loss = 1.3508 avg = 1.4066
  seed:  thy lips such s
  gen:   thy lips such stone to mercy!

LADY ANNE:
By heaven a man comes thy wife, sir.

HASTINGS:
My let you my liey, ta gr

Step 206500/214000 (epoch 24): loss = 1.5758 avg = 1.4006
  seed: htly
That fill h
  gen:  htly
That fill his greaty, Corioliver so keep the world!

LADY ANNE:
Will book for the sight! But he showledged me;

Step 206550/214000 (epoch 24): loss = 1.3288 avg = 1.3937
  seed: l fall'n upon th
  gen:  l fall'n upon the Dukenot
And marry the unto you shalt, and I am unto much of merry.

GLOUCESTER:
What, and mood you

Step 206600/214000 (epoch 24): loss = 1.3095 avg = 1.3922
  seed: edge.

GLOUCESTE
  gen:  edge.

GLOUCESTER:
But die noise thee, majesty to children are do thee.

QUEEN MARGARET:
O, voic, sir. But, yes, sin

Step 206650/214000 (epoch 24): loss = 1.2220 avg = 1.4193
  seed: r
The noble Duke
  gen:  r
The noble Duke a blament, by pity hours,
I met, of sighs, God, thought is thee.

DESTER:
O for a chees much yourse

Step 206700/214000 (epoch 24): loss = 1.0512 avg = 1.3763
  seed: tter for my life
  gen:  tter for my life,
Who knows not myself have poor world.

CLARENCE:
As will no make thee, for his person.

DUCHESS OF

Step 206750/214000 (epoch 24): loss = 1.1979 avg = 1.3618
  seed:  is?

QUEEN ELIZ
  gen:   is?

QUEEN ELIZABETH:
That I am some person, forgives difference
As if your commont soul the gods to his master.

C

Step 206800/214000 (epoch 24): loss = 1.3593 avg = 1.3698
  seed: H:
Was never wid
  gen:  H:
Was never widow it well dead king bless these death,
He heart do with death, as I have let thee.

QUEEN ELIZABETH

Step 206850/214000 (epoch 24): loss = 1.0872 avg = 1.3700
  seed: her; but I would
  gen:  her; but I would day such the holds,
In when the kind sorrow to the for 'twas,
And they begot own, in his ground hop

Step 206900/214000 (epoch 24): loss = 1.3206 avg = 1.3526
  seed: our royal self.
  gen:  our royal self.

Messenger:
You, but that too be come him much-seal,
As their harm he with healther news,
Must with 

Step 206950/214000 (epoch 24): loss = 1.3020 avg = 1.3221
  seed: e's hands.

GLOU
  gen:  e's hands.

GLOUCESTER:
We the then mother were world die to him in Gloucester,
Your need not have bear?

ARCHBISHOP

Step 207000/214000 (epoch 24): loss = 1.4733 avg = 1.3236
  seed: walls
Richard th
  gen:  walls
Richard the content my hold stood my lords.
So provide and we have some stroked;
But I am nother sound the gat

Step 207050/214000 (epoch 24): loss = 1.4385 avg = 1.3388
  seed: r offices,
At an
  gen:  r offices,
At an that done to study that is now,
But I have, we hell not before him to his brother.

ARCTBESBISHOP O

Step 207100/214000 (epoch 24): loss = 1.4704 avg = 1.3692
  seed: h when I saw, I 
  gen:  h when I saw, I princes the are's resper,
Go betremined not so truily fortune to my
That the lovently this, lives, c

Step 207150/214000 (epoch 24): loss = 1.4010 avg = 1.3818
  seed:  time,
Will well
  gen:   time,
Will well hell sent to shapetitatice?

BUCKINGHAM:
How shall not him: therefore my lord:
Should now gracious 

Step 207200/214000 (epoch 24): loss = 1.2501 avg = 1.3639
  seed: ous.

LORD STANL
  gen:  ous.

LORD STANLEY:
What, we the will in your turnels of his prace,
In what I am state, at return, so strue have sou

Step 207250/214000 (epoch 24): loss = 1.1389 avg = 1.3597
  seed: 
The which you p
  gen:  
The which you person do, there's grown.

DUCHESS OF YORK:
Ding Luces of the time wife.

KING RICHARD III:
I have se

Step 207300/214000 (epoch 24): loss = 1.2742 avg = 1.3836
  seed: oo, thou holp'st
  gen:  oo, thou holp'st of sword thou cry your plains
Shall news will were that the please in this?
The troubt, shall I kin

Step 207350/214000 (epoch 24): loss = 1.6153 avg = 1.3896
  seed: I:
Faith, none, 
  gen:  I:
Faith, none, my lord, and be God, thou art enough thou art:
The power in erog'd well thee, course and like edr to

Step 207400/214000 (epoch 24): loss = 1.3602 avg = 1.3274
  seed: 's name is littl
  gen:  's name is little face more Camill'd.

QUEEN ELIZABETH:
The death, by their from thy brook of our life.

KING RICHAR

Step 207450/214000 (epoch 24): loss = 1.3097 avg = 1.3099
  seed: here in that nes
  gen:  here in that nestily spake,
The mother by my gainst loy'd their horse.

QUEEN ELIZABETH:
Richard not to the noble go

Step 207500/214000 (epoch 24): loss = 1.3759 avg = 1.3389
  seed: worth:
And towar
  gen:  worth:
And toward's yet nature's are one entrivery is done.

RATCLIFF:
You disure live to give they are or prayer'd,

Step 207550/214000 (epoch 24): loss = 1.3946 avg = 1.3764
  seed: G RICHARD III:
B
  gen:  G RICHARD III:
Be my broke, the swear be company
To Angree to the your courter'd termine.

QUEEN ELIZABETH:
And stan

Step 207600/214000 (epoch 24): loss = 1.0798 avg = 1.3959
  seed: dly and cheerful
  gen:  dly and cheerful times,
Or I did truck of wiftly hope the good
Rest did me as I have touch the nobles
From my good b

Step 207650/214000 (epoch 24): loss = 1.3156 avg = 1.3926
  seed: hat I speak
My b
  gen:  hat I speak
My besides to soldiers of the noble citise;
For I have is not brother, fire accourse!

STING RICHARD II:

Step 207700/214000 (epoch 24): loss = 1.5779 avg = 1.4184
  seed:  MOWBRAY:
Yea, b
  gen:   MOWBRAY:
Yea, by Albother way sigh, as salthing as good call in their blood,
To fire your pardon to girth, I will a

Step 207750/214000 (epoch 24): loss = 1.2130 avg = 1.4280
  seed: lists?
Against w
  gen:  lists?
Against what it is comour head the lady truth,
Or mother upon my footing to give me thee to Marsh I have-dead

Step 207800/214000 (epoch 24): loss = 1.2384 avg = 1.4309
  seed:  my tongue from 
  gen:   my tongue from and the strows,
If this most and mine thy breath,
And the lord and country's coopperson of truth,
Wh

Step 207850/214000 (epoch 24): loss = 1.4171 avg = 1.4171
  seed: !
Where'er I wan
  gen:  !
Where'er I wanting-rewmontence send it heart's party mould.

KING RICHARD II:
The sunsity one shall me me: for thy

Step 207900/214000 (epoch 24): loss = 1.2971 avg = 1.4448
  seed: G RICHARD II:
Wh
  gen:  G RICHARD II:
Why, cluse a dishorten it to dear in this hagges yourselves!

KING RICHARD II:
Where but for enign Her

Step 207950/214000 (epoch 24): loss = 1.1253 avg = 1.4287
  seed: prick my tender 
  gen:  prick my tender than his name:
My liege, and are spokite unjustice soon
Hast, my sir majesty: thou art than whose up

Step 208000/214000 (epoch 24): loss = 1.3351 avg = 1.4338
  seed: I cannot name; '
  gen:  I cannot name; 'Of he hath sake's counself!
Like then gently and smile sentsribury tongue,
Nothingdom of it to more,

Step 208050/214000 (epoch 24): loss = 1.2972 avg = 1.4218
  seed: lved when last w
  gen:  lved when last which the noble come;
If though commonst a noble greath,
But the vain heavy golden by my girls of unt

Step 208100/214000 (epoch 24): loss = 1.6168 avg = 1.3892
  seed: with us
To Brist
  gen:  with us
To Bristians the gates of he make my son:
My lords of at my land the is here in a hour.
I am hath no the mor

Step 208150/214000 (epoch 24): loss = 1.4039 avg = 1.4073
  seed:  angel: then, if
  gen:   angel: then, if the lettere their to him.
The hath spitch with the next the confinger
The nobly follow to his hindr

Step 208200/214000 (epoch 24): loss = 1.2964 avg = 1.4224
  seed: ks be sour.

SIR
  gen:  ks be sour.

SIR STEPAULIEEN:
The earth, then loss: while; and and thing worse,
Well ranter wake that with me duke? 

Step 208250/214000 (epoch 24): loss = 1.5876 avg = 1.4148
  seed: nt immediate on 
  gen:  nt immediate on ence
Where stoner shall rent yet a maste of sworn
From like and drestingly didster soon
And like tha

Step 208300/214000 (epoch 24): loss = 1.7948 avg = 1.4147
  seed: , as in a model,
  gen:  , as in a model, I trow will,
Not would be me peries of tranch
And serve whilst him in the heads, on are thy makes,

Step 208350/214000 (epoch 24): loss = 1.4038 avg = 1.4051
  seed: ,
That it shall 
  gen:  ,
That it shall three and which is peace,
His name from the royal doth more the Ear.
There my harged me love.

YORK:

Step 208400/214000 (epoch 24): loss = 1.3714 avg = 1.4097
  seed:  will undo mysel
  gen:   will undo myselves,
And mark throught mine of Richard I have,
With him nothing ealth upon tos did
And child is city

Step 208450/214000 (epoch 24): loss = 1.6977 avg = 1.3967
  seed: e to dew,
And wa
  gen:  e to dew,
And ward-was face the demany of mine
With more all billing it blood, been hath me?

KING RICHARD II:
Eath,

Step 208500/214000 (epoch 24): loss = 0.9920 avg = 1.4107
  seed: .

DUCHESS OF YO
  gen:  .

DUCHESS OF YORK:
Ere there the peok, man, to ping the triumphy best
To much these woe way woes sue in him.

EARLi

Step 208550/214000 (epoch 24): loss = 1.5540 avg = 1.3529
  seed: from the traitor
  gen:  from the traitors,
The foul as bardly to her hands that then.
Would make us the pleasurel-asion uncle
Which grief he

Step 208600/214000 (epoch 24): loss = 1.4262 avg = 1.3737
  seed: ring their own m
  gen:  ring their own man sound is no troubt.

HENRY BOLINGBROKE:
The down, gards make his between reason.

DUCHESS OF YORK

Step 208650/214000 (epoch 24): loss = 1.3441 avg = 1.4043
  seed: my soul is full 
  gen:  my soul is full field
That yet shall hast of my breathin'd,
Or earth the hand heart your supposed.

KING RICHARD II:

Step 208700/214000 (epoch 24): loss = 1.2190 avg = 1.4406
  seed: e,
Unless good c
  gen:  e,
Unless good can the ear to the news.
Who worst where him with the grace, the must me daughts our aswer word,
Save

Step 208750/214000 (epoch 24): loss = 1.7014 avg = 1.4656
  seed: s last, the fish
  gen:  s last, the fishop should.

BENVOLIO:
Parchied our heart, and with Earth, on here hates:
Which what of this fault th

Step 208800/214000 (epoch 24): loss = 1.4580 avg = 1.4966
  seed: n, young lady! l
  gen:  n, young lady! look an a maid!

CAPULET:
I have her supped marry, that from my mall-
Lies mark than chellow they hav

Step 208850/214000 (epoch 24): loss = 1.4155 avg = 1.5325
  seed: and we shall com
  gen:  and we shall comfortents of you.

HENRY BOLINGE:
Yo, I'll straights, of clangers in the foolsciages
To thingrace sha

Step 208900/214000 (epoch 24): loss = 1.2541 avg = 1.5104
  seed: ws there, that w
  gen:  ws there, that was love, and she more, sin is a book's that?

ROMEO:
Sir much our what then, I have the days!
And pa

Step 208950/214000 (epoch 24): loss = 1.1540 avg = 1.4940
  seed: of against their
  gen:  of against their that hand;
That conspite of her in thy well it?

Second Montage! be in that the hath should him
Bes

Step 209000/214000 (epoch 24): loss = 1.6808 avg = 1.4705
  seed: e special good d
  gen:  e special good dear love for thy heavy.

ROMEO:
Rathch; take too take me a son and from my sold
Too think i for thy 

Step 209050/214000 (epoch 24): loss = 1.3212 avg = 1.5053
  seed: UTIO:
Right.

RO
  gen:  UTIO:
Right.

ROMEO:
For ruild, since courses, which the good wrong answer as a this.

ROMEO:
He shall nor the gone,

Step 209100/214000 (epoch 24): loss = 1.7727 avg = 1.5028
  seed: that's the dog's
  gen:  that's the dog's a her faithnis stance you, my dear the passuse.

Nurse:
My for young man. Angele, were in the for t

Step 209150/214000 (epoch 24): loss = 1.3240 avg = 1.4850
  seed: 
And what to?

M
  gen:  
And what to?

MERCUTIO:
And thou in like, if be morning any.

CAPULET:
O, one says you says with husbands begree
An

Step 209200/214000 (epoch 24): loss = 1.3550 avg = 1.4636
  seed: t true,
For bloo
  gen:  t true,
For bloody not as fool-would woo'd for this flain.

MERCUTIO:
That Pargellike to are monster, and a king the

Step 209250/214000 (epoch 24): loss = 1.5650 avg = 1.4914
  seed: gue
For such a w
  gen:  gue
For such a wart suit bound's fall for's,
And say of Romeo's crown foed with he's know now,
Thoughts fights. how 

Step 209300/214000 (epoch 24): loss = 1.9913 avg = 1.4706
  seed: ss' case,
Just i
  gen:  ss' case,
Just in my hambate with thy worsh thou come
To monning blash my counting tlouds
That part shame cexing tho

Step 209350/214000 (epoch 24): loss = 1.3058 avg = 1.4760
  seed: ht a torch-beare
  gen:  ht a torch-beared:
What that are a catch you shadows says'd slay,
Syou be murder'd as let word not sweet,
Take to co

Step 209400/214000 (epoch 24): loss = 1.6357 avg = 1.4461
  seed: uds,
But fettle 
  gen:  uds,
But fettle the good widing to bend to the might:
Then, what thou will not Romeo, unclinate,
For in the lark the

Step 209450/214000 (epoch 24): loss = 1.2359 avg = 1.4139
  seed: hear thou must, 
  gen:  hear thou must, my lord, tell sight
Justom heart o' the place down'd a doth!

JULIET:
What not there she?
Have so my

Step 209500/214000 (epoch 24): loss = 1.3655 avg = 1.4152
  seed: or thou hast nee
  gen:  or thou hast need be me not.
What new these will this instrong to an and word.

CAPULET:
Good there is not weep of t

Step 209550/214000 (epoch 24): loss = 1.6080 avg = 1.4368
  seed: ho, for shame! c
  gen:  ho, for shame! comes the musty with the lady:
I shale: how is bed, may Rutle know, his nature's
That haste less word

Step 209600/214000 (epoch 24): loss = 1.7184 avg = 1.4848
  seed: hurry from the f
  gen:  hurry from the fault of his dead tills
And she about; and if help it Musician:
Dull then, and with mad with her seen

Step 209650/214000 (epoch 24): loss = 1.4842 avg = 1.4740
  seed: y of thy breath,
  gen:  y of thy breath,
And cannot dear in to the teeping and him.

FRIAR LAURENCE:
Go meet me hais good more they fair,
An

Step 209700/214000 (epoch 24): loss = 1.2348 avg = 1.4495
  seed: his.

FRIAR LAUR
  gen:  his.

FRIAR LAURENCE:
And not me be in other contain death and thee
To swife with him can need; 'tis I saw must last

Step 209750/214000 (epoch 24): loss = 1.2516 avg = 1.4301
  seed: s sons, his favo
  gen:  s sons, his favour'd place:
Thou damn's too this known of me with Richard.
With that he here,
Unlest the be with thy

Step 209800/214000 (epoch 24): loss = 1.3095 avg = 1.3644
  seed: 
NORTHUMBERLAND:
  gen:  
NORTHUMBERLAND:
For the wars, Standon: as that was the ever is not,
Whilst is of and my lifore their fallast her fa

Step 209850/214000 (epoch 24): loss = 1.4928 avg = 1.3554
  seed: While you are th
  gen:  While you are thee, done honours
The think this tears to have dertaint:
Romeo, their field it defend bringe in son
T

Step 209900/214000 (epoch 24): loss = 1.1541 avg = 1.3863
  seed: ou, Northumberla
  gen:  ou, Northumberland,
I have I from of my sharp'd the stay.
Now, come that forward he should in a the subject.

YORK:

Step 209950/214000 (epoch 24): loss = 1.4295 avg = 1.4166
  seed: ow fares my brot
  gen:  ow fares my brother of you.

YORK:
Can you would, boy, for here sin our jealoud the hunts.

NORTHUMBERLAND:
No side 

Step 210000/214000 (epoch 24): loss = 1.4491 avg = 1.4313
  seed:  your brother, h
  gen:   your brother, haple he death
By the lew tears maniced the Lancaster'd his told
Had I lives the purbles of so more t

Step 210050/214000 (epoch 24): loss = 1.1681 avg = 1.4128
  seed: depart the field
  gen:  depart the field to her off.

LADY A cannot hence: when I beholding amen,
He came the footing king-sween thy lettle 

Step 210100/214000 (epoch 24): loss = 1.6479 avg = 1.3943
  seed: oft-hearted wome
  gen:  oft-hearted women doond to stroke late,
To fiends of the craall'd our death,
By you reveraitor in they slain at shal

Step 210150/214000 (epoch 24): loss = 1.5441 avg = 1.4235
  seed:  one his purple 
  gen:   one his purple a highness,
And was men and desmen ta but the seeds,
I beholding can his sin bury this eyes,
Gentle,

Step 210200/214000 (epoch 24): loss = 1.3167 avg = 1.4108
  seed: se lands togethe
  gen:  se lands togethe burn a leave;
But have his father's no his father.

YORK:
The reason'd heaven he well not stends ou

Step 210250/214000 (epoch 24): loss = 1.1752 avg = 1.3813
  seed: :

KING EDWARD I
  gen:  :

KING EDWARD IV:
So I pray you be nofe way be
To make what I will; dyund up I love;
And the Duke it Juliet, our re

Step 210300/214000 (epoch 24): loss = 1.6338 avg = 1.3316
  seed: n on my back,
Wh
  gen:  n on my back,
When, live words do a need fell be heavy to me:
Her commandued mon's longer of minughter:

KING EDWARD

Step 210350/214000 (epoch 24): loss = 1.4875 avg = 1.3720
  seed: wnfall of his me
  gen:  wnfall of his means,
And great thou drows accontcheess at abroadly.

GLOUCESTER:
Give I am humble.' Hold, how, that 

Step 210400/214000 (epoch 24): loss = 1.3868 avg = 1.3487
  seed: all assure my co
  gen:  all assure my company
And beconted fell wisdom is for be that more,
And blood me all bore means stay the ston
Is sha

Step 210450/214000 (epoch 24): loss = 1.2978 avg = 1.3234
  seed: njuries?

Post:
  gen:  njuries?

Post:
Lady are thee! is this is give hence, be my telcontentleman:
And thy meaning out for hew should with

Step 210500/214000 (epoch 24): loss = 0.9863 avg = 1.3151
  seed: 3 KING HENRY VI
  gen:  3 KING HENRY VI

KING EDWARD IV:
Yest a whiph is gave so what cheek to chide.

Newell:
What is that hast fiend the b

Step 210550/214000 (epoch 24): loss = 1.4013 avg = 1.3165
  seed: y, earl of Richm
  gen:  y, earl of Richments fortune.

KING HENRY VI:
That well in an though thy for the prince
That have to his wounds me s

Step 210600/214000 (epoch 24): loss = 1.5124 avg = 1.3282
  seed:  peace, yet bold
  gen:   peace, yet bold with the nature.
You be ways with this adone you as thou both
And like the wash is malise should si

Step 210650/214000 (epoch 24): loss = 1.1402 avg = 1.3287
  seed: Dukes of Somerse
  gen:  Dukes of Somerset things:
Why prepare the king his for London.

KING EDWARD IV:
No, my London duke is book his masks

Step 210700/214000 (epoch 24): loss = 1.4005 avg = 1.3659
  seed: once allow'd the
  gen:  once allow'd the gracious add that shall:
His subdred, I prove the dursed hast would means be danced,
Will sower wit

Step 210750/214000 (epoch 24): loss = 1.0303 avg = 1.3628
  seed: this sweet young
  gen:  this sweet young jest spoker.

KING EDWARD IV:
Why, which loath thou not the precians,
For thou thir brother best to

Step 210800/214000 (epoch 24): loss = 1.5881 avg = 1.3917
  seed: yself
Have in ou
  gen:  yself
Have in our support of thine, yet their strike.
3 KING HENRY VI

KING HENRY VI:
I would not, good the news har

Step 210850/214000 (epoch 24): loss = 1.3522 avg = 1.4431
  seed: u were boys:
You
  gen:  u were boys:
Your pford mother to his my cannot, and then,
Not excusitivoning the broke so be to thy son.
Have thee 

Step 210900/214000 (epoch 24): loss = 1.5851 avg = 1.4994
  seed: w't;
It will let
  gen:  w't;
It will let me smultinment, comes in players
More you stroymenthing pambassion, thought folly.

EDWARD:
In you 

Step 210950/214000 (epoch 24): loss = 1.2674 avg = 1.5056
  seed: ave set down:
I'
  gen:  ave set down:
I'll tell to line out-righer: speak should,
Which in your ain of thou and my deseech,
Hadmy the enfeig

Step 211000/214000 (epoch 24): loss = 1.5312 avg = 1.4782
  seed: y:
Who taught yo
  gen:  y:
Who taught you be so summer coundering the very prisoner
That evilmost are to six thou and so stand.

CAMILLO:
Ha

Step 211050/214000 (epoch 24): loss = 1.6036 avg = 1.4777
  seed: would I knew the
  gen:  would I knew theree-blaws
In yet a not probot, and not best slain
Nay that shall heaven: thou there years there a Ch

Step 211100/214000 (epoch 24): loss = 1.6449 avg = 1.4760
  seed:  go,
See how he 
  gen:   go,
See how he shall be the I not skillain!

PAULINA:
Ay, in that lead quicking my man.

CAMILLONTIO:
You see to th

Step 211150/214000 (epoch 24): loss = 1.6335 avg = 1.4549
  seed: ch you
So to est
  gen:  ch you
So to esteen that say and eaptaint your so out of
As in their place, came that me be are laints,
And if this 

Step 211200/214000 (epoch 24): loss = 1.5069 avg = 1.4693
  seed: r friend, whose 
  gen:  r friend, whose poor clear your court
And it to your not do the pritted accus.

BAAK:
I am we'll hath been fellow to

Step 211250/214000 (epoch 24): loss = 1.5229 avg = 1.4725
  seed: ,
Upon a barren 
  gen:  ,
Upon a barren of his parate of this danger'd as the fate
Your hag my lord, I would sincer of his true.

CAMILLOUCE

Step 211300/214000 (epoch 24): loss = 1.4179 avg = 1.5090
  seed: r half dined on 
  gen:  r half dined on the rither, a shall least.

CAMILLOUCESS OF YOS:

ANTIGONUS:
How, did the stronger and like, the lea

Step 211350/214000 (epoch 24): loss = 1.8456 avg = 1.5272
  seed: .
If tinkers may
  gen:  .
If tinkers may not it them heaven stay
thought--at nothing and write anget your hanged:
'tis this time out-winnot 

Step 211400/214000 (epoch 24): loss = 1.4452 avg = 1.5569
  seed: TA:
O, but, sir,
  gen:  TA:
O, but, sir, sir; for for life; for blood, and procession,
So take it though and perpeth; not my heare,
And on t

Step 211450/214000 (epoch 24): loss = 1.3886 avg = 1.5412
  seed: IXENES:
She danc
  gen:  IXENES:
She dance, good more our souls for that a friends are:
Proor and that look you had me to mercy?

CLEOMENES:

Step 211500/214000 (epoch 24): loss = 1.6787 avg = 1.5603
  seed: all men's ware-a
  gen:  all men's ware-and buy lodgedly brains
Should before upon that o' the findeed, live to my is
That these shall was of

Step 211550/214000 (epoch 24): loss = 1.4684 avg = 1.5144
  seed:  nor think
Nor d
  gen:   nor think
Nor danced with this looks that we inter,
Your just, I waking of thee eyes
And all them, that is, if the 

Step 211600/214000 (epoch 24): loss = 1.4525 avg = 1.4644
  seed: ther, now of me,
  gen:  ther, now of me,
How the still be speak! and it, I will nest of the
an for his in the for my sovereign: whom I am
Of

Step 211650/214000 (epoch 24): loss = 1.5680 avg = 1.4695
  seed: t
thou not the a
  gen:  t
thou not the act for that return
this bind-a with might.

PERDITA:
Jolens, and they but as the worthing found as y

Step 211700/214000 (epoch 24): loss = 1.2172 avg = 1.4605
  seed: Your kindness be
  gen:  Your kindness be the child; sir
shall prefels he say bond the some are did black:
But to the lifk the father break i

Step 211750/214000 (epoch 24): loss = 1.3001 avg = 1.4574
  seed: ya.

LEONTES:
Wh
  gen:  ya.

LEONTES:
What's he warder, but you business mine this never
Pretty one bear him, rest I have him.

Clown:
Is hi

Step 211800/214000 (epoch 24): loss = 1.5998 avg = 1.4507
  seed:  which stands by
  gen:   which stands by the country heard of my turn,
Who court of the cape.

Lord:
O the heavanture infeigness,
The and my

Step 211850/214000 (epoch 24): loss = 1.5845 avg = 1.4314
  seed:  see the statue 
  gen:   see the statue and
that no part have no the fears, and the man stre
her and a fulled the to the canst to pritol.
An

Step 211900/214000 (epoch 24): loss = 1.5664 avg = 1.4336
  seed: rth and honesty
  gen:  rth and honesty
First my lord, where with stone call not but.
I that with her; for not loss that she fortune leave.

Step 211950/214000 (epoch 24): loss = 1.3458 avg = 1.4333
  seed: ore.

First Gent
  gen:  ore.

First Gentleman:
Let sorry still the pelselves to did the rest me
The man and lost the natter, and that glass,

Step 212000/214000 (epoch 24): loss = 1.5936 avg = 1.4363
  seed: osom. Why I desi
  gen:  osom. Why I desire in the more not law.

LUCIO:
The seem why carverance.

POMPEY:
You, must as thither.

POMPEY:
I w

Step 212050/214000 (epoch 24): loss = 1.2070 avg = 1.4462
  seed: mend me to my br
  gen:  mend me to my brother's straight of
To capter a not that purposence is when I pray,
And charging their not so much o

Step 212100/214000 (epoch 24): loss = 0.9717 avg = 1.4356
  seed: t this man did t
  gen:  t this man did this sir, sir, but pluck the dishesweer,
Which doo honour, I have his change in you,
And slew her, 'b

Step 212150/214000 (epoch 24): loss = 1.2613 avg = 1.4069
  seed: or't!

ANGELO:
N
  gen:  or't!

ANGELO:
Noft yet him will impeach will know that a doubt.
Why, your givest upon be gover.

ESCALUS:
I will yo

Step 212200/214000 (epoch 24): loss = 1.6039 avg = 1.4007
  seed: LUCIO:

ISABELLA
  gen:  LUCIO:

ISABELLA:
It shall fare than the pition more of a made,
If name outral in 'twere blows to die took upon
A ha

Step 212250/214000 (epoch 24): loss = 1.3814 avg = 1.4006
  seed:  I'll not warran
  gen:   I'll not warrant as over in the fool,
And their mails having the from a keed,
I'll on my heaven be a poor before sa

Step 212300/214000 (epoch 24): loss = 1.6041 avg = 1.4024
  seed: 'st
Are nursed b
  gen:  'st
Are nursed be to me so your well,
Thou whom woman! you thine the my more the grave,
And should never by my sweem

Step 212350/214000 (epoch 24): loss = 1.0425 avg = 1.4116
  seed: 
ISABELLA:
What 
  gen:  
ISABELLA:
What is the each sprieed him and year?
I'll strive and for the would sine.

ISABELLA:
Come me for there y

Step 212400/214000 (epoch 24): loss = 1.0151 avg = 1.4114
  seed: u, good father f
  gen:  u, good father for the lot to thee, her accord;
You be advery pity word reprove the suitor,
Thou wronged man present

Step 212450/214000 (epoch 24): loss = 1.1067 avg = 1.4152
  seed: dge, and knowled
  gen:  dge, and knowledges of the
Which 'tis a man the truth a better a mighter.

ISABELLA:
Why, a scall whence: 'tis it fa

Step 212500/214000 (epoch 24): loss = 1.2600 avg = 1.4144
  seed:  time have
I pro
  gen:   time have
I promise wise this e'er compasing tell have we have he
performing in with the since, for I promised
your

Step 212550/214000 (epoch 24): loss = 1.4701 avg = 1.3975
  seed:  life is paralle
  gen:   life is paralled imple merry.

ESCALUS:
What, madam, thought you, what have foelarlet, I have point to
caper of the

Step 212600/214000 (epoch 24): loss = 1.5299 avg = 1.4094
  seed: I think, forty m
  gen:  I think, forty married in a maide, good be some pardonest.

ESCALUS:
I come, sirracted the apprehend the seeming me

Step 212650/214000 (epoch 24): loss = 1.4335 avg = 1.3743
  seed: r
reports; but t
  gen:  r
reports; but then on that you a better him,
In you do steen of be comes with will have
You have free this life bet

Step 212700/214000 (epoch 24): loss = 1.5458 avg = 1.3833
  seed: e
That which but
  gen:  e
That which but comes told it your officerry.

DUKE VINCENTIO:
Not, O, sir; for his such is not myst to have for th

Step 212750/214000 (epoch 24): loss = 1.2000 avg = 1.3650
  seed: He was drunk the
  gen:  He was drunk the
Eblaced in his honour, and by his she hath at you have
His true fours, let now, he an how made,
Pro

Step 212800/214000 (epoch 24): loss = 1.0328 avg = 1.3541
  seed: ison, in the abs
  gen:  ison, in the absent will end, if him
To hear the worst him from angelo you converning,
That shall when spirits of th

Step 212850/214000 (epoch 24): loss = 1.2622 avg = 1.3472
  seed: NTIO:
I would th
  gen:  NTIO:
I would thee the show! Come, and faith,
To better do this proof, heir neither marriage.

DUKE VINCENTIO:
I hav

Step 212900/214000 (epoch 24): loss = 1.4207 avg = 1.4022
  seed: our lordship to 
  gen:  our lordship to us,
Provost myself the deceive.

DOR:
And one at mouthle what will not slavion
Your hang shows lord 

Step 212950/214000 (epoch 24): loss = 1.1877 avg = 1.4581
  seed: er speak of all 
  gen:  er speak of all thee walk;
And here condemn's emew him will sweet,
From, ere no dedge as flatter's until will.
Sity 

Step 213000/214000 (epoch 24): loss = 1.4546 avg = 1.4844
  seed:  that our good w
  gen:   that our good with a here.

SLY:
Why, sir, sir, or so man send, and not be myself
And testom the acconcies sons and

Step 213050/214000 (epoch 24): loss = 1.1922 avg = 1.4678
  seed: ENTIO:
Sirrah, c
  gen:  ENTIO:
Sirrah, come, to the dukeded, lady bid on his son
Friar.

Plast Servant:
These the seem the way is fall patie

Step 213100/214000 (epoch 24): loss = 1.6907 avg = 1.4757
  seed: core knaves or s
  gen:  core knaves or sheth him in live.
All therefore son you, sir, madam I hate your honour'd;
Yould provost gentless of 

Step 213150/214000 (epoch 24): loss = 1.2089 avg = 1.4361
  seed: hat end are all 
  gen:  hat end are all well, well have deat is
An aliver, pass well as in her for him her will the
Of wordst been what have

Step 213200/214000 (epoch 24): loss = 1.5375 avg = 1.4127
  seed: esently.
Holla, 
  gen:  esently.
Holla, maid-we impaticular the fearing;
And mate itself Baptistaster one,
What is yourselves his delsing an

Step 213250/214000 (epoch 24): loss = 1.3707 avg = 1.3866
  seed: , Kate: in sooth
  gen:  , Kate: in sooth her off shall my night.

HORTENSIO:
Why, I will smother have and tentleman,
And you laid I be so kn

Step 213300/214000 (epoch 24): loss = 1.7860 avg = 1.4311
  seed: emio, 'tis known
  gen:  emio, 'tis known vile,
In as this in good that world and me,
As her casse your she way I countenues.

PETRUCHIO:
Why

Step 213350/214000 (epoch 24): loss = 1.4973 avg = 1.4570
  seed:  weep;
For such 
  gen:   weep;
For such that 'Lord Greys his offect,
As I deathing strike twenty drest.

BESHONTENIO:
No; I think it is the 

Step 213400/214000 (epoch 24): loss = 1.8744 avg = 1.4697
  seed: d been aboard, c
  gen:  d been aboard, clothe where's chamber
Just be soon a bash, and much these are a woo,
And in the briss a master with 

Step 213450/214000 (epoch 24): loss = 1.3610 avg = 1.4513
  seed: RTIS:
This is to
  gen:  RTIS:
This is tongue.

GRUMIO:
Sir, if the villain, if I must be we warmm.

KATU:
Surrein, I benet; 'tis a double th

Step 213500/214000 (epoch 24): loss = 1.5303 avg = 1.4757
  seed: eep her still aw
  gen:  eep her still awny it.

PETRUCHIO:
That, or doom it, sir, 'tis it pallio?

CURTIS:
Where I give my lord: she, she Lu

Step 213550/214000 (epoch 24): loss = 1.4439 avg = 1.4290
  seed: ee go and get me
  gen:  ee go and get me so entime,
man, and a wife in publy blunt of the matter to him!

BIONDELLO:
Trust thou with it pois

Step 213600/214000 (epoch 24): loss = 1.5022 avg = 1.4256
  seed: r garments poor;
  gen:  r garments poor; and or a troubt:
And with the to might of the taint are the beauty.

Tail:
Say this father: the sou

Step 213650/214000 (epoch 25): loss = 1.6007 avg = 1.4257
  seed: s to them, not a
  gen:  s to them, not a word?

Second Gentter.

BIONDELLO:
Bid ditutians; and be souls this father tear-sould.

GRUMIO:
The

Step 213700/214000 (epoch 25): loss = 1.6816 avg = 1.4543
  seed: were an-hungry; 
  gen:  were an-hungry; and whom it unto stand all come,
And nots of that think that are the sistress!

First Citizen:
What 

Step 213750/214000 (epoch 25): loss = 1.2631 avg = 1.4629
  seed: n the business, 
  gen:  n the business, sir;
Soft this born of the none the race upon it
As the possible themselves, in any a gap,
To more h

Step 213800/214000 (epoch 25): loss = 1.4714 avg = 1.4712
  seed: ome,
Or, by the 
  gen:  ome,
Or, by the must with his hands of rogs the logs,
Thereit be words to pass, it soon
he nack and fast in in this 

Step 213850/214000 (epoch 25): loss = 1.6003 avg = 1.4726
  seed: inst the great A
  gen:  inst the great Aufiden of cannot me has spreel.

MARCIUS:
You widh thou hast my carcing look both!

All:
There be th

Step 213900/214000 (epoch 25): loss = 1.6158 avg = 1.4665
  seed: that honour in't
  gen:  that honour in't, as it in them
For the some so, boy my fooli me more worse.

Marved:
Of the beingess,
If Vatch: the

Step 213950/214000 (epoch 25): loss = 1.8946 avg = 1.4924
  seed: ereign prescript
  gen:  ereign prescripty is alone, and my but sword well,
And mercy matter look too dance and the four
To that we master's 

Final avg loss: 1.4905
Model saved: rnd/window-d124-baseline/20260528T094311-window-adam-d64l2-s124-25ep/checkpoint.model
Result logged: rnd/window-d124-baseline/20260528T094311-window-adam-d64l2-s124-25ep/results.tsv
