AGPT CUDA Training Engine
  Model: d=64 heads=4 layers=2 ff=256 vocab=65 seq=128 head_dim=16
  Loaded 108481 weight floats (423.8 KB)
  No optimizer state in checkpoint; starting cold
Loading radix trie from /tmp/shake_baseline_d16_radix...
  Radix trie: 1607928 nodes, 9313896 total edge chars, 17 endpoint depths
  Radix loaded: 2697118 counts entries, 12276596 ancestor char entries
  d_split: 1062377/1607928 nodes have a mass=1 ancestor (mean depth 9.21)
  lr-schedule: warmup-cosine (peak=0.003, warmup_epochs=1)
  optimizer: rmsprop (lr=0.003)
  entropy lambda: 1.000 (branching-endpoint icing enabled)
  mass weighting: log (head-of-edge count restores corpus-frequency exposure)
  curriculum: flat (d=max each epoch)
  max edge_len: 16, max ancestor chars: 15, max KV per node: 31, max endpoint depth: 16
  mass=1 compaction: 8275783 / 9313896 chars are mass=1 (88.9%); cache holds 1038113 positions
  loop points: 18684 (mass>1 leaves; 3.4% of 545550 mass>1 nodes)
  KV cache: 531.5 MB unified memory (bf16 compact)
  GPU memory: 2851.0 MB used, 5335.8 MB free, 8186.8 MB total
  65 root-child subtrees: sizes min=1 max=246583 avg=24737.3 (total=1607927 radix nodes)
Epoch 1: loss=3.511791  (6.40 sec, 65 subtrees, 225 chunks, 9313896 nodes)
  residual top-10 (subtree_mass × max(avg_loss − 3.512, 0)):
    rc   rootID   mass      avg_loss     score 
    1    50944    1479765   4.5376       1517904.9
    43   660187   735168    4.1906       499027.5
    0    1        297533    5.1023       473237.5
    40   574911   82726     5.1060       131886.4
    44   798168   118584    4.5758       126172.0
    47   915694   343840    3.7075       67299.7
    41   591555   114034    3.8507       38648.5
    6    309644   167551    3.6912       30057.5
    45   821318   94570     3.8220       29334.7
    5    300532   44208     3.8567       15246.1
    top-10: 40.5% of mass, 98.6% of excess-loss
Epoch 2: loss=2.588347  (5.93 sec, 65 subtrees, 225 chunks, 9313896 nodes)
  residual top-10 (subtree_mass × max(avg_loss − 2.588, 0)):
    rc   rootID   mass      avg_loss     score 
    44   798168   118584    4.0383       171936.4
    46   840714   415269    2.9116       134227.7
    45   821318   94570     3.2258       60282.4
    1    50944    1479765   2.6267       56709.9
    6    309644   167551    2.7101       20398.2
    0    1        297533    2.6534       19355.5
    5    300532   44208     2.8962       13610.9
    2    297527   13758     3.4330       11621.1
    8    341198   57485     2.7810       11075.4
    10   349444   84126     2.6746       7253.2
    top-10: 32.3% of mass, 96.7% of excess-loss
Epoch 3: loss=2.387778  (5.93 sec, 65 subtrees, 225 chunks, 9313896 nodes)
  residual top-10 (subtree_mass × max(avg_loss − 2.388, 0)):
    rc   rootID   mass      avg_loss     score 
    59   1500853  192300    2.5579       32712.7
    54   1241689  76537     2.6662       21309.1
    1    50944    1479765   2.4020       21001.6
    6    309644   167551    2.4812       15657.4
    0    1        297533    2.4308       12795.0
    44   798168   118584    2.4872       11792.3
    5    300532   44208     2.6525       11702.0
    10   349444   84126     2.5072       10050.4
    2    297527   13758     3.1105       9942.8
    8    341198   57485     2.5470       9152.2
    top-10: 29.4% of mass, 82.7% of excess-loss
Epoch 4: loss=2.335788  (5.93 sec, 65 subtrees, 225 chunks, 9313896 nodes)
  residual top-10 (subtree_mass × max(avg_loss − 2.336, 0)):
    rc   rootID   mass      avg_loss     score 
    59   1500853  192300    2.5727       45559.4
    6    309644   167551    2.4579       20460.2
    10   349444   84126     2.5645       19239.8
    39   493671   419607    2.3801       18590.0
    5    300532   44208     2.6108       12156.1
    44   798168   118584    2.4317       11370.1
    13   372685   55068     2.5134       9780.4
    2    297527   13758     2.9439       8366.1
    54   1241689  76537     2.4305       7247.8
    12   369639   16107     2.7758       7087.4
    top-10: 13.8% of mass, 79.5% of excess-loss
Epoch 5: loss=2.335202  (5.96 sec, 65 subtrees, 225 chunks, 9313896 nodes)
  residual top-10 (subtree_mass × max(avg_loss − 2.335, 0)):
    rc   rootID   mass      avg_loss     score 
    58   1402652  543420    2.6518       172026.6
    59   1500853  192300    2.9618       120500.0
    54   1241689  76537     2.8033       35829.4
    10   349444   84126     2.7334       33496.3
    44   798168   118584    2.4264       10810.3
    5    300532   44208     2.5390       9010.4
    60   1539801  58095     2.4590       7194.1
    6    309644   167551    2.3740       6492.7
    2    297527   13758     2.6969       4976.4
    57   1329804  377747    2.3453       3795.9
    top-10: 19.5% of mass, 96.1% of excess-loss
Epoch 6: loss=2.250284  (5.97 sec, 65 subtrees, 225 chunks, 9313896 nodes)
  residual top-10 (subtree_mass × max(avg_loss − 2.250, 0)):
    rc   rootID   mass      avg_loss     score 
    59   1500853  192300    2.7752       100937.8
    1    50944    1479765   2.2694       28242.7
    44   798168   118584    2.4081       18718.1
    0    1        297533    2.3057       16487.1
    6    309644   167551    2.3270       12850.4
    5    300532   44208     2.4475       8718.2
    60   1539801  58095     2.3822       7665.4
    10   349444   84126     2.3169       5600.4
    61   1551260  134045    2.2906       5403.9
    2    297527   13758     2.6285       5203.9
    top-10: 30.1% of mass, 91.1% of excess-loss
Epoch 7: loss=2.218069  (5.92 sec, 65 subtrees, 225 chunks, 9313896 nodes)
  residual top-10 (subtree_mass × max(avg_loss − 2.218, 0)):
    rc   rootID   mass      avg_loss     score 
    59   1500853  192300    2.8283       117340.3
    6    309644   167551    2.3221       17428.6
    0    1        297533    2.2569       11543.1
    58   1402652  543420    2.2385       11097.4
    5    300532   44208     2.4577       10593.9
    54   1241689  76537     2.3394       9284.1
    60   1539801  58095     2.3501       7671.1
    10   349444   84126     2.3040       7227.1
    2    297527   13758     2.6033       5299.9
    61   1551260  134045    2.2494       4197.7
    top-10: 18.7% of mass, 90.0% of excess-loss
Epoch 8: loss=2.196208  (5.94 sec, 65 subtrees, 225 chunks, 9313896 nodes)
  residual top-10 (subtree_mass × max(avg_loss − 2.196, 0)):
    rc   rootID   mass      avg_loss     score 
    59   1500853  192300    3.0192       158256.1
    58   1402652  543420    2.3307       73065.5
    60   1539801  58095     2.4196       12979.2
    54   1241689  76537     2.3567       12284.2
    61   1551260  134045    2.2872       12200.1
    6    309644   167551    2.2656       11623.4
    5    300532   44208     2.4064       9293.4
    63   1577668  160299    2.2365       6460.4
    10   349444   84126     2.2540       4862.6
    2    297527   13758     2.4962       4126.7
    top-10: 17.1% of mass, 95.9% of excess-loss
Epoch 9: loss=2.191737  (5.99 sec, 65 subtrees, 225 chunks, 9313896 nodes)
  residual top-10 (subtree_mass × max(avg_loss − 2.192, 0)):
    rc   rootID   mass      avg_loss     score 
    59   1500853  192300    2.7282       103169.3
    54   1241689  76537     2.7334       41454.1
    58   1402652  543420    2.2530       33283.0
    6    309644   167551    2.2747       13899.5
    0    1        297533    2.2300       11372.0
    5    300532   44208     2.4056       9455.8
    10   349444   84126     2.2849       7833.5
    60   1539801  58095     2.3116       6962.5
    2    297527   13758     2.4615       3711.5
    61   1551260  134045    2.2177       3484.8
    top-10: 18.7% of mass, 94.6% of excess-loss
Epoch 10: loss=2.174220  (5.98 sec, 65 subtrees, 225 chunks, 9313896 nodes)
  residual top-10 (subtree_mass × max(avg_loss − 2.174, 0)):
    rc   rootID   mass      avg_loss     score 
    59   1500853  192300    3.1483       187310.6
    58   1402652  543420    2.2663       50058.6
    60   1539801  58095     2.4759       17526.9
    6    309644   167551    2.2730       16552.7
    61   1551260  134045    2.2733       13281.1
    54   1241689  76537     2.3231       11396.2
    5    300532   44208     2.4079       10332.7
    10   349444   84126     2.2455       5996.8
    44   798168   118584    2.2027       3374.1
    13   372685   55068     2.2242       2750.0
    top-10: 17.1% of mass, 96.6% of excess-loss
Epoch 11: loss=2.114198  (5.92 sec, 65 subtrees, 225 chunks, 9313896 nodes)
  residual top-10 (subtree_mass × max(avg_loss − 2.114, 0)):
    rc   rootID   mass      avg_loss     score 
    59   1500853  192300    2.5454       82915.3
    58   1402652  543420    2.1551       22206.4
    6    309644   167551    2.1923       13091.4
    0    1        297533    2.1563       12514.1
    1    50944    1479765   2.1210       10019.5
    60   1539801  58095     2.2839       9858.7
    5    300532   44208     2.2984       8143.3
    54   1241689  76537     2.1978       6396.9
    61   1551260  134045    2.1579       5854.7
    44   798168   118584    2.1622       5694.9
    top-10: 36.2% of mass, 91.8% of excess-loss
Epoch 12: loss=2.116592  (5.84 sec, 65 subtrees, 225 chunks, 9313896 nodes)
  residual top-10 (subtree_mass × max(avg_loss − 2.117, 0)):
    rc   rootID   mass      avg_loss     score 
    59   1500853  192300    2.6578       104080.6
    58   1402652  543420    2.2104       50972.9
    54   1241689  76537     2.4332       24230.9
    6    309644   167551    2.2095       15561.2
    60   1539801  58095     2.3283       12298.0
    5    300532   44208     2.3421       9968.4
    61   1551260  134045    2.1901       9848.0
    44   798168   118584    2.1533       4357.0
    2    297527   13758     2.3161       2745.5
    13   372685   55068     2.1543       2076.3
    top-10: 16.3% of mass, 96.1% of excess-loss
Epoch 13: loss=2.090228  (5.82 sec, 65 subtrees, 225 chunks, 9313896 nodes)
  residual top-10 (subtree_mass × max(avg_loss − 2.090, 0)):
    rc   rootID   mass      avg_loss     score 
    59   1500853  192300    2.7781       132281.3
    58   1402652  543420    2.1791       48287.8
    6    309644   167551    2.1556       10952.5
    54   1241689  76537     2.2210       10011.1
    60   1539801  58095     2.2424       8840.4
    5    300532   44208     2.2723       8049.9
    61   1551260  134045    2.1501       8022.6
    0    1        297533    2.1102       5929.3
    44   798168   118584    2.1312       4858.2
    2    297527   13758     2.2483       2174.8
    top-10: 19.1% of mass, 97.0% of excess-loss
Epoch 14: loss=2.082194  (5.83 sec, 65 subtrees, 225 chunks, 9313896 nodes)
  residual top-10 (subtree_mass × max(avg_loss − 2.082, 0)):
    rc   rootID   mass      avg_loss     score 
    59   1500853  192300    2.7533       129054.4
    58   1402652  543420    2.1339       28096.5
    6    309644   167551    2.2263       24143.6
    54   1241689  76537     2.3743       22355.1
    44   798168   118584    2.2285       17345.7
    5    300532   44208     2.4193       14903.9
    60   1539801  58095     2.2567       10140.5
    10   349444   84126     2.1404       4895.0
    61   1551260  134045    2.1148       4375.7
    8    341198   57485     2.1398       3314.0
    top-10: 17.2% of mass, 96.4% of excess-loss
Epoch 15: loss=2.080055  (5.82 sec, 65 subtrees, 225 chunks, 9313896 nodes)
  residual top-10 (subtree_mass × max(avg_loss − 2.080, 0)):
    rc   rootID   mass      avg_loss     score 
    59   1500853  192300    3.2892       232519.4
    58   1402652  543420    2.1904       59988.4
    60   1539801  58095     2.5838       29262.9
    61   1551260  134045    2.2674       25110.4
    6    309644   167551    2.1700       15064.2
    63   1577668  160299    2.1575       12408.0
    5    300532   44208     2.3208       10642.6
    54   1241689  76537     2.1650       6497.8
    2    297527   13758     2.2341       2119.7
    13   372685   55068     2.0925       686.2 
    top-10: 16.8% of mass, 99.7% of excess-loss
Epoch 16: loss=2.038585  (5.82 sec, 65 subtrees, 225 chunks, 9313896 nodes)
  residual top-10 (subtree_mass × max(avg_loss − 2.039, 0)):
    rc   rootID   mass      avg_loss     score 
    1    50944    1479765   2.0811       62896.8
    59   1500853  192300    2.2319       37182.5
    0    1        297533    2.1275       26455.5
    6    309644   167551    2.1494       18570.5
    5    300532   44208     2.2631       9924.5
    44   798168   118584    2.1109       8572.1
    10   349444   84126     2.1193       6791.5
    13   372685   55068     2.1176       4352.2
    8    341198   57485     2.1066       3911.3
    39   493671   419607    2.0472       3616.8
    top-10: 33.9% of mass, 88.0% of excess-loss
Epoch 17: loss=2.044014  (5.82 sec, 65 subtrees, 225 chunks, 9313896 nodes)
  residual top-10 (subtree_mass × max(avg_loss − 2.044, 0)):
    rc   rootID   mass      avg_loss     score 
    59   1500853  192300    2.7328       132460.1
    58   1402652  543420    2.1604       63235.8
    44   798168   118584    2.3744       39176.4
    54   1241689  76537     2.4459       30762.1
    60   1539801  58095     2.2247       10498.6
    6    309644   167551    2.0950       8548.1
    5    300532   44208     2.2339       8392.6
    61   1551260  134045    2.0914       6351.2
    45   821318   94570     2.0937       4699.3
    2    297527   13758     2.2655       3046.8
    top-10: 16.8% of mass, 98.9% of excess-loss
Epoch 18: loss=2.055909  (5.82 sec, 65 subtrees, 225 chunks, 9313896 nodes)
  residual top-10 (subtree_mass × max(avg_loss − 2.056, 0)):
    rc   rootID   mass      avg_loss     score 
    59   1500853  192300    2.6666       117438.6
    58   1402652  543420    2.1354       43217.4
    10   349444   84126     2.3960       28610.1
    44   798168   118584    2.1620       12585.8
    54   1241689  76537     2.1756       9163.2
    13   372685   55068     2.2141       8709.3
    60   1539801  58095     2.1912       7860.6
    5    300532   44208     2.2293       7664.4
    6    309644   167551    2.1007       7512.2
    61   1551260  134045    2.0872       4188.2
    top-10: 17.1% of mass, 89.2% of excess-loss
Epoch 19: loss=2.001729  (5.84 sec, 65 subtrees, 225 chunks, 9313896 nodes)
  residual top-10 (subtree_mass × max(avg_loss − 2.002, 0)):
    rc   rootID   mass      avg_loss     score 
    59   1500853  192300    2.3068       58671.7
    54   1241689  76537     2.2074       15739.0
    6    309644   167551    2.0927       15243.3
    58   1402652  543420    2.0206       10280.0
    44   798168   118584    2.0719       8322.5
    5    300532   44208     2.1846       8084.0
    0    1        297533    2.0234       6444.9
    60   1539801  58095     2.0754       4282.5
    40   574911   82726     2.0374       2954.9
    13   372685   55068     2.0502       2669.1
    top-10: 19.0% of mass, 89.4% of excess-loss
Epoch 20: loss=2.101673  (5.82 sec, 65 subtrees, 225 chunks, 9313896 nodes)
  residual top-10 (subtree_mass × max(avg_loss − 2.102, 0)):
    rc   rootID   mass      avg_loss     score 
    56   1258453  358000    2.6049       180140.2
    58   1402652  543420    2.3935       158580.1
    54   1241689  76537     3.8707       135399.5
    59   1500853  192300    2.6714       109550.7
    57   1329804  377747    2.3005       75098.6
    53   1145421  504725    2.1365       17582.2
    60   1539801  58095     2.2181       6761.9
    5    300532   44208     2.2252       5460.5
    61   1551260  134045    2.1399       5128.7
    55   1257579  3816      2.7645       2529.3
    top-10: 26.7% of mass, 99.7% of excess-loss
Epoch 21: loss=2.001998  (5.82 sec, 65 subtrees, 225 chunks, 9313896 nodes)
  residual top-10 (subtree_mass × max(avg_loss − 2.002, 0)):
    rc   rootID   mass      avg_loss     score 
    1    50944    1479765   2.0455       64348.1
    0    1        297533    2.0785       22764.2
    6    309644   167551    2.1297       21402.9
    59   1500853  192300    2.0874       16424.8
    5    300532   44208     2.2191       9599.1
    39   493671   419607    2.0234       8985.9
    10   349444   84126     2.0982       8096.3
    13   372685   55068     2.1077       5822.6
    40   574911   82726     2.0476       3774.5
    44   798168   118584    2.0297       3287.0
    top-10: 34.2% of mass, 87.3% of excess-loss
Epoch 22: loss=1.986407  (5.82 sec, 65 subtrees, 225 chunks, 9313896 nodes)
  residual top-10 (subtree_mass × max(avg_loss − 1.986, 0)):
    rc   rootID   mass      avg_loss     score 
    59   1500853  192300    2.3056       61385.6
    58   1402652  543420    2.0728       46937.3
    6    309644   167551    2.0979       18675.2
    5    300532   44208     2.2430       11344.5
    54   1241689  76537     2.1276       10804.9
    44   798168   118584    2.0479       7298.0
    10   349444   84126     2.0320       3832.4
    2    297527   13758     2.2302       3354.3
    60   1539801  58095     2.0433       3305.5
    61   1551260  134045    2.0091       3043.8
    top-10: 16.7% of mass, 93.3% of excess-loss
Epoch 23: loss=1.998330  (5.82 sec, 65 subtrees, 225 chunks, 9313896 nodes)
  residual top-10 (subtree_mass × max(avg_loss − 1.998, 0)):
    rc   rootID   mass      avg_loss     score 
    59   1500853  192300    3.0259       197605.3
    58   1402652  543420    2.0750       41670.3
    60   1539801  58095     2.4248       24778.0
    6    309644   167551    2.1073       18263.5
    61   1551260  134045    2.1281       17401.3
    5    300532   44208     2.2520       11213.6
    54   1241689  76537     2.0730       5712.7
    63   1577668  160299    2.0187       3263.7
    44   798168   118584    2.0253       3195.6
    2    297527   13758     2.2253       3122.5
    top-10: 17.5% of mass, 98.3% of excess-loss
Epoch 24: loss=1.970150  (5.82 sec, 65 subtrees, 225 chunks, 9313896 nodes)
  residual top-10 (subtree_mass × max(avg_loss − 1.970, 0)):
    rc   rootID   mass      avg_loss     score 
    59   1500853  192300    2.5886       118924.6
    58   1402652  543420    2.0421       39107.6
    6    309644   167551    2.0690       16560.8
    60   1539801  58095     2.2305       15123.2
    61   1551260  134045    2.0793       14625.4
    0    1        297533    2.0032       9821.8
    5    300532   44208     2.1922       9816.0
    54   1241689  76537     2.0093       2997.7
    10   349444   84126     2.0007       2572.0
    13   372685   55068     2.0091       2145.1
    top-10: 19.2% of mass, 96.0% of excess-loss
Epoch 25: loss=1.965783  (5.84 sec, 65 subtrees, 225 chunks, 9313896 nodes)
  residual top-10 (subtree_mass × max(avg_loss − 1.966, 0)):
    rc   rootID   mass      avg_loss     score 
    59   1500853  192300    2.8871       177178.0
    58   1402652  543420    2.0927       68963.3
    54   1241689  76537     2.2015       18037.6
    60   1539801  58095     2.2409       15982.2
    61   1551260  134045    2.0595       12557.8
    6    309644   167551    2.0315       11006.8
    5    300532   44208     2.1459       7961.5
    2    297527   13758     2.1367       2351.8
    44   798168   118584    1.9712       648.2 
    40   574911   82726     1.9713       459.3 
    top-10: 16.6% of mass, 99.7% of excess-loss
Epoch 26: loss=1.938639  (5.81 sec, 65 subtrees, 225 chunks, 9313896 nodes)
  residual top-10 (subtree_mass × max(avg_loss − 1.939, 0)):
    rc   rootID   mass      avg_loss     score 
    59   1500853  192300    2.5850       124299.9
    60   1539801  58095     2.3597       24461.4
    58   1402652  543420    1.9729       18598.1
    61   1551260  134045    2.0746       18225.1
    6    309644   167551    2.0221       13985.6
    5    300532   44208     2.1252       8249.2
    63   1577668  160299    1.9851       7442.8
    54   1241689  76537     2.0342       7311.0
    0    1        297533    1.9536       4461.3
    2    297527   13758     2.0929       2122.9
    top-10: 19.6% of mass, 97.7% of excess-loss
Epoch 27: loss=1.938153  (5.82 sec, 65 subtrees, 225 chunks, 9313896 nodes)
  residual top-10 (subtree_mass × max(avg_loss − 1.938, 0)):
    rc   rootID   mass      avg_loss     score 
    59   1500853  192300    2.5418       116079.1
    58   1402652  543420    1.9735       19229.3
    60   1539801  58095     2.1907       14673.7
    61   1551260  134045    2.0425       13985.4
    6    309644   167551    2.0194       13612.8
    0    1        297533    1.9689       9160.5
    54   1241689  76537     2.0531       8800.3
    5    300532   44208     2.1358       8736.2
    44   798168   118584    1.9842       5458.1
    40   574911   82726     1.9740       2963.7
    top-10: 19.9% of mass, 96.5% of excess-loss
Epoch 28: loss=1.916340  (5.82 sec, 65 subtrees, 225 chunks, 9313896 nodes)
  residual top-10 (subtree_mass × max(avg_loss − 1.916, 0)):
    rc   rootID   mass      avg_loss     score 
    59   1500853  192300    2.4007       93134.9
    6    309644   167551    2.0186       17138.7
    58   1402652  543420    1.9446       15378.0
    54   1241689  76537     2.0441       9776.2
    5    300532   44208     2.1302       9452.7
    60   1539801  58095     2.0369       7001.3
    44   798168   118584    1.9705       6420.2
    0    1        297533    1.9283       3552.8
    40   574911   82726     1.9559       3270.0
    61   1551260  134045    1.9398       3139.6
    top-10: 19.9% of mass, 95.9% of excess-loss
Epoch 29: loss=1.938905  (5.83 sec, 65 subtrees, 225 chunks, 9313896 nodes)
  residual top-10 (subtree_mass × max(avg_loss − 1.939, 0)):
    rc   rootID   mass      avg_loss     score 
    59   1500853  192300    3.0599       215568.2
    58   1402652  543420    2.1290       103285.3
    54   1241689  76537     2.1784       18333.6
    61   1551260  134045    2.0468       14460.3
    60   1539801  58095     2.1787       13929.3
    6    309644   167551    2.0012       10429.9
    5    300532   44208     2.1429       9019.3
    2    297527   13758     2.2315       4025.1
    44   798168   118584    1.9629       2841.5
    63   1577668  160299    1.9537       2375.3
    top-10: 17.5% of mass, 99.8% of excess-loss
Epoch 30: loss=1.898440  (5.82 sec, 65 subtrees, 225 chunks, 9313896 nodes)
  residual top-10 (subtree_mass × max(avg_loss − 1.898, 0)):
    rc   rootID   mass      avg_loss     score 
    59   1500853  192300    2.3874       94018.5
    6    309644   167551    2.0168       19839.4
    5    300532   44208     2.1713       12063.2
    1    50944    1479765   1.9065       11996.8
    0    1        297533    1.9342       10625.1
    60   1539801  58095     2.0690       9911.0
    61   1551260  134045    1.9656       9002.1
    54   1241689  76537     1.9645       5056.5
    58   1402652  543420    1.9071       4700.9
    2    297527   13758     2.1294       3177.4
    top-10: 35.0% of mass, 94.0% of excess-loss
Epoch 31: loss=1.924755  (5.82 sec, 65 subtrees, 225 chunks, 9313896 nodes)
  residual top-10 (subtree_mass × max(avg_loss − 1.925, 0)):
    rc   rootID   mass      avg_loss     score 
    59   1500853  192300    2.4728       105389.1
    58   1402652  543420    2.0840       86538.5
    54   1241689  76537     2.6462       55214.9
    60   1539801  58095     2.1439       12733.9
    61   1551260  134045    2.0087       11258.5
    6    309644   167551    1.9745       8332.8
    5    300532   44208     2.1018       7828.6
    56   1258453  358000    1.9444       7019.7
    57   1329804  377747    1.9393       5496.8
    49   982783   50950     2.0096       4325.0
    top-10: 23.3% of mass, 97.9% of excess-loss
Epoch 32: loss=1.890069  (5.86 sec, 65 subtrees, 225 chunks, 9313896 nodes)
  residual top-10 (subtree_mass × max(avg_loss − 1.890, 0)):
    rc   rootID   mass      avg_loss     score 
    59   1500853  192300    2.5390       124798.7
    61   1551260  134045    2.0713       24289.3
    58   1402652  543420    1.9318       22667.3
    60   1539801  58095     2.2346       20017.8
    63   1577668  160299    1.9667       12286.5
    6    309644   167551    1.9599       11703.6
    54   1241689  76537     1.9987       8310.8
    5    300532   44208     2.0579       7418.4
    0    1        297533    1.8987       2561.7
    40   574911   82726     1.9181       2315.5
    top-10: 20.4% of mass, 97.7% of excess-loss
Epoch 33: loss=1.913682  (5.91 sec, 65 subtrees, 225 chunks, 9313896 nodes)
  residual top-10 (subtree_mass × max(avg_loss − 1.914, 0)):
    rc   rootID   mass      avg_loss     score 
    59   1500853  192300    2.6059       133105.0
    58   1402652  543420    1.9693       30219.1
    6    309644   167551    2.0374       20727.3
    54   1241689  76537     2.1599       18845.1
    5    300532   44208     2.1513       10503.0
    60   1539801  58095     2.0790       9605.6
    44   798168   118584    1.9817       8068.5
    0    1        297533    1.9396       7703.9
    61   1551260  134045    1.9428       3906.5
    2    297527   13758     2.1520       3278.1
    top-10: 19.1% of mass, 96.6% of excess-loss
Epoch 34: loss=1.862363  (5.97 sec, 65 subtrees, 225 chunks, 9313896 nodes)
  residual top-10 (subtree_mass × max(avg_loss − 1.862, 0)):
    rc   rootID   mass      avg_loss     score 
    59   1500853  192300    2.2891       82052.7
    6    309644   167551    1.9499       14673.6
    54   1241689  76537     2.0355       13249.0
    60   1539801  58095     2.0271       9569.7
    5    300532   44208     2.0513       8353.8
    58   1402652  543420    1.8759       7333.9
    0    1        297533    1.8816       5726.6
    1    50944    1479765   1.8659       5275.9
    61   1551260  134045    1.9002       5073.4
    40   574911   82726     1.9097       3914.7
    top-10: 35.8% of mass, 94.4% of excess-loss
Epoch 35: loss=1.891668  (5.93 sec, 65 subtrees, 225 chunks, 9313896 nodes)
  residual top-10 (subtree_mass × max(avg_loss − 1.892, 0)):
    rc   rootID   mass      avg_loss     score 
    59   1500853  192300    2.8806       190166.6
    58   1402652  543420    2.0851       105131.1
    60   1539801  58095     2.3058       24059.4
    61   1551260  134045    2.0617       22792.2
    54   1241689  76537     2.1781       21921.1
    63   1577668  160299    1.9504       9406.9
    6    309644   167551    1.9412       8298.3
    5    300532   44208     2.0446       6761.1
    57   1329804  377747    1.8980       2374.6
    2    297527   13758     2.0470       2136.8
    top-10: 20.6% of mass, 99.7% of excess-loss
Epoch 36: loss=1.891240  (5.90 sec, 65 subtrees, 225 chunks, 9313896 nodes)
  residual top-10 (subtree_mass × max(avg_loss − 1.891, 0)):
    rc   rootID   mass      avg_loss     score 
    59   1500853  192300    2.5443       125577.1
    58   1402652  543420    1.9361       24404.1
    60   1539801  58095     2.2429       20427.6
    6    309644   167551    1.9958       17516.7
    54   1241689  76537     2.0408       11445.8
    61   1551260  134045    1.9693       10459.1
    5    300532   44208     2.1225       10223.6
    0    1        297533    1.9211       8883.4
    40   574911   82726     1.9235       2667.5
    2    297527   13758     2.0229       1811.4
    top-10: 18.7% of mass, 98.5% of excess-loss
Epoch 37: loss=1.867314  (6.04 sec, 65 subtrees, 225 chunks, 9313896 nodes)
  residual top-10 (subtree_mass × max(avg_loss − 1.867, 0)):
    rc   rootID   mass      avg_loss     score 
    59   1500853  192300    2.4182       105927.6
    58   1402652  543420    1.9169       26960.1
    60   1539801  58095     2.1772       18002.7
    6    309644   167551    1.9746       17969.4
    61   1551260  134045    1.9923       16758.6
    5    300532   44208     2.1113       10785.4
    54   1241689  76537     1.9941       9706.6
    63   1577668  160299    1.8984       4987.2
    13   372685   55068     1.9504       4573.9
    10   349444   84126     1.9169       4170.3
    top-10: 17.6% of mass, 93.4% of excess-loss
Epoch 38: loss=1.903224  (5.90 sec, 65 subtrees, 225 chunks, 9313896 nodes)
  residual top-10 (subtree_mass × max(avg_loss − 1.903, 0)):
    rc   rootID   mass      avg_loss     score 
    59   1500853  192300    3.0166       214111.7
    58   1402652  543420    1.9690       35763.3
    10   349444   84126     2.3059       33879.0
    60   1539801  58095     2.4214       30101.9
    6    309644   167551    2.0333       21797.2
    61   1551260  134045    2.0138       14827.4
    5    300532   44208     2.1938       12846.7
    13   372685   55068     1.9968       5155.7
    12   369639   16107     2.1362       3753.2
    2    297527   13758     2.1270       3078.6
    top-10: 15.2% of mass, 97.0% of excess-loss
Epoch 39: loss=1.841827  (5.85 sec, 65 subtrees, 225 chunks, 9313896 nodes)
  residual top-10 (subtree_mass × max(avg_loss − 1.842, 0)):
    rc   rootID   mass      avg_loss     score 
    59   1500853  192300    2.0589       41743.2
    1    50944    1479765   1.8603       27327.5
    6    309644   167551    1.9477       17743.7
    0    1        297533    1.8819       11919.1
    54   1241689  76537     1.9818       10713.2
    5    300532   44208     2.0461       9030.5
    10   349444   84126     1.9353       7859.7
    39   493671   419607    1.8556       5781.0
    40   574911   82726     1.8900       3984.5
    60   1539801  58095     1.9089       3897.3
    top-10: 33.8% of mass, 88.3% of excess-loss
Epoch 40: loss=1.865115  (5.87 sec, 65 subtrees, 225 chunks, 9313896 nodes)
  residual top-10 (subtree_mass × max(avg_loss − 1.865, 0)):
    rc   rootID   mass      avg_loss     score 
    59   1500853  192300    2.8783       194827.7
    58   1402652  543420    2.0279       88459.9
    61   1551260  134045    2.0942       30706.7
    60   1539801  58095     2.3717       29429.8
    63   1577668  160299    1.9578       14865.1
    6    309644   167551    1.9219       9521.3
    54   1241689  76537     1.9844       9126.5
    5    300532   44208     2.0484       8103.0
    2    297527   13758     2.0484       2521.1
    40   574911   82726     1.8752       833.9 
    top-10: 17.1% of mass, 99.8% of excess-loss
Epoch 41: loss=1.852854  (5.87 sec, 65 subtrees, 225 chunks, 9313896 nodes)
  residual top-10 (subtree_mass × max(avg_loss − 1.853, 0)):
    rc   rootID   mass      avg_loss     score 
    59   1500853  192300    2.2959       85205.6
    1    50944    1479765   1.8772       35966.2
    58   1402652  543420    1.8899       20138.3
    6    309644   167551    1.9585       17708.5
    0    1        297533    1.9053       15611.0
    54   1241689  76537     1.9978       11094.5
    5    300532   44208     2.0652       9386.7
    60   1539801  58095     1.9909       8020.4
    61   1551260  134045    1.8918       5226.7
    40   574911   82726     1.8831       2499.3
    top-10: 35.8% of mass, 96.7% of excess-loss
Epoch 42: loss=1.850636  (5.89 sec, 65 subtrees, 225 chunks, 9313896 nodes)
  residual top-10 (subtree_mass × max(avg_loss − 1.851, 0)):
    rc   rootID   mass      avg_loss     score 
    59   1500853  192300    2.4716       119418.2
    58   1402652  543420    1.9526       55407.9
    54   1241689  76537     2.1988       26650.8
    6    309644   167551    1.9469       16131.9
    60   1539801  58095     2.0617       12263.9
    61   1551260  134045    1.9331       11054.6
    5    300532   44208     2.0674       9583.3
    44   798168   118584    1.9058       6540.1
    2    297527   13758     2.0526       2779.0
    40   574911   82726     1.8807       2485.2
    top-10: 16.6% of mass, 99.1% of excess-loss
Epoch 43: loss=1.858801  (5.85 sec, 65 subtrees, 225 chunks, 9313896 nodes)
  residual top-10 (subtree_mass × max(avg_loss − 1.859, 0)):
    rc   rootID   mass      avg_loss     score 
    59   1500853  192300    3.0894       236639.7
    58   1402652  543420    1.9732       62175.8
    61   1551260  134045    2.0838       30160.3
    60   1539801  58095     2.3363       27742.7
    63   1577668  160299    1.9329       11872.9
    54   1241689  76537     1.9743       8840.0
    6    309644   167551    1.9111       8756.3
    5    300532   44208     2.0136       6841.8
    2    297527   13758     1.9357       1057.4
    44   798168   118584    1.8671       987.8 
    top-10: 17.5% of mass, 99.7% of excess-loss
Epoch 44: loss=1.834081  (5.88 sec, 65 subtrees, 225 chunks, 9313896 nodes)
  residual top-10 (subtree_mass × max(avg_loss − 1.834, 0)):
    rc   rootID   mass      avg_loss     score 
    59   1500853  192300    2.2201       74230.1
    1    50944    1479765   1.8574       34555.0
    6    309644   167551    1.9539       20070.6
    0    1        297533    1.8853       15247.8
    5    300532   44208     2.0958       11569.9
    60   1539801  58095     1.9883       8958.8
    58   1402652  543420    1.8462       6604.8
    39   493671   419607    1.8462       5073.8
    40   574911   82726     1.8954       5073.6
    44   798168   118584    1.8755       4905.7
    top-10: 39.6% of mass, 91.6% of excess-loss
Epoch 45: loss=1.811850  (5.82 sec, 65 subtrees, 225 chunks, 9313896 nodes)
  residual top-10 (subtree_mass × max(avg_loss − 1.812, 0)):
    rc   rootID   mass      avg_loss     score 
    59   1500853  192300    2.0618       48069.7
    6    309644   167551    1.9732       27040.3
    54   1241689  76537     2.0035       14671.2
    5    300532   44208     2.1362       14338.4
    44   798168   118584    1.8636       6138.9
    39   493671   419607    1.8243       5205.5
    2    297527   13758     2.1704       4933.0
    40   574911   82726     1.8628       4218.7
    60   1539801  58095     1.8788       3886.5
    13   372685   55068     1.8598       2642.4
    top-10: 14.3% of mass, 94.9% of excess-loss
Epoch 46: loss=1.858002  (5.83 sec, 65 subtrees, 225 chunks, 9313896 nodes)
  residual top-10 (subtree_mass × max(avg_loss − 1.858, 0)):
    rc   rootID   mass      avg_loss     score 
    59   1500853  192300    2.7824       177762.2
    58   1402652  543420    1.9560       53247.3
    54   1241689  76537     2.2575       30576.8
    60   1539801  58095     2.2700       23937.1
    61   1551260  134045    1.9987       18862.9
    44   798168   118584    1.9707       13367.3
    63   1577668  160299    1.9076       7954.6
    5    300532   44208     2.0036       6434.8
    6    309644   167551    1.8921       5713.5
    40   574911   82726     1.9098       4286.5
    top-10: 18.4% of mass, 99.4% of excess-loss
Epoch 47: loss=1.832103  (5.92 sec, 65 subtrees, 225 chunks, 9313896 nodes)
  residual top-10 (subtree_mass × max(avg_loss − 1.832, 0)):
    rc   rootID   mass      avg_loss     score 
    59   1500853  192300    2.0962       50792.9
    1    50944    1479765   1.8613       43161.7
    6    309644   167551    1.9487       19537.7
    0    1        297533    1.8877       16553.6
    54   1241689  76537     2.0245       14726.6
    5    300532   44208     2.0690       10474.4
    60   1539801  58095     1.9641       7668.5
    40   574911   82726     1.8784       3831.6
    58   1402652  543420    1.8387       3608.0
    61   1551260  134045    1.8570       3338.7
    top-10: 35.8% of mass, 94.2% of excess-loss
Epoch 48: loss=1.883934  (5.92 sec, 65 subtrees, 225 chunks, 9313896 nodes)
  residual top-10 (subtree_mass × max(avg_loss − 1.884, 0)):
    rc   rootID   mass      avg_loss     score 
    58   1402652  543420    2.3143       233863.5
    59   1500853  192300    2.8552       186777.0
    60   1539801  58095     2.2685       22343.2
    54   1241689  76537     2.1658       21573.4
    61   1551260  134045    2.0259       19030.8
    6    309644   167551    1.9863       17144.4
    5    300532   44208     2.2348       15510.3
    63   1577668  160299    1.9159       5125.6
    57   1329804  377747    1.8945       3977.2
    2    297527   13758     2.0953       2908.4
    top-10: 20.6% of mass, 98.9% of excess-loss
Epoch 49: loss=1.883542  (5.85 sec, 65 subtrees, 225 chunks, 9313896 nodes)
  residual top-10 (subtree_mass × max(avg_loss − 1.884, 0)):
    rc   rootID   mass      avg_loss     score 
    6    309644   167551    2.2024       53420.3
    59   1500853  192300    2.1117       43866.3
    5    300532   44208     2.4796       26351.7
    10   349444   84126     2.1603       23282.7
    39   493671   419607    1.9305       19700.7
    13   372685   55068     2.0459       8938.7
    40   574911   82726     1.9791       7905.0
    54   1241689  76537     1.9866       7890.6
    8    341198   57485     2.0149       7549.8
    12   369639   16107     2.1438       4191.4
    top-10: 13.9% of mass, 83.9% of excess-loss
Epoch 50: loss=1.815609  (5.88 sec, 65 subtrees, 225 chunks, 9313896 nodes)
  residual top-10 (subtree_mass × max(avg_loss − 1.816, 0)):
    rc   rootID   mass      avg_loss     score 
    59   1500853  192300    2.1471       63754.5
    6    309644   167551    1.9461       21862.5
    1    50944    1479765   1.8276       17802.3
    5    300532   44208     2.0775       11576.7
    60   1539801  58095     1.9495       7778.1
    54   1241689  76537     1.9043       6785.0
    39   493671   419607    1.8306       6282.2
    0    1        297533    1.8355       5932.1
    40   574911   82726     1.8701       4505.5
    58   1402652  543420    1.8238       4477.5
    top-10: 39.1% of mass, 88.6% of excess-loss
Epoch 51: loss=1.826611  (5.87 sec, 65 subtrees, 225 chunks, 9313896 nodes)
  residual top-10 (subtree_mass × max(avg_loss − 1.827, 0)):
    rc   rootID   mass      avg_loss     score 
    59   1500853  192300    2.2722       85688.0
    47   915694   343840    1.9458       40994.7
    6    309644   167551    1.9292       17188.6
    60   1539801  58095     2.0350       12105.0
    61   1551260  134045    1.9085       10973.1
    5    300532   44208     2.0609       10359.4
    54   1241689  76537     1.9459       9129.8
    50   993056   244544    1.8628       8838.9
    58   1402652  543420    1.8411       7881.2
    49   982783   50950     1.9239       4958.1
    top-10: 21.6% of mass, 94.0% of excess-loss
Epoch 52: loss=1.810500  (5.82 sec, 65 subtrees, 225 chunks, 9313896 nodes)
  residual top-10 (subtree_mass × max(avg_loss − 1.810, 0)):
    rc   rootID   mass      avg_loss     score 
    59   1500853  192300    2.2033       75539.9
    6    309644   167551    1.9239       18997.0
    54   1241689  76537     1.9772       12756.2
    5    300532   44208     2.0614       11091.1
    58   1402652  543420    1.8304       10815.1
    1    50944    1479765   1.8178       10734.6
    60   1539801  58095     1.9477       7969.6
    0    1        297533    1.8320       6404.0
    61   1551260  134045    1.8461       4769.1
    39   493671   419607    1.8201       4016.5
    top-10: 39.7% of mass, 90.5% of excess-loss
Epoch 53: loss=1.823228  (5.82 sec, 65 subtrees, 225 chunks, 9313896 nodes)
  residual top-10 (subtree_mass × max(avg_loss − 1.823, 0)):
    rc   rootID   mass      avg_loss     score 
    59   1500853  192300    2.8751       202265.6
    58   1402652  543420    1.9340       60173.9
    60   1539801  58095     2.4818       38258.4
    61   1551260  134045    2.0595       31676.5
    6    309644   167551    1.9077       14153.7
    63   1577668  160299    1.8984       12044.4
    54   1241689  76537     1.9745       11578.1
    5    300532   44208     2.0353       9375.4
    2    297527   13758     2.0098       2566.9
    40   574911   82726     1.8468       1946.7
    top-10: 17.1% of mass, 99.8% of excess-loss
Epoch 54: loss=1.821879  (5.81 sec, 65 subtrees, 225 chunks, 9313896 nodes)
  residual top-10 (subtree_mass × max(avg_loss − 1.822, 0)):
    rc   rootID   mass      avg_loss     score 
    59   1500853  192300    2.0516       44180.4
    10   349444   84126     2.0802       21729.1
    6    309644   167551    1.9436       20387.8
    1    50944    1479765   1.8314       14148.4
    39   493671   419607    1.8509       12157.4
    5    300532   44208     2.0866       11703.4
    0    1        297533    1.8583       10850.4
    44   798168   118584    1.8838       7344.7
    40   574911   82726     1.9100       7292.0
    60   1539801  58095     1.9463       7230.9
    top-10: 34.2% of mass, 82.3% of excess-loss
Epoch 55: loss=1.816309  (5.84 sec, 65 subtrees, 225 chunks, 9313896 nodes)
  residual top-10 (subtree_mass × max(avg_loss − 1.816, 0)):
    rc   rootID   mass      avg_loss     score 
    59   1500853  192300    2.8721       203022.9
    58   1402652  543420    1.9229       57900.6
    61   1551260  134045    1.9390       16443.9
    60   1539801  58095     2.0916       15995.7
    6    309644   167551    1.8848       11475.6
    5    300532   44208     2.0027       8238.0
    10   349444   84126     1.8874       5980.1
    54   1241689  76537     1.8631       3581.6
    63   1577668  160299    1.8386       3565.6
    2    297527   13758     1.9782       2227.1
    top-10: 17.1% of mass, 97.6% of excess-loss
Epoch 56: loss=1.772551  (5.83 sec, 65 subtrees, 225 chunks, 9313896 nodes)
  residual top-10 (subtree_mass × max(avg_loss − 1.773, 0)):
    rc   rootID   mass      avg_loss     score 
    59   1500853  192300    2.1142       65700.0
    1    50944    1479765   1.7923       29280.2
    6    309644   167551    1.8765       17412.6
    0    1        297533    1.8116       11610.3
    60   1539801  58095     1.9306       9180.5
    5    300532   44208     1.9679       8637.2
    61   1551260  134045    1.8159       5811.7
    40   574911   82726     1.8252       4357.1
    44   798168   118584    1.8054       3897.4
    54   1241689  76537     1.8168       3385.1
    top-10: 30.8% of mass, 95.5% of excess-loss
Epoch 57: loss=1.777643  (5.85 sec, 65 subtrees, 225 chunks, 9313896 nodes)
  residual top-10 (subtree_mass × max(avg_loss − 1.778, 0)):
    rc   rootID   mass      avg_loss     score 
    59   1500853  192300    2.4640       131990.6
    58   1402652  543420    1.8670       48548.7
    60   1539801  58095     2.2064       24909.2
    61   1551260  134045    1.9085       17546.9
    6    309644   167551    1.8611       13975.4
    5    300532   44208     1.9856       9192.2
    54   1241689  76537     1.8771       7608.7
    63   1577668  160299    1.8071       4714.4
    44   798168   118584    1.8160       4544.2
    2    297527   13758     1.9884       2899.0
    top-10: 17.5% of mass, 98.7% of excess-loss
Epoch 58: loss=1.798350  (5.86 sec, 65 subtrees, 225 chunks, 9313896 nodes)
  residual top-10 (subtree_mass × max(avg_loss − 1.798, 0)):
    rc   rootID   mass      avg_loss     score 
    59   1500853  192300    2.8609       204334.4
    58   1402652  543420    1.8654       36421.5
    60   1539801  58095     2.3841       34031.6
    61   1551260  134045    2.0326       31404.2
    63   1577668  160299    1.8983       16018.0
    6    309644   167551    1.8730       12510.0
    5    300532   44208     2.0043       9103.0
    54   1241689  76537     1.8962       7491.2
    2    297527   13758     1.9379       1919.5
    40   574911   82726     1.8123       1152.4
    top-10: 17.1% of mass, 99.8% of excess-loss
Epoch 59: loss=1.781274  (5.86 sec, 65 subtrees, 225 chunks, 9313896 nodes)
  residual top-10 (subtree_mass × max(avg_loss − 1.781, 0)):
    rc   rootID   mass      avg_loss     score 
    59   1500853  192300    2.2982       99398.7
    1    50944    1479765   1.8059       36443.8
    6    309644   167551    1.8916       18483.3
    60   1539801  58095     2.0040       12938.5
    0    1        297533    1.8188       11179.5
    5    300532   44208     2.0170       10419.0
    61   1551260  134045    1.8452       8566.4
    58   1402652  543420    1.7908       5177.9
    44   798168   118584    1.8238       5047.5
    54   1241689  76537     1.8294       3687.0
    top-10: 36.2% of mass, 96.6% of excess-loss
Epoch 60: loss=1.757351  (6.03 sec, 65 subtrees, 225 chunks, 9313896 nodes)
  residual top-10 (subtree_mass × max(avg_loss − 1.757, 0)):
    rc   rootID   mass      avg_loss     score 
    59   1500853  192300    2.1262       70927.0
    6    309644   167551    1.8675       18456.9
    5    300532   44208     1.9924       10393.1
    60   1539801  58095     1.9336       10240.5
    0    1        297533    1.7815       7177.3
    54   1241689  76537     1.8485       6973.6
    58   1402652  543420    1.7682       5919.0
    10   349444   84126     1.8237       5581.2
    1    50944    1479765   1.7610       5394.6
    40   574911   82726     1.8092       4290.8
    top-10: 35.2% of mass, 87.1% of excess-loss
Epoch 61: loss=1.759401  (5.96 sec, 65 subtrees, 225 chunks, 9313896 nodes)
  residual top-10 (subtree_mass × max(avg_loss − 1.759, 0)):
    rc   rootID   mass      avg_loss     score 
    59   1500853  192300    2.3545       114437.7
    60   1539801  58095     2.1558       23028.9
    61   1551260  134045    1.9175       21195.3
    58   1402652  543420    1.7946       19107.5
    6    309644   167551    1.8481       14865.4
    54   1241689  76537     1.9097       11504.4
    5    300532   44208     1.9584       8797.4
    44   798168   118584    1.8143       6514.7
    40   574911   82726     1.8041       3700.9
    63   1577668  160299    1.7800       3309.3
    top-10: 18.4% of mass, 98.4% of excess-loss
Epoch 62: loss=1.761072  (6.00 sec, 65 subtrees, 225 chunks, 9313896 nodes)
  residual top-10 (subtree_mass × max(avg_loss − 1.761, 0)):
    rc   rootID   mass      avg_loss     score 
    59   1500853  192300    2.3682       116750.5
    58   1402652  543420    1.8766       62787.0
    54   1241689  76537     2.0149       19427.3
    6    309644   167551    1.8517       15184.5
    60   1539801  58095     2.0163       14829.8
    5    300532   44208     1.9575       8684.1
    61   1551260  134045    1.8170       7499.0
    40   574911   82726     1.8008       3282.9
    2    297527   13758     1.9569       2694.2
    44   798168   118584    1.7769       1878.1
    top-10: 16.6% of mass, 99.7% of excess-loss
Epoch 63: loss=1.763855  (5.96 sec, 65 subtrees, 225 chunks, 9313896 nodes)
  residual top-10 (subtree_mass × max(avg_loss − 1.764, 0)):
    rc   rootID   mass      avg_loss     score 
    59   1500853  192300    2.2993       102972.7
    44   798168   118584    1.9747       24999.3
    60   1539801  58095     2.0088       14231.0
    58   1402652  543420    1.7867       12423.0
    6    309644   167551    1.8345       11834.4
    61   1551260  134045    1.8489       11402.6
    54   1241689  76537     1.8966       10158.5
    41   591555   114034    1.8509       9931.7
    40   574911   82726     1.8479       6954.3
    5    300532   44208     1.9140       6638.4
    top-10: 17.8% of mass, 98.4% of excess-loss
Epoch 64: loss=1.789785  (5.88 sec, 65 subtrees, 225 chunks, 9313896 nodes)
  residual top-10 (subtree_mass × max(avg_loss − 1.790, 0)):
    rc   rootID   mass      avg_loss     score 
    59   1500853  192300    2.3733       112207.2
    58   1402652  543420    1.8822       50200.4
    54   1241689  76537     2.1570       28108.6
    44   798168   118584    2.0046       25472.0
    6    309644   167551    1.9161       21161.8
    5    300532   44208     2.1810       17295.9
    60   1539801  58095     1.9896       11610.5
    61   1551260  134045    1.8498       8050.3
    40   574911   82726     1.8364       3858.4
    10   349444   84126     1.8131       1959.0
    top-10: 17.5% of mass, 98.3% of excess-loss
Epoch 65: loss=1.751211  (5.88 sec, 65 subtrees, 225 chunks, 9313896 nodes)
  residual top-10 (subtree_mass × max(avg_loss − 1.751, 0)):
    rc   rootID   mass      avg_loss     score 
    59   1500853  192300    1.9033       29242.9
    6    309644   167551    1.9109       26754.1
    5    300532   44208     2.0254       12121.5
    1    50944    1479765   1.7584       10610.2
    44   798168   118584    1.8227       8475.2
    39   493671   419607    1.7680       7030.2
    54   1241689  76537     1.8263       5745.1
    40   574911   82726     1.8096       4829.4
    10   349444   84126     1.8079       4772.0
    0    1        297533    1.7655       4238.7
    top-10: 34.5% of mass, 87.2% of excess-loss
Epoch 66: loss=1.740166  (5.85 sec, 65 subtrees, 225 chunks, 9313896 nodes)
  residual top-10 (subtree_mass × max(avg_loss − 1.740, 0)):
    rc   rootID   mass      avg_loss     score 
    59   1500853  192300    2.0723       63876.3
    6    309644   167551    1.8538       19040.6
    54   1241689  76537     1.9465       15791.0
    60   1539801  58095     1.9267       10839.6
    5    300532   44208     1.9637       9880.0
    61   1551260  134045    1.7967       7584.0
    58   1402652  543420    1.7507       5738.2
    44   798168   118584    1.7884       5718.5
    40   574911   82726     1.7965       4662.6
    2    297527   13758     1.9180       2446.4
    top-10: 16.6% of mass, 95.9% of excess-loss
Epoch 67: loss=1.764150  (5.88 sec, 65 subtrees, 225 chunks, 9313896 nodes)
  residual top-10 (subtree_mass × max(avg_loss − 1.764, 0)):
    rc   rootID   mass      avg_loss     score 
    59   1500853  192300    2.4377       129521.0
    58   1402652  543420    1.8483       45715.2
    60   1539801  58095     2.1481       22306.2
    54   1241689  76537     2.0096       18788.3
    6    309644   167551    1.8689       17548.1
    61   1551260  134045    1.8515       11705.5
    5    300532   44208     2.0214       11370.3
    44   798168   118584    1.8424       9275.0
    40   574911   82726     1.8219       4778.0
    2    297527   13758     1.9259       2225.8
    top-10: 16.6% of mass, 99.4% of excess-loss
Epoch 68: loss=1.755569  (5.86 sec, 65 subtrees, 225 chunks, 9313896 nodes)
  residual top-10 (subtree_mass × max(avg_loss − 1.756, 0)):
    rc   rootID   mass      avg_loss     score 
    59   1500853  192300    2.6165       165551.8
    58   1402652  543420    1.8136       31544.3
    60   1539801  58095     2.1294       21717.3
    61   1551260  134045    1.9000       19363.2
    6    309644   167551    1.8425       14572.2
    54   1241689  76537     1.9051       11442.2
    5    300532   44208     1.9958       10621.7
    63   1577668  160299    1.7955       6393.2
    40   574911   82726     1.7870       2602.9
    2    297527   13758     1.8700       1573.7
    top-10: 17.1% of mass, 99.3% of excess-loss
Epoch 69: loss=1.747899  (5.85 sec, 65 subtrees, 225 chunks, 9313896 nodes)
  residual top-10 (subtree_mass × max(avg_loss − 1.748, 0)):
    rc   rootID   mass      avg_loss     score 
    59   1500853  192300    2.2896       104162.9
    58   1402652  543420    1.8086       32988.2
    6    309644   167551    1.8832       22670.7
    60   1539801  58095     2.0291       16333.7
    61   1551260  134045    1.8534       14138.1
    5    300532   44208     2.0428       13038.0
    54   1241689  76537     1.8545       8157.8
    0    1        297533    1.7664       5490.1
    40   574911   82726     1.7828       2891.0
    2    297527   13758     1.9133       2275.1
    top-10: 18.7% of mass, 96.7% of excess-loss
Epoch 70: loss=1.746895  (5.85 sec, 65 subtrees, 225 chunks, 9313896 nodes)
  residual top-10 (subtree_mass × max(avg_loss − 1.747, 0)):
    rc   rootID   mass      avg_loss     score 
    59   1500853  192300    2.1766       82633.3
    6    309644   167551    1.8950       24808.5
    5    300532   44208     2.1337       17100.1
    39   493671   419607    1.7766       12473.1
    10   349444   84126     1.8896       12009.1
    60   1539801  58095     1.9412       11288.5
    61   1551260  134045    1.8027       7484.6
    40   574911   82726     1.8126       5438.4
    54   1241689  76537     1.8120       4986.3
    44   798168   118584    1.7801       3935.1
    top-10: 16.0% of mass, 93.7% of excess-loss
Epoch 71: loss=1.745569  (5.85 sec, 65 subtrees, 225 chunks, 9313896 nodes)
  residual top-10 (subtree_mass × max(avg_loss − 1.746, 0)):
    rc   rootID   mass      avg_loss     score 
    59   1500853  192300    2.0453       57631.4
    6    309644   167551    1.9983       42352.7
    5    300532   44208     2.1911       19694.9
    39   493671   419607    1.7718       11005.7
    54   1241689  76537     1.8607       8814.4
    44   798168   118584    1.8152       8259.9
    60   1539801  58095     1.8677       7094.1
    40   574911   82726     1.8212       6256.4
    10   349444   84126     1.8173       6031.0
    13   372685   55068     1.8170       3936.1
    top-10: 15.1% of mass, 92.1% of excess-loss
Epoch 72: loss=1.721431  (5.87 sec, 65 subtrees, 225 chunks, 9313896 nodes)
  residual top-10 (subtree_mass × max(avg_loss − 1.721, 0)):
    rc   rootID   mass      avg_loss     score 
    59   1500853  192300    2.0168       56797.0
    6    309644   167551    1.8522       21908.5
    5    300532   44208     1.9526       10219.6
    39   493671   419607    1.7423       8768.5
    58   1402652  543420    1.7371       8511.4
    60   1539801  58095     1.8608       8098.0
    44   798168   118584    1.7781       6723.1
    54   1241689  76537     1.8050       6398.4
    40   574911   82726     1.7950       6085.3
    61   1551260  134045    1.7538       4332.3
    top-10: 21.4% of mass, 95.4% of excess-loss
Epoch 73: loss=1.721269  (5.86 sec, 65 subtrees, 225 chunks, 9313896 nodes)
  residual top-10 (subtree_mass × max(avg_loss − 1.721, 0)):
    rc   rootID   mass      avg_loss     score 
    59   1500853  192300    2.2979       110881.2
    58   1402652  543420    1.7750       29202.8
    6    309644   167551    1.8113       15081.6
    60   1539801  58095     1.9802       15040.6
    54   1241689  76537     1.8789       12063.7
    61   1551260  134045    1.8051       11236.0
    5    300532   44208     1.9060       8167.8
    40   574911   82726     1.7762       4541.9
    44   798168   118584    1.7528       3739.8
    2    297527   13758     1.8718       2071.6
    top-10: 16.6% of mass, 98.9% of excess-loss
Epoch 74: loss=1.787217  (5.83 sec, 65 subtrees, 225 chunks, 9313896 nodes)
  residual top-10 (subtree_mass × max(avg_loss − 1.787, 0)):
    rc   rootID   mass      avg_loss     score 
    59   1500853  192300    3.1528       262607.9
    58   1402652  543420    2.0790       158558.1
    60   1539801  58095     2.5237       42785.2
    61   1551260  134045    2.0188       31045.2
    54   1241689  76537     2.1255       25887.7
    63   1577668  160299    1.8467       9540.5
    5    300532   44208     1.9509       7237.0
    6    309644   167551    1.8260       6497.4
    2    297527   13758     1.8827       1313.8
    62   1576860  2962      1.8945       317.7 
    top-10: 16.2% of mass, 100.0% of excess-loss
Epoch 75: loss=1.750340  (5.82 sec, 65 subtrees, 225 chunks, 9313896 nodes)
  residual top-10 (subtree_mass × max(avg_loss − 1.750, 0)):
    rc   rootID   mass      avg_loss     score 
    1    50944    1479765   1.7831       48416.5
    59   1500853  192300    1.9958       47205.6
    6    309644   167551    1.9668       36260.9
    5    300532   44208     2.1013       15516.9
    0    1        297533    1.8022       15433.6
    39   493671   419607    1.7795       12239.6
    60   1539801  58095     1.8497       5774.7
    40   574911   82726     1.8059       4595.3
    10   349444   84126     1.7971       3934.1
    44   798168   118584    1.7760       3040.4
    top-10: 34.2% of mass, 91.3% of excess-loss
Epoch 76: loss=1.722616  (5.84 sec, 65 subtrees, 225 chunks, 9313896 nodes)
  residual top-10 (subtree_mass × max(avg_loss − 1.723, 0)):
    rc   rootID   mass      avg_loss     score 
    59   1500853  192300    2.1741       86812.0
    61   1551260  134045    1.8633       18860.1
    60   1539801  58095     2.0334       18057.0
    6    309644   167551    1.8087       14419.4
    54   1241689  76537     1.8281       8074.4
    5    300532   44208     1.8989       7795.2
    58   1402652  543420    1.7364       7464.6
    44   798168   118584    1.7765       6386.6
    40   574911   82726     1.7641       3431.7
    63   1577668  160299    1.7360       2148.6
    top-10: 18.4% of mass, 98.5% of excess-loss
Epoch 77: loss=1.706329  (5.84 sec, 65 subtrees, 225 chunks, 9313896 nodes)
  residual top-10 (subtree_mass × max(avg_loss − 1.706, 0)):
    rc   rootID   mass      avg_loss     score 
    59   1500853  192300    2.0984       75399.2
    6    309644   167551    1.8141       18060.5
    60   1539801  58095     1.9328       13157.6
    61   1551260  134045    1.7791       9748.0
    5    300532   44208     1.9125       9114.8
    54   1241689  76537     1.8212       8792.8
    58   1402652  543420    1.7223       8699.4
    44   798168   118584    1.7434       4399.5
    40   574911   82726     1.7585       4316.1
    2    297527   13758     1.8491       1964.7
    top-10: 16.6% of mass, 97.9% of excess-loss
Epoch 78: loss=1.695857  (5.86 sec, 65 subtrees, 225 chunks, 9313896 nodes)
  residual top-10 (subtree_mass × max(avg_loss − 1.696, 0)):
    rc   rootID   mass      avg_loss     score 
    59   1500853  192300    1.9618       51145.3
    6    309644   167551    1.8168       20259.3
    5    300532   44208     1.9141       9646.1
    44   798168   118584    1.7711       8925.4
    60   1539801  58095     1.7995       6018.8
    40   574911   82726     1.7676       5935.0
    54   1241689  76537     1.7655       5329.3
    39   493671   419607    1.7065       4465.6
    58   1402652  543420    1.7035       4164.3
    61   1551260  134045    1.7205       3306.9
    top-10: 21.4% of mass, 95.4% of excess-loss
Epoch 79: loss=1.749022  (5.82 sec, 65 subtrees, 225 chunks, 9313896 nodes)
  residual top-10 (subtree_mass × max(avg_loss − 1.749, 0)):
    rc   rootID   mass      avg_loss     score 
    59   1500853  192300    2.2177       90119.4
    6    309644   167551    1.8840       22620.1
    39   493671   419607    1.7926       18304.3
    5    300532   44208     2.1544       17922.6
    58   1402652  543420    1.7783       15892.2
    60   1539801  58095     1.9904       14025.4
    10   349444   84126     1.8938       12175.7
    61   1551260  134045    1.8183       9290.5
    54   1241689  76537     1.8415       7080.4
    12   369639   16107     2.1783       6915.1
    top-10: 20.2% of mass, 86.7% of excess-loss
Epoch 80: loss=1.813664  (5.90 sec, 65 subtrees, 225 chunks, 9313896 nodes)
  residual top-10 (subtree_mass × max(avg_loss − 1.814, 0)):
    rc   rootID   mass      avg_loss     score 
    59   1500853  192300    3.8279       387331.3
    58   1402652  543420    2.0084       105842.4
    61   1551260  134045    2.5443       97943.2
    63   1577668  160299    2.2569       71048.2
    60   1539801  58095     2.9565       66395.4
    5    300532   44208     1.9543       6216.5
    6    309644   167551    1.8275       2321.3
    54   1241689  76537     1.8357       1684.7
    2    297527   13758     1.9276       1567.1
    62   1576860  2962      2.2475       1285.0
    top-10: 16.2% of mass, 99.9% of excess-loss
Epoch 81: loss=1.824247  (5.87 sec, 65 subtrees, 225 chunks, 9313896 nodes)
  residual top-10 (subtree_mass × max(avg_loss − 1.824, 0)):
    rc   rootID   mass      avg_loss     score 
    1    50944    1479765   2.0037       265506.0
    0    1        297533    2.0411       64532.9
    6    309644   167551    2.0480       37495.1
    59   1500853  192300    1.9887       31622.5
    5    300532   44208     2.2407       18412.6
    10   349444   84126     1.9026       6589.2
    2    297527   13758     2.2812       6286.6
    54   1241689  76537     1.8921       5196.1
    44   798168   118584    1.8659       4945.0
    8    341198   57485     1.9068       4744.8
    top-10: 29.4% of mass, 96.5% of excess-loss
Epoch 82: loss=1.712770  (5.82 sec, 65 subtrees, 225 chunks, 9313896 nodes)
  residual top-10 (subtree_mass × max(avg_loss − 1.713, 0)):
    rc   rootID   mass      avg_loss     score 
    59   1500853  192300    1.9353       42801.9
    6    309644   167551    1.8095       16212.8
    1    50944    1479765   1.7214       12823.7
    5    300532   44208     1.8863       7671.6
    39   493671   419607    1.7305       7456.7
    60   1539801  58095     1.8380       7275.4
    61   1551260  134045    1.7528       5371.6
    40   574911   82726     1.7710       4819.2
    44   798168   118584    1.7529       4758.6
    54   1241689  76537     1.7621       3777.6
    top-10: 32.3% of mass, 93.4% of excess-loss
Epoch 83: loss=1.693309  (5.82 sec, 65 subtrees, 225 chunks, 9313896 nodes)
  residual top-10 (subtree_mass × max(avg_loss − 1.693, 0)):
    rc   rootID   mass      avg_loss     score 
    59   1500853  192300    1.8615       32340.9
    6    309644   167551    1.7856       15467.1
    39   493671   419607    1.7181       10412.8
    5    300532   44208     1.8689       7762.7
    60   1539801  58095     1.8165       7156.7
    44   798168   118584    1.7456       6203.0
    40   574911   82726     1.7615       5637.1
    54   1241689  76537     1.7561       4806.8
    1    50944    1479765   1.6964       4527.8
    61   1551260  134045    1.7198       3549.4
    top-10: 32.3% of mass, 94.0% of excess-loss
Epoch 84: loss=1.706742  (5.82 sec, 65 subtrees, 225 chunks, 9313896 nodes)
  residual top-10 (subtree_mass × max(avg_loss − 1.707, 0)):
    rc   rootID   mass      avg_loss     score 
    59   1500853  192300    2.1957       94025.2
    60   1539801  58095     2.1107       23469.4
    61   1551260  134045    1.8748       22522.1
    58   1402652  543420    1.7417       18985.2
    6    309644   167551    1.8001       15640.3
    54   1241689  76537     1.8336       9712.6
    63   1577668  160299    1.7586       8311.3
    5    300532   44208     1.8939       8275.9
    44   798168   118584    1.7492       5032.7
    40   574911   82726     1.7497       3551.8
    top-10: 18.4% of mass, 98.6% of excess-loss
Epoch 85: loss=1.729471  (5.81 sec, 65 subtrees, 225 chunks, 9313896 nodes)
  residual top-10 (subtree_mass × max(avg_loss − 1.729, 0)):
    rc   rootID   mass      avg_loss     score 
    59   1500853  192300    2.3244       114405.7
    6    309644   167551    1.8358       17819.4
    60   1539801  58095     1.9916       15228.3
    61   1551260  134045    1.8217       12364.0
    5    300532   44208     1.9528       9871.0
    58   1402652  543420    1.7446       8236.8
    44   798168   118584    1.7784       5803.4
    54   1241689  76537     1.8039       5695.7
    40   574911   82726     1.7817       4319.9
    2    297527   13758     1.9161       2567.3
    top-10: 16.6% of mass, 97.6% of excess-loss
Epoch 86: loss=1.702247  (5.82 sec, 65 subtrees, 225 chunks, 9313896 nodes)
  residual top-10 (subtree_mass × max(avg_loss − 1.702, 0)):
    rc   rootID   mass      avg_loss     score 
    59   1500853  192300    1.9967       56616.8
    6    309644   167551    1.8072       17582.1
    54   1241689  76537     1.8222       9181.7
    5    300532   44208     1.9030       8876.9
    39   493671   419607    1.7209       7820.5
    44   798168   118584    1.7660       7556.9
    58   1402652  543420    1.7143       6573.0
    60   1539801  58095     1.8025       5826.3
    40   574911   82726     1.7655       5233.4
    1    50944    1479765   1.7052       4309.4
    top-10: 37.0% of mass, 94.7% of excess-loss
Epoch 87: loss=1.690790  (5.81 sec, 65 subtrees, 225 chunks, 9313896 nodes)
  residual top-10 (subtree_mass × max(avg_loss − 1.691, 0)):
    rc   rootID   mass      avg_loss     score 
    59   1500853  192300    2.1719       92514.5
    58   1402652  543420    1.7291       20825.1
    6    309644   167551    1.7809       15101.8
    54   1241689  76537     1.8469       11951.7
    60   1539801  58095     1.8553       9556.8
    5    300532   44208     1.8871       8677.3
    61   1551260  134045    1.7415       6793.2
    44   798168   118584    1.7330       5004.7
    40   574911   82726     1.7395       4028.0
    2    297527   13758     1.8203       1782.1
    top-10: 16.6% of mass, 98.7% of excess-loss
Epoch 88: loss=1.694095  (5.85 sec, 65 subtrees, 225 chunks, 9313896 nodes)
  residual top-10 (subtree_mass × max(avg_loss − 1.694, 0)):
    rc   rootID   mass      avg_loss     score 
    59   1500853  192300    2.1367       85119.9
    58   1402652  543420    1.7382       23974.1
    6    309644   167551    1.8015       18002.4
    60   1539801  58095     1.9498       14852.4
    61   1551260  134045    1.7993       14105.2
    54   1241689  76537     1.8453       11574.9
    5    300532   44208     1.9185       9920.6
    57   1329804  377747    1.7180       9042.7
    63   1577668  160299    1.7289       5579.1
    40   574911   82726     1.7357       3443.1
    top-10: 21.4% of mass, 97.4% of excess-loss
Epoch 89: loss=1.726872  (5.85 sec, 65 subtrees, 225 chunks, 9313896 nodes)
  residual top-10 (subtree_mass × max(avg_loss − 1.727, 0)):
    rc   rootID   mass      avg_loss     score 
    59   1500853  192300    2.1192       75437.5
    6    309644   167551    1.8590       22135.3
    39   493671   419607    1.7682       17320.7
    5    300532   44208     2.0095       12493.9
    58   1402652  543420    1.7466       10706.1
    60   1539801  58095     1.9053       10367.0
    54   1241689  76537     1.8436       8937.3
    10   349444   84126     1.8231       8097.1
    44   798168   118584    1.7872       7158.9
    40   574911   82726     1.8052       6483.3
    top-10: 20.8% of mass, 88.2% of excess-loss
Epoch 90: loss=1.699628  (5.85 sec, 65 subtrees, 225 chunks, 9313896 nodes)
  residual top-10 (subtree_mass × max(avg_loss − 1.700, 0)):
    rc   rootID   mass      avg_loss     score 
    59   1500853  192300    2.2303       102041.5
    58   1402652  543420    1.7330       18142.4
    6    309644   167551    1.7999       16793.6
    60   1539801  58095     1.9262       13163.0
    5    300532   44208     1.9032       8999.6
    54   1241689  76537     1.8114       8558.5
    61   1551260  134045    1.7487       6584.0
    44   798168   118584    1.7341       4083.7
    40   574911   82726     1.7442       3688.2
    39   493671   419607    1.7060       2682.1
    top-10: 21.4% of mass, 97.9% of excess-loss
Epoch 91: loss=1.684764  (5.85 sec, 65 subtrees, 225 chunks, 9313896 nodes)
  residual top-10 (subtree_mass × max(avg_loss − 1.685, 0)):
    rc   rootID   mass      avg_loss     score 
    59   1500853  192300    2.1178       83276.7
    58   1402652  543420    1.7263       22592.6
    6    309644   167551    1.7809       16099.7
    60   1539801  58095     1.9188       13595.8
    5    300532   44208     1.8943       9261.7
    61   1551260  134045    1.7507       8839.7
    54   1241689  76537     1.7832       7532.6
    44   798168   118584    1.7373       6225.7
    40   574911   82726     1.7355       4194.9
    2    297527   13758     1.8059       1666.1
    top-10: 16.6% of mass, 98.7% of excess-loss
Epoch 92: loss=1.686775  (5.84 sec, 65 subtrees, 225 chunks, 9313896 nodes)
  residual top-10 (subtree_mass × max(avg_loss − 1.687, 0)):
    rc   rootID   mass      avg_loss     score 
    59   1500853  192300    2.2290       104276.1
    58   1402652  543420    1.7664       43260.5
    60   1539801  58095     1.9655       16191.7
    61   1551260  134045    1.8014       15364.5
    6    309644   167551    1.7715       14190.7
    54   1241689  76537     1.8656       13690.5
    5    300532   44208     1.8829       8668.4
    44   798168   118584    1.7265       4706.3
    40   574911   82726     1.7263       3273.4
    63   1577668  160299    1.6987       1911.5
    top-10: 18.4% of mass, 99.1% of excess-loss
Epoch 93: loss=1.677132  (5.85 sec, 65 subtrees, 225 chunks, 9313896 nodes)
  residual top-10 (subtree_mass × max(avg_loss − 1.677, 0)):
    rc   rootID   mass      avg_loss     score 
    59   1500853  192300    2.1684       94478.1
    58   1402652  543420    1.7132       19585.8
    6    309644   167551    1.7691       15405.1
    60   1539801  58095     1.9192       14063.8
    54   1241689  76537     1.8479       13068.3
    61   1551260  134045    1.7387       8259.1
    5    300532   44208     1.8568       7943.9
    40   574911   82726     1.7230       3798.0
    44   798168   118584    1.7078       3632.2
    2    297527   13758     1.7769       1372.7
    top-10: 16.6% of mass, 99.7% of excess-loss
Epoch 94: loss=1.664015  (5.86 sec, 65 subtrees, 225 chunks, 9313896 nodes)
  residual top-10 (subtree_mass × max(avg_loss − 1.664, 0)):
    rc   rootID   mass      avg_loss     score 
    59   1500853  192300    1.9719       59209.9
    6    309644   167551    1.7988       22590.1
    5    300532   44208     1.9512       12696.6
    54   1241689  76537     1.7946       9993.1
    60   1539801  58095     1.7809       6788.7
    58   1402652  543420    1.6758       6420.6
    40   574911   82726     1.7234       4915.3
    44   798168   118584    1.7044       4789.8
    39   493671   419607    1.6746       4455.4
    61   1551260  134045    1.6843       2725.8
    top-10: 21.4% of mass, 96.7% of excess-loss
Epoch 95: loss=1.675050  (5.85 sec, 65 subtrees, 225 chunks, 9313896 nodes)
  residual top-10 (subtree_mass × max(avg_loss − 1.675, 0)):
    rc   rootID   mass      avg_loss     score 
    59   1500853  192300    2.2563       111770.0
    58   1402652  543420    1.7366       33439.6
    60   1539801  58095     1.9914       18379.1
    54   1241689  76537     1.8523       13564.9
    6    309644   167551    1.7556       13496.9
    61   1551260  134045    1.7723       13037.7
    5    300532   44208     1.8508       7769.7
    44   798168   118584    1.7208       5419.7
    40   574911   82726     1.7169       3463.8
    2    297527   13758     1.8009       1732.0
    top-10: 16.6% of mass, 99.1% of excess-loss
Epoch 96: loss=1.713799  (5.85 sec, 65 subtrees, 225 chunks, 9313896 nodes)
  residual top-10 (subtree_mass × max(avg_loss − 1.714, 0)):
    rc   rootID   mass      avg_loss     score 
    59   1500853  192300    2.2846       109757.7
    6    309644   167551    1.9569       40724.2
    60   1539801  58095     2.0536       19740.8
    5    300532   44208     2.1582       19644.7
    10   349444   84126     1.9322       18370.9
    61   1551260  134045    1.8050       12229.0
    44   798168   118584    1.7651       6081.2
    39   493671   419607    1.7279       5899.4
    54   1241689  76537     1.7895       5792.9
    13   372685   55068     1.8176       5714.5
    top-10: 15.7% of mass, 92.4% of excess-loss
Epoch 97: loss=1.678137  (5.85 sec, 65 subtrees, 225 chunks, 9313896 nodes)
  residual top-10 (subtree_mass × max(avg_loss − 1.678, 0)):
    rc   rootID   mass      avg_loss     score 
    59   1500853  192300    1.8798       38781.4
    6    309644   167551    1.8337       26056.4
    5    300532   44208     1.9511       12067.2
    1    50944    1479765   1.6855       10869.9
    39   493671   419607    1.7039       10804.3
    10   349444   84126     1.7939       9740.1
    60   1539801  58095     1.7703       5352.0
    40   574911   82726     1.7425       5325.6
    54   1241689  76537     1.7421       4897.7
    44   798168   118584    1.7160       4485.7
    top-10: 31.7% of mass, 89.0% of excess-loss
Epoch 98: loss=1.676028  (5.87 sec, 65 subtrees, 225 chunks, 9313896 nodes)
  residual top-10 (subtree_mass × max(avg_loss − 1.676, 0)):
    rc   rootID   mass      avg_loss     score 
    59   1500853  192300    2.0750       76720.5
    6    309644   167551    1.7749       16570.8
    58   1402652  543420    1.7003       13193.1
    60   1539801  58095     1.8895       12404.0
    61   1551260  134045    1.7556       10666.4
    54   1241689  76537     1.8056       9916.8
    5    300532   44208     1.8844       9210.0
    39   493671   419607    1.6951       7989.5
    40   574911   82726     1.7705       7815.9
    44   798168   118584    1.7184       5019.4
    top-10: 21.4% of mass, 94.0% of excess-loss
Epoch 99: loss=1.690757  (5.84 sec, 65 subtrees, 225 chunks, 9313896 nodes)
  residual top-10 (subtree_mass × max(avg_loss − 1.691, 0)):
    rc   rootID   mass      avg_loss     score 
    59   1500853  192300    2.5037       156334.4
    58   1402652  543420    1.7789       47873.5
    60   1539801  58095     2.1350       25807.3
    61   1551260  134045    1.8418       20245.3
    6    309644   167551    1.7748       14078.2
    5    300532   44208     1.8906       8833.6
    54   1241689  76537     1.8035       8630.7
    63   1577668  160299    1.7222       5045.1
    40   574911   82726     1.7172       2187.8
    44   798168   118584    1.7059       1799.1
    top-10: 18.4% of mass, 99.3% of excess-loss
Epoch 100: loss=1.682045  (5.83 sec, 65 subtrees, 225 chunks, 9313896 nodes)
  residual top-10 (subtree_mass × max(avg_loss − 1.682, 0)):
    rc   rootID   mass      avg_loss     score 
    59   1500853  192300    2.1542       90800.1
    58   1402652  543420    1.7190       20080.9
    6    309644   167551    1.7915       18340.5
    60   1539801  58095     1.9947       18160.9
    61   1551260  134045    1.7980       15539.4
    5    300532   44208     1.9386       11341.7
    54   1241689  76537     1.8037       9309.1
    1    50944    1479765   1.6866       6727.0
    40   574911   82726     1.7203       3161.3
    63   1577668  160299    1.7013       3087.1
    top-10: 34.2% of mass, 96.7% of excess-loss
Epoch 101: loss=1.658004  (5.85 sec, 65 subtrees, 225 chunks, 9313896 nodes)
  residual top-10 (subtree_mass × max(avg_loss − 1.658, 0)):
    rc   rootID   mass      avg_loss     score 
    59   1500853  192300    1.9474       55648.0
    6    309644   167551    1.7596       17015.1
    1    50944    1479765   1.6669       13192.5
    5    300532   44208     1.8611       8976.3
    39   493671   419607    1.6777       8285.5
    60   1539801  58095     1.7898       7657.8
    54   1241689  76537     1.7487       6938.5
    40   574911   82726     1.7306       6009.7
    61   1551260  134045    1.6978       5331.6
    44   798168   118584    1.6902       3821.4
    top-10: 32.3% of mass, 93.8% of excess-loss
Epoch 102: loss=1.663619  (5.87 sec, 65 subtrees, 225 chunks, 9313896 nodes)
  residual top-10 (subtree_mass × max(avg_loss − 1.664, 0)):
    rc   rootID   mass      avg_loss     score 
    59   1500853  192300    2.0603       76278.1
    60   1539801  58095     1.9363       15843.3
    54   1241689  76537     1.8673       15586.1
    6    309644   167551    1.7514       14702.7
    61   1551260  134045    1.7601       12933.7
    58   1402652  543420    1.6844       11301.8
    5    300532   44208     1.8513       8295.7
    44   798168   118584    1.7304       7919.9
    40   574911   82726     1.7106       3890.2
    2    297527   13758     1.7859       1682.9
    top-10: 16.6% of mass, 98.7% of excess-loss
Epoch 103: loss=1.667290  (5.83 sec, 65 subtrees, 225 chunks, 9313896 nodes)
  residual top-10 (subtree_mass × max(avg_loss − 1.667, 0)):
    rc   rootID   mass      avg_loss     score 
    59   1500853  192300    2.2249       107238.1
    58   1402652  543420    1.7360       37355.7
    6    309644   167551    1.7563       14909.9
    54   1241689  76537     1.8615       14865.5
    60   1539801  58095     1.8987       13446.5
    61   1551260  134045    1.7409       9870.3
    5    300532   44208     1.8524       8181.7
    40   574911   82726     1.7168       4091.9
    44   798168   118584    1.6985       3702.5
    2    297527   13758     1.7481       1111.2
    top-10: 16.6% of mass, 99.7% of excess-loss
Epoch 104: loss=1.666036  (5.85 sec, 65 subtrees, 225 chunks, 9313896 nodes)
  residual top-10 (subtree_mass × max(avg_loss − 1.666, 0)):
    rc   rootID   mass      avg_loss     score 
    59   1500853  192300    2.3219       126128.4
    58   1402652  543420    1.7317       35693.4
    60   1539801  58095     2.0061       19758.5
    61   1551260  134045    1.7847       15912.5
    6    309644   167551    1.7439       13048.4
    54   1241689  76537     1.8200       11786.9
    5    300532   44208     1.8330       7379.6
    40   574911   82726     1.7073       3413.4
    63   1577668  160299    1.6861       3221.1
    44   798168   118584    1.6903       2880.1
    top-10: 18.4% of mass, 99.3% of excess-loss
Epoch 105: loss=1.660800  (5.82 sec, 65 subtrees, 225 chunks, 9313896 nodes)
  residual top-10 (subtree_mass × max(avg_loss − 1.661, 0)):
    rc   rootID   mass      avg_loss     score 
    59   1500853  192300    2.2343       110275.9
    61   1551260  134045    1.8122       20299.7
    60   1539801  58095     2.0033       19898.8
    6    309644   167551    1.7492       14817.4
    63   1577668  160299    1.7210       9647.5
    54   1241689  76537     1.7657       8027.8
    58   1402652  543420    1.6754       7938.4
    5    300532   44208     1.8321       7571.6
    44   798168   118584    1.6989       4520.9
    40   574911   82726     1.7139       4396.2
    top-10: 18.4% of mass, 99.2% of excess-loss
Epoch 106: loss=1.682380  (5.90 sec, 65 subtrees, 225 chunks, 9313896 nodes)
  residual top-10 (subtree_mass × max(avg_loss − 1.682, 0)):
    rc   rootID   mass      avg_loss     score 
    59   1500853  192300    2.0102       63035.6
    6    309644   167551    1.8251       23917.1
    1    50944    1479765   1.6948       18379.7
    5    300532   44208     2.0147       14689.7
    39   493671   419607    1.7047       9367.5
    60   1539801  58095     1.8189       7931.9
    44   798168   118584    1.7292       5555.7
    54   1241689  76537     1.7480       5018.7
    40   574911   82726     1.7407       4823.6
    61   1551260  134045    1.7171       4657.2
    top-10: 32.3% of mass, 93.8% of excess-loss
Epoch 107: loss=1.680025  (5.92 sec, 65 subtrees, 225 chunks, 9313896 nodes)
  residual top-10 (subtree_mass × max(avg_loss − 1.680, 0)):
    rc   rootID   mass      avg_loss     score 
    59   1500853  192300    2.1673       93703.8
    58   1402652  543420    1.7823       55586.3
    54   1241689  76537     1.9527       20871.4
    6    309644   167551    1.7700       15067.2
    60   1539801  58095     1.8997       12760.6
    61   1551260  134045    1.7693       11965.9
    5    300532   44208     1.8912       9334.4
    57   1329804  377747    1.6921       4544.6
    44   798168   118584    1.7106       3627.6
    63   1577668  160299    1.6973       2772.8
    top-10: 21.8% of mass, 98.1% of excess-loss
Epoch 108: loss=1.667474  (5.85 sec, 65 subtrees, 225 chunks, 9313896 nodes)
  residual top-10 (subtree_mass × max(avg_loss − 1.667, 0)):
    rc   rootID   mass      avg_loss     score 
    59   1500853  192300    1.9150       47599.9
    6    309644   167551    1.8310       27398.0
    5    300532   44208     2.0365       16315.2
    39   493671   419607    1.6909       9818.1
    1    50944    1479765   1.6735       8895.5
    60   1539801  58095     1.7921       7239.0
    54   1241689  76537     1.7494       6270.4
    44   798168   118584    1.7111       5172.7
    40   574911   82726     1.7247       4736.4
    61   1551260  134045    1.6902       3046.7
    top-10: 32.3% of mass, 94.1% of excess-loss
Epoch 109: loss=1.651975  (5.86 sec, 65 subtrees, 225 chunks, 9313896 nodes)
  residual top-10 (subtree_mass × max(avg_loss − 1.652, 0)):
    rc   rootID   mass      avg_loss     score 
    59   1500853  192300    1.9017       48025.4
    6    309644   167551    1.8006       24902.3
    5    300532   44208     1.9707       14088.9
    58   1402652  543420    1.6722       10977.7
    54   1241689  76537     1.7747       9391.7
    44   798168   118584    1.7078       6618.7
    60   1539801  58095     1.7634       6471.5
    39   493671   419607    1.6659       5859.7
    40   574911   82726     1.7090       4717.1
    61   1551260  134045    1.6743       2994.0
    top-10: 21.4% of mass, 95.8% of excess-loss
Epoch 110: loss=1.677917  (5.83 sec, 65 subtrees, 225 chunks, 9313896 nodes)
  residual top-10 (subtree_mass × max(avg_loss − 1.678, 0)):
    rc   rootID   mass      avg_loss     score 
    59   1500853  192300    2.4922       156585.3
    58   1402652  543420    1.7556       42198.2
    60   1539801  58095     2.2301       32078.5
    61   1551260  134045    1.8333       20827.2
    54   1241689  76537     1.9454       20472.8
    6    309644   167551    1.7730       15933.8
    5    300532   44208     1.9212       10757.2
    63   1577668  160299    1.7162       6141.8
    44   798168   118584    1.6975       2318.5
    40   574911   82726     1.7019       1982.4
    top-10: 18.4% of mass, 99.2% of excess-loss
Epoch 111: loss=1.648019  (5.86 sec, 65 subtrees, 225 chunks, 9313896 nodes)
  residual top-10 (subtree_mass × max(avg_loss − 1.648, 0)):
    rc   rootID   mass      avg_loss     score 
    1    50944    1479765   1.6730       36899.7
    59   1500853  192300    1.7966       28574.3
    6    309644   167551    1.7748       21248.2
    5    300532   44208     1.8872       10575.1
    39   493671   419607    1.6729       10453.2
    0    1        297533    1.6742       7803.3
    40   574911   82726     1.7136       5427.5
    60   1539801  58095     1.7293       4722.0
    44   798168   118584    1.6864       4556.3
    54   1241689  76537     1.6924       3399.5
    top-10: 34.2% of mass, 94.5% of excess-loss
Epoch 112: loss=1.648626  (5.86 sec, 65 subtrees, 225 chunks, 9313896 nodes)
  residual top-10 (subtree_mass × max(avg_loss − 1.649, 0)):
    rc   rootID   mass      avg_loss     score 
    59   1500853  192300    2.1283       92247.5
    58   1402652  543420    1.6923       23730.7
    6    309644   167551    1.7525       17408.5
    54   1241689  76537     1.8621       16337.8
    60   1539801  58095     1.8379       10996.1
    5    300532   44208     1.8708       9821.2
    61   1551260  134045    1.7145       8826.9
    40   574911   82726     1.6980       4085.9
    44   798168   118584    1.6708       2630.8
    2    297527   13758     1.7533       1440.1
    top-10: 16.6% of mass, 99.1% of excess-loss
Epoch 113: loss=1.646072  (5.84 sec, 65 subtrees, 225 chunks, 9313896 nodes)
  residual top-10 (subtree_mass × max(avg_loss − 1.646, 0)):
    rc   rootID   mass      avg_loss     score 
    59   1500853  192300    2.0535       78345.0
    6    309644   167551    1.7564       18482.5
    60   1539801  58095     1.9289       16431.6
    61   1551260  134045    1.7620       15546.2
    58   1402652  543420    1.6718       13958.0
    54   1241689  76537     1.8068       12303.5
    5    300532   44208     1.8948       10994.8
    63   1577668  160299    1.6723       4198.0
    40   574911   82726     1.6949       4040.3
    44   798168   118584    1.6724       3123.2
    top-10: 18.4% of mass, 98.5% of excess-loss
Epoch 114: loss=1.663845  (5.86 sec, 65 subtrees, 225 chunks, 9313896 nodes)
  residual top-10 (subtree_mass × max(avg_loss − 1.664, 0)):
    rc   rootID   mass      avg_loss     score 
    59   1500853  192300    2.3255       127228.4
    58   1402652  543420    1.7243       32863.5
    60   1539801  58095     2.0445       22114.6
    61   1551260  134045    1.7987       18079.4
    54   1241689  76537     1.8694       15734.6
    6    309644   167551    1.7561       15452.2
    5    300532   44208     1.9110       10927.1
    44   798168   118584    1.6929       3441.9
    63   1577668  160299    1.6827       3020.7
    40   574911   82726     1.6952       2597.5
    top-10: 18.4% of mass, 99.2% of excess-loss
Epoch 115: loss=1.682351  (5.85 sec, 65 subtrees, 225 chunks, 9313896 nodes)
  residual top-10 (subtree_mass × max(avg_loss − 1.682, 0)):
    rc   rootID   mass      avg_loss     score 
    59   1500853  192300    1.9589       53171.2
    6    309644   167551    1.9670       47685.4
    5    300532   44208     2.1839       22172.1
    39   493671   419607    1.7260       18305.2
    10   349444   84126     1.8275       12208.5
    40   574911   82726     1.7662       6937.7
    13   372685   55068     1.7822       5497.6
    8    341198   57485     1.7700       5039.5
    44   798168   118584    1.7243       4972.4
    60   1539801  58095     1.7598       4501.5
    top-10: 14.9% of mass, 90.0% of excess-loss
Epoch 116: loss=1.664916  (6.23 sec, 65 subtrees, 225 chunks, 9313896 nodes)
  residual top-10 (subtree_mass × max(avg_loss − 1.665, 0)):
    rc   rootID   mass      avg_loss     score 
    59   1500853  192300    1.8837       42073.7
    6    309644   167551    1.8560       32011.9
    54   1241689  76537     1.8609       14997.1
    5    300532   44208     2.0007       14846.3
    44   798168   118584    1.7521       10343.1
    58   1402652  543420    1.6832       9932.3
    39   493671   419607    1.6802       6420.9
    40   574911   82726     1.7358       5862.6
    60   1539801  58095     1.7648       5804.6
    61   1551260  134045    1.6841       2573.7
    top-10: 21.4% of mass, 93.3% of excess-loss
Epoch 117: loss=1.649455  (5.89 sec, 65 subtrees, 225 chunks, 9313896 nodes)
  residual top-10 (subtree_mass × max(avg_loss − 1.649, 0)):
    rc   rootID   mass      avg_loss     score 
    59   1500853  192300    1.9060       49341.4
    6    309644   167551    1.7987       25002.7
    5    300532   44208     1.9564       13569.4
    39   493671   419607    1.6708       8973.2
    60   1539801  58095     1.7954       8480.2
    54   1241689  76537     1.7281       6019.7
    1    50944    1479765   1.6534       5868.6
    40   574911   82726     1.7068       4740.4
    61   1551260  134045    1.6834       4553.1
    44   798168   118584    1.6866       4404.2
    top-10: 32.3% of mass, 95.6% of excess-loss
Epoch 118: loss=1.660541  (5.80 sec, 65 subtrees, 225 chunks, 9313896 nodes)
  residual top-10 (subtree_mass × max(avg_loss − 1.661, 0)):
    rc   rootID   mass      avg_loss     score 
    59   1500853  192300    2.2290       109312.4
    58   1402652  543420    1.7165       30434.1
    61   1551260  134045    1.8298       22683.4
    60   1539801  58095     2.0430       22218.8
    6    309644   167551    1.7528       15462.0
    63   1577668  160299    1.7206       9627.7
    54   1241689  76537     1.7851       9532.2
    5    300532   44208     1.8658       9075.9
    44   798168   118584    1.6970       4325.0
    40   574911   82726     1.6982       3113.3
    top-10: 18.4% of mass, 98.9% of excess-loss
Epoch 119: loss=1.780319  (5.80 sec, 65 subtrees, 225 chunks, 9313896 nodes)
  residual top-10 (subtree_mass × max(avg_loss − 1.780, 0)):
    rc   rootID   mass      avg_loss     score 
    59   1500853  192300    2.1384       68861.5
    10   349444   84126     2.3923       51484.2
    44   798168   118584    2.0792       35445.2
    39   493671   419607    1.8583       32732.8
    46   840714   415269    1.8366       23353.7
    13   372685   55068     2.1736       21654.6
    12   369639   16107     2.5358       12168.4
    54   1241689  76537     1.9236       10966.6
    30   457660   31233     2.0783       9305.8
    11   364300   27722     2.1012       8896.7
    top-10: 16.7% of mass, 78.4% of excess-loss
Epoch 120: loss=1.687806  (5.80 sec, 65 subtrees, 225 chunks, 9313896 nodes)
  residual top-10 (subtree_mass × max(avg_loss − 1.688, 0)):
    rc   rootID   mass      avg_loss     score 
    1    50944    1479765   1.7077       29440.8
    59   1500853  192300    1.8079       23095.0
    6    309644   167551    1.8165       21557.0
    39   493671   419607    1.7159       11802.8
    5    300532   44208     1.9539       11763.5
    40   574911   82726     1.7487       5039.4
    54   1241689  76537     1.7325       3423.0
    60   1539801  58095     1.7461       3386.5
    44   798168   118584    1.7140       3111.0
    0    1        297533    1.6964       2568.6
    top-10: 34.2% of mass, 90.2% of excess-loss
Epoch 121: loss=1.733481  (5.83 sec, 65 subtrees, 225 chunks, 9313896 nodes)
  residual top-10 (subtree_mass × max(avg_loss − 1.733, 0)):
    rc   rootID   mass      avg_loss     score 
    6    309644   167551    2.0660       55716.7
    39   493671   419607    1.8088       31594.9
    5    300532   44208     2.3756       28387.4
    59   1500853  192300    1.8526       22914.1
    8    341198   57485     2.0078       15766.8
    10   349444   84126     1.8874       12951.8
    44   798168   118584    1.8183       10055.6
    54   1241689  76537     1.8431       8392.3
    13   372685   55068     1.8848       8332.2
    40   574911   82726     1.8213       7261.5
    top-10: 15.1% of mass, 80.9% of excess-loss
Epoch 122: loss=1.678898  (5.85 sec, 65 subtrees, 225 chunks, 9313896 nodes)
  residual top-10 (subtree_mass × max(avg_loss − 1.679, 0)):
    rc   rootID   mass      avg_loss     score 
    59   1500853  192300    1.8858       39795.8
    6    309644   167551    1.7853       17826.8
    39   493671   419607    1.7112       13560.8
    5    300532   44208     1.8897       9321.2
    60   1539801  58095     1.8157       7947.4
    54   1241689  76537     1.7663       6687.6
    40   574911   82726     1.7430       5299.5
    44   798168   118584    1.7122       3949.0
    61   1551260  134045    1.7073       3809.0
    41   591555   114034    1.6936       1676.0
    top-10: 16.4% of mass, 93.9% of excess-loss
Epoch 123: loss=1.657601  (5.79 sec, 65 subtrees, 225 chunks, 9313896 nodes)
  residual top-10 (subtree_mass × max(avg_loss − 1.658, 0)):
    rc   rootID   mass      avg_loss     score 
    59   1500853  192300    1.8580       38529.0
    6    309644   167551    1.7579       16800.9
    54   1241689  76537     1.8022       11070.5
    5    300532   44208     1.8635       9100.8
    60   1539801  58095     1.7769       6931.6
    39   493671   419607    1.6739       6858.2
    40   574911   82726     1.7194       5109.1
    44   798168   118584    1.6904       3889.7
    1    50944    1479765   1.6594       2675.5
    61   1551260  134045    1.6751       2350.5
    top-10: 32.3% of mass, 93.7% of excess-loss
Epoch 124: loss=1.656731  (5.78 sec, 65 subtrees, 225 chunks, 9313896 nodes)
  residual top-10 (subtree_mass × max(avg_loss − 1.657, 0)):
    rc   rootID   mass      avg_loss     score 
    59   1500853  192300    2.0339       72520.7
    58   1402652  543420    1.6917       19003.7
    6    309644   167551    1.7455       14870.7
    54   1241689  76537     1.8131       11968.6
    60   1539801  58095     1.8319       10173.6
    61   1551260  134045    1.7230       8876.5
    5    300532   44208     1.8470       8411.2
    40   574911   82726     1.7096       4376.7
    39   493671   419607    1.6646       3321.3
    44   798168   118584    1.6836       3180.8
    top-10: 21.4% of mass, 97.1% of excess-loss
Epoch 125: loss=1.668136  (5.78 sec, 65 subtrees, 225 chunks, 9313896 nodes)
  residual top-10 (subtree_mass × max(avg_loss − 1.668, 0)):
    rc   rootID   mass      avg_loss     score 
    59   1500853  192300    2.4316       146813.5
    60   1539801  58095     2.0951       24805.3
    58   1402652  543420    1.7131       24432.7
    61   1551260  134045    1.7897       16298.4
    6    309644   167551    1.7347       11145.1
    54   1241689  76537     1.7977       9915.0
    5    300532   44208     1.8260       6978.8
    63   1577668  160299    1.6921       3845.0
    40   574911   82726     1.6966       2357.8
    44   798168   118584    1.6823       1681.6
    top-10: 18.4% of mass, 99.2% of excess-loss
Epoch 126: loss=1.662504  (5.77 sec, 65 subtrees, 225 chunks, 9313896 nodes)
  residual top-10 (subtree_mass × max(avg_loss − 1.663, 0)):
    rc   rootID   mass      avg_loss     score 
    59   1500853  192300    2.0857       81388.9
    6    309644   167551    1.7696       17936.0
    60   1539801  58095     1.9365       15920.0
    61   1551260  134045    1.7514       11921.1
    54   1241689  76537     1.7911       9839.2
    5    300532   44208     1.8511       8339.2
    58   1402652  543420    1.6777       8241.3
    40   574911   82726     1.7214       4871.7
    44   798168   118584    1.6986       4279.3
    2    297527   13758     1.7551       1273.9
    top-10: 16.6% of mass, 98.9% of excess-loss
Epoch 127: loss=1.636635  (5.78 sec, 65 subtrees, 225 chunks, 9313896 nodes)
  residual top-10 (subtree_mass × max(avg_loss − 1.637, 0)):
    rc   rootID   mass      avg_loss     score 
    59   1500853  192300    1.7419       20251.7
    6    309644   167551    1.7328       16117.1
    39   493671   419607    1.6684       13327.7
    5    300532   44208     1.8191       8068.3
    54   1241689  76537     1.7088       5525.7
    1    50944    1479765   1.6403       5414.4
    40   574911   82726     1.7017       5381.9
    44   798168   118584    1.6813       5297.7
    60   1539801  58095     1.7191       4788.7
    41   591555   114034    1.6571       2336.3
    top-10: 32.0% of mass, 90.0% of excess-loss
Epoch 128: loss=1.667137  (5.78 sec, 65 subtrees, 225 chunks, 9313896 nodes)
  residual top-10 (subtree_mass × max(avg_loss − 1.667, 0)):
    rc   rootID   mass      avg_loss     score 
    59   1500853  192300    2.3997       140862.6
    58   1402652  543420    1.7637       52495.9
    60   1539801  58095     2.2089       31474.7
    54   1241689  76537     1.9418       21024.3
    61   1551260  134045    1.7484       10897.9
    6    309644   167551    1.7265       9947.4
    5    300532   44208     1.8090       6270.1
    44   798168   118584    1.6829       1872.6
    40   574911   82726     1.6881       1736.1
    2    297527   13758     1.7394       994.4 
    top-10: 16.6% of mass, 99.5% of excess-loss
Epoch 129: loss=1.648649  (5.78 sec, 65 subtrees, 225 chunks, 9313896 nodes)
  residual top-10 (subtree_mass × max(avg_loss − 1.649, 0)):
    rc   rootID   mass      avg_loss     score 
    59   1500853  192300    2.0084       69187.6
    6    309644   167551    1.7721       20677.2
    60   1539801  58095     1.9191       15709.0
    61   1551260  134045    1.7201       9571.0
    5    300532   44208     1.8363       8296.9
    54   1241689  76537     1.7494       7710.9
    39   493671   419607    1.6621       5626.8
    40   574911   82726     1.6961       3923.9
    58   1402652  543420    1.6545       3199.7
    44   798168   118584    1.6720       2772.1
    top-10: 21.4% of mass, 96.8% of excess-loss
Epoch 130: loss=1.645927  (5.77 sec, 65 subtrees, 225 chunks, 9313896 nodes)
  residual top-10 (subtree_mass × max(avg_loss − 1.646, 0)):
    rc   rootID   mass      avg_loss     score 
    59   1500853  192300    2.2375       113764.5
    58   1402652  543420    1.6828       20059.0
    60   1539801  58095     1.9285       16418.9
    61   1551260  134045    1.7481       13701.4
    6    309644   167551    1.7257       13366.4
    54   1241689  76537     1.7674       9295.8
    5    300532   44208     1.8073       7131.9
    63   1577668  160299    1.6634       2805.0
    40   574911   82726     1.6768       2553.8
    44   798168   118584    1.6600       1663.8
    top-10: 18.4% of mass, 99.3% of excess-loss
Epoch 131: loss=1.636483  (5.78 sec, 65 subtrees, 225 chunks, 9313896 nodes)
  residual top-10 (subtree_mass × max(avg_loss − 1.636, 0)):
    rc   rootID   mass      avg_loss     score 
    59   1500853  192300    1.8618       43319.8
    6    309644   167551    1.7223       14371.8
    60   1539801  58095     1.8315       11331.5
    44   798168   118584    1.7156       9387.6
    1    50944    1479765   1.6414       7338.2
    61   1551260  134045    1.6895       7111.8
    5    300532   44208     1.7944       6982.0
    40   574911   82726     1.7202       6927.8
    58   1402652  543420    1.6444       4310.2
    41   591555   114034    1.6648       3226.5
    top-10: 34.1% of mass, 93.9% of excess-loss
Epoch 132: loss=1.629883  (5.78 sec, 65 subtrees, 225 chunks, 9313896 nodes)
  residual top-10 (subtree_mass × max(avg_loss − 1.630, 0)):
    rc   rootID   mass      avg_loss     score 
    59   1500853  192300    2.0383       78534.5
    6    309644   167551    1.7162       14456.4
    60   1539801  58095     1.8698       13940.4
    61   1551260  134045    1.7107       10833.3
    58   1402652  543420    1.6488       10303.7
    5    300532   44208     1.7972       7396.1
    54   1241689  76537     1.7026       5569.1
    44   798168   118584    1.6637       4008.1
    40   574911   82726     1.6745       3690.8
    39   493671   419607    1.6341       1768.7
    top-10: 21.4% of mass, 97.5% of excess-loss
Epoch 133: loss=1.617226  (5.78 sec, 65 subtrees, 225 chunks, 9313896 nodes)
  residual top-10 (subtree_mass × max(avg_loss − 1.617, 0)):
    rc   rootID   mass      avg_loss     score 
    59   1500853  192300    1.7911       33445.2
    6    309644   167551    1.7111       15728.7
    1    50944    1479765   1.6267       14004.0
    39   493671   419607    1.6374       8466.2
    5    300532   44208     1.7834       7347.8
    54   1241689  76537     1.7126       7296.1
    44   798168   118584    1.6711       6390.0
    60   1539801  58095     1.7086       5309.2
    40   574911   82726     1.6788       5091.4
    61   1551260  134045    1.6403       3099.0
    top-10: 32.3% of mass, 93.5% of excess-loss
Epoch 134: loss=1.623442  (5.77 sec, 65 subtrees, 225 chunks, 9313896 nodes)
  residual top-10 (subtree_mass × max(avg_loss − 1.623, 0)):
    rc   rootID   mass      avg_loss     score 
    59   1500853  192300    1.8153       36897.4
    6    309644   167551    1.7221       16529.0
    54   1241689  76537     1.7558       10130.6
    5    300532   44208     1.8373       9456.3
    44   798168   118584    1.6873       7574.8
    58   1402652  543420    1.6348       6198.7
    60   1539801  58095     1.7254       5925.8
    40   574911   82726     1.6754       4294.2
    46   840714   415269    1.6328       3878.7
    61   1551260  134045    1.6468       3133.3
    top-10: 21.3% of mass, 93.5% of excess-loss
Epoch 135: loss=1.634495  (5.77 sec, 65 subtrees, 225 chunks, 9313896 nodes)
  residual top-10 (subtree_mass × max(avg_loss − 1.634, 0)):
    rc   rootID   mass      avg_loss     score 
    59   1500853  192300    2.1967       108107.8
    58   1402652  543420    1.6768       22974.0
    6    309644   167551    1.7226       14754.1
    60   1539801  58095     1.8573       12944.8
    61   1551260  134045    1.7187       11293.1
    5    300532   44208     1.8425       9193.4
    54   1241689  76537     1.7466       8581.7
    44   798168   118584    1.6772       5064.1
    40   574911   82726     1.6777       3577.8
    2    297527   13758     1.7298       1311.6
    top-10: 16.6% of mass, 99.5% of excess-loss
Epoch 136: loss=1.625607  (5.77 sec, 65 subtrees, 225 chunks, 9313896 nodes)
  residual top-10 (subtree_mass × max(avg_loss − 1.626, 0)):
    rc   rootID   mass      avg_loss     score 
    59   1500853  192300    1.9981       71630.3
    60   1539801  58095     1.9087       16448.6
    6    309644   167551    1.7182       15513.8
    61   1551260  134045    1.7399       15319.1
    5    300532   44208     1.8091       8111.6
    44   798168   118584    1.6827       6773.9
    54   1241689  76537     1.6965       5422.3
    40   574911   82726     1.6758       4152.7
    58   1402652  543420    1.6297       2204.6
    39   493671   419607    1.6305       2035.3
    top-10: 21.4% of mass, 97.6% of excess-loss
Epoch 137: loss=1.629418  (5.77 sec, 65 subtrees, 225 chunks, 9313896 nodes)
  residual top-10 (subtree_mass × max(avg_loss − 1.629, 0)):
    rc   rootID   mass      avg_loss     score 
    59   1500853  192300    2.1447       99094.5
    60   1539801  58095     1.9393       18003.4
    6    309644   167551    1.7118       13799.1
    58   1402652  543420    1.6540       13348.5
    54   1241689  76537     1.7587       9897.0
    61   1551260  134045    1.7018       9706.7
    5    300532   44208     1.7992       7504.2
    44   798168   118584    1.6662       4361.5
    40   574911   82726     1.6700       3357.0
    2    297527   13758     1.7043       1030.4
    top-10: 16.6% of mass, 98.9% of excess-loss
Epoch 138: loss=1.607238  (5.78 sec, 65 subtrees, 225 chunks, 9313896 nodes)
  residual top-10 (subtree_mass × max(avg_loss − 1.607, 0)):
    rc   rootID   mass      avg_loss     score 
    1    50944    1479765   1.6201       18988.7
    6    309644   167551    1.7159       18205.5
    59   1500853  192300    1.7012       18066.7
    5    300532   44208     1.8040       8698.3
    39   493671   419607    1.6255       7662.8
    44   798168   118584    1.6664       7013.0
    54   1241689  76537     1.6947       6695.1
    40   574911   82726     1.6707       5253.9
    60   1539801  58095     1.6766       4027.0
    41   591555   114034    1.6251       2038.5
    top-10: 32.0% of mass, 93.2% of excess-loss
Epoch 139: loss=1.657832  (5.78 sec, 65 subtrees, 225 chunks, 9313896 nodes)
  residual top-10 (subtree_mass × max(avg_loss − 1.658, 0)):
    rc   rootID   mass      avg_loss     score 
    59   1500853  192300    2.1473       94116.4
    58   1402652  543420    1.7716       61833.7
    54   1241689  76537     2.0082       26816.2
    60   1539801  58095     1.8561       11516.6
    47   915694   343840    1.6903       11157.0
    6    309644   167551    1.7228       10884.9
    61   1551260  134045    1.7210       8473.3
    5    300532   44208     1.8364       7893.7
    44   798168   118584    1.7145       6723.0
    49   982783   50950     1.7418       4277.8
    top-10: 20.1% of mass, 96.3% of excess-loss
Epoch 140: loss=1.635854  (5.78 sec, 65 subtrees, 225 chunks, 9313896 nodes)
  residual top-10 (subtree_mass × max(avg_loss − 1.636, 0)):
    rc   rootID   mass      avg_loss     score 
    59   1500853  192300    1.8592       42946.5
    6    309644   167551    1.7534       19693.2
    5    300532   44208     1.8454       9265.7
    44   798168   118584    1.7100       8797.6
    39   493671   419607    1.6550       8045.5
    60   1539801  58095     1.7688       7721.2
    1    50944    1479765   1.6403       6567.1
    61   1551260  134045    1.6781       5665.7
    54   1241689  76537     1.6991       4843.1
    40   574911   82726     1.6870       4227.9
    top-10: 32.3% of mass, 94.6% of excess-loss
Epoch 141: loss=1.625933  (5.77 sec, 65 subtrees, 225 chunks, 9313896 nodes)
  residual top-10 (subtree_mass × max(avg_loss − 1.626, 0)):
    rc   rootID   mass      avg_loss     score 
    59   1500853  192300    1.9341       59253.8
    6    309644   167551    1.7312       17636.5
    60   1539801  58095     1.7950       9820.3
    5    300532   44208     1.8165       8426.8
    61   1551260  134045    1.6816       7459.4
    54   1241689  76537     1.7113       6531.6
    44   798168   118584    1.6788       6267.8
    39   493671   419607    1.6394       5664.8
    40   574911   82726     1.6751       4067.9
    58   1402652  543420    1.6333       4001.1
    top-10: 21.4% of mass, 96.5% of excess-loss
Epoch 142: loss=1.645061  (5.77 sec, 65 subtrees, 225 chunks, 9313896 nodes)
  residual top-10 (subtree_mass × max(avg_loss − 1.645, 0)):
    rc   rootID   mass      avg_loss     score 
    59   1500853  192300    2.0456       77020.0
    6    309644   167551    1.7706       21028.8
    60   1539801  58095     1.8925       14372.4
    61   1551260  134045    1.7462       13553.1
    5    300532   44208     1.9299       12593.7
    54   1241689  76537     1.7936       11370.9
    58   1402652  543420    1.6599       8062.9
    39   493671   419607    1.6583       5550.6
    40   574911   82726     1.6938       4032.9
    44   798168   118584    1.6761       3674.8
    top-10: 21.4% of mass, 96.8% of excess-loss
Epoch 143: loss=1.627435  (5.77 sec, 65 subtrees, 225 chunks, 9313896 nodes)
  residual top-10 (subtree_mass × max(avg_loss − 1.627, 0)):
    rc   rootID   mass      avg_loss     score 
    59   1500853  192300    1.9821       68201.4
    6    309644   167551    1.7353       18069.1
    54   1241689  76537     1.7852       12075.3
    60   1539801  58095     1.8051       10320.6
    5    300532   44208     1.8535       9992.1
    61   1551260  134045    1.6773       6678.0
    39   493671   419607    1.6398       5198.6
    44   798168   118584    1.6614       4030.0
    40   574911   82726     1.6745       3894.9
    58   1402652  543420    1.6329       2970.7
    top-10: 21.4% of mass, 97.6% of excess-loss
Epoch 144: loss=1.610352  (5.77 sec, 65 subtrees, 225 chunks, 9313896 nodes)
  residual top-10 (subtree_mass × max(avg_loss − 1.610, 0)):
    rc   rootID   mass      avg_loss     score 
    59   1500853  192300    1.8391       43988.2
    6    309644   167551    1.6993       14902.8
    60   1539801  58095     1.7737       9489.7
    5    300532   44208     1.7751       7283.5
    39   493671   419607    1.6255       6361.6
    54   1241689  76537     1.6899       6091.0
    44   798168   118584    1.6555       5348.8
    61   1551260  134045    1.6456       4726.6
    40   574911   82726     1.6648       4505.4
    1    50944    1479765   1.6131       4128.3
    top-10: 32.3% of mass, 92.7% of excess-loss
Epoch 145: loss=1.637649  (5.77 sec, 65 subtrees, 225 chunks, 9313896 nodes)
  residual top-10 (subtree_mass × max(avg_loss − 1.638, 0)):
    rc   rootID   mass      avg_loss     score 
    59   1500853  192300    2.2564       118984.5
    58   1402652  543420    1.7277       48957.6
    60   1539801  58095     2.0473       23798.5
    61   1551260  134045    1.8093       23006.8
    54   1241689  76537     1.8107       13247.9
    6    309644   167551    1.6978       10073.0
    63   1577668  160299    1.6863       7793.4
    44   798168   118584    1.6996       7349.1
    5    300532   44208     1.7939       6908.7
    40   574911   82726     1.6738       2993.8
    top-10: 18.4% of mass, 99.5% of excess-loss
Epoch 146: loss=1.623034  (5.77 sec, 65 subtrees, 225 chunks, 9313896 nodes)
  residual top-10 (subtree_mass × max(avg_loss − 1.623, 0)):
    rc   rootID   mass      avg_loss     score 
    59   1500853  192300    1.8563       44855.6
    1    50944    1479765   1.6449       32331.3
    6    309644   167551    1.7433       20143.9
    5    300532   44208     1.8624       10582.9
    54   1241689  76537     1.7247       7777.6
    60   1539801  58095     1.7417       6891.5
    0    1        297533    1.6409       5326.7
    39   493671   419607    1.6351       5072.4
    40   574911   82726     1.6765       4420.2
    44   798168   118584    1.6602       4406.4
    top-10: 34.2% of mass, 94.2% of excess-loss
Epoch 147: loss=1.604668  (5.78 sec, 65 subtrees, 225 chunks, 9313896 nodes)
  residual top-10 (subtree_mass × max(avg_loss − 1.605, 0)):
    rc   rootID   mass      avg_loss     score 
    59   1500853  192300    1.8181       41043.5
    6    309644   167551    1.7189       19147.1
    5    300532   44208     1.8130       9209.3
    54   1241689  76537     1.7188       8736.5
    39   493671   419607    1.6208       6749.3
    60   1539801  58095     1.7077       5988.5
    44   798168   118584    1.6519       5603.8
    40   574911   82726     1.6605       4622.7
    58   1402652  543420    1.6130       4552.0
    61   1551260  134045    1.6318       3630.6
    top-10: 21.4% of mass, 94.2% of excess-loss
Epoch 148: loss=1.643807  (5.77 sec, 65 subtrees, 225 chunks, 9313896 nodes)
  residual top-10 (subtree_mass × max(avg_loss − 1.644, 0)):
    rc   rootID   mass      avg_loss     score 
    59   1500853  192300    2.4882       162382.8
    58   1402652  543420    1.7760       71843.2
    60   1539801  58095     2.1900       31728.3
    61   1551260  134045    1.8457       27064.4
    54   1241689  76537     1.8687       17216.0
    63   1577668  160299    1.7221       12551.8
    6    309644   167551    1.7067       10539.8
    5    300532   44208     1.8116       7420.0
    44   798168   118584    1.6595       1856.7
    40   574911   82726     1.6614       1452.6
    top-10: 18.4% of mass, 99.5% of excess-loss
Epoch 149: loss=1.654725  (5.77 sec, 65 subtrees, 225 chunks, 9313896 nodes)
  residual top-10 (subtree_mass × max(avg_loss − 1.655, 0)):
    rc   rootID   mass      avg_loss     score 
    59   1500853  192300    2.4461       152173.6
    60   1539801  58095     2.2033       31867.8
    1    50944    1479765   1.6737       28110.2
    61   1551260  134045    1.8511       26320.8
    6    309644   167551    1.7544       16704.2
    63   1577668  160299    1.7155       9739.7
    5    300532   44208     1.8543       8821.6
    58   1402652  543420    1.6675       6954.8
    0    1        297533    1.6722       5214.2
    54   1241689  76537     1.6825       2122.7
    top-10: 36.7% of mass, 98.0% of excess-loss
Epoch 150: loss=1.611493  (5.77 sec, 65 subtrees, 225 chunks, 9313896 nodes)
  residual top-10 (subtree_mass × max(avg_loss − 1.611, 0)):
    rc   rootID   mass      avg_loss     score 
    1    50944    1479765   1.6608       72937.4
    6    309644   167551    1.7339       20505.1
    0    1        297533    1.6618       14972.3
    59   1500853  192300    1.6788       12940.2
    39   493671   419607    1.6325       8799.5
    5    300532   44208     1.7948       8105.8
    44   798168   118584    1.6533       4959.3
    40   574911   82726     1.6670       4588.9
    54   1241689  76537     1.6530       3175.1
    60   1539801  58095     1.6501       2241.4
    top-10: 34.2% of mass, 96.2% of excess-loss
Epoch 151: loss=1.592613  (5.77 sec, 65 subtrees, 225 chunks, 9313896 nodes)
  residual top-10 (subtree_mass × max(avg_loss − 1.593, 0)):
    rc   rootID   mass      avg_loss     score 
    59   1500853  192300    1.7173       23983.6
    6    309644   167551    1.6937       16942.8
    39   493671   419607    1.6154       9557.1
    5    300532   44208     1.7693       7810.9
    44   798168   118584    1.6463       6366.0
    1    50944    1479765   1.5968       6184.6
    54   1241689  76537     1.6693       5868.1
    40   574911   82726     1.6512       4846.5
    60   1539801  58095     1.6608       3961.2
    46   840714   415269    1.6011       3509.0
    top-10: 35.5% of mass, 91.5% of excess-loss
Epoch 152: loss=1.609189  (5.77 sec, 65 subtrees, 225 chunks, 9313896 nodes)
  residual top-10 (subtree_mass × max(avg_loss − 1.609, 0)):
    rc   rootID   mass      avg_loss     score 
    59   1500853  192300    2.1383       101749.1
    58   1402652  543420    1.6487       21487.8
    60   1539801  58095     1.8675       15008.0
    6    309644   167551    1.6912       13748.6
    61   1551260  134045    1.6980       11898.1
    54   1241689  76537     1.7085       7604.2
    5    300532   44208     1.7805       7572.6
    44   798168   118584    1.6465       4421.0
    40   574911   82726     1.6530       3621.2
    63   1577668  160299    1.6205       1813.9
    top-10: 18.4% of mass, 98.6% of excess-loss
Epoch 153: loss=1.620366  (5.77 sec, 65 subtrees, 225 chunks, 9313896 nodes)
  residual top-10 (subtree_mass × max(avg_loss − 1.620, 0)):
    rc   rootID   mass      avg_loss     score 
    59   1500853  192300    2.1580       103390.5
    60   1539801  58095     1.9047       16520.0
    61   1551260  134045    1.7397       15996.7
    58   1402652  543420    1.6464       14166.9
    6    309644   167551    1.6933       12221.3
    5    300532   44208     1.7791       7016.7
    54   1241689  76537     1.7083       6727.4
    63   1577668  160299    1.6458       4076.9
    44   798168   118584    1.6471       3174.2
    40   574911   82726     1.6550       2868.3
    top-10: 18.4% of mass, 99.2% of excess-loss
Epoch 154: loss=1.611530  (5.77 sec, 65 subtrees, 225 chunks, 9313896 nodes)
  residual top-10 (subtree_mass × max(avg_loss − 1.612, 0)):
    rc   rootID   mass      avg_loss     score 
    59   1500853  192300    1.8517       46191.6
    6    309644   167551    1.7413       21742.0
    1    50944    1479765   1.6212       14247.7
    5    300532   44208     1.8483       10465.0
    54   1241689  76537     1.7250       8682.1
    60   1539801  58095     1.7584       8531.7
    39   493671   419607    1.6276       6742.0
    61   1551260  134045    1.6519       5405.7
    44   798168   118584    1.6568       5369.8
    40   574911   82726     1.6618       4155.0
    top-10: 32.3% of mass, 95.5% of excess-loss
Epoch 155: loss=1.605804  (5.78 sec, 65 subtrees, 225 chunks, 9313896 nodes)
  residual top-10 (subtree_mass × max(avg_loss − 1.606, 0)):
    rc   rootID   mass      avg_loss     score 
    59   1500853  192300    1.9048       57487.9
    6    309644   167551    1.7016       16054.5
    58   1402652  543420    1.6308       13601.2
    5    300532   44208     1.7898       8135.5
    60   1539801  58095     1.7376       7653.9
    54   1241689  76537     1.6930       6675.1
    61   1551260  134045    1.6457       5351.0
    44   798168   118584    1.6490       5126.9
    40   574911   82726     1.6522       3837.7
    57   1329804  377747    1.6153       3580.7
    top-10: 20.9% of mass, 94.9% of excess-loss
Epoch 156: loss=1.615220  (5.78 sec, 65 subtrees, 225 chunks, 9313896 nodes)
  residual top-10 (subtree_mass × max(avg_loss − 1.615, 0)):
    rc   rootID   mass      avg_loss     score 
    59   1500853  192300    2.1378       100499.3
    6    309644   167551    1.7033       14765.3
    60   1539801  58095     1.8564       14013.4
    58   1402652  543420    1.6390       12944.5
    61   1551260  134045    1.7002       11395.1
    54   1241689  76537     1.7291       8715.3
    5    300532   44208     1.8005       8191.8
    44   798168   118584    1.6687       6343.0
    40   574911   82726     1.6575       3497.5
    63   1577668  160299    1.6214       988.0 
    top-10: 18.4% of mass, 98.6% of excess-loss
Epoch 157: loss=1.604798  (5.77 sec, 65 subtrees, 225 chunks, 9313896 nodes)
  residual top-10 (subtree_mass × max(avg_loss − 1.605, 0)):
    rc   rootID   mass      avg_loss     score 
    59   1500853  192300    1.7650       30800.5
    6    309644   167551    1.7591       25858.9
    5    300532   44208     1.8788       12113.6
    39   493671   419607    1.6303       10681.4
    54   1241689  76537     1.7000       7286.8
    44   798168   118584    1.6596       6495.9
    40   574911   82726     1.6629       4807.5
    60   1539801  58095     1.6828       4529.8
    10   349444   84126     1.6343       2485.6
    2    297527   13758     1.7642       2193.2
    top-10: 14.6% of mass, 90.6% of excess-loss
Epoch 158: loss=1.597705  (5.77 sec, 65 subtrees, 225 chunks, 9313896 nodes)
  residual top-10 (subtree_mass × max(avg_loss − 1.598, 0)):
    rc   rootID   mass      avg_loss     score 
    59   1500853  192300    1.8696       52280.9
    6    309644   167551    1.6945       16226.2
    58   1402652  543420    1.6185       11306.4
    54   1241689  76537     1.7451       11283.9
    5    300532   44208     1.7945       8700.3
    60   1539801  58095     1.7254       7419.9
    44   798168   118584    1.6396       4965.0
    61   1551260  134045    1.6347       4956.0
    39   493671   419607    1.6094       4916.3
    40   574911   82726     1.6513       4434.2
    top-10: 21.4% of mass, 96.7% of excess-loss
Epoch 159: loss=1.635942  (5.77 sec, 65 subtrees, 225 chunks, 9313896 nodes)
  residual top-10 (subtree_mass × max(avg_loss − 1.636, 0)):
    rc   rootID   mass      avg_loss     score 
    59   1500853  192300    2.6317       191476.5
    58   1402652  543420    1.6969       33114.0
    60   1539801  58095     2.1530       30035.9
    61   1551260  134045    1.8582       29798.3
    6    309644   167551    1.7040       11399.0
    5    300532   44208     1.8662       10178.8
    63   1577668  160299    1.6977       9907.2
    54   1241689  76537     1.7442       8283.9
    44   798168   118584    1.6583       2646.9
    40   574911   82726     1.6546       1545.3
    top-10: 18.4% of mass, 99.6% of excess-loss
Epoch 160: loss=1.617206  (5.77 sec, 65 subtrees, 225 chunks, 9313896 nodes)
  residual top-10 (subtree_mass × max(avg_loss − 1.617, 0)):
    rc   rootID   mass      avg_loss     score 
    59   1500853  192300    1.9755       68902.2
    1    50944    1479765   1.6406       34680.7
    6    309644   167551    1.7521       22604.0
    5    300532   44208     1.9013       12557.2
    0    1        297533    1.6462       8630.5
    58   1402652  543420    1.6328       8486.6
    60   1539801  58095     1.7362       6910.1
    2    297527   13758     1.9913       5146.8
    61   1551260  134045    1.6515       4592.3
    54   1241689  76537     1.6577       3100.3
    top-10: 35.0% of mass, 95.0% of excess-loss
Epoch 161: loss=1.606226  (5.77 sec, 65 subtrees, 225 chunks, 9313896 nodes)
  residual top-10 (subtree_mass × max(avg_loss − 1.606, 0)):
    rc   rootID   mass      avg_loss     score 
    59   1500853  192300    1.8085       38890.3
    6    309644   167551    1.6802       12390.1
    58   1402652  543420    1.6270       11292.8
    46   840714   415269    1.6306       10119.7
    54   1241689  76537     1.7285       9355.9
    44   798168   118584    1.6742       8061.3
    47   915694   343840    1.6260       6786.1
    5    300532   44208     1.7570       6664.4
    60   1539801  58095     1.6778       4160.9
    40   574911   82726     1.6461       3294.7
    top-10: 23.8% of mass, 90.3% of excess-loss
Epoch 162: loss=1.596577  (5.77 sec, 65 subtrees, 225 chunks, 9313896 nodes)
  residual top-10 (subtree_mass × max(avg_loss − 1.597, 0)):
    rc   rootID   mass      avg_loss     score 
    59   1500853  192300    1.8719       52942.1
    6    309644   167551    1.6911       15845.8
    60   1539801  58095     1.7984       11726.3
    5    300532   44208     1.7774       7992.6
    61   1551260  134045    1.6539       7680.3
    54   1241689  76537     1.6884       7029.9
    44   798168   118584    1.6523       6609.8
    39   493671   419607    1.6101       5654.8
    40   574911   82726     1.6528       4649.6
    58   1402652  543420    1.6035       3761.4
    top-10: 21.4% of mass, 97.4% of excess-loss
Epoch 163: loss=1.630403  (5.78 sec, 65 subtrees, 225 chunks, 9313896 nodes)
  residual top-10 (subtree_mass × max(avg_loss − 1.630, 0)):
    rc   rootID   mass      avg_loss     score 
    59   1500853  192300    2.2916       127142.1
    58   1402652  543420    1.7867       84935.9
    57   1329804  377747    1.6857       20905.0
    60   1539801  58095     1.9392       17941.9
    61   1551260  134045    1.7399       14670.9
    6    309644   167551    1.7052       12526.0
    54   1241689  76537     1.7879       12053.4
    56   1258453  358000    1.6542       8503.2
    5    300532   44208     1.8218       8459.1
    63   1577668  160299    1.6518       3423.2
    top-10: 24.6% of mass, 98.6% of excess-loss
Epoch 164: loss=1.599595  (5.76 sec, 65 subtrees, 225 chunks, 9313896 nodes)
  residual top-10 (subtree_mass × max(avg_loss − 1.600, 0)):
    rc   rootID   mass      avg_loss     score 
    1    50944    1479765   1.6248       37236.7
    59   1500853  192300    1.7405       27101.0
    6    309644   167551    1.7082       18198.1
    5    300532   44208     1.7910       8460.6
    39   493671   419607    1.6174       7461.9
    44   798168   118584    1.6525       6273.0
    40   574911   82726     1.6591       4925.2
    0    1        297533    1.6123       3779.9
    54   1241689  76537     1.6428       3303.6
    60   1539801  58095     1.6543       3177.2
    top-10: 34.2% of mass, 94.8% of excess-loss
Epoch 165: loss=1.588555  (5.78 sec, 65 subtrees, 225 chunks, 9313896 nodes)
  residual top-10 (subtree_mass × max(avg_loss − 1.589, 0)):
    rc   rootID   mass      avg_loss     score 
    59   1500853  192300    1.7687       34650.7
    6    309644   167551    1.6948       17799.0
    5    300532   44208     1.7952       9135.7
    54   1241689  76537     1.7074       9094.4
    39   493671   419607    1.6070       7741.6
    44   798168   118584    1.6430       6457.7
    60   1539801  58095     1.6859       5657.0
    40   574911   82726     1.6461       4756.8
    61   1551260  134045    1.6135       3338.3
    58   1402652  543420    1.5939       2898.9
    top-10: 21.4% of mass, 93.7% of excess-loss
Epoch 166: loss=1.589837  (5.77 sec, 65 subtrees, 225 chunks, 9313896 nodes)
  residual top-10 (subtree_mass × max(avg_loss − 1.590, 0)):
    rc   rootID   mass      avg_loss     score 
    59   1500853  192300    1.8634       52606.3
    6    309644   167551    1.6876       16386.7
    54   1241689  76537     1.7061       8894.9
    5    300532   44208     1.7837       8571.5
    44   798168   118584    1.6572       7986.7
    39   493671   419607    1.6055       6586.3
    60   1539801  58095     1.6885       5730.6
    58   1402652  543420    1.5996       5320.6
    61   1551260  134045    1.6281       5130.4
    40   574911   82726     1.6468       4710.3
    top-10: 21.4% of mass, 95.4% of excess-loss
Epoch 167: loss=1.642946  (5.77 sec, 65 subtrees, 225 chunks, 9313896 nodes)
  residual top-10 (subtree_mass × max(avg_loss − 1.643, 0)):
    rc   rootID   mass      avg_loss     score 
    59   1500853  192300    2.8289       228058.8
    58   1402652  543420    1.7215       42682.9
    60   1539801  58095     2.2856       37335.5
    61   1551260  134045    1.8224       24052.5
    6    309644   167551    1.6954       8793.9
    54   1241689  76537     1.7540       8501.9
    5    300532   44208     1.7820       6146.7
    40   574911   82726     1.6950       4302.9
    63   1577668  160299    1.6682       4051.6
    44   798168   118584    1.6759       3910.4
    top-10: 18.4% of mass, 99.9% of excess-loss
Epoch 168: loss=1.596782  (5.76 sec, 65 subtrees, 225 chunks, 9313896 nodes)
  residual top-10 (subtree_mass × max(avg_loss − 1.597, 0)):
    rc   rootID   mass      avg_loss     score 
    59   1500853  192300    1.7990       38879.3
    1    50944    1479765   1.6229       38672.1
    6    309644   167551    1.7021       17643.6
    5    300532   44208     1.7914       8601.7
    0    1        297533    1.6199       6865.8
    39   493671   419607    1.6085       4896.4
    40   574911   82726     1.6504       4435.8
    58   1402652  543420    1.6045       4216.1
    44   798168   118584    1.6273       3623.7
    60   1539801  58095     1.6554       3405.8
    top-10: 39.6% of mass, 93.1% of excess-loss
Epoch 169: loss=1.579085  (5.77 sec, 65 subtrees, 225 chunks, 9313896 nodes)
  residual top-10 (subtree_mass × max(avg_loss − 1.579, 0)):
    rc   rootID   mass      avg_loss     score 
    59   1500853  192300    1.7110       25373.1
    6    309644   167551    1.6759       16214.2
    1    50944    1479765   1.5855       9552.9
    39   493671   419607    1.6004       8942.4
    5    300532   44208     1.7554       7796.2
    44   798168   118584    1.6310       6159.7
    40   574911   82726     1.6420       5205.9
    54   1241689  76537     1.6444       4997.3
    60   1539801  58095     1.6624       4842.6
    46   840714   415269    1.5906       4794.5
    top-10: 35.5% of mass, 92.5% of excess-loss
Epoch 170: loss=1.627513  (5.77 sec, 65 subtrees, 225 chunks, 9313896 nodes)
  residual top-10 (subtree_mass × max(avg_loss − 1.628, 0)):
    rc   rootID   mass      avg_loss     score 
    59   1500853  192300    2.2665       122869.0
    58   1402652  543420    1.6848       31154.6
    60   1539801  58095     1.9765       20272.5
    6    309644   167551    1.7367       18300.6
    61   1551260  134045    1.7396       15026.3
    54   1241689  76537     1.7884       12311.5
    5    300532   44208     1.8365       9238.5
    57   1329804  377747    1.6448       6536.6
    63   1577668  160299    1.6459       2944.9
    40   574911   82726     1.6547       2249.6
    top-10: 21.4% of mass, 98.2% of excess-loss
Epoch 171: loss=1.601026  (5.77 sec, 65 subtrees, 225 chunks, 9313896 nodes)
  residual top-10 (subtree_mass × max(avg_loss − 1.601, 0)):
    rc   rootID   mass      avg_loss     score 
    1    50944    1479765   1.6230       32519.1
    6    309644   167551    1.7301       21622.2
    39   493671   419607    1.6301       12185.5
    59   1500853  192300    1.6606       11460.0
    5    300532   44208     1.8164       9523.0
    44   798168   118584    1.6500       5813.1
    40   574911   82726     1.6607       4933.7
    54   1241689  76537     1.6624       4695.5
    46   840714   415269    1.6086       3159.3
    41   591555   114034    1.6248       2709.0
    top-10: 36.2% of mass, 92.4% of excess-loss
Epoch 172: loss=1.587443  (5.76 sec, 65 subtrees, 225 chunks, 9313896 nodes)
  residual top-10 (subtree_mass × max(avg_loss − 1.587, 0)):
    rc   rootID   mass      avg_loss     score 
    59   1500853  192300    1.7980       40489.3
    6    309644   167551    1.7045       19613.0
    5    300532   44208     1.8002       9404.5
    39   493671   419607    1.6062       7876.7
    44   798168   118584    1.6361       5766.4
    60   1539801  58095     1.6847       5650.7
    54   1241689  76537     1.6575       5364.3
    40   574911   82726     1.6445       4721.3
    61   1551260  134045    1.6114       3213.7
    58   1402652  543420    1.5920       2483.0
    top-10: 21.4% of mass, 94.6% of excess-loss
Epoch 173: loss=1.601096  (5.78 sec, 65 subtrees, 225 chunks, 9313896 nodes)
  residual top-10 (subtree_mass × max(avg_loss − 1.601, 0)):
    rc   rootID   mass      avg_loss     score 
    59   1500853  192300    1.9783       72540.3
    6    309644   167551    1.7895       31559.7
    5    300532   44208     1.9493       15392.8
    60   1539801  58095     1.7630       9408.6
    58   1402652  543420    1.6151       7636.3
    54   1241689  76537     1.6970       7343.6
    61   1551260  134045    1.6519       6810.2
    39   493671   419607    1.6147       5721.7
    44   798168   118584    1.6429       4958.1
    40   574911   82726     1.6535       4332.8
    top-10: 21.4% of mass, 97.5% of excess-loss
Epoch 174: loss=1.614184  (5.76 sec, 65 subtrees, 225 chunks, 9313896 nodes)
  residual top-10 (subtree_mass × max(avg_loss − 1.614, 0)):
    rc   rootID   mass      avg_loss     score 
    59   1500853  192300    2.1682       106541.4
    58   1402652  543420    1.7822       91277.4
    6    309644   167551    1.7078       15684.5
    61   1551260  134045    1.7268       15093.2
    60   1539801  58095     1.8353       12847.5
    5    300532   44208     1.8076       8550.5
    63   1577668  160299    1.6590       7188.8
    54   1241689  76537     1.6827       5244.8
    44   798168   118584    1.6392       2967.7
    40   574911   82726     1.6478       2778.3
    top-10: 18.4% of mass, 99.7% of excess-loss
Epoch 175: loss=1.613131  (5.77 sec, 65 subtrees, 225 chunks, 9313896 nodes)
  residual top-10 (subtree_mass × max(avg_loss − 1.613, 0)):
    rc   rootID   mass      avg_loss     score 
    1    50944    1479765   1.6349       32211.3
    59   1500853  192300    1.7663       29450.6
    6    309644   167551    1.7268       19049.3
    39   493671   419607    1.6563       18109.1
    5    300532   44208     1.8033       8409.0
    44   798168   118584    1.6665       6325.6
    40   574911   82726     1.6849       5935.4
    54   1241689  76537     1.6749       4724.8
    60   1539801  58095     1.6721       3428.3
    0    1        297533    1.6240       3227.6
    top-10: 34.2% of mass, 91.5% of excess-loss
Epoch 176: loss=1.594525  (5.77 sec, 65 subtrees, 225 chunks, 9313896 nodes)
  residual top-10 (subtree_mass × max(avg_loss − 1.595, 0)):
    rc   rootID   mass      avg_loss     score 
    59   1500853  192300    1.9078       60245.5
    6    309644   167551    1.6865       15418.8
    58   1402652  543420    1.6161       11716.2
    60   1539801  58095     1.7662       9972.3
    5    300532   44208     1.7678       7658.0
    54   1241689  76537     1.6721       5934.6
    39   493671   419607    1.6078       5579.9
    61   1551260  134045    1.6355       5494.4
    44   798168   118584    1.6366       4990.3
    40   574911   82726     1.6502       4609.6
    top-10: 21.4% of mass, 96.3% of excess-loss
Epoch 177: loss=1.586630  (5.77 sec, 65 subtrees, 225 chunks, 9313896 nodes)
  residual top-10 (subtree_mass × max(avg_loss − 1.587, 0)):
    rc   rootID   mass      avg_loss     score 
    59   1500853  192300    1.9210       64296.3
    6    309644   167551    1.6675       13555.0
    54   1241689  76537     1.7294       10924.9
    60   1539801  58095     1.7398       8895.6
    58   1402652  543420    1.6024       8584.0
    44   798168   118584    1.6489       7388.3
    61   1551260  134045    1.6380       6889.1
    5    300532   44208     1.7272       6214.7
    40   574911   82726     1.6379       4242.2
    39   493671   419607    1.5959       3896.7
    top-10: 21.4% of mass, 98.2% of excess-loss
Epoch 178: loss=1.586845  (5.77 sec, 65 subtrees, 225 chunks, 9313896 nodes)
  residual top-10 (subtree_mass × max(avg_loss − 1.587, 0)):
    rc   rootID   mass      avg_loss     score 
    59   1500853  192300    1.7374       28959.0
    6    309644   167551    1.7426       26092.0
    5    300532   44208     1.8527       11751.3
    39   493671   419607    1.6108       10050.9
    44   798168   118584    1.6414       6464.3
    54   1241689  76537     1.6693       6307.1
    60   1539801  58095     1.6844       5670.2
    40   574911   82726     1.6516       5353.1
    61   1551260  134045    1.6078       2814.5
    41   591555   114034    1.6067       2260.0
    top-10: 16.4% of mass, 93.4% of excess-loss
Epoch 179: loss=1.587763  (5.77 sec, 65 subtrees, 225 chunks, 9313896 nodes)
  residual top-10 (subtree_mass × max(avg_loss − 1.588, 0)):
    rc   rootID   mass      avg_loss     score 
    59   1500853  192300    1.9761       74684.2
    6    309644   167551    1.6724       14172.7
    58   1402652  543420    1.6113       12796.0
    54   1241689  76537     1.7052       8992.0
    60   1539801  58095     1.7210       7742.9
    5    300532   44208     1.7498       7163.8
    39   493671   419607    1.6033       6526.4
    44   798168   118584    1.6398       6169.2
    61   1551260  134045    1.6303       5703.1
    40   574911   82726     1.6428       4551.9
    top-10: 21.4% of mass, 98.5% of excess-loss
Epoch 180: loss=1.583663  (5.77 sec, 65 subtrees, 225 chunks, 9313896 nodes)
  residual top-10 (subtree_mass × max(avg_loss − 1.584, 0)):
    rc   rootID   mass      avg_loss     score 
    59   1500853  192300    1.9209       64856.7
    6    309644   167551    1.6623       13182.8
    54   1241689  76537     1.7383       11835.7
    58   1402652  543420    1.6034       10748.2
    60   1539801  58095     1.7334       8696.9
    5    300532   44208     1.7377       6808.5
    61   1551260  134045    1.6332       6646.0
    44   798168   118584    1.6289       5368.3
    40   574911   82726     1.6380       4496.6
    39   493671   419607    1.5930       3903.9
    top-10: 21.4% of mass, 98.3% of excess-loss
Epoch 181: loss=1.605315  (5.76 sec, 65 subtrees, 225 chunks, 9313896 nodes)
  residual top-10 (subtree_mass × max(avg_loss − 1.605, 0)):
    rc   rootID   mass      avg_loss     score 
    59   1500853  192300    2.2879       131262.1
    60   1539801  58095     2.1652       32527.0
    61   1551260  134045    1.8156       28192.0
    58   1402652  543420    1.6367       17044.0
    6    309644   167551    1.6716       11098.7
    63   1577668  160299    1.6646       9500.3
    5    300532   44208     1.7474       6282.3
    54   1241689  76537     1.6585       4067.5
    40   574911   82726     1.6502       3710.3
    44   798168   118584    1.6302       2953.7
    top-10: 18.4% of mass, 99.1% of excess-loss
Epoch 182: loss=1.597732  (5.76 sec, 65 subtrees, 225 chunks, 9313896 nodes)
  residual top-10 (subtree_mass × max(avg_loss − 1.598, 0)):
    rc   rootID   mass      avg_loss     score 
    59   1500853  192300    1.7616       31510.0
    1    50944    1479765   1.6170       28480.9
    6    309644   167551    1.7167       19927.4
    5    300532   44208     1.8453       10946.6
    58   1402652  543420    1.6133       8467.4
    60   1539801  58095     1.7320       7803.1
    61   1551260  134045    1.6418       5905.1
    54   1241689  76537     1.6704       5561.6
    44   798168   118584    1.6417       5217.3
    40   574911   82726     1.6413       3606.8
    top-10: 33.7% of mass, 91.4% of excess-loss
Epoch 183: loss=1.584525  (5.77 sec, 65 subtrees, 225 chunks, 9313896 nodes)
  residual top-10 (subtree_mass × max(avg_loss − 1.585, 0)):
    rc   rootID   mass      avg_loss     score 
    59   1500853  192300    1.7597       33677.3
    6    309644   167551    1.6828       16466.1
    1    50944    1479765   1.5951       15674.4
    39   493671   419607    1.6110       11119.3
    5    300532   44208     1.7609       7795.0
    54   1241689  76537     1.6675       6347.0
    60   1539801  58095     1.6804       5571.2
    44   798168   118584    1.6298       5363.7
    40   574911   82726     1.6460       5089.2
    41   591555   114034    1.6053       2368.6
    top-10: 32.0% of mass, 93.6% of excess-loss
Epoch 184: loss=1.616526  (5.77 sec, 65 subtrees, 225 chunks, 9313896 nodes)
  residual top-10 (subtree_mass × max(avg_loss − 1.617, 0)):
    rc   rootID   mass      avg_loss     score 
    59   1500853  192300    2.0973       92454.2
    44   798168   118584    1.9986       45304.6
    46   840714   415269    1.6703       22343.3
    58   1402652  543420    1.6468       16458.9
    54   1241689  76537     1.7819       12655.4
    45   821318   94570     1.7296       10688.9
    60   1539801  58095     1.7765       9295.5
    6    309644   167551    1.6700       8962.2
    5    300532   44208     1.7728       6906.5
    61   1551260  134045    1.6630       6236.0
    top-10: 21.5% of mass, 97.7% of excess-loss
Epoch 185: loss=1.572628  (5.76 sec, 65 subtrees, 225 chunks, 9313896 nodes)
  residual top-10 (subtree_mass × max(avg_loss − 1.573, 0)):
    rc   rootID   mass      avg_loss     score 
    59   1500853  192300    1.6910       22770.2
    1    50944    1479765   1.5880       22705.8
    6    309644   167551    1.6669       15795.7
    39   493671   419607    1.5953       9494.4
    5    300532   44208     1.7220       6604.6
    44   798168   118584    1.6147       4993.6
    40   574911   82726     1.6330       4990.6
    54   1241689  76537     1.6280       4236.7
    46   840714   415269    1.5802       3165.1
    41   591555   114034    1.5956       2616.6
    top-10: 36.2% of mass, 94.0% of excess-loss
Epoch 186: loss=1.574376  (5.76 sec, 65 subtrees, 225 chunks, 9313896 nodes)
  residual top-10 (subtree_mass × max(avg_loss − 1.574, 0)):
    rc   rootID   mass      avg_loss     score 
    59   1500853  192300    1.8809       58946.4
    6    309644   167551    1.6534       13240.7
    58   1402652  543420    1.5924       9817.5
    54   1241689  76537     1.6993       9559.4
    60   1539801  58095     1.7261       8816.3
    5    300532   44208     1.7436       7481.1
    61   1551260  134045    1.6214       6309.7
    44   798168   118584    1.6183       5202.8
    39   493671   419607    1.5857       4736.8
    40   574911   82726     1.6280       4434.9
    top-10: 21.4% of mass, 97.3% of excess-loss
Epoch 187: loss=1.570714  (5.77 sec, 65 subtrees, 225 chunks, 9313896 nodes)
  residual top-10 (subtree_mass × max(avg_loss − 1.571, 0)):
    rc   rootID   mass      avg_loss     score 
    59   1500853  192300    1.8124       46471.1
    6    309644   167551    1.6516       13552.3
    54   1241689  76537     1.6945       9471.4
    60   1539801  58095     1.7091       8038.0
    58   1402652  543420    1.5838       7103.5
    44   798168   118584    1.6281       6808.2
    5    300532   44208     1.7192       6565.8
    61   1551260  134045    1.6191       6485.5
    39   493671   419607    1.5850       6008.6
    40   574911   82726     1.6312       4999.8
    top-10: 21.4% of mass, 96.1% of excess-loss
Epoch 188: loss=1.595463  (5.76 sec, 65 subtrees, 225 chunks, 9313896 nodes)
  residual top-10 (subtree_mass × max(avg_loss − 1.595, 0)):
    rc   rootID   mass      avg_loss     score 
    59   1500853  192300    2.1323       103226.1
    58   1402652  543420    1.6496       29401.0
    54   1241689  76537     1.8474       19280.7
    60   1539801  58095     1.7915       11387.5
    61   1551260  134045    1.6768       10906.6
    6    309644   167551    1.6567       10255.3
    5    300532   44208     1.7291       5908.8
    44   798168   118584    1.6276       3812.2
    40   574911   82726     1.6340       3185.3
    63   1577668  160299    1.5984       467.5 
    top-10: 18.4% of mass, 99.6% of excess-loss
Epoch 189: loss=1.745347  (5.77 sec, 65 subtrees, 225 chunks, 9313896 nodes)
  residual top-10 (subtree_mass × max(avg_loss − 1.745, 0)):
    rc   rootID   mass      avg_loss     score 
    6    309644   167551    2.2490       84393.4
    5    300532   44208     2.5930       37471.6
    59   1500853  192300    1.9326       36000.2
    39   493671   419607    1.8167       29946.1
    10   349444   84126     2.0423       24981.3
    54   1241689  76537     2.0506       23364.9
    8    341198   57485     1.9451       11483.0
    13   372685   55068     1.9335       10361.5
    44   798168   118584    1.8321       10289.1
    40   574911   82726     1.8482       8505.6
    top-10: 15.1% of mass, 83.6% of excess-loss
Epoch 190: loss=1.682530  (5.77 sec, 65 subtrees, 225 chunks, 9313896 nodes)
  residual top-10 (subtree_mass × max(avg_loss − 1.683, 0)):
    rc   rootID   mass      avg_loss     score 
    1    50944    1479765   1.7018       28545.4
    6    309644   167551    1.8416       26657.6
    59   1500853  192300    1.8167       25804.9
    5    300532   44208     1.9646       12471.6
    39   493671   419607    1.7072       10361.7
    44   798168   118584    1.7284       5434.9
    40   574911   82726     1.7399       4747.2
    54   1241689  76537     1.7150       2481.9
    60   1539801  58095     1.7207       2218.7
    41   591555   114034    1.7003       2031.6
    top-10: 32.0% of mass, 90.9% of excess-loss
Epoch 191: loss=1.652272  (5.77 sec, 65 subtrees, 225 chunks, 9313896 nodes)
  residual top-10 (subtree_mass × max(avg_loss − 1.652, 0)):
    rc   rootID   mass      avg_loss     score 
    6    309644   167551    1.7646       18813.1
    59   1500853  192300    1.7342       15759.9
    46   840714   415269    1.6819       12300.9
    44   798168   118584    1.7426       10709.5
    5    300532   44208     1.8718       9704.1
    1    50944    1479765   1.6569       6842.8
    39   493671   419607    1.6631       4527.3
    40   574911   82726     1.6960       3620.1
    60   1539801  58095     1.7077       3222.9
    54   1241689  76537     1.6892       2827.7
    top-10: 35.5% of mass, 89.6% of excess-loss
Epoch 192: loss=1.624452  (5.76 sec, 65 subtrees, 225 chunks, 9313896 nodes)
  residual top-10 (subtree_mass × max(avg_loss − 1.624, 0)):
    rc   rootID   mass      avg_loss     score 
    6    309644   167551    1.7548       21847.2
    59   1500853  192300    1.7081       16085.1
    1    50944    1479765   1.6335       13440.7
    39   493671   419607    1.6555       13044.2
    5    300532   44208     1.8515       10038.6
    40   574911   82726     1.6894       5369.1
    44   798168   118584    1.6675       5102.9
    46   840714   415269    1.6329       3488.4
    54   1241689  76537     1.6621       2884.5
    41   591555   114034    1.6474       2616.9
    top-10: 36.2% of mass, 88.6% of excess-loss
Epoch 193: loss=1.604585  (5.77 sec, 65 subtrees, 225 chunks, 9313896 nodes)
  residual top-10 (subtree_mass × max(avg_loss − 1.605, 0)):
    rc   rootID   mass      avg_loss     score 
    59   1500853  192300    1.7232       22811.5
    6    309644   167551    1.6977       15597.4
    39   493671   419607    1.6250       8545.5
    1    50944    1479765   1.6099       7937.8
    5    300532   44208     1.7642       7055.4
    44   798168   118584    1.6522       5641.2
    40   574911   82726     1.6655       5035.2
    54   1241689  76537     1.6637       4528.2
    60   1539801  58095     1.6743       4052.7
    46   840714   415269    1.6136       3760.8
    top-10: 35.5% of mass, 90.0% of excess-loss
Epoch 194: loss=1.599221  (5.77 sec, 65 subtrees, 225 chunks, 9313896 nodes)
  residual top-10 (subtree_mass × max(avg_loss − 1.599, 0)):
    rc   rootID   mass      avg_loss     score 
    59   1500853  192300    1.7589       30713.6
    1    50944    1479765   1.6115       18158.6
    6    309644   167551    1.6950       16048.8
    5    300532   44208     1.7634       7258.9
    39   493671   419607    1.6164       7202.4
    44   798168   118584    1.6472       5689.2
    54   1241689  76537     1.6686       5313.3
    40   574911   82726     1.6559       4686.0
    60   1539801  58095     1.6652       3831.6
    46   840714   415269    1.6059       2790.9
    top-10: 35.5% of mass, 93.4% of excess-loss
Epoch 195: loss=1.589567  (5.77 sec, 65 subtrees, 225 chunks, 9313896 nodes)
  residual top-10 (subtree_mass × max(avg_loss − 1.590, 0)):
    rc   rootID   mass      avg_loss     score 
    59   1500853  192300    1.7218       25430.5
    6    309644   167551    1.6809       15305.9
    44   798168   118584    1.6545       7698.5
    54   1241689  76537     1.6888       7597.9
    39   493671   419607    1.6072       7387.2
    5    300532   44208     1.7531       7230.7
    40   574911   82726     1.6504       5034.0
    1    50944    1479765   1.5926       4528.2
    60   1539801  58095     1.6668       4484.3
    46   840714   415269    1.5987       3782.4
    top-10: 35.5% of mass, 90.2% of excess-loss
Epoch 196: loss=1.609370  (5.77 sec, 65 subtrees, 225 chunks, 9313896 nodes)
  residual top-10 (subtree_mass × max(avg_loss − 1.609, 0)):
    rc   rootID   mass      avg_loss     score 
    59   1500853  192300    2.1788       109501.8
    58   1402652  543420    1.6530       23703.5
    60   1539801  58095     1.8783       15622.7
    61   1551260  134045    1.7203       14875.1
    6    309644   167551    1.6704       10228.9
    54   1241689  76537     1.7279       9070.0
    5    300532   44208     1.7372       5650.3
    44   798168   118584    1.6541       5298.7
    63   1577668  160299    1.6356       4210.1
    40   574911   82726     1.6552       3791.9
    top-10: 18.4% of mass, 99.4% of excess-loss
Epoch 197: loss=1.593557  (5.77 sec, 65 subtrees, 225 chunks, 9313896 nodes)
  residual top-10 (subtree_mass × max(avg_loss − 1.594, 0)):
    rc   rootID   mass      avg_loss     score 
    59   1500853  192300    1.7568       31398.8
    1    50944    1479765   1.6118       26949.9
    6    309644   167551    1.6776       14075.0
    5    300532   44208     1.7422       6572.0
    60   1539801  58095     1.6978       6057.7
    39   493671   419607    1.6050       4809.9
    44   798168   118584    1.6338       4773.3
    40   574911   82726     1.6454       4291.6
    54   1241689  76537     1.6479       4160.3
    61   1551260  134045    1.6224       3863.7
    top-10: 32.3% of mass, 91.4% of excess-loss
Epoch 198: loss=1.582148  (5.76 sec, 65 subtrees, 225 chunks, 9313896 nodes)
  residual top-10 (subtree_mass × max(avg_loss − 1.582, 0)):
    rc   rootID   mass      avg_loss     score 
    59   1500853  192300    1.7457       31458.6
    6    309644   167551    1.6752       15586.8
    60   1539801  58095     1.7255       8326.5
    5    300532   44208     1.7510       7464.0
    39   493671   419607    1.5989       7011.9
    54   1241689  76537     1.6660       6420.0
    1    50944    1479765   1.5858       5373.1
    44   798168   118584    1.6268       5297.7
    40   574911   82726     1.6425       4996.1
    61   1551260  134045    1.6119       3985.1
    top-10: 32.3% of mass, 92.6% of excess-loss
Epoch 199: loss=1.598440  (5.77 sec, 65 subtrees, 225 chunks, 9313896 nodes)
  residual top-10 (subtree_mass × max(avg_loss − 1.598, 0)):
    rc   rootID   mass      avg_loss     score 
    6    309644   167551    1.8199       37105.5
    59   1500853  192300    1.7765       34235.0
    5    300532   44208     2.0429       19647.7
    39   493671   419607    1.6211       9504.6
    60   1539801  58095     1.7367       8032.7
    54   1241689  76537     1.6773       6034.7
    44   798168   118584    1.6422       5193.8
    40   574911   82726     1.6600       5093.7
    61   1551260  134045    1.6316       4451.3
    10   349444   84126     1.6355       3120.8
    top-10: 16.0% of mass, 92.2% of excess-loss
Epoch 200: loss=1.584788  (5.77 sec, 65 subtrees, 225 chunks, 9313896 nodes)
  residual top-10 (subtree_mass × max(avg_loss − 1.585, 0)):
    rc   rootID   mass      avg_loss     score 
    59   1500853  192300    1.7991       41218.6
    6    309644   167551    1.6901       17639.4
    5    300532   44208     1.7719       8270.1
    60   1539801  58095     1.7239       8082.3
    61   1551260  134045    1.6350       6729.5
    44   798168   118584    1.6352       5973.3
    39   493671   419607    1.5988       5865.0
    54   1241689  76537     1.6590       5678.1
    40   574911   82726     1.6414       4683.1
    58   1402652  543420    1.5926       4229.4
    top-10: 21.4% of mass, 94.4% of excess-loss
Epoch 201: loss=1.574143  (5.77 sec, 65 subtrees, 225 chunks, 9313896 nodes)
  residual top-10 (subtree_mass × max(avg_loss − 1.574, 0)):
    rc   rootID   mass      avg_loss     score 
    59   1500853  192300    1.7297       29908.7
    6    309644   167551    1.6695       15979.2
    1    50944    1479765   1.5811       10267.6
    5    300532   44208     1.7570       8083.2
    39   493671   419607    1.5899       6601.1
    54   1241689  76537     1.6485       5688.9
    44   798168   118584    1.6189       5312.1
    40   574911   82726     1.6347       5005.9
    60   1539801  58095     1.6508       4456.0
    58   1402652  543420    1.5814       3921.2
    top-10: 37.0% of mass, 90.7% of excess-loss
Epoch 202: loss=1.581784  (5.76 sec, 65 subtrees, 225 chunks, 9313896 nodes)
  residual top-10 (subtree_mass × max(avg_loss − 1.582, 0)):
    rc   rootID   mass      avg_loss     score 
    59   1500853  192300    1.9033       61833.8
    6    309644   167551    1.6746       15556.6
    58   1402652  543420    1.6023       11127.9
    54   1241689  76537     1.7206       10625.6
    60   1539801  58095     1.7219       8139.5
    5    300532   44208     1.7601       7882.5
    61   1551260  134045    1.6301       6477.8
    44   798168   118584    1.6277       5441.7
    40   574911   82726     1.6351       4411.6
    39   493671   419607    1.5895       3226.6
    top-10: 21.4% of mass, 97.3% of excess-loss
Epoch 203: loss=1.586284  (5.77 sec, 65 subtrees, 225 chunks, 9313896 nodes)
  residual top-10 (subtree_mass × max(avg_loss − 1.586, 0)):
    rc   rootID   mass      avg_loss     score 
    6    309644   167551    1.7214       22638.6
    59   1500853  192300    1.6796       17946.3
    39   493671   419607    1.6114       10520.7
    5    300532   44208     1.8242       10516.5
    54   1241689  76537     1.6844       7508.3
    44   798168   118584    1.6463       7111.2
    40   574911   82726     1.6465       4983.0
    60   1539801  58095     1.6562       4061.4
    46   840714   415269    1.5957       3889.8
    41   591555   114034    1.6118       2914.3
    top-10: 19.6% of mass, 92.9% of excess-loss
Epoch 204: loss=1.619257  (5.77 sec, 65 subtrees, 225 chunks, 9313896 nodes)
  residual top-10 (subtree_mass × max(avg_loss − 1.619, 0)):
    rc   rootID   mass      avg_loss     score 
    59   1500853  192300    2.2965       130224.4
    58   1402652  543420    1.6670       25951.3
    60   1539801  58095     1.9117       16987.8
    44   798168   118584    1.7481       15274.3
    6    309644   167551    1.6918       12163.0
    61   1551260  134045    1.6942       10040.7
    54   1241689  76537     1.7445       9588.3
    5    300532   44208     1.7621       6316.5
    40   574911   82726     1.6643       3725.5
    2    297527   13758     1.6482       398.2 
    top-10: 16.6% of mass, 99.6% of excess-loss
Epoch 205: loss=1.585114  (5.77 sec, 65 subtrees, 225 chunks, 9313896 nodes)
  residual top-10 (subtree_mass × max(avg_loss − 1.585, 0)):
    rc   rootID   mass      avg_loss     score 
    59   1500853  192300    1.7463       30986.5
    1    50944    1479765   1.6004       22584.7
    6    309644   167551    1.6749       15039.1
    5    300532   44208     1.7304       6423.9
    39   493671   419607    1.6003       6365.4
    60   1539801  58095     1.6818       5618.0
    54   1241689  76537     1.6581       5587.7
    40   574911   82726     1.6405       4584.6
    44   798168   118584    1.6218       4348.6
    41   591555   114034    1.6051       2279.0
    top-10: 32.0% of mass, 92.7% of excess-loss
Epoch 206: loss=1.584470  (5.77 sec, 65 subtrees, 225 chunks, 9313896 nodes)
  residual top-10 (subtree_mass × max(avg_loss − 1.584, 0)):
    rc   rootID   mass      avg_loss     score 
    59   1500853  192300    1.8382       48786.1
    6    309644   167551    1.6925       18106.0
    5    300532   44208     1.7828       8768.0
    39   493671   419607    1.6046       8430.9
    58   1402652  543420    1.5996       8204.4
    44   798168   118584    1.6363       6142.9
    60   1539801  58095     1.6900       6132.6
    40   574911   82726     1.6439       4913.9
    54   1241689  76537     1.6384       4130.7
    61   1551260  134045    1.6128       3796.8
    top-10: 21.4% of mass, 95.1% of excess-loss
Epoch 207: loss=1.573480  (5.76 sec, 65 subtrees, 225 chunks, 9313896 nodes)
  residual top-10 (subtree_mass × max(avg_loss − 1.573, 0)):
    rc   rootID   mass      avg_loss     score 
    59   1500853  192300    1.7157       27349.6
    6    309644   167551    1.6688       15974.2
    5    300532   44208     1.7328       7044.2
    39   493671   419607    1.5899       6869.5
    44   798168   118584    1.6308       6792.7
    54   1241689  76537     1.6606       6666.7
    1    50944    1479765   1.5778       6435.4
    40   574911   82726     1.6347       5066.6
    46   840714   415269    1.5836       4221.7
    60   1539801  58095     1.6444       4122.0
    top-10: 35.5% of mass, 89.2% of excess-loss
Epoch 208: loss=1.570664  (5.76 sec, 65 subtrees, 225 chunks, 9313896 nodes)
  residual top-10 (subtree_mass × max(avg_loss − 1.571, 0)):
    rc   rootID   mass      avg_loss     score 
    59   1500853  192300    1.7461       33729.9
    6    309644   167551    1.6662       16005.2
    60   1539801  58095     1.7029       7681.2
    39   493671   419607    1.5884       7438.7
    5    300532   44208     1.7360       7310.6
    54   1241689  76537     1.6457       5743.6
    44   798168   118584    1.6190       5726.3
    40   574911   82726     1.6309       4986.4
    61   1551260  134045    1.6053       4637.3
    58   1402652  543420    1.5762       2983.4
    top-10: 21.4% of mass, 91.6% of excess-loss
Epoch 209: loss=1.579930  (5.77 sec, 65 subtrees, 225 chunks, 9313896 nodes)
  residual top-10 (subtree_mass × max(avg_loss − 1.580, 0)):
    rc   rootID   mass      avg_loss     score 
    59   1500853  192300    1.9194       65273.7
    58   1402652  543420    1.6112       16985.2
    6    309644   167551    1.6624       13824.0
    54   1241689  76537     1.7366       11987.3
    60   1539801  58095     1.7458       9634.2
    5    300532   44208     1.7344       6827.4
    61   1551260  134045    1.6301       6726.5
    44   798168   118584    1.6229       5094.1
    40   574911   82726     1.6292       4072.6
    39   493671   419607    1.5841       1766.8
    top-10: 21.4% of mass, 97.8% of excess-loss
Epoch 210: loss=1.574283  (5.77 sec, 65 subtrees, 225 chunks, 9313896 nodes)
  residual top-10 (subtree_mass × max(avg_loss − 1.574, 0)):
    rc   rootID   mass      avg_loss     score 
    59   1500853  192300    1.8680       56482.0
    6    309644   167551    1.6542       13383.6
    58   1402652  543420    1.5954       11468.2
    54   1241689  76537     1.6726       7524.0
    60   1539801  58095     1.6907       6765.9
    5    300532   44208     1.7251       6669.3
    61   1551260  134045    1.6137       5289.7
    39   493671   419607    1.5857       4777.5
    40   574911   82726     1.6314       4726.3
    44   798168   118584    1.6138       4689.7
    top-10: 21.4% of mass, 97.0% of excess-loss
Epoch 211: loss=1.571917  (5.77 sec, 65 subtrees, 225 chunks, 9313896 nodes)
  residual top-10 (subtree_mass × max(avg_loss − 1.572, 0)):
    rc   rootID   mass      avg_loss     score 
    59   1500853  192300    1.8476       53022.8
    6    309644   167551    1.6534       13655.3
    54   1241689  76537     1.6959       9485.9
    58   1402652  543420    1.5859       7600.4
    60   1539801  58095     1.6976       7302.6
    5    300532   44208     1.7220       6633.9
    61   1551260  134045    1.6096       5054.9
    39   493671   419607    1.5831       4696.4
    40   574911   82726     1.6277       4616.0
    44   798168   118584    1.6059       4034.7
    top-10: 21.4% of mass, 96.7% of excess-loss
Epoch 212: loss=1.566415  (5.76 sec, 65 subtrees, 225 chunks, 9313896 nodes)
  residual top-10 (subtree_mass × max(avg_loss − 1.566, 0)):
    rc   rootID   mass      avg_loss     score 
    59   1500853  192300    1.7485       35023.0
    6    309644   167551    1.6611       15858.5
    5    300532   44208     1.7311       7278.9
    54   1241689  76537     1.6529       6618.8
    39   493671   419607    1.5817       6432.3
    44   798168   118584    1.6204       6400.4
    58   1402652  543420    1.5772       5872.7
    1    50944    1479765   1.5701       5464.3
    40   574911   82726     1.6265       4970.2
    60   1539801  58095     1.6449       4558.4
    top-10: 37.0% of mass, 90.2% of excess-loss
Epoch 213: loss=1.566844  (5.77 sec, 65 subtrees, 225 chunks, 9313896 nodes)
  residual top-10 (subtree_mass × max(avg_loss − 1.567, 0)):
    rc   rootID   mass      avg_loss     score 
    59   1500853  192300    1.8168       48068.7
    6    309644   167551    1.6581       15295.8
    60   1539801  58095     1.7437       10273.7
    5    300532   44208     1.7413       7712.0
    61   1551260  134045    1.6166       6670.6
    44   798168   118584    1.6225       6604.4
    54   1241689  76537     1.6443       5926.6
    40   574911   82726     1.6292       5158.1
    39   493671   419607    1.5789       5065.7
    58   1402652  543420    1.5755       4697.1
    top-10: 21.4% of mass, 94.6% of excess-loss
Epoch 214: loss=1.588267  (5.77 sec, 65 subtrees, 225 chunks, 9313896 nodes)
  residual top-10 (subtree_mass × max(avg_loss − 1.588, 0)):
    rc   rootID   mass      avg_loss     score 
    59   1500853  192300    2.2563       128462.0
    58   1402652  543420    1.6449       30798.1
    61   1551260  134045    1.7254       18386.1
    60   1539801  58095     1.8821       17071.8
    6    309644   167551    1.6645       12780.4
    54   1241689  76537     1.7260       10540.5
    63   1577668  160299    1.6289       6507.2
    5    300532   44208     1.7349       6484.4
    44   798168   118584    1.6213       3919.5
    40   574911   82726     1.6273       3228.2
    top-10: 18.4% of mass, 99.6% of excess-loss
Epoch 215: loss=1.579390  (5.76 sec, 65 subtrees, 225 chunks, 9313896 nodes)
  residual top-10 (subtree_mass × max(avg_loss − 1.579, 0)):
    rc   rootID   mass      avg_loss     score 
    1    50944    1479765   1.5991       29167.6
    6    309644   167551    1.7041       20896.3
    59   1500853  192300    1.6713       17669.6
    5    300532   44208     1.7963       9587.0
    44   798168   118584    1.6419       7414.5
    39   493671   419607    1.5968       7303.6
    40   574911   82726     1.6374       4802.3
    46   840714   415269    1.5884       3750.2
    54   1241689  76537     1.6152       2739.5
    60   1539801  58095     1.6248       2640.0
    top-10: 35.5% of mass, 93.6% of excess-loss
Epoch 216: loss=1.562260  (5.77 sec, 65 subtrees, 225 chunks, 9313896 nodes)
  residual top-10 (subtree_mass × max(avg_loss − 1.562, 0)):
    rc   rootID   mass      avg_loss     score 
    59   1500853  192300    1.6617       19126.7
    6    309644   167551    1.6578       16000.7
    39   493671   419607    1.5835       8902.6
    54   1241689  76537     1.6628       7696.7
    5    300532   44208     1.7292       7379.0
    1    50944    1479765   1.5669       6918.2
    40   574911   82726     1.6389       6342.2
    44   798168   118584    1.6077       5387.0
    46   840714   415269    1.5715       3825.2
    60   1539801  58095     1.6224       3492.2
    top-10: 35.5% of mass, 88.4% of excess-loss
Epoch 217: loss=1.562271  (5.80 sec, 65 subtrees, 225 chunks, 9313896 nodes)
  residual top-10 (subtree_mass × max(avg_loss − 1.562, 0)):
    rc   rootID   mass      avg_loss     score 
    59   1500853  192300    1.8067       47009.1
    6    309644   167551    1.6449       13841.6
    54   1241689  76537     1.6754       8657.7
    58   1402652  543420    1.5757       7280.2
    5    300532   44208     1.7215       7038.0
    39   493671   419607    1.5775       6410.6
    44   798168   118584    1.6094       5590.1
    40   574911   82726     1.6275       5395.2
    60   1539801  58095     1.6504       5117.8
    61   1551260  134045    1.5861       3199.7
    top-10: 21.4% of mass, 94.4% of excess-loss
Epoch 218: loss=1.563461  (5.77 sec, 65 subtrees, 225 chunks, 9313896 nodes)
  residual top-10 (subtree_mass × max(avg_loss − 1.563, 0)):
    rc   rootID   mass      avg_loss     score 
    59   1500853  192300    1.8689       58737.8
    6    309644   167551    1.6435       13414.5
    60   1539801  58095     1.7312       9744.5
    58   1402652  543420    1.5800       9006.7
    44   798168   118584    1.6219       6924.9
    54   1241689  76537     1.6515       6736.9
    5    300532   44208     1.7127       6597.0
    61   1551260  134045    1.6109       6365.4
    40   574911   82726     1.6212       4779.7
    39   493671   419607    1.5743       4548.8
    top-10: 21.4% of mass, 97.1% of excess-loss
Epoch 219: loss=1.566890  (5.77 sec, 65 subtrees, 225 chunks, 9313896 nodes)
  residual top-10 (subtree_mass × max(avg_loss − 1.567, 0)):
    rc   rootID   mass      avg_loss     score 
    59   1500853  192300    1.8775       59722.1
    54   1241689  76537     1.7393       13195.5
    6    309644   167551    1.6450       13080.8
    58   1402652  543420    1.5859       10314.5
    60   1539801  58095     1.7248       9171.2
    61   1551260  134045    1.6326       8807.1
    5    300532   44208     1.7234       6918.0
    44   798168   118584    1.6115       5291.4
    39   493671   419607    1.5795       5275.3
    40   574911   82726     1.6254       4836.3
    top-10: 21.4% of mass, 96.6% of excess-loss
Epoch 220: loss=1.564087  (5.76 sec, 65 subtrees, 225 chunks, 9313896 nodes)
  residual top-10 (subtree_mass × max(avg_loss − 1.564, 0)):
    rc   rootID   mass      avg_loss     score 
    59   1500853  192300    1.7419       34185.9
    6    309644   167551    1.6466       13820.9
    58   1402652  543420    1.5816       9529.1
    54   1241689  76537     1.6779       8708.7
    39   493671   419607    1.5839       8294.7
    5    300532   44208     1.7273       7214.0
    40   574911   82726     1.6406       6327.9
    44   798168   118584    1.6074       5133.2
    1    50944    1479765   1.5672       4645.2
    60   1539801  58095     1.6439       4634.3
    top-10: 37.0% of mass, 90.9% of excess-loss
Epoch 221: loss=1.569054  (5.77 sec, 65 subtrees, 225 chunks, 9313896 nodes)
  residual top-10 (subtree_mass × max(avg_loss − 1.569, 0)):
    rc   rootID   mass      avg_loss     score 
    59   1500853  192300    1.8893       61578.1
    6    309644   167551    1.6473       13103.9
    58   1402652  543420    1.5919       12420.5
    60   1539801  58095     1.7412       9999.3
    54   1241689  76537     1.6923       9430.6
    61   1551260  134045    1.6263       7669.3
    5    300532   44208     1.7237       6838.6
    44   798168   118584    1.6264       6797.9
    40   574911   82726     1.6179       4040.7
    39   493671   419607    1.5731       1680.2
    top-10: 21.4% of mass, 97.8% of excess-loss
Epoch 222: loss=1.572673  (5.77 sec, 65 subtrees, 225 chunks, 9313896 nodes)
  residual top-10 (subtree_mass × max(avg_loss − 1.573, 0)):
    rc   rootID   mass      avg_loss     score 
    59   1500853  192300    1.9117       65194.3
    60   1539801  58095     1.8443       15780.6
    61   1551260  134045    1.6898       15706.2
    6    309644   167551    1.6642       15340.2
    54   1241689  76537     1.6842       8536.2
    5    300532   44208     1.7461       7667.7
    63   1577668  160299    1.6108       6116.4
    58   1402652  543420    1.5828       5509.0
    44   798168   118584    1.6088       4282.6
    40   574911   82726     1.6240       4249.0
    top-10: 18.4% of mass, 96.5% of excess-loss
Epoch 223: loss=1.569449  (5.76 sec, 65 subtrees, 225 chunks, 9313896 nodes)
  residual top-10 (subtree_mass × max(avg_loss − 1.569, 0)):
    rc   rootID   mass      avg_loss     score 
    1    50944    1479765   1.5869       25890.4
    6    309644   167551    1.6939       20848.4
    59   1500853  192300    1.6627       17924.4
    44   798168   118584    1.6808       13204.0
    5    300532   44208     1.7734       9015.6
    39   493671   419607    1.5841       6146.8
    40   574911   82726     1.6284       4872.9
    54   1241689  76537     1.6261       4336.7
    46   840714   415269    1.5784       3697.1
    41   591555   114034    1.5971       3149.5
    top-10: 36.2% of mass, 93.1% of excess-loss
Epoch 224: loss=1.559449  (5.77 sec, 65 subtrees, 225 chunks, 9313896 nodes)
  residual top-10 (subtree_mass × max(avg_loss − 1.559, 0)):
    rc   rootID   mass      avg_loss     score 
    59   1500853  192300    1.7433       35348.4
    6    309644   167551    1.6436       14106.0
    39   493671   419607    1.5783       7922.9
    5    300532   44208     1.7166       6949.4
    54   1241689  76537     1.6485       6812.8
    44   798168   118584    1.6128       6323.8
    60   1539801  58095     1.6462       5040.0
    40   574911   82726     1.6203       5029.9
    58   1402652  543420    1.5679       4570.1
    46   840714   415269    1.5664       2887.3
    top-10: 24.6% of mass, 92.7% of excess-loss
Epoch 225: loss=1.572114  (5.77 sec, 65 subtrees, 225 chunks, 9313896 nodes)
  residual top-10 (subtree_mass × max(avg_loss − 1.572, 0)):
    rc   rootID   mass      avg_loss     score 
    59   1500853  192300    1.9045       63925.0
    60   1539801  58095     1.7659       11256.5
    6    309644   167551    1.6350       10543.2
    61   1551260  134045    1.6386       8911.5
    58   1402652  543420    1.5874       8283.9
    44   798168   118584    1.6402       8073.1
    54   1241689  76537     1.6771       8033.7
    46   840714   415269    1.5880       6583.1
    5    300532   44208     1.7086       6031.7
    40   574911   82726     1.6272       4554.9
    top-10: 21.3% of mass, 94.6% of excess-loss
Epoch 226: loss=1.583379  (5.77 sec, 65 subtrees, 225 chunks, 9313896 nodes)
  residual top-10 (subtree_mass × max(avg_loss − 1.583, 0)):
    rc   rootID   mass      avg_loss     score 
    59   1500853  192300    2.0127       82550.4
    58   1402652  543420    1.6408       31201.6
    6    309644   167551    1.6570       12330.9
    60   1539801  58095     1.7776       11283.3
    54   1241689  76537     1.7244       10792.4
    57   1329804  377747    1.6070       8909.3
    61   1551260  134045    1.6457       8359.0
    5    300532   44208     1.7394       6898.7
    40   574911   82726     1.6225       3232.4
    44   798168   118584    1.6066       2759.2
    top-10: 20.9% of mass, 98.7% of excess-loss
Epoch 227: loss=1.648316  (5.76 sec, 65 subtrees, 225 chunks, 9313896 nodes)
  residual top-10 (subtree_mass × max(avg_loss − 1.648, 0)):
    rc   rootID   mass      avg_loss     score 
    39   493671   419607    1.7423       39424.6
    10   349444   84126     1.9682       26908.4
    13   372685   55068     1.8889       13246.8
    6    309644   167551    1.7146       11106.7
    59   1500853  192300    1.7007       10082.8
    40   574911   82726     1.7622       9424.2
    5    300532   44208     1.8290       7987.9
    42   614321   234101    1.6788       7146.7
    12   369639   16107     2.0884       7088.2
    44   798168   118584    1.7053       6755.5
    top-10: 16.5% of mass, 66.8% of excess-loss
Epoch 228: loss=1.597992  (5.77 sec, 65 subtrees, 225 chunks, 9313896 nodes)
  residual top-10 (subtree_mass × max(avg_loss − 1.598, 0)):
    rc   rootID   mass      avg_loss     score 
    6    309644   167551    1.6899       15395.6
    1    50944    1479765   1.6073       13798.6
    39   493671   419607    1.6303       13540.9
    59   1500853  192300    1.6365       7401.9
    10   349444   84126     1.6803       6926.0
    5    300532   44208     1.7540       6895.6
    44   798168   118584    1.6441       5471.4
    40   574911   82726     1.6611       5220.1
    46   840714   415269    1.6084       4339.4
    41   591555   114034    1.6253       3108.5
    top-10: 36.3% of mass, 86.0% of excess-loss
Epoch 229: loss=1.578236  (5.76 sec, 65 subtrees, 225 chunks, 9313896 nodes)
  residual top-10 (subtree_mass × max(avg_loss − 1.578, 0)):
    rc   rootID   mass      avg_loss     score 
    59   1500853  192300    1.6878       21059.5
    6    309644   167551    1.6612       13892.8
    1    50944    1479765   1.5855       10740.9
    39   493671   419607    1.5990       8733.4
    5    300532   44208     1.7152       6052.8
    40   574911   82726     1.6404       5138.8
    60   1539801  58095     1.6645       5012.5
    44   798168   118584    1.6188       4809.0
    54   1241689  76537     1.6397       4701.6
    46   840714   415269    1.5871       3672.1
    top-10: 35.5% of mass, 91.7% of excess-loss
Epoch 230: loss=1.571480  (5.76 sec, 65 subtrees, 225 chunks, 9313896 nodes)
  residual top-10 (subtree_mass × max(avg_loss − 1.571, 0)):
    rc   rootID   mass      avg_loss     score 
    59   1500853  192300    1.6712       19167.7
    6    309644   167551    1.6505       13240.0
    39   493671   419607    1.5937       9327.3
    1    50944    1479765   1.5766       7559.1
    5    300532   44208     1.7153       6355.8
    44   798168   118584    1.6168       5378.1
    40   574911   82726     1.6355       5298.7
    54   1241689  76537     1.6330       4712.3
    46   840714   415269    1.5815       4141.5
    60   1539801  58095     1.6367       3790.8
    top-10: 35.5% of mass, 89.6% of excess-loss
Epoch 231: loss=1.574762  (5.77 sec, 65 subtrees, 225 chunks, 9313896 nodes)
  residual top-10 (subtree_mass × max(avg_loss − 1.575, 0)):
    rc   rootID   mass      avg_loss     score 
    59   1500853  192300    1.8205       47258.9
    6    309644   167551    1.6499       12590.5
    58   1402652  543420    1.5917       9207.9
    5    300532   44208     1.7188       6367.6
    44   798168   118584    1.6248       5936.0
    54   1241689  76537     1.6495       5721.5
    60   1539801  58095     1.6726       5686.3
    40   574911   82726     1.6336       4865.5
    39   493671   419607    1.5858       4622.7
    61   1551260  134045    1.6042       3949.7
    top-10: 21.4% of mass, 95.8% of excess-loss
Epoch 232: loss=1.564561  (5.77 sec, 65 subtrees, 225 chunks, 9313896 nodes)
  residual top-10 (subtree_mass × max(avg_loss − 1.565, 0)):
    rc   rootID   mass      avg_loss     score 
    59   1500853  192300    1.7009       26224.1
    6    309644   167551    1.6498       14277.2
    39   493671   419607    1.5822       7405.1
    1    50944    1479765   1.5695       7365.0
    5    300532   44208     1.7088       6377.7
    54   1241689  76537     1.6462       6246.6
    60   1539801  58095     1.6637       5758.7
    40   574911   82726     1.6259       5075.4
    44   798168   118584    1.6050       4793.3
    58   1402652  543420    1.5730       4573.5
    top-10: 37.0% of mass, 89.4% of excess-loss
Epoch 233: loss=1.567078  (5.77 sec, 65 subtrees, 225 chunks, 9313896 nodes)
  residual top-10 (subtree_mass × max(avg_loss − 1.567, 0)):
    rc   rootID   mass      avg_loss     score 
    59   1500853  192300    1.8403       52548.0
    6    309644   167551    1.6400       12214.0
    60   1539801  58095     1.7621       11332.0
    61   1551260  134045    1.6396       9725.9
    5    300532   44208     1.7067       6174.6
    54   1241689  76537     1.6476       6161.2
    44   798168   118584    1.6132       5465.5
    58   1402652  543420    1.5758       4758.1
    40   574911   82726     1.6193       4320.8
    39   493671   419607    1.5772       4264.8
    top-10: 21.4% of mass, 96.2% of excess-loss
Epoch 234: loss=1.563991  (5.76 sec, 65 subtrees, 225 chunks, 9313896 nodes)
  residual top-10 (subtree_mass × max(avg_loss − 1.564, 0)):
    rc   rootID   mass      avg_loss     score 
    59   1500853  192300    1.6846       23192.1
    6    309644   167551    1.6431       13259.7
    39   493671   419607    1.5848       8721.7
    5    300532   44208     1.7120       6543.8
    40   574911   82726     1.6374       6072.3
    44   798168   118584    1.6113       5611.5
    1    50944    1479765   1.5677       5427.1
    54   1241689  76537     1.6316       5178.4
    60   1539801  58095     1.6451       4711.5
    41   591555   114034    1.5902       2992.3
    top-10: 32.0% of mass, 89.5% of excess-loss
Epoch 235: loss=1.558652  (5.77 sec, 65 subtrees, 225 chunks, 9313896 nodes)
  residual top-10 (subtree_mass × max(avg_loss − 1.559, 0)):
    rc   rootID   mass      avg_loss     score 
    59   1500853  192300    1.6989       26966.5
    6    309644   167551    1.6419       13950.2
    1    50944    1479765   1.5636       7376.4
    39   493671   419607    1.5750       6867.9
    5    300532   44208     1.7112       6745.3
    60   1539801  58095     1.6711       6531.7
    54   1241689  76537     1.6397       6201.7
    44   798168   118584    1.6072       5757.0
    40   574911   82726     1.6180       4907.9
    61   1551260  134045    1.5882       3962.3
    top-10: 32.3% of mass, 89.2% of excess-loss
Epoch 236: loss=1.567852  (5.77 sec, 65 subtrees, 225 chunks, 9313896 nodes)
  residual top-10 (subtree_mass × max(avg_loss − 1.568, 0)):
    rc   rootID   mass      avg_loss     score 
    59   1500853  192300    1.8853       61045.1
    6    309644   167551    1.6374       11657.5
    58   1402652  543420    1.5886       11291.5
    54   1241689  76537     1.7123       11053.8
    60   1539801  58095     1.7343       9667.5
    61   1551260  134045    1.6140       6190.6
    5    300532   44208     1.6998       5831.0
    44   798168   118584    1.6168       5806.1
    40   574911   82726     1.6202       4333.8
    39   493671   419607    1.5747       2875.8
    top-10: 21.4% of mass, 97.0% of excess-loss
Epoch 237: loss=1.561153  (5.77 sec, 65 subtrees, 225 chunks, 9313896 nodes)
  residual top-10 (subtree_mass × max(avg_loss − 1.561, 0)):
    rc   rootID   mass      avg_loss     score 
    59   1500853  192300    1.8081       47495.8
    6    309644   167551    1.6366       12638.4
    60   1539801  58095     1.7751       12427.1
    61   1551260  134045    1.6292       9124.5
    5    300532   44208     1.7011       6186.5
    54   1241689  76537     1.6313       5370.9
    58   1402652  543420    1.5710       5346.9
    44   798168   118584    1.6004       4655.8
    40   574911   82726     1.6137       4343.4
    39   493671   419607    1.5710       4145.2
    top-10: 21.4% of mass, 95.8% of excess-loss
Epoch 238: loss=1.597733  (5.77 sec, 65 subtrees, 225 chunks, 9313896 nodes)
  residual top-10 (subtree_mass × max(avg_loss − 1.598, 0)):
    rc   rootID   mass      avg_loss     score 
    59   1500853  192300    1.7622       31627.8
    39   493671   419607    1.6660       28638.4
    6    309644   167551    1.6918       15762.0
    5    300532   44208     1.8138       9554.0
    44   798168   118584    1.6681       8339.9
    40   574911   82726     1.6784       6677.2
    60   1539801  58095     1.6764       4572.9
    41   591555   114034    1.6356       4319.8
    46   840714   415269    1.6081       4293.9
    30   457660   31233     1.7202       3824.7
    top-10: 19.1% of mass, 82.7% of excess-loss
Epoch 239: loss=1.569325  (5.77 sec, 65 subtrees, 225 chunks, 9313896 nodes)
  residual top-10 (subtree_mass × max(avg_loss − 1.569, 0)):
    rc   rootID   mass      avg_loss     score 
    59   1500853  192300    1.6940       23970.7
    6    309644   167551    1.6492       13386.1
    1    50944    1479765   1.5763       10279.0
    39   493671   419607    1.5897       8533.8
    5    300532   44208     1.7253       6894.3
    40   574911   82726     1.6299       5007.4
    44   798168   118584    1.6062       4373.4
    10   349444   84126     1.6213       4372.5
    60   1539801  58095     1.6323       3657.8
    54   1241689  76537     1.6126       3309.9
    top-10: 31.7% of mass, 88.2% of excess-loss
Epoch 240: loss=1.559628  (5.77 sec, 65 subtrees, 225 chunks, 9313896 nodes)
  residual top-10 (subtree_mass × max(avg_loss − 1.560, 0)):
    rc   rootID   mass      avg_loss     score 
    59   1500853  192300    1.7192       30678.4
    6    309644   167551    1.6351       12646.8
    39   493671   419607    1.5789       8107.1
    44   798168   118584    1.6090       5852.0
    5    300532   44208     1.6877       5660.6
    40   574911   82726     1.6216       5125.1
    60   1539801  58095     1.6459       5012.6
    1    50944    1479765   1.5627       4565.0
    54   1241689  76537     1.6121       4013.5
    46   840714   415269    1.5675       3282.1
    top-10: 35.5% of mass, 90.6% of excess-loss
Epoch 241: loss=1.554868  (5.76 sec, 65 subtrees, 225 chunks, 9313896 nodes)
  residual top-10 (subtree_mass × max(avg_loss − 1.555, 0)):
    rc   rootID   mass      avg_loss     score 
    59   1500853  192300    1.7083       29500.1
    6    309644   167551    1.6312       12783.5
    39   493671   419607    1.5724       7369.3
    5    300532   44208     1.6896       5955.5
    44   798168   118584    1.6021       5599.1
    40   574911   82726     1.6183       5246.0
    60   1539801  58095     1.6447       5219.2
    54   1241689  76537     1.6212       5073.3
    1    50944    1479765   1.5574       3771.5
    58   1402652  543420    1.5612       3417.5
    top-10: 37.0% of mass, 88.3% of excess-loss
Epoch 242: loss=1.550814  (5.77 sec, 65 subtrees, 225 chunks, 9313896 nodes)
  residual top-10 (subtree_mass × max(avg_loss − 1.551, 0)):
    rc   rootID   mass      avg_loss     score 
    59   1500853  192300    1.6738       23659.2
    6    309644   167551    1.6284       13002.8
    39   493671   419607    1.5693       7765.2
    54   1241689  76537     1.6330       6291.0
    44   798168   118584    1.5997       5792.7
    5    300532   44208     1.6807       5740.9
    40   574911   82726     1.6147       5287.7
    60   1539801  58095     1.6258       4357.6
    46   840714   415269    1.5607       4087.4
    1    50944    1479765   1.5536       4081.1
    top-10: 35.5% of mass, 88.7% of excess-loss
Epoch 243: loss=1.554431  (5.76 sec, 65 subtrees, 225 chunks, 9313896 nodes)
  residual top-10 (subtree_mass × max(avg_loss − 1.554, 0)):
    rc   rootID   mass      avg_loss     score 
    59   1500853  192300    1.7568       38910.2
    6    309644   167551    1.6276       12262.4
    39   493671   419607    1.5700       6523.8
    44   798168   118584    1.6072       6259.4
    60   1539801  58095     1.6597       6112.9
    5    300532   44208     1.6915       6060.5
    54   1241689  76537     1.6295       5748.0
    40   574911   82726     1.6192       5361.9
    58   1402652  543420    1.5639       5143.8
    61   1551260  134045    1.5883       4545.7
    top-10: 21.4% of mass, 93.2% of excess-loss
Epoch 244: loss=1.551998  (5.76 sec, 65 subtrees, 225 chunks, 9313896 nodes)
  residual top-10 (subtree_mass × max(avg_loss − 1.552, 0)):
    rc   rootID   mass      avg_loss     score 
    59   1500853  192300    1.7851       44826.9
    6    309644   167551    1.6307       13182.4
    60   1539801  58095     1.6620       6389.4
    5    300532   44208     1.6933       6245.7
    39   493671   419607    1.5665       6087.1
    54   1241689  76537     1.6263       5684.3
    44   798168   118584    1.5988       5546.3
    40   574911   82726     1.6109       4872.2
    58   1402652  543420    1.5600       4370.4
    61   1551260  134045    1.5797       3709.6
    top-10: 21.4% of mass, 93.9% of excess-loss
Epoch 245: loss=1.550362  (5.76 sec, 65 subtrees, 225 chunks, 9313896 nodes)
  residual top-10 (subtree_mass × max(avg_loss − 1.550, 0)):
    rc   rootID   mass      avg_loss     score 
    59   1500853  192300    1.7429       37031.9
    6    309644   167551    1.6264       12743.3
    60   1539801  58095     1.6898       8097.8
    39   493671   419607    1.5661       6586.1
    54   1241689  76537     1.6307       6149.7
    5    300532   44208     1.6847       5937.9
    44   798168   118584    1.5967       5496.0
    58   1402652  543420    1.5600       5243.9
    40   574911   82726     1.6125       5137.1
    61   1551260  134045    1.5825       4314.4
    top-10: 21.4% of mass, 93.9% of excess-loss
Epoch 246: loss=1.554995  (5.77 sec, 65 subtrees, 225 chunks, 9313896 nodes)
  residual top-10 (subtree_mass × max(avg_loss − 1.555, 0)):
    rc   rootID   mass      avg_loss     score 
    59   1500853  192300    1.7900       45187.7
    58   1402652  543420    1.5812       14230.3
    6    309644   167551    1.6303       12610.4
    60   1539801  58095     1.7134       9204.8
    54   1241689  76537     1.6639       8336.9
    44   798168   118584    1.6069       6159.5
    5    300532   44208     1.6919       6053.3
    61   1551260  134045    1.5981       5773.0
    40   574911   82726     1.6104       4581.1
    39   493671   419607    1.5657       4507.0
    top-10: 21.4% of mass, 96.3% of excess-loss
Epoch 247: loss=1.557035  (5.77 sec, 65 subtrees, 225 chunks, 9313896 nodes)
  residual top-10 (subtree_mass × max(avg_loss − 1.557, 0)):
    rc   rootID   mass      avg_loss     score 
    59   1500853  192300    1.8201       50587.9
    6    309644   167551    1.6300       12227.0
    60   1539801  58095     1.7593       11752.9
    54   1241689  76537     1.6707       8701.9
    61   1551260  134045    1.6151       7779.5
    58   1402652  543420    1.5710       7568.6
    5    300532   44208     1.6914       5939.4
    44   798168   118584    1.6055       5747.3
    39   493671   419607    1.5683       4712.2
    40   574911   82726     1.6114       4493.3
    top-10: 21.4% of mass, 97.5% of excess-loss
Epoch 248: loss=1.549114  (5.77 sec, 65 subtrees, 225 chunks, 9313896 nodes)
  residual top-10 (subtree_mass × max(avg_loss − 1.549, 0)):
    rc   rootID   mass      avg_loss     score 
    59   1500853  192300    1.6938       27813.9
    6    309644   167551    1.6222       12249.0
    44   798168   118584    1.6146       7768.4
    39   493671   419607    1.5646       6512.1
    40   574911   82726     1.6178       5680.5
    5    300532   44208     1.6748       5555.9
    54   1241689  76537     1.6211       5511.8
    60   1539801  58095     1.6376       5140.6
    46   840714   415269    1.5598       4455.9
    41   591555   114034    1.5752       2980.2
    top-10: 19.6% of mass, 89.8% of excess-loss
Epoch 249: loss=1.550671  (5.76 sec, 65 subtrees, 225 chunks, 9313896 nodes)
  residual top-10 (subtree_mass × max(avg_loss − 1.551, 0)):
    rc   rootID   mass      avg_loss     score 
    59   1500853  192300    1.7091       30469.9
    6    309644   167551    1.6231       12133.6
    54   1241689  76537     1.6405       6872.2
    46   840714   415269    1.5660       6370.5
    5    300532   44208     1.6843       5906.1
    58   1402652  543420    1.5613       5765.1
    39   493671   419607    1.5638       5516.9
    44   798168   118584    1.5941       5154.7
    40   574911   82726     1.6083       4770.8
    60   1539801  58095     1.6258       4362.5
    top-10: 24.6% of mass, 92.0% of excess-loss
Epoch 250: loss=1.558682  (5.77 sec, 65 subtrees, 225 chunks, 9313896 nodes)
  residual top-10 (subtree_mass × max(avg_loss − 1.559, 0)):
    rc   rootID   mass      avg_loss     score 
    59   1500853  192300    1.8792       61644.9
    6    309644   167551    1.6262       11305.1
    54   1241689  76537     1.7040       11119.0
    60   1539801  58095     1.7465       10908.9
    61   1551260  134045    1.6257       8988.6
    58   1402652  543420    1.5737       8184.0
    5    300532   44208     1.6842       5551.0
    39   493671   419607    1.5711       5196.0
    44   798168   118584    1.5998       4880.1
    40   574911   82726     1.6123       4432.8
    top-10: 21.4% of mass, 97.6% of excess-loss
Epoch 251: loss=1.546160  (5.76 sec, 65 subtrees, 225 chunks, 9313896 nodes)
  residual top-10 (subtree_mass × max(avg_loss − 1.546, 0)):
    rc   rootID   mass      avg_loss     score 
    59   1500853  192300    1.6773       25221.1
    6    309644   167551    1.6227       12816.7
    1    50944    1479765   1.5517       8191.6
    39   493671   419607    1.5646       7738.2
    44   798168   118584    1.5995       6325.8
    54   1241689  76537     1.6264       6139.1
    5    300532   44208     1.6748       5687.1
    60   1539801  58095     1.6374       5300.5
    40   574911   82726     1.6089       5188.7
    46   840714   415269    1.5542       3322.9
    top-10: 35.5% of mass, 89.4% of excess-loss
Epoch 252: loss=1.547235  (5.76 sec, 65 subtrees, 225 chunks, 9313896 nodes)
  residual top-10 (subtree_mass × max(avg_loss − 1.547, 0)):
    rc   rootID   mass      avg_loss     score 
    59   1500853  192300    1.7053       30404.8
    6    309644   167551    1.6187       11981.7
    54   1241689  76537     1.6462       7575.9
    44   798168   118584    1.6063       7004.2
    60   1539801  58095     1.6477       5834.4
    5    300532   44208     1.6780       5778.9
    39   493671   419607    1.5606       5602.7
    58   1402652  543420    1.5574       5509.5
    40   574911   82726     1.6087       5086.9
    61   1551260  134045    1.5756       3804.1
    top-10: 21.4% of mass, 92.1% of excess-loss
Epoch 253: loss=1.553753  (5.76 sec, 65 subtrees, 225 chunks, 9313896 nodes)
  residual top-10 (subtree_mass × max(avg_loss − 1.554, 0)):
    rc   rootID   mass      avg_loss     score 
    59   1500853  192300    1.8047       48265.9
    6    309644   167551    1.6234       11663.9
    60   1539801  58095     1.7061       8851.7
    58   1402652  543420    1.5676       7505.6
    44   798168   118584    1.6117       6874.8
    5    300532   44208     1.6802       5588.5
    61   1551260  134045    1.5954       5586.3
    40   574911   82726     1.6134       4935.6
    54   1241689  76537     1.6173       4863.6
    39   493671   419607    1.5650       4720.9
    top-10: 21.4% of mass, 94.6% of excess-loss
Epoch 254: loss=1.551227  (5.76 sec, 65 subtrees, 225 chunks, 9313896 nodes)
  residual top-10 (subtree_mass × max(avg_loss − 1.551, 0)):
    rc   rootID   mass      avg_loss     score 
    59   1500853  192300    1.7969       47236.6
    58   1402652  543420    1.5826       17034.1
    6    309644   167551    1.6276       12799.9
    5    300532   44208     1.6890       6090.1
    54   1241689  76537     1.6224       5448.2
    60   1539801  58095     1.6351       4873.8
    40   574911   82726     1.6078       4682.1
    44   798168   118584    1.5902       4619.4
    39   493671   419607    1.5617       4381.6
    61   1551260  134045    1.5817       4079.9
    top-10: 21.4% of mass, 94.2% of excess-loss
Epoch 255: loss=1.546705  (5.77 sec, 65 subtrees, 225 chunks, 9313896 nodes)
  residual top-10 (subtree_mass × max(avg_loss − 1.547, 0)):
    rc   rootID   mass      avg_loss     score 
    59   1500853  192300    1.7423       37611.0
    6    309644   167551    1.6207       12395.9
    60   1539801  58095     1.6714       7244.7
    1    50944    1479765   1.5506       5709.8
    5    300532   44208     1.6744       5645.4
    58   1402652  543420    1.5571       5626.7
    39   493671   419607    1.5597       5466.7
    61   1551260  134045    1.5874       5448.9
    54   1241689  76537     1.6157       5279.2
    40   574911   82726     1.6070       4991.1
    top-10: 37.2% of mass, 89.0% of excess-loss
Epoch 256: loss=1.549231  (5.77 sec, 65 subtrees, 225 chunks, 9313896 nodes)
  residual top-10 (subtree_mass × max(avg_loss − 1.549, 0)):
    rc   rootID   mass      avg_loss     score 
    59   1500853  192300    1.6920       27445.6
    6    309644   167551    1.6659       19550.1
    39   493671   419607    1.5717       9445.9
    5    300532   44208     1.7385       8367.8
    44   798168   118584    1.6011       6147.6
    54   1241689  76537     1.6278       6015.2
    40   574911   82726     1.6165       5565.5
    60   1539801  58095     1.6225       4256.9
    46   840714   415269    1.5567       3082.8
    41   591555   114034    1.5752       2962.0
    top-10: 19.6% of mass, 91.3% of excess-loss
Epoch 257: loss=1.551563  (5.76 sec, 65 subtrees, 225 chunks, 9313896 nodes)
  residual top-10 (subtree_mass × max(avg_loss − 1.552, 0)):
    rc   rootID   mass      avg_loss     score 
    59   1500853  192300    1.8465       56721.8
    6    309644   167551    1.6179       11118.1
    60   1539801  58095     1.7411       11008.3
    61   1551260  134045    1.6314       10698.9
    54   1241689  76537     1.6568       8053.3
    58   1402652  543420    1.5658       7721.1
    5    300532   44208     1.6791       5637.2
    40   574911   82726     1.6139       5155.1
    44   798168   118584    1.5936       4984.8
    39   493671   419607    1.5624       4539.9
    top-10: 21.4% of mass, 96.6% of excess-loss
Epoch 258: loss=1.561378  (5.76 sec, 65 subtrees, 225 chunks, 9313896 nodes)
  residual top-10 (subtree_mass × max(avg_loss − 1.561, 0)):
    rc   rootID   mass      avg_loss     score 
    59   1500853  192300    1.8267       51020.6
    6    309644   167551    1.6959       22536.5
    58   1402652  543420    1.5932       17278.6
    5    300532   44208     1.8204       11450.0
    60   1539801  58095     1.7316       9890.7
    61   1551260  134045    1.6146       7134.2
    44   798168   118584    1.6097       5732.3
    39   493671   419607    1.5724       4621.4
    40   574911   82726     1.6157       4491.7
    54   1241689  76537     1.6062       3430.3
    top-10: 21.4% of mass, 96.8% of excess-loss
Epoch 259: loss=1.559940  (5.76 sec, 65 subtrees, 225 chunks, 9313896 nodes)
  residual top-10 (subtree_mass × max(avg_loss − 1.560, 0)):
    rc   rootID   mass      avg_loss     score 
    59   1500853  192300    1.7201       30791.3
    6    309644   167551    1.7010       23637.8
    5    300532   44208     1.7908       10204.8
    60   1539801  58095     1.7204       9322.9
    39   493671   419607    1.5817       9150.9
    54   1241689  76537     1.6490       6819.6
    61   1551260  134045    1.6030       5767.4
    44   798168   118584    1.6053       5377.4
    40   574911   82726     1.6239       5292.5
    41   591555   114034    1.5836       2699.9
    top-10: 16.4% of mass, 95.1% of excess-loss
Epoch 260: loss=1.558773  (5.76 sec, 65 subtrees, 225 chunks, 9313896 nodes)
  residual top-10 (subtree_mass × max(avg_loss − 1.559, 0)):
    rc   rootID   mass      avg_loss     score 
    59   1500853  192300    1.8080       47917.2
    39   493671   419607    1.5943       14902.3
    6    309644   167551    1.6205       10344.1
    60   1539801  58095     1.7196       9344.5
    61   1551260  134045    1.6064       6386.3
    40   574911   82726     1.6297       5865.1
    5    300532   44208     1.6644       4670.7
    44   798168   118584    1.5960       4417.7
    58   1402652  543420    1.5666       4268.0
    54   1241689  76537     1.6125       4114.2
    top-10: 21.4% of mass, 92.6% of excess-loss
Epoch 261: loss=1.543130  (5.76 sec, 65 subtrees, 225 chunks, 9313896 nodes)
  residual top-10 (subtree_mass × max(avg_loss − 1.543, 0)):
    rc   rootID   mass      avg_loss     score 
    59   1500853  192300    1.6182       14444.8
    6    309644   167551    1.6257       13834.5
    1    50944    1479765   1.5519       12985.0
    39   493671   419607    1.5632       8408.4
    5    300532   44208     1.6804       6068.1
    40   574911   82726     1.6066       5248.1
    44   798168   118584    1.5843       4887.4
    46   840714   415269    1.5547       4795.1
    54   1241689  76537     1.6046       4706.2
    60   1539801  58095     1.5952       3024.2
    top-10: 35.5% of mass, 88.8% of excess-loss
Epoch 262: loss=1.542832  (5.76 sec, 65 subtrees, 225 chunks, 9313896 nodes)
  residual top-10 (subtree_mass × max(avg_loss − 1.543, 0)):
    rc   rootID   mass      avg_loss     score 
    59   1500853  192300    1.6755       25520.2
    6    309644   167551    1.6222       13306.0
    39   493671   419607    1.5642       8969.7
    5    300532   44208     1.6814       6126.3
    40   574911   82726     1.6139       5877.8
    44   798168   118584    1.5862       5147.7
    60   1539801  58095     1.6275       4919.2
    54   1241689  76537     1.6067       4888.4
    1    50944    1479765   1.5453       3711.0
    46   840714   415269    1.5516       3658.1
    top-10: 35.5% of mass, 87.2% of excess-loss
Epoch 263: loss=1.538244  (5.77 sec, 65 subtrees, 225 chunks, 9313896 nodes)
  residual top-10 (subtree_mass × max(avg_loss − 1.538, 0)):
    rc   rootID   mass      avg_loss     score 
    59   1500853  192300    1.6536       22175.5
    6    309644   167551    1.6205       13784.8
    39   493671   419607    1.5580       8299.8
    5    300532   44208     1.6850       6486.2
    1    50944    1479765   1.5425       6323.4
    40   574911   82726     1.6075       5726.5
    54   1241689  76537     1.6079       5330.6
    60   1539801  58095     1.6216       4843.2
    44   798168   118584    1.5771       4613.0
    46   840714   415269    1.5480       4044.1
    top-10: 35.5% of mass, 88.2% of excess-loss
Epoch 264: loss=1.538878  (5.76 sec, 65 subtrees, 225 chunks, 9313896 nodes)
  residual top-10 (subtree_mass × max(avg_loss − 1.539, 0)):
    rc   rootID   mass      avg_loss     score 
    59   1500853  192300    1.7046       31874.6
    6    309644   167551    1.6176       13194.0
    39   493671   419607    1.5562       7267.0
    58   1402652  543420    1.5508       6489.7
    5    300532   44208     1.6809       6277.9
    54   1241689  76537     1.6175       6015.1
    44   798168   118584    1.5878       5802.3
    40   574911   82726     1.6032       5324.9
    60   1539801  58095     1.6174       4558.8
    61   1551260  134045    1.5637       3324.7
    top-10: 21.4% of mass, 89.8% of excess-loss
Epoch 265: loss=1.546705  (5.77 sec, 65 subtrees, 225 chunks, 9313896 nodes)
  residual top-10 (subtree_mass × max(avg_loss − 1.547, 0)):
    rc   rootID   mass      avg_loss     score 
    59   1500853  192300    1.9108       70010.0
    58   1402652  543420    1.5747       15210.6
    6    309644   167551    1.6209       12432.5
    54   1241689  76537     1.6388       7048.3
    5    300532   44208     1.6984       6705.6
    60   1539801  58095     1.6513       6076.9
    61   1551260  134045    1.5875       5461.9
    40   574911   82726     1.6070       4988.7
    44   798168   118584    1.5811       4077.9
    39   493671   419607    1.5558       3806.7
    top-10: 21.4% of mass, 97.6% of excess-loss
Epoch 266: loss=1.543256  (5.76 sec, 65 subtrees, 225 chunks, 9313896 nodes)
  residual top-10 (subtree_mass × max(avg_loss − 1.543, 0)):
    rc   rootID   mass      avg_loss     score 
    59   1500853  192300    1.7292       35749.1
    6    309644   167551    1.6287       14310.9
    54   1241689  76537     1.6492       8106.1
    39   493671   419607    1.5593       6719.6
    58   1402652  543420    1.5556       6698.5
    5    300532   44208     1.6858       6301.6
    60   1539801  58095     1.6340       5270.8
    40   574911   82726     1.6045       5068.2
    61   1551260  134045    1.5779       4649.9
    44   798168   118584    1.5821       4603.4
    top-10: 21.4% of mass, 92.5% of excess-loss
Epoch 267: loss=1.538242  (5.76 sec, 65 subtrees, 225 chunks, 9313896 nodes)
  residual top-10 (subtree_mass × max(avg_loss − 1.538, 0)):
    rc   rootID   mass      avg_loss     score 
    59   1500853  192300    1.6601       23439.2
    6    309644   167551    1.6155       12945.4
    39   493671   419607    1.5561       7508.1
    44   798168   118584    1.5970       6966.3
    5    300532   44208     1.6761       6095.6
    54   1241689  76537     1.6141       5808.0
    40   574911   82726     1.6079       5763.0
    46   840714   415269    1.5492       4538.6
    58   1402652  543420    1.5466       4524.5
    60   1539801  58095     1.6023       3722.8
    top-10: 24.6% of mass, 87.5% of excess-loss
Epoch 268: loss=1.539927  (5.76 sec, 65 subtrees, 225 chunks, 9313896 nodes)
  residual top-10 (subtree_mass × max(avg_loss − 1.540, 0)):
    rc   rootID   mass      avg_loss     score 
    59   1500853  192300    1.7668       43627.0
    6    309644   167551    1.6110       11914.9
    60   1539801  58095     1.6901       8722.6
    39   493671   419607    1.5543       6048.1
    61   1551260  134045    1.5849       6032.6
    5    300532   44208     1.6684       5677.8
    54   1241689  76537     1.6116       5488.7
    44   798168   118584    1.5844       5273.7
    40   574911   82726     1.6012       5065.6
    58   1402652  543420    1.5472       3965.0
    top-10: 21.4% of mass, 93.4% of excess-loss
Epoch 269: loss=1.539805  (5.76 sec, 65 subtrees, 225 chunks, 9313896 nodes)
  residual top-10 (subtree_mass × max(avg_loss − 1.540, 0)):
    rc   rootID   mass      avg_loss     score 
    59   1500853  192300    1.7298       36535.0
    6    309644   167551    1.6136       12371.4
    39   493671   419607    1.5614       9075.0
    60   1539801  58095     1.6641       7218.8
    54   1241689  76537     1.6259       6587.2
    44   798168   118584    1.5895       5897.0
    5    300532   44208     1.6701       5758.5
    58   1402652  543420    1.5502       5655.0
    40   574911   82726     1.6057       5448.4
    61   1551260  134045    1.5719       4298.2
    top-10: 21.4% of mass, 92.9% of excess-loss
Epoch 270: loss=1.536461  (5.77 sec, 65 subtrees, 225 chunks, 9313896 nodes)
  residual top-10 (subtree_mass × max(avg_loss − 1.536, 0)):
    rc   rootID   mass      avg_loss     score 
    59   1500853  192300    1.6623       24192.1
    6    309644   167551    1.6127       12771.3
    39   493671   419607    1.5553       7908.4
    54   1241689  76537     1.6296       7128.6
    40   574911   82726     1.6096       6049.8
    5    300532   44208     1.6684       5832.2
    58   1402652  543420    1.5461       5212.3
    44   798168   118584    1.5802       5188.7
    46   840714   415269    1.5474       4525.9
    1    50944    1479765   1.5393       4193.1
    top-10: 41.2% of mass, 87.7% of excess-loss
Epoch 271: loss=1.541451  (5.77 sec, 65 subtrees, 225 chunks, 9313896 nodes)
  residual top-10 (subtree_mass × max(avg_loss − 1.541, 0)):
    rc   rootID   mass      avg_loss     score 
    59   1500853  192300    1.7425       38658.9
    6    309644   167551    1.6243       13874.6
    54   1241689  76537     1.6593       9019.7
    60   1539801  58095     1.6590       6829.9
    5    300532   44208     1.6887       6508.0
    58   1402652  543420    1.5531       6328.9
    44   798168   118584    1.5892       5660.1
    39   493671   419607    1.5542       5363.5
    40   574911   82726     1.6042       5190.2
    61   1551260  134045    1.5750       4499.5
    top-10: 21.4% of mass, 93.6% of excess-loss
Epoch 272: loss=1.538288  (5.76 sec, 65 subtrees, 225 chunks, 9313896 nodes)
  residual top-10 (subtree_mass × max(avg_loss − 1.538, 0)):
    rc   rootID   mass      avg_loss     score 
    59   1500853  192300    1.7128       33552.9
    6    309644   167551    1.6148       12811.6
    60   1539801  58095     1.6812       8301.1
    39   493671   419607    1.5553       7157.3
    5    300532   44208     1.6716       5894.4
    44   798168   118584    1.5877       5861.4
    40   574911   82726     1.6060       5604.2
    61   1551260  134045    1.5780       5329.8
    54   1241689  76537     1.6035       4990.5
    46   840714   415269    1.5476       3861.7
    top-10: 19.9% of mass, 91.8% of excess-loss
Epoch 273: loss=1.539806  (5.77 sec, 65 subtrees, 225 chunks, 9313896 nodes)
  residual top-10 (subtree_mass × max(avg_loss − 1.540, 0)):
    rc   rootID   mass      avg_loss     score 
    59   1500853  192300    1.7647       43240.9
    6    309644   167551    1.6144       12504.6
    58   1402652  543420    1.5524       6865.5
    60   1539801  58095     1.6482       6297.3
    39   493671   419607    1.5545       6181.5
    5    300532   44208     1.6771       6070.1
    40   574911   82726     1.6108       5869.1
    54   1241689  76537     1.6132       5619.1
    44   798168   118584    1.5792       4666.9
    61   1551260  134045    1.5724       4366.4
    top-10: 21.4% of mass, 93.3% of excess-loss
Epoch 274: loss=1.533370  (5.77 sec, 65 subtrees, 225 chunks, 9313896 nodes)
  residual top-10 (subtree_mass × max(avg_loss − 1.533, 0)):
    rc   rootID   mass      avg_loss     score 
    59   1500853  192300    1.6504       22503.4
    6    309644   167551    1.6081       12526.3
    39   493671   419607    1.5504       7135.0
    54   1241689  76537     1.6182       6489.5
    5    300532   44208     1.6692       6004.4
    44   798168   118584    1.5805       5586.9
    40   574911   82726     1.5965       5220.8
    1    50944    1479765   1.5368       5030.4
    46   840714   415269    1.5451       4870.7
    60   1539801  58095     1.6131       4629.1
    top-10: 35.5% of mass, 88.0% of excess-loss
Epoch 275: loss=1.539500  (5.77 sec, 65 subtrees, 225 chunks, 9313896 nodes)
  residual top-10 (subtree_mass × max(avg_loss − 1.539, 0)):
    rc   rootID   mass      avg_loss     score 
    59   1500853  192300    1.8012       50327.3
    6    309644   167551    1.6152       12679.5
    60   1539801  58095     1.6774       8008.7
    5    300532   44208     1.6776       6105.0
    54   1241689  76537     1.6190       6087.7
    61   1551260  134045    1.5820       5697.2
    44   798168   118584    1.5862       5534.0
    39   493671   419607    1.5521       5304.9
    40   574911   82726     1.6028       5233.8
    58   1402652  543420    1.5488       5042.6
    top-10: 21.4% of mass, 94.4% of excess-loss
Epoch 276: loss=1.540622  (5.77 sec, 65 subtrees, 225 chunks, 9313896 nodes)
  residual top-10 (subtree_mass × max(avg_loss − 1.541, 0)):
    rc   rootID   mass      avg_loss     score 
    59   1500853  192300    1.7653       43210.0
    6    309644   167551    1.6223       13693.4
    60   1539801  58095     1.6508       6403.1
    39   493671   419607    1.5552       6117.7
    5    300532   44208     1.6733       5864.3
    58   1402652  543420    1.5509       5597.7
    54   1241689  76537     1.6062       5016.6
    40   574911   82726     1.6010       4998.6
    61   1551260  134045    1.5767       4834.0
    44   798168   118584    1.5810       4784.9
    top-10: 21.4% of mass, 93.3% of excess-loss
Epoch 277: loss=1.537032  (5.76 sec, 65 subtrees, 225 chunks, 9313896 nodes)
  residual top-10 (subtree_mass × max(avg_loss − 1.537, 0)):
    rc   rootID   mass      avg_loss     score 
    59   1500853  192300    1.6833       28120.1
    1    50944    1479765   1.5475       15425.1
    6    309644   167551    1.6129       12715.7
    39   493671   419607    1.5546       7392.4
    5    300532   44208     1.6670       5747.4
    54   1241689  76537     1.6103       5605.8
    44   798168   118584    1.5832       5473.9
    40   574911   82726     1.6018       5356.6
    58   1402652  543420    1.5436       3563.5
    60   1539801  58095     1.5953       3387.9
    top-10: 37.0% of mass, 89.3% of excess-loss
Epoch 278: loss=1.543181  (5.77 sec, 65 subtrees, 225 chunks, 9313896 nodes)
  residual top-10 (subtree_mass × max(avg_loss − 1.543, 0)):
    rc   rootID   mass      avg_loss     score 
    59   1500853  192300    1.8445       57944.9
    58   1402652  543420    1.5740       16724.0
    54   1241689  76537     1.6920       11390.8
    6    309644   167551    1.6082       10896.8
    60   1539801  58095     1.6574       6636.1
    40   574911   82726     1.6109       5601.8
    61   1551260  134045    1.5808       5046.1
    5    300532   44208     1.6563       5000.1
    44   798168   118584    1.5832       4749.8
    39   493671   419607    1.5523       3845.2
    top-10: 21.4% of mass, 97.5% of excess-loss
Epoch 279: loss=1.530672  (5.76 sec, 65 subtrees, 225 chunks, 9313896 nodes)
  residual top-10 (subtree_mass × max(avg_loss − 1.531, 0)):
    rc   rootID   mass      avg_loss     score 
    6    309644   167551    1.6176       14572.3
    59   1500853  192300    1.5999       13312.9
    39   493671   419607    1.5571       11097.1
    1    50944    1479765   1.5367       8849.5
    5    300532   44208     1.6774       6484.4
    40   574911   82726     1.5988       5635.3
    46   840714   415269    1.5431       5156.6
    44   798168   118584    1.5741       5155.7
    54   1241689  76537     1.5918       4677.1
    41   591555   114034    1.5601       3352.5
    top-10: 36.2% of mass, 90.2% of excess-loss
Epoch 280: loss=1.533557  (5.77 sec, 65 subtrees, 225 chunks, 9313896 nodes)
  residual top-10 (subtree_mass × max(avg_loss − 1.534, 0)):
    rc   rootID   mass      avg_loss     score 
    59   1500853  192300    1.7157       35028.6
    6    309644   167551    1.6055       12050.0
    39   493671   419607    1.5524       7888.7
    60   1539801  58095     1.6594       7308.5
    58   1402652  543420    1.5464       6970.0
    54   1241689  76537     1.6122       6015.9
    5    300532   44208     1.6560       5415.1
    44   798168   118584    1.5787       5352.7
    40   574911   82726     1.5980       5335.2
    61   1551260  134045    1.5687       4716.9
    top-10: 21.4% of mass, 92.2% of excess-loss
Epoch 281: loss=1.540046  (5.76 sec, 65 subtrees, 225 chunks, 9313896 nodes)
  residual top-10 (subtree_mass × max(avg_loss − 1.540, 0)):
    rc   rootID   mass      avg_loss     score 
    59   1500853  192300    1.8455       58735.0
    6    309644   167551    1.6089       11532.3
    58   1402652  543420    1.5581       9792.2
    54   1241689  76537     1.6293       6833.8
    60   1539801  58095     1.6546       6655.6
    61   1551260  134045    1.5832       5779.2
    5    300532   44208     1.6703       5757.1
    40   574911   82726     1.6004       4994.2
    44   798168   118584    1.5788       4591.5
    39   493671   419607    1.5508       4500.3
    top-10: 21.4% of mass, 96.4% of excess-loss
Epoch 282: loss=1.528453  (5.76 sec, 65 subtrees, 225 chunks, 9313896 nodes)
  residual top-10 (subtree_mass × max(avg_loss − 1.528, 0)):
    rc   rootID   mass      avg_loss     score 
    59   1500853  192300    1.6480       22984.6
    6    309644   167551    1.6021       12347.1
    1    50944    1479765   1.5348       9345.5
    39   493671   419607    1.5481       8228.7
    44   798168   118584    1.5747       5484.7
    40   574911   82726     1.5936       5389.6
    5    300532   44208     1.6485       5307.0
    54   1241689  76537     1.5890       4634.6
    60   1539801  58095     1.6053       4467.3
    46   840714   415269    1.5387       4241.0
    top-10: 35.5% of mass, 88.2% of excess-loss
Epoch 283: loss=1.532736  (5.76 sec, 65 subtrees, 225 chunks, 9313896 nodes)
  residual top-10 (subtree_mass × max(avg_loss − 1.533, 0)):
    rc   rootID   mass      avg_loss     score 
    59   1500853  192300    1.7865       48805.3
    6    309644   167551    1.5974       10826.4
    60   1539801  58095     1.6994       9683.3
    61   1551260  134045    1.5878       7385.9
    54   1241689  76537     1.6135       6178.0
    5    300532   44208     1.6512       5238.6
    58   1402652  543420    1.5421       5093.3
    39   493671   419607    1.5447       5005.8
    40   574911   82726     1.5929       4977.1
    44   798168   118584    1.5697       4381.6
    top-10: 21.4% of mass, 93.3% of excess-loss
Epoch 284: loss=1.541195  (5.76 sec, 65 subtrees, 225 chunks, 9313895 nodes)
  residual top-10 (subtree_mass × max(avg_loss − 1.541, 0)):
    rc   rootID   mass      avg_loss     score 
    59   1500853  192300    1.6723       25210.1
    6    309644   167551    1.6132       12067.0
    54   1241689  76537     1.6355       7218.0
    39   493671   419607    1.5558       6113.8
    44   798168   118584    1.5900       5789.2
    5    300532   44208     1.6689       5646.8
    40   574911   82726     1.6015       4990.0
    46   840714   415269    1.5507       3931.7
    58   1402652  543420    1.5484       3924.1
    60   1539801  58095     1.6014       3498.3
    top-10: 24.6% of mass, 89.1% of excess-loss
Epoch 285: loss=1.534157  (5.77 sec, 65 subtrees, 225 chunks, 9313896 nodes)
  residual top-10 (subtree_mass × max(avg_loss − 1.534, 0)):
    rc   rootID   mass      avg_loss     score 
    59   1500853  192300    1.6240       17282.5
    6    309644   167551    1.6133       13258.8
    39   493671   419607    1.5551       8808.5
    1    50944    1479765   1.5397       8179.9
    44   798168   118584    1.5889       6496.9
    40   574911   82726     1.6066       5993.5
    5    300532   44208     1.6694       5976.8
    46   840714   415269    1.5459       4861.6
    54   1241689  76537     1.5930       4504.8
    60   1539801  58095     1.5952       3546.9
    top-10: 35.5% of mass, 87.3% of excess-loss
Epoch 286: loss=1.543646  (5.76 sec, 65 subtrees, 225 chunks, 9313896 nodes)
  residual top-10 (subtree_mass × max(avg_loss − 1.544, 0)):
    rc   rootID   mass      avg_loss     score 
    59   1500853  192300    1.7684       43217.1
    6    309644   167551    1.6709       21315.8
    5    300532   44208     1.7833       10593.0
    60   1539801  58095     1.6793       7881.5
    39   493671   419607    1.5582       6105.1
    61   1551260  134045    1.5876       5888.9
    54   1241689  76537     1.6147       5434.9
    40   574911   82726     1.6053       5100.1
    44   798168   118584    1.5820       4544.6
    58   1402652  543420    1.5488       2780.2
    top-10: 21.4% of mass, 93.1% of excess-loss
Epoch 287: loss=1.559101  (5.76 sec, 65 subtrees, 225 chunks, 9313896 nodes)
  residual top-10 (subtree_mass × max(avg_loss − 1.559, 0)):
    rc   rootID   mass      avg_loss     score 
    59   1500853  192300    1.8766       61048.1
    6    309644   167551    1.6627       17354.1
    58   1402652  543420    1.5838       13428.0
    61   1551260  134045    1.6523       12498.4
    60   1539801  58095     1.7473       10933.1
    5    300532   44208     1.7331       7691.4
    63   1577668  160299    1.6019       6865.2
    44   798168   118584    1.6027       5166.8
    39   493671   419607    1.5711       5022.3
    40   574911   82726     1.6127       4430.5
    top-10: 22.3% of mass, 94.3% of excess-loss
Epoch 288: loss=1.556250  (5.76 sec, 65 subtrees, 225 chunks, 9313896 nodes)
  residual top-10 (subtree_mass × max(avg_loss − 1.556, 0)):
    rc   rootID   mass      avg_loss     score 
    1    50944    1479765   1.5825       38838.1
    59   1500853  192300    1.7338       34151.4
    6    309644   167551    1.6753       19941.7
    5    300532   44208     1.7549       8782.3
    60   1539801  58095     1.6665       6407.7
    39   493671   419607    1.5713       6304.1
    40   574911   82726     1.6096       4412.1
    44   798168   118584    1.5925       4301.0
    0    1        297533    1.5651       2637.0
    54   1241689  76537     1.5899       2576.6
    top-10: 34.2% of mass, 93.6% of excess-loss
Epoch 289: loss=1.528373  (5.77 sec, 65 subtrees, 225 chunks, 9313896 nodes)
  residual top-10 (subtree_mass × max(avg_loss − 1.528, 0)):
    rc   rootID   mass      avg_loss     score 
    1    50944    1479765   1.5389       15584.0
    59   1500853  192300    1.5948       12774.9
    6    309644   167551    1.6027       12447.2
    39   493671   419607    1.5484       8402.3
    46   840714   415269    1.5418       5557.3
    5    300532   44208     1.6485       5310.1
    40   574911   82726     1.5923       5289.2
    44   798168   118584    1.5654       4394.4
    54   1241689  76537     1.5796       3917.6
    60   1539801  58095     1.5865       3374.9
    top-10: 35.5% of mass, 88.4% of excess-loss
Epoch 290: loss=1.526195  (5.76 sec, 65 subtrees, 225 chunks, 9313896 nodes)
  residual top-10 (subtree_mass × max(avg_loss − 1.526, 0)):
    rc   rootID   mass      avg_loss     score 
    59   1500853  192300    1.6048       15110.7
    6    309644   167551    1.5953       11582.4
    39   493671   419607    1.5469       8694.2
    46   840714   415269    1.5432       7058.6
    1    50944    1479765   1.5306       6581.5
    44   798168   118584    1.5767       5983.8
    40   574911   82726     1.5944       5646.2
    5    300532   44208     1.6394       5005.3
    54   1241689  76537     1.5873       4677.0
    41   591555   114034    1.5543       3201.8
    top-10: 36.2% of mass, 87.2% of excess-loss
Epoch 291: loss=1.528382  (5.76 sec, 65 subtrees, 225 chunks, 9313896 nodes)
  residual top-10 (subtree_mass × max(avg_loss − 1.528, 0)):
    rc   rootID   mass      avg_loss     score 
    59   1500853  192300    1.6960       32233.4
    6    309644   167551    1.5959       11309.6
    39   493671   419607    1.5459       7369.0
    40   574911   82726     1.5991       5852.6
    58   1402652  543420    1.5384       5451.8
    54   1241689  76537     1.5968       5238.6
    44   798168   118584    1.5724       5219.1
    5    300532   44208     1.6444       5126.7
    60   1539801  58095     1.6036       4367.9
    46   840714   415269    1.5379       3964.7
    top-10: 24.6% of mass, 89.7% of excess-loss
Epoch 292: loss=1.525253  (5.76 sec, 65 subtrees, 225 chunks, 9313896 nodes)
  residual top-10 (subtree_mass × max(avg_loss − 1.525, 0)):
    rc   rootID   mass      avg_loss     score 
    59   1500853  192300    1.6278       19715.1
    6    309644   167551    1.5988       12319.3
    1    50944    1479765   1.5307       8091.8
    39   493671   419607    1.5439       7829.0
    40   574911   82726     1.5922       5537.2
    5    300532   44208     1.6499       5511.2
    44   798168   118584    1.5695       5252.7
    54   1241689  76537     1.5934       5213.3
    46   840714   415269    1.5366       4692.4
    60   1539801  58095     1.6058       4676.8
    top-10: 35.5% of mass, 86.6% of excess-loss
Epoch 293: loss=1.540670  (5.76 sec, 65 subtrees, 225 chunks, 9313896 nodes)
  residual top-10 (subtree_mass × max(avg_loss − 1.541, 0)):
    rc   rootID   mass      avg_loss     score 
    59   1500853  192300    1.9462       77980.9
    60   1539801  58095     1.8922       20421.4
    61   1551260  134045    1.6656       16750.6
    6    309644   167551    1.6051       10797.2
    58   1402652  543420    1.5546       7545.0
    5    300532   44208     1.6610       5320.1
    54   1241689  76537     1.6011       4623.8
    40   574911   82726     1.5932       4345.0
    44   798168   118584    1.5754       4119.7
    63   1577668  160299    1.5590       2942.4
    top-10: 18.4% of mass, 97.1% of excess-loss
Epoch 294: loss=1.525266  (5.77 sec, 65 subtrees, 225 chunks, 9313896 nodes)
  residual top-10 (subtree_mass × max(avg_loss − 1.525, 0)):
    rc   rootID   mass      avg_loss     score 
    1    50944    1479765   1.5394       20936.3
    6    309644   167551    1.6000       12513.9
    59   1500853  192300    1.5750       9568.0
    39   493671   419607    1.5452       8351.3
    5    300532   44208     1.6479       5421.4
    40   574911   82726     1.5897       5329.9
    46   840714   415269    1.5371       4933.1
    54   1241689  76537     1.5851       4577.1
    44   798168   118584    1.5637       4554.6
    41   591555   114034    1.5542       3295.1
    top-10: 36.2% of mass, 91.2% of excess-loss
Epoch 295: loss=1.520619  (5.77 sec, 65 subtrees, 225 chunks, 9313896 nodes)
  residual top-10 (subtree_mass × max(avg_loss − 1.521, 0)):
    rc   rootID   mass      avg_loss     score 
    6    309644   167551    1.5942       12323.0
    1    50944    1479765   1.5273       9819.7
    39   493671   419607    1.5424       9118.8
    59   1500853  192300    1.5660       8717.5
    46   840714   415269    1.5356       6235.6
    40   574911   82726     1.5895       5696.9
    5    300532   44208     1.6479       5628.9
    44   798168   118584    1.5647       5233.1
    54   1241689  76537     1.5841       4855.7
    41   591555   114034    1.5515       3521.1
    top-10: 36.2% of mass, 88.2% of excess-loss
Epoch 296: loss=1.526946  (5.77 sec, 65 subtrees, 225 chunks, 9313896 nodes)
  residual top-10 (subtree_mass × max(avg_loss − 1.527, 0)):
    rc   rootID   mass      avg_loss     score 
    59   1500853  192300    1.6740       28272.0
    6    309644   167551    1.5967       11693.9
    54   1241689  76537     1.6353       8296.0
    39   493671   419607    1.5430       6727.7
    58   1402652  543420    1.5381       6063.7
    60   1539801  58095     1.6183       5305.6
    5    300532   44208     1.6464       5279.2
    40   574911   82726     1.5894       5169.8
    44   798168   118584    1.5686       4935.2
    46   840714   415269    1.5359       3715.7
    top-10: 24.6% of mass, 90.5% of excess-loss
Epoch 297: loss=1.527244  (5.77 sec, 65 subtrees, 225 chunks, 9313896 nodes)
  residual top-10 (subtree_mass × max(avg_loss − 1.527, 0)):
    rc   rootID   mass      avg_loss     score 
    59   1500853  192300    1.7064       34453.6
    6    309644   167551    1.5926       10951.1
    60   1539801  58095     1.6506       7165.7
    39   493671   419607    1.5429       6553.9
    54   1241689  76537     1.6123       6510.0
    61   1551260  134045    1.5679       5455.8
    40   574911   82726     1.5913       5300.4
    5    300532   44208     1.6441       5165.0
    44   798168   118584    1.5693       4990.2
    58   1402652  543420    1.5349       4171.3
    top-10: 21.4% of mass, 91.7% of excess-loss
Epoch 298: loss=1.523993  (5.77 sec, 65 subtrees, 225 chunks, 9313896 nodes)
  residual top-10 (subtree_mass × max(avg_loss − 1.524, 0)):
    rc   rootID   mass      avg_loss     score 
    59   1500853  192300    1.6299       20359.9
    6    309644   167551    1.5938       11702.5
    39   493671   419607    1.5428       7873.8
    54   1241689  76537     1.6143       6913.3
    40   574911   82726     1.5886       5342.8
    5    300532   44208     1.6412       5181.6
    44   798168   118584    1.5668       5076.3
    46   840714   415269    1.5359       4942.0
    1    50944    1479765   1.5271       4621.0
    60   1539801  58095     1.5905       3862.0
    top-10: 35.5% of mass, 86.8% of excess-loss
Epoch 299: loss=1.531278  (5.76 sec, 65 subtrees, 225 chunks, 9313896 nodes)
  residual top-10 (subtree_mass × max(avg_loss − 1.531, 0)):
    rc   rootID   mass      avg_loss     score 
    59   1500853  192300    1.6799       28574.0
    58   1402652  543420    1.5564       13638.7
    6    309644   167551    1.6043       12229.3
    57   1329804  377747    1.5515       7627.2
    46   840714   415269    1.5460       6103.8
    44   798168   118584    1.5808       5870.0
    5    300532   44208     1.6602       5697.4
    60   1539801  58095     1.6284       5641.0
    54   1241689  76537     1.6020       5409.6
    39   493671   419607    1.5437       5206.3
    top-10: 28.1% of mass, 86.2% of excess-loss
Epoch 300: loss=1.538841  (5.77 sec, 65 subtrees, 225 chunks, 9313896 nodes)
  residual top-10 (subtree_mass × max(avg_loss − 1.539, 0)):
    rc   rootID   mass      avg_loss     score 
    59   1500853  192300    1.7621       42939.3
    6    309644   167551    1.6377       16567.1
    5    300532   44208     1.7539       9507.7
    58   1402652  543420    1.5515       6891.0
    60   1539801  58095     1.6374       5723.3
    39   493671   419607    1.5525       5717.0
    54   1241689  76537     1.6114       5551.8
    61   1551260  134045    1.5797       5473.4
    40   574911   82726     1.5988       4956.7
    44   798168   118584    1.5791       4778.7
    top-10: 21.4% of mass, 94.4% of excess-loss
Epoch 301: loss=1.528560  (5.77 sec, 65 subtrees, 225 chunks, 9313896 nodes)
  residual top-10 (subtree_mass × max(avg_loss − 1.529, 0)):
    rc   rootID   mass      avg_loss     score 
    1    50944    1479765   1.5431       21474.8
    6    309644   167551    1.6084       13373.4
    59   1500853  192300    1.5883       11495.5
    39   493671   419607    1.5509       9357.6
    5    300532   44208     1.6608       5845.0
    40   574911   82726     1.5991       5833.4
    44   798168   118584    1.5723       5192.0
    46   840714   415269    1.5407       5035.6
    54   1241689  76537     1.5801       3941.2
    41   591555   114034    1.5621       3820.3
    top-10: 36.2% of mass, 91.0% of excess-loss
Epoch 302: loss=1.524723  (5.77 sec, 65 subtrees, 225 chunks, 9313896 nodes)
  residual top-10 (subtree_mass × max(avg_loss − 1.525, 0)):
    rc   rootID   mass      avg_loss     score 
    59   1500853  192300    1.6381       21792.9
    6    309644   167551    1.5967       12053.7
    39   493671   419607    1.5439       8031.8
    44   798168   118584    1.5762       6098.7
    5    300532   44208     1.6596       5964.4
    46   840714   415269    1.5373       5207.0
    40   574911   82726     1.5860       5068.3
    54   1241689  76537     1.5884       4869.9
    1    50944    1479765   1.5280       4797.3
    60   1539801  58095     1.5984       4282.9
    top-10: 35.5% of mass, 86.7% of excess-loss
Epoch 303: loss=1.523752  (5.76 sec, 65 subtrees, 225 chunks, 9313896 nodes)
  residual top-10 (subtree_mass × max(avg_loss − 1.524, 0)):
    rc   rootID   mass      avg_loss     score 
    59   1500853  192300    1.6607       26328.2
    6    309644   167551    1.5892       10959.8
    39   493671   419607    1.5408       7166.4
    54   1241689  76537     1.6066       6342.7
    5    300532   44208     1.6450       5358.4
    44   798168   118584    1.5689       5350.5
    40   574911   82726     1.5837       4957.8
    46   840714   415269    1.5348       4586.0
    60   1539801  58095     1.6024       4568.6
    58   1402652  543420    1.5301       3438.8
    top-10: 24.6% of mass, 87.2% of excess-loss
Epoch 304: loss=1.521121  (5.77 sec, 65 subtrees, 225 chunks, 9313896 nodes)
  residual top-10 (subtree_mass × max(avg_loss − 1.521, 0)):
    rc   rootID   mass      avg_loss     score 
    59   1500853  192300    1.6256       20099.9
    6    309644   167551    1.5922       11909.1
    39   493671   419607    1.5396       7767.3
    1    50944    1479765   1.5256       6669.5
    5    300532   44208     1.6454       5492.3
    44   798168   118584    1.5664       5372.9
    40   574911   82726     1.5853       5309.3
    60   1539801  58095     1.6121       5284.1
    54   1241689  76537     1.5871       5048.6
    46   840714   415269    1.5331       4964.1
    top-10: 35.5% of mass, 87.5% of excess-loss
Epoch 305: loss=1.529472  (5.76 sec, 65 subtrees, 225 chunks, 9313896 nodes)
  residual top-10 (subtree_mass × max(avg_loss − 1.529, 0)):
    rc   rootID   mass      avg_loss     score 
    59   1500853  192300    1.6529       23734.3
    6    309644   167551    1.5917       10418.9
    46   840714   415269    1.5528       9668.0
    44   798168   118584    1.5902       7205.2
    58   1402652  543420    1.5423       6985.1
    54   1241689  76537     1.6062       5874.2
    5    300532   44208     1.6488       5275.3
    60   1539801  58095     1.6185       5174.0
    40   574911   82726     1.5873       4784.1
    39   493671   419607    1.5396       4235.5
    top-10: 24.6% of mass, 87.1% of excess-loss
Epoch 306: loss=1.528372  (5.77 sec, 65 subtrees, 225 chunks, 9313896 nodes)
  residual top-10 (subtree_mass × max(avg_loss − 1.528, 0)):
    rc   rootID   mass      avg_loss     score 
    59   1500853  192300    1.6473       22874.1
    6    309644   167551    1.5999       11990.8
    39   493671   419607    1.5481       8258.2
    1    50944    1479765   1.5331       7033.6
    44   798168   118584    1.5737       5377.9
    40   574911   82726     1.5929       5340.3
    5    300532   44208     1.6486       5313.4
    60   1539801  58095     1.6092       4695.1
    54   1241689  76537     1.5887       4620.0
    46   840714   415269    1.5392       4479.3
    top-10: 35.5% of mass, 86.1% of excess-loss
Epoch 307: loss=1.528068  (5.76 sec, 65 subtrees, 225 chunks, 9313896 nodes)
  residual top-10 (subtree_mass × max(avg_loss − 1.528, 0)):
    rc   rootID   mass      avg_loss     score 
    59   1500853  192300    1.7308       38989.1
    6    309644   167551    1.5965       11461.0
    39   493671   419607    1.5440       6676.9
    54   1241689  76537     1.6101       6280.2
    5    300532   44208     1.6494       5362.2
    58   1402652  543420    1.5377       5210.5
    40   574911   82726     1.5905       5161.0
    60   1539801  58095     1.6168       5155.4
    44   798168   118584    1.5641       4270.4
    61   1551260  134045    1.5574       3928.1
    top-10: 21.4% of mass, 90.4% of excess-loss
Epoch 308: loss=1.537918  (5.76 sec, 65 subtrees, 225 chunks, 9313895 nodes)
  residual top-10 (subtree_mass × max(avg_loss − 1.538, 0)):
    rc   rootID   mass      avg_loss     score 
    6    309644   167551    1.6815       24050.6
    59   1500853  192300    1.6340       18483.8
    39   493671   419607    1.5674       12373.9
    5    300532   44208     1.7721       10352.1
    40   574911   82726     1.6107       6022.3
    44   798168   118584    1.5869       5813.4
    46   840714   415269    1.5506       5265.8
    54   1241689  76537     1.5899       3979.5
    41   591555   114034    1.5681       3440.2
    60   1539801  58095     1.5969       3429.3
    top-10: 19.6% of mass, 90.1% of excess-loss
Epoch 309: loss=1.526145  (5.76 sec, 65 subtrees, 225 chunks, 9313895 nodes)
  residual top-10 (subtree_mass × max(avg_loss − 1.526, 0)):
    rc   rootID   mass      avg_loss     score 
    59   1500853  192300    1.5981       13839.4
    6    309644   167551    1.6002       12413.1
    1    50944    1479765   1.5344       12280.7
    39   493671   419607    1.5463       8477.0
    5    300532   44208     1.6511       5522.5
    46   840714   415269    1.5390       5340.0
    40   574911   82726     1.5906       5331.9
    54   1241689  76537     1.5937       5173.4
    44   798168   118584    1.5670       4849.5
    60   1539801  58095     1.5870       3536.4
    top-10: 35.5% of mass, 88.7% of excess-loss
Epoch 310: loss=1.539975  (5.77 sec, 65 subtrees, 225 chunks, 9313896 nodes)
  residual top-10 (subtree_mass × max(avg_loss − 1.540, 0)):
    rc   rootID   mass      avg_loss     score 
    59   1500853  192300    1.8369       57103.5
    58   1402652  543420    1.6133       39847.6
    6    309644   167551    1.5939       9034.7
    61   1551260  134045    1.5923       7010.1
    60   1539801  58095     1.6595       6942.9
    54   1241689  76537     1.6240       6428.4
    5    300532   44208     1.6447       4629.6
    40   574911   82726     1.5901       4144.8
    44   798168   118584    1.5734       3962.4
    57   1329804  377747    1.5483       3140.5
    top-10: 20.9% of mass, 96.1% of excess-loss
Epoch 311: loss=1.528389  (5.76 sec, 65 subtrees, 225 chunks, 9313896 nodes)
  residual top-10 (subtree_mass × max(avg_loss − 1.528, 0)):
    rc   rootID   mass      avg_loss     score 
    1    50944    1479765   1.5471       27620.1
    6    309644   167551    1.6125       14099.9
    59   1500853  192300    1.5930       12434.0
    39   493671   419607    1.5480       8245.8
    5    300532   44208     1.6576       5713.9
    40   574911   82726     1.5890       5013.6
    44   798168   118584    1.5679       4690.1
    46   840714   415269    1.5389       4375.0
    54   1241689  76537     1.5727       3392.9
    41   591555   114034    1.5563       3180.5
    top-10: 36.2% of mass, 92.6% of excess-loss
Epoch 312: loss=1.521968  (5.77 sec, 65 subtrees, 225 chunks, 9313896 nodes)
  residual top-10 (subtree_mass × max(avg_loss − 1.522, 0)):
    rc   rootID   mass      avg_loss     score 
    59   1500853  192300    1.5976       14548.5
    6    309644   167551    1.5915       11651.7
    39   493671   419607    1.5428       8758.3
    1    50944    1479765   1.5272       7686.0
    40   574911   82726     1.5959       6116.1
    46   840714   415269    1.5356       5652.2
    5    300532   44208     1.6396       5198.2
    44   798168   118584    1.5649       5088.8
    54   1241689  76537     1.5750       4057.9
    60   1539801  58095     1.5917       4053.9
    top-10: 35.5% of mass, 87.1% of excess-loss
Epoch 313: loss=1.520213  (5.76 sec, 65 subtrees, 225 chunks, 9313896 nodes)
  residual top-10 (subtree_mass × max(avg_loss − 1.520, 0)):
    rc   rootID   mass      avg_loss     score 
    59   1500853  192300    1.5993       15198.7
    6    309644   167551    1.5897       11634.5
    39   493671   419607    1.5403       8443.1
    1    50944    1479765   1.5249       6985.7
    46   840714   415269    1.5341       5769.9
    40   574911   82726     1.5876       5575.7
    5    300532   44208     1.6408       5330.2
    44   798168   118584    1.5651       5322.8
    54   1241689  76537     1.5758       4257.5
    60   1539801  58095     1.5878       3927.9
    top-10: 35.5% of mass, 87.0% of excess-loss
Epoch 314: loss=1.525452  (5.77 sec, 65 subtrees, 225 chunks, 9313896 nodes)
  residual top-10 (subtree_mass × max(avg_loss − 1.525, 0)):
    rc   rootID   mass      avg_loss     score 
    59   1500853  192300    1.7067       34857.2
    6    309644   167551    1.5906       10914.3
    60   1539801  58095     1.6587       7743.6
    39   493671   419607    1.5433       7472.7
    61   1551260  134045    1.5689       5828.6
    44   798168   118584    1.5716       5466.8
    40   574911   82726     1.5899       5331.5
    5    300532   44208     1.6400       5062.9
    54   1241689  76537     1.5884       4814.7
    46   840714   415269    1.5353       4087.9
    top-10: 19.9% of mass, 91.8% of excess-loss
Epoch 315: loss=1.521173  (5.76 sec, 65 subtrees, 225 chunks, 9313896 nodes)
  residual top-10 (subtree_mass × max(avg_loss − 1.521, 0)):
    rc   rootID   mass      avg_loss     score 
    59   1500853  192300    1.6121       17485.0
    6    309644   167551    1.6019       13521.2
    39   493671   419607    1.5413       8452.7
    1    50944    1479765   1.5260       7149.6
    5    300532   44208     1.6581       6053.9
    40   574911   82726     1.5887       5583.5
    46   840714   415269    1.5344       5506.3
    54   1241689  76537     1.5902       5285.2
    44   798168   118584    1.5653       5236.5
    60   1539801  58095     1.5800       3418.9
    top-10: 35.5% of mass, 88.2% of excess-loss
Epoch 316: loss=1.518935  (5.76 sec, 65 subtrees, 225 chunks, 9313896 nodes)
  residual top-10 (subtree_mass × max(avg_loss − 1.519, 0)):
    rc   rootID   mass      avg_loss     score 
    59   1500853  192300    1.6001       15602.1
    6    309644   167551    1.5885       11650.0
    39   493671   419607    1.5405       9068.7
    54   1241689  76537     1.6066       6710.2
    1    50944    1479765   1.5230       5944.5
    40   574911   82726     1.5905       5916.4
    44   798168   118584    1.5651       5474.0
    5    300532   44208     1.6416       5421.2
    46   840714   415269    1.5319       5387.9
    60   1539801  58095     1.5875       3981.6
    top-10: 35.5% of mass, 87.6% of excess-loss
Epoch 317: loss=1.519271  (5.76 sec, 65 subtrees, 225 chunks, 9313896 nodes)
  residual top-10 (subtree_mass × max(avg_loss − 1.519, 0)):
    rc   rootID   mass      avg_loss     score 
    59   1500853  192300    1.6685       28695.3
    6    309644   167551    1.5851       11024.0
    39   493671   419607    1.5370       7421.9
    5    300532   44208     1.6457       5588.3
    44   798168   118584    1.5650       5425.8
    40   574911   82726     1.5848       5424.1
    60   1539801  58095     1.6053       4997.4
    46   840714   415269    1.5302       4544.9
    54   1241689  76537     1.5726       4085.5
    61   1551260  134045    1.5459       3569.8
    top-10: 19.9% of mass, 87.6% of excess-loss
Epoch 318: loss=1.517294  (5.77 sec, 65 subtrees, 225 chunks, 9313896 nodes)
  residual top-10 (subtree_mass × max(avg_loss − 1.517, 0)):
    rc   rootID   mass      avg_loss     score 
    59   1500853  192300    1.6303       21739.1
    6    309644   167551    1.5864       11574.1
    39   493671   419607    1.5363       7956.7
    40   574911   82726     1.5839       5507.0
    5    300532   44208     1.6409       5464.0
    44   798168   118584    1.5619       5286.2
    46   840714   415269    1.5299       5237.4
    1    50944    1479765   1.5208       5173.7
    60   1539801  58095     1.5920       4337.6
    54   1241689  76537     1.5738       4324.0
    top-10: 35.5% of mass, 86.3% of excess-loss
Epoch 319: loss=1.520840  (5.76 sec, 65 subtrees, 225 chunks, 9313896 nodes)
  residual top-10 (subtree_mass × max(avg_loss − 1.521, 0)):
    rc   rootID   mass      avg_loss     score 
    59   1500853  192300    1.6658       27877.7
    6    309644   167551    1.5878       11221.9
    39   493671   419607    1.5371       6806.5
    54   1241689  76537     1.6089       6741.6
    40   574911   82726     1.5893       5660.7
    5    300532   44208     1.6410       5311.2
    44   798168   118584    1.5649       5225.5
    58   1402652  543420    1.5292       4565.4
    60   1539801  58095     1.5970       4424.7
    46   840714   415269    1.5303       3930.0
    top-10: 24.6% of mass, 88.7% of excess-loss
Epoch 320: loss=1.520334  (5.76 sec, 65 subtrees, 225 chunks, 9313896 nodes)
  residual top-10 (subtree_mass × max(avg_loss − 1.520, 0)):
    rc   rootID   mass      avg_loss     score 
    59   1500853  192300    1.6450       23964.1
    6    309644   167551    1.5866       11110.9
    39   493671   419607    1.5405       8470.1
    46   840714   415269    1.5344       5848.9
    54   1241689  76537     1.5958       5772.8
    40   574911   82726     1.5897       5734.8
    44   798168   118584    1.5647       5263.8
    5    300532   44208     1.6289       4801.0
    60   1539801  58095     1.5768       3281.6
    41   591555   114034    1.5485       3210.1
    top-10: 19.6% of mass, 88.0% of excess-loss
Epoch 321: loss=1.528527  (5.77 sec, 65 subtrees, 225 chunks, 9313896 nodes)
  residual top-10 (subtree_mass × max(avg_loss − 1.529, 0)):
    rc   rootID   mass      avg_loss     score 
    59   1500853  192300    1.8834       68235.2
    58   1402652  543420    1.5527       13154.7
    6    309644   167551    1.5842       9320.0
    60   1539801  58095     1.6551       7350.9
    61   1551260  134045    1.5785       6703.5
    54   1241689  76537     1.5912       4800.0
    40   574911   82726     1.5837       4565.6
    5    300532   44208     1.6292       4449.9
    39   493671   419607    1.5380       3976.2
    44   798168   118584    1.5584       3538.5
    top-10: 21.4% of mass, 96.7% of excess-loss
Epoch 322: loss=1.516863  (5.77 sec, 65 subtrees, 225 chunks, 9313896 nodes)
  residual top-10 (subtree_mass × max(avg_loss − 1.517, 0)):
    rc   rootID   mass      avg_loss     score 
    1    50944    1479765   1.5273       15438.7
    59   1500853  192300    1.5832       12753.1
    6    309644   167551    1.5889       12065.9
    39   493671   419607    1.5360       8046.4
    46   840714   415269    1.5308       5796.2
    44   798168   118584    1.5621       5362.6
    5    300532   44208     1.6345       5199.8
    40   574911   82726     1.5792       5158.2
    54   1241689  76537     1.5640       3604.4
    41   591555   114034    1.5450       3207.1
    top-10: 36.2% of mass, 88.3% of excess-loss
Epoch 323: loss=1.516060  (5.76 sec, 65 subtrees, 225 chunks, 9313896 nodes)
  residual top-10 (subtree_mass × max(avg_loss − 1.516, 0)):
    rc   rootID   mass      avg_loss     score 
    59   1500853  192300    1.6059       17283.1
    6    309644   167551    1.5769       10200.7
    39   493671   419607    1.5343       7655.9
    46   840714   415269    1.5320       6620.2
    58   1402652  543420    1.5273       6119.8
    44   798168   118584    1.5630       5561.4
    40   574911   82726     1.5786       5170.8
    54   1241689  76537     1.5829       5112.3
    5    300532   44208     1.6195       4573.1
    1    50944    1479765   1.5184       3498.6
    top-10: 41.2% of mass, 84.8% of excess-loss
Epoch 324: loss=1.518599  (5.77 sec, 65 subtrees, 225 chunks, 9313896 nodes)
  residual top-10 (subtree_mass × max(avg_loss − 1.519, 0)):
    rc   rootID   mass      avg_loss     score 
    59   1500853  192300    1.6307       21549.1
    6    309644   167551    1.5814       10520.5
    58   1402652  543420    1.5371       10063.5
    39   493671   419607    1.5358       7231.0
    40   574911   82726     1.5799       5074.2
    54   1241689  76537     1.5847       5059.1
    46   840714   415269    1.5307       5005.2
    5    300532   44208     1.6276       4816.8
    44   798168   118584    1.5587       4754.6
    1    50944    1479765   1.5218       4734.7
    top-10: 41.2% of mass, 85.6% of excess-loss
Epoch 325: loss=1.514864  (5.76 sec, 65 subtrees, 225 chunks, 9313896 nodes)
  residual top-10 (subtree_mass × max(avg_loss − 1.515, 0)):
    rc   rootID   mass      avg_loss     score 
    59   1500853  192300    1.5970       15795.7
    6    309644   167551    1.5815       11164.1
    39   493671   419607    1.5350       8434.6
    1    50944    1479765   1.5203       8020.4
    46   840714   415269    1.5288       5797.1
    44   798168   118584    1.5599       5337.3
    40   574911   82726     1.5772       5152.8
    5    300532   44208     1.6284       5020.1
    54   1241689  76537     1.5792       4925.8
    60   1539801  58095     1.5762       3563.8
    top-10: 35.5% of mass, 86.0% of excess-loss
Epoch 326: loss=1.516579  (5.76 sec, 65 subtrees, 225 chunks, 9313896 nodes)
  residual top-10 (subtree_mass × max(avg_loss − 1.517, 0)):
    rc   rootID   mass      avg_loss     score 
    59   1500853  192300    1.6519       26015.8
    6    309644   167551    1.5771       10139.8
    39   493671   419607    1.5341       7359.4
    46   840714   415269    1.5311       6040.3
    40   574911   82726     1.5790       5159.9
    44   798168   118584    1.5594       5083.3
    54   1241689  76537     1.5747       4446.5
    58   1402652  543420    1.5246       4361.2
    5    300532   44208     1.6148       4343.9
    60   1539801  58095     1.5883       4166.2
    top-10: 24.6% of mass, 86.6% of excess-loss
Epoch 327: loss=1.516912  (5.77 sec, 65 subtrees, 225 chunks, 9313896 nodes)
  residual top-10 (subtree_mass × max(avg_loss − 1.517, 0)):
    rc   rootID   mass      avg_loss     score 
    59   1500853  192300    1.6637       28229.5
    6    309644   167551    1.5810       10735.1
    39   493671   419607    1.5349       7551.6
    40   574911   82726     1.5800       5222.4
    5    300532   44208     1.6270       4865.5
    58   1402652  543420    1.5257       4783.8
    46   840714   415269    1.5282       4680.9
    44   798168   118584    1.5559       4621.8
    60   1539801  58095     1.5888       4173.7
    1    50944    1479765   1.5195       3793.1
    top-10: 41.0% of mass, 86.4% of excess-loss
Epoch 328: loss=1.516535  (5.77 sec, 65 subtrees, 225 chunks, 9313896 nodes)
  residual top-10 (subtree_mass × max(avg_loss − 1.517, 0)):
    rc   rootID   mass      avg_loss     score 
    59   1500853  192300    1.5996       15980.5
    6    309644   167551    1.5790       10474.3
    39   493671   419607    1.5380       8992.8
    54   1241689  76537     1.5951       6015.7
    40   574911   82726     1.5831       5503.4
    44   798168   118584    1.5596       5103.5
    5    300532   44208     1.6265       4859.2
    46   840714   415269    1.5282       4855.3
    60   1539801  58095     1.5819       3799.8
    41   591555   114034    1.5460       3362.9
    top-10: 19.6% of mass, 84.2% of excess-loss
Epoch 329: loss=1.516350  (5.76 sec, 65 subtrees, 225 chunks, 9313896 nodes)
  residual top-10 (subtree_mass × max(avg_loss − 1.516, 0)):
    rc   rootID   mass      avg_loss     score 
    59   1500853  192300    1.6254       20978.8
    6    309644   167551    1.5790       10492.5
    39   493671   419607    1.5355       8047.6
    40   574911   82726     1.5893       6036.2
    46   840714   415269    1.5287       5119.0
    44   798168   118584    1.5581       4954.2
    5    300532   44208     1.6261       4852.3
    58   1402652  543420    1.5246       4476.0
    1    50944    1479765   1.5193       4298.3
    54   1241689  76537     1.5690       4032.1
    top-10: 41.2% of mass, 83.7% of excess-loss
Epoch 330: loss=1.513294  (5.76 sec, 65 subtrees, 225 chunks, 9313896 nodes)
  residual top-10 (subtree_mass × max(avg_loss − 1.513, 0)):
    rc   rootID   mass      avg_loss     score 
    59   1500853  192300    1.5888       14520.9
    6    309644   167551    1.5781       10860.8
    39   493671   419607    1.5333       8395.0
    1    50944    1479765   1.5175       6184.7
    46   840714   415269    1.5269       5657.7
    40   574911   82726     1.5801       5528.2
    44   798168   118584    1.5573       5215.3
    5    300532   44208     1.6252       4945.7
    54   1241689  76537     1.5743       4666.5
    60   1539801  58095     1.5778       3745.7
    top-10: 35.5% of mass, 83.7% of excess-loss
Epoch 331: loss=1.512830  (5.77 sec, 65 subtrees, 225 chunks, 9313896 nodes)
  residual top-10 (subtree_mass × max(avg_loss − 1.513, 0)):
    rc   rootID   mass      avg_loss     score 
    59   1500853  192300    1.5981       16390.0
    6    309644   167551    1.5782       10948.5
    39   493671   419607    1.5334       8643.6
    1    50944    1479765   1.5185       8352.1
    40   574911   82726     1.5865       6094.2
    46   840714   415269    1.5274       6050.6
    44   798168   118584    1.5629       5940.7
    5    300532   44208     1.6232       4877.2
    54   1241689  76537     1.5717       4502.4
    60   1539801  58095     1.5721       3445.6
    top-10: 35.5% of mass, 86.8% of excess-loss
Epoch 332: loss=1.510875  (5.76 sec, 65 subtrees, 225 chunks, 9313896 nodes)
  residual top-10 (subtree_mass × max(avg_loss − 1.511, 0)):
    rc   rootID   mass      avg_loss     score 
    59   1500853  192300    1.5798       13249.1
    6    309644   167551    1.5787       11360.3
    39   493671   419607    1.5318       8795.2
    1    50944    1479765   1.5160       7535.9
    46   840714   415269    1.5256       6126.7
    44   798168   118584    1.5602       5845.2
    40   574911   82726     1.5785       5594.7
    5    300532   44208     1.6238       4994.3
    54   1241689  76537     1.5715       4636.3
    41   591555   114034    1.5423       3583.0
    top-10: 36.2% of mass, 86.3% of excess-loss
Epoch 333: loss=1.515985  (5.76 sec, 65 subtrees, 225 chunks, 9313896 nodes)
  residual top-10 (subtree_mass × max(avg_loss − 1.516, 0)):
    rc   rootID   mass      avg_loss     score 
    59   1500853  192300    1.6848       32460.7
    6    309644   167551    1.5779       10372.0
    39   493671   419607    1.5342       7657.7
    60   1539801  58095     1.6424       7346.6
    54   1241689  76537     1.5983       6301.6
    40   574911   82726     1.5794       5247.8
    61   1551260  134045    1.5549       5214.5
    5    300532   44208     1.6255       4841.1
    44   798168   118584    1.5566       4818.3
    46   840714   415269    1.5255       3964.8
    top-10: 19.9% of mass, 90.8% of excess-loss
Epoch 334: loss=1.511622  (5.76 sec, 65 subtrees, 225 chunks, 9313894 nodes)
  residual top-10 (subtree_mass × max(avg_loss − 1.512, 0)):
    rc   rootID   mass      avg_loss     score 
    59   1500853  192300    1.5995       16902.6
    6    309644   167551    1.5762       10824.3
    1    50944    1479765   1.5174       8600.0
    39   493671   419607    1.5314       8318.0
    46   840714   415269    1.5260       5979.3
    40   574911   82726     1.5760       5328.5
    44   798168   118584    1.5531       4919.5
    5    300532   44208     1.6205       4815.0
    60   1539801  58095     1.5843       4222.7
    54   1241689  76537     1.5620       3855.1
    top-10: 35.5% of mass, 86.0% of excess-loss
Epoch 335: loss=1.511201  (5.77 sec, 65 subtrees, 225 chunks, 9313896 nodes)
  residual top-10 (subtree_mass × max(avg_loss − 1.511, 0)):
    rc   rootID   mass      avg_loss     score 
    59   1500853  192300    1.5862       14425.7
    6    309644   167551    1.5817       11810.0
    39   493671   419607    1.5311       8337.9
    1    50944    1479765   1.5164       7761.1
    46   840714   415269    1.5260       6163.9
    44   798168   118584    1.5578       5531.0
    40   574911   82726     1.5767       5416.1
    5    300532   44208     1.6311       5300.8
    54   1241689  76537     1.5706       4544.3
    41   591555   114034    1.5433       3660.8
    top-10: 36.2% of mass, 85.9% of excess-loss
Epoch 336: loss=1.510931  (5.76 sec, 65 subtrees, 225 chunks, 9313896 nodes)
  residual top-10 (subtree_mass × max(avg_loss − 1.511, 0)):
    rc   rootID   mass      avg_loss     score 
    59   1500853  192300    1.5779       12875.0
    6    309644   167551    1.5716       10165.1
    39   493671   419607    1.5312       8487.8
    46   840714   415269    1.5249       5793.7
    1    50944    1479765   1.5147       5616.9
    40   574911   82726     1.5751       5304.4
    44   798168   118584    1.5533       5026.7
    54   1241689  76537     1.5749       4897.0
    5    300532   44208     1.6128       4505.4
    60   1539801  58095     1.5765       3809.2
    top-10: 35.5% of mass, 84.0% of excess-loss
Epoch 337: loss=1.511616  (5.76 sec, 65 subtrees, 225 chunks, 9313896 nodes)
  residual top-10 (subtree_mass × max(avg_loss − 1.512, 0)):
    rc   rootID   mass      avg_loss     score 
    59   1500853  192300    1.5929       15632.0
    6    309644   167551    1.5859       12446.7
    39   493671   419607    1.5348       9713.2
    46   840714   415269    1.5255       5764.7
    44   798168   118584    1.5583       5538.6
    5    300532   44208     1.6367       5528.4
    40   574911   82726     1.5772       5423.8
    54   1241689  76537     1.5812       5325.5
    1    50944    1479765   1.5143       3952.9
    41   591555   114034    1.5438       3665.0
    top-10: 36.2% of mass, 86.7% of excess-loss
Epoch 338: loss=1.508424  (5.76 sec, 65 subtrees, 225 chunks, 9313896 nodes)
  residual top-10 (subtree_mass × max(avg_loss − 1.508, 0)):
    rc   rootID   mass      avg_loss     score 
    6    309644   167551    1.5771       11512.7
    39   493671   419607    1.5297       8919.0
    59   1500853  192300    1.5540       8770.5
    1    50944    1479765   1.5137       7746.3
    46   840714   415269    1.5252       6967.9
    40   574911   82726     1.5779       5749.9
    44   798168   118584    1.5564       5692.5
    5    300532   44208     1.6246       5137.3
    54   1241689  76537     1.5720       4867.9
    41   591555   114034    1.5421       3841.0
    top-10: 36.2% of mass, 86.8% of excess-loss
Epoch 339: loss=1.508292  (5.77 sec, 65 subtrees, 225 chunks, 9313896 nodes)
  residual top-10 (subtree_mass × max(avg_loss − 1.508, 0)):
    rc   rootID   mass      avg_loss     score 
    59   1500853  192300    1.5840       14559.1
    6    309644   167551    1.5753       11229.2
    39   493671   419607    1.5277       8140.7
    46   840714   415269    1.5234       6272.6
    1    50944    1479765   1.5122       5747.7
    44   798168   118584    1.5535       5366.3
    40   574911   82726     1.5723       5296.9
    5    300532   44208     1.6239       5109.7
    54   1241689  76537     1.5698       4710.8
    60   1539801  58095     1.5712       3655.0
    top-10: 35.5% of mass, 85.0% of excess-loss
Epoch 340: loss=1.507180  (5.76 sec, 65 subtrees, 225 chunks, 9313896 nodes)
  residual top-10 (subtree_mass × max(avg_loss − 1.507, 0)):
    rc   rootID   mass      avg_loss     score 
    59   1500853  192300    1.5687       11829.3
    6    309644   167551    1.5765       11613.6
    39   493671   419607    1.5273       8430.6
    1    50944    1479765   1.5123       7557.0
    46   840714   415269    1.5228       6497.3
    44   798168   118584    1.5545       5615.3
    40   574911   82726     1.5712       5299.8
    5    300532   44208     1.6171       4858.1
    54   1241689  76537     1.5655       4462.8
    41   591555   114034    1.5391       3644.0
    top-10: 36.2% of mass, 85.6% of excess-loss
Epoch 341: loss=1.507638  (5.77 sec, 65 subtrees, 225 chunks, 9313896 nodes)
  residual top-10 (subtree_mass × max(avg_loss − 1.508, 0)):
    rc   rootID   mass      avg_loss     score 
    59   1500853  192300    1.5905       15938.8
    6    309644   167551    1.5722       10812.5
    39   493671   419607    1.5273       8255.4
    1    50944    1479765   1.5120       6419.2
    46   840714   415269    1.5217       5842.3
    40   574911   82726     1.5720       5326.8
    44   798168   118584    1.5511       5158.9
    54   1241689  76537     1.5715       4889.6
    5    300532   44208     1.6156       4772.4
    41   591555   114034    1.5389       3569.0
    top-10: 36.2% of mass, 85.0% of excess-loss
Epoch 342: loss=1.511634  (5.77 sec, 65 subtrees, 225 chunks, 9313896 nodes)
  residual top-10 (subtree_mass × max(avg_loss − 1.512, 0)):
    rc   rootID   mass      avg_loss     score 
    59   1500853  192300    1.6583       28211.7
    6    309644   167551    1.5703       9830.8
    39   493671   419607    1.5301       7733.0
    54   1241689  76537     1.5997       6738.9
    60   1539801  58095     1.6145       5976.4
    44   798168   118584    1.5577       5457.5
    40   574911   82726     1.5759       5317.1
    5    300532   44208     1.6145       4547.0
    46   840714   415269    1.5219       4277.0
    58   1402652  543420    1.5193       4182.0
    top-10: 24.6% of mass, 89.0% of excess-loss
Epoch 343: loss=1.508668  (5.76 sec, 65 subtrees, 225 chunks, 9313896 nodes)
  residual top-10 (subtree_mass × max(avg_loss − 1.509, 0)):
    rc   rootID   mass      avg_loss     score 
    59   1500853  192300    1.6279       22927.4
    6    309644   167551    1.5671       9787.0
    39   493671   419607    1.5264       7439.0
    46   840714   415269    1.5218       5457.5
    1    50944    1479765   1.5123       5435.8
    40   574911   82726     1.5694       5027.4
    44   798168   118584    1.5504       4942.8
    54   1241689  76537     1.5706       4740.1
    60   1539801  58095     1.5893       4684.4
    5    300532   44208     1.6070       4346.8
    top-10: 35.5% of mass, 84.0% of excess-loss
Epoch 344: loss=1.507124  (5.77 sec, 65 subtrees, 225 chunks, 9313894 nodes)
  residual top-10 (subtree_mass × max(avg_loss − 1.507, 0)):
    rc   rootID   mass      avg_loss     score 
    59   1500853  192300    1.5949       16880.1
    6    309644   167551    1.5700       10530.2
    39   493671   419607    1.5259       7869.2
    1    50944    1479765   1.5120       7177.5
    46   840714   415269    1.5211       5819.1
    40   574911   82726     1.5702       5217.5
    5    300532   44208     1.6118       4627.1
    54   1241689  76537     1.5666       4553.2
    44   798168   118584    1.5449       4483.2
    41   591555   114034    1.5381       3528.7
    top-10: 36.2% of mass, 84.6% of excess-loss
Epoch 345: loss=1.509417  (5.76 sec, 65 subtrees, 225 chunks, 9313896 nodes)
  residual top-10 (subtree_mass × max(avg_loss − 1.509, 0)):
    rc   rootID   mass      avg_loss     score 
    59   1500853  192300    1.5860       14731.0
    6    309644   167551    1.5758       11121.7
    39   493671   419607    1.5257       6845.7
    61   1551260  134045    1.5550       6111.4
    60   1539801  58095     1.6062       5620.9
    46   840714   415269    1.5216       5042.6
    40   574911   82726     1.5700       5014.0
    5    300532   44208     1.6199       4884.1
    44   798168   118584    1.5498       4792.4
    58   1402652  543420    1.5172       4215.2
    top-10: 25.3% of mass, 80.8% of excess-loss
Epoch 346: loss=1.515357  (5.77 sec, 65 subtrees, 225 chunks, 9313895 nodes)
  residual top-10 (subtree_mass × max(avg_loss − 1.515, 0)):
    rc   rootID   mass      avg_loss     score 
    59   1500853  192300    1.6369       23376.1
    6    309644   167551    1.5891       12358.3
    1    50944    1479765   1.5222       10119.7
    39   493671   419607    1.5366       8933.5
    40   574911   82726     1.5803       5370.1
    46   840714   415269    1.5276       5085.4
    5    300532   44208     1.6299       5064.3
    44   798168   118584    1.5521       4354.3
    54   1241689  76537     1.5675       3988.2
    60   1539801  58095     1.5805       3785.8
    top-10: 35.5% of mass, 88.6% of excess-loss
Epoch 347: loss=1.511729  (5.76 sec, 65 subtrees, 225 chunks, 9313896 nodes)
  residual top-10 (subtree_mass × max(avg_loss − 1.512, 0)):
    rc   rootID   mass      avg_loss     score 
    6    309644   167551    1.5791       11285.0
    39   493671   419607    1.5357       10078.5
    59   1500853  192300    1.5610       9467.0
    46   840714   415269    1.5255       5730.2
    40   574911   82726     1.5771       5405.5
    5    300532   44208     1.6324       5334.1
    44   798168   118584    1.5523       4808.5
    41   591555   114034    1.5466       3981.7
    54   1241689  76537     1.5621       3856.2
    1    50944    1479765   1.5136       2790.2
    top-10: 36.2% of mass, 82.2% of excess-loss
Epoch 348: loss=1.508000  (5.76 sec, 65 subtrees, 225 chunks, 9313896 nodes)
  residual top-10 (subtree_mass × max(avg_loss − 1.508, 0)):
    rc   rootID   mass      avg_loss     score 
    59   1500853  192300    1.5759       13052.5
    6    309644   167551    1.5698       10357.8
    39   493671   419607    1.5271       8030.6
    1    50944    1479765   1.5129       7274.4
    46   840714   415269    1.5232       6295.0
    40   574911   82726     1.5700       5130.2
    44   798168   118584    1.5495       4919.7
    5    300532   44208     1.6092       4475.0
    54   1241689  76537     1.5644       4317.7
    41   591555   114034    1.5395       3592.4
    top-10: 36.2% of mass, 84.5% of excess-loss
Epoch 349: loss=1.505584  (5.76 sec, 65 subtrees, 225 chunks, 9313896 nodes)
  residual top-10 (subtree_mass × max(avg_loss − 1.506, 0)):
    rc   rootID   mass      avg_loss     score 
    6    309644   167551    1.5677       10414.0
    1    50944    1479765   1.5119       9287.6
    39   493671   419607    1.5271       9030.6
    59   1500853  192300    1.5480       8151.3
    46   840714   415269    1.5220       6817.1
    40   574911   82726     1.5705       5369.1
    44   798168   118584    1.5446       4622.8
    5    300532   44208     1.6057       4427.5
    54   1241689  76537     1.5575       3972.2
    41   591555   114034    1.5397       3894.0
    top-10: 36.2% of mass, 85.9% of excess-loss
Epoch 350: loss=1.503853  (5.78 sec, 65 subtrees, 225 chunks, 9313896 nodes)
  residual top-10 (subtree_mass × max(avg_loss − 1.504, 0)):
    rc   rootID   mass      avg_loss     score 
    6    309644   167551    1.5688       10880.1
    1    50944    1479765   1.5099       9003.7
    39   493671   419607    1.5249       8851.9
    59   1500853  192300    1.5421       7359.3
    46   840714   415269    1.5201       6740.1
    44   798168   118584    1.5493       5392.1
    40   574911   82726     1.5679       5300.5
    5    300532   44208     1.6135       4845.7
    54   1241689  76537     1.5574       4097.0
    41   591555   114034    1.5375       3840.0
    top-10: 36.2% of mass, 85.8% of excess-loss
Epoch 351: loss=1.504316  (5.76 sec, 65 subtrees, 225 chunks, 9313896 nodes)
  residual top-10 (subtree_mass × max(avg_loss − 1.504, 0)):
    rc   rootID   mass      avg_loss     score 
    59   1500853  192300    1.5687       12371.5
    6    309644   167551    1.5669       10477.9
    39   493671   419607    1.5244       8443.5
    46   840714   415269    1.5194       6278.0
    1    50944    1479765   1.5085       6241.2
    40   574911   82726     1.5685       5311.9
    44   798168   118584    1.5472       5080.7
    5    300532   44208     1.6072       4549.7
    54   1241689  76537     1.5540       3802.8
    41   591555   114034    1.5372       3751.5
    top-10: 36.2% of mass, 84.3% of excess-loss
Epoch 352: loss=1.508225  (5.76 sec, 65 subtrees, 225 chunks, 9313896 nodes)
  residual top-10 (subtree_mass × max(avg_loss − 1.508, 0)):
    rc   rootID   mass      avg_loss     score 
    59   1500853  192300    1.5776       13349.0
    6    309644   167551    1.5666       9780.9
    39   493671   419607    1.5253       7168.1
    46   840714   415269    1.5245       6738.1
    44   798168   118584    1.5519       5174.7
    40   574911   82726     1.5688       5011.2
    61   1551260  134045    1.5451       4939.5
    5    300532   44208     1.6100       4499.9
    60   1539801  58095     1.5847       4441.6
    54   1241689  76537     1.5634       4219.9
    top-10: 19.9% of mass, 83.6% of excess-loss
Epoch 353: loss=1.513893  (5.76 sec, 65 subtrees, 225 chunks, 9313896 nodes)
  residual top-10 (subtree_mass × max(avg_loss − 1.514, 0)):
    rc   rootID   mass      avg_loss     score 
    59   1500853  192300    1.6186       20139.6
    6    309644   167551    1.5746       10175.9
    1    50944    1479765   1.5190       7523.2
    39   493671   419607    1.5316       7449.6
    46   840714   415269    1.5262       5112.5
    40   574911   82726     1.5754       5087.0
    58   1402652  543420    1.5232       5045.2
    44   798168   118584    1.5555       4935.3
    5    300532   44208     1.6200       4692.8
    54   1241689  76537     1.5684       4171.8
    top-10: 41.2% of mass, 83.2% of excess-loss
Epoch 354: loss=1.508824  (5.76 sec, 65 subtrees, 225 chunks, 9313896 nodes)
  residual top-10 (subtree_mass × max(avg_loss − 1.509, 0)):
    rc   rootID   mass      avg_loss     score 
    59   1500853  192300    1.5708       11919.9
    6    309644   167551    1.5772       11459.5
    1    50944    1479765   1.5154       9767.8
    39   493671   419607    1.5291       8514.3
    46   840714   415269    1.5234       6038.3
    5    300532   44208     1.6292       5322.7
    40   574911   82726     1.5719       5214.5
    44   798168   118584    1.5494       4806.4
    54   1241689  76537     1.5674       4483.5
    41   591555   114034    1.5419       3777.0
    top-10: 36.2% of mass, 86.9% of excess-loss
Epoch 355: loss=1.506134  (5.76 sec, 65 subtrees, 225 chunks, 9313896 nodes)
  residual top-10 (subtree_mass × max(avg_loss − 1.506, 0)):
    rc   rootID   mass      avg_loss     score 
    6    309644   167551    1.5735       11284.4
    59   1500853  192300    1.5567       9716.0
    39   493671   419607    1.5265       8526.2
    1    50944    1479765   1.5114       7773.1
    46   840714   415269    1.5219       6538.5
    40   574911   82726     1.5698       5265.0
    5    300532   44208     1.6146       4796.0
    44   798168   118584    1.5458       4701.0
    54   1241689  76537     1.5586       4016.6
    41   591555   114034    1.5393       3780.8
    top-10: 36.2% of mass, 84.9% of excess-loss
Epoch 356: loss=1.505760  (5.76 sec, 65 subtrees, 225 chunks, 9313895 nodes)
  residual top-10 (subtree_mass × max(avg_loss − 1.506, 0)):
    rc   rootID   mass      avg_loss     score 
    6    309644   167551    1.5706       10865.1
    59   1500853  192300    1.5587       10182.1
    39   493671   419607    1.5283       9448.7
    1    50944    1479765   1.5109       7621.2
    46   840714   415269    1.5219       6719.1
    40   574911   82726     1.5724       5510.1
    44   798168   118584    1.5462       4798.7
    5    300532   44208     1.6089       4557.7
    41   591555   114034    1.5408       3993.6
    54   1241689  76537     1.5538       3678.4
    top-10: 36.2% of mass, 85.3% of excess-loss
Epoch 357: loss=1.505134  (5.76 sec, 65 subtrees, 225 chunks, 9313896 nodes)
  residual top-10 (subtree_mass × max(avg_loss − 1.505, 0)):
    rc   rootID   mass      avg_loss     score 
    6    309644   167551    1.5708       10996.8
    59   1500853  192300    1.5600       10544.4
    39   493671   419607    1.5252       8425.4
    1    50944    1479765   1.5102       7452.2
    46   840714   415269    1.5206       6432.5
    40   574911   82726     1.5710       5453.0
    44   798168   118584    1.5470       4966.5
    5    300532   44208     1.6130       4766.6
    41   591555   114034    1.5400       3978.6
    54   1241689  76537     1.5545       3776.6
    top-10: 36.2% of mass, 84.7% of excess-loss
Epoch 358: loss=1.506725  (5.76 sec, 65 subtrees, 225 chunks, 9313896 nodes)
  residual top-10 (subtree_mass × max(avg_loss − 1.507, 0)):
    rc   rootID   mass      avg_loss     score 
    59   1500853  192300    1.6074       19357.2
    6    309644   167551    1.5703       10659.7
    39   493671   419607    1.5245       7468.9
    46   840714   415269    1.5207       5818.3
    40   574911   82726     1.5689       5141.2
    1    50944    1479765   1.5101       5013.3
    44   798168   118584    1.5475       4830.9
    5    300532   44208     1.6099       4562.2
    54   1241689  76537     1.5650       4457.5
    41   591555   114034    1.5380       3563.5
    top-10: 36.2% of mass, 83.9% of excess-loss
Epoch 359: loss=1.504011  (5.77 sec, 65 subtrees, 225 chunks, 9313896 nodes)
  residual top-10 (subtree_mass × max(avg_loss − 1.504, 0)):
    rc   rootID   mass      avg_loss     score 
    6    309644   167551    1.5700       11050.3
    1    50944    1479765   1.5102       9127.9
    59   1500853  192300    1.5503       8897.2
    39   493671   419607    1.5241       8426.4
    46   840714   415269    1.5197       6524.1
    40   574911   82726     1.5695       5418.9
    44   798168   118584    1.5456       4937.2
    5    300532   44208     1.6089       4637.5
    41   591555   114034    1.5375       3823.1
    54   1241689  76537     1.5533       3770.7
    top-10: 36.2% of mass, 84.9% of excess-loss
Epoch 360: loss=1.504384  (5.77 sec, 65 subtrees, 225 chunks, 9313895 nodes)
  residual top-10 (subtree_mass × max(avg_loss − 1.504, 0)):
    rc   rootID   mass      avg_loss     score 
    6    309644   167551    1.5680       10665.1
    59   1500853  192300    1.5528       9309.8
    39   493671   419607    1.5248       8565.1
    1    50944    1479765   1.5101       8408.8
    46   840714   415269    1.5206       6719.2
    40   574911   82726     1.5692       5358.7
    44   798168   118584    1.5463       4968.8
    5    300532   44208     1.6045       4428.1
    41   591555   114034    1.5392       3965.4
    54   1241689  76537     1.5525       3680.6
    top-10: 36.2% of mass, 85.0% of excess-loss
Epoch 361: loss=1.503738  (5.76 sec, 65 subtrees, 225 chunks, 9313896 nodes)
  residual top-10 (subtree_mass × max(avg_loss − 1.504, 0)):
    rc   rootID   mass      avg_loss     score 
    59   1500853  192300    1.5644       11670.2
    6    309644   167551    1.5685       10844.6
    39   493671   419607    1.5233       8217.5
    1    50944    1479765   1.5086       7163.7
    46   840714   415269    1.5191       6367.1
    40   574911   82726     1.5668       5221.0
    5    300532   44208     1.6088       4646.5
    44   798168   118584    1.5425       4601.9
    54   1241689  76537     1.5540       3850.3
    41   591555   114034    1.5369       3777.9
    top-10: 36.2% of mass, 84.5% of excess-loss
Epoch 362: loss=1.504156  (5.76 sec, 65 subtrees, 225 chunks, 9313896 nodes)
  residual top-10 (subtree_mass × max(avg_loss − 1.504, 0)):
    rc   rootID   mass      avg_loss     score 
    6    309644   167551    1.5701       11044.5
    59   1500853  192300    1.5587       10481.8
    39   493671   419607    1.5232       7984.0
    46   840714   415269    1.5212       7064.1
    1    50944    1479765   1.5088       6848.5
    40   574911   82726     1.5668       5180.3
    44   798168   118584    1.5475       5134.6
    5    300532   44208     1.6103       4693.8
    41   591555   114034    1.5381       3875.3
    54   1241689  76537     1.5529       3731.4
    top-10: 36.2% of mass, 84.5% of excess-loss
Epoch 363: loss=1.506297  (5.76 sec, 65 subtrees, 225 chunks, 9313896 nodes)
  residual top-10 (subtree_mass × max(avg_loss − 1.506, 0)):
    rc   rootID   mass      avg_loss     score 
    59   1500853  192300    1.6037       18725.4
    6    309644   167551    1.5688       10464.5
    39   493671   419607    1.5243       7540.2
    46   840714   415269    1.5197       5562.7
    40   574911   82726     1.5700       5267.0
    44   798168   118584    1.5454       4640.1
    5    300532   44208     1.6069       4446.9
    60   1539801  58095     1.5818       4387.0
    1    50944    1479765   1.5089       3833.4
    58   1402652  543420    1.5133       3817.1
    top-10: 41.0% of mass, 81.3% of excess-loss
Epoch 364: loss=1.505282  (5.76 sec, 65 subtrees, 225 chunks, 9313896 nodes)
  residual top-10 (subtree_mass × max(avg_loss − 1.505, 0)):
    rc   rootID   mass      avg_loss     score 
    6    309644   167551    1.5673       10393.8
    46   840714   415269    1.5257       8491.6
    39   493671   419607    1.5245       8077.4
    59   1500853  192300    1.5448       7603.3
    44   798168   118584    1.5666       7269.3
    1    50944    1479765   1.5097       6543.1
    40   574911   82726     1.5721       5527.9
    5    300532   44208     1.6029       4315.4
    41   591555   114034    1.5400       3953.9
    54   1241689  76537     1.5552       3821.7
    top-10: 36.2% of mass, 84.0% of excess-loss
Epoch 365: loss=1.503319  (5.77 sec, 65 subtrees, 225 chunks, 9313896 nodes)
  residual top-10 (subtree_mass × max(avg_loss − 1.503, 0)):
    rc   rootID   mass      avg_loss     score 
    6    309644   167551    1.5687       10947.4
    1    50944    1479765   1.5091       8604.5
    39   493671   419607    1.5235       8453.9
    59   1500853  192300    1.5424       7524.5
    46   840714   415269    1.5204       7093.6
    40   574911   82726     1.5673       5296.4
    44   798168   118584    1.5426       4655.5
    5    300532   44208     1.6068       4574.7
    41   591555   114034    1.5381       3963.1
    54   1241689  76537     1.5522       3744.5
    top-10: 36.2% of mass, 84.4% of excess-loss
Epoch 366: loss=1.505304  (5.77 sec, 65 subtrees, 225 chunks, 9313896 nodes)
  residual top-10 (subtree_mass × max(avg_loss − 1.505, 0)):
    rc   rootID   mass      avg_loss     score 
    59   1500853  192300    1.5971       17660.1
    6    309644   167551    1.5644       9907.8
    39   493671   419607    1.5253       8390.3
    46   840714   415269    1.5202       6181.6
    40   574911   82726     1.5684       5223.2
    1    50944    1479765   1.5088       5203.2
    44   798168   118584    1.5428       4443.5
    5    300532   44208     1.6050       4406.0
    54   1241689  76537     1.5593       4133.1
    60   1539801  58095     1.5690       3703.0
    top-10: 35.5% of mass, 84.6% of excess-loss
Epoch 367: loss=1.502260  (5.77 sec, 65 subtrees, 225 chunks, 9313896 nodes)
  residual top-10 (subtree_mass × max(avg_loss − 1.502, 0)):
    rc   rootID   mass      avg_loss     score 
    6    309644   167551    1.5692       11223.7
    1    50944    1479765   1.5098       11183.0
    39   493671   419607    1.5220       8289.9
    46   840714   415269    1.5192       7032.9
    59   1500853  192300    1.5321       5733.5
    40   574911   82726     1.5655       5231.6
    5    300532   44208     1.6138       4931.2
    44   798168   118584    1.5402       4504.6
    41   591555   114034    1.5371       3975.8
    54   1241689  76537     1.5494       3610.1
    top-10: 36.2% of mass, 85.4% of excess-loss
Epoch 368: loss=1.503761  (5.76 sec, 65 subtrees, 225 chunks, 9313896 nodes)
  residual top-10 (subtree_mass × max(avg_loss − 1.504, 0)):
    rc   rootID   mass      avg_loss     score 
    6    309644   167551    1.5642       10129.8
    39   493671   419607    1.5232       8155.2
    46   840714   415269    1.5234       8153.3
    59   1500853  192300    1.5395       6876.6
    1    50944    1479765   1.5080       6264.6
    40   574911   82726     1.5671       5239.1
    44   798168   118584    1.5421       4547.0
    5    300532   44208     1.6043       4443.0
    41   591555   114034    1.5375       3842.7
    54   1241689  76537     1.5496       3508.3
    top-10: 36.2% of mass, 82.3% of excess-loss
Epoch 369: loss=1.504448  (5.77 sec, 65 subtrees, 225 chunks, 9313896 nodes)
  residual top-10 (subtree_mass × max(avg_loss − 1.504, 0)):
    rc   rootID   mass      avg_loss     score 
    6    309644   167551    1.5661       10335.2
    59   1500853  192300    1.5580       10301.4
    1    50944    1479765   1.5101       8354.8
    39   493671   419607    1.5240       8221.8
    46   840714   415269    1.5208       6774.8
    40   574911   82726     1.5688       5319.6
    44   798168   118584    1.5435       4626.2
    5    300532   44208     1.6043       4413.7
    54   1241689  76537     1.5573       4047.0
    41   591555   114034    1.5379       3811.7
    top-10: 36.2% of mass, 84.8% of excess-loss
Epoch 370: loss=1.505282  (5.76 sec, 65 subtrees, 225 chunks, 9313896 nodes)
  residual top-10 (subtree_mass × max(avg_loss − 1.505, 0)):
    rc   rootID   mass      avg_loss     score 
    59   1500853  192300    1.5605       10613.9
    6    309644   167551    1.5626       9595.3
    46   840714   415269    1.5230       7376.6
    39   493671   419607    1.5225       7210.8
    44   798168   118584    1.5578       6224.2
    1    50944    1479765   1.5090       5514.1
    40   574911   82726     1.5675       5142.9
    54   1241689  76537     1.5701       4962.0
    5    300532   44208     1.5986       4124.4
    41   591555   114034    1.5370       3619.0
    top-10: 36.2% of mass, 82.8% of excess-loss
Epoch 371: loss=1.501420  (5.76 sec, 65 subtrees, 225 chunks, 9313896 nodes)
  residual top-10 (subtree_mass × max(avg_loss − 1.501, 0)):
    rc   rootID   mass      avg_loss     score 
    6    309644   167551    1.5593       9693.6
    1    50944    1479765   1.5078       9399.2
    39   493671   419607    1.5209       8190.4
    59   1500853  192300    1.5419       7792.8
    46   840714   415269    1.5187       7161.1
    40   574911   82726     1.5656       5313.1
    44   798168   118584    1.5422       4830.4
    5    300532   44208     1.5945       4113.0
    41   591555   114034    1.5368       4034.1
    54   1241689  76537     1.5482       3582.0
    top-10: 36.2% of mass, 84.4% of excess-loss
Epoch 372: loss=1.500908  (5.77 sec, 65 subtrees, 225 chunks, 9313896 nodes)
  residual top-10 (subtree_mass × max(avg_loss − 1.501, 0)):
    rc   rootID   mass      avg_loss     score 
    6    309644   167551    1.5632       10442.5
    1    50944    1479765   1.5071       9093.7
    39   493671   419607    1.5208       8327.8
    59   1500853  192300    1.5405       7620.7
    46   840714   415269    1.5179       7067.4
    40   574911   82726     1.5655       5344.2
    44   798168   118584    1.5388       4498.3
    5    300532   44208     1.6006       4408.2
    54   1241689  76537     1.5516       3879.9
    41   591555   114034    1.5349       3877.9
    top-10: 36.2% of mass, 84.2% of excess-loss
Epoch 373: loss=1.500033  (5.76 sec, 65 subtrees, 225 chunks, 9313896 nodes)
  residual top-10 (subtree_mass × max(avg_loss − 1.500, 0)):
    rc   rootID   mass      avg_loss     score 
    6    309644   167551    1.5607       10170.1
    1    50944    1479765   1.5063       9252.9
    39   493671   419607    1.5198       8303.5
    46   840714   415269    1.5177       7329.2
    59   1500853  192300    1.5335       6427.0
    40   574911   82726     1.5639       5281.9
    44   798168   118584    1.5404       4784.7
    5    300532   44208     1.5957       4231.3
    41   591555   114034    1.5345       3932.6
    54   1241689  76537     1.5495       3784.9
    top-10: 36.2% of mass, 83.5% of excess-loss
Epoch 374: loss=1.499750  (5.76 sec, 65 subtrees, 225 chunks, 9313896 nodes)
  residual top-10 (subtree_mass × max(avg_loss − 1.500, 0)):
    rc   rootID   mass      avg_loss     score 
    6    309644   167551    1.5606       10191.9
    1    50944    1479765   1.5060       9201.5
    39   493671   419607    1.5201       8554.3
    46   840714   415269    1.5176       7424.2
    59   1500853  192300    1.5306       5937.9
    40   574911   82726     1.5641       5323.4
    44   798168   118584    1.5403       4813.8
    5    300532   44208     1.5977       4328.5
    41   591555   114034    1.5346       3976.8
    54   1241689  76537     1.5495       3807.4
    top-10: 36.2% of mass, 84.0% of excess-loss
Epoch 375: loss=1.500640  (5.77 sec, 65 subtrees, 225 chunks, 9313896 nodes)
  residual top-10 (subtree_mass × max(avg_loss − 1.501, 0)):
    rc   rootID   mass      avg_loss     score 
    59   1500853  192300    1.5537       10196.8
    6    309644   167551    1.5602       9974.4
    39   493671   419607    1.5195       7927.0
    1    50944    1479765   1.5058       7606.9
    46   840714   415269    1.5170       6791.9
    40   574911   82726     1.5627       5131.1
    44   798168   118584    1.5419       4897.4
    5    300532   44208     1.5963       4229.3
    41   591555   114034    1.5351       3934.8
    54   1241689  76537     1.5511       3859.4
    top-10: 36.2% of mass, 83.8% of excess-loss
Epoch 376: loss=1.500428  (5.76 sec, 65 subtrees, 225 chunks, 9313896 nodes)
  residual top-10 (subtree_mass × max(avg_loss − 1.500, 0)):
    rc   rootID   mass      avg_loss     score 
    6    309644   167551    1.5588       9781.3
    59   1500853  192300    1.5483       9200.4
    39   493671   419607    1.5203       8325.9
    1    50944    1479765   1.5058       7921.7
    46   840714   415269    1.5169       6840.9
    40   574911   82726     1.5663       5446.5
    44   798168   118584    1.5443       5205.6
    5    300532   44208     1.5978       4302.9
    41   591555   114034    1.5350       3946.5
    54   1241689  76537     1.5496       3761.5
    top-10: 36.2% of mass, 83.5% of excess-loss
Epoch 377: loss=1.499953  (5.77 sec, 65 subtrees, 225 chunks, 9313896 nodes)
  residual top-10 (subtree_mass × max(avg_loss − 1.500, 0)):
    rc   rootID   mass      avg_loss     score 
    59   1500853  192300    1.5550       10580.6
    6    309644   167551    1.5570       9566.6
    39   493671   419607    1.5201       8473.9
    1    50944    1479765   1.5053       7918.3
    46   840714   415269    1.5163       6798.0
    40   574911   82726     1.5630       5213.4
    44   798168   118584    1.5382       4540.4
    41   591555   114034    1.5352       4014.7
    5    300532   44208     1.5901       3986.1
    54   1241689  76537     1.5462       3536.8
    top-10: 36.2% of mass, 83.2% of excess-loss
Epoch 378: loss=1.499359  (5.77 sec, 65 subtrees, 225 chunks, 9313896 nodes)
  residual top-10 (subtree_mass × max(avg_loss − 1.499, 0)):
    rc   rootID   mass      avg_loss     score 
    6    309644   167551    1.5594       10057.4
    59   1500853  192300    1.5445       8681.3
    1    50944    1479765   1.5051       8514.0
    39   493671   419607    1.5183       7942.5
    46   840714   415269    1.5164       7094.4
    40   574911   82726     1.5623       5203.3
    44   798168   118584    1.5375       4519.6
    5    300532   44208     1.5970       4314.5
    41   591555   114034    1.5343       3981.7
    54   1241689  76537     1.5506       3922.5
    top-10: 36.2% of mass, 83.8% of excess-loss
Epoch 379: loss=1.499467  (5.77 sec, 65 subtrees, 225 chunks, 9313896 nodes)
  residual top-10 (subtree_mass × max(avg_loss − 1.499, 0)):
    rc   rootID   mass      avg_loss     score 
    59   1500853  192300    1.5563       10933.0
    6    309644   167551    1.5587       9932.1
    1    50944    1479765   1.5048       7952.1
    39   493671   419607    1.5181       7798.9
    46   840714   415269    1.5156       6691.6
    40   574911   82726     1.5621       5181.4
    44   798168   118584    1.5365       4394.6
    5    300532   44208     1.5963       4282.5
    54   1241689  76537     1.5551       4259.1
    41   591555   114034    1.5340       3934.2
    top-10: 36.2% of mass, 83.9% of excess-loss
Epoch 380: loss=1.498385  (5.77 sec, 65 subtrees, 225 chunks, 9313896 nodes)
  residual top-10 (subtree_mass × max(avg_loss − 1.498, 0)):
    rc   rootID   mass      avg_loss     score 
    6    309644   167551    1.5561       9677.7
    1    50944    1479765   1.5044       8922.1
    39   493671   419607    1.5180       8234.1
    59   1500853  192300    1.5372       7468.0
    46   840714   415269    1.5158       7235.2
    40   574911   82726     1.5632       5365.1
    44   798168   118584    1.5366       4532.3
    5    300532   44208     1.5935       4203.3
    41   591555   114034    1.5338       4040.9
    54   1241689  76537     1.5493       3900.2
    top-10: 36.2% of mass, 83.6% of excess-loss
Epoch 381: loss=1.498142  (5.76 sec, 65 subtrees, 225 chunks, 9313896 nodes)
  residual top-10 (subtree_mass × max(avg_loss − 1.498, 0)):
    rc   rootID   mass      avg_loss     score 
    6    309644   167551    1.5575       9942.8
    1    50944    1479765   1.5042       8904.3
    39   493671   419607    1.5174       8076.4
    46   840714   415269    1.5159       7369.6
    59   1500853  192300    1.5356       7203.4
    40   574911   82726     1.5623       5305.2
    44   798168   118584    1.5359       4477.0
    5    300532   44208     1.5921       4154.8
    41   591555   114034    1.5332       3994.0
    54   1241689  76537     1.5452       3598.4
    top-10: 36.2% of mass, 83.4% of excess-loss
Epoch 382: loss=1.497851  (5.76 sec, 65 subtrees, 225 chunks, 9313896 nodes)
  residual top-10 (subtree_mass × max(avg_loss − 1.498, 0)):
    rc   rootID   mass      avg_loss     score 
    6    309644   167551    1.5561       9758.6
    39   493671   419607    1.5188       8773.6
    1    50944    1479765   1.5037       8726.1
    46   840714   415269    1.5154       7280.5
    59   1500853  192300    1.5286       5922.5
    40   574911   82726     1.5627       5364.8
    44   798168   118584    1.5371       4653.5
    5    300532   44208     1.5930       4207.1
    41   591555   114034    1.5334       4056.3
    54   1241689  76537     1.5462       3700.2
    top-10: 36.2% of mass, 83.6% of excess-loss
Epoch 383: loss=1.497545  (5.76 sec, 65 subtrees, 225 chunks, 9313896 nodes)
  residual top-10 (subtree_mass × max(avg_loss − 1.498, 0)):
    rc   rootID   mass      avg_loss     score 
    6    309644   167551    1.5551       9637.3
    1    50944    1479765   1.5036       9013.1
    39   493671   419607    1.5175       8367.3
    46   840714   415269    1.5156       7486.6
    40   574911   82726     1.5617       5305.3
    59   1500853  192300    1.5239       5076.8
    44   798168   118584    1.5354       4492.6
    5    300532   44208     1.5896       4071.7
    41   591555   114034    1.5325       3988.5
    54   1241689  76537     1.5453       3655.2
    top-10: 36.2% of mass, 83.5% of excess-loss
Epoch 384: loss=1.499442  (5.77 sec, 65 subtrees, 225 chunks, 9313896 nodes)
  residual top-10 (subtree_mass × max(avg_loss − 1.499, 0)):
    rc   rootID   mass      avg_loss     score 
    59   1500853  192300    1.5541       10512.3
    6    309644   167551    1.5566       9576.0
    39   493671   419607    1.5172       7463.4
    46   840714   415269    1.5162       6965.2
    1    50944    1479765   1.5040       6773.2
    40   574911   82726     1.5648       5410.6
    44   798168   118584    1.5376       4519.1
    41   591555   114034    1.5369       4268.2
    5    300532   44208     1.5909       4041.9
    54   1241689  76537     1.5475       3678.1
    top-10: 36.2% of mass, 82.8% of excess-loss
Epoch 385: loss=1.498525  (5.76 sec, 65 subtrees, 225 chunks, 9313896 nodes)
  residual top-10 (subtree_mass × max(avg_loss − 1.499, 0)):
    rc   rootID   mass      avg_loss     score 
    6    309644   167551    1.5583       10007.0
    1    50944    1479765   1.5050       9567.3
    39   493671   419607    1.5172       7845.5
    59   1500853  192300    1.5363       7262.3
    46   840714   415269    1.5155       7057.2
    40   574911   82726     1.5603       5109.9
    44   798168   118584    1.5367       4528.2
    5    300532   44208     1.5962       4318.9
    41   591555   114034    1.5334       3973.0
    54   1241689  76537     1.5459       3628.3
    top-10: 36.2% of mass, 84.5% of excess-loss
Epoch 386: loss=1.497989  (5.76 sec, 65 subtrees, 225 chunks, 9313896 nodes)
  residual top-10 (subtree_mass × max(avg_loss − 1.498, 0)):
    rc   rootID   mass      avg_loss     score 
    6    309644   167551    1.5545       9460.3
    1    50944    1479765   1.5041       9007.9
    39   493671   419607    1.5171       8019.8
    59   1500853  192300    1.5360       7302.6
    46   840714   415269    1.5152       7164.1
    40   574911   82726     1.5599       5120.1
    44   798168   118584    1.5346       4339.5
    41   591555   114034    1.5329       3980.6
    5    300532   44208     1.5855       3867.5
    54   1241689  76537     1.5452       3610.8
    top-10: 36.2% of mass, 83.5% of excess-loss
Epoch 387: loss=1.497828  (5.76 sec, 65 subtrees, 225 chunks, 9313896 nodes)
  residual top-10 (subtree_mass × max(avg_loss − 1.498, 0)):
    rc   rootID   mass      avg_loss     score 
    6    309644   167551    1.5541       9429.4
    1    50944    1479765   1.5038       8784.6
    59   1500853  192300    1.5399       8084.3
    39   493671   419607    1.5163       7764.2
    46   840714   415269    1.5151       7178.0
    40   574911   82726     1.5590       5063.8
    44   798168   118584    1.5343       4328.9
    5    300532   44208     1.5875       3964.7
    41   591555   114034    1.5322       3919.0
    54   1241689  76537     1.5457       3667.6
    top-10: 36.2% of mass, 83.0% of excess-loss
Epoch 388: loss=1.497623  (5.77 sec, 65 subtrees, 225 chunks, 9313896 nodes)
  residual top-10 (subtree_mass × max(avg_loss − 1.498, 0)):
    rc   rootID   mass      avg_loss     score 
    1    50944    1479765   1.5044       9977.1
    6    309644   167551    1.5529       9269.9
    39   493671   419607    1.5161       7760.0
    46   840714   415269    1.5155       7403.0
    59   1500853  192300    1.5280       5837.6
    40   574911   82726     1.5594       5111.5
    44   798168   118584    1.5337       4283.6
    41   591555   114034    1.5326       3991.9
    5    300532   44208     1.5849       3858.2
    54   1241689  76537     1.5473       3798.4
    top-10: 36.2% of mass, 83.3% of excess-loss
Epoch 389: loss=1.497718  (5.76 sec, 65 subtrees, 225 chunks, 9313896 nodes)
  residual top-10 (subtree_mass × max(avg_loss − 1.498, 0)):
    rc   rootID   mass      avg_loss     score 
    6    309644   167551    1.5550       9597.5
    1    50944    1479765   1.5036       8667.6
    39   493671   419607    1.5161       7702.5
    59   1500853  192300    1.5369       7533.1
    46   840714   415269    1.5151       7223.4
    40   574911   82726     1.5627       5378.4
    44   798168   118584    1.5364       4585.0
    41   591555   114034    1.5336       4095.7
    5    300532   44208     1.5877       3979.8
    54   1241689  76537     1.5484       3877.7
    top-10: 36.2% of mass, 83.6% of excess-loss
Epoch 390: loss=1.496753  (5.77 sec, 65 subtrees, 225 chunks, 9313896 nodes)
  residual top-10 (subtree_mass × max(avg_loss − 1.497, 0)):
    rc   rootID   mass      avg_loss     score 
    6    309644   167551    1.5546       9700.3
    1    50944    1479765   1.5032       9589.9
    39   493671   419607    1.5158       8000.4
    46   840714   415269    1.5145       7384.6
    59   1500853  192300    1.5239       5222.0
    40   574911   82726     1.5583       5095.0
    44   798168   118584    1.5331       4310.3
    5    300532   44208     1.5869       3983.9
    41   591555   114034    1.5315       3966.4
    54   1241689  76537     1.5433       3562.8
    top-10: 36.2% of mass, 83.1% of excess-loss
Epoch 391: loss=1.496446  (5.76 sec, 65 subtrees, 225 chunks, 9313896 nodes)
  residual top-10 (subtree_mass × max(avg_loss − 1.496, 0)):
    rc   rootID   mass      avg_loss     score 
    1    50944    1479765   1.5032       9934.4
    6    309644   167551    1.5516       9243.7
    39   493671   419607    1.5162       8290.5
    46   840714   415269    1.5148       7609.8
    40   574911   82726     1.5599       5249.8
    59   1500853  192300    1.5187       4272.8
    41   591555   114034    1.5335       4227.8
    44   798168   118584    1.5315       4159.6
    5    300532   44208     1.5810       3737.1
    54   1241689  76537     1.5433       3585.3
    top-10: 36.2% of mass, 83.5% of excess-loss
Epoch 392: loss=1.498405  (5.77 sec, 65 subtrees, 225 chunks, 9313896 nodes)
  residual top-10 (subtree_mass × max(avg_loss − 1.498, 0)):
    rc   rootID   mass      avg_loss     score 
    59   1500853  192300    1.5702       13814.3
    6    309644   167551    1.5524       9050.6
    39   493671   419607    1.5150       6969.6
    1    50944    1479765   1.5030       6809.8
    46   840714   415269    1.5144       6660.8
    40   574911   82726     1.5585       4970.8
    44   798168   118584    1.5327       4065.9
    5    300532   44208     1.5847       3816.9
    41   591555   114034    1.5311       3728.9
    54   1241689  76537     1.5446       3532.3
    top-10: 36.2% of mass, 81.2% of excess-loss
Epoch 393: loss=1.497123  (5.76 sec, 65 subtrees, 225 chunks, 9313895 nodes)
  residual top-10 (subtree_mass × max(avg_loss − 1.497, 0)):
    rc   rootID   mass      avg_loss     score 
    1    50944    1479765   1.5046       11127.7
    6    309644   167551    1.5534       9426.9
    39   493671   419607    1.5155       7708.3
    46   840714   415269    1.5149       7367.8
    59   1500853  192300    1.5285       6042.8
    40   574911   82726     1.5584       5066.1
    44   798168   118584    1.5331       4265.9
    41   591555   114034    1.5325       4028.9
    5    300532   44208     1.5828       3785.9
    54   1241689  76537     1.5422       3448.4
    top-10: 36.2% of mass, 83.9% of excess-loss
Epoch 394: loss=1.496343  (5.77 sec, 65 subtrees, 225 chunks, 9313894 nodes)
  residual top-10 (subtree_mass × max(avg_loss − 1.496, 0)):
    rc   rootID   mass      avg_loss     score 
    1    50944    1479765   1.5025       9147.8
    6    309644   167551    1.5505       9068.3
    59   1500853  192300    1.5370       7827.9
    39   493671   419607    1.5143       7528.9
    46   840714   415269    1.5136       7180.8
    40   574911   82726     1.5574       5055.1
    44   798168   118584    1.5315       4174.7
    41   591555   114034    1.5315       4013.2
    5    300532   44208     1.5793       3667.6
    54   1241689  76537     1.5424       3522.3
    top-10: 36.2% of mass, 82.1% of excess-loss
Epoch 395: loss=1.495297  (5.76 sec, 65 subtrees, 225 chunks, 9313895 nodes)
  residual top-10 (subtree_mass × max(avg_loss − 1.495, 0)):
    rc   rootID   mass      avg_loss     score 
    1    50944    1479765   1.5021       10099.6
    6    309644   167551    1.5507       9289.5
    39   493671   419607    1.5138       7774.2
    46   840714   415269    1.5131       7398.0
    40   574911   82726     1.5561       5032.6
    59   1500853  192300    1.5194       4633.9
    44   798168   118584    1.5318       4323.4
    41   591555   114034    1.5307       4031.8
    5    300532   44208     1.5835       3901.4
    54   1241689  76537     1.5413       3524.3
    top-10: 36.2% of mass, 82.4% of excess-loss
Epoch 396: loss=1.498312  (5.77 sec, 65 subtrees, 225 chunks, 9313896 nodes)
  residual top-10 (subtree_mass × max(avg_loss − 1.498, 0)):
    rc   rootID   mass      avg_loss     score 
    6    309644   167551    1.5521       9017.1
    46   840714   415269    1.5187       8468.2
    39   493671   419607    1.5183       8399.3
    1    50944    1479765   1.5031       7121.9
    40   574911   82726     1.5638       5419.5
    59   1500853  192300    1.5251       5142.3
    44   798168   118584    1.5371       4597.7
    41   591555   114034    1.5345       4125.8
    5    300532   44208     1.5827       3729.0
    54   1241689  76537     1.5449       3567.7
    top-10: 36.2% of mass, 81.7% of excess-loss
Epoch 397: loss=1.497680  (5.76 sec, 65 subtrees, 225 chunks, 9313896 nodes)
  residual top-10 (subtree_mass × max(avg_loss − 1.498, 0)):
    rc   rootID   mass      avg_loss     score 
    1    50944    1479765   1.5048       10600.3
    6    309644   167551    1.5531       9287.8
    39   493671   419607    1.5156       7513.8
    46   840714   415269    1.5152       7286.1
    59   1500853  192300    1.5265       5544.7
    40   574911   82726     1.5593       5100.8
    44   798168   118584    1.5332       4207.2
    41   591555   114034    1.5334       4074.3
    5    300532   44208     1.5826       3753.8
    54   1241689  76537     1.5463       3717.4
    top-10: 36.2% of mass, 83.3% of excess-loss
Epoch 398: loss=1.496647  (5.77 sec, 65 subtrees, 225 chunks, 9313893 nodes)
  residual top-10 (subtree_mass × max(avg_loss − 1.497, 0)):
    rc   rootID   mass      avg_loss     score 
    1    50944    1479765   1.5036       10339.4
    6    309644   167551    1.5521       9291.7
    39   493671   419607    1.5155       7896.1
    46   840714   415269    1.5147       7483.7
    40   574911   82726     1.5583       5102.4
    44   798168   118584    1.5330       4307.4
    41   591555   114034    1.5332       4168.6
    5    300532   44208     1.5816       3753.9
    59   1500853  192300    1.5155       3617.3
    54   1241689  76537     1.5430       3549.1
    top-10: 36.2% of mass, 82.5% of excess-loss
Epoch 399: loss=1.496785  (5.77 sec, 65 subtrees, 225 chunks, 9313892 nodes)
  residual top-10 (subtree_mass × max(avg_loss − 1.497, 0)):
    rc   rootID   mass      avg_loss     score 
    1    50944    1479765   1.5035       9875.8
    6    309644   167551    1.5514       9151.2
    39   493671   419607    1.5153       7774.8
    46   840714   415269    1.5149       7527.9
    40   574911   82726     1.5578       5051.0
    41   591555   114034    1.5342       4268.4
    59   1500853  192300    1.5185       4175.9
    44   798168   118584    1.5320       4170.6
    5    300532   44208     1.5791       3636.9
    54   1241689  76537     1.5441       3623.4
    top-10: 36.2% of mass, 83.0% of excess-loss
Epoch 400: loss=1.496479  (5.76 sec, 65 subtrees, 225 chunks, 9313892 nodes)
  residual top-10 (subtree_mass × max(avg_loss − 1.496, 0)):
    rc   rootID   mass      avg_loss     score 
    1    50944    1479765   1.5032       9979.6
    6    309644   167551    1.5495       8891.7
    46   840714   415269    1.5153       7827.5
    39   493671   419607    1.5148       7684.8
    40   574911   82726     1.5584       5121.9
    44   798168   118584    1.5355       4624.2
    59   1500853  192300    1.5188       4289.1
    41   591555   114034    1.5339       4269.8
    54   1241689  76537     1.5447       3690.8
    5    300532   44208     1.5786       3629.5
    top-10: 36.2% of mass, 82.7% of excess-loss
Epoch 401: loss=1.496172  (5.76 sec, 65 subtrees, 225 chunks, 9313895 nodes)
  residual top-10 (subtree_mass × max(avg_loss − 1.496, 0)):
    rc   rootID   mass      avg_loss     score 
    1    50944    1479765   1.5029       9889.6
    6    309644   167551    1.5498       8977.8
    39   493671   419607    1.5144       7649.5
    46   840714   415269    1.5143       7527.5
    40   574911   82726     1.5585       5152.3
    59   1500853  192300    1.5228       5118.2
    44   798168   118584    1.5317       4214.6
    41   591555   114034    1.5318       4063.7
    54   1241689  76537     1.5459       3805.8
    5    300532   44208     1.5796       3689.4
    top-10: 36.2% of mass, 82.6% of excess-loss
Epoch 402: loss=1.495511  (5.77 sec, 65 subtrees, 225 chunks, 9313893 nodes)
  residual top-10 (subtree_mass × max(avg_loss − 1.496, 0)):
    rc   rootID   mass      avg_loss     score 
    1    50944    1479765   1.5031       11260.7
    6    309644   167551    1.5502       9160.1
    39   493671   419607    1.5137       7624.3
    46   840714   415269    1.5138       7590.7
    40   574911   82726     1.5561       5015.6
    44   798168   118584    1.5320       4323.4
    41   591555   114034    1.5321       4172.3
    5    300532   44208     1.5801       3740.1
    54   1241689  76537     1.5434       3665.1
    59   1500853  192300    1.5139       3537.7
    top-10: 36.2% of mass, 83.1% of excess-loss
Epoch 403: loss=1.495360  (5.76 sec, 65 subtrees, 225 chunks, 9313894 nodes)
  residual top-10 (subtree_mass × max(avg_loss − 1.495, 0)):
    rc   rootID   mass      avg_loss     score 
    1    50944    1479765   1.5022       10081.7
    6    309644   167551    1.5476       8749.4
    39   493671   419607    1.5147       8120.0
    46   840714   415269    1.5139       7706.0
    40   574911   82726     1.5567       5071.4
    44   798168   118584    1.5315       4283.5
    41   591555   114034    1.5322       4200.5
    59   1500853  192300    1.5152       3806.7
    54   1241689  76537     1.5437       3699.8
    5    300532   44208     1.5759       3559.8
    top-10: 36.2% of mass, 82.2% of excess-loss
Epoch 404: loss=1.495135  (5.77 sec, 65 subtrees, 225 chunks, 9313893 nodes)
  residual top-10 (subtree_mass × max(avg_loss − 1.495, 0)):
    rc   rootID   mass      avg_loss     score 
    1    50944    1479765   1.5023       10663.8
    6    309644   167551    1.5481       8877.9
    46   840714   415269    1.5132       7522.6
    39   493671   419607    1.5129       7464.4
    40   574911   82726     1.5559       5028.5
    41   591555   114034    1.5325       4255.5
    44   798168   118584    1.5300       4140.4
    59   1500853  192300    1.5162       4053.0
    54   1241689  76537     1.5430       3663.5
    5    300532   44208     1.5760       3576.9
    top-10: 36.2% of mass, 82.2% of excess-loss
Epoch 405: loss=1.494451  (5.77 sec, 65 subtrees, 225 chunks, 9313892 nodes)
  residual top-10 (subtree_mass × max(avg_loss − 1.494, 0)):
    rc   rootID   mass      avg_loss     score 
    1    50944    1479765   1.5014       10353.3
    6    309644   167551    1.5469       8794.1
    46   840714   415269    1.5129       7677.4
    39   493671   419607    1.5123       7482.2
    40   574911   82726     1.5555       5053.2
    44   798168   118584    1.5296       4172.1
    41   591555   114034    1.5308       4146.9
    59   1500853  192300    1.5142       3791.9
    54   1241689  76537     1.5425       3681.0
    5    300532   44208     1.5756       3589.1
    top-10: 36.2% of mass, 82.0% of excess-loss
Epoch 406: loss=1.494484  (5.76 sec, 65 subtrees, 225 chunks, 9313891 nodes)
  residual top-10 (subtree_mass × max(avg_loss − 1.494, 0)):
    rc   rootID   mass      avg_loss     score 
    1    50944    1479765   1.5015       10447.0
    6    309644   167551    1.5480       8973.5
    46   840714   415269    1.5129       7652.9
    39   493671   419607    1.5120       7362.6
    40   574911   82726     1.5554       5039.1
    59   1500853  192300    1.5178       4483.5
    44   798168   118584    1.5306       4282.0
    41   591555   114034    1.5309       4151.2
    54   1241689  76537     1.5419       3626.4
    5    300532   44208     1.5738       3505.7
    top-10: 36.2% of mass, 82.3% of excess-loss
Epoch 407: loss=1.494528  (5.76 sec, 65 subtrees, 225 chunks, 9313893 nodes)
  residual top-10 (subtree_mass × max(avg_loss − 1.495, 0)):
    rc   rootID   mass      avg_loss     score 
    1    50944    1479765   1.5015       10337.6
    6    309644   167551    1.5452       8487.6
    46   840714   415269    1.5129       7620.1
    39   493671   419607    1.5118       7234.0
    40   574911   82726     1.5550       5005.7
    59   1500853  192300    1.5183       4576.2
    44   798168   118584    1.5305       4265.7
    41   591555   114034    1.5315       4214.0
    54   1241689  76537     1.5413       3576.3
    5    300532   44208     1.5737       3501.5
    top-10: 36.2% of mass, 82.3% of excess-loss
Epoch 408: loss=1.494504  (5.77 sec, 65 subtrees, 225 chunks, 9313892 nodes)
  residual top-10 (subtree_mass × max(avg_loss − 1.495, 0)):
    rc   rootID   mass      avg_loss     score 
    1    50944    1479765   1.5012       9941.2
    6    309644   167551    1.5473       8848.1
    46   840714   415269    1.5131       7706.0
    39   493671   419607    1.5115       7124.7
    40   574911   82726     1.5551       5013.3
    59   1500853  192300    1.5175       4419.4
    41   591555   114034    1.5309       4153.9
    44   798168   118584    1.5290       4096.4
    54   1241689  76537     1.5429       3702.7
    5    300532   44208     1.5740       3513.9
    top-10: 36.2% of mass, 81.8% of excess-loss
Epoch 409: loss=1.494076  (5.77 sec, 65 subtrees, 225 chunks, 9313891 nodes)
  residual top-10 (subtree_mass × max(avg_loss − 1.494, 0)):
    rc   rootID   mass      avg_loss     score 
    1    50944    1479765   1.5012       10475.0
    6    309644   167551    1.5448       8499.9
    46   840714   415269    1.5129       7799.9
    39   493671   419607    1.5118       7456.5
    40   574911   82726     1.5550       5041.1
    41   591555   114034    1.5312       4230.5
    44   798168   118584    1.5295       4197.8
    59   1500853  192300    1.5131       3654.5
    54   1241689  76537     1.5406       3558.9
    5    300532   44208     1.5722       3452.7
    top-10: 36.2% of mass, 81.9% of excess-loss
Epoch 410: loss=1.493812  (5.77 sec, 65 subtrees, 225 chunks, 9313892 nodes)
  residual top-10 (subtree_mass × max(avg_loss − 1.494, 0)):
    rc   rootID   mass      avg_loss     score 
    1    50944    1479765   1.5009       10542.5
    6    309644   167551    1.5443       8456.2
    46   840714   415269    1.5126       7790.9
    39   493671   419607    1.5110       7226.1
    40   574911   82726     1.5545       5024.4
    41   591555   114034    1.5307       4205.3
    44   798168   118584    1.5285       4117.4
    59   1500853  192300    1.5133       3754.4
    54   1241689  76537     1.5414       3639.2
    5    300532   44208     1.5699       3364.1
    top-10: 36.2% of mass, 81.8% of excess-loss
Epoch 411: loss=1.493609  (5.77 sec, 65 subtrees, 225 chunks, 9313893 nodes)
  residual top-10 (subtree_mass × max(avg_loss − 1.494, 0)):
    rc   rootID   mass      avg_loss     score 
    1    50944    1479765   1.5009       10797.8
    6    309644   167551    1.5443       8487.0
    46   840714   415269    1.5129       8023.1
    39   493671   419607    1.5113       7414.5
    40   574911   82726     1.5544       5027.3
    41   591555   114034    1.5296       4102.6
    44   798168   118584    1.5281       4089.6
    54   1241689  76537     1.5424       3737.4
    5    300532   44208     1.5688       3322.6
    59   1500853  192300    1.5095       3047.4
    top-10: 36.2% of mass, 82.5% of excess-loss
Epoch 412: loss=1.493800  (5.77 sec, 65 subtrees, 225 chunks, 9313892 nodes)
  residual top-10 (subtree_mass × max(avg_loss − 1.494, 0)):
    rc   rootID   mass      avg_loss     score 
    1    50944    1479765   1.5005       9976.8
    6    309644   167551    1.5444       8472.0
    46   840714   415269    1.5125       7764.6
    39   493671   419607    1.5108       7116.1
    40   574911   82726     1.5546       5032.4
    59   1500853  192300    1.5188       4804.7
    41   591555   114034    1.5306       4198.7
    44   798168   118584    1.5285       4114.4
    54   1241689  76537     1.5404       3564.2
    5    300532   44208     1.5710       3414.9
    top-10: 36.2% of mass, 82.0% of excess-loss
Epoch 413: loss=1.493635  (5.77 sec, 65 subtrees, 225 chunks, 9313891 nodes)
  residual top-10 (subtree_mass × max(avg_loss − 1.494, 0)):
    rc   rootID   mass      avg_loss     score 
    1    50944    1479765   1.5001       9612.9
    6    309644   167551    1.5429       8246.1
    46   840714   415269    1.5121       7680.4
    39   493671   419607    1.5108       7214.7
    40   574911   82726     1.5542       5007.3
    59   1500853  192300    1.5189       4853.5
    41   591555   114034    1.5303       4186.1
    44   798168   118584    1.5280       4071.6
    54   1241689  76537     1.5397       3524.2
    5    300532   44208     1.5693       3344.7
    top-10: 36.2% of mass, 81.3% of excess-loss
Epoch 414: loss=1.493770  (5.77 sec, 65 subtrees, 225 chunks, 9313891 nodes)
  residual top-10 (subtree_mass × max(avg_loss − 1.494, 0)):
    rc   rootID   mass      avg_loss     score 
    1    50944    1479765   1.5006       10176.8
    6    309644   167551    1.5443       8467.4
    46   840714   415269    1.5121       7622.4
    39   493671   419607    1.5105       7000.8
    40   574911   82726     1.5539       4970.9
    59   1500853  192300    1.5179       4631.6
    41   591555   114034    1.5309       4238.2
    44   798168   118584    1.5274       3983.9
    54   1241689  76537     1.5403       3564.0
    5    300532   44208     1.5693       3338.1
    top-10: 36.2% of mass, 81.5% of excess-loss
Epoch 415: loss=1.493060  (5.77 sec, 65 subtrees, 225 chunks, 9313891 nodes)
  residual top-10 (subtree_mass × max(avg_loss − 1.493, 0)):
    rc   rootID   mass      avg_loss     score 
    1    50944    1479765   1.5001       10475.7
    6    309644   167551    1.5418       8165.8
    46   840714   415269    1.5120       7849.8
    39   493671   419607    1.5102       7205.8
    40   574911   82726     1.5539       5036.5
    41   591555   114034    1.5300       4216.2
    44   798168   118584    1.5272       4042.9
    59   1500853  192300    1.5116       3567.1
    54   1241689  76537     1.5393       3540.0
    5    300532   44208     1.5675       3289.5
    top-10: 36.2% of mass, 81.2% of excess-loss
Epoch 416: loss=1.492870  (5.77 sec, 65 subtrees, 225 chunks, 9313891 nodes)
  residual top-10 (subtree_mass × max(avg_loss − 1.493, 0)):
    rc   rootID   mass      avg_loss     score 
    1    50944    1479765   1.4998       10321.7
    6    309644   167551    1.5416       8160.9
    46   840714   415269    1.5119       7890.5
    39   493671   419607    1.5097       7053.5
    40   574911   82726     1.5522       4912.0
    41   591555   114034    1.5303       4270.5
    44   798168   118584    1.5267       4011.7
    54   1241689  76537     1.5388       3514.0
    59   1500853  192300    1.5104       3374.9
    5    300532   44208     1.5654       3206.1
    top-10: 36.2% of mass, 81.0% of excess-loss
Epoch 417: loss=1.492848  (5.77 sec, 65 subtrees, 225 chunks, 9313891 nodes)
  residual top-10 (subtree_mass × max(avg_loss − 1.493, 0)):
    rc   rootID   mass      avg_loss     score 
    1    50944    1479765   1.4999       10466.4
    6    309644   167551    1.5421       8247.3
    46   840714   415269    1.5119       7924.9
    39   493671   419607    1.5105       7407.9
    40   574911   82726     1.5528       4961.8
    41   591555   114034    1.5308       4326.0
    44   798168   118584    1.5270       4048.0
    54   1241689  76537     1.5395       3568.9
    5    300532   44208     1.5678       3312.4
    59   1500853  192300    1.5089       3078.5
    top-10: 36.2% of mass, 81.5% of excess-loss
Epoch 418: loss=1.492552  (5.77 sec, 65 subtrees, 225 chunks, 9313891 nodes)
  residual top-10 (subtree_mass × max(avg_loss − 1.493, 0)):
    rc   rootID   mass      avg_loss     score 
    1    50944    1479765   1.4997       10574.6
    6    309644   167551    1.5408       8086.7
    46   840714   415269    1.5112       7760.5
    39   493671   419607    1.5090       6911.2
    40   574911   82726     1.5528       4987.7
    41   591555   114034    1.5289       4146.1
    44   798168   118584    1.5268       4059.8
    54   1241689  76537     1.5402       3650.2
    59   1500853  192300    1.5098       3324.1
    5    300532   44208     1.5641       3161.2
    top-10: 36.2% of mass, 81.0% of excess-loss
Epoch 419: loss=1.492300  (5.77 sec, 65 subtrees, 225 chunks, 9313891 nodes)
  residual top-10 (subtree_mass × max(avg_loss − 1.492, 0)):
    rc   rootID   mass      avg_loss     score 
    1    50944    1479765   1.4995       10698.7
    6    309644   167551    1.5412       8188.4
    46   840714   415269    1.5114       7921.8
    39   493671   419607    1.5095       7220.5
    40   574911   82726     1.5517       4913.8
    41   591555   114034    1.5291       4194.4
    44   798168   118584    1.5262       4025.5
    54   1241689  76537     1.5395       3613.0
    5    300532   44208     1.5661       3260.4
    59   1500853  192300    1.5085       3119.5
    top-10: 36.2% of mass, 81.2% of excess-loss
Epoch 420: loss=1.492107  (5.76 sec, 65 subtrees, 225 chunks, 9313891 nodes)
  residual top-10 (subtree_mass × max(avg_loss − 1.492, 0)):
    rc   rootID   mass      avg_loss     score 
    1    50944    1479765   1.4995       10885.9
    6    309644   167551    1.5402       8066.3
    46   840714   415269    1.5109       7807.0
    39   493671   419607    1.5089       7054.5
    40   574911   82726     1.5530       5033.7
    41   591555   114034    1.5284       4139.8
    44   798168   118584    1.5256       3975.5
    54   1241689  76537     1.5383       3534.1
    5    300532   44208     1.5664       3282.6
    59   1500853  192300    1.5089       3231.1
    top-10: 36.2% of mass, 80.7% of excess-loss
Epoch 421: loss=1.491899  (5.76 sec, 65 subtrees, 225 chunks, 9313891 nodes)
  residual top-10 (subtree_mass × max(avg_loss − 1.492, 0)):
    rc   rootID   mass      avg_loss     score 
    1    50944    1479765   1.4993       11020.7
    46   840714   415269    1.5111       7984.3
    6    309644   167551    1.5388       7862.1
    39   493671   419607    1.5080       6755.1
    40   574911   82726     1.5514       4925.4
    41   591555   114034    1.5290       4232.0
    44   798168   118584    1.5260       4049.6
    54   1241689  76537     1.5396       3653.9
    59   1500853  192300    1.5082       3131.9
    5    300532   44208     1.5621       3105.2
    top-10: 36.2% of mass, 80.6% of excess-loss
Epoch 422: loss=1.491765  (5.76 sec, 65 subtrees, 225 chunks, 9313891 nodes)
  residual top-10 (subtree_mass × max(avg_loss − 1.492, 0)):
    rc   rootID   mass      avg_loss     score 
    1    50944    1479765   1.4991       10874.7
    6    309644   167551    1.5400       8083.7
    46   840714   415269    1.5110       7984.2
    39   493671   419607    1.5077       6676.6
    40   574911   82726     1.5519       4976.9
    41   591555   114034    1.5285       4191.1
    44   798168   118584    1.5257       4020.0
    54   1241689  76537     1.5391       3620.6
    5    300532   44208     1.5633       3163.8
    59   1500853  192300    1.5081       3137.6
    top-10: 36.2% of mass, 80.5% of excess-loss
Epoch 423: loss=1.491776  (5.77 sec, 65 subtrees, 225 chunks, 9313891 nodes)
  residual top-10 (subtree_mass × max(avg_loss − 1.492, 0)):
    rc   rootID   mass      avg_loss     score 
    1    50944    1479765   1.4988       10363.6
    46   840714   415269    1.5109       7962.0
    6    309644   167551    1.5385       7823.6
    39   493671   419607    1.5078       6716.9
    40   574911   82726     1.5525       5025.7
    41   591555   114034    1.5293       4278.1
    44   798168   118584    1.5257       4026.8
    54   1241689  76537     1.5389       3607.3
    5    300532   44208     1.5618       3097.4
    59   1500853  192300    1.5079       3092.0
    top-10: 36.2% of mass, 80.1% of excess-loss
Epoch 424: loss=1.491553  (5.77 sec, 65 subtrees, 225 chunks, 9313891 nodes)
  residual top-10 (subtree_mass × max(avg_loss − 1.492, 0)):
    rc   rootID   mass      avg_loss     score 
    1    50944    1479765   1.4989       10818.0
    46   840714   415269    1.5108       8010.9
    6    309644   167551    1.5385       7857.6
    39   493671   419607    1.5075       6709.4
    40   574911   82726     1.5507       4896.8
    41   591555   114034    1.5282       4175.4
    44   798168   118584    1.5257       4051.5
    54   1241689  76537     1.5377       3533.9
    59   1500853  192300    1.5079       3134.9
    5    300532   44208     1.5612       3079.6
    top-10: 36.2% of mass, 80.6% of excess-loss
Epoch 425: loss=1.491542  (5.76 sec, 65 subtrees, 225 chunks, 9313891 nodes)
  residual top-10 (subtree_mass × max(avg_loss − 1.492, 0)):
    rc   rootID   mass      avg_loss     score 
    1    50944    1479765   1.4987       10636.1
    46   840714   415269    1.5110       8079.8
    6    309644   167551    1.5378       7746.8
    39   493671   419607    1.5073       6617.4
    40   574911   82726     1.5507       4890.3
    41   591555   114034    1.5281       4174.3
    44   798168   118584    1.5258       4060.0
    54   1241689  76537     1.5391       3638.9
    5    300532   44208     1.5599       3020.7
    59   1500853  192300    1.5064       2863.7
    top-10: 36.2% of mass, 79.7% of excess-loss
Epoch 426: loss=1.491672  (5.77 sec, 65 subtrees, 225 chunks, 9313891 nodes)
  residual top-10 (subtree_mass × max(avg_loss − 1.492, 0)):
    rc   rootID   mass      avg_loss     score 
    1    50944    1479765   1.4990       10801.7
    6    309644   167551    1.5397       8039.7
    46   840714   415269    1.5110       8037.0
    39   493671   419607    1.5073       6574.8
    40   574911   82726     1.5514       4941.1
    41   591555   114034    1.5282       4167.8
    44   798168   118584    1.5260       4071.9
    54   1241689  76537     1.5384       3573.8
    5    300532   44208     1.5620       3108.7
    59   1500853  192300    1.5077       3089.1
    top-10: 36.2% of mass, 80.8% of excess-loss
Epoch 427: loss=1.491626  (5.76 sec, 65 subtrees, 225 chunks, 9313891 nodes)
  residual top-10 (subtree_mass × max(avg_loss − 1.492, 0)):
    rc   rootID   mass      avg_loss     score 
    1    50944    1479765   1.4987       10481.9
    46   840714   415269    1.5108       7946.1
    6    309644   167551    1.5368       7565.7
    39   493671   419607    1.5075       6646.9
    40   574911   82726     1.5514       4941.5
    41   591555   114034    1.5277       4113.9
    44   798168   118584    1.5255       4012.1
    54   1241689  76537     1.5388       3612.4
    59   1500853  192300    1.5074       3040.6
    5    300532   44208     1.5604       3040.6
    top-10: 36.2% of mass, 80.4% of excess-loss
Epoch 428: loss=1.491346  (5.76 sec, 65 subtrees, 225 chunks, 9313891 nodes)
  residual top-10 (subtree_mass × max(avg_loss − 1.491, 0)):
    rc   rootID   mass      avg_loss     score 
    1    50944    1479765   1.4989       11170.0
    46   840714   415269    1.5107       8042.7
    6    309644   167551    1.5378       7783.5
    39   493671   419607    1.5076       6830.4
    40   574911   82726     1.5512       4951.4
    41   591555   114034    1.5283       4214.4
    44   798168   118584    1.5247       3956.7
    54   1241689  76537     1.5377       3550.3
    5    300532   44208     1.5595       3013.4
    59   1500853  192300    1.5055       2722.6
    top-10: 36.2% of mass, 80.9% of excess-loss
Epoch 429: loss=1.491193  (5.76 sec, 65 subtrees, 225 chunks, 9313891 nodes)
  residual top-10 (subtree_mass × max(avg_loss − 1.491, 0)):
    rc   rootID   mass      avg_loss     score 
    1    50944    1479765   1.4986       11032.6
    46   840714   415269    1.5108       8140.3
    6    309644   167551    1.5370       7677.9
    39   493671   419607    1.5066       6471.1
    40   574911   82726     1.5509       4936.1
    41   591555   114034    1.5278       4178.0
    44   798168   118584    1.5252       4038.1
    54   1241689  76537     1.5383       3608.8
    59   1500853  192300    1.5069       3019.5
    5    300532   44208     1.5589       2994.6
    top-10: 36.2% of mass, 80.3% of excess-loss
Epoch 430: loss=1.491250  (5.76 sec, 65 subtrees, 225 chunks, 9313891 nodes)
  residual top-10 (subtree_mass × max(avg_loss − 1.491, 0)):
    rc   rootID   mass      avg_loss     score 
    1    50944    1479765   1.4984       10559.3
    46   840714   415269    1.5115       8393.9
    6    309644   167551    1.5359       7486.8
    39   493671   419607    1.5067       6475.4
    40   574911   82726     1.5511       4954.8
    41   591555   114034    1.5281       4199.5
    44   798168   118584    1.5266       4188.5
    54   1241689  76537     1.5373       3523.4
    5    300532   44208     1.5583       2963.4
    59   1500853  192300    1.5063       2903.6
    top-10: 36.2% of mass, 79.7% of excess-loss
Epoch 431: loss=1.491308  (5.76 sec, 65 subtrees, 225 chunks, 9313891 nodes)
  residual top-10 (subtree_mass × max(avg_loss − 1.491, 0)):
    rc   rootID   mass      avg_loss     score 
    1    50944    1479765   1.4987       10897.3
    46   840714   415269    1.5106       8011.7
    6    309644   167551    1.5361       7499.8
    39   493671   419607    1.5065       6372.3
    40   574911   82726     1.5510       4935.6
    41   591555   114034    1.5274       4120.7
    44   798168   118584    1.5255       4052.8
    54   1241689  76537     1.5379       3566.3
    59   1500853  192300    1.5075       3119.0
    5    300532   44208     1.5601       3040.5
    top-10: 36.2% of mass, 79.9% of excess-loss
Epoch 432: loss=1.491071  (5.77 sec, 65 subtrees, 225 chunks, 9313891 nodes)
  residual top-10 (subtree_mass × max(avg_loss − 1.491, 0)):
    rc   rootID   mass      avg_loss     score 
    1    50944    1479765   1.4986       11108.9
    46   840714   415269    1.5105       8076.4
    6    309644   167551    1.5354       7428.1
    39   493671   419607    1.5062       6336.8
    40   574911   82726     1.5499       4869.6
    41   591555   114034    1.5277       4182.0
    44   798168   118584    1.5246       3971.2
    54   1241689  76537     1.5379       3585.5
    5    300532   44208     1.5573       2928.5
    59   1500853  192300    1.5062       2901.5
    top-10: 36.2% of mass, 79.9% of excess-loss
Epoch 433: loss=1.491022  (5.77 sec, 65 subtrees, 225 chunks, 9313891 nodes)
  residual top-10 (subtree_mass × max(avg_loss − 1.491, 0)):
    rc   rootID   mass      avg_loss     score 
    1    50944    1479765   1.4984       10927.3
    46   840714   415269    1.5106       8120.3
    6    309644   167551    1.5349       7347.5
    39   493671   419607    1.5059       6260.4
    40   574911   82726     1.5508       4943.4
    41   591555   114034    1.5276       4166.5
    44   798168   118584    1.5251       4047.0
    54   1241689  76537     1.5377       3571.4
    5    300532   44208     1.5577       2948.0
    59   1500853  192300    1.5059       2867.8
    top-10: 36.2% of mass, 79.7% of excess-loss
Epoch 434: loss=1.490826  (5.77 sec, 65 subtrees, 225 chunks, 9313891 nodes)
  residual top-10 (subtree_mass × max(avg_loss − 1.491, 0)):
    rc   rootID   mass      avg_loss     score 
    1    50944    1479765   1.4983       11006.4
    46   840714   415269    1.5102       8054.7
    6    309644   167551    1.5344       7308.2
    39   493671   419607    1.5057       6255.2
    40   574911   82726     1.5501       4903.0
    41   591555   114034    1.5279       4224.1
    44   798168   118584    1.5247       4011.1
    54   1241689  76537     1.5365       3492.9
    5    300532   44208     1.5562       2891.6
    59   1500853  192300    1.5054       2811.7
    top-10: 36.2% of mass, 79.3% of excess-loss
Epoch 435: loss=1.490683  (5.77 sec, 65 subtrees, 225 chunks, 9313891 nodes)
  residual top-10 (subtree_mass × max(avg_loss − 1.491, 0)):
    rc   rootID   mass      avg_loss     score 
    1    50944    1479765   1.4981       10987.5
    46   840714   415269    1.5103       8145.8
    6    309644   167551    1.5341       7273.5
    39   493671   419607    1.5054       6184.9
    40   574911   82726     1.5498       4893.1
    41   591555   114034    1.5275       4195.9
    44   798168   118584    1.5249       4062.2
    54   1241689  76537     1.5376       3594.4
    5    300532   44208     1.5575       2954.4
    59   1500853  192300    1.5059       2930.4
    top-10: 36.2% of mass, 79.8% of excess-loss
Epoch 436: loss=1.490581  (5.76 sec, 65 subtrees, 225 chunks, 9313890 nodes)
  residual top-10 (subtree_mass × max(avg_loss − 1.491, 0)):
    rc   rootID   mass      avg_loss     score 
    1    50944    1479765   1.4981       11185.4
    46   840714   415269    1.5101       8103.8
    6    309644   167551    1.5339       7259.5
    39   493671   419607    1.5049       6010.1
    40   574911   82726     1.5504       4951.2
    41   591555   114034    1.5275       4214.0
    44   798168   118584    1.5241       3980.3
    54   1241689  76537     1.5371       3557.1
    5    300532   44208     1.5555       2869.8
    59   1500853  192300    1.5048       2742.5
    top-10: 36.2% of mass, 79.6% of excess-loss
Epoch 437: loss=1.490475  (5.76 sec, 65 subtrees, 225 chunks, 9313891 nodes)
  residual top-10 (subtree_mass × max(avg_loss − 1.490, 0)):
    rc   rootID   mass      avg_loss     score 
    1    50944    1479765   1.4980       11177.7
    46   840714   415269    1.5100       8124.1
    6    309644   167551    1.5331       7137.8
    39   493671   419607    1.5048       6021.6
    40   574911   82726     1.5504       4958.5
    41   591555   114034    1.5266       4120.4
    44   798168   118584    1.5248       4065.9
    54   1241689  76537     1.5378       3624.5
    5    300532   44208     1.5563       2907.9
    59   1500853  192300    1.5053       2846.4
    top-10: 36.2% of mass, 79.3% of excess-loss
Epoch 438: loss=1.490242  (5.76 sec, 65 subtrees, 225 chunks, 9313891 nodes)
  residual top-10 (subtree_mass × max(avg_loss − 1.490, 0)):
    rc   rootID   mass      avg_loss     score 
    1    50944    1479765   1.4979       11358.3
    46   840714   415269    1.5099       8165.3
    6    309644   167551    1.5328       7136.8
    39   493671   419607    1.5048       6093.2
    40   574911   82726     1.5489       4852.2
    41   591555   114034    1.5268       4165.8
    44   798168   118584    1.5246       4076.6
    54   1241689  76537     1.5370       3580.6
    59   1500853  192300    1.5056       2943.8
    5    300532   44208     1.5542       2825.7
    top-10: 36.2% of mass, 79.2% of excess-loss
Epoch 439: loss=1.490290  (5.77 sec, 65 subtrees, 225 chunks, 9313891 nodes)
  residual top-10 (subtree_mass × max(avg_loss − 1.490, 0)):
    rc   rootID   mass      avg_loss     score 
    1    50944    1479765   1.4977       11035.3
    46   840714   415269    1.5100       8189.1
    6    309644   167551    1.5331       7181.0
    39   493671   419607    1.5045       5966.8
    40   574911   82726     1.5496       4905.5
    41   591555   114034    1.5265       4127.2
    44   798168   118584    1.5238       3978.7
    54   1241689  76537     1.5364       3532.5
    59   1500853  192300    1.5056       2942.6
    5    300532   44208     1.5534       2791.6
    top-10: 36.2% of mass, 79.3% of excess-loss
Epoch 440: loss=1.490093  (5.77 sec, 65 subtrees, 225 chunks, 9313891 nodes)
  residual top-10 (subtree_mass × max(avg_loss − 1.490, 0)):
    rc   rootID   mass      avg_loss     score 
    1    50944    1479765   1.4977       11208.5
    46   840714   415269    1.5100       8283.2
    6    309644   167551    1.5318       6984.8
    39   493671   419607    1.5043       5956.3
    40   574911   82726     1.5495       4913.9
    41   591555   114034    1.5263       4129.5
    44   798168   118584    1.5243       4050.7
    54   1241689  76537     1.5368       3578.2
    5    300532   44208     1.5528       2771.7
    59   1500853  192300    1.5041       2687.7
    top-10: 36.2% of mass, 79.1% of excess-loss
Epoch 441: loss=1.490134  (5.77 sec, 65 subtrees, 225 chunks, 9313891 nodes)
  residual top-10 (subtree_mass × max(avg_loss − 1.490, 0)):
    rc   rootID   mass      avg_loss     score 
    1    50944    1479765   1.4976       11030.9
    46   840714   415269    1.5104       8396.1
    6    309644   167551    1.5319       7006.2
    39   493671   419607    1.5042       5913.5
    40   574911   82726     1.5493       4897.9
    41   591555   114034    1.5260       4093.0
    44   798168   118584    1.5239       3999.3
    54   1241689  76537     1.5375       3623.7
    5    300532   44208     1.5547       2853.3
    59   1500853  192300    1.5048       2814.2
    top-10: 36.2% of mass, 79.2% of excess-loss
Epoch 442: loss=1.489926  (5.76 sec, 65 subtrees, 225 chunks, 9313891 nodes)
  residual top-10 (subtree_mass × max(avg_loss − 1.490, 0)):
    rc   rootID   mass      avg_loss     score 
    1    50944    1479765   1.4974       11090.0
    46   840714   415269    1.5098       8266.7
    6    309644   167551    1.5309       6869.0
    39   493671   419607    1.5036       5753.2
    40   574911   82726     1.5486       4855.7
    41   591555   114034    1.5266       4185.1
    44   798168   118584    1.5241       4048.2
    54   1241689  76537     1.5374       3632.4
    59   1500853  192300    1.5049       2880.1
    5    300532   44208     1.5535       2808.7
    top-10: 36.2% of mass, 79.0% of excess-loss
Epoch 443: loss=1.489935  (5.76 sec, 65 subtrees, 225 chunks, 9313891 nodes)
  residual top-10 (subtree_mass × max(avg_loss − 1.490, 0)):
    rc   rootID   mass      avg_loss     score 
    1    50944    1479765   1.4973       10948.1
    46   840714   415269    1.5096       8185.6
    6    309644   167551    1.5314       6945.1
    39   493671   419607    1.5034       5650.7
    40   574911   82726     1.5491       4897.1
    41   591555   114034    1.5263       4147.1
    44   798168   118584    1.5241       4056.2
    54   1241689  76537     1.5368       3586.1
    59   1500853  192300    1.5048       2859.5
    5    300532   44208     1.5518       2734.6
    top-10: 36.2% of mass, 78.8% of excess-loss
Epoch 444: loss=1.489899  (5.78 sec, 65 subtrees, 225 chunks, 9313891 nodes)
  residual top-10 (subtree_mass × max(avg_loss − 1.490, 0)):
    rc   rootID   mass      avg_loss     score 
    1    50944    1479765   1.4974       11150.9
    46   840714   415269    1.5098       8276.4
    6    309644   167551    1.5307       6839.5
    39   493671   419607    1.5035       5687.1
    40   574911   82726     1.5491       4898.5
    44   798168   118584    1.5247       4129.9
    41   591555   114034    1.5259       4102.8
    54   1241689  76537     1.5371       3610.7
    59   1500853  192300    1.5048       2870.7
    5    300532   44208     1.5517       2734.0
    top-10: 36.2% of mass, 78.7% of excess-loss
Epoch 445: loss=1.489764  (5.77 sec, 65 subtrees, 225 chunks, 9313891 nodes)
  residual top-10 (subtree_mass × max(avg_loss − 1.490, 0)):
    rc   rootID   mass      avg_loss     score 
    1    50944    1479765   1.4974       11236.1
    46   840714   415269    1.5096       8246.3
    6    309644   167551    1.5305       6829.5
    39   493671   419607    1.5034       5704.6
    40   574911   82726     1.5493       4924.5
    41   591555   114034    1.5261       4143.1
    44   798168   118584    1.5230       3936.3
    54   1241689  76537     1.5367       3593.2
    59   1500853  192300    1.5043       2796.8
    5    300532   44208     1.5509       2702.9
    top-10: 36.2% of mass, 78.7% of excess-loss
Epoch 446: loss=1.489574  (5.77 sec, 65 subtrees, 225 chunks, 9313891 nodes)
  residual top-10 (subtree_mass × max(avg_loss − 1.490, 0)):
    rc   rootID   mass      avg_loss     score 
    1    50944    1479765   1.4971       11132.4
    46   840714   415269    1.5095       8288.1
    6    309644   167551    1.5299       6755.1
    39   493671   419607    1.5029       5576.1
    40   574911   82726     1.5484       4865.5
    41   591555   114034    1.5253       4072.7
    44   798168   118584    1.5238       4063.8
    54   1241689  76537     1.5360       3552.1
    59   1500853  192300    1.5043       2836.3
    5    300532   44208     1.5515       2739.7
    top-10: 36.2% of mass, 78.2% of excess-loss
Epoch 447: loss=1.489619  (5.76 sec, 65 subtrees, 225 chunks, 9313891 nodes)
  residual top-10 (subtree_mass × max(avg_loss − 1.490, 0)):
    rc   rootID   mass      avg_loss     score 
    1    50944    1479765   1.4971       11132.4
    46   840714   415269    1.5096       8292.9
    6    309644   167551    1.5307       6887.8
    39   493671   419607    1.5028       5519.2
    40   574911   82726     1.5483       4853.3
    41   591555   114034    1.5251       4051.6
    44   798168   118584    1.5235       4016.9
    54   1241689  76537     1.5366       3596.1
    59   1500853  192300    1.5050       2955.2
    5    300532   44208     1.5512       2720.3
    top-10: 36.2% of mass, 78.5% of excess-loss
Epoch 448: loss=1.489499  (5.82 sec, 65 subtrees, 225 chunks, 9313891 nodes)
  residual top-10 (subtree_mass × max(avg_loss − 1.489, 0)):
    rc   rootID   mass      avg_loss     score 
    1    50944    1479765   1.4969       10979.7
    46   840714   415269    1.5093       8221.3
    6    309644   167551    1.5294       6682.6
    39   493671   419607    1.5025       5462.1
    40   574911   82726     1.5484       4870.2
    41   591555   114034    1.5261       4174.6
    44   798168   118584    1.5233       4012.5
    54   1241689  76537     1.5361       3563.0
    59   1500853  192300    1.5043       2849.4
    5    300532   44208     1.5503       2685.9
    top-10: 36.2% of mass, 78.2% of excess-loss
Epoch 449: loss=1.489774  (5.82 sec, 65 subtrees, 225 chunks, 9313891 nodes)
  residual top-10 (subtree_mass × max(avg_loss − 1.490, 0)):
    rc   rootID   mass      avg_loss     score 
    1    50944    1479765   1.4972       10975.8
    46   840714   415269    1.5100       8408.7
    6    309644   167551    1.5291       6582.8
    39   493671   419607    1.5025       5352.4
    40   574911   82726     1.5494       4930.8
    41   591555   114034    1.5262       4159.4
    44   798168   118584    1.5242       4079.2
    54   1241689  76537     1.5360       3537.3
    59   1500853  192300    1.5046       2844.4
    61   1551260  134045    1.5100       2716.6
    top-10: 37.2% of mass, 78.1% of excess-loss
Epoch 450: loss=1.489737  (5.87 sec, 65 subtrees, 225 chunks, 9313891 nodes)
  residual top-10 (subtree_mass × max(avg_loss − 1.490, 0)):
    rc   rootID   mass      avg_loss     score 
    1    50944    1479765   1.4975       11543.7
    46   840714   415269    1.5095       8223.4
    6    309644   167551    1.5288       6539.2
    39   493671   419607    1.5026       5394.7
    40   574911   82726     1.5489       4898.0
    41   591555   114034    1.5262       4161.4
    44   798168   118584    1.5239       4046.0
    54   1241689  76537     1.5370       3619.9
    59   1500853  192300    1.5046       2860.4
    61   1551260  134045    1.5098       2685.0
    top-10: 37.2% of mass, 78.7% of excess-loss
Epoch 451: loss=1.489542  (5.82 sec, 65 subtrees, 225 chunks, 9313891 nodes)
  residual top-10 (subtree_mass × max(avg_loss − 1.490, 0)):
    rc   rootID   mass      avg_loss     score 
    1    50944    1479765   1.4973       11543.6
    46   840714   415269    1.5094       8243.2
    6    309644   167551    1.5286       6536.4
    39   493671   419607    1.5024       5381.2
    40   574911   82726     1.5480       4837.5
    41   591555   114034    1.5258       4137.5
    44   798168   118584    1.5232       3986.9
    54   1241689  76537     1.5369       3627.5
    59   1500853  192300    1.5045       2873.9
    61   1551260  134045    1.5094       2665.9
    top-10: 37.2% of mass, 78.7% of excess-loss
Epoch 452: loss=1.489527  (5.82 sec, 65 subtrees, 225 chunks, 9313891 nodes)
  residual top-10 (subtree_mass × max(avg_loss − 1.490, 0)):
    rc   rootID   mass      avg_loss     score 
    1    50944    1479765   1.4972       11371.1
    46   840714   415269    1.5096       8334.9
    6    309644   167551    1.5279       6428.5
    39   493671   419607    1.5017       5118.4
    40   574911   82726     1.5483       4861.1
    41   591555   114034    1.5259       4150.8
    44   798168   118584    1.5237       4050.2
    54   1241689  76537     1.5368       3617.9
    59   1500853  192300    1.5044       2865.0
    5    300532   44208     1.5505       2697.1
    top-10: 36.2% of mass, 78.0% of excess-loss
Epoch 453: loss=1.489444  (5.83 sec, 65 subtrees, 225 chunks, 9313892 nodes)
  residual top-10 (subtree_mass × max(avg_loss − 1.489, 0)):
    rc   rootID   mass      avg_loss     score 
    1    50944    1479765   1.4972       11451.6
    46   840714   415269    1.5094       8270.2
    6    309644   167551    1.5281       6484.5
    39   493671   419607    1.5017       5124.5
    40   574911   82726     1.5485       4883.9
    41   591555   114034    1.5258       4141.6
    44   798168   118584    1.5232       4001.1
    54   1241689  76537     1.5358       3549.6
    59   1500853  192300    1.5043       2860.5
    61   1551260  134045    1.5095       2689.1
    top-10: 37.2% of mass, 78.2% of excess-loss
Epoch 454: loss=1.489396  (5.81 sec, 65 subtrees, 225 chunks, 9313891 nodes)
  residual top-10 (subtree_mass × max(avg_loss − 1.489, 0)):
    rc   rootID   mass      avg_loss     score 
    1    50944    1479765   1.4970       11321.8
    46   840714   415269    1.5093       8248.5
    6    309644   167551    1.5274       6367.7
    39   493671   419607    1.5016       5104.3
    40   574911   82726     1.5476       4814.4
    41   591555   114034    1.5252       4084.5
    44   798168   118584    1.5234       4032.5
    54   1241689  76537     1.5368       3629.7
    59   1500853  192300    1.5042       2853.9
    61   1551260  134045    1.5104       2814.9
    top-10: 37.2% of mass, 78.0% of excess-loss
Epoch 455: loss=1.489338  (5.84 sec, 65 subtrees, 225 chunks, 9313891 nodes)
  residual top-10 (subtree_mass × max(avg_loss − 1.489, 0)):
    rc   rootID   mass      avg_loss     score 
    1    50944    1479765   1.4971       11554.9
    46   840714   415269    1.5091       8210.6
    6    309644   167551    1.5272       6351.1
    39   493671   419607    1.5012       4963.7
    40   574911   82726     1.5475       4808.0
    41   591555   114034    1.5256       4132.7
    44   798168   118584    1.5235       4051.1
    54   1241689  76537     1.5370       3648.0
    59   1500853  192300    1.5040       2813.3
    61   1551260  134045    1.5093       2680.1
    top-10: 37.2% of mass, 78.0% of excess-loss
Epoch 456: loss=1.489285  (5.83 sec, 65 subtrees, 225 chunks, 9313891 nodes)
  residual top-10 (subtree_mass × max(avg_loss − 1.489, 0)):
    rc   rootID   mass      avg_loss     score 
    1    50944    1479765   1.4969       11281.0
    46   840714   415269    1.5096       8432.4
    6    309644   167551    1.5276       6411.8
    39   493671   419607    1.5012       5001.5
    40   574911   82726     1.5486       4908.5
    41   591555   114034    1.5254       4114.2
    44   798168   118584    1.5230       3993.6
    54   1241689  76537     1.5366       3621.9
    59   1500853  192300    1.5037       2770.4
    61   1551260  134045    1.5090       2648.2
    top-10: 37.2% of mass, 77.9% of excess-loss
Epoch 457: loss=1.489273  (5.82 sec, 65 subtrees, 225 chunks, 9313891 nodes)
  residual top-10 (subtree_mass × max(avg_loss − 1.489, 0)):
    rc   rootID   mass      avg_loss     score 
    1    50944    1479765   1.4971       11581.5
    46   840714   415269    1.5093       8303.8
    6    309644   167551    1.5271       6345.9
    39   493671   419607    1.5013       5039.7
    40   574911   82726     1.5472       4788.2
    41   591555   114034    1.5254       4116.3
    44   798168   118584    1.5226       3948.4
    54   1241689  76537     1.5361       3581.0
    59   1500853  192300    1.5043       2888.3
    61   1551260  134045    1.5097       2740.6
    top-10: 37.2% of mass, 77.9% of excess-loss
Epoch 458: loss=1.489206  (5.82 sec, 65 subtrees, 225 chunks, 9313891 nodes)
  residual top-10 (subtree_mass × max(avg_loss − 1.489, 0)):
    rc   rootID   mass      avg_loss     score 
    1    50944    1479765   1.4970       11501.1
    46   840714   415269    1.5093       8344.8
    6    309644   167551    1.5266       6262.6
    39   493671   419607    1.5011       4997.2
    40   574911   82726     1.5482       4878.6
    41   591555   114034    1.5249       4070.1
    44   798168   118584    1.5232       4026.4
    54   1241689  76537     1.5366       3628.1
    59   1500853  192300    1.5045       2942.0
    61   1551260  134045    1.5095       2714.6
    top-10: 37.2% of mass, 78.0% of excess-loss
Epoch 459: loss=1.489098  (5.82 sec, 65 subtrees, 225 chunks, 9313891 nodes)
  residual top-10 (subtree_mass × max(avg_loss − 1.489, 0)):
    rc   rootID   mass      avg_loss     score 
    1    50944    1479765   1.4968       11410.9
    46   840714   415269    1.5090       8274.7
    6    309644   167551    1.5269       6330.4
    40   574911   82726     1.5475       4829.8
    39   493671   419607    1.5006       4811.8
    41   591555   114034    1.5254       4136.0
    44   798168   118584    1.5232       4048.0
    54   1241689  76537     1.5357       3563.1
    59   1500853  192300    1.5036       2787.1
    61   1551260  134045    1.5090       2661.2
    top-10: 37.2% of mass, 77.7% of excess-loss
Epoch 460: loss=1.488942  (5.85 sec, 65 subtrees, 225 chunks, 9313891 nodes)
  residual top-10 (subtree_mass × max(avg_loss − 1.489, 0)):
    rc   rootID   mass      avg_loss     score 
    1    50944    1479765   1.4967       11419.5
    46   840714   415269    1.5089       8299.1
    6    309644   167551    1.5262       6240.9
    40   574911   82726     1.5481       4897.7
    39   493671   419607    1.5003       4759.7
    41   591555   114034    1.5246       4066.9
    44   798168   118584    1.5225       3980.7
    54   1241689  76537     1.5359       3594.8
    59   1500853  192300    1.5041       2920.8
    61   1551260  134045    1.5092       2709.4
    top-10: 37.2% of mass, 77.6% of excess-loss
Epoch 461: loss=1.488860  (5.80 sec, 65 subtrees, 225 chunks, 9313891 nodes)
  residual top-10 (subtree_mass × max(avg_loss − 1.489, 0)):
    rc   rootID   mass      avg_loss     score 
    1    50944    1479765   1.4967       11575.5
    46   840714   415269    1.5094       8520.9
    6    309644   167551    1.5260       6226.8
    40   574911   82726     1.5466       4779.4
    39   493671   419607    1.5001       4716.0
    41   591555   114034    1.5248       4093.0
    44   798168   118584    1.5221       3937.4
    54   1241689  76537     1.5355       3568.0
    59   1500853  192300    1.5038       2876.0
    61   1551260  134045    1.5090       2704.7
    top-10: 37.2% of mass, 77.7% of excess-loss
Epoch 462: loss=1.488878  (5.80 sec, 65 subtrees, 225 chunks, 9313891 nodes)
  residual top-10 (subtree_mass × max(avg_loss − 1.489, 0)):
    rc   rootID   mass      avg_loss     score 
    1    50944    1479765   1.4967       11500.2
    46   840714   415269    1.5091       8391.8
    6    309644   167551    1.5260       6219.1
    39   493671   419607    1.5005       4890.1
    40   574911   82726     1.5472       4821.6
    41   591555   114034    1.5252       4142.3
    44   798168   118584    1.5232       4071.6
    54   1241689  76537     1.5371       3690.4
    59   1500853  192300    1.5039       2886.4
    61   1551260  134045    1.5089       2686.8
    top-10: 37.2% of mass, 77.8% of excess-loss
Epoch 463: loss=1.488788  (5.80 sec, 65 subtrees, 225 chunks, 9313891 nodes)
  residual top-10 (subtree_mass × max(avg_loss − 1.489, 0)):
    rc   rootID   mass      avg_loss     score 
    1    50944    1479765   1.4965       11414.2
    46   840714   415269    1.5090       8398.9
    6    309644   167551    1.5255       6154.6
    40   574911   82726     1.5481       4904.0
    39   493671   419607    1.5001       4746.6
    41   591555   114034    1.5246       4082.7
    44   798168   118584    1.5226       4005.7
    54   1241689  76537     1.5360       3611.7
    59   1500853  192300    1.5045       3026.1
    61   1551260  134045    1.5092       2735.7
    top-10: 37.2% of mass, 77.3% of excess-loss
Epoch 464: loss=1.488876  (5.80 sec, 65 subtrees, 225 chunks, 9313891 nodes)
  residual top-10 (subtree_mass × max(avg_loss − 1.489, 0)):
    rc   rootID   mass      avg_loss     score 
    1    50944    1479765   1.4969       11879.6
    46   840714   415269    1.5089       8301.1
    6    309644   167551    1.5253       6103.7
    40   574911   82726     1.5474       4844.3
    39   493671   419607    1.4997       4537.6
    41   591555   114034    1.5249       4108.6
    44   798168   118584    1.5231       4057.5
    54   1241689  76537     1.5367       3659.0
    59   1500853  192300    1.5038       2862.8
    61   1551260  134045    1.5090       2702.8
    top-10: 37.2% of mass, 77.5% of excess-loss
Epoch 465: loss=1.488718  (5.81 sec, 65 subtrees, 225 chunks, 9313891 nodes)
  residual top-10 (subtree_mass × max(avg_loss − 1.489, 0)):
    rc   rootID   mass      avg_loss     score 
    1    50944    1479765   1.4965       11456.5
    46   840714   415269    1.5089       8384.1
    6    309644   167551    1.5252       6106.6
    40   574911   82726     1.5478       4885.4
    39   493671   419607    1.4997       4622.6
    41   591555   114034    1.5252       4160.7
    44   798168   118584    1.5227       4023.9
    54   1241689  76537     1.5361       3623.6
    59   1500853  192300    1.5040       2936.6
    61   1551260  134045    1.5089       2706.2
    top-10: 37.2% of mass, 77.7% of excess-loss
Epoch 466: loss=1.488706  (5.79 sec, 65 subtrees, 225 chunks, 9313891 nodes)
  residual top-10 (subtree_mass × max(avg_loss − 1.489, 0)):
    rc   rootID   mass      avg_loss     score 
    1    50944    1479765   1.4965       11506.7
    46   840714   415269    1.5087       8315.2
    6    309644   167551    1.5249       6056.4
    40   574911   82726     1.5471       4832.7
    39   493671   419607    1.4993       4464.7
    41   591555   114034    1.5252       4157.2
    44   798168   118584    1.5228       4043.5
    54   1241689  76537     1.5368       3684.2
    59   1500853  192300    1.5034       2829.8
    61   1551260  134045    1.5089       2700.9
    top-10: 37.2% of mass, 77.2% of excess-loss
Epoch 467: loss=1.488658  (5.80 sec, 65 subtrees, 225 chunks, 9313891 nodes)
  residual top-10 (subtree_mass × max(avg_loss − 1.489, 0)):
    rc   rootID   mass      avg_loss     score 
    1    50944    1479765   1.4966       11699.6
    46   840714   415269    1.5088       8361.8
    6    309644   167551    1.5246       6026.8
    40   574911   82726     1.5469       4815.6
    39   493671   419607    1.4995       4556.2
    41   591555   114034    1.5249       4133.2
    44   798168   118584    1.5223       3988.0
    54   1241689  76537     1.5367       3679.1
    59   1500853  192300    1.5045       3039.1
    61   1551260  134045    1.5086       2679.7
    top-10: 37.2% of mass, 77.3% of excess-loss
Epoch 468: loss=1.488644  (5.79 sec, 65 subtrees, 225 chunks, 9313891 nodes)
  residual top-10 (subtree_mass × max(avg_loss − 1.489, 0)):
    rc   rootID   mass      avg_loss     score 
    1    50944    1479765   1.4966       11755.1
    46   840714   415269    1.5082       8131.7
    6    309644   167551    1.5245       6009.6
    40   574911   82726     1.5467       4798.7
    39   493671   419607    1.4996       4596.2
    41   591555   114034    1.5253       4184.2
    44   798168   118584    1.5225       4012.5
    54   1241689  76537     1.5367       3680.4
    59   1500853  192300    1.5039       2936.8
    61   1551260  134045    1.5085       2664.0
    top-10: 37.2% of mass, 77.6% of excess-loss
Epoch 469: loss=1.488550  (5.80 sec, 65 subtrees, 225 chunks, 9313891 nodes)
  residual top-10 (subtree_mass × max(avg_loss − 1.489, 0)):
    rc   rootID   mass      avg_loss     score 
    1    50944    1479765   1.4966       11862.4
    46   840714   415269    1.5086       8308.9
    6    309644   167551    1.5241       5957.2
    40   574911   82726     1.5470       4831.4
    39   493671   419607    1.4990       4401.5
    41   591555   114034    1.5238       4016.2
    44   798168   118584    1.5223       4002.3
    54   1241689  76537     1.5361       3636.5
    59   1500853  192300    1.5036       2897.1
    61   1551260  134045    1.5090       2740.0
    top-10: 37.2% of mass, 77.0% of excess-loss
Epoch 470: loss=1.488666  (5.81 sec, 65 subtrees, 225 chunks, 9313891 nodes)
  residual top-10 (subtree_mass × max(avg_loss − 1.489, 0)):
    rc   rootID   mass      avg_loss     score 
    1    50944    1479765   1.4966       11683.6
    46   840714   415269    1.5088       8346.8
    6    309644   167551    1.5241       5944.2
    40   574911   82726     1.5467       4800.8
    39   493671   419607    1.4990       4344.4
    41   591555   114034    1.5244       4076.6
    44   798168   118584    1.5223       3988.1
    54   1241689  76537     1.5365       3659.5
    59   1500853  192300    1.5043       3005.3
    61   1551260  134045    1.5092       2756.3
    top-10: 37.2% of mass, 77.3% of excess-loss
Epoch 471: loss=1.488532  (5.81 sec, 65 subtrees, 225 chunks, 9313891 nodes)
  residual top-10 (subtree_mass × max(avg_loss − 1.489, 0)):
    rc   rootID   mass      avg_loss     score 
    1    50944    1479765   1.4966       11883.1
    46   840714   415269    1.5086       8338.4
    6    309644   167551    1.5244       6010.2
    40   574911   82726     1.5469       4830.4
    39   493671   419607    1.4989       4333.2
    41   591555   114034    1.5238       4023.6
    44   798168   118584    1.5221       3976.4
    54   1241689  76537     1.5359       3622.6
    59   1500853  192300    1.5043       3034.1
    61   1551260  134045    1.5095       2812.3
    top-10: 37.2% of mass, 77.1% of excess-loss
Epoch 472: loss=1.488542  (5.81 sec, 65 subtrees, 225 chunks, 9313891 nodes)
  residual top-10 (subtree_mass × max(avg_loss − 1.489, 0)):
    rc   rootID   mass      avg_loss     score 
    1    50944    1479765   1.4964       11682.1
    46   840714   415269    1.5089       8461.2
    6    309644   167551    1.5242       5969.2
    40   574911   82726     1.5463       4779.1
    39   493671   419607    1.4989       4327.9
    41   591555   114034    1.5250       4156.0
    44   798168   118584    1.5221       3979.7
    54   1241689  76537     1.5361       3642.3
    59   1500853  192300    1.5037       2912.1
    61   1551260  134045    1.5096       2823.8
    top-10: 37.2% of mass, 77.0% of excess-loss
Epoch 473: loss=1.488546  (5.81 sec, 65 subtrees, 225 chunks, 9313891 nodes)
  residual top-10 (subtree_mass × max(avg_loss − 1.489, 0)):
    rc   rootID   mass      avg_loss     score 
    1    50944    1479765   1.4965       11725.9
    46   840714   415269    1.5087       8355.4
    6    309644   167551    1.5235       5860.9
    40   574911   82726     1.5465       4794.6
    39   493671   419607    1.4987       4266.2
    41   591555   114034    1.5244       4092.1
    44   798168   118584    1.5223       3999.1
    54   1241689  76537     1.5367       3681.8
    59   1500853  192300    1.5041       2987.8
    61   1551260  134045    1.5095       2805.2
    top-10: 37.2% of mass, 77.0% of excess-loss
Epoch 474: loss=1.488478  (5.80 sec, 65 subtrees, 225 chunks, 9313891 nodes)
  residual top-10 (subtree_mass × max(avg_loss − 1.488, 0)):
    rc   rootID   mass      avg_loss     score 
    1    50944    1479765   1.4966       11956.8
    46   840714   415269    1.5084       8254.2
    6    309644   167551    1.5237       5905.8
    40   574911   82726     1.5470       4839.9
    39   493671   419607    1.4987       4302.2
    41   591555   114034    1.5241       4062.7
    44   798168   118584    1.5223       4009.6
    54   1241689  76537     1.5363       3660.9
    59   1500853  192300    1.5037       2933.8
    61   1551260  134045    1.5088       2725.1
    top-10: 37.2% of mass, 77.2% of excess-loss
Epoch 475: loss=1.488466  (5.81 sec, 65 subtrees, 225 chunks, 9313891 nodes)
  residual top-10 (subtree_mass × max(avg_loss − 1.488, 0)):
    rc   rootID   mass      avg_loss     score 
    1    50944    1479765   1.4967       12219.4
    46   840714   415269    1.5085       8307.9
    6    309644   167551    1.5243       5999.2
    40   574911   82726     1.5467       4815.7
    39   493671   419607    1.4983       4117.2
    41   591555   114034    1.5238       4027.6
    44   798168   118584    1.5220       3982.3
    54   1241689  76537     1.5364       3672.3
    59   1500853  192300    1.5040       2984.3
    61   1551260  134045    1.5088       2725.2
    top-10: 37.2% of mass, 77.1% of excess-loss
Epoch 476: loss=1.488418  (5.80 sec, 65 subtrees, 225 chunks, 9313891 nodes)
  residual top-10 (subtree_mass × max(avg_loss − 1.488, 0)):
    rc   rootID   mass      avg_loss     score 
    1    50944    1479765   1.4966       12066.0
    46   840714   415269    1.5084       8305.1
    6    309644   167551    1.5232       5829.4
    40   574911   82726     1.5461       4774.1
    39   493671   419607    1.4982       4091.3
    41   591555   114034    1.5238       4035.3
    44   798168   118584    1.5221       3997.6
    54   1241689  76537     1.5357       3615.3
    59   1500853  192300    1.5042       3041.6
    61   1551260  134045    1.5092       2789.2
    top-10: 37.2% of mass, 77.1% of excess-loss
Epoch 477: loss=1.488468  (5.81 sec, 65 subtrees, 225 chunks, 9313891 nodes)
  residual top-10 (subtree_mass × max(avg_loss − 1.488, 0)):
    rc   rootID   mass      avg_loss     score 
    1    50944    1479765   1.4966       11977.0
    46   840714   415269    1.5085       8309.3
    6    309644   167551    1.5237       5910.3
    40   574911   82726     1.5468       4825.1
    39   493671   419607    1.4983       4136.5
    41   591555   114034    1.5240       4053.2
    44   798168   118584    1.5215       3914.1
    54   1241689  76537     1.5360       3641.1
    59   1500853  192300    1.5039       2960.0
    61   1551260  134045    1.5086       2700.1
    top-10: 37.2% of mass, 76.6% of excess-loss
Epoch 478: loss=1.488384  (5.80 sec, 65 subtrees, 225 chunks, 9313891 nodes)
  residual top-10 (subtree_mass × max(avg_loss − 1.488, 0)):
    rc   rootID   mass      avg_loss     score 
    1    50944    1479765   1.4965       12064.3
    46   840714   415269    1.5083       8283.6
    6    309644   167551    1.5234       5860.7
    40   574911   82726     1.5456       4732.8
    41   591555   114034    1.5242       4084.3
    44   798168   118584    1.5228       4076.2
    39   493671   419607    1.4980       4017.3
    54   1241689  76537     1.5366       3690.1
    59   1500853  192300    1.5035       2906.7
    61   1551260  134045    1.5083       2670.7
    top-10: 37.2% of mass, 76.7% of excess-loss
Epoch 479: loss=1.488311  (5.80 sec, 65 subtrees, 225 chunks, 9313891 nodes)
  residual top-10 (subtree_mass × max(avg_loss − 1.488, 0)):
    rc   rootID   mass      avg_loss     score 
    1    50944    1479765   1.4966       12279.4
    46   840714   415269    1.5083       8304.2
    6    309644   167551    1.5232       5837.8
    40   574911   82726     1.5463       4797.3
    39   493671   419607    1.4981       4113.8
    41   591555   114034    1.5239       4063.0
    44   798168   118584    1.5218       3966.3
    54   1241689  76537     1.5364       3679.4
    59   1500853  192300    1.5039       2996.8
    61   1551260  134045    1.5093       2817.0
    top-10: 37.2% of mass, 77.0% of excess-loss
Epoch 480: loss=1.488330  (5.80 sec, 65 subtrees, 225 chunks, 9313891 nodes)
  residual top-10 (subtree_mass × max(avg_loss − 1.488, 0)):
    rc   rootID   mass      avg_loss     score 
    1    50944    1479765   1.4963       11805.8
    46   840714   415269    1.5084       8352.8
    6    309644   167551    1.5232       5838.1
    40   574911   82726     1.5478       4919.9
    39   493671   419607    1.4978       3981.9
    44   798168   118584    1.5218       3968.2
    41   591555   114034    1.5231       3963.5
    54   1241689  76537     1.5356       3615.6
    59   1500853  192300    1.5042       3049.1
    61   1551260  134045    1.5090       2767.4
    top-10: 37.2% of mass, 76.7% of excess-loss
Epoch 481: loss=1.488432  (5.80 sec, 65 subtrees, 225 chunks, 9313891 nodes)
  residual top-10 (subtree_mass × max(avg_loss − 1.488, 0)):
    rc   rootID   mass      avg_loss     score 
    1    50944    1479765   1.4966       12097.4
    46   840714   415269    1.5082       8210.0
    6    309644   167551    1.5240       5952.7
    40   574911   82726     1.5464       4797.8
    39   493671   419607    1.4980       4002.4
    44   798168   118584    1.5221       3989.3
    41   591555   114034    1.5231       3958.1
    54   1241689  76537     1.5366       3689.2
    59   1500853  192300    1.5042       3025.3
    61   1551260  134045    1.5090       2756.3
    top-10: 37.2% of mass, 77.1% of excess-loss
Epoch 482: loss=1.488350  (5.81 sec, 65 subtrees, 225 chunks, 9313891 nodes)
  residual top-10 (subtree_mass × max(avg_loss − 1.488, 0)):
    rc   rootID   mass      avg_loss     score 
    1    50944    1479765   1.4966       12177.3
    46   840714   415269    1.5086       8425.6
    6    309644   167551    1.5231       5827.1
    40   574911   82726     1.5458       4755.5
    41   591555   114034    1.5238       4038.8
    39   493671   419607    1.4978       3953.2
    44   798168   118584    1.5216       3947.4
    54   1241689  76537     1.5357       3626.8
    59   1500853  192300    1.5041       3031.3
    61   1551260  134045    1.5092       2791.0
    top-10: 37.2% of mass, 77.1% of excess-loss
Epoch 483: loss=1.488362  (5.80 sec, 65 subtrees, 225 chunks, 9313891 nodes)
  residual top-10 (subtree_mass × max(avg_loss − 1.488, 0)):
    rc   rootID   mass      avg_loss     score 
    1    50944    1479765   1.4965       12001.7
    46   840714   415269    1.5084       8322.0
    6    309644   167551    1.5225       5713.8
    40   574911   82726     1.5462       4788.3
    41   591555   114034    1.5243       4097.1
    39   493671   419607    1.4978       3973.8
    44   798168   118584    1.5216       3937.4
    54   1241689  76537     1.5361       3656.9
    59   1500853  192300    1.5040       3004.0
    61   1551260  134045    1.5089       2752.9
    top-10: 37.2% of mass, 76.8% of excess-loss
Epoch 484: loss=1.488302  (5.80 sec, 65 subtrees, 225 chunks, 9313891 nodes)
  residual top-10 (subtree_mass × max(avg_loss − 1.488, 0)):
    rc   rootID   mass      avg_loss     score 
    1    50944    1479765   1.4965       12185.5
    46   840714   415269    1.5088       8506.2
    6    309644   167551    1.5229       5791.7
    40   574911   82726     1.5452       4703.3
    44   798168   118584    1.5225       4051.3
    41   591555   114034    1.5233       3986.9
    39   493671   419607    1.4976       3903.6
    54   1241689  76537     1.5365       3691.2
    59   1500853  192300    1.5037       2969.5
    61   1551260  134045    1.5086       2714.4
    top-10: 37.2% of mass, 76.7% of excess-loss
Epoch 485: loss=1.488273  (5.81 sec, 65 subtrees, 225 chunks, 9313891 nodes)
  residual top-10 (subtree_mass × max(avg_loss − 1.488, 0)):
    rc   rootID   mass      avg_loss     score 
    1    50944    1479765   1.4964       12088.5
    46   840714   415269    1.5084       8352.8
    6    309644   167551    1.5231       5830.4
    40   574911   82726     1.5450       4692.3
    44   798168   118584    1.5224       4047.4
    41   591555   114034    1.5235       4014.5
    39   493671   419607    1.4977       3953.8
    54   1241689  76537     1.5370       3726.9
    59   1500853  192300    1.5039       3006.1
    61   1551260  134045    1.5084       2693.6
    top-10: 37.2% of mass, 76.9% of excess-loss
Epoch 486: loss=1.488215  (5.81 sec, 65 subtrees, 225 chunks, 9313891 nodes)
  residual top-10 (subtree_mass × max(avg_loss − 1.488, 0)):
    rc   rootID   mass      avg_loss     score 
    1    50944    1479765   1.4963       11967.5
    46   840714   415269    1.5082       8304.3
    6    309644   167551    1.5228       5799.0
    40   574911   82726     1.5459       4772.5
    41   591555   114034    1.5243       4115.7
    44   798168   118584    1.5218       3978.9
    39   493671   419607    1.4976       3920.9
    54   1241689  76537     1.5359       3649.7
    59   1500853  192300    1.5036       2965.1
    61   1551260  134045    1.5090       2789.4
    top-10: 37.2% of mass, 76.5% of excess-loss
Epoch 487: loss=1.488161  (5.79 sec, 65 subtrees, 225 chunks, 9313891 nodes)
  residual top-10 (subtree_mass × max(avg_loss − 1.488, 0)):
    rc   rootID   mass      avg_loss     score 
    1    50944    1479765   1.4965       12275.7
    46   840714   415269    1.5084       8422.3
    6    309644   167551    1.5225       5753.1
    40   574911   82726     1.5453       4725.2
    41   591555   114034    1.5233       4005.2
    44   798168   118584    1.5211       3907.7
    39   493671   419607    1.4974       3874.1
    54   1241689  76537     1.5370       3737.5
    59   1500853  192300    1.5042       3076.0
    61   1551260  134045    1.5087       2756.4
    top-10: 37.2% of mass, 76.8% of excess-loss
Epoch 488: loss=1.488225  (5.81 sec, 65 subtrees, 225 chunks, 9313891 nodes)
  residual top-10 (subtree_mass × max(avg_loss − 1.488, 0)):
    rc   rootID   mass      avg_loss     score 
    1    50944    1479765   1.4965       12231.5
    46   840714   415269    1.5083       8327.2
    6    309644   167551    1.5228       5791.9
    40   574911   82726     1.5458       4758.8
    44   798168   118584    1.5224       4052.8
    41   591555   114034    1.5231       3978.4
    39   493671   419607    1.4974       3854.3
    54   1241689  76537     1.5364       3689.1
    59   1500853  192300    1.5035       2928.3
    61   1551260  134045    1.5084       2701.2
    top-10: 37.2% of mass, 76.6% of excess-loss
Epoch 489: loss=1.488182  (5.80 sec, 65 subtrees, 225 chunks, 9313891 nodes)
  residual top-10 (subtree_mass × max(avg_loss − 1.488, 0)):
    rc   rootID   mass      avg_loss     score 
    1    50944    1479765   1.4966       12406.2
    46   840714   415269    1.5081       8267.2
    6    309644   167551    1.5224       5737.3
    40   574911   82726     1.5453       4723.5
    41   591555   114034    1.5239       4076.1
    44   798168   118584    1.5217       3979.7
    39   493671   419607    1.4974       3882.3
    54   1241689  76537     1.5365       3701.6
    59   1500853  192300    1.5037       2990.3
    61   1551260  134045    1.5090       2791.5
    top-10: 37.2% of mass, 76.3% of excess-loss
Epoch 490: loss=1.488128  (5.80 sec, 65 subtrees, 225 chunks, 9313891 nodes)
  residual top-10 (subtree_mass × max(avg_loss − 1.488, 0)):
    rc   rootID   mass      avg_loss     score 
    1    50944    1479765   1.4965       12332.4
    46   840714   415269    1.5082       8331.3
    6    309644   167551    1.5225       5750.9
    40   574911   82726     1.5458       4774.8
    41   591555   114034    1.5238       4063.2
    44   798168   118584    1.5215       3961.3
    39   493671   419607    1.4973       3835.6
    54   1241689  76537     1.5361       3671.8
    59   1500853  192300    1.5039       3032.6
    61   1551260  134045    1.5089       2791.0
    top-10: 37.2% of mass, 76.6% of excess-loss
Epoch 491: loss=1.488229  (5.81 sec, 65 subtrees, 225 chunks, 9313891 nodes)
  residual top-10 (subtree_mass × max(avg_loss − 1.488, 0)):
    rc   rootID   mass      avg_loss     score 
    1    50944    1479765   1.4965       12289.6
    46   840714   415269    1.5084       8357.6
    6    309644   167551    1.5224       5730.4
    40   574911   82726     1.5455       4740.8
    44   798168   118584    1.5218       3975.1
    41   591555   114034    1.5229       3957.5
    39   493671   419607    1.4972       3785.3
    54   1241689  76537     1.5360       3660.1
    59   1500853  192300    1.5044       3104.1
    61   1551260  134045    1.5091       2801.6
    top-10: 37.2% of mass, 76.7% of excess-loss
Epoch 492: loss=1.488192  (5.80 sec, 65 subtrees, 225 chunks, 9313891 nodes)
  residual top-10 (subtree_mass × max(avg_loss − 1.488, 0)):
    rc   rootID   mass      avg_loss     score 
    1    50944    1479765   1.4964       12101.4
    46   840714   415269    1.5081       8283.3
    6    309644   167551    1.5226       5760.0
    40   574911   82726     1.5454       4732.5
    41   591555   114034    1.5237       4051.5
    44   798168   118584    1.5215       3948.3
    39   493671   419607    1.4976       3936.3
    54   1241689  76537     1.5360       3662.7
    59   1500853  192300    1.5039       3020.6
    61   1551260  134045    1.5091       2804.4
    top-10: 37.2% of mass, 76.7% of excess-loss
Epoch 493: loss=1.488164  (5.80 sec, 65 subtrees, 225 chunks, 9313891 nodes)
  residual top-10 (subtree_mass × max(avg_loss − 1.488, 0)):
    rc   rootID   mass      avg_loss     score 
    1    50944    1479765   1.4965       12367.2
    46   840714   415269    1.5082       8320.6
    6    309644   167551    1.5227       5794.4
    40   574911   82726     1.5453       4722.6
    41   591555   114034    1.5237       4050.6
    44   798168   118584    1.5220       4015.3
    39   493671   419607    1.4972       3779.9
    54   1241689  76537     1.5367       3714.0
    59   1500853  192300    1.5039       3025.9
    61   1551260  134045    1.5085       2731.3
    top-10: 37.2% of mass, 76.6% of excess-loss
Epoch 494: loss=1.488211  (5.80 sec, 65 subtrees, 225 chunks, 9313891 nodes)
  residual top-10 (subtree_mass × max(avg_loss − 1.488, 0)):
    rc   rootID   mass      avg_loss     score 
    1    50944    1479765   1.4964       12108.0
    46   840714   415269    1.5083       8323.4
    6    309644   167551    1.5228       5792.3
    40   574911   82726     1.5455       4736.8
    44   798168   118584    1.5226       4078.7
    41   591555   114034    1.5235       4027.1
    39   493671   419607    1.4972       3770.9
    54   1241689  76537     1.5367       3710.9
    59   1500853  192300    1.5040       3043.0
    61   1551260  134045    1.5093       2826.2
    top-10: 37.2% of mass, 76.6% of excess-loss
Epoch 495: loss=1.488132  (5.81 sec, 65 subtrees, 225 chunks, 9313891 nodes)
  residual top-10 (subtree_mass × max(avg_loss − 1.488, 0)):
    rc   rootID   mass      avg_loss     score 
    1    50944    1479765   1.4965       12369.4
    46   840714   415269    1.5082       8320.7
    6    309644   167551    1.5228       5810.3
    40   574911   82726     1.5460       4786.0
    41   591555   114034    1.5232       4003.5
    44   798168   118584    1.5219       3998.5
    39   493671   419607    1.4974       3902.2
    54   1241689  76537     1.5362       3676.8
    59   1500853  192300    1.5039       3041.0
    61   1551260  134045    1.5088       2768.5
    top-10: 37.2% of mass, 76.5% of excess-loss
Epoch 496: loss=1.488137  (5.80 sec, 65 subtrees, 225 chunks, 9313891 nodes)
  residual top-10 (subtree_mass × max(avg_loss − 1.488, 0)):
    rc   rootID   mass      avg_loss     score 
    1    50944    1479765   1.4967       12612.9
    46   840714   415269    1.5082       8333.3
    6    309644   167551    1.5227       5787.7
    40   574911   82726     1.5449       4697.5
    41   591555   114034    1.5233       4007.2
    44   798168   118584    1.5212       3919.0
    39   493671   419607    1.4973       3840.2
    54   1241689  76537     1.5361       3670.1
    59   1500853  192300    1.5036       2974.6
    61   1551260  134045    1.5089       2789.9
    top-10: 37.2% of mass, 76.5% of excess-loss
Epoch 497: loss=1.488188  (5.80 sec, 65 subtrees, 225 chunks, 9313891 nodes)
  residual top-10 (subtree_mass × max(avg_loss − 1.488, 0)):
    rc   rootID   mass      avg_loss     score 
    1    50944    1479765   1.4965       12312.9
    46   840714   415269    1.5082       8311.9
    6    309644   167551    1.5218       5626.2
    40   574911   82726     1.5453       4724.8
    41   591555   114034    1.5240       4078.7
    44   798168   118584    1.5221       4022.1
    54   1241689  76537     1.5367       3714.9
    39   493671   419607    1.4969       3667.9
    59   1500853  192300    1.5043       3102.0
    61   1551260  134045    1.5083       2700.8
    top-10: 37.2% of mass, 76.4% of excess-loss
Epoch 498: loss=1.488187  (5.80 sec, 65 subtrees, 225 chunks, 9313891 nodes)
  residual top-10 (subtree_mass × max(avg_loss − 1.488, 0)):
    rc   rootID   mass      avg_loss     score 
    1    50944    1479765   1.4966       12379.0
    46   840714   415269    1.5081       8256.4
    6    309644   167551    1.5226       5762.6
    40   574911   82726     1.5457       4755.2
    41   591555   114034    1.5243       4118.6
    44   798168   118584    1.5217       3978.2
    39   493671   419607    1.4973       3841.2
    54   1241689  76537     1.5359       3652.6
    59   1500853  192300    1.5040       3049.2
    61   1551260  134045    1.5082       2687.2
    top-10: 37.2% of mass, 76.7% of excess-loss
Epoch 499: loss=1.488190  (5.81 sec, 65 subtrees, 225 chunks, 9313891 nodes)
  residual top-10 (subtree_mass × max(avg_loss − 1.488, 0)):
    rc   rootID   mass      avg_loss     score 
    1    50944    1479765   1.4966       12421.7
    46   840714   415269    1.5083       8356.1
    6    309644   167551    1.5223       5719.6
    40   574911   82726     1.5457       4754.6
    41   591555   114034    1.5234       4012.6
    44   798168   118584    1.5215       3949.4
    39   493671   419607    1.4974       3881.6
    54   1241689  76537     1.5366       3702.2
    59   1500853  192300    1.5045       3135.1
    61   1551260  134045    1.5095       2854.6
    top-10: 37.2% of mass, 77.0% of excess-loss
Epoch 500: loss=1.488213  (5.81 sec, 65 subtrees, 225 chunks, 9313891 nodes)
  residual top-10 (subtree_mass × max(avg_loss − 1.488, 0)):
    rc   rootID   mass      avg_loss     score 
    1    50944    1479765   1.4967       12562.3
    46   840714   415269    1.5084       8384.0
    6    309644   167551    1.5230       5831.0
    40   574911   82726     1.5462       4796.3
    41   591555   114034    1.5231       3982.1
    44   798168   118584    1.5218       3981.3
    39   493671   419607    1.4974       3838.5
    54   1241689  76537     1.5361       3668.1
    59   1500853  192300    1.5039       3011.2
    61   1551260  134045    1.5087       2745.3
    top-10: 37.2% of mass, 76.6% of excess-loss
Saved to /home/trans/Projects/agpt/rnd/streaming-agpt-v1/models/baseline_500.model
Done.
  Appended optimizer state to /home/trans/Projects/agpt/rnd/streaming-agpt-v1/models/baseline_500.model (adam_t=32500)
