AGPT CUDA Training Engine
  Model: d=64 heads=4 layers=2 ff=256 vocab=65 seq=32 head_dim=16
  Loaded 108481 weight floats (423.8 KB)
  No optimizer state in checkpoint; starting cold
Loading radix trie from /tmp/gutenberg_5m_baseline_d16_radix...
  Radix trie: 7073694 nodes, 34623339 total edge chars, 17 endpoint depths
  Radix loaded: 11884367 counts entries, 63118178 ancestor char entries
  d_split: 4570307/7073694 nodes have a mass=1 ancestor (mean depth 10.48)
  lr-schedule: warmup-cosine (peak=0.003, warmup_epochs=1)
  optimizer: rmsprop (lr=0.003)
  entropy lambda: 1.000 (branching-endpoint icing enabled)
  mass weighting: log (head-of-edge count restores corpus-frequency exposure)
  curriculum: flat (d=max each epoch)
  max edge_len: 15, max ancestor chars: 15, max KV per node: 30, max endpoint depth: 16
  mass=1 compaction: 29783005 / 34623339 chars are mass=1 (86.0%); cache holds 4840334 positions
  loop points: 160826 (mass>1 leaves; 6.4% of 2503386 mass>1 nodes)
  KV cache: 2478.3 MB unified memory (bf16 compact)
  GPU memory: 3105.0 MB used, 5081.8 MB free, 8186.8 MB total
  65 root-child subtrees: sizes min=3 max=1116592 avg=108826.0 (total=7073693 radix nodes)
Epoch 1: loss=3.739917  (21.85 sec, 65 subtrees, 730 chunks, 34623339 nodes)
  residual top-10 (subtree_mass × max(avg_loss − 3.740, 0)):
    rc   rootID   mass      avg_loss     score 
    43   2546378  4367096   5.4635       7527229.9
    1    138709   8244278   4.4111       5533679.1
    42   2302712  1539203   5.4680       2659841.6
    40   2098840  473230    6.1832       1156246.4
    0    1        824077    5.1249       1141346.0
    41   2178351  766679    5.2077       1125354.1
    44   3229301  724285    4.2094       340055.8
    5    1263676  342947    3.8788       47614.8
    2    1255301  46307     4.1018       16757.7
    9    1498894  667       3.9050       110.1 
    top-10: 38.0% of mass, 100.0% of excess-loss
Epoch 2: loss=2.603684  (21.62 sec, 65 subtrees, 730 chunks, 34623339 nodes)
  residual top-10 (subtree_mass × max(avg_loss − 2.604, 0)):
    rc   rootID   mass      avg_loss     score 
    1    138709   8244278   2.6926       732940.2
    44   3229301  724285    2.8436       173802.3
    59   6621526  905338    2.7870       165968.5
    54   5381749  526964    2.8554       132660.7
    5    1263676  342947    2.8693       91075.7
    0    1        824077    2.6784       61564.5
    58   6141841  3228512   2.6208       55160.0
    6    1317879  754528    2.6668       47590.2
    2    1255301  46307     3.1374       24716.8
    8    1439897  392288    2.6538       19642.5
    top-10: 35.1% of mass, 88.8% of excess-loss
Epoch 3: loss=2.465162  (21.63 sec, 65 subtrees, 730 chunks, 34623339 nodes)
  residual top-10 (subtree_mass × max(avg_loss − 2.465, 0)):
    rc   rootID   mass      avg_loss     score 
    58   6141841  3228512   2.5404       242747.6
    54   5381749  526964    2.8943       226161.0
    59   6621526  905338    2.6363       154941.8
    56   5475765  1903021   2.5464       154636.2
    57   5794595  2162522   2.5141       105749.0
    1    138709   8244278   2.4714       51018.2
    5    1263676  342947    2.6060       48301.0
    6    1317879  754528    2.5044       29640.6
    17   1549239  26766     3.0158       14739.5
    2    1255301  46307     2.7605       13674.2
    top-10: 39.8% of mass, 87.5% of excess-loss
Epoch 4: loss=2.370145  (21.64 sec, 65 subtrees, 730 chunks, 34623339 nodes)
  residual top-10 (subtree_mass × max(avg_loss − 2.370, 0)):
    rc   rootID   mass      avg_loss     score 
    59   6621526  905338    2.6538       256822.7
    1    138709   8244278   2.3930       188787.3
    54   5381749  526964    2.5318       85166.1
    5    1263676  342947    2.4972       43573.0
    58   6141841  3228512   2.3822       38854.3
    6    1317879  754528    2.4178       35994.4
    44   3229301  724285    2.4166       33651.0
    8    1439897  392288    2.4292       23176.0
    17   1549239  26766     2.9128       14524.5
    13   1520469  67330     2.5715       13555.4
    top-10: 33.4% of mass, 82.5% of excess-loss
Epoch 5: loss=2.342072  (21.62 sec, 65 subtrees, 730 chunks, 34623339 nodes)
  residual top-10 (subtree_mass × max(avg_loss − 2.342, 0)):
    rc   rootID   mass      avg_loss     score 
    59   6621526  905338    2.7970       411828.5
    58   6141841  3228512   2.4097       218433.9
    56   5475765  1903021   2.4459       197617.4
    54   5381749  526964    2.6342       153937.1
    44   3229301  724285    2.4026       43840.9
    60   6774952  316779    2.4314       28287.6
    5    1263676  342947    2.4245       28276.3
    61   6828350  809921    2.3730       25034.5
    8    1439897  392288    2.3821       15718.9
    53   4965123  2594188   2.3474       13944.9
    top-10: 25.8% of mass, 89.3% of excess-loss
Epoch 6: loss=2.331162  (21.61 sec, 65 subtrees, 730 chunks, 34623339 nodes)
  residual top-10 (subtree_mass × max(avg_loss − 2.331, 0)):
    rc   rootID   mass      avg_loss     score 
    56   5475765  1903021   2.5618       438823.2
    54   5381749  526964    2.9256       313235.5
    53   4965123  2594188   2.4283       251890.7
    58   6141841  3228512   2.3891       187215.0
    59   6621526  905338    2.4995       152368.8
    57   5794595  2162522   2.3943       136450.9
    44   3229301  724285    2.3680       26651.0
    5    1263676  342947    2.3810       17097.3
    49   4172773  263541    2.3802       12932.0
    17   1549239  26766     2.7560       11371.4
    top-10: 27.8% of mass, 94.0% of excess-loss
Epoch 7: loss=2.270787  (21.62 sec, 65 subtrees, 730 chunks, 34623339 nodes)
  residual top-10 (subtree_mass × max(avg_loss − 2.271, 0)):
    rc   rootID   mass      avg_loss     score 
    58   6141841  3228512   2.3554       273276.4
    59   6621526  905338    2.5376       241549.4
    1    138709   8244278   2.2866       130441.5
    44   3229301  724285    2.3815       80163.0
    5    1263676  342947    2.3583       30028.7
    6    1317879  754528    2.3035       24691.0
    8    1439897  392288    2.3110       15777.1
    32   1636047  78207     2.4288       12360.7
    17   1549239  26766     2.7301       12293.5
    13   1520469  67330     2.4483       11952.6
    top-10: 32.4% of mass, 87.1% of excess-loss
Epoch 8: loss=2.247349  (21.62 sec, 65 subtrees, 730 chunks, 34623339 nodes)
  residual top-10 (subtree_mass × max(avg_loss − 2.247, 0)):
    rc   rootID   mass      avg_loss     score 
    58   6141841  3228512   2.3636       375263.6
    59   6621526  905338    2.6513       365741.3
    54   5381749  526964    2.6438       208921.7
    57   5794595  2162522   2.2791       68671.8
    56   5475765  1903021   2.2750       52598.6
    44   3229301  724285    2.3038       40865.8
    5    1263676  342947    2.3256       26836.2
    61   6828350  809921    2.2742       21708.2
    60   6774952  316779    2.3087       19441.7
    6    1317879  754528    2.2650       13327.9
    top-10: 25.6% of mass, 91.0% of excess-loss
Epoch 9: loss=2.207813  (21.62 sec, 65 subtrees, 730 chunks, 34623339 nodes)
  residual top-10 (subtree_mass × max(avg_loss − 2.208, 0)):
    rc   rootID   mass      avg_loss     score 
    56   5475765  1903021   2.3581       286057.0
    54   5381749  526964    2.5225       165830.7
    59   6621526  905338    2.3350       115155.9
    57   5794595  2162522   2.2505       92335.3
    58   6141841  3228512   2.2322       78847.3
    5    1263676  342947    2.2885       27665.5
    44   3229301  724285    2.2455       27261.6
    6    1317879  754528    2.2413       25234.8
    8    1439897  392288    2.2410       13026.5
    32   1636047  78207     2.3525       11318.5
    top-10: 24.2% of mass, 87.2% of excess-loss
Epoch 10: loss=2.208166  (21.63 sec, 65 subtrees, 730 chunks, 34623339 nodes)
  residual top-10 (subtree_mass × max(avg_loss − 2.208, 0)):
    rc   rootID   mass      avg_loss     score 
    54   5381749  526964    2.7917       307495.2
    58   6141841  3228512   2.2937       276170.4
    59   6621526  905338    2.5023       266318.5
    56   5475765  1903021   2.3037       181857.9
    57   5794595  2162522   2.2265       39542.4
    44   3229301  724285    2.2485       29182.5
    53   4965123  2594188   2.2192       28673.1
    5    1263676  342947    2.2894       27866.2
    49   4172773  263541    2.2685       15901.1
    32   1636047  78207     2.3362       10012.1
    top-10: 27.9% of mass, 91.2% of excess-loss
Epoch 11: loss=2.163093  (21.63 sec, 65 subtrees, 730 chunks, 34623339 nodes)
  residual top-10 (subtree_mass × max(avg_loss − 2.163, 0)):
    rc   rootID   mass      avg_loss     score 
    58   6141841  3228512   2.2607       315124.4
    59   6621526  905338    2.5090       313191.7
    54   5381749  526964    2.2550       48447.5
    44   3229301  724285    2.2159       38228.0
    5    1263676  342947    2.2675       35806.4
    6    1317879  754528    2.1959       24788.7
    8    1439897  392288    2.1977       13575.5
    32   1636047  78207     2.3132       11739.8
    13   1520469  67330     2.3225       10730.1
    17   1549239  26766     2.5407       10106.7
    top-10: 15.5% of mass, 89.6% of excess-loss
Epoch 12: loss=2.164943  (21.64 sec, 65 subtrees, 730 chunks, 34623339 nodes)
  residual top-10 (subtree_mass × max(avg_loss − 2.165, 0)):
    rc   rootID   mass      avg_loss     score 
    58   6141841  3228512   2.3629       639028.2
    59   6621526  905338    2.7280       509727.6
    54   5381749  526964    2.3751       110764.6
    61   6828350  809921    2.2515       70117.8
    44   3229301  724285    2.2526       63493.5
    60   6774952  316779    2.3157       47743.0
    5    1263676  342947    2.2265       21097.5
    32   1636047  78207     2.2810       9073.6
    17   1549239  26766     2.5015       9009.0
    15   1539367  34390     2.4254       8957.4
    top-10: 15.3% of mass, 95.1% of excess-loss
Epoch 13: loss=2.149286  (21.63 sec, 65 subtrees, 730 chunks, 34623339 nodes)
  residual top-10 (subtree_mass × max(avg_loss − 2.149, 0)):
    rc   rootID   mass      avg_loss     score 
    59   6621526  905338    2.5748       385211.2
    58   6141841  3228512   2.2626       365803.7
    54   5381749  526964    2.4388       152562.9
    5    1263676  342947    2.2690       41051.7
    60   6774952  316779    2.2705       38409.9
    6    1317879  754528    2.1927       32728.5
    61   6828350  809921    2.1848       28736.7
    44   3229301  724285    2.1685       13934.9
    13   1520469  67330     2.3065       10588.3
    2    1255301  46307     2.3770       10544.3
    top-10: 16.9% of mass, 91.4% of excess-loss
Epoch 14: loss=2.116929  (21.61 sec, 65 subtrees, 730 chunks, 34623339 nodes)
  residual top-10 (subtree_mass × max(avg_loss − 2.117, 0)):
    rc   rootID   mass      avg_loss     score 
    59   6621526  905338    2.4775       326441.8
    54   5381749  526964    2.5050       204496.2
    58   6141841  3228512   2.1655       156788.7
    5    1263676  342947    2.2037       29760.8
    6    1317879  754528    2.1418       18803.1
    61   6828350  809921    2.1347       14353.9
    60   6774952  316779    2.1595       13485.8
    1    138709   8244278   2.1185       12664.0
    32   1636047  78207     2.2543       10746.8
    13   1520469  67330     2.2673       10121.9
    top-10: 33.5% of mass, 88.8% of excess-loss
Epoch 15: loss=2.106688  (21.60 sec, 65 subtrees, 730 chunks, 34623339 nodes)
  residual top-10 (subtree_mass × max(avg_loss − 2.107, 0)):
    rc   rootID   mass      avg_loss     score 
    59   6621526  905338    2.8636       685300.5
    58   6141841  3228512   2.1957       287368.2
    61   6828350  809921    2.2162       88710.2
    60   6774952  316779    2.3128       65291.0
    54   5381749  526964    2.2116       55288.2
    5    1263676  342947    2.2131       36499.9
    44   3229301  724285    2.1488       30480.1
    6    1317879  754528    2.1267       15061.7
    2    1255301  46307     2.3350       10571.4
    32   1636047  78207     2.2298       9631.8
    top-10: 17.0% of mass, 93.0% of excess-loss
Epoch 16: loss=2.104840  (21.59 sec, 65 subtrees, 730 chunks, 34623339 nodes)
  residual top-10 (subtree_mass × max(avg_loss − 2.105, 0)):
    rc   rootID   mass      avg_loss     score 
    59   6621526  905338    2.8520       676445.1
    58   6141841  3228512   2.2810       568851.3
    61   6828350  809921    2.1869       66439.2
    60   6774952  316779    2.2745       53735.9
    54   5381749  526964    2.1884       44034.4
    5    1263676  342947    2.1803       25871.0
    32   1636047  78207     2.2202       9020.4
    13   1520469  67330     2.2331       8635.2
    15   1539367  34390     2.3484       8375.6
    6    1317879  754528    2.1157       8210.7
    top-10: 15.5% of mass, 95.6% of excess-loss
Epoch 17: loss=2.070520  (21.60 sec, 65 subtrees, 730 chunks, 34623339 nodes)
  residual top-10 (subtree_mass × max(avg_loss − 2.071, 0)):
    rc   rootID   mass      avg_loss     score 
    59   6621526  905338    2.5132       400746.8
    58   6141841  3228512   2.1586       284440.2
    1    138709   8244278   2.0802       80147.5
    54   5381749  526964    2.2204       78991.5
    5    1263676  342947    2.1544       28774.4
    6    1317879  754528    2.0927       16762.0
    44   3229301  724285    2.0902       14289.2
    61   6828350  809921    2.0880       14167.7
    60   6774952  316779    2.1083       11963.7
    32   1636047  78207     2.1990       10049.6
    top-10: 34.9% of mass, 90.7% of excess-loss
Epoch 18: loss=2.081283  (21.61 sec, 65 subtrees, 730 chunks, 34623339 nodes)
  residual top-10 (subtree_mass × max(avg_loss − 2.081, 0)):
    rc   rootID   mass      avg_loss     score 
    59   6621526  905338    2.7471       602762.4
    58   6141841  3228512   2.1872       342084.5
    54   5381749  526964    2.3049       117842.8
    44   3229301  724285    2.2385       113845.4
    61   6828350  809921    2.1736       74790.7
    5    1263676  342947    2.2402       54483.1
    60   6774952  316779    2.2438       51473.0
    6    1317879  754528    2.0994       13676.8
    2    1255301  46307     2.2989       10078.5
    32   1636047  78207     2.1900       8501.3
    top-10: 17.0% of mass, 94.8% of excess-loss
Epoch 19: loss=2.073180  (21.60 sec, 65 subtrees, 730 chunks, 34623339 nodes)
  residual top-10 (subtree_mass × max(avg_loss − 2.073, 0)):
    rc   rootID   mass      avg_loss     score 
    59   6621526  905338    2.6979       565602.7
    58   6141841  3228512   2.2217       479441.2
    54   5381749  526964    2.2263       80704.8
    61   6828350  809921    2.1557       66852.7
    60   6774952  316779    2.2349       51226.9
    5    1263676  342947    2.1648       31416.1
    44   3229301  724285    2.0999       19378.0
    6    1317879  754528    2.0929       14900.7
    32   1636047  78207     2.1814       8466.6
    2    1255301  46307     2.2505       8212.3
    top-10: 17.0% of mass, 94.9% of excess-loss
Epoch 20: loss=2.079075  (21.59 sec, 65 subtrees, 730 chunks, 34623339 nodes)
  residual top-10 (subtree_mass × max(avg_loss − 2.079, 0)):
    rc   rootID   mass      avg_loss     score 
    54   5381749  526964    2.7934       376401.9
    56   5475765  1903021   2.2729       368860.0
    59   6621526  905338    2.3724       265517.8
    58   6141841  3228512   2.1229       141423.1
    53   4965123  2594188   2.1180       101028.3
    57   5794595  2162522   2.1016       48720.3
    5    1263676  342947    2.1588       27357.9
    44   3229301  724285    2.0928       9936.3
    60   6774952  316779    2.1071       8883.3
    55   5469964  36902     2.3156       8727.8
    top-10: 28.0% of mass, 94.6% of excess-loss
Epoch 21: loss=2.028849  (21.59 sec, 65 subtrees, 730 chunks, 34623339 nodes)
  residual top-10 (subtree_mass × max(avg_loss − 2.029, 0)):
    rc   rootID   mass      avg_loss     score 
    58   6141841  3228512   2.1403       359722.5
    59   6621526  905338    2.4077       343014.6
    54   5381749  526964    2.1255       50940.6
    44   3229301  724285    2.0843       40165.3
    5    1263676  342947    2.1160       29874.0
    6    1317879  754528    2.0495       15608.5
    60   6774952  316779    2.0719       13634.5
    1    138709   8244278   2.0303       11881.5
    32   1636047  78207     2.1505       9511.2
    13   1520469  67330     2.1502       8168.7
    top-10: 33.3% of mass, 90.9% of excess-loss
Epoch 22: loss=2.057536  (21.59 sec, 65 subtrees, 730 chunks, 34623339 nodes)
  residual top-10 (subtree_mass × max(avg_loss − 2.058, 0)):
    rc   rootID   mass      avg_loss     score 
    58   6141841  3228512   2.3265       868394.2
    59   6621526  905338    2.7788       652981.4
    54   5381749  526964    2.6146       293541.1
    61   6828350  809921    2.2522       157673.5
    60   6774952  316779    2.3691       98712.3
    57   5794595  2162522   2.0860       61565.4
    63   6960510  648078    2.1389       52731.1
    49   4172773  263541    2.1164       15505.0
    5    1263676  342947    2.0974       13672.0
    2    1255301  46307     2.1866       5977.7
    top-10: 20.3% of mass, 97.7% of excess-loss
Epoch 23: loss=2.040632  (21.59 sec, 65 subtrees, 730 chunks, 34623339 nodes)
  residual top-10 (subtree_mass × max(avg_loss − 2.041, 0)):
    rc   rootID   mass      avg_loss     score 
    59   6621526  905338    2.5393       451456.6
    1    138709   8244278   2.0917       421144.5
    58   6141841  3228512   2.1550       369265.7
    5    1263676  342947    2.1854       49643.3
    6    1317879  754528    2.1016       45984.3
    61   6828350  809921    2.0914       41099.0
    0    1        824077    2.0869       38168.6
    60   6774952  316779    2.1414       31935.8
    54   5381749  526964    2.0752       18195.9
    8    1439897  392288    2.0718       12228.0
    top-10: 35.9% of mass, 94.1% of excess-loss
Epoch 24: loss=2.026141  (21.59 sec, 65 subtrees, 730 chunks, 34623339 nodes)
  residual top-10 (subtree_mass × max(avg_loss − 2.026, 0)):
    rc   rootID   mass      avg_loss     score 
    59   6621526  905338    2.5145       442116.6
    58   6141841  3228512   2.1110       273869.1
    54   5381749  526964    2.2019       92625.4
    5    1263676  342947    2.1755       51234.4
    56   5475765  1903021   2.0435       33098.0
    61   6828350  809921    2.0660       32302.8
    60   6774952  316779    2.1120       27189.7
    6    1317879  754528    2.0536       20718.1
    57   5794595  2162522   2.0320       12711.8
    44   3229301  724285    2.0379       8534.4
    top-10: 25.6% of mass, 92.2% of excess-loss
Epoch 25: loss=2.017142  (21.58 sec, 65 subtrees, 730 chunks, 34623339 nodes)
  residual top-10 (subtree_mass × max(avg_loss − 2.017, 0)):
    rc   rootID   mass      avg_loss     score 
    58   6141841  3228512   2.1935       569215.3
    59   6621526  905338    2.5522       484405.8
    54   5381749  526964    2.2035       98184.6
    61   6828350  809921    2.0571       32376.5
    5    1263676  342947    2.1051       30149.6
    44   3229301  724285    2.0510       24487.8
    60   6774952  316779    2.0942       24414.0
    6    1317879  754528    2.0328       11811.6
    2    1255301  46307     2.1962       8293.6
    32   1636047  78207     2.1193       7989.7
    top-10: 17.0% of mass, 95.5% of excess-loss
Epoch 26: loss=2.029609  (21.61 sec, 65 subtrees, 730 chunks, 34623339 nodes)
  residual top-10 (subtree_mass × max(avg_loss − 2.030, 0)):
    rc   rootID   mass      avg_loss     score 
    59   6621526  905338    3.0140       891232.4
    58   6141841  3228512   2.2643       757542.2
    61   6828350  809921    2.2568       184002.4
    60   6774952  316779    2.4608       136587.9
    54   5381749  526964    2.1934       86296.0
    63   6960510  648078    2.1128       53932.4
    5    1263676  342947    2.0836       18516.8
    44   3229301  724285    2.0421       9031.2
    2    1255301  46307     2.1708       6538.5
    32   1636047  78207     2.1045       5854.4
    top-10: 16.7% of mass, 97.8% of excess-loss
Epoch 27: loss=2.023684  (21.59 sec, 65 subtrees, 730 chunks, 34623339 nodes)
  residual top-10 (subtree_mass × max(avg_loss − 2.024, 0)):
    rc   rootID   mass      avg_loss     score 
    59   6621526  905338    2.5498       476314.6
    1    138709   8244278   2.0706       387082.1
    58   6141841  3228512   2.1136       290296.7
    54   5381749  526964    2.1272       54554.7
    5    1263676  342947    2.1514       43783.0
    0    1        824077    2.0624       31906.8
    6    1317879  754528    2.0640       30434.1
    61   6828350  809921    2.0520       22952.3
    60   6774952  316779    2.0926       21847.0
    2    1255301  46307     2.2215       9161.9
    top-10: 35.1% of mass, 94.1% of excess-loss
Epoch 28: loss=2.003045  (21.60 sec, 65 subtrees, 730 chunks, 34623339 nodes)
  residual top-10 (subtree_mass × max(avg_loss − 2.003, 0)):
    rc   rootID   mass      avg_loss     score 
    59   6621526  905338    2.6298       567399.2
    58   6141841  3228512   2.1731       548909.9
    54   5381749  526964    2.3607       188478.4
    61   6828350  809921    2.0853       66589.0
    60   6774952  316779    2.1591       49443.1
    5    1263676  342947    2.0793       26149.4
    32   1636047  78207     2.0922       6973.8
    25   1602731  57242     2.1174       6543.5
    2    1255301  46307     2.1394       6316.1
    15   1539367  34390     2.1820       6152.9
    top-10: 13.9% of mass, 97.0% of excess-loss
Epoch 29: loss=1.954313  (21.62 sec, 65 subtrees, 730 chunks, 34623339 nodes)
  residual top-10 (subtree_mass × max(avg_loss − 1.954, 0)):
    rc   rootID   mass      avg_loss     score 
    1    138709   8244278   1.9812       221555.6
    59   6621526  905338    2.1919       215092.3
    58   6141841  3228512   1.9815       87792.6
    5    1263676  342947    2.0795       42936.9
    6    1317879  754528    2.0001       34531.7
    44   3229301  724285    1.9875       24058.3
    54   5381749  526964    1.9936       20690.9
    8    1439897  392288    1.9858       12362.7
    60   6774952  316779    1.9886       10856.6
    32   1636047  78207     2.0856       10267.1
    top-10: 34.0% of mass, 87.0% of excess-loss
Epoch 30: loss=2.040272  (21.57 sec, 65 subtrees, 730 chunks, 34623339 nodes)
  residual top-10 (subtree_mass × max(avg_loss − 2.040, 0)):
    rc   rootID   mass      avg_loss     score 
    58   6141841  3228512   2.3620       1038751.3
    59   6621526  905338    2.7657       656764.5
    56   5475765  1903021   2.3101       513416.7
    54   5381749  526964    2.6286       310045.5
    57   5794595  2162522   2.1621       263524.6
    61   6828350  809921    2.1861       118081.0
    53   4965123  2594188   2.0744       88598.7
    60   6774952  316779    2.2670       71812.7
    63   6960510  648078    2.0785       24767.7
    44   3229301  724285    2.0740       24394.0
    top-10: 30.3% of mass, 98.5% of excess-loss
Epoch 31: loss=1.964642  (21.58 sec, 65 subtrees, 730 chunks, 34623339 nodes)
  residual top-10 (subtree_mass × max(avg_loss − 1.965, 0)):
    rc   rootID   mass      avg_loss     score 
    1    138709   8244278   2.0311       548263.1
    59   6621526  905338    2.0842       108266.5
    44   3229301  724285    2.0430       56760.1
    0    1        824077    2.0274       51721.9
    6    1317879  754528    2.0293       48817.5
    5    1263676  342947    2.0866       41832.8
    8    1439897  392288    2.0075       16793.5
    39   1660971  2741100   1.9703       15470.5
    54   5381749  526964    1.9872       11894.1
    32   1636047  78207     2.0988       10490.4
    top-10: 34.1% of mass, 89.7% of excess-loss
Epoch 32: loss=1.951587  (21.60 sec, 65 subtrees, 730 chunks, 34623339 nodes)
  residual top-10 (subtree_mass × max(avg_loss − 1.952, 0)):
    rc   rootID   mass      avg_loss     score 
    58   6141841  3228512   2.1506       642545.8
    59   6621526  905338    2.4986       495203.6
    54   5381749  526964    2.0739       64459.2
    61   6828350  809921    1.9893       30534.2
    44   3229301  724285    1.9898       27655.1
    5    1263676  342947    2.0269       25837.9
    60   6774952  316779    2.0252       23327.4
    57   5794595  2162522   1.9568       11266.6
    32   1636047  78207     2.0516       7824.6
    2    1255301  46307     2.1023       6978.7
    top-10: 20.1% of mass, 95.4% of excess-loss
Epoch 33: loss=1.933764  (21.59 sec, 65 subtrees, 730 chunks, 34623339 nodes)
  residual top-10 (subtree_mass × max(avg_loss − 1.934, 0)):
    rc   rootID   mass      avg_loss     score 
    59   6621526  905338    2.5367       545898.3
    58   6141841  3228512   2.0165       267087.1
    44   3229301  724285    2.0034       50448.6
    54   5381749  526964    2.0082       39243.3
    61   6828350  809921    1.9742       32757.9
    60   6774952  316779    2.0342       31828.8
    5    1263676  342947    2.0104       26297.4
    6    1317879  754528    1.9493       11728.0
    32   1636047  78207     2.0439       8612.2
    25   1602731  57242     2.0647       7496.2
    top-10: 17.0% of mass, 94.1% of excess-loss
Epoch 34: loss=1.955926  (21.58 sec, 65 subtrees, 730 chunks, 34623339 nodes)
  residual top-10 (subtree_mass × max(avg_loss − 1.956, 0)):
    rc   rootID   mass      avg_loss     score 
    58   6141841  3228512   2.2004       789362.0
    59   6621526  905338    2.4854       479395.4
    54   5381749  526964    2.4157       242284.6
    61   6828350  809921    2.0199       51802.9
    56   5475765  1903021   1.9771       40286.1
    60   6774952  316779    2.0683       35593.6
    44   3229301  724285    2.0036       34552.6
    57   5794595  2162522   1.9689       27975.2
    5    1263676  342947    2.0108       18829.1
    2    1255301  46307     2.0926       6328.1
    top-10: 24.1% of mass, 97.1% of excess-loss
Epoch 35: loss=1.937164  (21.59 sec, 65 subtrees, 730 chunks, 34623339 nodes)
  residual top-10 (subtree_mass × max(avg_loss − 1.937, 0)):
    rc   rootID   mass      avg_loss     score 
    59   6621526  905338    2.5764       578738.7
    58   6141841  3228512   2.1073       549251.3
    61   6828350  809921    2.0347       79015.6
    60   6774952  316779    2.1615       71072.7
    54   5381749  526964    2.0312       49555.3
    5    1263676  342947    2.0214       28882.0
    44   3229301  724285    1.9627       18476.4
    6    1317879  754528    1.9553       13693.3
    32   1636047  78207     2.0340       7569.8
    2    1255301  46307     2.0988       7483.6
    top-10: 17.0% of mass, 96.0% of excess-loss
Epoch 36: loss=1.913233  (21.57 sec, 65 subtrees, 730 chunks, 34623339 nodes)
  residual top-10 (subtree_mass × max(avg_loss − 1.913, 0)):
    rc   rootID   mass      avg_loss     score 
    59   6621526  905338    2.4803       513355.5
    61   6828350  809921    2.0909       143899.4
    58   6141841  3228512   1.9538       130914.3
    60   6774952  316779    2.2316       100864.6
    44   3229301  724285    1.9687       40161.1
    1    138709   8244278   1.9172       32851.6
    5    1263676  342947    2.0039       31090.9
    63   6960510  648078    1.9535       26063.9
    54   5381749  526964    1.9568       22979.2
    6    1317879  754528    1.9335       15255.3
    top-10: 36.2% of mass, 92.3% of excess-loss
Epoch 37: loss=1.955979  (21.59 sec, 65 subtrees, 730 chunks, 34623339 nodes)
  residual top-10 (subtree_mass × max(avg_loss − 1.956, 0)):
    rc   rootID   mass      avg_loss     score 
    58   6141841  3228512   2.2145       834603.5
    59   6621526  905338    2.7986       762871.0
    61   6828350  809921    2.0693       91763.5
    60   6774952  316779    2.1688       67430.2
    54   5381749  526964    2.0531       51189.8
    5    1263676  342947    2.1007       49636.2
    6    1317879  754528    2.0089       39896.1
    2    1255301  46307     2.2130       11901.5
    44   3229301  724285    1.9698       10010.5
    32   1636047  78207     2.0579       7972.2
    top-10: 17.0% of mass, 96.5% of excess-loss
Epoch 38: loss=1.922997  (21.58 sec, 65 subtrees, 730 chunks, 34623339 nodes)
  residual top-10 (subtree_mass × max(avg_loss − 1.923, 0)):
    rc   rootID   mass      avg_loss     score 
    59   6621526  905338    2.4262       455576.2
    58   6141841  3228512   2.0609       445195.2
    1    138709   8244278   1.9345       94813.7
    54   5381749  526964    2.0897       87845.1
    5    1263676  342947    2.0069       28765.0
    60   6774952  316779    2.0082       26982.0
    61   6828350  809921    1.9560       26700.6
    6    1317879  754528    1.9462       17486.0
    32   1636047  78207     2.0260       8056.4
    2    1255301  46307     2.0766       7113.2
    top-10: 33.5% of mass, 94.9% of excess-loss
Epoch 39: loss=1.917027  (21.56 sec, 65 subtrees, 730 chunks, 34623339 nodes)
  residual top-10 (subtree_mass × max(avg_loss − 1.917, 0)):
    rc   rootID   mass      avg_loss     score 
    59   6621526  905338    2.7841       784983.2
    58   6141841  3228512   2.0512       433212.0
    61   6828350  809921    2.0088       74294.0
    60   6774952  316779    2.0715       48919.0
    5    1263676  342947    1.9880       24341.1
    44   3229301  724285    1.9448       20112.5
    54   5381749  526964    1.9418       13032.6
    63   6960510  648078    1.9285       7447.2
    32   1636047  78207     2.0088       7176.7
    25   1602731  57242     2.0389       6975.4
    top-10: 16.8% of mass, 95.4% of excess-loss
Epoch 40: loss=1.924413  (21.56 sec, 65 subtrees, 730 chunks, 34623339 nodes)
  residual top-10 (subtree_mass × max(avg_loss − 1.924, 0)):
    rc   rootID   mass      avg_loss     score 
    58   6141841  3228512   2.1090       596022.3
    59   6621526  905338    2.4878       510078.0
    54   5381749  526964    2.2394       165980.0
    61   6828350  809921    2.0028       63488.7
    60   6774952  316779    2.0881       51846.0
    5    1263676  342947    1.9994       25715.3
    57   5794595  2162522   1.9344       21678.9
    6    1317879  754528    1.9347       7765.4
    2    1255301  46307     2.0755       6997.1
    32   1636047  78207     2.0112       6785.5
    top-10: 20.1% of mass, 96.0% of excess-loss
Epoch 41: loss=1.889779  (21.57 sec, 65 subtrees, 730 chunks, 34623339 nodes)
  residual top-10 (subtree_mass × max(avg_loss − 1.890, 0)):
    rc   rootID   mass      avg_loss     score 
    59   6621526  905338    2.4724       527460.8
    58   6141841  3228512   1.9372       153117.5
    1    138709   8244278   1.9031       110001.9
    61   6828350  809921    1.9557       53371.0
    60   6774952  316779    2.0204       41367.8
    5    1263676  342947    1.9863       33103.9
    6    1317879  754528    1.9181       21360.6
    54   5381749  526964    1.9292       20779.2
    44   3229301  724285    1.9137       17308.2
    32   1636047  78207     2.0056       9056.6
    top-10: 34.9% of mass, 92.2% of excess-loss
Epoch 42: loss=1.868512  (21.58 sec, 65 subtrees, 730 chunks, 34623339 nodes)
  residual top-10 (subtree_mass × max(avg_loss − 1.869, 0)):
    rc   rootID   mass      avg_loss     score 
    59   6621526  905338    2.2593       353816.1
    58   6141841  3228512   1.9168       155969.1
    61   6828350  809921    1.9161       38574.8
    54   5381749  526964    1.9400       37653.3
    60   6774952  316779    1.9673       31279.3
    5    1263676  342947    1.9577       30580.7
    1    138709   8244278   1.8718       27364.3
    44   3229301  724285    1.9051       26508.0
    6    1317879  754528    1.8895       15820.0
    32   1636047  78207     1.9837       9011.6
    top-10: 34.9% of mass, 89.8% of excess-loss
Epoch 43: loss=1.878040  (21.58 sec, 65 subtrees, 730 chunks, 34623339 nodes)
  residual top-10 (subtree_mass × max(avg_loss − 1.878, 0)):
    rc   rootID   mass      avg_loss     score 
    59   6621526  905338    2.3862       460013.2
    58   6141841  3228512   2.0178       451363.7
    54   5381749  526964    2.2257       183224.7
    44   3229301  724285    1.9443       47983.1
    60   6774952  316779    1.9954       37161.3
    61   6828350  809921    1.9217       35321.8
    5    1263676  342947    1.9514       25174.2
    32   1636047  78207     1.9728       7414.2
    2    1255301  46307     2.0324       7146.8
    25   1602731  57242     1.9985       6894.7
    top-10: 15.4% of mass, 96.1% of excess-loss
Epoch 44: loss=1.890167  (21.57 sec, 65 subtrees, 730 chunks, 34623339 nodes)
  residual top-10 (subtree_mass × max(avg_loss − 1.890, 0)):
    rc   rootID   mass      avg_loss     score 
    59   6621526  905338    2.8339       854419.6
    58   6141841  3228512   2.0303       452286.1
    61   6828350  809921    2.0051       93064.9
    54   5381749  526964    2.0567       87756.5
    60   6774952  316779    2.1171       71880.1
    44   3229301  724285    1.9252       25339.6
    5    1263676  342947    1.9522       21290.5
    63   6960510  648078    1.9015       7327.4
    2    1255301  46307     2.0402       6947.3
    15   1539367  34390     2.0724       6268.5
    top-10: 16.6% of mass, 97.0% of excess-loss
Epoch 45: loss=1.900162  (21.56 sec, 65 subtrees, 730 chunks, 34623339 nodes)
  residual top-10 (subtree_mass × max(avg_loss − 1.900, 0)):
    rc   rootID   mass      avg_loss     score 
    59   6621526  905338    2.7883       804043.0
    58   6141841  3228512   2.0452       468183.4
    61   6828350  809921    2.0396       112919.4
    60   6774952  316779    2.2534       111898.2
    5    1263676  342947    1.9852       29176.0
    63   6960510  648078    1.9327       21090.6
    44   3229301  724285    1.9244       17543.5
    6    1317879  754528    1.9213       15955.7
    32   1636047  78207     1.9939       7334.7
    25   1602731  57242     2.0279       7309.5
    top-10: 17.3% of mass, 95.9% of excess-loss
Epoch 46: loss=1.899999  (21.58 sec, 65 subtrees, 730 chunks, 34623339 nodes)
  residual top-10 (subtree_mass × max(avg_loss − 1.900, 0)):
    rc   rootID   mass      avg_loss     score 
    58   6141841  3228512   2.1397       773759.1
    59   6621526  905338    2.6088       641704.8
    54   5381749  526964    2.0805       95129.2
    61   6828350  809921    1.9893       72298.0
    60   6774952  316779    2.0688       53464.0
    5    1263676  342947    1.9925       31716.0
    2    1255301  46307     2.1011       9314.1
    6    1317879  754528    1.9119       8958.7
    15   1539367  34390     2.0967       6764.9
    32   1636047  78207     1.9865       6763.9
    top-10: 15.5% of mass, 97.2% of excess-loss
Epoch 47: loss=1.855043  (21.57 sec, 65 subtrees, 730 chunks, 34623339 nodes)
  residual top-10 (subtree_mass × max(avg_loss − 1.855, 0)):
    rc   rootID   mass      avg_loss     score 
    59   6621526  905338    2.1388       256933.3
    1    138709   8244278   1.8847       244856.0
    5    1263676  342947    1.9861       44933.4
    6    1317879  754528    1.9144       44771.4
    44   3229301  724285    1.9063       37091.5
    58   6141841  3228512   1.8643       30042.1
    54   5381749  526964    1.9089       28369.5
    60   6774952  316779    1.9177       19847.6
    32   1636047  78207     1.9849       10156.1
    25   1602731  57242     2.0150       9156.8
    top-10: 33.3% of mass, 86.8% of excess-loss
Epoch 48: loss=1.875002  (21.58 sec, 65 subtrees, 730 chunks, 34623339 nodes)
  residual top-10 (subtree_mass × max(avg_loss − 1.875, 0)):
    rc   rootID   mass      avg_loss     score 
    59   6621526  905338    2.8184       854089.2
    58   6141841  3228512   2.0460       551930.1
    60   6774952  316779    2.3118       138371.5
    61   6828350  809921    2.0270       123093.0
    44   3229301  724285    1.9883       82055.4
    54   5381749  526964    1.9651       47498.6
    63   6960510  648078    1.9125       24280.1
    5    1263676  342947    1.9411       22668.8
    15   1539367  34390     2.0724       6788.5
    25   1602731  57242     1.9866       6385.7
    top-10: 16.7% of mass, 97.1% of excess-loss
Epoch 49: loss=1.868587  (21.58 sec, 65 subtrees, 730 chunks, 34623339 nodes)
  residual top-10 (subtree_mass × max(avg_loss − 1.869, 0)):
    rc   rootID   mass      avg_loss     score 
    59   6621526  905338    2.4142       494007.3
    58   6141841  3228512   1.9803       360695.7
    54   5381749  526964    2.1343       140035.9
    1    138709   8244278   1.8838       125615.2
    5    1263676  342947    1.9571       30357.2
    60   6774952  316779    1.9372       21736.5
    6    1317879  754528    1.8883       14882.6
    61   6828350  809921    1.8854       13613.5
    32   1636047  78207     1.9672       7715.7
    2    1255301  46307     2.0306       7503.1
    top-10: 33.5% of mass, 94.7% of excess-loss
Epoch 50: loss=1.841671  (21.56 sec, 65 subtrees, 730 chunks, 34623339 nodes)
  residual top-10 (subtree_mass × max(avg_loss − 1.842, 0)):
    rc   rootID   mass      avg_loss     score 
    59   6621526  905338    2.4570       557089.6
    58   6141841  3228512   1.8997       187334.8
    61   6828350  809921    1.9087       54288.9
    60   6774952  316779    2.0057       51949.5
    44   3229301  724285    1.9025       44058.3
    5    1263676  342947    1.9270       29274.6
    6    1317879  754528    1.8608       14462.5
    54   5381749  526964    1.8624       10944.9
    32   1636047  78207     1.9500       8472.7
    25   1602731  57242     1.9752       7641.8
    top-10: 17.0% of mass, 93.2% of excess-loss
Epoch 51: loss=1.868236  (21.56 sec, 65 subtrees, 730 chunks, 34623339 nodes)
  residual top-10 (subtree_mass × max(avg_loss − 1.868, 0)):
    rc   rootID   mass      avg_loss     score 
    58   6141841  3228512   2.1023       755631.1
    59   6621526  905338    2.5527       619649.8
    61   6828350  809921    1.9786       89414.0
    54   5381749  526964    2.0302       85375.4
    60   6774952  316779    2.0994       73213.9
    44   3229301  724285    1.9259       41734.8
    5    1263676  342947    1.9692       34625.6
    6    1317879  754528    1.8895       16062.2
    32   1636047  78207     1.9584       7054.6
    15   1539367  34390     2.0662       6807.4
    top-10: 16.9% of mass, 96.7% of excess-loss
Epoch 52: loss=1.867654  (21.57 sec, 65 subtrees, 730 chunks, 34623339 nodes)
  residual top-10 (subtree_mass × max(avg_loss − 1.868, 0)):
    rc   rootID   mass      avg_loss     score 
    58   6141841  3228512   2.0764       673834.5
    59   6621526  905338    2.6037       666363.2
    61   6828350  809921    2.0028       109480.5
    60   6774952  316779    2.1989       104926.8
    54   5381749  526964    1.9756       56908.3
    44   3229301  724285    1.9397       52193.3
    5    1263676  342947    1.9470       27214.5
    63   6960510  648078    1.9046       23952.1
    2    1255301  46307     2.0240       7237.8
    15   1539367  34390     2.0537       6399.0
    top-10: 16.6% of mass, 96.9% of excess-loss
Epoch 53: loss=1.881732  (21.56 sec, 65 subtrees, 730 chunks, 34623339 nodes)
  residual top-10 (subtree_mass × max(avg_loss − 1.882, 0)):
    rc   rootID   mass      avg_loss     score 
    59   6621526  905338    2.4206       487875.3
    58   6141841  3228512   1.9443       202129.8
    54   5381749  526964    2.0335       79970.6
    60   6774952  316779    2.0388       49753.4
    44   3229301  724285    1.9467       47082.3
    61   6828350  809921    1.9389       46293.8
    5    1263676  342947    2.0034       41718.5
    1    138709   8244278   1.8867       40896.8
    6    1317879  754528    1.9102       21478.6
    2    1255301  46307     2.0793       9150.7
    top-10: 34.9% of mass, 93.4% of excess-loss
Epoch 54: loss=1.832617  (21.56 sec, 65 subtrees, 730 chunks, 34623339 nodes)
  residual top-10 (subtree_mass × max(avg_loss − 1.833, 0)):
    rc   rootID   mass      avg_loss     score 
    59   6621526  905338    2.0627       208328.1
    1    138709   8244278   1.8501       144460.6
    44   3229301  724285    1.9247       66694.9
    58   6141841  3228512   1.8531       66138.8
    5    1263676  342947    1.9338       34693.1
    6    1317879  754528    1.8701       28244.2
    54   5381749  526964    1.8710       20250.0
    32   1636047  78207     1.9541       9498.0
    25   1602731  57242     1.9813       8513.2
    15   1539367  34390     2.0660       8024.9
    top-10: 32.7% of mass, 87.8% of excess-loss
Epoch 55: loss=1.890231  (21.55 sec, 65 subtrees, 730 chunks, 34623339 nodes)
  residual top-10 (subtree_mass × max(avg_loss − 1.890, 0)):
    rc   rootID   mass      avg_loss     score 
    58   6141841  3228512   2.1989       996598.8
    59   6621526  905338    2.9909       996501.4
    54   5381749  526964    2.2198       173648.4
    57   5794595  2162522   1.9397       107020.5
    61   6828350  809921    2.0192       104417.1
    60   6774952  316779    2.1402       79200.0
    5    1263676  342947    1.9492       20211.2
    56   5475765  1903021   1.8956       10189.5
    2    1255301  46307     2.0128       5676.2
    15   1539367  34390     2.0553       5675.3
    top-10: 22.5% of mass, 98.1% of excess-loss
Epoch 56: loss=1.828314  (21.56 sec, 65 subtrees, 730 chunks, 34623339 nodes)
  residual top-10 (subtree_mass × max(avg_loss − 1.828, 0)):
    rc   rootID   mass      avg_loss     score 
    1    138709   8244278   1.8784       413018.9
    59   6621526  905338    2.0945       240943.7
    58   6141841  3228512   1.8557       88297.6
    6    1317879  754528    1.8752       35390.6
    5    1263676  342947    1.9268       33772.2
    0    1        824077    1.8605       26562.3
    61   6828350  809921    1.8573       23508.1
    60   6774952  316779    1.8962       21507.5
    32   1636047  78207     1.9516       9639.9
    25   1602731  57242     1.9802       8694.8
    top-10: 34.1% of mass, 90.6% of excess-loss
Epoch 57: loss=1.839024  (21.55 sec, 65 subtrees, 730 chunks, 34623339 nodes)
  residual top-10 (subtree_mass × max(avg_loss − 1.839, 0)):
    rc   rootID   mass      avg_loss     score 
    59   6621526  905338    2.7209       798366.0
    58   6141841  3228512   2.0147       567074.7
    61   6828350  809921    1.9642       101395.4
    60   6774952  316779    2.0610       70332.5
    54   5381749  526964    1.9475       57142.4
    63   6960510  648078    1.8733       22205.9
    5    1263676  342947    1.9026       21801.8
    44   3229301  724285    1.8676       20662.1
    15   1539367  34390     2.0372       6816.0
    2    1255301  46307     1.9822       6629.1
    top-10: 16.6% of mass, 96.7% of excess-loss
Epoch 58: loss=1.843047  (21.56 sec, 65 subtrees, 730 chunks, 34623339 nodes)
  residual top-10 (subtree_mass × max(avg_loss − 1.843, 0)):
    rc   rootID   mass      avg_loss     score 
    59   6621526  905338    2.3371       447318.2
    58   6141841  3228512   1.9214       253051.6
    1    138709   8244278   1.8663       191918.9
    54   5381749  526964    1.9503       56496.8
    44   3229301  724285    1.8968       38946.6
    5    1263676  342947    1.9309       30127.3
    60   6774952  316779    1.9207       24602.7
    61   6828350  809921    1.8687       20775.7
    6    1317879  754528    1.8648       16390.3
    32   1636047  78207     1.9474       8159.7
    top-10: 34.9% of mass, 93.3% of excess-loss
Epoch 59: loss=1.832482  (21.56 sec, 65 subtrees, 730 chunks, 34623339 nodes)
  residual top-10 (subtree_mass × max(avg_loss − 1.832, 0)):
    rc   rootID   mass      avg_loss     score 
    59   6621526  905338    2.5692       666981.1
    58   6141841  3228512   1.9312       318693.0
    61   6828350  809921    1.9577       101422.7
    60   6774952  316779    2.0756       77012.3
    54   5381749  526964    1.9716       73285.8
    44   3229301  724285    1.8764       31808.5
    5    1263676  342947    1.9202       30074.7
    6    1317879  754528    1.8429       7858.3
    32   1636047  78207     1.9271       7400.7
    15   1539367  34390     2.0400       7135.7
    top-10: 16.9% of mass, 95.1% of excess-loss
Epoch 60: loss=1.804578  (21.56 sec, 65 subtrees, 730 chunks, 34623339 nodes)
  residual top-10 (subtree_mass × max(avg_loss − 1.805, 0)):
    rc   rootID   mass      avg_loss     score 
    59   6621526  905338    2.2252       380811.9
    1    138709   8244278   1.8208       133654.1
    58   6141841  3228512   1.8376       106649.7
    61   6828350  809921    1.8816       62388.2
    60   6774952  316779    1.9880       58115.1
    5    1263676  342947    1.9193       39345.3
    6    1317879  754528    1.8407       27258.0
    44   3229301  724285    1.8361       22826.3
    2    1255301  46307     1.9942       8781.2
    32   1636047  78207     1.9166       8757.9
    top-10: 33.9% of mass, 90.5% of excess-loss
Epoch 61: loss=1.868282  (21.57 sec, 65 subtrees, 730 chunks, 34623339 nodes)
  residual top-10 (subtree_mass × max(avg_loss − 1.868, 0)):
    rc   rootID   mass      avg_loss     score 
    58   6141841  3228512   2.2371       1190734.6
    59   6621526  905338    2.7872       831931.8
    54   5381749  526964    2.3683       263498.8
    57   5794595  2162522   1.9618       202160.4
    61   6828350  809921    1.9932       101201.7
    56   5475765  1903021   1.9123       83839.3
    60   6774952  316779    2.0928       71137.3
    63   6960510  648078    1.8943       16850.9
    44   3229301  724285    1.8828       10508.9
    5    1263676  342947    1.8969       9806.2
    top-10: 25.4% of mass, 98.5% of excess-loss
Epoch 62: loss=1.805790  (21.54 sec, 65 subtrees, 730 chunks, 34623339 nodes)
  residual top-10 (subtree_mass × max(avg_loss − 1.806, 0)):
    rc   rootID   mass      avg_loss     score 
    1    138709   8244278   1.8790       603601.0
    59   6621526  905338    1.9191       102595.7
    6    1317879  754528    1.8734       51047.6
    5    1263676  342947    1.9294       42378.6
    0    1        824077    1.8542       39907.6
    39   1660971  2741100   1.8134       20850.3
    44   3229301  724285    1.8291       16897.9
    8    1439897  392288    1.8377       12527.6
    32   1636047  78207     1.9410       10578.1
    25   1602731  57242     1.9698       9388.5
    top-10: 33.0% of mass, 89.7% of excess-loss
Epoch 63: loss=1.827205  (21.56 sec, 65 subtrees, 730 chunks, 34623339 nodes)
  residual top-10 (subtree_mass × max(avg_loss − 1.827, 0)):
    rc   rootID   mass      avg_loss     score 
    58   6141841  3228512   2.0178       615496.2
    59   6621526  905338    2.3206       446656.9
    54   5381749  526964    2.1649       177952.8
    57   5794595  2162522   1.8486       46261.5
    61   6828350  809921    1.8790       41909.6
    44   3229301  724285    1.8826       40095.4
    60   6774952  316779    1.9522       39604.4
    5    1263676  342947    1.9246       33400.1
    56   5475765  1903021   1.8428       29658.3
    15   1539367  34390     2.0203       6639.5
    top-10: 24.0% of mass, 95.7% of excess-loss
Epoch 64: loss=1.805208  (21.54 sec, 65 subtrees, 730 chunks, 34623339 nodes)
  residual top-10 (subtree_mass × max(avg_loss − 1.805, 0)):
    rc   rootID   mass      avg_loss     score 
    59   6621526  905338    2.2158       371719.0
    58   6141841  3228512   1.8909       276764.0
    54   5381749  526964    1.9089       54624.2
    61   6828350  809921    1.8693       51899.1
    60   6774952  316779    1.9467       44821.4
    5    1263676  342947    1.9023       33289.4
    6    1317879  754528    1.8336       21450.9
    32   1636047  78207     1.9131       8437.6
    2    1255301  46307     1.9747       7850.9
    15   1539367  34390     2.0237       7513.7
    top-10: 15.5% of mass, 92.5% of excess-loss
Epoch 65: loss=1.806480  (21.57 sec, 65 subtrees, 730 chunks, 34623339 nodes)
  residual top-10 (subtree_mass × max(avg_loss − 1.806, 0)):
    rc   rootID   mass      avg_loss     score 
    59   6621526  905338    2.3488       491004.6
    58   6141841  3228512   1.8942       283122.8
    54   5381749  526964    2.1142       162139.5
    60   6774952  316779    1.9477       44728.1
    61   6828350  809921    1.8546       38992.4
    44   3229301  724285    1.8496       31253.2
    5    1263676  342947    1.8870       27613.8
    32   1636047  78207     1.9044       7661.7
    15   1539367  34390     2.0174       7252.2
    2    1255301  46307     1.9571       6976.3
    top-10: 15.4% of mass, 94.6% of excess-loss
Epoch 66: loss=1.831059  (21.56 sec, 65 subtrees, 730 chunks, 34623339 nodes)
  residual top-10 (subtree_mass × max(avg_loss − 1.831, 0)):
    rc   rootID   mass      avg_loss     score 
    59   6621526  905338    2.8619       933293.3
    58   6141841  3228512   2.0463       694775.3
    54   5381749  526964    2.1137       148960.0
    61   6828350  809921    1.9604       104730.0
    60   6774952  316779    2.1276       93932.7
    5    1263676  342947    1.9330       34965.9
    63   6960510  648078    1.8503       12457.9
    6    1317879  754528    1.8420       8254.5
    15   1539367  34390     2.0191       6467.1
    2    1255301  46307     1.9536       5672.7
    top-10: 16.7% of mass, 97.6% of excess-loss
Epoch 67: loss=1.794296  (21.55 sec, 65 subtrees, 730 chunks, 34623339 nodes)
  residual top-10 (subtree_mass × max(avg_loss − 1.794, 0)):
    rc   rootID   mass      avg_loss     score 
    59   6621526  905338    2.2760       436083.9
    1    138709   8244278   1.8274       273100.9
    58   6141841  3228512   1.8335       126525.6
    61   6828350  809921    1.8508       45752.8
    60   6774952  316779    1.9387       45739.0
    5    1263676  342947    1.9010       36609.7
    6    1317879  754528    1.8325       28823.8
    44   3229301  724285    1.8187       17651.2
    0    1        824077    1.8102       13115.0
    32   1636047  78207     1.9054       8693.0
    top-10: 35.6% of mass, 92.4% of excess-loss
Epoch 68: loss=1.793577  (21.55 sec, 65 subtrees, 730 chunks, 34623339 nodes)
  residual top-10 (subtree_mass × max(avg_loss − 1.794, 0)):
    rc   rootID   mass      avg_loss     score 
    59   6621526  905338    2.1658       337022.3
    58   6141841  3228512   1.8708       249352.3
    54   5381749  526964    1.9572       86240.1
    5    1263676  342947    1.8743       27696.5
    44   3229301  724285    1.8305       26715.1
    60   6774952  316779    1.8739       25431.7
    61   6828350  809921    1.8219       22953.0
    49   4172773  263541    1.8285       9203.4
    32   1636047  78207     1.9022       8493.4
    6    1317879  754528    1.8045       8248.5
    top-10: 17.4% of mass, 91.3% of excess-loss
Epoch 69: loss=1.801416  (21.55 sec, 65 subtrees, 730 chunks, 34623339 nodes)
  residual top-10 (subtree_mass × max(avg_loss − 1.801, 0)):
    rc   rootID   mass      avg_loss     score 
    59   6621526  905338    2.5482       676071.7
    58   6141841  3228512   1.9172       373672.3
    61   6828350  809921    1.9439       115420.1
    60   6774952  316779    2.0532       79763.0
    54   5381749  526964    1.9220       63530.9
    44   3229301  724285    1.8365       25412.4
    5    1263676  342947    1.8663       22255.0
    63   6960510  648078    1.8295       18188.8
    15   1539367  34390     2.0103       7183.4
    32   1636047  78207     1.8900       6930.6
    top-10: 16.7% of mass, 95.9% of excess-loss
Epoch 70: loss=1.787245  (21.55 sec, 65 subtrees, 730 chunks, 34623339 nodes)
  residual top-10 (subtree_mass × max(avg_loss − 1.787, 0)):
    rc   rootID   mass      avg_loss     score 
    59   6621526  905338    2.1630       340210.4
    1    138709   8244278   1.8030       129802.4
    58   6141841  3228512   1.8156       91510.7
    44   3229301  724285    1.9006       82112.4
    61   6828350  809921    1.8417       44070.8
    60   6774952  316779    1.9132       39892.9
    5    1263676  342947    1.9015       39171.2
    6    1317879  754528    1.8203       24931.3
    2    1255301  46307     1.9792       8890.4
    32   1636047  78207     1.8907       8091.6
    top-10: 33.9% of mass, 91.2% of excess-loss
Epoch 71: loss=1.846826  (21.55 sec, 65 subtrees, 730 chunks, 34623339 nodes)
  residual top-10 (subtree_mass × max(avg_loss − 1.847, 0)):
    rc   rootID   mass      avg_loss     score 
    58   6141841  3228512   2.1978       1133092.6
    59   6621526  905338    2.8519       909919.8
    54   5381749  526964    2.1819       176583.9
    61   6828350  809921    2.0415       157664.4
    60   6774952  316779    2.1854       107263.2
    57   5794595  2162522   1.8887       90632.9
    63   6960510  648078    1.9238       49895.8
    56   5475765  1903021   1.8552       15923.3
    5    1263676  342947    1.8823       12160.3
    15   1539367  34390     2.0091       5579.5
    top-10: 23.9% of mass, 98.4% of excess-loss
Epoch 72: loss=1.804647  (21.54 sec, 65 subtrees, 730 chunks, 34623339 nodes)
  residual top-10 (subtree_mass × max(avg_loss − 1.805, 0)):
    rc   rootID   mass      avg_loss     score 
    1    138709   8244278   1.8822       639681.0
    59   6621526  905338    2.1217       287036.0
    0    1        824077    1.8724       55855.2
    6    1317879  754528    1.8706       49735.2
    5    1263676  342947    1.9356       44910.1
    60   6774952  316779    1.9005       30354.0
    61   6828350  809921    1.8352       24737.0
    2    1255301  46307     2.0239       10153.0
    32   1636047  78207     1.9293       9748.8
    8    1439897  392288    1.8293       9666.8
    top-10: 27.9% of mass, 92.2% of excess-loss
Epoch 73: loss=1.796947  (21.55 sec, 65 subtrees, 730 chunks, 34623339 nodes)
  residual top-10 (subtree_mass × max(avg_loss − 1.797, 0)):
    rc   rootID   mass      avg_loss     score 
    59   6621526  905338    2.5727       702284.6
    58   6141841  3228512   1.9531       504125.9
    61   6828350  809921    1.9744       143755.1
    60   6774952  316779    2.1434       109763.7
    54   5381749  526964    1.8876       47775.2
    63   6960510  648078    1.8695       47039.5
    5    1263676  342947    1.8493       17946.7
    15   1539367  34390     1.9988       6940.3
    32   1636047  78207     1.8784       6367.4
    25   1602731  57242     1.9020       6012.6
    top-10: 15.2% of mass, 96.5% of excess-loss
Epoch 74: loss=1.811932  (21.55 sec, 65 subtrees, 730 chunks, 34623339 nodes)
  residual top-10 (subtree_mass × max(avg_loss − 1.812, 0)):
    rc   rootID   mass      avg_loss     score 
    59   6621526  905338    2.2868       429893.1
    1    138709   8244278   1.8433       258956.0
    58   6141841  3228512   1.8884       246833.5
    61   6828350  809921    1.8669       44501.7
    5    1263676  342947    1.9391       43620.8
    60   6774952  316779    1.9386       40116.4
    6    1317879  754528    1.8641       39363.4
    54   5381749  526964    1.8778       34712.4
    0    1        824077    1.8261       11679.6
    2    1255301  46307     2.0377       10455.4
    top-10: 35.1% of mass, 92.9% of excess-loss
Epoch 75: loss=1.776600  (21.56 sec, 65 subtrees, 730 chunks, 34623339 nodes)
  residual top-10 (subtree_mass × max(avg_loss − 1.777, 0)):
    rc   rootID   mass      avg_loss     score 
    59   6621526  905338    2.1504       338414.7
    58   6141841  3228512   1.8041       88910.2
    44   3229301  724285    1.8506       53610.5
    1    138709   8244278   1.7822       45988.1
    61   6828350  809921    1.8299       43180.5
    60   6774952  316779    1.9091       41970.2
    5    1263676  342947    1.8555       27043.8
    54   5381749  526964    1.8158       20645.6
    6    1317879  754528    1.7979       16041.4
    32   1636047  78207     1.8899       8860.4
    top-10: 34.9% of mass, 89.3% of excess-loss
Epoch 76: loss=1.800962  (21.54 sec, 65 subtrees, 730 chunks, 34623339 nodes)
  residual top-10 (subtree_mass × max(avg_loss − 1.801, 0)):
    rc   rootID   mass      avg_loss     score 
    58   6141841  3228512   1.9444       463139.4
    59   6621526  905338    2.2658       420806.6
    6    1317879  754528    1.8975       72856.2
    5    1263676  342947    1.9897       64715.1
    61   6828350  809921    1.8666       53173.6
    54   5381749  526964    1.8907       47277.3
    60   6774952  316779    1.9314       41331.1
    44   3229301  724285    1.8313       21937.6
    8    1439897  392288    1.8365       13937.1
    2    1255301  46307     2.0985       13777.0
    top-10: 17.7% of mass, 92.6% of excess-loss
Epoch 77: loss=1.791378  (21.55 sec, 65 subtrees, 730 chunks, 34623339 nodes)
  residual top-10 (subtree_mass × max(avg_loss − 1.791, 0)):
    rc   rootID   mass      avg_loss     score 
    59   6621526  905338    2.4228       571661.1
    58   6141841  3228512   1.9049       366507.4
    54   5381749  526964    1.9059       60365.2
    61   6828350  809921    1.8450       43458.4
    60   6774952  316779    1.9285       43423.5
    5    1263676  342947    1.8835       31609.1
    44   3229301  724285    1.8132       15837.7
    6    1317879  754528    1.8086       12983.2
    15   1539367  34390     2.0173       7770.8
    32   1636047  78207     1.8898       7700.7
    top-10: 16.9% of mass, 94.6% of excess-loss
Epoch 78: loss=1.800097  (21.54 sec, 65 subtrees, 730 chunks, 34623339 nodes)
  residual top-10 (subtree_mass × max(avg_loss − 1.800, 0)):
    rc   rootID   mass      avg_loss     score 
    59   6621526  905338    2.5634       691058.8
    58   6141841  3228512   1.9773       572144.5
    54   5381749  526964    2.1164       166672.7
    61   6828350  809921    1.8651       52677.6
    60   6774952  316779    1.9435       45435.0
    5    1263676  342947    1.8454       15522.7
    15   1539367  34390     2.0112       7258.5
    32   1636047  78207     1.8771       6021.4
    25   1602731  57242     1.9011       5780.3
    2    1255301  46307     1.9213       5614.3
    top-10: 13.9% of mass, 97.5% of excess-loss
Epoch 79: loss=1.774083  (21.55 sec, 65 subtrees, 730 chunks, 34623339 nodes)
  residual top-10 (subtree_mass × max(avg_loss − 1.774, 0)):
    rc   rootID   mass      avg_loss     score 
    59   6621526  905338    2.1278       320219.9
    58   6141841  3228512   1.8411       216282.7
    1    138709   8244278   1.7825       69546.8
    54   5381749  526964    1.8937       63055.5
    5    1263676  342947    1.8545       27565.7
    60   6774952  316779    1.8364       19730.5
    61   6828350  809921    1.7932       15512.9
    6    1317879  754528    1.7914       13086.2
    44   3229301  724285    1.7903       11737.2
    32   1636047  78207     1.8858       8737.6
    top-10: 34.9% of mass, 89.5% of excess-loss
Epoch 80: loss=1.759362  (21.54 sec, 65 subtrees, 730 chunks, 34623339 nodes)
  residual top-10 (subtree_mass × max(avg_loss − 1.759, 0)):
    rc   rootID   mass      avg_loss     score 
    59   6621526  905338    2.1897       389608.5
    58   6141841  3228512   1.8325       236074.5
    60   6774952  316779    1.8683       34506.2
    61   6828350  809921    1.8006       33379.3
    54   5381749  526964    1.8222       33087.5
    5    1263676  342947    1.8348       25868.0
    44   3229301  724285    1.7941       25173.5
    6    1317879  754528    1.7741       11125.4
    32   1636047  78207     1.8678       8479.5
    15   1539367  34390     2.0001       8280.7
    top-10: 16.9% of mass, 91.4% of excess-loss
Epoch 81: loss=1.763243  (21.54 sec, 65 subtrees, 730 chunks, 34623339 nodes)
  residual top-10 (subtree_mass × max(avg_loss − 1.763, 0)):
    rc   rootID   mass      avg_loss     score 
    59   6621526  905338    2.4000       576488.4
    58   6141841  3228512   1.8527       288681.7
    61   6828350  809921    1.8615       79583.0
    60   6774952  316779    1.9768       67653.6
    54   5381749  526964    1.8752       58972.9
    5    1263676  342947    1.8553       31582.0
    44   3229301  724285    1.8032       28928.5
    6    1317879  754528    1.7757       9399.8
    15   1539367  34390     2.0027       8234.5
    32   1636047  78207     1.8614       7673.5
    top-10: 16.9% of mass, 94.5% of excess-loss
Epoch 82: loss=1.770672  (21.54 sec, 65 subtrees, 730 chunks, 34623339 nodes)
  residual top-10 (subtree_mass × max(avg_loss − 1.771, 0)):
    rc   rootID   mass      avg_loss     score 
    59   6621526  905338    2.5041       664024.8
    58   6141841  3228512   1.9043       431387.0
    61   6828350  809921    1.8963       101720.6
    60   6774952  316779    2.0228       79880.5
    54   5381749  526964    1.8739       54407.6
    5    1263676  342947    1.8460       25826.4
    63   6960510  648078    1.7829       7938.5
    15   1539367  34390     1.9987       7841.8
    44   3229301  724285    1.7813       7702.1
    32   1636047  78207     1.8624       7171.1
    top-10: 16.7% of mass, 95.3% of excess-loss
Epoch 83: loss=1.764469  (21.54 sec, 65 subtrees, 730 chunks, 34623339 nodes)
  residual top-10 (subtree_mass × max(avg_loss − 1.764, 0)):
    rc   rootID   mass      avg_loss     score 
    59   6621526  905338    2.3068       490971.1
    58   6141841  3228512   1.8564       296851.9
    1    138709   8244278   1.7756       91437.1
    61   6828350  809921    1.8569       74861.1
    60   6774952  316779    1.9571       61014.6
    54   5381749  526964    1.8446       42214.6
    5    1263676  342947    1.8533       30464.6
    6    1317879  754528    1.7802       11858.4
    15   1539367  34390     1.9962       7967.8
    2    1255301  46307     1.9353       7908.8
    top-10: 33.4% of mass, 93.8% of excess-loss
Epoch 84: loss=1.809716  (21.55 sec, 65 subtrees, 730 chunks, 34623339 nodes)
  residual top-10 (subtree_mass × max(avg_loss − 1.810, 0)):
    rc   rootID   mass      avg_loss     score 
    58   6141841  3228512   2.2328       1365807.3
    59   6621526  905338    2.8435       935929.1
    61   6828350  809921    2.1202       251507.2
    60   6774952  316779    2.3325       165602.8
    63   6960510  648078    1.9706       104244.7
    5    1263676  342947    1.8734       21846.3
    54   5381749  526964    1.8506       21566.5
    62   6953395  38641     2.0021       7433.2
    15   1539367  34390     1.9984       6490.5
    2    1255301  46307     1.9180       5014.4
    top-10: 15.1% of mass, 98.6% of excess-loss
Epoch 85: loss=1.815263  (21.54 sec, 65 subtrees, 730 chunks, 34623339 nodes)
  residual top-10 (subtree_mass × max(avg_loss − 1.815, 0)):
    rc   rootID   mass      avg_loss     score 
    1    138709   8244278   1.9105       784761.7
    59   6621526  905338    1.9248       99191.5
    6    1317879  754528    1.9194       78540.3
    0    1        824077    1.9091       77358.0
    5    1263676  342947    2.0021       64060.2
    39   1660971  2741100   1.8246       25729.2
    54   5381749  526964    1.8568       21897.1
    8    1439897  392288    1.8701       21519.8
    44   3229301  724285    1.8363       15262.6
    2    1255301  46307     2.0643       11533.0
    top-10: 34.0% of mass, 90.7% of excess-loss
Epoch 86: loss=1.760628  (21.54 sec, 65 subtrees, 730 chunks, 34623339 nodes)
  residual top-10 (subtree_mass × max(avg_loss − 1.761, 0)):
    rc   rootID   mass      avg_loss     score 
    59   6621526  905338    2.1489       351524.1
    61   6828350  809921    1.8273       53960.9
    60   6774952  316779    1.9101       47357.5
    58   6141841  3228512   1.7752       46968.7
    5    1263676  342947    1.8578       33320.2
    54   5381749  526964    1.8165       29452.7
    44   3229301  724285    1.8007       28990.0
    1    138709   8244278   1.7633       22022.7
    6    1317879  754528    1.7830       16867.3
    32   1636047  78207     1.8812       9427.4
    top-10: 34.9% of mass, 86.7% of excess-loss
Epoch 87: loss=1.772750  (21.54 sec, 65 subtrees, 730 chunks, 34623339 nodes)
  residual top-10 (subtree_mass × max(avg_loss − 1.773, 0)):
    rc   rootID   mass      avg_loss     score 
    59   6621526  905338    2.4367       601105.5
    58   6141841  3228512   1.8526       257675.3
    54   5381749  526964    1.9062       70320.5
    61   6828350  809921    1.8501       62656.9
    60   6774952  316779    1.9630       60262.9
    44   3229301  724285    1.8396       48419.9
    5    1263676  342947    1.9118       47701.4
    6    1317879  754528    1.8187       34692.1
    2    1255301  46307     2.0050       10756.3
    15   1539367  34390     2.0141       8299.0
    top-10: 16.9% of mass, 94.3% of excess-loss
Epoch 88: loss=1.764595  (21.53 sec, 65 subtrees, 730 chunks, 34623339 nodes)
  residual top-10 (subtree_mass × max(avg_loss − 1.765, 0)):
    rc   rootID   mass      avg_loss     score 
    59   6621526  905338    2.3177       500739.4
    58   6141841  3228512   1.8935       416311.8
    54   5381749  526964    1.9128       78099.8
    60   6774952  316779    1.8622       30903.3
    61   6828350  809921    1.7986       27512.7
    5    1263676  342947    1.8358       24427.4
    15   1539367  34390     2.0072       8343.7
    32   1636047  78207     1.8609       7535.6
    25   1602731  57242     1.8864       6969.7
    2    1255301  46307     1.8975       6152.7
    top-10: 13.9% of mass, 95.0% of excess-loss
Epoch 89: loss=1.771521  (21.54 sec, 65 subtrees, 730 chunks, 34623339 nodes)
  residual top-10 (subtree_mass × max(avg_loss − 1.772, 0)):
    rc   rootID   mass      avg_loss     score 
    58   6141841  3228512   1.9749       656720.4
    59   6621526  905338    2.1953       383640.8
    54   5381749  526964    2.0827       163994.1
    5    1263676  342947    1.8751       35516.0
    57   5794595  2162522   1.7863       32029.6
    60   6774952  316779    1.8524       25632.7
    61   6828350  809921    1.7922       16778.5
    15   1539367  34390     2.0005       7874.8
    32   1636047  78207     1.8615       7033.3
    25   1602731  57242     1.8845       6464.9
    top-10: 18.6% of mass, 95.6% of excess-loss
Epoch 90: loss=1.723653  (21.53 sec, 65 subtrees, 730 chunks, 34623339 nodes)
  residual top-10 (subtree_mass × max(avg_loss − 1.724, 0)):
    rc   rootID   mass      avg_loss     score 
    59   6621526  905338    1.9484       203435.9
    1    138709   8244278   1.7422       152990.6
    44   3229301  724285    1.7734       36015.5
    5    1263676  342947    1.8137       30888.1
    60   6774952  316779    1.8101       27393.9
    6    1317879  754528    1.7515       21021.7
    61   6828350  809921    1.7452       17417.0
    32   1636047  78207     1.8466       9614.9
    58   6141841  3228512   1.7266       9577.4
    15   1539367  34390     1.9814       8863.5
    top-10: 33.9% of mass, 85.1% of excess-loss
Epoch 91: loss=1.762132  (21.54 sec, 65 subtrees, 730 chunks, 34623339 nodes)
  residual top-10 (subtree_mass × max(avg_loss − 1.762, 0)):
    rc   rootID   mass      avg_loss     score 
    59   6621526  905338    2.6185       775342.1
    58   6141841  3228512   1.9160       496798.7
    61   6828350  809921    1.9820       178087.7
    54   5381749  526964    2.0459       149525.5
    60   6774952  316779    2.2093       141663.5
    63   6960510  648078    1.8088       30242.9
    5    1263676  342947    1.8025       13829.2
    15   1539367  34390     1.9715       7199.0
    32   1636047  78207     1.8354       5730.9
    25   1602731  57242     1.8556       5350.1
    top-10: 15.2% of mass, 97.2% of excess-loss
Epoch 92: loss=1.748779  (21.53 sec, 65 subtrees, 730 chunks, 34623339 nodes)
  residual top-10 (subtree_mass × max(avg_loss − 1.749, 0)):
    rc   rootID   mass      avg_loss     score 
    1    138709   8244278   1.7789       248292.3
    59   6621526  905338    2.0206       246124.8
    6    1317879  754528    1.8400       68831.2
    5    1263676  342947    1.9248       60356.8
    54   5381749  526964    1.8036       28886.9
    58   6141841  3228512   1.7555       21714.7
    44   3229301  724285    1.7760       19740.8
    39   1660971  2741100   1.7547       16127.3
    8    1439897  392288    1.7856       14443.4
    60   6774952  316779    1.7939       14290.9
    top-10: 39.9% of mass, 84.2% of excess-loss
Epoch 93: loss=1.735039  (21.54 sec, 65 subtrees, 730 chunks, 34623339 nodes)
  residual top-10 (subtree_mass × max(avg_loss − 1.735, 0)):
    rc   rootID   mass      avg_loss     score 
    59   6621526  905338    2.3319       540364.8
    58   6141841  3228512   1.8255       291986.7
    60   6774952  316779    1.9707       74665.5
    61   6828350  809921    1.8184       67543.6
    5    1263676  342947    1.8101       25751.5
    54   5381749  526964    1.7728       19899.1
    44   3229301  724285    1.7524       12557.1
    15   1539367  34390     1.9709       8111.7
    32   1636047  78207     1.8378       8036.5
    25   1602731  57242     1.8589       7092.5
    top-10: 15.4% of mass, 94.5% of excess-loss
Epoch 94: loss=1.759967  (21.53 sec, 65 subtrees, 730 chunks, 34623339 nodes)
  residual top-10 (subtree_mass × max(avg_loss − 1.760, 0)):
    rc   rootID   mass      avg_loss     score 
    59   6621526  905338    2.5812       743486.6
    58   6141841  3228512   1.9131       494292.4
    61   6828350  809921    1.8955       109760.8
    60   6774952  316779    2.0237       83542.4
    54   5381749  526964    1.9047       76269.1
    5    1263676  342947    1.8468       29767.3
    63   6960510  648078    1.7855       16573.4
    44   3229301  724285    1.7806       14912.4
    15   1539367  34390     1.9713       7267.1
    2    1255301  46307     1.9095       6923.0
    top-10: 16.6% of mass, 96.5% of excess-loss
Epoch 95: loss=1.758006  (21.53 sec, 65 subtrees, 730 chunks, 34623339 nodes)
  residual top-10 (subtree_mass × max(avg_loss − 1.758, 0)):
    rc   rootID   mass      avg_loss     score 
    59   6621526  905338    2.1328       339295.1
    58   6141841  3228512   1.8623       336725.7
    1    138709   8244278   1.7776       161708.6
    54   5381749  526964    1.8484       47652.3
    44   3229301  724285    1.8089       36838.1
    60   6774952  316779    1.8643       33685.1
    5    1263676  342947    1.8508       31820.5
    61   6828350  809921    1.7906       26380.4
    6    1317879  754528    1.7769       14286.2
    2    1255301  46307     1.9381       8338.2
    top-10: 34.9% of mass, 93.0% of excess-loss
Epoch 96: loss=1.743961  (21.52 sec, 65 subtrees, 730 chunks, 34623339 nodes)
  residual top-10 (subtree_mass × max(avg_loss − 1.744, 0)):
    rc   rootID   mass      avg_loss     score 
    59   6621526  905338    2.1927       406254.9
    58   6141841  3228512   1.8275       269589.6
    54   5381749  526964    1.8596       60959.0
    60   6774952  316779    1.8442       31754.3
    61   6828350  809921    1.7770       26788.0
    5    1263676  342947    1.8135       23838.0
    49   4172773  263541    1.8029       15524.5
    50   4218803  1289869   1.7547       13909.2
    44   3229301  724285    1.7572       9572.4
    15   1539367  34390     1.9774       8026.7
    top-10: 18.5% of mass, 91.7% of excess-loss
Epoch 97: loss=1.755317  (21.53 sec, 65 subtrees, 730 chunks, 34623339 nodes)
  residual top-10 (subtree_mass × max(avg_loss − 1.755, 0)):
    rc   rootID   mass      avg_loss     score 
    59   6621526  905338    2.3838       568998.2
    58   6141841  3228512   1.8433       284137.7
    61   6828350  809921    1.9548       161551.7
    60   6774952  316779    2.0667       98636.0
    54   5381749  526964    1.8595       54925.3
    63   6960510  648078    1.8352       51762.4
    5    1263676  342947    1.8461       31150.2
    44   3229301  724285    1.7827       19836.3
    6    1317879  754528    1.7808       19258.9
    15   1539367  34390     1.9974       8325.5
    top-10: 18.2% of mass, 94.3% of excess-loss
Epoch 98: loss=1.752774  (21.54 sec, 65 subtrees, 730 chunks, 34623339 nodes)
  residual top-10 (subtree_mass × max(avg_loss − 1.753, 0)):
    rc   rootID   mass      avg_loss     score 
    1    138709   8244278   1.8056       435827.2
    59   6621526  905338    2.0146       237021.4
    5    1263676  342947    1.8945       48602.0
    44   3229301  724285    1.8198       48541.9
    6    1317879  754528    1.8128       45302.3
    0    1        824077    1.7957       35402.5
    58   6141841  3228512   1.7608       26061.7
    60   6774952  316779    1.8107       18334.6
    54   5381749  526964    1.7828       15819.1
    2    1255301  46307     1.9812       10576.0
    top-10: 34.9% of mass, 89.7% of excess-loss
Epoch 99: loss=1.831263  (21.55 sec, 65 subtrees, 730 chunks, 34623339 nodes)
  residual top-10 (subtree_mass × max(avg_loss − 1.831, 0)):
    rc   rootID   mass      avg_loss     score 
    58   6141841  3228512   2.3248       1593435.3
    59   6621526  905338    3.2017       1240734.5
    61   6828350  809921    2.1489       257287.2
    60   6774952  316779    2.4410       193157.3
    54   5381749  526964    2.1973       192872.8
    57   5794595  2162522   1.9124       175361.8
    63   6960510  648078    1.9599       83389.3
    62   6953395  38641     1.9904       6148.4
    15   1539367  34390     1.9713       4814.8
    2    1255301  46307     1.9083       3566.3
    top-10: 19.1% of mass, 99.5% of excess-loss
Epoch 100: loss=1.769666  (21.53 sec, 65 subtrees, 730 chunks, 34623339 nodes)
  residual top-10 (subtree_mass × max(avg_loss − 1.770, 0)):
    rc   rootID   mass      avg_loss     score 
    1    138709   8244278   1.8919       1007395.2
    0    1        824077    1.8957       103896.1
    6    1317879  754528    1.8538       63446.2
    5    1263676  342947    1.9240       52937.8
    44   3229301  724285    1.8069       26950.4
    8    1439897  392288    1.8183       19082.1
    39   1660971  2741100   1.7763       18093.4
    32   1636047  78207     1.9097       10948.2
    2    1255301  46307     2.0033       10819.9
    7    1422321  79638     1.8959       10050.7
    top-10: 31.2% of mass, 93.3% of excess-loss
Epoch 101: loss=1.717055  (21.52 sec, 65 subtrees, 730 chunks, 34623339 nodes)
  residual top-10 (subtree_mass × max(avg_loss − 1.717, 0)):
    rc   rootID   mass      avg_loss     score 
    1    138709   8244278   1.7303       109222.0
    59   6621526  905338    1.7981       73409.1
    44   3229301  724285    1.7953       56654.1
    58   6141841  3228512   1.7270       31959.3
    5    1263676  342947    1.8087       31421.2
    6    1317879  754528    1.7503       25078.7
    32   1636047  78207     1.8478       10223.2
    15   1539367  34390     1.9784       8987.3
    25   1602731  57242     1.8680       8643.1
    7    1422321  79638     1.8173       7986.6
    top-10: 31.7% of mass, 78.0% of excess-loss
Epoch 102: loss=1.737782  (21.54 sec, 65 subtrees, 730 chunks, 34623339 nodes)
  residual top-10 (subtree_mass × max(avg_loss − 1.738, 0)):
    rc   rootID   mass      avg_loss     score 
    58   6141841  3228512   1.8855       477054.3
    59   6621526  905338    2.0626       294048.0
    54   5381749  526964    2.0563       167870.5
    57   5794595  2162522   1.7651       59179.9
    44   3229301  724285    1.7716       24459.7
    60   6774952  316779    1.8090       22562.1
    5    1263676  342947    1.8002       21403.0
    61   6828350  809921    1.7597       17730.5
    15   1539367  34390     1.9675       7900.6
    32   1636047  78207     1.8310       7289.6
    top-10: 20.0% of mass, 94.0% of excess-loss
Epoch 103: loss=1.731312  (21.52 sec, 65 subtrees, 730 chunks, 34623339 nodes)
  residual top-10 (subtree_mass × max(avg_loss − 1.731, 0)):
    rc   rootID   mass      avg_loss     score 
    59   6621526  905338    2.1606       388695.6
    58   6141841  3228512   1.7831       167125.6
    61   6828350  809921    1.8011       56504.7
    60   6774952  316779    1.8836       48237.4
    54   5381749  526964    1.7974       34843.9
    5    1263676  342947    1.8266       32685.7
    44   3229301  724285    1.7756       32045.9
    6    1317879  754528    1.7557       18430.7
    32   1636047  78207     1.8403       8524.7
    15   1539367  34390     1.9719       8273.6
    top-10: 16.9% of mass, 91.6% of excess-loss
Epoch 104: loss=1.729134  (21.51 sec, 65 subtrees, 730 chunks, 34623339 nodes)
  residual top-10 (subtree_mass × max(avg_loss − 1.729, 0)):
    rc   rootID   mass      avg_loss     score 
    59   6621526  905338    2.3002       516965.0
    58   6141841  3228512   1.7735       143317.4
    61   6828350  809921    1.8221       75332.1
    60   6774952  316779    1.9169       59470.6
    5    1263676  342947    1.8574       43972.5
    6    1317879  754528    1.7718       32179.8
    1    138709   8244278   1.7326       28406.4
    44   3229301  724285    1.7493       14632.8
    2    1255301  46307     1.9359       9575.9
    32   1636047  78207     1.8470       9214.4
    top-10: 33.9% of mass, 91.9% of excess-loss
Epoch 105: loss=1.730018  (21.53 sec, 65 subtrees, 730 chunks, 34623339 nodes)
  residual top-10 (subtree_mass × max(avg_loss − 1.730, 0)):
    rc   rootID   mass      avg_loss     score 
    58   6141841  3228512   1.8418       361016.2
    59   6621526  905338    2.1143       347909.3
    54   5381749  526964    1.8648       71000.3
    44   3229301  724285    1.7882       42164.5
    5    1263676  342947    1.8170       29817.9
    61   6828350  809921    1.7576       22311.8
    60   6774952  316779    1.7981       21555.8
    6    1317879  754528    1.7442       10726.3
    32   1636047  78207     1.8344       8163.5
    15   1539367  34390     1.9666       8136.2
    top-10: 16.9% of mass, 92.7% of excess-loss
Epoch 106: loss=1.734571  (21.52 sec, 65 subtrees, 730 chunks, 34623339 nodes)
  residual top-10 (subtree_mass × max(avg_loss − 1.735, 0)):
    rc   rootID   mass      avg_loss     score 
    59   6621526  905338    2.2500       466616.1
    58   6141841  3228512   1.7768       136364.2
    5    1263676  342947    2.0977       124542.6
    6    1317879  754528    1.8195       64061.9
    60   6774952  316779    1.8940       50518.2
    44   3229301  724285    1.8022       49014.3
    61   6828350  809921    1.7923       46763.4
    54   5381749  526964    1.8061       37692.6
    2    1255301  46307     2.0040       12477.1
    32   1636047  78207     1.8479       8863.4
    top-10: 17.0% of mass, 91.6% of excess-loss
Epoch 107: loss=1.760467  (21.52 sec, 65 subtrees, 730 chunks, 34623339 nodes)
  residual top-10 (subtree_mass × max(avg_loss − 1.760, 0)):
    rc   rootID   mass      avg_loss     score 
    58   6141841  3228512   1.9788       704865.8
    59   6621526  905338    2.3482       532091.1
    54   5381749  526964    2.1435       201847.1
    61   6828350  809921    1.8428       66646.9
    60   6774952  316779    1.9401       56919.2
    57   5794595  2162522   1.7828       48371.0
    44   3229301  724285    1.7897       21186.4
    5    1263676  342947    1.7985       13026.3
    63   6960510  648078    1.7731       8194.8
    15   1539367  34390     1.9631       6967.3
    top-10: 21.3% of mass, 96.8% of excess-loss
Epoch 108: loss=1.748611  (21.52 sec, 65 subtrees, 730 chunks, 34623339 nodes)
  residual top-10 (subtree_mass × max(avg_loss − 1.749, 0)):
    rc   rootID   mass      avg_loss     score 
    1    138709   8244278   1.7602       95640.4
    59   6621526  905338    1.8474       89473.6
    44   3229301  724285    1.8406       66645.3
    5    1263676  342947    1.8517       35361.2
    6    1317879  754528    1.7869       28904.6
    53   4965123  2594188   1.7593       27820.9
    58   6141841  3228512   1.7547       19642.8
    50   4218803  1289869   1.7609       15911.0
    46   3463254  2317775   1.7542       12940.6
    49   4172773  263541    1.7962       12535.4
    top-10: 45.3% of mass, 79.8% of excess-loss
Epoch 109: loss=1.733678  (21.51 sec, 65 subtrees, 730 chunks, 34623339 nodes)
  residual top-10 (subtree_mass × max(avg_loss − 1.734, 0)):
    rc   rootID   mass      avg_loss     score 
    59   6621526  905338    2.1489       375951.5
    58   6141841  3228512   1.7609       87963.6
    61   6828350  809921    1.7912       46566.4
    60   6774952  316779    1.8584       39512.3
    44   3229301  724285    1.7802       33706.2
    5    1263676  342947    1.8099       26150.8
    54   5381749  526964    1.7561       11820.0
    6    1317879  754528    1.7453       8800.9
    32   1636047  78207     1.8441       8638.0
    15   1539367  34390     1.9766       8353.9
    top-10: 16.9% of mass, 88.7% of excess-loss
Epoch 110: loss=1.734188  (21.52 sec, 65 subtrees, 730 chunks, 34623339 nodes)
  residual top-10 (subtree_mass × max(avg_loss − 1.734, 0)):
    rc   rootID   mass      avg_loss     score 
    59   6621526  905338    2.3335       542611.1
    58   6141841  3228512   1.7889       176499.1
    61   6828350  809921    1.8155       65882.8
    60   6774952  316779    1.9316       62522.9
    44   3229301  724285    1.7814       34162.7
    54   5381749  526964    1.7897       29228.1
    5    1263676  342947    1.8111       26360.8
    15   1539367  34390     1.9707       8132.8
    32   1636047  78207     1.8364       7994.7
    2    1255301  46307     1.8787       6691.7
    top-10: 15.4% of mass, 93.5% of excess-loss
Epoch 111: loss=1.744139  (21.51 sec, 65 subtrees, 730 chunks, 34623339 nodes)
  residual top-10 (subtree_mass × max(avg_loss − 1.744, 0)):
    rc   rootID   mass      avg_loss     score 
    59   6621526  905338    2.4581       646333.9
    58   6141841  3228512   1.8561       361477.4
    54   5381749  526964    1.9170       91104.0
    61   6828350  809921    1.8338       72600.5
    60   6774952  316779    1.9439       63286.3
    5    1263676  342947    1.8456       34798.2
    44   3229301  724285    1.7721       20250.3
    6    1317879  754528    1.7627       13969.5
    15   1539367  34390     1.9713       7813.6
    2    1255301  46307     1.9059       7489.9
    top-10: 16.9% of mass, 95.6% of excess-loss
Epoch 112: loss=1.713773  (21.51 sec, 65 subtrees, 730 chunks, 34623339 nodes)
  residual top-10 (subtree_mass × max(avg_loss − 1.714, 0)):
    rc   rootID   mass      avg_loss     score 
    59   6621526  905338    1.9464       210632.1
    1    138709   8244278   1.7336       163599.5
    58   6141841  3228512   1.7289       48892.0
    54   5381749  526964    1.7809       35369.0
    44   3229301  724285    1.7560       30570.7
    5    1263676  342947    1.7984       29033.4
    6    1317879  754528    1.7419       21257.8
    60   6774952  316779    1.7641       15934.2
    32   1636047  78207     1.8317       9220.0
    15   1539367  34390     1.9646       8624.7
    top-10: 33.2% of mass, 86.8% of excess-loss
Epoch 113: loss=1.747300  (21.52 sec, 65 subtrees, 730 chunks, 34623339 nodes)
  residual top-10 (subtree_mass × max(avg_loss − 1.747, 0)):
    rc   rootID   mass      avg_loss     score 
    58   6141841  3228512   1.9783       745891.1
    59   6621526  905338    2.2681       471466.8
    57   5794595  2162522   1.7938       100649.9
    54   5381749  526964    1.8990       79935.1
    60   6774952  316779    1.9195       54542.7
    61   6828350  809921    1.8122       52591.7
    5    1263676  342947    1.8504       35349.8
    44   3229301  724285    1.7848       27160.0
    15   1539367  34390     1.9845       8156.9
    6    1317879  754528    1.7573       7538.7
    top-10: 21.5% of mass, 95.7% of excess-loss
Epoch 114: loss=1.716748  (21.52 sec, 65 subtrees, 730 chunks, 34623339 nodes)
  residual top-10 (subtree_mass × max(avg_loss − 1.717, 0)):
    rc   rootID   mass      avg_loss     score 
    59   6621526  905338    2.0117       267035.9
    1    138709   8244278   1.7405       196140.2
    58   6141841  3228512   1.7401       75260.1
    5    1263676  342947    1.8034       29727.3
    44   3229301  724285    1.7492       23536.7
    6    1317879  754528    1.7429       19748.4
    60   6774952  316779    1.7749       18435.2
    54   5381749  526964    1.7459       15365.4
    61   6828350  809921    1.7328       13026.1
    32   1636047  78207     1.8304       8887.5
    top-10: 34.9% of mass, 88.6% of excess-loss
Epoch 115: loss=1.722789  (21.52 sec, 65 subtrees, 730 chunks, 34623339 nodes)
  residual top-10 (subtree_mass × max(avg_loss − 1.723, 0)):
    rc   rootID   mass      avg_loss     score 
    59   6621526  905338    2.2191       449339.6
    58   6141841  3228512   1.7907       219304.1
    54   5381749  526964    1.8882       87169.4
    5    1263676  342947    1.8593       46815.0
    61   6828350  809921    1.7576       28193.1
    60   6774952  316779    1.8078       26918.2
    44   3229301  724285    1.7556       23784.8
    6    1317879  754528    1.7539       23481.7
    15   1539367  34390     1.9716       8557.9
    32   1636047  78207     1.8293       8331.3
    top-10: 16.9% of mass, 92.6% of excess-loss
Epoch 116: loss=1.709586  (21.52 sec, 65 subtrees, 730 chunks, 34623339 nodes)
  residual top-10 (subtree_mass × max(avg_loss − 1.710, 0)):
    rc   rootID   mass      avg_loss     score 
    59   6621526  905338    2.1283       379062.6
    58   6141841  3228512   1.7705       196782.8
    61   6828350  809921    1.7706       49452.6
    60   6774952  316779    1.8593       47411.1
    54   5381749  526964    1.7632       28228.4
    5    1263676  342947    1.7732       21813.9
    1    138709   8244278   1.7114       14711.9
    44   3229301  724285    1.7290       14042.0
    15   1539367  34390     1.9551       8442.8
    32   1636047  78207     1.8144       8198.8
    top-10: 33.4% of mass, 90.9% of excess-loss
Epoch 117: loss=1.710131  (21.52 sec, 65 subtrees, 730 chunks, 34623339 nodes)
  residual top-10 (subtree_mass × max(avg_loss − 1.710, 0)):
    rc   rootID   mass      avg_loss     score 
    59   6621526  905338    2.2433       482684.4
    58   6141841  3228512   1.7468       118246.6
    61   6828350  809921    1.8119       82391.6
    60   6774952  316779    1.9177       65750.9
    54   5381749  526964    1.7734       33363.3
    5    1263676  342947    1.7773       23031.4
    44   3229301  724285    1.7353       18198.9
    15   1539367  34390     1.9563       8466.2
    32   1636047  78207     1.8118       7950.0
    25   1602731  57242     1.8337       7071.3
    top-10: 15.4% of mass, 92.7% of excess-loss
Epoch 118: loss=1.729751  (21.52 sec, 65 subtrees, 730 chunks, 34623339 nodes)
  residual top-10 (subtree_mass × max(avg_loss − 1.730, 0)):
    rc   rootID   mass      avg_loss     score 
    58   6141841  3228512   1.9023       556930.9
    59   6621526  905338    2.3240       538022.0
    54   5381749  526964    1.9408       111192.6
    60   6774952  316779    1.8818       48157.2
    61   6828350  809921    1.7828       42941.6
    5    1263676  342947    1.8265       33176.2
    6    1317879  754528    1.7484       14057.4
    44   3229301  724285    1.7482       13377.0
    2    1255301  46307     1.8959       7692.3
    15   1539367  34390     1.9527       7668.3
    top-10: 16.9% of mass, 95.7% of excess-loss
Epoch 119: loss=1.693882  (21.53 sec, 65 subtrees, 730 chunks, 34623339 nodes)
  residual top-10 (subtree_mass × max(avg_loss − 1.694, 0)):
    rc   rootID   mass      avg_loss     score 
    59   6621526  905338    1.9955       273089.9
    1    138709   8244278   1.7100       132525.5
    58   6141841  3228512   1.7236       95896.6
    5    1263676  342947    1.7818       30152.3
    54   5381749  526964    1.7496       29363.1
    60   6774952  316779    1.7763       26113.9
    6    1317879  754528    1.7229       21924.8
    61   6828350  809921    1.7202       21343.9
    44   3229301  724285    1.7176       17191.5
    32   1636047  78207     1.8089       8993.3
    top-10: 34.9% of mass, 88.3% of excess-loss
Epoch 120: loss=1.710586  (21.52 sec, 65 subtrees, 730 chunks, 34623339 nodes)
  residual top-10 (subtree_mass × max(avg_loss − 1.711, 0)):
    rc   rootID   mass      avg_loss     score 
    59   6621526  905338    2.3608       588702.7
    58   6141841  3228512   1.8118       326895.1
    54   5381749  526964    1.8604       78961.3
    61   6828350  809921    1.8007       73017.2
    60   6774952  316779    1.9274       68677.1
    44   3229301  724285    1.7463       25879.1
    5    1263676  342947    1.7640       18326.3
    15   1539367  34390     1.9356       7738.1
    32   1636047  78207     1.7989       6908.2
    25   1602731  57242     1.8180       6148.6
    top-10: 15.4% of mass, 95.7% of excess-loss
Epoch 121: loss=1.696248  (21.52 sec, 65 subtrees, 730 chunks, 34623339 nodes)
  residual top-10 (subtree_mass × max(avg_loss − 1.696, 0)):
    rc   rootID   mass      avg_loss     score 
    59   6621526  905338    2.1626       422189.9
    1    138709   8244278   1.7101       113989.7
    58   6141841  3228512   1.7271       99765.7
    61   6828350  809921    1.7401       35506.0
    60   6774952  316779    1.8059       34730.7
    5    1263676  342947    1.7687       24830.4
    6    1317879  754528    1.7094       9944.8
    44   3229301  724285    1.7093       9429.2
    15   1539367  34390     1.9445       8536.7
    32   1636047  78207     1.8046       8470.7
    top-10: 33.9% of mass, 90.5% of excess-loss
Epoch 122: loss=1.700827  (21.53 sec, 65 subtrees, 730 chunks, 34623339 nodes)
  residual top-10 (subtree_mass × max(avg_loss − 1.701, 0)):
    rc   rootID   mass      avg_loss     score 
    59   6621526  905338    2.2706       515873.6
    58   6141841  3228512   1.7664       211722.3
    61   6828350  809921    1.7710       56852.3
    60   6774952  316779    1.8478       46564.6
    54   5381749  526964    1.7593       30824.4
    5    1263676  342947    1.7894       30387.8
    44   3229301  724285    1.7411       29202.4
    6    1317879  754528    1.7193       13929.0
    15   1539367  34390     1.9420       8295.0
    32   1636047  78207     1.8067       8280.1
    top-10: 16.9% of mass, 93.0% of excess-loss
Epoch 123: loss=1.777481  (21.53 sec, 65 subtrees, 730 chunks, 34623339 nodes)
  residual top-10 (subtree_mass × max(avg_loss − 1.777, 0)):
    rc   rootID   mass      avg_loss     score 
    58   6141841  3228512   2.1510       1205898.3
    59   6621526  905338    2.6678       806008.3
    57   5794595  2162522   1.8656       190628.6
    54   5381749  526964    2.1131       176842.0
    61   6828350  809921    1.9941       175476.7
    60   6774952  316779    2.1663       123156.8
    63   6960510  648078    1.8839       68940.4
    56   5475765  1903021   1.7926       28726.6
    15   1539367  34390     1.9452       5768.3
    62   6953395  38641     1.9255       5718.7
    top-10: 23.2% of mass, 98.6% of excess-loss
Epoch 124: loss=1.743555  (21.52 sec, 65 subtrees, 730 chunks, 34623339 nodes)
  residual top-10 (subtree_mass × max(avg_loss − 1.744, 0)):
    rc   rootID   mass      avg_loss     score 
    1    138709   8244278   1.8445       832422.2
    44   3229301  724285    1.8462       74333.2
    0    1        824077    1.8335       74157.5
    5    1263676  342947    1.9062       55772.0
    6    1317879  754528    1.8164       54951.1
    8    1439897  392288    1.7796       14139.2
    2    1255301  46307     1.9879       11312.8
    39   1660971  2741100   1.7475       10726.9
    32   1636047  78207     1.8751       10291.7
    7    1422321  79638     1.8646       9641.5
    top-10: 31.2% of mass, 92.0% of excess-loss
Epoch 125: loss=1.706530  (21.50 sec, 65 subtrees, 730 chunks, 34623339 nodes)
  residual top-10 (subtree_mass × max(avg_loss − 1.707, 0)):
    rc   rootID   mass      avg_loss     score 
    59   6621526  905338    2.0650       324570.0
    58   6141841  3228512   1.7557       158807.8
    54   5381749  526964    1.7724       34711.3
    44   3229301  724285    1.7532       33784.3
    5    1263676  342947    1.7808       25480.3
    60   6774952  316779    1.7603       17022.0
    6    1317879  754528    1.7181       8727.2
    32   1636047  78207     1.8176       8682.6
    15   1539367  34390     1.9551       8547.5
    25   1602731  57242     1.8408       7683.3
    top-10: 15.3% of mass, 88.4% of excess-loss
Epoch 126: loss=1.716748  (21.51 sec, 65 subtrees, 730 chunks, 34623339 nodes)
  residual top-10 (subtree_mass × max(avg_loss − 1.717, 0)):
    rc   rootID   mass      avg_loss     score 
    58   6141841  3228512   1.8419       403951.4
    59   6621526  905338    2.1209       365901.0
    54   5381749  526964    1.9591       127719.2
    60   6774952  316779    1.8231       33684.3
    44   3229301  724285    1.7617       32522.7
    61   6828350  809921    1.7497       26688.0
    5    1263676  342947    1.7667       17145.7
    15   1539367  34390     1.9477       7943.7
    32   1636047  78207     1.8082       7151.2
    25   1602731  57242     1.8337       6695.6
    top-10: 15.4% of mass, 94.6% of excess-loss
Epoch 127: loss=1.695159  (21.50 sec, 65 subtrees, 730 chunks, 34623339 nodes)
  residual top-10 (subtree_mass × max(avg_loss − 1.695, 0)):
    rc   rootID   mass      avg_loss     score 
    59   6621526  905338    1.9756       253927.8
    1    138709   8244278   1.7052       82777.6
    58   6141841  3228512   1.7072       38851.9
    44   3229301  724285    1.7462       36999.2
    5    1263676  342947    1.7782       28470.1
    60   6774952  316779    1.7589       20187.5
    6    1317879  754528    1.7176       16939.8
    61   6828350  809921    1.7124       13980.2
    54   5381749  526964    1.7140       9937.1
    32   1636047  78207     1.8166       9495.9
    top-10: 34.9% of mass, 84.0% of excess-loss
Epoch 128: loss=1.704997  (21.51 sec, 65 subtrees, 730 chunks, 34623339 nodes)
  residual top-10 (subtree_mass × max(avg_loss − 1.705, 0)):
    rc   rootID   mass      avg_loss     score 
    59   6621526  905338    2.2580       500655.4
    58   6141841  3228512   1.8207       373627.9
    54   5381749  526964    1.8061       53300.9
    61   6828350  809921    1.7681       51136.0
    60   6774952  316779    1.8542       47257.6
    44   3229301  724285    1.7377       23703.6
    5    1263676  342947    1.7677       21514.8
    15   1539367  34390     1.9328       7835.0
    32   1636047  78207     1.8006       7477.1
    25   1602731  57242     1.8210       6637.9
    top-10: 15.4% of mass, 95.0% of excess-loss
Epoch 129: loss=1.713681  (21.52 sec, 65 subtrees, 730 chunks, 34623339 nodes)
  residual top-10 (subtree_mass × max(avg_loss − 1.714, 0)):
    rc   rootID   mass      avg_loss     score 
    59   6621526  905338    2.3189       547921.8
    58   6141841  3228512   1.8058       297528.2
    54   5381749  526964    1.9369       117625.5
    61   6828350  809921    1.7625       39562.0
    60   6774952  316779    1.8252       35315.1
    44   3229301  724285    1.7510       27013.2
    5    1263676  342947    1.7725       20181.0
    15   1539367  34390     1.9394       7762.4
    32   1636047  78207     1.8034       7016.4
    2    1255301  46307     1.8556       6570.0
    top-10: 15.4% of mass, 95.3% of excess-loss
Epoch 130: loss=1.694760  (21.51 sec, 65 subtrees, 730 chunks, 34623339 nodes)
  residual top-10 (subtree_mass × max(avg_loss − 1.695, 0)):
    rc   rootID   mass      avg_loss     score 
    59   6621526  905338    2.0698       339571.9
    58   6141841  3228512   1.7307       115913.8
    1    138709   8244278   1.7071       102011.1
    61   6828350  809921    1.7418       38123.6
    54   5381749  526964    1.7663       37693.9
    60   6774952  316779    1.8082       35934.9
    5    1263676  342947    1.7762       27929.7
    44   3229301  724285    1.7234       20719.9
    6    1317879  754528    1.7118       12878.3
    32   1636047  78207     1.8038       8524.1
    top-10: 34.9% of mass, 89.8% of excess-loss
Epoch 131: loss=1.686447  (21.51 sec, 65 subtrees, 730 chunks, 34623339 nodes)
  residual top-10 (subtree_mass × max(avg_loss − 1.686, 0)):
    rc   rootID   mass      avg_loss     score 
    59   6621526  905338    2.0938       368768.8
    58   6141841  3228512   1.7160       95289.2
    61   6828350  809921    1.7331       37768.0
    60   6774952  316779    1.8024       36723.1
    5    1263676  342947    1.7865       34308.5
    6    1317879  754528    1.7116       18972.1
    1    138709   8244278   1.6887       18363.6
    44   3229301  724285    1.7115       18126.9
    2    1255301  46307     1.8860       9241.9
    32   1636047  78207     1.7983       8744.0
    top-10: 33.9% of mass, 87.6% of excess-loss
Epoch 132: loss=1.726065  (21.51 sec, 65 subtrees, 730 chunks, 34623339 nodes)
  residual top-10 (subtree_mass × max(avg_loss − 1.726, 0)):
    rc   rootID   mass      avg_loss     score 
    59   6621526  905338    2.4551       660036.6
    58   6141841  3228512   1.8756       482896.8
    61   6828350  809921    1.8886       131678.6
    60   6774952  316779    2.0353       97960.5
    54   5381749  526964    1.8376       58774.3
    63   6960510  648078    1.7841       37597.3
    5    1263676  342947    1.8008       25641.0
    44   3229301  724285    1.7438       12835.9
    15   1539367  34390     1.9430       7458.9
    2    1255301  46307     1.8716       6739.8
    top-10: 16.6% of mass, 95.8% of excess-loss
Epoch 133: loss=1.746085  (21.53 sec, 65 subtrees, 730 chunks, 34623339 nodes)
  residual top-10 (subtree_mass × max(avg_loss − 1.746, 0)):
    rc   rootID   mass      avg_loss     score 
    59   6621526  905338    2.2060       416400.1
    1    138709   8244278   1.7664       167669.3
    58   6141841  3228512   1.7790       106302.7
    54   5381749  526964    1.9174       90275.3
    5    1263676  342947    1.8732       43579.7
    60   6774952  316779    1.8468       31901.6
    6    1317879  754528    1.7868       30700.2
    44   3229301  724285    1.7765       21993.0
    61   6828350  809921    1.7704       19692.1
    40   2098840  473230    1.7715       12026.1
    top-10: 35.8% of mass, 91.5% of excess-loss
Epoch 134: loss=1.694167  (21.50 sec, 65 subtrees, 730 chunks, 34623339 nodes)
  residual top-10 (subtree_mass × max(avg_loss − 1.694, 0)):
    rc   rootID   mass      avg_loss     score 
    59   6621526  905338    1.8797       167953.4
    1    138709   8244278   1.7131       155910.5
    58   6141841  3228512   1.7102       51823.0
    5    1263676  342947    1.7804       29563.7
    44   3229301  724285    1.7347       29347.2
    6    1317879  754528    1.7207       20022.7
    54   5381749  526964    1.7263       16954.9
    60   6774952  316779    1.7395       14369.9
    32   1636047  78207     1.8156       9497.9
    15   1539367  34390     1.9531       8906.0
    top-10: 33.2% of mass, 84.1% of excess-loss
Epoch 135: loss=1.714383  (21.51 sec, 65 subtrees, 730 chunks, 34623339 nodes)
  residual top-10 (subtree_mass × max(avg_loss − 1.714, 0)):
    rc   rootID   mass      avg_loss     score 
    59   6621526  905338    2.3736       596791.7
    58   6141841  3228512   1.7517       120511.8
    61   6828350  809921    1.7940       64479.7
    5    1263676  342947    1.9016       64217.5
    6    1317879  754528    1.7915       58208.8
    60   6774952  316779    1.8930       56595.8
    44   3229301  724285    1.7491       25122.6
    54   5381749  526964    1.7500       18744.1
    8    1439897  392288    1.7412       10528.9
    32   1636047  78207     1.8390       9746.0
    top-10: 17.7% of mass, 91.4% of excess-loss
Epoch 136: loss=1.683802  (21.51 sec, 65 subtrees, 730 chunks, 34623339 nodes)
  residual top-10 (subtree_mass × max(avg_loss − 1.684, 0)):
    rc   rootID   mass      avg_loss     score 
    1    138709   8244278   1.7031       159082.6
    59   6621526  905338    1.8580       157747.5
    5    1263676  342947    1.7689       29167.4
    58   6141841  3228512   1.6914       24615.1
    54   5381749  526964    1.7304       24543.2
    44   3229301  724285    1.7157       23068.0
    6    1317879  754528    1.7088       18844.0
    60   6774952  316779    1.7402       17860.4
    61   6828350  809921    1.6964       10166.6
    32   1636047  78207     1.8026       9288.3
    top-10: 34.9% of mass, 83.1% of excess-loss
Epoch 137: loss=1.721499  (21.52 sec, 65 subtrees, 730 chunks, 34623339 nodes)
  residual top-10 (subtree_mass × max(avg_loss − 1.721, 0)):
    rc   rootID   mass      avg_loss     score 
    59   6621526  905338    2.5680       766366.8
    58   6141841  3228512   1.8599       446733.3
    54   5381749  526964    1.9144       101647.8
    61   6828350  809921    1.8247       83606.1
    60   6774952  316779    1.9662       77516.0
    44   3229301  724285    1.7378       11806.9
    5    1263676  342947    1.7525       10647.0
    15   1539367  34390     1.9400       7513.5
    49   4172773  263541    1.7434       5767.1
    32   1636047  78207     1.7923       5538.9
    top-10: 15.9% of mass, 96.8% of excess-loss
Epoch 138: loss=1.696556  (21.52 sec, 65 subtrees, 730 chunks, 34623339 nodes)
  residual top-10 (subtree_mass × max(avg_loss − 1.697, 0)):
    rc   rootID   mass      avg_loss     score 
    1    138709   8244278   1.7139       142615.4
    59   6621526  905338    1.8480       137103.5
    58   6141841  3228512   1.7194       73617.8
    5    1263676  342947    1.7977       34696.6
    6    1317879  754528    1.7345       28664.8
    44   3229301  724285    1.7245       20239.6
    60   6774952  316779    1.7442       15097.6
    40   2098840  473230    1.7171       9714.2
    32   1636047  78207     1.8131       9112.5
    54   5381749  526964    1.7137       9044.6
    top-10: 34.2% of mass, 82.8% of excess-loss
Epoch 139: loss=1.697271  (21.51 sec, 65 subtrees, 730 chunks, 34623339 nodes)
  residual top-10 (subtree_mass × max(avg_loss − 1.697, 0)):
    rc   rootID   mass      avg_loss     score 
    59   6621526  905338    2.1711       428991.4
    58   6141841  3228512   1.7749       250786.5
    54   5381749  526964    1.8232       66334.8
    61   6828350  809921    1.7716       60213.4
    60   6774952  316779    1.8711       55069.2
    5    1263676  342947    1.7550       19798.1
    44   3229301  724285    1.7202       16583.2
    15   1539367  34390     1.9367       8232.8
    32   1636047  78207     1.7955       7681.2
    25   1602731  57242     1.8161       6804.4
    top-10: 15.4% of mass, 93.8% of excess-loss
Epoch 140: loss=1.693575  (21.52 sec, 65 subtrees, 730 chunks, 34623339 nodes)
  residual top-10 (subtree_mass × max(avg_loss − 1.694, 0)):
    rc   rootID   mass      avg_loss     score 
    59   6621526  905338    2.2094       467000.9
    58   6141841  3228512   1.7459       169087.9
    61   6828350  809921    1.7792       69386.0
    60   6774952  316779    1.8956       64007.9
    54   5381749  526964    1.7496       29504.7
    5    1263676  342947    1.7629       23785.5
    44   3229301  724285    1.7255       23156.9
    15   1539367  34390     1.9329       8229.3
    32   1636047  78207     1.7913       7644.1
    25   1602731  57242     1.8152       6964.7
    top-10: 15.4% of mass, 92.6% of excess-loss
Epoch 141: loss=1.685860  (21.51 sec, 65 subtrees, 730 chunks, 34623339 nodes)
  residual top-10 (subtree_mass × max(avg_loss − 1.686, 0)):
    rc   rootID   mass      avg_loss     score 
    59   6621526  905338    2.0948       370268.9
    61   6828350  809921    1.7904       84689.6
    58   6141841  3228512   1.7072       69016.1
    60   6774952  316779    1.8758       60172.1
    1    138709   8244278   1.6912       44104.8
    44   3229301  724285    1.7265       29422.0
    5    1263676  342947    1.7490       21662.4
    63   6960510  648078    1.7049       12333.8
    15   1539367  34390     1.9269       8290.9
    32   1636047  78207     1.7871       7920.2
    top-10: 33.6% of mass, 89.4% of excess-loss
Epoch 142: loss=1.691946  (21.50 sec, 65 subtrees, 730 chunks, 34623339 nodes)
  residual top-10 (subtree_mass × max(avg_loss − 1.692, 0)):
    rc   rootID   mass      avg_loss     score 
    59   6621526  905338    1.9876       267699.9
    1    138709   8244278   1.7088       138670.3
    58   6141841  3228512   1.7131       68407.0
    6    1317879  754528    1.7728       60971.9
    5    1263676  342947    1.8646       59213.7
    54   5381749  526964    1.7688       40482.9
    44   3229301  724285    1.7366       32314.6
    2    1255301  46307     1.9601       12417.4
    8    1439897  392288    1.7189       10585.9
    7    1422321  79638     1.8161       9890.8
    top-10: 33.4% of mass, 86.7% of excess-loss
Epoch 143: loss=1.692372  (21.53 sec, 65 subtrees, 730 chunks, 34623339 nodes)
  residual top-10 (subtree_mass × max(avg_loss − 1.692, 0)):
    rc   rootID   mass      avg_loss     score 
    59   6621526  905338    2.2380       494016.7
    58   6141841  3228512   1.7833       293405.7
    61   6828350  809921    1.7768       68358.7
    60   6774952  316779    1.9006       65950.2
    54   5381749  526964    1.7898       51343.1
    44   3229301  724285    1.7198       19840.7
    5    1263676  342947    1.7434       17499.9
    15   1539367  34390     1.9215       7881.1
    32   1636047  78207     1.7803       6880.5
    25   1602731  57242     1.8019       6270.3
    top-10: 15.4% of mass, 94.6% of excess-loss
Epoch 144: loss=1.690459  (21.49 sec, 65 subtrees, 730 chunks, 34623339 nodes)
  residual top-10 (subtree_mass × max(avg_loss − 1.690, 0)):
    rc   rootID   mass      avg_loss     score 
    59   6621526  905338    2.1185       387496.2
    58   6141841  3228512   1.7577       217201.2
    54   5381749  526964    1.7748       44418.4
    60   6774952  316779    1.8192       40780.7
    61   6828350  809921    1.7334       34770.6
    5    1263676  342947    1.7810       31058.7
    1    138709   8244278   1.6941       29865.4
    44   3229301  724285    1.7168       19084.9
    6    1317879  754528    1.7117       16050.0
    15   1539367  34390     1.9323       8318.1
    top-10: 34.9% of mass, 91.2% of excess-loss
Epoch 145: loss=1.696254  (21.48 sec, 65 subtrees, 730 chunks, 34623339 nodes)
  residual top-10 (subtree_mass × max(avg_loss − 1.696, 0)):
    rc   rootID   mass      avg_loss     score 
    59   6621526  905338    2.2278       481222.4
    58   6141841  3228512   1.7625       214019.7
    60   6774952  316779    2.0061       98140.8
    61   6828350  809921    1.8084       90816.9
    54   5381749  526964    1.7816       44971.8
    5    1263676  342947    1.7932       33242.5
    6    1317879  754528    1.7125       12222.7
    44   3229301  724285    1.7119       11322.9
    15   1539367  34390     1.9307       8060.9
    32   1636047  78207     1.7951       7729.7
    top-10: 16.9% of mass, 93.0% of excess-loss
Epoch 146: loss=1.692218  (21.48 sec, 65 subtrees, 730 chunks, 34623339 nodes)
  residual top-10 (subtree_mass × max(avg_loss − 1.692, 0)):
    rc   rootID   mass      avg_loss     score 
    59   6621526  905338    2.1264       393039.8
    1    138709   8244278   1.7104       149956.0
    5    1263676  342947    1.9051       72991.6
    6    1317879  754528    1.7869       71428.2
    58   6141841  3228512   1.7062       45289.4
    60   6774952  316779    1.7914       31422.3
    44   3229301  724285    1.7244       23304.2
    61   6828350  809921    1.7198       22335.7
    2    1255301  46307     2.0613       17092.1
    7    1422321  79638     1.8103       9405.9
    top-10: 33.9% of mass, 90.2% of excess-loss
Epoch 147: loss=1.687783  (21.50 sec, 65 subtrees, 730 chunks, 34623339 nodes)
  residual top-10 (subtree_mass × max(avg_loss − 1.688, 0)):
    rc   rootID   mass      avg_loss     score 
    59   6621526  905338    2.2606       518564.9
    58   6141841  3228512   1.7577       225588.1
    61   6828350  809921    1.7637       61481.2
    60   6774952  316779    1.8572       53679.1
    54   5381749  526964    1.7749       45924.2
    5    1263676  342947    1.7432       19006.2
    15   1539367  34390     1.9197       7974.8
    32   1636047  78207     1.7822       7388.0
    44   3229301  724285    1.6975       7068.3
    25   1602731  57242     1.8014       6503.4
    top-10: 15.4% of mass, 94.3% of excess-loss
Epoch 148: loss=1.697188  (21.50 sec, 65 subtrees, 730 chunks, 34623339 nodes)
  residual top-10 (subtree_mass × max(avg_loss − 1.697, 0)):
    rc   rootID   mass      avg_loss     score 
    59   6621526  905338    2.2500       500502.4
    58   6141841  3228512   1.7581       196616.1
    44   3229301  724285    1.7514       39237.5
    60   6774952  316779    1.8142       37055.5
    61   6828350  809921    1.7429       37003.2
    5    1263676  342947    1.8025       36111.7
    54   5381749  526964    1.7633       34862.1
    6    1317879  754528    1.7282       23387.1
    15   1539367  34390     1.9486       8644.7
    32   1636047  78207     1.8048       8413.9
    top-10: 16.9% of mass, 92.7% of excess-loss
Epoch 149: loss=1.690240  (21.51 sec, 65 subtrees, 730 chunks, 34623339 nodes)
  residual top-10 (subtree_mass × max(avg_loss − 1.690, 0)):
    rc   rootID   mass      avg_loss     score 
    59   6621526  905338    2.1669       431525.8
    58   6141841  3228512   1.7723       264790.8
    54   5381749  526964    1.7988       57193.2
    44   3229301  724285    1.7603       50741.6
    60   6774952  316779    1.7846       29901.2
    61   6828350  809921    1.7217       25453.0
    5    1263676  342947    1.7452       18837.6
    15   1539367  34390     1.9224       7984.1
    32   1636047  78207     1.7829       7245.5
    25   1602731  57242     1.8003       6300.5
    top-10: 15.4% of mass, 94.1% of excess-loss
Epoch 150: loss=1.666234  (21.51 sec, 65 subtrees, 730 chunks, 34623339 nodes)
  residual top-10 (subtree_mass × max(avg_loss − 1.666, 0)):
    rc   rootID   mass      avg_loss     score 
    59   6621526  905338    1.8438       160737.0
    1    138709   8244278   1.6844       149692.3
    44   3229301  724285    1.7175       37155.9
    5    1263676  342947    1.7560       30780.3
    6    1317879  754528    1.6940       20927.9
    60   6774952  316779    1.7223       17755.5
    61   6828350  809921    1.6832       13728.6
    32   1636047  78207     1.7860       9365.8
    15   1539367  34390     1.9249       8895.0
    7    1422321  79638     1.7660       7944.3
    top-10: 27.0% of mass, 84.9% of excess-loss
Epoch 151: loss=1.692526  (21.51 sec, 65 subtrees, 730 chunks, 34623339 nodes)
  residual top-10 (subtree_mass × max(avg_loss − 1.693, 0)):
    rc   rootID   mass      avg_loss     score 
    59   6621526  905338    2.2316       488043.4
    58   6141841  3228512   1.7831       292286.6
    60   6774952  316779    1.8509       50163.7
    54   5381749  526964    1.7839       48175.6
    61   6828350  809921    1.7508       47219.0
    5    1263676  342947    1.7881       32786.3
    44   3229301  724285    1.7148       16167.3
    6    1317879  754528    1.7109       13858.9
    15   1539367  34390     1.9291       8136.3
    32   1636047  78207     1.7942       7955.2
    top-10: 16.9% of mass, 93.4% of excess-loss
Epoch 152: loss=1.685111  (21.52 sec, 65 subtrees, 730 chunks, 34623339 nodes)
  residual top-10 (subtree_mass × max(avg_loss − 1.685, 0)):
    rc   rootID   mass      avg_loss     score 
    59   6621526  905338    2.2392       501646.4
    58   6141841  3228512   1.7323       152289.4
    60   6774952  316779    1.9081       70649.7
    61   6828350  809921    1.7663       65736.6
    54   5381749  526964    1.7949       57837.5
    5    1263676  342947    1.7510       22613.2
    44   3229301  724285    1.6976       9020.3
    15   1539367  34390     1.9153       7916.0
    32   1636047  78207     1.7820       7577.6
    25   1602731  57242     1.7991       6524.2
    top-10: 15.4% of mass, 93.3% of excess-loss
Epoch 153: loss=1.688657  (21.49 sec, 65 subtrees, 730 chunks, 34623339 nodes)
  residual top-10 (subtree_mass × max(avg_loss − 1.689, 0)):
    rc   rootID   mass      avg_loss     score 
    59   6621526  905338    2.0495       326707.4
    58   6141841  3228512   1.7385       161009.3
    44   3229301  724285    1.8635       126672.3
    54   5381749  526964    1.7370       25462.3
    5    1263676  342947    1.7549       22722.3
    60   6774952  316779    1.7576       21824.8
    61   6828350  809921    1.7089       16423.7
    45   3347168  678815    1.7086       13505.6
    15   1539367  34390     1.9236       8080.9
    32   1636047  78207     1.7836       7427.9
    top-10: 16.8% of mass, 91.8% of excess-loss
Epoch 154: loss=1.681849  (21.51 sec, 65 subtrees, 730 chunks, 34623339 nodes)
  residual top-10 (subtree_mass × max(avg_loss − 1.682, 0)):
    rc   rootID   mass      avg_loss     score 
    59   6621526  905338    1.9737       264196.9
    58   6141841  3228512   1.7271       146206.4
    54   5381749  526964    1.7788       51101.9
    44   3229301  724285    1.7347       38314.1
    5    1263676  342947    1.7731       31305.4
    6    1317879  754528    1.7041       16759.1
    60   6774952  316779    1.7144       10305.5
    15   1539367  34390     1.9224       8272.9
    32   1636047  78207     1.7864       8178.6
    25   1602731  57242     1.8113       7408.0
    top-10: 15.3% of mass, 88.5% of excess-loss
Epoch 155: loss=1.679391  (21.51 sec, 65 subtrees, 730 chunks, 34623339 nodes)
  residual top-10 (subtree_mass × max(avg_loss − 1.679, 0)):
    rc   rootID   mass      avg_loss     score 
    59   6621526  905338    2.0673       351187.9
    58   6141841  3228512   1.7262       150993.6
    54   5381749  526964    1.8027       65004.0
    44   3229301  724285    1.7159       26470.6
    60   6774952  316779    1.7573       24685.5
    61   6828350  809921    1.7058       21396.8
    5    1263676  342947    1.7382       20159.7
    15   1539367  34390     1.9107       7954.4
    32   1636047  78207     1.7796       7834.6
    25   1602731  57242     1.7940       6558.0
    top-10: 15.4% of mass, 91.2% of excess-loss
Epoch 156: loss=1.687065  (21.51 sec, 65 subtrees, 730 chunks, 34623339 nodes)
  residual top-10 (subtree_mass × max(avg_loss − 1.687, 0)):
    rc   rootID   mass      avg_loss     score 
    59   6621526  905338    2.1792       445539.0
    58   6141841  3228512   1.7679       261011.2
    61   6828350  809921    1.7798       75074.1
    60   6774952  316779    1.8686       57516.0
    54   5381749  526964    1.7841       51125.8
    5    1263676  342947    1.7487       21140.3
    44   3229301  724285    1.7125       18453.0
    63   6960510  648078    1.7012       9165.0
    15   1539367  34390     1.9152       7845.4
    32   1636047  78207     1.7798       7249.5
    top-10: 16.7% of mass, 93.4% of excess-loss
Epoch 157: loss=1.684879  (21.51 sec, 65 subtrees, 730 chunks, 34623339 nodes)
  residual top-10 (subtree_mass × max(avg_loss − 1.685, 0)):
    rc   rootID   mass      avg_loss     score 
    59   6621526  905338    1.9550       244540.1
    58   6141841  3228512   1.7363       166148.0
    1    138709   8244278   1.7042       159544.1
    54   5381749  526964    1.7621       40673.1
    5    1263676  342947    1.7834       33775.1
    44   3229301  724285    1.7255       29444.1
    6    1317879  754528    1.7147       22519.2
    60   6774952  316779    1.7388       17085.7
    15   1539367  34390     1.9344       8581.3
    32   1636047  78207     1.7928       8440.8
    top-10: 33.2% of mass, 90.5% of excess-loss
Epoch 158: loss=1.701244  (21.52 sec, 65 subtrees, 730 chunks, 34623339 nodes)
  residual top-10 (subtree_mass × max(avg_loss − 1.701, 0)):
    rc   rootID   mass      avg_loss     score 
    59   6621526  905338    2.1898       442292.2
    58   6141841  3228512   1.7945       301204.5
    54   5381749  526964    1.9025       106032.8
    44   3229301  724285    1.7947       67691.4
    60   6774952  316779    1.7979       30624.9
    61   6828350  809921    1.7375       29371.6
    5    1263676  342947    1.7617       20737.5
    15   1539367  34390     1.9168       7414.7
    32   1636047  78207     1.7865       6665.7
    7    1422321  79638     1.7751       5879.6
    top-10: 15.5% of mass, 94.5% of excess-loss
Epoch 159: loss=1.689020  (21.51 sec, 65 subtrees, 730 chunks, 34623339 nodes)
  residual top-10 (subtree_mass × max(avg_loss − 1.689, 0)):
    rc   rootID   mass      avg_loss     score 
    59   6621526  905338    1.9043       194879.1
    58   6141841  3228512   1.7036       47157.4
    5    1263676  342947    1.8095       41318.7
    1    138709   8244278   1.6940       40665.0
    6    1317879  754528    1.7336       33665.5
    44   3229301  724285    1.7252       26232.9
    54   5381749  526964    1.7342       23803.0
    60   6774952  316779    1.7429       17062.9
    47   3809957  2279927   1.6949       13469.8
    61   6828350  809921    1.7041       12234.1
    top-10: 39.8% of mass, 80.4% of excess-loss
Epoch 160: loss=1.679356  (21.52 sec, 65 subtrees, 730 chunks, 34623339 nodes)
  residual top-10 (subtree_mass × max(avg_loss − 1.679, 0)):
    rc   rootID   mass      avg_loss     score 
    59   6621526  905338    2.0245       312458.8
    61   6828350  809921    1.7567       62679.6
    60   6774952  316779    1.8731       61368.9
    1    138709   8244278   1.6864       58207.8
    58   6141841  3228512   1.6966       55606.2
    5    1263676  342947    1.7730       32129.7
    54   5381749  526964    1.7235       23265.6
    44   3229301  724285    1.7065       19677.9
    6    1317879  754528    1.6982       14255.4
    32   1636047  78207     1.7888       8559.1
    top-10: 34.9% of mass, 88.1% of excess-loss
Epoch 161: loss=1.679277  (21.51 sec, 65 subtrees, 730 chunks, 34623339 nodes)
  residual top-10 (subtree_mass × max(avg_loss − 1.679, 0)):
    rc   rootID   mass      avg_loss     score 
    59   6621526  905338    2.0969       378053.8
    58   6141841  3228512   1.7268       153381.5
    54   5381749  526964    1.7947       60824.0
    60   6774952  316779    1.7841       33221.1
    61   6828350  809921    1.7156       29380.5
    5    1263676  342947    1.7563       26399.8
    1    138709   8244278   1.6809       13701.5
    44   3229301  724285    1.6934       10264.9
    15   1539367  34390     1.9137       8062.7
    32   1636047  78207     1.7790       7801.4
    top-10: 33.4% of mass, 90.6% of excess-loss
Epoch 162: loss=1.663054  (21.51 sec, 65 subtrees, 730 chunks, 34623339 nodes)
  residual top-10 (subtree_mass × max(avg_loss − 1.663, 0)):
    rc   rootID   mass      avg_loss     score 
    59   6621526  905338    1.9237       235976.5
    58   6141841  3228512   1.6845       69398.6
    1    138709   8244278   1.6710       65859.3
    5    1263676  342947    1.7520       30487.3
    60   6774952  316779    1.7404       24491.9
    54   5381749  526964    1.7092       24292.1
    44   3229301  724285    1.6915       20635.8
    6    1317879  754528    1.6897       20078.2
    61   6828350  809921    1.6814       14870.1
    32   1636047  78207     1.7765       8871.1
    top-10: 34.9% of mass, 84.6% of excess-loss
Epoch 163: loss=1.729815  (21.51 sec, 65 subtrees, 730 chunks, 34623339 nodes)
  residual top-10 (subtree_mass × max(avg_loss − 1.730, 0)):
    rc   rootID   mass      avg_loss     score 
    59   6621526  905338    2.4087       614619.3
    58   6141841  3228512   1.8936       528672.8
    44   3229301  724285    1.9055       127274.4
    54   5381749  526964    1.9636       123171.9
    60   6774952  316779    1.9135       58199.1
    61   6828350  809921    1.8015       58041.5
    5    1263676  342947    1.7720       14475.8
    49   4172773  263541    1.7686       10214.9
    15   1539367  34390     1.9202       6548.4
    2    1255301  46307     1.8470       5424.7
    top-10: 15.8% of mass, 97.0% of excess-loss
Epoch 164: loss=1.670582  (21.50 sec, 65 subtrees, 730 chunks, 34623339 nodes)
  residual top-10 (subtree_mass × max(avg_loss − 1.671, 0)):
    rc   rootID   mass      avg_loss     score 
    1    138709   8244278   1.7124       344748.3
    59   6621526  905338    1.7730       92752.7
    5    1263676  342947    1.7547       28838.2
    6    1317879  754528    1.7040       25209.9
    44   3229301  724285    1.6932       16352.4
    0    1        824077    1.6872       13726.9
    40   2098840  473230    1.6922       10235.3
    32   1636047  78207     1.7916       9462.1
    15   1539367  34390     1.9244       8728.6
    7    1422321  79638     1.7787       8609.1
    top-10: 27.3% of mass, 85.5% of excess-loss
Epoch 165: loss=1.670430  (21.49 sec, 65 subtrees, 730 chunks, 34623339 nodes)
  residual top-10 (subtree_mass × max(avg_loss − 1.670, 0)):
    rc   rootID   mass      avg_loss     score 
    59   6621526  905338    2.0192       315756.7
    58   6141841  3228512   1.7052       112391.3
    44   3229301  724285    1.7542       60682.0
    61   6828350  809921    1.7444       59877.8
    60   6774952  316779    1.8119       44829.6
    54   5381749  526964    1.7230       27721.2
    5    1263676  342947    1.7420       24550.1
    15   1539367  34390     1.9089       8200.8
    32   1636047  78207     1.7742       8114.8
    7    1422321  79638     1.7621       7301.0
    top-10: 15.5% of mass, 90.2% of excess-loss
Epoch 166: loss=1.661602  (21.51 sec, 65 subtrees, 730 chunks, 34623339 nodes)
  residual top-10 (subtree_mass × max(avg_loss − 1.662, 0)):
    rc   rootID   mass      avg_loss     score 
    59   6621526  905338    1.8718       190262.6
    1    138709   8244278   1.6764       122110.2
    54   5381749  526964    1.7358       39100.4
    58   6141841  3228512   1.6727       35880.9
    5    1263676  342947    1.7459       28914.0
    44   3229301  724285    1.6894       20120.4
    6    1317879  754528    1.6850       17689.2
    60   6774952  316779    1.7104       15451.2
    32   1636047  78207     1.7737       8766.2
    15   1539367  34390     1.9077       8461.8
    top-10: 33.2% of mass, 84.2% of excess-loss
Epoch 167: loss=1.672678  (21.51 sec, 65 subtrees, 730 chunks, 34623339 nodes)
  residual top-10 (subtree_mass × max(avg_loss − 1.673, 0)):
    rc   rootID   mass      avg_loss     score 
    59   6621526  905338    2.1001       386968.3
    58   6141841  3228512   1.7619       288106.8
    54   5381749  526964    1.8058       70166.4
    61   6828350  809921    1.7541       65907.1
    60   6774952  316779    1.8763       64497.7
    44   3229301  724285    1.6987       18871.0
    5    1263676  342947    1.7261       18312.6
    15   1539367  34390     1.8994       7796.0
    32   1636047  78207     1.7658       7280.7
    25   1602731  57242     1.7793       6102.3
    top-10: 15.4% of mass, 93.6% of excess-loss
Epoch 168: loss=1.673080  (21.51 sec, 65 subtrees, 730 chunks, 34623339 nodes)
  residual top-10 (subtree_mass × max(avg_loss − 1.673, 0)):
    rc   rootID   mass      avg_loss     score 
    59   6621526  905338    1.9905       287358.3
    58   6141841  3228512   1.7176       143828.0
    1    138709   8244278   1.6834       84818.3
    54   5381749  526964    1.8048       69395.9
    5    1263676  342947    1.7532       27481.7
    44   3229301  724285    1.7090       26003.2
    60   6774952  316779    1.7237       16019.5
    6    1317879  754528    1.6878       11085.5
    15   1539367  34390     1.9243       8637.9
    32   1636047  78207     1.7762       8060.9
    top-10: 33.2% of mass, 89.5% of excess-loss
Epoch 169: loss=1.675436  (21.51 sec, 65 subtrees, 730 chunks, 34623339 nodes)
  residual top-10 (subtree_mass × max(avg_loss − 1.675, 0)):
    rc   rootID   mass      avg_loss     score 
    59   6621526  905338    2.0332       323916.9
    58   6141841  3228512   1.7499       240273.7
    54   5381749  526964    1.7821       56203.6
    61   6828350  809921    1.7419       53820.9
    44   3229301  724285    1.7427       48700.0
    60   6774952  316779    1.7977       38715.4
    5    1263676  342947    1.7332       19823.5
    15   1539367  34390     1.9018       7786.1
    32   1636047  78207     1.7672       7178.6
    25   1602731  57242     1.7857       6311.5
    top-10: 15.4% of mass, 92.8% of excess-loss
Epoch 170: loss=1.692237  (21.50 sec, 65 subtrees, 730 chunks, 34623339 nodes)
  residual top-10 (subtree_mass × max(avg_loss − 1.692, 0)):
    rc   rootID   mass      avg_loss     score 
    59   6621526  905338    1.8874       176681.3
    1    138709   8244278   1.7135       175319.5
    6    1317879  754528    1.8664       131413.0
    5    1263676  342947    2.0234       113580.6
    39   1660971  2741100   1.7078       42724.2
    44   3229301  724285    1.7320       28777.0
    8    1439897  392288    1.7536       24078.4
    2    1255301  46307     2.1202       19818.9
    7    1422321  79638     1.8514       12675.3
    32   1636047  78207     1.8274       10572.1
    top-10: 31.4% of mass, 87.0% of excess-loss
Epoch 171: loss=1.659760  (21.51 sec, 65 subtrees, 730 chunks, 34623339 nodes)
  residual top-10 (subtree_mass × max(avg_loss − 1.660, 0)):
    rc   rootID   mass      avg_loss     score 
    59   6621526  905338    1.9612       272928.7
    1    138709   8244278   1.6664       54610.1
    58   6141841  3228512   1.6746       47757.6
    60   6774952  316779    1.7783       37563.4
    61   6828350  809921    1.7030       35054.6
    44   3229301  724285    1.6959       26179.0
    5    1263676  342947    1.7272       23113.6
    54   5381749  526964    1.6811       11222.0
    6    1317879  754528    1.6734       10280.9
    32   1636047  78207     1.7730       8853.8
    top-10: 34.9% of mass, 85.5% of excess-loss
Epoch 172: loss=1.688099  (21.49 sec, 65 subtrees, 730 chunks, 34623339 nodes)
  residual top-10 (subtree_mass × max(avg_loss − 1.688, 0)):
    rc   rootID   mass      avg_loss     score 
    58   6141841  3228512   1.8604       556161.0
    59   6621526  905338    2.2462       505278.3
    54   5381749  526964    1.9307       127838.9
    61   6828350  809921    1.7770       71965.6
    60   6774952  316779    1.8548       52794.3
    5    1263676  342947    1.7259       12958.4
    15   1539367  34390     1.9014       7334.7
    63   6960510  648078    1.6988       6922.5
    44   3229301  724285    1.6974       6735.6
    32   1636047  78207     1.7670       6170.3
    top-10: 16.7% of mass, 95.8% of excess-loss
Epoch 173: loss=1.662353  (21.51 sec, 65 subtrees, 730 chunks, 34623339 nodes)
  residual top-10 (subtree_mass × max(avg_loss − 1.662, 0)):
    rc   rootID   mass      avg_loss     score 
    1    138709   8244278   1.6944       264317.3
    59   6621526  905338    1.8284       150300.4
    5    1263676  342947    1.7516       30606.4
    6    1317879  754528    1.6973       26401.2
    44   3229301  724285    1.6948       23471.5
    54   5381749  526964    1.6997       19662.4
    60   6774952  316779    1.7184       17750.4
    32   1636047  78207     1.7792       9139.7
    15   1539367  34390     1.9050       8345.2
    7    1422321  79638     1.7654       8206.8
    top-10: 26.3% of mass, 86.7% of excess-loss
Epoch 174: loss=1.659754  (21.52 sec, 65 subtrees, 730 chunks, 34623339 nodes)
  residual top-10 (subtree_mass × max(avg_loss − 1.660, 0)):
    rc   rootID   mass      avg_loss     score 
    59   6621526  905338    2.0765       377269.9
    58   6141841  3228512   1.6873       88855.1
    61   6828350  809921    1.7128       42970.8
    60   6774952  316779    1.7901       41275.9
    5    1263676  342947    1.7343       25571.0
    44   3229301  724285    1.6947       25339.7
    54   5381749  526964    1.7064       24572.9
    6    1317879  754528    1.6744       11066.7
    32   1636047  78207     1.7666       8357.0
    15   1539367  34390     1.9012       8304.5
    top-10: 16.9% of mass, 89.4% of excess-loss
Epoch 175: loss=1.667247  (21.50 sec, 65 subtrees, 730 chunks, 34623339 nodes)
  residual top-10 (subtree_mass × max(avg_loss − 1.667, 0)):
    rc   rootID   mass      avg_loss     score 
    59   6621526  905338    1.9979       299336.7
    58   6141841  3228512   1.7200       170408.9
    5    1263676  342947    1.7978       44766.4
    60   6774952  316779    1.7463       25029.0
    61   6828350  809921    1.6936       21310.9
    6    1317879  754528    1.6953       21148.9
    44   3229301  724285    1.6900       16485.8
    54   5381749  526964    1.6893       11634.8
    15   1539367  34390     1.9120       8417.3
    32   1636047  78207     1.7746       8392.2
    top-10: 16.9% of mass, 88.6% of excess-loss
Epoch 176: loss=1.665755  (21.50 sec, 65 subtrees, 730 chunks, 34623339 nodes)
  residual top-10 (subtree_mass × max(avg_loss − 1.666, 0)):
    rc   rootID   mass      avg_loss     score 
    59   6621526  905338    2.0033       305573.1
    58   6141841  3228512   1.6944       92421.6
    44   3229301  724285    1.7413       54706.4
    60   6774952  316779    1.7569       28859.1
    54   5381749  526964    1.7165       26737.8
    5    1263676  342947    1.7377       24688.7
    61   6828350  809921    1.6956       24189.6
    6    1317879  754528    1.6789       9903.1
    15   1539367  34390     1.9044       8208.7
    32   1636047  78207     1.7693       8101.5
    top-10: 16.9% of mass, 88.1% of excess-loss
Epoch 177: loss=1.666137  (21.50 sec, 65 subtrees, 730 chunks, 34623339 nodes)
  residual top-10 (subtree_mass × max(avg_loss − 1.666, 0)):
    rc   rootID   mass      avg_loss     score 
    59   6621526  905338    2.0752       370374.5
    58   6141841  3228512   1.7409       241411.2
    54   5381749  526964    1.7569       47806.7
    60   6774952  316779    1.7805       36237.2
    44   3229301  724285    1.7140       34656.5
    61   6828350  809921    1.7059       32195.8
    5    1263676  342947    1.7240       19841.4
    15   1539367  34390     1.8926       7788.5
    32   1636047  78207     1.7601       7346.5
    7    1422321  79638     1.7481       6529.5
    top-10: 15.5% of mass, 92.8% of excess-loss
Epoch 178: loss=1.652869  (21.51 sec, 65 subtrees, 730 chunks, 34623339 nodes)
  residual top-10 (subtree_mass × max(avg_loss − 1.653, 0)):
    rc   rootID   mass      avg_loss     score 
    59   6621526  905338    1.9277       248835.2
    1    138709   8244278   1.6632       85070.6
    54   5381749  526964    1.7169       33763.2
    60   6774952  316779    1.7433       28633.4
    58   6141841  3228512   1.6615       27897.6
    5    1263676  342947    1.7292       26175.3
    44   3229301  724285    1.6843       22799.2
    61   6828350  809921    1.6767       19332.6
    6    1317879  754528    1.6739       15856.7
    32   1636047  78207     1.7623       8557.2
    top-10: 34.9% of mass, 85.3% of excess-loss
Epoch 179: loss=1.663916  (21.49 sec, 65 subtrees, 730 chunks, 34623339 nodes)
  residual top-10 (subtree_mass × max(avg_loss − 1.664, 0)):
    rc   rootID   mass      avg_loss     score 
    59   6621526  905338    2.1815       468576.9
    58   6141841  3228512   1.7206       182971.0
    54   5381749  526964    1.7809       61642.3
    60   6774952  316779    1.8103       46384.5
    61   6828350  809921    1.7118       38744.6
    44   3229301  724285    1.7095       33048.5
    5    1263676  342947    1.7156       17729.4
    15   1539367  34390     1.8921       7847.7
    32   1636047  78207     1.7566       7245.4
    7    1422321  79638     1.7418       6199.7
    top-10: 15.5% of mass, 93.7% of excess-loss
Epoch 180: loss=1.673741  (21.50 sec, 65 subtrees, 730 chunks, 34623339 nodes)
  residual top-10 (subtree_mass × max(avg_loss − 1.674, 0)):
    rc   rootID   mass      avg_loss     score 
    59   6621526  905338    2.0595       349256.4
    58   6141841  3228512   1.7801       343387.1
    54   5381749  526964    1.9206       130096.2
    44   3229301  724285    1.7232       35802.8
    5    1263676  342947    1.7243       17350.6
    60   6774952  316779    1.7172       13767.5
    15   1539367  34390     1.9017       7838.8
    32   1636047  78207     1.7639       7050.5
    7    1422321  79638     1.7508       6138.4
    25   1602731  57242     1.7780       5970.4
    top-10: 13.8% of mass, 94.7% of excess-loss
Epoch 181: loss=1.656676  (21.51 sec, 65 subtrees, 730 chunks, 34623339 nodes)
  residual top-10 (subtree_mass × max(avg_loss − 1.657, 0)):
    rc   rootID   mass      avg_loss     score 
    59   6621526  905338    2.0808       383986.9
    58   6141841  3228512   1.6878       100618.3
    61   6828350  809921    1.7167       48628.3
    60   6774952  316779    1.8013       45812.8
    54   5381749  526964    1.7001       22868.7
    5    1263676  342947    1.7148       19927.3
    44   3229301  724285    1.6740       12547.0
    15   1539367  34390     1.8948       8189.9
    32   1636047  78207     1.7562       7786.2
    7    1422321  79638     1.7447       7009.5
    top-10: 15.5% of mass, 90.7% of excess-loss
Epoch 182: loss=1.653521  (21.50 sec, 65 subtrees, 730 chunks, 34623339 nodes)
  residual top-10 (subtree_mass × max(avg_loss − 1.654, 0)):
    rc   rootID   mass      avg_loss     score 
    59   6621526  905338    1.8954       219004.2
    1    138709   8244278   1.6623       72460.8
    58   6141841  3228512   1.6722       60255.4
    5    1263676  342947    1.7497       32998.2
    44   3229301  724285    1.6989       32870.1
    61   6828350  809921    1.6891       28775.8
    60   6774952  316779    1.7395       27235.8
    6    1317879  754528    1.6852       23872.2
    54   5381749  526964    1.6987       23825.5
    15   1539367  34390     1.9043       8624.5
    top-10: 34.9% of mass, 85.2% of excess-loss
Epoch 183: loss=1.658742  (21.49 sec, 65 subtrees, 730 chunks, 34623339 nodes)
  residual top-10 (subtree_mass × max(avg_loss − 1.659, 0)):
    rc   rootID   mass      avg_loss     score 
    59   6621526  905338    1.9985       307616.7
    58   6141841  3228512   1.7150       181570.5
    54   5381749  526964    1.7862       67181.9
    44   3229301  724285    1.6960       26969.3
    5    1263676  342947    1.7142       19027.7
    60   6774952  316779    1.7144       17635.5
    61   6828350  809921    1.6694       8596.0
    15   1539367  34390     1.8900       7951.7
    32   1636047  78207     1.7543       7472.3
    25   1602731  57242     1.7744       6623.2
    top-10: 15.4% of mass, 90.7% of excess-loss
Epoch 184: loss=1.667188  (21.50 sec, 65 subtrees, 730 chunks, 34623339 nodes)
  residual top-10 (subtree_mass × max(avg_loss − 1.667, 0)):
    rc   rootID   mass      avg_loss     score 
    59   6621526  905338    1.9469       253259.2
    58   6141841  3228512   1.6917       79188.8
    54   5381749  526964    1.7633       50654.3
    44   3229301  724285    1.7364       50094.1
    47   3809957  2279927   1.6822       34286.9
    5    1263676  342947    1.7404       25098.7
    60   6774952  316779    1.7215       17195.9
    49   4172773  263541    1.7243       15052.3
    50   4218803  1289869   1.6773       13024.3
    6    1317879  754528    1.6794       9192.0
    top-10: 23.3% of mass, 85.3% of excess-loss
Epoch 185: loss=1.691202  (21.51 sec, 65 subtrees, 730 chunks, 34623339 nodes)
  residual top-10 (subtree_mass × max(avg_loss − 1.691, 0)):
    rc   rootID   mass      avg_loss     score 
    58   6141841  3228512   1.8697       576159.9
    59   6621526  905338    2.2817       534572.8
    54   5381749  526964    1.9370       129548.5
    61   6828350  809921    1.7864       77113.8
    60   6774952  316779    1.9124       70079.0
    56   5475765  1903021   1.7120       39653.9
    57   5794595  2162522   1.7086       37543.2
    5    1263676  342947    1.7167       8745.3
    15   1539367  34390     1.8924       6918.4
    63   6960510  648078    1.7008       6212.1
    top-10: 23.9% of mass, 96.0% of excess-loss
Epoch 186: loss=1.657166  (21.52 sec, 65 subtrees, 730 chunks, 34623339 nodes)
  residual top-10 (subtree_mass × max(avg_loss − 1.657, 0)):
    rc   rootID   mass      avg_loss     score 
    1    138709   8244278   1.6978       335224.4
    59   6621526  905338    1.7737       105482.2
    5    1263676  342947    1.7556       33765.4
    6    1317879  754528    1.6988       31449.7
    44   3229301  724285    1.6889       22950.7
    0    1        824077    1.6733       13331.9
    32   1636047  78207     1.7773       9396.6
    7    1422321  79638     1.7704       9020.1
    15   1539367  34390     1.9160       8901.4
    25   1602731  57242     1.7890       7545.8
    top-10: 26.4% of mass, 86.9% of excess-loss
Epoch 187: loss=1.655718  (21.50 sec, 65 subtrees, 730 chunks, 34623339 nodes)
  residual top-10 (subtree_mass × max(avg_loss − 1.656, 0)):
    rc   rootID   mass      avg_loss     score 
    59   6621526  905338    1.9885       301247.5
    58   6141841  3228512   1.6934       121535.0
    54   5381749  526964    1.7426       45767.5
    61   6828350  809921    1.6941       31074.4
    60   6774952  316779    1.7406       26885.2
    5    1263676  342947    1.7261       24153.5
    44   3229301  724285    1.6772       15523.5
    6    1317879  754528    1.6741       13860.8
    32   1636047  78207     1.7630       8392.6
    15   1539367  34390     1.8990       8365.4
    top-10: 16.9% of mass, 88.0% of excess-loss
Epoch 188: loss=1.688192  (21.51 sec, 65 subtrees, 730 chunks, 34623338 nodes)
  residual top-10 (subtree_mass × max(avg_loss − 1.688, 0)):
    rc   rootID   mass      avg_loss     score 
    58   6141841  3228512   1.8135       404497.6
    59   6621526  905338    2.0350       313952.4
    54   5381749  526964    1.8075       62850.3
    53   4965123  2594188   1.7107       58463.8
    56   5475765  1903021   1.7185       57670.7
    61   6828350  809921    1.7566       55397.9
    60   6774952  316779    1.8256       43534.4
    57   5794595  2162522   1.7061       38658.4
    5    1263676  342947    1.7722       28812.6
    6    1317879  754528    1.7073       14448.7
    top-10: 29.7% of mass, 91.8% of excess-loss
Epoch 189: loss=1.678776  (21.51 sec, 65 subtrees, 730 chunks, 34623339 nodes)
  residual top-10 (subtree_mass × max(avg_loss − 1.679, 0)):
    rc   rootID   mass      avg_loss     score 
    59   6621526  905338    1.9440       240119.8
    1    138709   8244278   1.7010       183217.0
    6    1317879  754528    1.7434       48771.2
    58   6141841  3228512   1.6938       48354.4
    5    1263676  342947    1.8164       47209.8
    60   6774952  316779    1.7399       19357.3
    44   3229301  724285    1.7042       18384.3
    54   5381749  526964    1.7108       16865.3
    61   6828350  809921    1.6932       11716.0
    2    1255301  46307     1.8953       10028.6
    top-10: 34.9% of mass, 86.9% of excess-loss
Epoch 190: loss=1.653691  (21.49 sec, 65 subtrees, 730 chunks, 34623339 nodes)
  residual top-10 (subtree_mass × max(avg_loss − 1.654, 0)):
    rc   rootID   mass      avg_loss     score 
    59   6621526  905338    1.8860       210305.6
    1    138709   8244278   1.6714       146246.9
    5    1263676  342947    1.7290       25821.6
    58   6141841  3228512   1.6611       23897.9
    6    1317879  754528    1.6758       16706.8
    44   3229301  724285    1.6767       16644.4
    54   5381749  526964    1.6838       15862.6
    60   6774952  316779    1.6907       11711.2
    32   1636047  78207     1.7692       9032.5
    15   1539367  34390     1.9076       8731.9
    top-10: 33.2% of mass, 85.1% of excess-loss
Epoch 191: loss=1.655547  (21.49 sec, 65 subtrees, 730 chunks, 34623339 nodes)
  residual top-10 (subtree_mass × max(avg_loss − 1.656, 0)):
    rc   rootID   mass      avg_loss     score 
    59   6621526  905338    2.0133       323923.9
    58   6141841  3228512   1.7013       147863.5
    54   5381749  526964    1.8169       85034.0
    5    1263676  342947    1.7051       16985.5
    44   3229301  724285    1.6775       15864.2
    60   6774952  316779    1.7021       14732.4
    61   6828350  809921    1.6666       8973.9
    15   1539367  34390     1.8931       8167.8
    32   1636047  78207     1.7570       7931.4
    7    1422321  79638     1.7440       7045.5
    top-10: 15.5% of mass, 90.8% of excess-loss
Epoch 192: loss=1.662433  (21.50 sec, 65 subtrees, 730 chunks, 34623339 nodes)
  residual top-10 (subtree_mass × max(avg_loss − 1.662, 0)):
    rc   rootID   mass      avg_loss     score 
    59   6621526  905338    2.1125       407494.1
    58   6141841  3228512   1.7648       330617.6
    54   5381749  526964    1.7676       55439.3
    60   6774952  316779    1.7747       35550.1
    61   6828350  809921    1.6989       29513.8
    5    1263676  342947    1.7076       15504.2
    44   3229301  724285    1.6803       12971.5
    15   1539367  34390     1.8933       7940.4
    32   1636047  78207     1.7555       7275.4
    7    1422321  79638     1.7440       6493.8
    top-10: 15.5% of mass, 94.0% of excess-loss
Epoch 193: loss=1.637575  (21.51 sec, 65 subtrees, 730 chunks, 34623339 nodes)
  residual top-10 (subtree_mass × max(avg_loss − 1.638, 0)):
    rc   rootID   mass      avg_loss     score 
    1    138709   8244278   1.6555       147654.4
    59   6621526  905338    1.7478       99805.1
    5    1263676  342947    1.7090       24478.5
    44   3229301  724285    1.6625       18071.3
    60   6774952  316779    1.6929       17535.0
    6    1317879  754528    1.6604       17244.6
    54   5381749  526964    1.6553       9328.9
    32   1636047  78207     1.7545       9140.8
    15   1539367  34390     1.8956       8872.3
    7    1422321  79638     1.7457       8610.0
    top-10: 26.3% of mass, 80.7% of excess-loss
Epoch 194: loss=1.656449  (21.51 sec, 65 subtrees, 730 chunks, 34623339 nodes)
  residual top-10 (subtree_mass × max(avg_loss − 1.656, 0)):
    rc   rootID   mass      avg_loss     score 
    59   6621526  905338    2.1280       426925.1
    58   6141841  3228512   1.7521       308801.6
    54   5381749  526964    1.8033       77381.7
    5    1263676  342947    1.7482       31451.4
    60   6774952  316779    1.7335       24405.6
    61   6828350  809921    1.6725       13018.5
    44   3229301  724285    1.6727       11764.4
    15   1539367  34390     1.8881       7967.0
    32   1636047  78207     1.7506       7363.9
    7    1422321  79638     1.7413       6755.3
    top-10: 15.5% of mass, 94.1% of excess-loss
Epoch 195: loss=1.651589  (21.51 sec, 65 subtrees, 730 chunks, 34623339 nodes)
  residual top-10 (subtree_mass × max(avg_loss − 1.652, 0)):
    rc   rootID   mass      avg_loss     score 
    59   6621526  905338    2.0143       328392.7
    58   6141841  3228512   1.7022       163474.2
    61   6828350  809921    1.7148       51198.1
    60   6774952  316779    1.7704       37626.6
    54   5381749  526964    1.7119       31768.2
    5    1263676  342947    1.6993       16361.3
    44   3229301  724285    1.6730       15543.5
    15   1539367  34390     1.8912       8239.3
    32   1636047  78207     1.7515       7810.6
    7    1422321  79638     1.7438       7346.7
    top-10: 15.5% of mass, 90.2% of excess-loss
Epoch 196: loss=1.655834  (21.52 sec, 65 subtrees, 730 chunks, 34623339 nodes)
  residual top-10 (subtree_mass × max(avg_loss − 1.656, 0)):
    rc   rootID   mass      avg_loss     score 
    59   6621526  905338    1.8732       196805.0
    1    138709   8244278   1.6731       142366.7
    44   3229301  724285    1.7090       38486.5
    6    1317879  754528    1.7045       36755.1
    58   6141841  3228512   1.6667       35036.3
    5    1263676  342947    1.7549       33968.5
    54   5381749  526964    1.6933       19752.4
    60   6774952  316779    1.7018       14573.7
    32   1636047  78207     1.7718       9072.3
    7    1422321  79638     1.7687       8992.1
    top-10: 33.3% of mass, 84.9% of excess-loss
Epoch 197: loss=1.662234  (21.53 sec, 65 subtrees, 730 chunks, 34623339 nodes)
  residual top-10 (subtree_mass × max(avg_loss − 1.662, 0)):
    rc   rootID   mass      avg_loss     score 
    59   6621526  905338    2.0331       335797.2
    58   6141841  3228512   1.7166       175633.8
    54   5381749  526964    1.8445       96047.9
    5    1263676  342947    1.7725       37825.6
    6    1317879  754528    1.7044       31820.3
    60   6774952  316779    1.7198       18245.0
    44   3229301  724285    1.6801       12915.3
    2    1255301  46307     1.8486       8631.6
    15   1539367  34390     1.9125       8606.6
    32   1636047  78207     1.7694       8377.4
    top-10: 15.3% of mass, 90.3% of excess-loss
Epoch 198: loss=1.643211  (21.49 sec, 65 subtrees, 730 chunks, 34623339 nodes)
  residual top-10 (subtree_mass × max(avg_loss − 1.643, 0)):
    rc   rootID   mass      avg_loss     score 
    59   6621526  905338    1.9049       236956.2
    1    138709   8244278   1.6524       75465.9
    44   3229301  724285    1.7033       43550.2
    58   6141841  3228512   1.6535       33289.0
    60   6774952  316779    1.7229       25246.5
    61   6828350  809921    1.6699       21595.9
    5    1263676  342947    1.7031       20546.9
    32   1636047  78207     1.7520       8507.3
    15   1539367  34390     1.8848       8307.5
    6    1317879  754528    1.6535       7735.0
    top-10: 33.9% of mass, 85.7% of excess-loss
Epoch 199: loss=1.659185  (21.50 sec, 65 subtrees, 730 chunks, 34623339 nodes)
  residual top-10 (subtree_mass × max(avg_loss − 1.659, 0)):
    rc   rootID   mass      avg_loss     score 
    59   6621526  905338    2.1760       467917.8
    58   6141841  3228512   1.7736       369328.6
    54   5381749  526964    1.8000       74208.2
    60   6774952  316779    1.7637       33123.5
    61   6828350  809921    1.6915       26146.1
    5    1263676  342947    1.7008       14263.4
    44   3229301  724285    1.6742       10872.6
    15   1539367  34390     1.8802       7601.8
    32   1636047  78207     1.7486       6994.9
    7    1422321  79638     1.7364       6153.2
    top-10: 15.5% of mass, 94.8% of excess-loss
Epoch 200: loss=1.635126  (21.50 sec, 65 subtrees, 730 chunks, 34623339 nodes)
  residual top-10 (subtree_mass × max(avg_loss − 1.635, 0)):
    rc   rootID   mass      avg_loss     score 
    1    138709   8244278   1.6510       131238.5
    59   6621526  905338    1.7451       99575.8
    44   3229301  724285    1.6963       44330.5
    5    1263676  342947    1.7079       24940.6
    6    1317879  754528    1.6548       14813.1
    40   2098840  473230    1.6583       10977.7
    60   6774952  316779    1.6696       10905.4
    32   1636047  78207     1.7519       9133.1
    15   1539367  34390     1.8859       8625.5
    7    1422321  79638     1.7402       8366.8
    top-10: 26.2% of mass, 83.4% of excess-loss
Epoch 201: loss=1.662559  (21.50 sec, 65 subtrees, 730 chunks, 34623339 nodes)
  residual top-10 (subtree_mass × max(avg_loss − 1.663, 0)):
    rc   rootID   mass      avg_loss     score 
    59   6621526  905338    2.3279       602321.5
    58   6141841  3228512   1.7903       412472.4
    54   5381749  526964    1.8271       86712.7
    61   6828350  809921    1.7476       68887.4
    60   6774952  316779    1.8396       56097.2
    5    1263676  342947    1.7016       13378.0
    15   1539367  34390     1.8791       7446.9
    32   1636047  78207     1.7446       6415.7
    25   1602731  57242     1.7611       5640.3
    7    1422321  79638     1.7317       5504.8
    top-10: 14.0% of mass, 96.1% of excess-loss
Epoch 202: loss=1.635513  (21.50 sec, 65 subtrees, 730 chunks, 34623339 nodes)
  residual top-10 (subtree_mass × max(avg_loss − 1.636, 0)):
    rc   rootID   mass      avg_loss     score 
    1    138709   8244278   1.6657       248535.0
    59   6621526  905338    1.7054       63246.0
    5    1263676  342947    1.7516       39812.0
    6    1317879  754528    1.6856       37808.2
    44   3229301  724285    1.6629       19825.6
    39   1660971  2741100   1.6425       19104.0
    32   1636047  78207     1.7617       9868.1
    7    1422321  79638     1.7537       9415.8
    15   1539367  34390     1.8973       9003.4
    25   1602731  57242     1.7817       8365.8
    top-10: 30.6% of mass, 83.8% of excess-loss
Epoch 203: loss=1.642219  (21.51 sec, 65 subtrees, 730 chunks, 34623339 nodes)
  residual top-10 (subtree_mass × max(avg_loss − 1.642, 0)):
    rc   rootID   mass      avg_loss     score 
    59   6621526  905338    2.0851       400923.6
    58   6141841  3228512   1.6762       109823.0
    60   6774952  316779    1.7646       38769.6
    54   5381749  526964    1.7140       37800.8
    61   6828350  809921    1.6871       36322.3
    5    1263676  342947    1.7058       21800.9
    44   3229301  724285    1.6585       11775.4
    15   1539367  34390     1.8773       8082.8
    32   1636047  78207     1.7450       8038.0
    7    1422321  79638     1.7358       7455.7
    top-10: 15.5% of mass, 90.6% of excess-loss
Epoch 204: loss=1.647874  (21.51 sec, 65 subtrees, 730 chunks, 34623339 nodes)
  residual top-10 (subtree_mass × max(avg_loss − 1.648, 0)):
    rc   rootID   mass      avg_loss     score 
    59   6621526  905338    1.9727       294055.0
    58   6141841  3228512   1.7152       217398.3
    54   5381749  526964    1.7721       65475.0
    61   6828350  809921    1.7039       45390.1
    60   6774952  316779    1.7630       36473.8
    44   3229301  724285    1.6915       31566.4
    5    1263676  342947    1.6966       16709.4
    15   1539367  34390     1.8783       7925.7
    32   1636047  78207     1.7432       7455.4
    7    1422321  79638     1.7313       6646.0
    top-10: 15.5% of mass, 92.4% of excess-loss
Epoch 205: loss=1.637943  (21.50 sec, 65 subtrees, 730 chunks, 34623339 nodes)
  residual top-10 (subtree_mass × max(avg_loss − 1.638, 0)):
    rc   rootID   mass      avg_loss     score 
    59   6621526  905338    1.8537       195328.0
    1    138709   8244278   1.6544       135927.6
    58   6141841  3228512   1.6608       73655.2
    5    1263676  342947    1.7298       31510.4
    44   3229301  724285    1.6793       29958.0
    54   5381749  526964    1.6883       26520.5
    6    1317879  754528    1.6651       20507.6
    60   6774952  316779    1.7008       19927.4
    61   6828350  809921    1.6535       12575.6
    32   1636047  78207     1.7467       8503.2
    top-10: 34.9% of mass, 86.6% of excess-loss
Epoch 206: loss=1.635531  (21.50 sec, 65 subtrees, 730 chunks, 34623339 nodes)
  residual top-10 (subtree_mass × max(avg_loss − 1.636, 0)):
    rc   rootID   mass      avg_loss     score 
    59   6621526  905338    1.9000       239439.9
    58   6141841  3228512   1.6599       78525.0
    54   5381749  526964    1.6896       28480.7
    44   3229301  724285    1.6696       24643.9
    60   6774952  316779    1.7132       24613.3
    61   6828350  809921    1.6637       22839.5
    5    1263676  342947    1.7003       22216.9
    15   1539367  34390     1.8878       8674.3
    32   1636047  78207     1.7451       8568.2
    7    1422321  79638     1.7329       7752.3
    top-10: 15.5% of mass, 85.0% of excess-loss
Epoch 207: loss=1.644135  (21.49 sec, 65 subtrees, 730 chunks, 34623339 nodes)
  residual top-10 (subtree_mass × max(avg_loss − 1.644, 0)):
    rc   rootID   mass      avg_loss     score 
    59   6621526  905338    1.9861       309570.0
    58   6141841  3228512   1.7070       203020.1
    54   5381749  526964    1.8623       114958.0
    60   6774952  316779    1.6967       16655.5
    5    1263676  342947    1.6888       15325.8
    44   3229301  724285    1.6640       14393.5
    61   6828350  809921    1.6550       8764.0
    15   1539367  34390     1.8760       7972.3
    32   1636047  78207     1.7409       7569.6
    7    1422321  79638     1.7264       6549.0
    top-10: 15.5% of mass, 91.8% of excess-loss
Epoch 208: loss=1.623143  (21.49 sec, 65 subtrees, 730 chunks, 34623339 nodes)
  residual top-10 (subtree_mass × max(avg_loss − 1.623, 0)):
    rc   rootID   mass      avg_loss     score 
    1    138709   8244278   1.6374       117488.8
    59   6621526  905338    1.7261       93232.2
    5    1263676  342947    1.6994       26144.8
    44   3229301  724285    1.6567       24313.2
    6    1317879  754528    1.6441       15789.3
    54   5381749  526964    1.6525       15479.1
    58   6141841  3228512   1.6271       12805.7
    32   1636047  78207     1.7400       9139.9
    15   1539367  34390     1.8759       8692.5
    7    1422321  79638     1.7290       8429.9
    top-10: 32.7% of mass, 79.1% of excess-loss
Epoch 209: loss=1.630961  (21.48 sec, 65 subtrees, 730 chunks, 34623339 nodes)
  residual top-10 (subtree_mass × max(avg_loss − 1.631, 0)):
    rc   rootID   mass      avg_loss     score 
    59   6621526  905338    1.9360       276144.6
    58   6141841  3228512   1.6608       96214.9
    54   5381749  526964    1.7112       42293.8
    60   6774952  316779    1.7163       27048.6
    5    1263676  342947    1.7083       26529.9
    61   6828350  809921    1.6626       25594.2
    44   3229301  724285    1.6613       22008.2
    6    1317879  754528    1.6442       9971.1
    15   1539367  34390     1.8797       8553.8
    32   1636047  78207     1.7398       8508.3
    top-10: 16.9% of mass, 87.1% of excess-loss
Epoch 210: loss=1.632279  (21.48 sec, 65 subtrees, 730 chunks, 34623339 nodes)
  residual top-10 (subtree_mass × max(avg_loss − 1.632, 0)):
    rc   rootID   mass      avg_loss     score 
    59   6621526  905338    1.9568       293758.0
    58   6141841  3228512   1.6647       104773.1
    54   5381749  526964    1.7429       58307.6
    44   3229301  724285    1.6694       26886.5
    5    1263676  342947    1.6911       20181.5
    60   6774952  316779    1.6828       16019.2
    15   1539367  34390     1.8696       8162.9
    32   1636047  78207     1.7358       8098.6
    7    1422321  79638     1.7232       7240.1
    25   1602731  57242     1.7517       6838.5
    top-10: 13.8% of mass, 88.8% of excess-loss
Epoch 211: loss=1.662009  (21.49 sec, 65 subtrees, 730 chunks, 34623339 nodes)
  residual top-10 (subtree_mass × max(avg_loss − 1.662, 0)):
    rc   rootID   mass      avg_loss     score 
    59   6621526  905338    2.4056       673237.6
    58   6141841  3228512   1.8031       455358.1
    61   6828350  809921    1.8554       156652.5
    60   6774952  316779    2.0440       120995.0
    54   5381749  526964    1.7705       57163.7
    63   6960510  648078    1.7429       52446.5
    5    1263676  342947    1.6939       10952.6
    15   1539367  34390     1.8681       7086.1
    32   1636047  78207     1.7332       5568.5
    62   6953395  38641     1.8057       5553.4
    top-10: 15.2% of mass, 96.8% of excess-loss
Epoch 212: loss=1.655300  (21.51 sec, 65 subtrees, 730 chunks, 34623339 nodes)
  residual top-10 (subtree_mass × max(avg_loss − 1.655, 0)):
    rc   rootID   mass      avg_loss     score 
    1    138709   8244278   1.7079       433284.6
    6    1317879  754528    1.7371       61686.4
    5    1263676  342947    1.8071       52047.9
    59   6621526  905338    1.7101       49604.9
    39   1660971  2741100   1.6688       37028.3
    0    1        824077    1.6979       35099.2
    44   3229301  724285    1.6826       19764.1
    8    1439897  392288    1.6901       13634.2
    7    1422321  79638     1.7947       11099.5
    32   1636047  78207     1.7865       10258.8
    top-10: 33.1% of mass, 87.4% of excess-loss
Epoch 213: loss=1.632998  (21.52 sec, 65 subtrees, 730 chunks, 34623339 nodes)
  residual top-10 (subtree_mass × max(avg_loss − 1.633, 0)):
    rc   rootID   mass      avg_loss     score 
    59   6621526  905338    1.8495       195987.1
    58   6141841  3228512   1.6479       48009.8
    1    138709   8244278   1.6375       37044.8
    54   5381749  526964    1.6873       28613.4
    44   3229301  724285    1.6686       25749.5
    5    1263676  342947    1.6969       21903.3
    60   6774952  316779    1.6899       18039.7
    61   6828350  809921    1.6464       10884.3
    6    1317879  754528    1.6472       10739.0
    32   1636047  78207     1.7450       8761.2
    top-10: 34.9% of mass, 81.6% of excess-loss
Epoch 214: loss=1.642834  (21.51 sec, 65 subtrees, 730 chunks, 34623339 nodes)
  residual top-10 (subtree_mass × max(avg_loss − 1.643, 0)):
    rc   rootID   mass      avg_loss     score 
    59   6621526  905338    1.9131       244675.7
    58   6141841  3228512   1.6881       146256.2
    44   3229301  724285    1.7037       44083.4
    5    1263676  342947    1.7114       23519.5
    60   6774952  316779    1.7159       23152.7
    61   6828350  809921    1.6668       19395.8
    54   5381749  526964    1.6683       13432.3
    6    1317879  754528    1.6554       9489.9
    32   1636047  78207     1.7462       8080.4
    15   1539367  34390     1.8758       8012.9
    top-10: 16.9% of mass, 87.3% of excess-loss
Epoch 215: loss=1.631474  (21.51 sec, 65 subtrees, 730 chunks, 34623339 nodes)
  residual top-10 (subtree_mass × max(avg_loss − 1.631, 0)):
    rc   rootID   mass      avg_loss     score 
    59   6621526  905338    1.8447       193042.0
    1    138709   8244278   1.6436       99862.1
    58   6141841  3228512   1.6483       54409.4
    5    1263676  342947    1.7194       30143.5
    54   5381749  526964    1.6743       22547.5
    60   6774952  316779    1.6915       19018.8
    6    1317879  754528    1.6561       18550.4
    44   3229301  724285    1.6540       16312.4
    32   1636047  78207     1.7440       8801.0
    15   1539367  34390     1.8810       8580.7
    top-10: 33.2% of mass, 83.8% of excess-loss
Epoch 216: loss=1.624144  (21.50 sec, 65 subtrees, 730 chunks, 34623339 nodes)
  residual top-10 (subtree_mass × max(avg_loss − 1.624, 0)):
    rc   rootID   mass      avg_loss     score 
    59   6621526  905338    1.8135       171442.0
    1    138709   8244278   1.6295       43944.5
    58   6141841  3228512   1.6350       35112.5
    44   3229301  724285    1.6599       25913.3
    54   5381749  526964    1.6721       25270.9
    5    1263676  342947    1.6956       24518.0
    60   6774952  316779    1.6737       15713.1
    6    1317879  754528    1.6401       12012.3
    32   1636047  78207     1.7367       8800.4
    61   6828350  809921    1.6349       8745.0
    top-10: 34.9% of mass, 79.7% of excess-loss
Epoch 217: loss=1.643821  (21.50 sec, 65 subtrees, 730 chunks, 34623338 nodes)
  residual top-10 (subtree_mass × max(avg_loss − 1.644, 0)):
    rc   rootID   mass      avg_loss     score 
    59   6621526  905338    2.1097       421756.9
    58   6141841  3228512   1.7466       331701.1
    54   5381749  526964    1.8506       108978.4
    61   6828350  809921    1.6918       38879.0
    60   6774952  316779    1.7576       36053.4
    5    1263676  342947    1.6848       14054.3
    15   1539367  34390     1.8708       7804.3
    44   3229301  724285    1.6535       7010.3
    32   1636047  78207     1.7308       6798.9
    25   1602731  57242     1.7518       6179.1
    top-10: 15.4% of mass, 94.6% of excess-loss
Epoch 218: loss=1.629326  (21.52 sec, 65 subtrees, 730 chunks, 34623339 nodes)
  residual top-10 (subtree_mass × max(avg_loss − 1.629, 0)):
    rc   rootID   mass      avg_loss     score 
    59   6621526  905338    1.8246       176771.5
    1    138709   8244278   1.6414       99519.4
    58   6141841  3228512   1.6427       43255.5
    44   3229301  724285    1.6757       33584.2
    5    1263676  342947    1.7182       30484.7
    6    1317879  754528    1.6563       20345.8
    54   5381749  526964    1.6646       18599.6
    60   6774952  316779    1.6727       13732.9
    32   1636047  78207     1.7409       8723.5
    15   1539367  34390     1.8787       8577.5
    top-10: 33.2% of mass, 83.8% of excess-loss
Epoch 219: loss=1.627426  (21.51 sec, 65 subtrees, 730 chunks, 34623339 nodes)
  residual top-10 (subtree_mass × max(avg_loss − 1.627, 0)):
    rc   rootID   mass      avg_loss     score 
    59   6621526  905338    1.9198       264687.6
    58   6141841  3228512   1.6616       110465.5
    54   5381749  526964    1.7119       44535.7
    5    1263676  342947    1.6883       20886.8
    44   3229301  724285    1.6524       18058.6
    60   6774952  316779    1.6840       17909.1
    61   6828350  809921    1.6435       13055.0
    15   1539367  34390     1.8730       8446.0
    32   1636047  78207     1.7331       8262.9
    7    1422321  79638     1.7218       7516.0
    top-10: 15.5% of mass, 87.2% of excess-loss
Epoch 220: loss=1.646892  (21.50 sec, 65 subtrees, 730 chunks, 34623339 nodes)
  residual top-10 (subtree_mass × max(avg_loss − 1.647, 0)):
    rc   rootID   mass      avg_loss     score 
    59   6621526  905338    2.0573       371543.2
    58   6141841  3228512   1.7508       335491.1
    61   6828350  809921    1.7045       46618.0
    60   6774952  316779    1.7794       41965.3
    54   5381749  526964    1.7165       36657.0
    5    1263676  342947    1.7165       23872.2
    15   1539367  34390     1.8784       7962.4
    32   1636047  78207     1.7392       7221.3
    7    1422321  79638     1.7343       6961.5
    25   1602731  57242     1.7607       6512.8
    top-10: 14.0% of mass, 92.8% of excess-loss
Epoch 221: loss=1.631970  (21.51 sec, 65 subtrees, 730 chunks, 34623339 nodes)
  residual top-10 (subtree_mass × max(avg_loss − 1.632, 0)):
    rc   rootID   mass      avg_loss     score 
    1    138709   8244278   1.6591       223792.4
    59   6621526  905338    1.7710       125881.2
    5    1263676  342947    1.7222       30958.1
    6    1317879  754528    1.6624       22954.5
    44   3229301  724285    1.6602       20453.2
    7    1422321  79638     1.8002       13394.7
    54   5381749  526964    1.6568       13064.1
    60   6774952  316779    1.6715       12525.8
    32   1636047  78207     1.7468       8980.4
    15   1539367  34390     1.8930       8977.9
    top-10: 26.3% of mass, 84.8% of excess-loss
Epoch 222: loss=1.634216  (21.50 sec, 65 subtrees, 730 chunks, 34623339 nodes)
  residual top-10 (subtree_mass × max(avg_loss − 1.634, 0)):
    rc   rootID   mass      avg_loss     score 
    59   6621526  905338    2.0752       399246.8
    58   6141841  3228512   1.6661       102819.7
    61   6828350  809921    1.6965       50476.9
    60   6774952  316779    1.7876       48598.0
    54   5381749  526964    1.6835       25973.9
    5    1263676  342947    1.6957       21077.6
    44   3229301  724285    1.6548       14899.6
    7    1422321  79638     1.7689       10725.0
    15   1539367  34390     1.8818       8516.1
    32   1636047  78207     1.7324       7679.8
    top-10: 15.5% of mass, 91.2% of excess-loss
Epoch 223: loss=1.656659  (21.51 sec, 65 subtrees, 730 chunks, 34623339 nodes)
  residual top-10 (subtree_mass × max(avg_loss − 1.657, 0)):
    rc   rootID   mass      avg_loss     score 
    58   6141841  3228512   1.7617       339079.7
    59   6621526  905338    1.9571       271986.1
    54   5381749  526964    1.8799       117623.1
    57   5794595  2162522   1.6704       29786.1
    44   3229301  724285    1.6894       23681.3
    5    1263676  342947    1.7168       20622.8
    56   5475765  1903021   1.6637       13474.4
    60   6774952  316779    1.6879       9887.0
    15   1539367  34390     1.8789       7641.7
    32   1636047  78207     1.7384       6395.5
    top-10: 22.4% of mass, 92.1% of excess-loss
Epoch 224: loss=1.635948  (21.52 sec, 65 subtrees, 730 chunks, 34623339 nodes)
  residual top-10 (subtree_mass × max(avg_loss − 1.636, 0)):
    rc   rootID   mass      avg_loss     score 
    59   6621526  905338    1.7701       121441.3
    1    138709   8244278   1.6483       101691.0
    44   3229301  724285    1.6819       33292.0
    5    1263676  342947    1.7321       32969.7
    6    1317879  754528    1.6769       30874.5
    60   6774952  316779    1.6873       16255.9
    7    1422321  79638     1.7571       9650.4
    32   1636047  78207     1.7559       9380.2
    15   1539367  34390     1.8947       8898.2
    25   1602731  57242     1.7709       7722.3
    top-10: 25.3% of mass, 79.0% of excess-loss
Epoch 225: loss=1.659164  (21.50 sec, 65 subtrees, 730 chunks, 34623339 nodes)
  residual top-10 (subtree_mass × max(avg_loss − 1.659, 0)):
    rc   rootID   mass      avg_loss     score 
    59   6621526  905338    2.0016       310034.7
    58   6141841  3228512   1.7284       223397.2
    54   5381749  526964    1.8008       74661.4
    60   6774952  316779    1.7975       43829.1
    44   3229301  724285    1.7187       43140.4
    61   6828350  809921    1.7114       42310.4
    57   5794595  2162522   1.6773       39244.6
    5    1263676  342947    1.7031       15068.8
    53   4965123  2594188   1.6629       9617.9
    49   4172773  263541    1.6901       8142.4
    top-10: 26.0% of mass, 91.6% of excess-loss
Epoch 226: loss=1.648611  (21.50 sec, 65 subtrees, 730 chunks, 34623339 nodes)
  residual top-10 (subtree_mass × max(avg_loss − 1.649, 0)):
    rc   rootID   mass      avg_loss     score 
    1    138709   8244278   1.6718       191494.5
    59   6621526  905338    1.7754       114806.3
    5    1263676  342947    1.7391       31024.6
    6    1317879  754528    1.6881       29814.2
    44   3229301  724285    1.6763       20057.3
    58   6141841  3228512   1.6547       19579.9
    39   1660971  2741100   1.6549       17316.1
    32   1636047  78207     1.7704       9521.6
    7    1422321  79638     1.7621       9039.6
    15   1539367  34390     1.9010       8679.7
    top-10: 37.6% of mass, 82.4% of excess-loss
Epoch 227: loss=1.630852  (21.51 sec, 65 subtrees, 730 chunks, 34623339 nodes)
  residual top-10 (subtree_mass × max(avg_loss − 1.631, 0)):
    rc   rootID   mass      avg_loss     score 
    59   6621526  905338    1.7653       121701.2
    1    138709   8244278   1.6412       85110.8
    44   3229301  724285    1.6926       44690.8
    5    1263676  342947    1.7066       25970.7
    58   6141841  3228512   1.6349       13166.1
    6    1317879  754528    1.6472       12318.9
    32   1636047  78207     1.7442       8868.5
    15   1539367  34390     1.8802       8573.9
    7    1422321  79638     1.7334       8163.7
    25   1602731  57242     1.7645       7649.1
    top-10: 31.7% of mass, 80.0% of excess-loss
Epoch 228: loss=1.635362  (21.52 sec, 65 subtrees, 730 chunks, 34623339 nodes)
  residual top-10 (subtree_mass × max(avg_loss − 1.635, 0)):
    rc   rootID   mass      avg_loss     score 
    59   6621526  905338    1.9245       261742.1
    58   6141841  3228512   1.6489       43821.2
    5    1263676  342947    1.7329       33443.0
    44   3229301  724285    1.6802       32486.8
    60   6774952  316779    1.7183       26280.8
    54   5381749  526964    1.6845       25901.6
    61   6828350  809921    1.6664       25137.6
    6    1317879  754528    1.6662       23280.7
    7    1422321  79638     1.7515       9246.5
    15   1539367  34390     1.8949       8924.7
    top-10: 16.9% of mass, 85.0% of excess-loss
Epoch 229: loss=1.629973  (21.50 sec, 65 subtrees, 730 chunks, 34623339 nodes)
  residual top-10 (subtree_mass × max(avg_loss − 1.630, 0)):
    rc   rootID   mass      avg_loss     score 
    59   6621526  905338    1.8791       225500.0
    1    138709   8244278   1.6360       49372.6
    58   6141841  3228512   1.6449       48290.9
    54   5381749  526964    1.7097       42023.2
    5    1263676  342947    1.7065       26261.2
    44   3229301  724285    1.6658       25921.6
    6    1317879  754528    1.6476       13305.1
    60   6774952  316779    1.6712       13075.5
    7    1422321  79638     1.7385       8644.8
    15   1539367  34390     1.8804       8613.9
    top-10: 33.3% of mass, 84.7% of excess-loss
Epoch 230: loss=1.640202  (21.51 sec, 65 subtrees, 730 chunks, 34623339 nodes)
  residual top-10 (subtree_mass × max(avg_loss − 1.640, 0)):
    rc   rootID   mass      avg_loss     score 
    59   6621526  905338    2.0529       373647.4
    58   6141841  3228512   1.7141       238725.4
    54   5381749  526964    1.7810       74203.2
    61   6828350  809921    1.6841       35525.4
    60   6774952  316779    1.7477       34067.6
    5    1263676  342947    1.6890       16745.3
    44   3229301  724285    1.6559       11352.7
    15   1539367  34390     1.8725       7989.8
    32   1636047  78207     1.7332       7274.7
    7    1422321  79638     1.7304       7179.9
    top-10: 15.5% of mass, 93.2% of excess-loss
Epoch 231: loss=1.625557  (21.51 sec, 65 subtrees, 730 chunks, 34623339 nodes)
  residual top-10 (subtree_mass × max(avg_loss − 1.626, 0)):
    rc   rootID   mass      avg_loss     score 
    59   6621526  905338    1.8281       183370.0
    1    138709   8244278   1.6428       142288.9
    58   6141841  3228512   1.6369       36673.6
    5    1263676  342947    1.7027       26459.5
    6    1317879  754528    1.6518       19775.8
    44   3229301  724285    1.6449       13974.2
    60   6774952  316779    1.6579       10249.8
    7    1422321  79638     1.7375       8915.3
    32   1636047  78207     1.7392       8884.6
    15   1539367  34390     1.8817       8808.5
    top-10: 32.3% of mass, 85.6% of excess-loss
Epoch 232: loss=1.620074  (21.52 sec, 65 subtrees, 730 chunks, 34623339 nodes)
  residual top-10 (subtree_mass × max(avg_loss − 1.620, 0)):
    rc   rootID   mass      avg_loss     score 
    59   6621526  905338    1.8078       169995.9
    58   6141841  3228512   1.6351       48580.4
    1    138709   8244278   1.6251       41253.9
    54   5381749  526964    1.6794       31252.1
    44   3229301  724285    1.6541       24630.0
    5    1263676  342947    1.6850       22278.1
    40   2098840  473230    1.6385       8719.4
    32   1636047  78207     1.7295       8555.7
    15   1539367  34390     1.8674       8506.2
    60   6774952  316779    1.6461       8249.1
    top-10: 32.6% of mass, 81.2% of excess-loss
Epoch 233: loss=1.645990  (21.48 sec, 65 subtrees, 730 chunks, 34623339 nodes)
  residual top-10 (subtree_mass × max(avg_loss − 1.646, 0)):
    rc   rootID   mass      avg_loss     score 
    59   6621526  905338    2.1687       473239.5
    58   6141841  3228512   1.7653       385282.9
    54   5381749  526964    1.8393       101850.6
    60   6774952  316779    1.7893       45403.7
    61   6828350  809921    1.6938       38727.2
    44   3229301  724285    1.6783       23412.1
    5    1263676  342947    1.6768       10573.5
    15   1539367  34390     1.8682       7641.6
    32   1636047  78207     1.7281       6422.2
    7    1422321  79638     1.7200       5893.2
    top-10: 15.5% of mass, 95.5% of excess-loss
Epoch 234: loss=1.621247  (21.49 sec, 65 subtrees, 730 chunks, 34623339 nodes)
  residual top-10 (subtree_mass × max(avg_loss − 1.621, 0)):
    rc   rootID   mass      avg_loss     score 
    59   6621526  905338    1.7867       149791.1
    1    138709   8244278   1.6392       147706.8
    58   6141841  3228512   1.6348       43797.5
    5    1263676  342947    1.6972       26055.2
    6    1317879  754528    1.6461       18784.0
    44   3229301  724285    1.6464       18209.8
    54   5381749  526964    1.6535       16970.3
    60   6774952  316779    1.6622       12987.4
    32   1636047  78207     1.7349       8887.4
    7    1422321  79638     1.7323       8845.8
    top-10: 33.3% of mass, 83.8% of excess-loss
Epoch 235: loss=1.617633  (21.49 sec, 65 subtrees, 730 chunks, 34623339 nodes)
  residual top-10 (subtree_mass × max(avg_loss − 1.618, 0)):
    rc   rootID   mass      avg_loss     score 
    59   6621526  905338    1.8626       221806.8
    1    138709   8244278   1.6242       54367.1
    58   6141841  3228512   1.6313       43973.1
    54   5381749  526964    1.6736       29469.3
    44   3229301  724285    1.6437       18867.0
    5    1263676  342947    1.6726       18847.2
    60   6774952  316779    1.6652       15073.0
    15   1539367  34390     1.8670       8576.3
    32   1636047  78207     1.7261       8482.2
    7    1422321  79638     1.7206       8200.2
    top-10: 31.8% of mass, 83.8% of excess-loss
Epoch 236: loss=1.647480  (21.50 sec, 65 subtrees, 730 chunks, 34623339 nodes)
  residual top-10 (subtree_mass × max(avg_loss − 1.647, 0)):
    rc   rootID   mass      avg_loss     score 
    58   6141841  3228512   1.7520       337574.8
    59   6621526  905338    1.9303       256085.9
    54   5381749  526964    1.9905       180782.6
    44   3229301  724285    1.7162       49737.8
    57   5794595  2162522   1.6567       20046.6
    49   4172773  263541    1.7040       14886.4
    60   6774952  316779    1.6763       9125.6
    56   5475765  1903021   1.6518       8221.6
    5    1263676  342947    1.6711       8116.3
    47   3809957  2279927   1.6508       7681.8
    top-10: 27.8% of mass, 92.4% of excess-loss
Epoch 237: loss=1.609202  (21.49 sec, 65 subtrees, 730 chunks, 34623339 nodes)
  residual top-10 (subtree_mass × max(avg_loss − 1.609, 0)):
    rc   rootID   mass      avg_loss     score 
    1    138709   8244278   1.6303       173772.6
    59   6621526  905338    1.6522       38963.3
    5    1263676  342947    1.6848       25930.4
    44   3229301  724285    1.6399       22247.0
    6    1317879  754528    1.6347       19269.2
    39   1660971  2741100   1.6136       12077.9
    32   1636047  78207     1.7288       9351.7
    7    1422321  79638     1.7248       9206.5
    15   1539367  34390     1.8671       8869.8
    25   1602731  57242     1.7474       7909.0
    top-10: 30.6% of mass, 80.7% of excess-loss
Epoch 238: loss=1.636551  (21.48 sec, 65 subtrees, 730 chunks, 34623339 nodes)
  residual top-10 (subtree_mass × max(avg_loss − 1.637, 0)):
    rc   rootID   mass      avg_loss     score 
    59   6621526  905338    2.0631       386169.2
    58   6141841  3228512   1.7207       271803.2
    54   5381749  526964    1.7919       81878.0
    61   6828350  809921    1.6855       39672.0
    57   5794595  2162522   1.6545       38800.1
    60   6774952  316779    1.7498       35862.7
    44   3229301  724285    1.6802       31624.8
    5    1263676  342947    1.6791       14594.3
    15   1539367  34390     1.8568       7573.8
    32   1636047  78207     1.7226       6728.8
    top-10: 20.0% of mass, 93.6% of excess-loss
Epoch 239: loss=1.628339  (21.50 sec, 65 subtrees, 730 chunks, 34623339 nodes)
  residual top-10 (subtree_mass × max(avg_loss − 1.628, 0)):
    rc   rootID   mass      avg_loss     score 
    1    138709   8244278   1.6438       127293.5
    59   6621526  905338    1.7602       119344.9
    5    1263676  342947    1.7405       38461.3
    6    1317879  754528    1.6701       31510.5
    58   6141841  3228512   1.6373       28905.6
    44   3229301  724285    1.6639       25783.8
    54   5381749  526964    1.6526       12791.9
    7    1422321  79638     1.7480       9527.4
    32   1636047  78207     1.7450       9125.3
    15   1539367  34390     1.8892       8970.9
    top-10: 32.7% of mass, 82.0% of excess-loss
Epoch 240: loss=1.615546  (21.49 sec, 65 subtrees, 730 chunks, 34623339 nodes)
  residual top-10 (subtree_mass × max(avg_loss − 1.616, 0)):
    rc   rootID   mass      avg_loss     score 
    59   6621526  905338    1.7718       141487.1
    1    138709   8244278   1.6240       69660.4
    44   3229301  724285    1.6493       24479.5
    54   5381749  526964    1.6547       20613.7
    58   6141841  3228512   1.6219       20535.5
    5    1263676  342947    1.6749       20348.0
    60   6774952  316779    1.6636       15210.1
    6    1317879  754528    1.6280       9359.9
    15   1539367  34390     1.8706       8770.7
    32   1636047  78207     1.7276       8762.9
    top-10: 33.2% of mass, 78.1% of excess-loss
Epoch 241: loss=1.616811  (21.49 sec, 65 subtrees, 730 chunks, 34623339 nodes)
  residual top-10 (subtree_mass × max(avg_loss − 1.617, 0)):
    rc   rootID   mass      avg_loss     score 
    59   6621526  905338    1.8918       248964.1
    58   6141841  3228512   1.6328       51726.2
    60   6774952  316779    1.6915       23669.6
    54   5381749  526964    1.6575       21438.3
    5    1263676  342947    1.6744       19754.9
    1    138709   8244278   1.6192       19617.7
    44   3229301  724285    1.6428       18801.6
    61   6828350  809921    1.6396       18429.0
    15   1539367  34390     1.8659       8567.5
    32   1636047  78207     1.7260       8535.8
    top-10: 33.4% of mass, 83.9% of excess-loss
Epoch 242: loss=1.629828  (21.50 sec, 65 subtrees, 730 chunks, 34623339 nodes)
  residual top-10 (subtree_mass × max(avg_loss − 1.630, 0)):
    rc   rootID   mass      avg_loss     score 
    58   6141841  3228512   1.7268       312976.1
    59   6621526  905338    1.9707       308570.5
    54   5381749  526964    1.8154       97796.2
    60   6774952  316779    1.6872       18160.2
    61   6828350  809921    1.6509       17034.1
    5    1263676  342947    1.6730       14814.8
    15   1539367  34390     1.8617       7973.8
    32   1636047  78207     1.7238       7347.4
    44   3229301  724285    1.6395       7017.6
    7    1422321  79638     1.7132       6643.1
    top-10: 15.5% of mass, 93.2% of excess-loss
Epoch 243: loss=1.613307  (21.51 sec, 65 subtrees, 730 chunks, 34623339 nodes)
  residual top-10 (subtree_mass × max(avg_loss − 1.613, 0)):
    rc   rootID   mass      avg_loss     score 
    1    138709   8244278   1.6328       161098.7
    59   6621526  905338    1.6748       55644.6
    5    1263676  342947    1.6909       26612.6
    6    1317879  754528    1.6454       24218.5
    44   3229301  724285    1.6442       22381.0
    54   5381749  526964    1.6470       17750.8
    39   1660971  2741100   1.6172       10623.9
    32   1636047  78207     1.7351       9526.7
    7    1422321  79638     1.7273       9076.1
    15   1539367  34390     1.8755       9017.5
    top-10: 31.7% of mass, 80.0% of excess-loss
Epoch 244: loss=1.615529  (21.49 sec, 65 subtrees, 730 chunks, 34623339 nodes)
  residual top-10 (subtree_mass × max(avg_loss − 1.616, 0)):
    rc   rootID   mass      avg_loss     score 
    59   6621526  905338    1.8570       218589.5
    58   6141841  3228512   1.6516       116320.0
    54   5381749  526964    1.7031       46139.5
    44   3229301  724285    1.6526       26814.9
    5    1263676  342947    1.6693       18435.1
    60   6774952  316779    1.6575       13286.6
    15   1539367  34390     1.8639       8542.8
    32   1636047  78207     1.7233       8426.6
    7    1422321  79638     1.7104       7552.7
    25   1602731  57242     1.7359       6887.7
    top-10: 13.8% of mass, 86.7% of excess-loss
Epoch 245: loss=1.612522  (21.48 sec, 65 subtrees, 730 chunks, 34623339 nodes)
  residual top-10 (subtree_mass × max(avg_loss − 1.613, 0)):
    rc   rootID   mass      avg_loss     score 
    59   6621526  905338    1.7502       124605.1
    1    138709   8244278   1.6180       45167.9
    58   6141841  3228512   1.6240       37098.6
    44   3229301  724285    1.6521       28671.3
    5    1263676  342947    1.6774       22262.1
    54   5381749  526964    1.6546       22193.4
    60   6774952  316779    1.6555       13601.1
    40   2098840  473230    1.6336       9958.6
    6    1317879  754528    1.6246       9110.5
    15   1539367  34390     1.8641       8652.6
    top-10: 34.1% of mass, 77.4% of excess-loss
Epoch 246: loss=1.620082  (21.50 sec, 65 subtrees, 730 chunks, 34623339 nodes)
  residual top-10 (subtree_mass × max(avg_loss − 1.620, 0)):
    rc   rootID   mass      avg_loss     score 
    59   6621526  905338    1.9841       329599.0
    58   6141841  3228512   1.6495       94817.8
    54   5381749  526964    1.7064       45495.8
    60   6774952  316779    1.7186       31220.7
    61   6828350  809921    1.6561       29144.1
    5    1263676  342947    1.6694       16923.4
    44   3229301  724285    1.6394       14022.7
    15   1539367  34390     1.8665       8473.5
    32   1636047  78207     1.7218       7951.4
    7    1422321  79638     1.7114       7273.2
    top-10: 15.5% of mass, 90.1% of excess-loss
Epoch 247: loss=1.611217  (21.50 sec, 65 subtrees, 730 chunks, 34623339 nodes)
  residual top-10 (subtree_mass × max(avg_loss − 1.611, 0)):
    rc   rootID   mass      avg_loss     score 
    59   6621526  905338    1.7651       139334.5
    1    138709   8244278   1.6231       97575.7
    44   3229301  724285    1.6503       28305.6
    5    1263676  342947    1.6916       27575.7
    6    1317879  754528    1.6346       17649.1
    60   6774952  316779    1.6641       16765.1
    58   6141841  3228512   1.6149       11741.3
    7    1422321  79638     1.7231       8906.4
    32   1636047  78207     1.7243       8840.2
    15   1539367  34390     1.8652       8733.7
    top-10: 32.3% of mass, 80.6% of excess-loss
Epoch 248: loss=1.616643  (21.49 sec, 65 subtrees, 730 chunks, 34623339 nodes)
  residual top-10 (subtree_mass × max(avg_loss − 1.617, 0)):
    rc   rootID   mass      avg_loss     score 
    59   6621526  905338    1.9180       272832.7
    58   6141841  3228512   1.6532       117988.2
    54   5381749  526964    1.7029       45464.3
    44   3229301  724285    1.6481       22792.6
    60   6774952  316779    1.6842       21386.8
    5    1263676  342947    1.6706       18491.8
    61   6828350  809921    1.6327       13028.3
    15   1539367  34390     1.8587       8323.1
    32   1636047  78207     1.7186       7974.2
    7    1422321  79638     1.7124       7629.3
    top-10: 15.5% of mass, 88.0% of excess-loss
Epoch 249: loss=1.612772  (21.51 sec, 65 subtrees, 730 chunks, 34623339 nodes)
  residual top-10 (subtree_mass × max(avg_loss − 1.613, 0)):
    rc   rootID   mass      avg_loss     score 
    59   6621526  905338    1.8639       227355.1
    58   6141841  3228512   1.6365       76448.3
    1    138709   8244278   1.6171       35696.5
    61   6828350  809921    1.6458       26729.4
    60   6774952  316779    1.6961       26410.6
    54   5381749  526964    1.6562       22876.0
    44   3229301  724285    1.6411       20543.1
    5    1263676  342947    1.6720       20297.6
    15   1539367  34390     1.8575       8414.9
    32   1636047  78207     1.7180       8228.2
    top-10: 33.4% of mass, 85.1% of excess-loss
Epoch 250: loss=1.624892  (21.49 sec, 65 subtrees, 730 chunks, 34623339 nodes)
  residual top-10 (subtree_mass × max(avg_loss − 1.625, 0)):
    rc   rootID   mass      avg_loss     score 
    58   6141841  3228512   1.7126       283213.2
    59   6621526  905338    1.9351       280884.6
    54   5381749  526964    1.7920       88043.4
    5    1263676  342947    1.6829       19877.4
    44   3229301  724285    1.6484       17040.3
    15   1539367  34390     1.8568       7976.1
    7    1422321  79638     1.7217       7709.6
    32   1636047  78207     1.7193       7379.9
    25   1602731  57242     1.7383       6490.3
    60   6774952  316779    1.6431       5777.1
    top-10: 13.8% of mass, 92.9% of excess-loss
Epoch 251: loss=1.603154  (21.49 sec, 65 subtrees, 730 chunks, 34623339 nodes)
  residual top-10 (subtree_mass × max(avg_loss − 1.603, 0)):
    rc   rootID   mass      avg_loss     score 
    1    138709   8244278   1.6174       117468.9
    59   6621526  905338    1.7133       99706.7
    5    1263676  342947    1.6673       21996.0
    44   3229301  724285    1.6302       19587.9
    6    1317879  754528    1.6187       11709.9
    60   6774952  316779    1.6328       9381.7
    32   1636047  78207     1.7176       8953.4
    15   1539367  34390     1.8603       8843.8
    58   6141841  3228512   1.6059       8842.7
    7    1422321  79638     1.7122       8688.1
    top-10: 32.3% of mass, 78.6% of excess-loss
Epoch 252: loss=1.608669  (21.48 sec, 65 subtrees, 730 chunks, 34623339 nodes)
  residual top-10 (subtree_mass × max(avg_loss − 1.609, 0)):
    rc   rootID   mass      avg_loss     score 
    59   6621526  905338    1.8353       205184.3
    58   6141841  3228512   1.6353       85849.9
    61   6828350  809921    1.6457       29995.8
    44   3229301  724285    1.6481       28534.1
    60   6774952  316779    1.6873       24894.7
    5    1263676  342947    1.6765       23277.3
    54   5381749  526964    1.6365       14682.5
    6    1317879  754528    1.6229       10760.5
    32   1636047  78207     1.7168       8454.1
    15   1539367  34390     1.8543       8446.7
    top-10: 16.9% of mass, 84.2% of excess-loss
Epoch 253: loss=1.617128  (21.50 sec, 65 subtrees, 730 chunks, 34623339 nodes)
  residual top-10 (subtree_mass × max(avg_loss − 1.617, 0)):
    rc   rootID   mass      avg_loss     score 
    59   6621526  905338    1.8234       186720.7
    1    138709   8244278   1.6240       56845.9
    5    1263676  342947    1.7396       42013.0
    6    1317879  754528    1.6672       37800.8
    44   3229301  724285    1.6466       21377.8
    54   5381749  526964    1.6520       18368.7
    58   6141841  3228512   1.6213       13607.6
    60   6774952  316779    1.6579       12919.3
    7    1422321  79638     1.7391       9716.1
    32   1636047  78207     1.7352       9236.4
    top-10: 33.3% of mass, 80.0% of excess-loss
Epoch 254: loss=1.621526  (21.50 sec, 65 subtrees, 730 chunks, 34623339 nodes)
  residual top-10 (subtree_mass × max(avg_loss − 1.622, 0)):
    rc   rootID   mass      avg_loss     score 
    59   6621526  905338    2.0317       371362.3
    58   6141841  3228512   1.6674       148005.7
    54   5381749  526964    1.7204       52093.1
    60   6774952  316779    1.7129       28936.3
    5    1263676  342947    1.7033       28035.4
    61   6828350  809921    1.6507       23625.0
    44   3229301  724285    1.6513       21532.6
    15   1539367  34390     1.8630       8305.7
    32   1636047  78207     1.7191       7632.3
    7    1422321  79638     1.7148       7432.1
    top-10: 15.5% of mass, 91.3% of excess-loss
Epoch 255: loss=1.612508  (21.50 sec, 65 subtrees, 730 chunks, 34623339 nodes)
  residual top-10 (subtree_mass × max(avg_loss − 1.613, 0)):
    rc   rootID   mass      avg_loss     score 
    5    1263676  342947    2.1913       198482.0
    6    1317879  754528    1.7054       70078.0
    1    138709   8244278   1.6191       54363.4
    59   6621526  905338    1.6723       54096.3
    44   3229301  724285    1.6458       24104.3
    39   1660971  2741100   1.6191       18196.5
    7    1422321  79638     1.7522       11126.7
    32   1636047  78207     1.7407       10026.5
    15   1539367  34390     1.8930       9647.2
    8    1439897  392288    1.6362       9275.7
    top-10: 31.4% of mass, 83.2% of excess-loss
Epoch 256: loss=1.612188  (21.50 sec, 65 subtrees, 730 chunks, 34623339 nodes)
  residual top-10 (subtree_mass × max(avg_loss − 1.612, 0)):
    rc   rootID   mass      avg_loss     score 
    59   6621526  905338    1.8912       252562.7
    58   6141841  3228512   1.6509       124847.0
    54   5381749  526964    1.7301       62123.1
    44   3229301  724285    1.6420       21617.6
    5    1263676  342947    1.6663       18562.9
    60   6774952  316779    1.6672       17439.4
    61   6828350  809921    1.6251       10435.7
    15   1539367  34390     1.8589       8485.7
    32   1636047  78207     1.7143       7983.7
    7    1422321  79638     1.7048       7378.5
    top-10: 15.5% of mass, 88.7% of excess-loss
Epoch 257: loss=1.614557  (21.47 sec, 65 subtrees, 730 chunks, 34623339 nodes)
  residual top-10 (subtree_mass × max(avg_loss − 1.615, 0)):
    rc   rootID   mass      avg_loss     score 
    59   6621526  905338    1.7378       111558.4
    6    1317879  754528    1.6808       50013.8
    5    1263676  342947    1.7472       45498.1
    44   3229301  724285    1.6557       29820.8
    58   6141841  3228512   1.6222       24720.1
    39   1660971  2741100   1.6224       21505.7
    54   5381749  526964    1.6399       13347.1
    7    1422321  79638     1.7445       10350.6
    32   1636047  78207     1.7389       9724.5
    2    1255301  46307     1.8146       9262.0
    top-10: 20.7% of mass, 75.4% of excess-loss
Epoch 258: loss=1.627085  (21.50 sec, 65 subtrees, 730 chunks, 34623339 nodes)
  residual top-10 (subtree_mass × max(avg_loss − 1.627, 0)):
    rc   rootID   mass      avg_loss     score 
    59   6621526  905338    1.9894       328033.8
    58   6141841  3228512   1.6790       167747.6
    54   5381749  526964    1.7329       55746.9
    61   6828350  809921    1.6689       33838.2
    60   6774952  316779    1.7307       32810.6
    44   3229301  724285    1.6597       23598.9
    5    1263676  342947    1.6661       13381.7
    15   1539367  34390     1.8603       8020.8
    32   1636047  78207     1.7181       7119.6
    7    1422321  79638     1.7127       6821.9
    top-10: 15.5% of mass, 91.3% of excess-loss
Epoch 259: loss=1.619190  (21.48 sec, 65 subtrees, 730 chunks, 34623339 nodes)
  residual top-10 (subtree_mass × max(avg_loss − 1.619, 0)):
    rc   rootID   mass      avg_loss     score 
    1    138709   8244278   1.6354       133867.3
    59   6621526  905338    1.7529       121008.8
    58   6141841  3228512   1.6368       56751.2
    5    1263676  342947    1.7507       45086.2
    6    1317879  754528    1.6696       38045.3
    44   3229301  724285    1.6411       15833.7
    7    1422321  79638     1.7418       9765.9
    32   1636047  78207     1.7395       9409.7
    15   1539367  34390     1.8780       8900.1
    60   6774952  316779    1.6472       8859.0
    top-10: 32.3% of mass, 82.2% of excess-loss
Epoch 260: loss=1.612933  (21.49 sec, 65 subtrees, 730 chunks, 34623339 nodes)
  residual top-10 (subtree_mass × max(avg_loss − 1.613, 0)):
    rc   rootID   mass      avg_loss     score 
    59   6621526  905338    1.7314       107282.8
    1    138709   8244278   1.6253       101801.7
    54   5381749  526964    1.6873       39175.6
    5    1263676  342947    1.6972       28902.4
    58   6141841  3228512   1.6213       26905.3
    6    1317879  754528    1.6462       25132.3
    44   3229301  724285    1.6422       21221.3
    32   1636047  78207     1.7269       8909.2
    7    1422321  79638     1.7234       8795.2
    15   1539367  34390     1.8634       8613.3
    top-10: 32.7% of mass, 82.1% of excess-loss
Epoch 261: loss=1.612738  (21.49 sec, 65 subtrees, 730 chunks, 34623339 nodes)
  residual top-10 (subtree_mass × max(avg_loss − 1.613, 0)):
    rc   rootID   mass      avg_loss     score 
    59   6621526  905338    1.8614       225097.8
    61   6828350  809921    1.6828       56772.4
    60   6774952  316779    1.7559       45361.0
    58   6141841  3228512   1.6222       30463.5
    44   3229301  724285    1.6538       29751.9
    54   5381749  526964    1.6556       22606.9
    5    1263676  342947    1.6669       18585.4
    15   1539367  34390     1.8559       8362.7
    32   1636047  78207     1.7168       8139.7
    7    1422321  79638     1.7081       7591.2
    top-10: 15.5% of mass, 86.1% of excess-loss
Epoch 262: loss=1.610220  (21.49 sec, 65 subtrees, 730 chunks, 34623339 nodes)
  residual top-10 (subtree_mass × max(avg_loss − 1.610, 0)):
    rc   rootID   mass      avg_loss     score 
    1    138709   8244278   1.6281       147749.5
    59   6621526  905338    1.7547       130838.8
    5    1263676  342947    1.7098       34154.2
    44   3229301  724285    1.6458       25777.2
    6    1317879  754528    1.6417       23753.8
    7    1422321  79638     1.7245       9100.1
    32   1636047  78207     1.7235       8861.6
    15   1539367  34390     1.8657       8784.9
    60   6774952  316779    1.6376       8679.1
    58   6141841  3228512   1.6128       8307.6
    top-10: 32.3% of mass, 82.6% of excess-loss
Epoch 263: loss=1.626682  (21.50 sec, 65 subtrees, 730 chunks, 34623339 nodes)
  residual top-10 (subtree_mass × max(avg_loss − 1.627, 0)):
    rc   rootID   mass      avg_loss     score 
    59   6621526  905338    2.0116       348465.8
    58   6141841  3228512   1.7068       258816.8
    54   5381749  526964    1.8694       127892.3
    60   6774952  316779    1.6822       17599.4
    44   3229301  724285    1.6459       13901.5
    5    1263676  342947    1.6616       11981.3
    61   6828350  809921    1.6367       8094.4
    15   1539367  34390     1.8531       7786.7
    32   1636047  78207     1.7130       6750.7
    7    1422321  79638     1.7068       6383.7
    top-10: 15.5% of mass, 93.6% of excess-loss
Epoch 264: loss=1.602141  (21.50 sec, 65 subtrees, 730 chunks, 34623339 nodes)
  residual top-10 (subtree_mass × max(avg_loss − 1.602, 0)):
    rc   rootID   mass      avg_loss     score 
    1    138709   8244278   1.6197       144862.2
    59   6621526  905338    1.6863       76208.4
    5    1263676  342947    1.6692       23001.0
    44   3229301  724285    1.6267       17759.1
    6    1317879  754528    1.6201       13525.6
    32   1636047  78207     1.7171       8989.8
    15   1539367  34390     1.8584       8812.5
    7    1422321  79638     1.7117       8726.8
    25   1602731  57242     1.7381       7779.9
    13   1520469  67330     1.7037       6840.4
    top-10: 24.8% of mass, 79.8% of excess-loss
Epoch 265: loss=1.605380  (21.50 sec, 65 subtrees, 730 chunks, 34623339 nodes)
  residual top-10 (subtree_mass × max(avg_loss − 1.605, 0)):
    rc   rootID   mass      avg_loss     score 
    59   6621526  905338    1.8296       202954.5
    58   6141841  3228512   1.6236       58742.5
    5    1263676  342947    1.6685       21643.6
    60   6774952  316779    1.6724       21230.9
    1    138709   8244278   1.6079       20616.9
    44   3229301  724285    1.6317       19076.8
    61   6828350  809921    1.6265       17096.4
    54   5381749  526964    1.6341       15112.4
    15   1539367  34390     1.8543       8561.4
    32   1636047  78207     1.7122       8355.2
    top-10: 33.4% of mass, 81.8% of excess-loss
Epoch 266: loss=1.606492  (21.51 sec, 65 subtrees, 730 chunks, 34623339 nodes)
  residual top-10 (subtree_mass × max(avg_loss − 1.606, 0)):
    rc   rootID   mass      avg_loss     score 
    59   6621526  905338    1.7968       172256.1
    58   6141841  3228512   1.6191       40673.7
    44   3229301  724285    1.6451       27938.8
    1    138709   8244278   1.6096       25588.7
    54   5381749  526964    1.6533       24662.7
    5    1263676  342947    1.6652       20127.3
    40   2098840  473230    1.6292       10727.4
    60   6774952  316779    1.6392       10350.3
    15   1539367  34390     1.8510       8407.4
    32   1636047  78207     1.7111       8177.2
    top-10: 32.6% of mass, 81.3% of excess-loss
Epoch 267: loss=1.611841  (21.50 sec, 65 subtrees, 730 chunks, 34623339 nodes)
  residual top-10 (subtree_mass × max(avg_loss − 1.612, 0)):
    rc   rootID   mass      avg_loss     score 
    59   6621526  905338    1.9544       310173.4
    58   6141841  3228512   1.6524       130905.7
    60   6774952  316779    1.7276       36685.6
    61   6828350  809921    1.6515       32141.8
    54   5381749  526964    1.6694       30342.6
    5    1263676  342947    1.6620       17209.3
    44   3229301  724285    1.6307       13652.3
    15   1539367  34390     1.8489       8152.5
    32   1636047  78207     1.7102       7695.1
    7    1422321  79638     1.7057       7474.2
    top-10: 15.5% of mass, 90.3% of excess-loss
Epoch 268: loss=1.643558  (21.49 sec, 65 subtrees, 730 chunks, 34623339 nodes)
  residual top-10 (subtree_mass × max(avg_loss − 1.644, 0)):
    rc   rootID   mass      avg_loss     score 
    59   6621526  905338    2.0056       327774.6
    58   6141841  3228512   1.6777       110124.6
    44   3229301  724285    1.7011       41709.1
    5    1263676  342947    1.7505       36666.2
    54   5381749  526964    1.7105       35277.8
    6    1317879  754528    1.6790       26764.9
    60   6774952  316779    1.6965       16777.2
    61   6828350  809921    1.6606       13793.3
    7    1422321  79638     1.7636       9557.3
    15   1539367  34390     1.9144       9313.0
    top-10: 16.9% of mass, 86.1% of excess-loss
Epoch 269: loss=1.620436  (21.51 sec, 65 subtrees, 730 chunks, 34623339 nodes)
  residual top-10 (subtree_mass × max(avg_loss − 1.620, 0)):
    rc   rootID   mass      avg_loss     score 
    1    138709   8244278   1.6365       132725.6
    59   6621526  905338    1.6874       60657.0
    5    1263676  342947    1.6892       23568.1
    44   3229301  724285    1.6529       23531.7
    6    1317879  754528    1.6405       15143.0
    32   1636047  78207     1.7375       9154.7
    15   1539367  34390     1.8787       8880.9
    7    1422321  79638     1.7296       8696.8
    25   1602731  57242     1.7591       7936.4
    13   1520469  67330     1.7223       6860.1
    top-10: 24.8% of mass, 78.0% of excess-loss
Epoch 270: loss=1.622586  (21.47 sec, 65 subtrees, 730 chunks, 34623339 nodes)
  residual top-10 (subtree_mass × max(avg_loss − 1.623, 0)):
    rc   rootID   mass      avg_loss     score 
    59   6621526  905338    1.8023       162724.5
    58   6141841  3228512   1.6337       35948.2
    5    1263676  342947    1.6865       21916.7
    1    138709   8244278   1.6252       21804.9
    44   3229301  724285    1.6526       21718.8
    54   5381749  526964    1.6543       16729.7
    60   6774952  316779    1.6663       13862.8
    6    1317879  754528    1.6351       9446.6
    32   1636047  78207     1.7357       8849.9
    15   1539367  34390     1.8772       8756.7
    top-10: 33.2% of mass, 78.3% of excess-loss
Epoch 271: loss=1.617071  (21.47 sec, 65 subtrees, 730 chunks, 34623339 nodes)
  residual top-10 (subtree_mass × max(avg_loss − 1.617, 0)):
    rc   rootID   mass      avg_loss     score 
    59   6621526  905338    1.7922       158565.2
    1    138709   8244278   1.6235       52646.9
    58   6141841  3228512   1.6295       40134.0
    44   3229301  724285    1.6568       28740.2
    54   5381749  526964    1.6617       23519.7
    5    1263676  342947    1.6735       19354.9
    15   1539367  34390     1.8697       8688.6
    32   1636047  78207     1.7275       8637.9
    60   6774952  316779    1.6425       8042.1
    7    1422321  79638     1.7160       7874.8
    top-10: 31.8% of mass, 81.0% of excess-loss
Epoch 272: loss=1.619805  (21.49 sec, 65 subtrees, 730 chunks, 34623339 nodes)
  residual top-10 (subtree_mass × max(avg_loss − 1.620, 0)):
    rc   rootID   mass      avg_loss     score 
    59   6621526  905338    1.8823       237603.1
    58   6141841  3228512   1.6491       94426.2
    54   5381749  526964    1.6836       33626.0
    44   3229301  724285    1.6443       17733.3
    5    1263676  342947    1.6713       17651.8
    60   6774952  316779    1.6592       12467.3
    15   1539367  34390     1.8651       8437.4
    32   1636047  78207     1.7242       8167.2
    61   6828350  809921    1.6295       7864.1
    7    1422321  79638     1.7134       7451.8
    top-10: 15.5% of mass, 85.3% of excess-loss
Epoch 273: loss=1.616397  (21.49 sec, 65 subtrees, 730 chunks, 34623339 nodes)
  residual top-10 (subtree_mass × max(avg_loss − 1.616, 0)):
    rc   rootID   mass      avg_loss     score 
    59   6621526  905338    1.7676       136934.6
    1    138709   8244278   1.6245       66992.7
    58   6141841  3228512   1.6330       53715.7
    44   3229301  724285    1.6549       27861.1
    5    1263676  342947    1.6699       18348.2
    60   6774952  316779    1.6556       12429.5
    32   1636047  78207     1.7305       8919.9
    15   1539367  34390     1.8665       8601.2
    6    1317879  754528    1.6277       8541.3
    7    1422321  79638     1.7185       8129.2
    top-10: 32.3% of mass, 79.4% of excess-loss
Epoch 274: loss=1.617297  (21.50 sec, 65 subtrees, 730 chunks, 34623339 nodes)
  residual top-10 (subtree_mass × max(avg_loss − 1.617, 0)):
    rc   rootID   mass      avg_loss     score 
    59   6621526  905338    1.8015       166733.1
    58   6141841  3228512   1.6359       60031.8
    1    138709   8244278   1.6232       48685.0
    54   5381749  526964    1.6751       30469.7
    44   3229301  724285    1.6522       25303.9
    5    1263676  342947    1.6708       18347.2
    60   6774952  316779    1.6525       11166.5
    32   1636047  78207     1.7271       8586.9
    15   1539367  34390     1.8669       8582.9
    7    1422321  79638     1.7153       7801.3
    top-10: 31.8% of mass, 82.1% of excess-loss
Epoch 275: loss=1.644614  (21.50 sec, 65 subtrees, 730 chunks, 34623339 nodes)
  residual top-10 (subtree_mass × max(avg_loss − 1.645, 0)):
    rc   rootID   mass      avg_loss     score 
    59   6621526  905338    2.1423       450610.1
    58   6141841  3228512   1.7828       446219.9
    54   5381749  526964    1.8702       118851.1
    61   6828350  809921    1.6914       37909.8
    60   6774952  316779    1.7354       28749.8
    57   5794595  2162522   1.6505       12747.4
    5    1263676  342947    1.6713       9155.3
    15   1539367  34390     1.8635       7526.9
    32   1636047  78207     1.7267       6423.3
    44   3229301  724285    1.6528       5934.4
    top-10: 20.0% of mass, 95.1% of excess-loss
Epoch 276: loss=1.611444  (21.49 sec, 65 subtrees, 730 chunks, 34623339 nodes)
  residual top-10 (subtree_mass × max(avg_loss − 1.611, 0)):
    rc   rootID   mass      avg_loss     score 
    1    138709   8244278   1.6399       234893.7
    59   6621526  905338    1.6646       48118.2
    5    1263676  342947    1.6717       20671.0
    6    1317879  754528    1.6337       16779.6
    44   3229301  724285    1.6325       15274.9
    32   1636047  78207     1.7302       9285.7
    15   1539367  34390     1.8715       8943.9
    7    1422321  79638     1.7198       8630.5
    25   1602731  57242     1.7492       7883.8
    13   1520469  67330     1.7122       6785.2
    top-10: 24.8% of mass, 84.5% of excess-loss
Epoch 277: loss=1.623217  (21.48 sec, 65 subtrees, 730 chunks, 34623339 nodes)
  residual top-10 (subtree_mass × max(avg_loss − 1.623, 0)):
    rc   rootID   mass      avg_loss     score 
    59   6621526  905338    1.7839       145466.1
    58   6141841  3228512   1.6459       73362.4
    44   3229301  724285    1.6679       32363.0
    54   5381749  526964    1.6590       18837.6
    5    1263676  342947    1.6671       15034.9
    60   6774952  316779    1.6586       11213.0
    49   4172773  263541    1.6595       9555.3
    50   4218803  1289869   1.6306       9510.2
    15   1539367  34390     1.8644       8293.5
    32   1636047  78207     1.7292       8286.1
    top-10: 16.9% of mass, 78.8% of excess-loss
Epoch 278: loss=1.619903  (21.49 sec, 65 subtrees, 730 chunks, 34623339 nodes)
  residual top-10 (subtree_mass × max(avg_loss − 1.620, 0)):
    rc   rootID   mass      avg_loss     score 
    59   6621526  905338    1.7166       87525.2
    1    138709   8244278   1.6297       80964.2
    6    1317879  754528    1.6776       43536.9
    5    1263676  342947    1.7275       36899.8
    39   1660971  2741100   1.6268       18940.1
    44   3229301  724285    1.6437       17252.1
    7    1422321  79638     1.7460       10044.0
    32   1636047  78207     1.7429       9619.7
    60   6774952  316779    1.6493       9322.3
    15   1539367  34390     1.8775       8857.2
    top-10: 31.2% of mass, 75.4% of excess-loss
Epoch 279: loss=1.613396  (21.49 sec, 65 subtrees, 730 chunks, 34623339 nodes)
  residual top-10 (subtree_mass × max(avg_loss − 1.613, 0)):
    rc   rootID   mass      avg_loss     score 
    59   6621526  905338    1.7949       164350.5
    58   6141841  3228512   1.6303       54450.7
    1    138709   8244278   1.6186       42938.2
    44   3229301  724285    1.6519       27921.7
    54   5381749  526964    1.6631       26191.0
    5    1263676  342947    1.6644       17498.9
    60   6774952  316779    1.6564       13633.0
    32   1636047  78207     1.7228       8555.0
    15   1539367  34390     1.8571       8380.1
    7    1422321  79638     1.7158       8152.3
    top-10: 31.8% of mass, 81.7% of excess-loss
Epoch 280: loss=1.610487  (21.49 sec, 65 subtrees, 730 chunks, 34623339 nodes)
  residual top-10 (subtree_mass × max(avg_loss − 1.610, 0)):
    rc   rootID   mass      avg_loss     score 
    59   6621526  905338    1.7939       166042.8
    1    138709   8244278   1.6174       57139.9
    58   6141841  3228512   1.6258       49582.6
    44   3229301  724285    1.6354       18020.8
    5    1263676  342947    1.6608       17263.5
    54   5381749  526964    1.6383       14670.7
    60   6774952  316779    1.6387       8931.2
    32   1636047  78207     1.7223       8746.3
    15   1539367  34390     1.8639       8714.1
    7    1422321  79638     1.7120       8082.4
    top-10: 31.8% of mass, 81.3% of excess-loss
Epoch 281: loss=1.623721  (21.50 sec, 65 subtrees, 730 chunks, 34623339 nodes)
  residual top-10 (subtree_mass × max(avg_loss − 1.624, 0)):
    rc   rootID   mass      avg_loss     score 
    59   6621526  905338    2.0148       354099.2
    58   6141841  3228512   1.6935       225311.6
    61   6828350  809921    1.6669       34933.2
    60   6774952  316779    1.7182       29936.5
    5    1263676  342947    1.6700       15857.9
    54   5381749  526964    1.6415       9374.2
    15   1539367  34390     1.8610       8161.2
    32   1636047  78207     1.7179       7368.2
    7    1422321  79638     1.7141       7198.4
    25   1602731  57242     1.7390       6601.1
    top-10: 14.0% of mass, 91.7% of excess-loss
Epoch 282: loss=1.610971  (21.50 sec, 65 subtrees, 730 chunks, 34623339 nodes)
  residual top-10 (subtree_mass × max(avg_loss − 1.611, 0)):
    rc   rootID   mass      avg_loss     score 
    1    138709   8244278   1.6318       171726.2
    44   3229301  724285    1.6471       26185.7
    5    1263676  342947    1.6856       25582.6
    59   6621526  905338    1.6378       24275.3
    6    1317879  754528    1.6364       19192.5
    32   1636047  78207     1.7319       9454.4
    7    1422321  79638     1.7241       9005.6
    15   1539367  34390     1.8675       8821.3
    39   1660971  2741100   1.6141       8575.9
    25   1602731  57242     1.7533       8146.5
    top-10: 30.6% of mass, 79.1% of excess-loss
Epoch 283: loss=1.615991  (21.50 sec, 65 subtrees, 730 chunks, 34623339 nodes)
  residual top-10 (subtree_mass × max(avg_loss − 1.616, 0)):
    rc   rootID   mass      avg_loss     score 
    59   6621526  905338    1.8750       234452.3
    58   6141841  3228512   1.6488       105975.2
    54   5381749  526964    1.7423       66574.7
    44   3229301  724285    1.6441       20394.0
    5    1263676  342947    1.6570       14074.4
    15   1539367  34390     1.8557       8243.2
    32   1636047  78207     1.7199       8123.3
    7    1422321  79638     1.7119       7635.4
    25   1602731  57242     1.7460       7439.8
    60   6774952  316779    1.6347       5919.2
    top-10: 13.8% of mass, 89.0% of excess-loss
Epoch 284: loss=1.601638  (21.49 sec, 65 subtrees, 730 chunks, 34623339 nodes)
  residual top-10 (subtree_mass × max(avg_loss − 1.602, 0)):
    rc   rootID   mass      avg_loss     score 
    1    138709   8244278   1.6161       119466.4
    59   6621526  905338    1.6648       57140.4
    44   3229301  724285    1.6281       19179.8
    5    1263676  342947    1.6574       19123.7
    6    1317879  754528    1.6170       11577.5
    32   1636047  78207     1.7176       9070.5
    15   1539367  34390     1.8556       8734.8
    7    1422321  79638     1.7105       8668.9
    25   1602731  57242     1.7402       7929.0
    13   1520469  67330     1.7016       6733.5
    top-10: 24.8% of mass, 76.9% of excess-loss
Epoch 285: loss=1.600950  (21.49 sec, 65 subtrees, 730 chunks, 34623339 nodes)
  residual top-10 (subtree_mass × max(avg_loss − 1.601, 0)):
    rc   rootID   mass      avg_loss     score 
    59   6621526  905338    1.7039       93164.5
    1    138709   8244278   1.6085       61986.2
    44   3229301  724285    1.6323       22732.5
    5    1263676  342947    1.6520       17508.9
    58   6141841  3228512   1.6059       16128.6
    54   5381749  526964    1.6215       10834.1
    32   1636047  78207     1.7145       8884.0
    15   1539367  34390     1.8482       8503.8
    7    1422321  79638     1.7066       8412.2
    25   1602731  57242     1.7379       7837.3
    top-10: 31.2% of mass, 75.1% of excess-loss
Epoch 286: loss=1.605752  (21.50 sec, 65 subtrees, 730 chunks, 34623339 nodes)
  residual top-10 (subtree_mass × max(avg_loss − 1.606, 0)):
    rc   rootID   mass      avg_loss     score 
    59   6621526  905338    1.8383       210550.0
    58   6141841  3228512   1.6283       72919.2
    54   5381749  526964    1.6879       43286.0
    5    1263676  342947    1.6537       16435.1
    44   3229301  724285    1.6279       16051.8
    1    138709   8244278   1.6072       12113.9
    60   6774952  316779    1.6426       11659.9
    15   1539367  34390     1.8533       8513.4
    32   1636047  78207     1.7131       8396.9
    7    1422321  79638     1.7036       7795.0
    top-10: 31.8% of mass, 83.9% of excess-loss
Epoch 287: loss=1.610450  (21.50 sec, 65 subtrees, 730 chunks, 34623339 nodes)
  residual top-10 (subtree_mass × max(avg_loss − 1.610, 0)):
    rc   rootID   mass      avg_loss     score 
    59   6621526  905338    1.9073       268762.0
    58   6141841  3228512   1.6449       111361.7
    54   5381749  526964    1.7155       55355.6
    60   6774952  316779    1.6722       19545.8
    5    1263676  342947    1.6609       17286.6
    61   6828350  809921    1.6285       14616.6
    44   3229301  724285    1.6273       12215.3
    15   1539367  34390     1.8458       8093.4
    32   1636047  78207     1.7117       7921.5
    7    1422321  79638     1.7052       7546.4
    top-10: 15.5% of mass, 88.5% of excess-loss
Epoch 288: loss=1.597617  (21.49 sec, 65 subtrees, 730 chunks, 34623339 nodes)
  residual top-10 (subtree_mass × max(avg_loss − 1.598, 0)):
    rc   rootID   mass      avg_loss     score 
    1    138709   8244278   1.6096       98766.6
    59   6621526  905338    1.7017       94265.5
    44   3229301  724285    1.6299       23377.5
    5    1263676  342947    1.6597       21294.3
    60   6774952  316779    1.6328       11151.5
    6    1317879  754528    1.6119       10759.6
    58   6141841  3228512   1.6008       10294.8
    32   1636047  78207     1.7113       8892.3
    15   1539367  34390     1.8525       8765.0
    7    1422321  79638     1.7056       8599.3
    top-10: 32.3% of mass, 78.2% of excess-loss
Epoch 289: loss=1.592912  (21.49 sec, 65 subtrees, 730 chunks, 34623339 nodes)
  residual top-10 (subtree_mass × max(avg_loss − 1.593, 0)):
    rc   rootID   mass      avg_loss     score 
    1    138709   8244278   1.6034       86721.6
    59   6621526  905338    1.6540       55312.3
    44   3229301  724285    1.6240       22486.3
    5    1263676  342947    1.6485       19061.4
    32   1636047  78207     1.7091       9088.2
    6    1317879  754528    1.6046       8852.8
    15   1539367  34390     1.8444       8648.7
    7    1422321  79638     1.7012       8625.1
    25   1602731  57242     1.7350       8130.7
    13   1520469  67330     1.6905       6573.3
    top-10: 24.8% of mass, 73.1% of excess-loss
Epoch 290: loss=1.596646  (21.49 sec, 65 subtrees, 730 chunks, 34623339 nodes)
  residual top-10 (subtree_mass × max(avg_loss − 1.597, 0)):
    rc   rootID   mass      avg_loss     score 
    59   6621526  905338    1.7068       99704.8
    1    138709   8244278   1.6024       47691.2
    44   3229301  724285    1.6299       24081.1
    58   6141841  3228512   1.6032       21289.3
    5    1263676  342947    1.6573       20798.9
    6    1317879  754528    1.6099       9972.4
    32   1636047  78207     1.7103       8888.6
    15   1539367  34390     1.8467       8597.9
    7    1422321  79638     1.7044       8581.2
    25   1602731  57242     1.7336       7841.3
    top-10: 31.7% of mass, 75.2% of excess-loss
Epoch 291: loss=1.604664  (21.48 sec, 65 subtrees, 730 chunks, 34623339 nodes)
  residual top-10 (subtree_mass × max(avg_loss − 1.605, 0)):
    rc   rootID   mass      avg_loss     score 
    59   6621526  905338    1.8920       260112.8
    58   6141841  3228512   1.6230       59252.5
    61   6828350  809921    1.6667       50271.6
    60   6774952  316779    1.7322       40388.8
    54   5381749  526964    1.6486       23126.9
    44   3229301  724285    1.6292       17790.6
    5    1263676  342947    1.6482       14918.5
    15   1539367  34390     1.8425       8180.2
    32   1636047  78207     1.7056       7894.8
    7    1422321  79638     1.6994       7541.9
    top-10: 15.5% of mass, 86.7% of excess-loss
Epoch 292: loss=1.613022  (21.47 sec, 65 subtrees, 730 chunks, 34623339 nodes)
  residual top-10 (subtree_mass × max(avg_loss − 1.613, 0)):
    rc   rootID   mass      avg_loss     score 
    1    138709   8244278   1.6385       210104.9
    59   6621526  905338    1.7651       137653.1
    5    1263676  342947    1.7353       41923.7
    6    1317879  754528    1.6671       40779.0
    44   3229301  724285    1.6541       29737.5
    54   5381749  526964    1.6517       20395.0
    60   6774952  316779    1.6542       13046.5
    7    1422321  79638     1.7373       9901.0
    2    1255301  46307     1.8135       9282.3
    32   1636047  78207     1.7286       9042.2
    top-10: 26.4% of mass, 85.3% of excess-loss
Epoch 293: loss=1.595103  (21.49 sec, 65 subtrees, 730 chunks, 34623339 nodes)
  residual top-10 (subtree_mass × max(avg_loss − 1.595, 0)):
    rc   rootID   mass      avg_loss     score 
    1    138709   8244278   1.6083       108552.2
    59   6621526  905338    1.6864       82665.1
    5    1263676  342947    1.6597       22157.8
    44   3229301  724285    1.6170       15831.2
    60   6774952  316779    1.6443       15597.7
    6    1317879  754528    1.6132       13633.4
    32   1636047  78207     1.7111       9069.8
    7    1422321  79638     1.7080       8992.3
    15   1539367  34390     1.8471       8667.6
    40   2098840  473230    1.6131       8528.5
    top-10: 26.2% of mass, 77.1% of excess-loss
Epoch 294: loss=1.593536  (21.50 sec, 65 subtrees, 730 chunks, 34623339 nodes)
  residual top-10 (subtree_mass × max(avg_loss − 1.594, 0)):
    rc   rootID   mass      avg_loss     score 
    59   6621526  905338    1.6790       77384.9
    1    138709   8244278   1.6009       61086.4
    44   3229301  724285    1.6479       39341.0
    5    1263676  342947    1.6450       17640.9
    46   3463254  2317775   1.5999       14707.8
    54   5381749  526964    1.6168       12263.2
    58   6141841  3228512   1.5968       10636.0
    32   1636047  78207     1.7060       8793.9
    15   1539367  34390     1.8405       8492.0
    7    1422321  79638     1.6976       8285.1
    top-10: 36.2% of mass, 74.6% of excess-loss
Epoch 295: loss=1.607577  (21.49 sec, 65 subtrees, 730 chunks, 34623339 nodes)
  residual top-10 (subtree_mass × max(avg_loss − 1.608, 0)):
    rc   rootID   mass      avg_loss     score 
    59   6621526  905338    1.9414       302218.3
    58   6141841  3228512   1.6535       148178.7
    54   5381749  526964    1.7493       74682.7
    5    1263676  342947    1.6678       20654.1
    44   3229301  724285    1.6262       13480.9
    60   6774952  316779    1.6494       13258.2
    15   1539367  34390     1.8470       8234.5
    32   1636047  78207     1.7088       7917.4
    7    1422321  79638     1.7007       7415.5
    25   1602731  57242     1.7302       7018.0
    top-10: 13.8% of mass, 89.9% of excess-loss
Epoch 296: loss=1.593149  (21.49 sec, 65 subtrees, 730 chunks, 34623339 nodes)
  residual top-10 (subtree_mass × max(avg_loss − 1.593, 0)):
    rc   rootID   mass      avg_loss     score 
    1    138709   8244278   1.6061       106510.1
    59   6621526  905338    1.6485       50097.4
    58   6141841  3228512   1.6047       37324.0
    44   3229301  724285    1.6201       19507.7
    5    1263676  342947    1.6434       17216.3
    32   1636047  78207     1.7057       8799.4
    15   1539367  34390     1.8443       8636.2
    7    1422321  79638     1.6986       8399.6
    25   1602731  57242     1.7299       7827.7
    6    1317879  754528    1.6028       7268.2
    top-10: 31.7% of mass, 78.4% of excess-loss
Epoch 297: loss=1.607060  (21.49 sec, 65 subtrees, 730 chunks, 34623339 nodes)
  residual top-10 (subtree_mass × max(avg_loss − 1.607, 0)):
    rc   rootID   mass      avg_loss     score 
    59   6621526  905338    1.8483       218422.5
    58   6141841  3228512   1.6403       107303.4
    54   5381749  526964    1.7272       63331.6
    44   3229301  724285    1.6388       22981.9
    5    1263676  342947    1.6499       14677.9
    60   6774952  316779    1.6418       11016.2
    15   1539367  34390     1.8488       8314.2
    32   1636047  78207     1.7095       8014.2
    7    1422321  79638     1.7041       7725.0
    25   1602731  57242     1.7357       7362.3
    top-10: 13.8% of mass, 87.9% of excess-loss
Epoch 298: loss=1.597637  (21.48 sec, 65 subtrees, 730 chunks, 34623339 nodes)
  residual top-10 (subtree_mass × max(avg_loss − 1.598, 0)):
    rc   rootID   mass      avg_loss     score 
    59   6621526  905338    1.7405       129341.3
    1    138709   8244278   1.6083       88156.7
    5    1263676  342947    1.6545       19500.5
    58   6141841  3228512   1.6036       19260.3
    60   6774952  316779    1.6475       15804.5
    44   3229301  724285    1.6185       15088.8
    6    1317879  754528    1.6107       9869.3
    32   1636047  78207     1.7105       8829.1
    15   1539367  34390     1.8517       8735.7
    7    1422321  79638     1.7069       8702.3
    top-10: 32.3% of mass, 78.2% of excess-loss
Epoch 299: loss=1.598008  (21.51 sec, 65 subtrees, 730 chunks, 34623339 nodes)
  residual top-10 (subtree_mass × max(avg_loss − 1.598, 0)):
    rc   rootID   mass      avg_loss     score 
    59   6621526  905338    1.7499       137488.3
    58   6141841  3228512   1.6108       41413.8
    1    138709   8244278   1.6022       34262.6
    54   5381749  526964    1.6566       30898.7
    5    1263676  342947    1.6538       19145.0
    44   3229301  724285    1.6212       16802.3
    15   1539367  34390     1.8433       8434.9
    32   1636047  78207     1.7042       8304.1
    7    1422321  79638     1.6994       8075.0
    25   1602731  57242     1.7277       7424.5
    top-10: 31.2% of mass, 80.9% of excess-loss
Epoch 300: loss=1.588322  (21.50 sec, 65 subtrees, 730 chunks, 34623339 nodes)
  residual top-10 (subtree_mass × max(avg_loss − 1.588, 0)):
    rc   rootID   mass      avg_loss     score 
    1    138709   8244278   1.6017       110064.6
    59   6621526  905338    1.6236       31953.6
    44   3229301  724285    1.6188       22110.6
    5    1263676  342947    1.6438       19029.7
    32   1636047  78207     1.7037       9022.6
    6    1317879  754528    1.6003       9005.4
    7    1422321  79638     1.6987       8792.7
    15   1539367  34390     1.8395       8638.7
    25   1602731  57242     1.7261       7884.2
    13   1520469  67330     1.6880       6710.3
    top-10: 24.8% of mass, 73.7% of excess-loss
Epoch 301: loss=1.593972  (21.50 sec, 65 subtrees, 730 chunks, 34623339 nodes)
  residual top-10 (subtree_mass × max(avg_loss − 1.594, 0)):
    rc   rootID   mass      avg_loss     score 
    59   6621526  905338    1.7308       123850.5
    58   6141841  3228512   1.6112       55582.3
    1    138709   8244278   1.5979       32477.7
    44   3229301  724285    1.6242       21892.6
    5    1263676  342947    1.6459       17814.7
    54   5381749  526964    1.6259       16820.2
    15   1539367  34390     1.8439       8594.4
    60   6774952  316779    1.6210       8574.9
    32   1636047  78207     1.7016       8416.3
    7    1422321  79638     1.6967       8183.0
    top-10: 31.8% of mass, 78.9% of excess-loss
Epoch 302: loss=1.603781  (21.50 sec, 65 subtrees, 730 chunks, 34623339 nodes)
  residual top-10 (subtree_mass × max(avg_loss − 1.604, 0)):
    rc   rootID   mass      avg_loss     score 
    59   6621526  905338    1.7557       137565.2
    58   6141841  3228512   1.6161       39805.8
    61   6828350  809921    1.6500       37394.7
    60   6774952  316779    1.6900       27320.5
    44   3229301  724285    1.6364       23634.0
    5    1263676  342947    1.6508       16121.0
    54   5381749  526964    1.6269       12179.9
    1    138709   8244278   1.6051       11148.3
    15   1539367  34390     1.8586       8764.1
    32   1636047  78207     1.7106       8353.7
    top-10: 33.4% of mass, 78.6% of excess-loss
Epoch 303: loss=1.612084  (21.50 sec, 65 subtrees, 730 chunks, 34623339 nodes)
  residual top-10 (subtree_mass × max(avg_loss − 1.612, 0)):
    rc   rootID   mass      avg_loss     score 
    59   6621526  905338    1.8065       175985.2
    1    138709   8244278   1.6249       105930.0
    58   6141841  3228512   1.6270       48088.8
    5    1263676  342947    1.7065       32377.9
    54   5381749  526964    1.6696       30327.6
    6    1317879  754528    1.6506       29092.1
    44   3229301  724285    1.6521       28964.8
    7    1422321  79638     1.7257       9045.2
    15   1539367  34390     1.8524       8266.1
    32   1636047  78207     1.7148       8036.0
    top-10: 32.7% of mass, 85.7% of excess-loss
Epoch 304: loss=1.597870  (21.50 sec, 65 subtrees, 730 chunks, 34623339 nodes)
  residual top-10 (subtree_mass × max(avg_loss − 1.598, 0)):
    rc   rootID   mass      avg_loss     score 
    1    138709   8244278   1.6076       80454.5
    44   3229301  724285    1.6553       41615.6
    5    1263676  342947    1.6685       24209.1
    59   6621526  905338    1.6234       23092.5
    6    1317879  754528    1.6235       19341.5
    39   1660971  2741100   1.6041       17028.4
    46   3463254  2317775   1.6032       12436.8
    7    1422321  79638     1.7147       9305.9
    32   1636047  78207     1.7161       9248.0
    15   1539367  34390     1.8532       8780.1
    top-10: 35.6% of mass, 73.2% of excess-loss
Epoch 305: loss=1.595374  (21.50 sec, 65 subtrees, 730 chunks, 34623339 nodes)
  residual top-10 (subtree_mass × max(avg_loss − 1.595, 0)):
    rc   rootID   mass      avg_loss     score 
    59   6621526  905338    1.7105       104242.9
    1    138709   8244278   1.6023       57195.7
    58   6141841  3228512   1.6057       33253.0
    44   3229301  724285    1.6274       23167.2
    54   5381749  526964    1.6378       22380.8
    5    1263676  342947    1.6449       16998.8
    32   1636047  78207     1.7059       8640.1
    15   1539367  34390     1.8428       8509.1
    7    1422321  79638     1.6997       8310.5
    25   1602731  57242     1.7282       7601.0
    top-10: 31.2% of mass, 78.9% of excess-loss
Epoch 306: loss=1.592040  (21.50 sec, 65 subtrees, 730 chunks, 34623339 nodes)
  residual top-10 (subtree_mass × max(avg_loss − 1.592, 0)):
    rc   rootID   mass      avg_loss     score 
    1    138709   8244278   1.6012       75888.3
    59   6621526  905338    1.6646       65691.3
    44   3229301  724285    1.6216       21398.9
    5    1263676  342947    1.6496       19756.4
    58   6141841  3228512   1.5977       18357.0
    32   1636047  78207     1.7064       8943.3
    7    1422321  79638     1.7004       8627.1
    15   1539367  34390     1.8428       8622.4
    6    1317879  754528    1.6034       8561.2
    25   1602731  57242     1.7321       8018.8
    top-10: 31.7% of mass, 73.5% of excess-loss
Epoch 307: loss=1.596362  (21.49 sec, 65 subtrees, 730 chunks, 34623339 nodes)
  residual top-10 (subtree_mass × max(avg_loss − 1.596, 0)):
    rc   rootID   mass      avg_loss     score 
    59   6621526  905338    1.7478       137087.3
    58   6141841  3228512   1.6102       44790.4
    1    138709   8244278   1.6012       40051.3
    54   5381749  526964    1.6581       32537.7
    5    1263676  342947    1.6483       17825.7
    44   3229301  724285    1.6191       16499.5
    15   1539367  34390     1.8465       8603.1
    32   1636047  78207     1.7062       8588.3
    7    1422321  79638     1.6986       8141.9
    25   1602731  57242     1.7321       7771.7
    top-10: 31.2% of mass, 80.5% of excess-loss
Epoch 308: loss=1.596497  (21.49 sec, 65 subtrees, 730 chunks, 34623339 nodes)
  residual top-10 (subtree_mass × max(avg_loss − 1.596, 0)):
    rc   rootID   mass      avg_loss     score 
    59   6621526  905338    1.7826       168467.4
    1    138709   8244278   1.6016       42018.3
    58   6141841  3228512   1.6085       38629.0
    60   6774952  316779    1.6582       19555.8
    5    1263676  342947    1.6478       17605.0
    44   3229301  724285    1.6186       15987.9
    61   6828350  809921    1.6157       15590.0
    54   5381749  526964    1.6211       12980.4
    15   1539367  34390     1.8451       8549.8
    32   1636047  78207     1.7047       8465.2
    top-10: 33.4% of mass, 80.3% of excess-loss
Epoch 309: loss=1.607305  (21.50 sec, 65 subtrees, 730 chunks, 34623339 nodes)
  residual top-10 (subtree_mass × max(avg_loss − 1.607, 0)):
    rc   rootID   mass      avg_loss     score 
    59   6621526  905338    1.8318       203216.8
    58   6141841  3228512   1.6315       78252.1
    54   5381749  526964    1.6856       41284.9
    44   3229301  724285    1.6349       20010.0
    5    1263676  342947    1.6582       17450.9
    15   1539367  34390     1.8528       8442.2
    7    1422321  79638     1.7076       7990.0
    32   1636047  78207     1.7095       7989.8
    60   6774952  316779    1.6322       7894.6
    46   3463254  2317775   1.6105       7472.3
    top-10: 18.8% of mass, 82.8% of excess-loss
Epoch 310: loss=1.602004  (21.50 sec, 65 subtrees, 730 chunks, 34623339 nodes)
  residual top-10 (subtree_mass × max(avg_loss − 1.602, 0)):
    rc   rootID   mass      avg_loss     score 
    47   3809957  2279927   1.6288       60988.9
    1    138709   8244278   1.6093       60359.2
    59   6621526  905338    1.6619       54267.7
    44   3229301  724285    1.6339       23136.1
    5    1263676  342947    1.6472       15490.0
    54   5381749  526964    1.6260       12649.1
    50   4218803  1289869   1.6094       9505.0
    49   4172773  263541    1.6375       9367.0
    15   1539367  34390     1.8541       8669.6
    32   1636047  78207     1.7100       8444.8
    top-10: 32.2% of mass, 75.4% of excess-loss
Epoch 311: loss=1.593590  (21.50 sec, 65 subtrees, 730 chunks, 34623339 nodes)
  residual top-10 (subtree_mass × max(avg_loss − 1.594, 0)):
    rc   rootID   mass      avg_loss     score 
    1    138709   8244278   1.6047       91307.3
    59   6621526  905338    1.6612       61254.7
    44   3229301  724285    1.6225       20946.7
    5    1263676  342947    1.6449       17605.7
    54   5381749  526964    1.6169       12290.6
    32   1636047  78207     1.7080       8945.4
    15   1539367  34390     1.8508       8845.1
    7    1422321  79638     1.7019       8625.6
    25   1602731  57242     1.7313       7883.9
    6    1317879  754528    1.6031       7158.1
    top-10: 25.8% of mass, 73.9% of excess-loss
Epoch 312: loss=1.591382  (21.50 sec, 65 subtrees, 730 chunks, 34623339 nodes)
  residual top-10 (subtree_mass × max(avg_loss − 1.591, 0)):
    rc   rootID   mass      avg_loss     score 
    59   6621526  905338    1.6763       76875.7
    1    138709   8244278   1.6006       75612.8
    44   3229301  724285    1.6276       26264.9
    5    1263676  342947    1.6433       17795.8
    32   1636047  78207     1.7034       8757.9
    15   1539367  34390     1.8422       8624.4
    54   5381749  526964    1.6077       8580.0
    7    1422321  79638     1.6988       8557.1
    25   1602731  57242     1.7260       7703.5
    6    1317879  754528    1.6011       7319.1
    top-10: 25.8% of mass, 74.0% of excess-loss
Epoch 313: loss=1.590977  (21.49 sec, 65 subtrees, 730 chunks, 34623339 nodes)
  residual top-10 (subtree_mass × max(avg_loss − 1.591, 0)):
    rc   rootID   mass      avg_loss     score 
    59   6621526  905338    1.6695       71054.9
    1    138709   8244278   1.5993       68801.9
    54   5381749  526964    1.6423       27068.7
    44   3229301  724285    1.6241       24009.2
    58   6141841  3228512   1.5968       18658.1
    5    1263676  342947    1.6416       17372.8
    32   1636047  78207     1.7024       8712.4
    15   1539367  34390     1.8426       8651.8
    7    1422321  79638     1.6963       8387.2
    25   1602731  57242     1.7257       7710.6
    top-10: 31.2% of mass, 76.3% of excess-loss
Epoch 314: loss=1.596318  (21.51 sec, 65 subtrees, 730 chunks, 34623339 nodes)
  residual top-10 (subtree_mass × max(avg_loss − 1.596, 0)):
    rc   rootID   mass      avg_loss     score 
    59   6621526  905338    1.7981       182637.2
    58   6141841  3228512   1.6126       52539.2
    54   5381749  526964    1.6613       34231.0
    1    138709   8244278   1.5989       21529.4
    60   6774952  316779    1.6605       20332.3
    44   3229301  724285    1.6213       18116.3
    5    1263676  342947    1.6433       16123.9
    61   6828350  809921    1.6158       15778.8
    15   1539367  34390     1.8420       8447.7
    32   1636047  78207     1.7035       8386.3
    top-10: 33.4% of mass, 82.0% of excess-loss
Epoch 315: loss=1.589549  (21.49 sec, 65 subtrees, 730 chunks, 34623339 nodes)
  residual top-10 (subtree_mass × max(avg_loss − 1.590, 0)):
    rc   rootID   mass      avg_loss     score 
    59   6621526  905338    1.6879       89008.9
    1    138709   8244278   1.5999       85566.8
    54   5381749  526964    1.6282       20378.2
    44   3229301  724285    1.6169       19837.3
    5    1263676  342947    1.6402       17363.7
    58   6141841  3228512   1.5949       17280.0
    32   1636047  78207     1.7012       8735.2
    15   1539367  34390     1.8362       8483.2
    7    1422321  79638     1.6956       8445.8
    25   1602731  57242     1.7235       7668.9
    top-10: 31.2% of mass, 78.0% of excess-loss
Epoch 316: loss=1.594535  (21.51 sec, 65 subtrees, 730 chunks, 34623339 nodes)
  residual top-10 (subtree_mass × max(avg_loss − 1.595, 0)):
    rc   rootID   mass      avg_loss     score 
    59   6621526  905338    1.7891       176153.7
    58   6141841  3228512   1.6189       78785.1
    1    138709   8244278   1.5977       25821.7
    5    1263676  342947    1.6442       17048.0
    60   6774952  316779    1.6442       15742.8
    54   5381749  526964    1.6215       14234.0
    61   6828350  809921    1.6115       13729.9
    44   3229301  724285    1.6116       12373.0
    15   1539367  34390     1.8454       8627.4
    32   1636047  78207     1.7039       8550.1
    top-10: 33.4% of mass, 81.3% of excess-loss
Epoch 317: loss=1.593326  (21.50 sec, 65 subtrees, 730 chunks, 34623339 nodes)
  residual top-10 (subtree_mass × max(avg_loss − 1.593, 0)):
    rc   rootID   mass      avg_loss     score 
    1    138709   8244278   1.6052       97614.5
    59   6621526  905338    1.6509       52131.8
    5    1263676  342947    1.6573       21943.0
    47   3809957  2279927   1.6022       20241.3
    44   3229301  724285    1.6131       14296.3
    54   5381749  526964    1.6190       13526.8
    6    1317879  754528    1.6105       12928.2
    32   1636047  78207     1.7079       8960.2
    7    1422321  79638     1.7027       8711.5
    15   1539367  34390     1.8423       8560.8
    top-10: 30.6% of mass, 74.9% of excess-loss
Epoch 318: loss=1.585176  (21.49 sec, 65 subtrees, 730 chunks, 34623339 nodes)
  residual top-10 (subtree_mass × max(avg_loss − 1.585, 0)):
    rc   rootID   mass      avg_loss     score 
    1    138709   8244278   1.5980       105346.6
    5    1263676  342947    1.6497       22121.2
    59   6621526  905338    1.6069       19693.7
    44   3229301  724285    1.6117       19200.6
    6    1317879  754528    1.6046       14654.8
    39   1660971  2741100   1.5893       11181.5
    32   1636047  78207     1.7045       9331.9
    7    1422321  79638     1.7012       9239.6
    15   1539367  34390     1.8433       8876.0
    25   1602731  57242     1.7286       8209.8
    top-10: 30.6% of mass, 72.6% of excess-loss
Epoch 319: loss=1.597573  (21.51 sec, 65 subtrees, 730 chunks, 34623339 nodes)
  residual top-10 (subtree_mass × max(avg_loss − 1.598, 0)):
    rc   rootID   mass      avg_loss     score 
    59   6621526  905338    1.8561       234014.6
    58   6141841  3228512   1.6316       109765.3
    54   5381749  526964    1.7376       73783.0
    44   3229301  724285    1.6160       13349.0
    5    1263676  342947    1.6358       13099.8
    15   1539367  34390     1.8382       8275.8
    32   1636047  78207     1.7015       8127.4
    60   6774952  316779    1.6227       7945.2
    7    1422321  79638     1.6934       7634.3
    25   1602731  57242     1.7213       7081.1
    top-10: 13.8% of mass, 89.1% of excess-loss
Epoch 320: loss=1.585092  (21.49 sec, 65 subtrees, 730 chunks, 34623339 nodes)
  residual top-10 (subtree_mass × max(avg_loss − 1.585, 0)):
    rc   rootID   mass      avg_loss     score 
    1    138709   8244278   1.5989       113571.0
    59   6621526  905338    1.6249       36054.8
    5    1263676  342947    1.6517       22847.0
    44   3229301  724285    1.6104       18323.4
    6    1317879  754528    1.6032       13690.4
    32   1636047  78207     1.7061       9465.4
    7    1422321  79638     1.7002       9165.5
    15   1539367  34390     1.8451       8941.7
    25   1602731  57242     1.7304       8316.9
    13   1520469  67330     1.6933       7288.4
    top-10: 24.8% of mass, 74.9% of excess-loss
Epoch 321: loss=1.588828  (21.50 sec, 65 subtrees, 730 chunks, 34623339 nodes)
  residual top-10 (subtree_mass × max(avg_loss − 1.589, 0)):
    rc   rootID   mass      avg_loss     score 
    59   6621526  905338    1.7262       124396.0
    58   6141841  3228512   1.6042       49535.3
    1    138709   8244278   1.5937       40373.9
    54   5381749  526964    1.6528       33690.1
    5    1263676  342947    1.6339       15457.4
    44   3229301  724285    1.6102       15449.0
    32   1636047  78207     1.6987       8591.1
    15   1539367  34390     1.8368       8528.2
    7    1422321  79638     1.6919       8205.7
    25   1602731  57242     1.7216       7600.0
    top-10: 31.2% of mass, 80.3% of excess-loss
Epoch 322: loss=1.587439  (21.49 sec, 65 subtrees, 730 chunks, 34623339 nodes)
  residual top-10 (subtree_mass × max(avg_loss − 1.587, 0)):
    rc   rootID   mass      avg_loss     score 
    59   6621526  905338    1.7342       132846.5
    1    138709   8244278   1.5949       61652.4
    58   6141841  3228512   1.6017       45895.1
    5    1263676  342947    1.6312       15004.5
    44   3229301  724285    1.6081       14977.7
    54   5381749  526964    1.6083       10991.5
    32   1636047  78207     1.6988       8708.7
    15   1539367  34390     1.8391       8655.3
    7    1422321  79638     1.6924       8360.5
    60   6774952  316779    1.6118       7709.9
    top-10: 31.8% of mass, 79.9% of excess-loss
Epoch 323: loss=1.591645  (21.50 sec, 65 subtrees, 730 chunks, 34623339 nodes)
  residual top-10 (subtree_mass × max(avg_loss − 1.592, 0)):
    rc   rootID   mass      avg_loss     score 
    59   6621526  905338    1.8028       191128.3
    58   6141841  3228512   1.6076       51355.9
    54   5381749  526964    1.6396       25289.0
    1    138709   8244278   1.5947       24796.5
    44   3229301  724285    1.6192       19933.1
    5    1263676  342947    1.6394       16360.6
    60   6774952  316779    1.6415       15778.9
    61   6828350  809921    1.6043       10218.7
    15   1539367  34390     1.8345       8351.9
    32   1636047  78207     1.6981       8327.9
    top-10: 33.4% of mass, 81.4% of excess-loss
Epoch 324: loss=1.581843  (21.50 sec, 65 subtrees, 730 chunks, 34623339 nodes)
  residual top-10 (subtree_mass × max(avg_loss − 1.582, 0)):
    rc   rootID   mass      avg_loss     score 
    1    138709   8244278   1.5951       109594.2
    59   6621526  905338    1.6257       39662.6
    44   3229301  724285    1.6151       24052.6
    5    1263676  342947    1.6292       16257.2
    46   3463254  2317775   1.5862       10162.1
    32   1636047  78207     1.6981       9093.2
    15   1539367  34390     1.8355       8723.3
    7    1422321  79638     1.6912       8711.2
    6    1317879  754528    1.5927       8180.4
    25   1602731  57242     1.7191       7856.0
    top-10: 29.7% of mass, 75.9% of excess-loss
Epoch 325: loss=1.579385  (21.50 sec, 65 subtrees, 730 chunks, 34623339 nodes)
  residual top-10 (subtree_mass × max(avg_loss − 1.579, 0)):
    rc   rootID   mass      avg_loss     score 
    1    138709   8244278   1.5911       96948.7
    59   6621526  905338    1.6061       24222.0
    44   3229301  724285    1.6090       21454.4
    5    1263676  342947    1.6266       16179.3
    32   1636047  78207     1.6965       9155.7
    7    1422321  79638     1.6900       8811.0
    15   1539367  34390     1.8335       8738.6
    25   1602731  57242     1.7191       7997.0
    46   3463254  2317775   1.5825       7241.6
    6    1317879  754528    1.5889       7166.8
    top-10: 29.7% of mass, 70.4% of excess-loss
Epoch 326: loss=1.590613  (21.49 sec, 65 subtrees, 730 chunks, 34623339 nodes)
  residual top-10 (subtree_mass × max(avg_loss − 1.591, 0)):
    rc   rootID   mass      avg_loss     score 
    59   6621526  905338    1.8117       200175.0
    58   6141841  3228512   1.6132       73065.7
    54   5381749  526964    1.6837       49073.1
    44   3229301  724285    1.6231       23514.0
    5    1263676  342947    1.6298       13437.4
    15   1539367  34390     1.8379       8504.7
    32   1636047  78207     1.6974       8353.1
    7    1422321  79638     1.6890       7838.5
    25   1602731  57242     1.7189       7341.8
    13   1520469  67330     1.6858       6410.3
    top-10: 13.3% of mass, 86.4% of excess-loss
Epoch 327: loss=1.580409  (21.50 sec, 65 subtrees, 730 chunks, 34623339 nodes)
  residual top-10 (subtree_mass × max(avg_loss − 1.580, 0)):
    rc   rootID   mass      avg_loss     score 
    1    138709   8244278   1.5933       106404.8
    59   6621526  905338    1.6459       59332.5
    5    1263676  342947    1.6266       15853.4
    44   3229301  724285    1.6022       15747.7
    32   1636047  78207     1.6959       9032.8
    15   1539367  34390     1.8350       8754.8
    7    1422321  79638     1.6903       8747.6
    6    1317879  754528    1.5915       8359.3
    25   1602731  57242     1.7183       7894.0
    13   1520469  67330     1.6800       6707.0
    top-10: 24.8% of mass, 75.2% of excess-loss
Epoch 328: loss=1.579173  (21.51 sec, 65 subtrees, 730 chunks, 34623339 nodes)
  residual top-10 (subtree_mass × max(avg_loss − 1.579, 0)):
    rc   rootID   mass      avg_loss     score 
    1    138709   8244278   1.5896       86149.7
    59   6621526  905338    1.6371       52407.3
    44   3229301  724285    1.6038       17825.8
    5    1263676  342947    1.6259       16028.9
    58   6141841  3228512   1.5825       10837.6
    32   1636047  78207     1.6944       9015.2
    7    1422321  79638     1.6877       8645.5
    15   1539367  34390     1.8299       8622.6
    25   1602731  57242     1.7155       7802.6
    13   1520469  67330     1.6784       6680.0
    top-10: 30.2% of mass, 72.8% of excess-loss
Epoch 329: loss=1.585514  (21.49 sec, 65 subtrees, 730 chunks, 34623339 nodes)
  residual top-10 (subtree_mass × max(avg_loss − 1.586, 0)):
    rc   rootID   mass      avg_loss     score 
    59   6621526  905338    1.7517       150459.3
    58   6141841  3228512   1.6038       58967.4
    54   5381749  526964    1.6497       33810.6
    1    138709   8244278   1.5892       30764.5
    44   3229301  724285    1.6088       16864.2
    5    1263676  342947    1.6268       14144.0
    15   1539367  34390     1.8330       8511.3
    32   1636047  78207     1.6942       8501.5
    7    1422321  79638     1.6874       8115.3
    25   1602731  57242     1.7163       7483.8
    top-10: 31.2% of mass, 82.1% of excess-loss
Epoch 330: loss=1.582019  (21.49 sec, 65 subtrees, 730 chunks, 34623339 nodes)
  residual top-10 (subtree_mass × max(avg_loss − 1.582, 0)):
    rc   rootID   mass      avg_loss     score 
    59   6621526  905338    1.6825       90971.4
    1    138709   8244278   1.5928       88857.1
    5    1263676  342947    1.6311       16838.3
    44   3229301  724285    1.6036       15612.1
    58   6141841  3228512   1.5866       14854.3
    54   5381749  526964    1.6007       9818.3
    32   1636047  78207     1.6978       9058.6
    15   1539367  34390     1.8334       8644.7
    7    1422321  79638     1.6896       8566.6
    25   1602731  57242     1.7175       7755.0
    top-10: 31.2% of mass, 76.3% of excess-loss
Epoch 331: loss=1.580682  (21.51 sec, 65 subtrees, 730 chunks, 34623339 nodes)
  residual top-10 (subtree_mass × max(avg_loss − 1.581, 0)):
    rc   rootID   mass      avg_loss     score 
    59   6621526  905338    1.6656       76865.7
    1    138709   8244278   1.5899       76389.0
    5    1263676  342947    1.6307       17147.5
    44   3229301  724285    1.6027       15929.6
    54   5381749  526964    1.6074       14073.5
    58   6141841  3228512   1.5839       10321.6
    32   1636047  78207     1.6948       8927.3
    7    1422321  79638     1.6889       8618.8
    15   1539367  34390     1.8312       8616.3
    25   1602731  57242     1.7151       7694.9
    top-10: 31.2% of mass, 74.8% of excess-loss
Epoch 332: loss=1.579545  (21.49 sec, 65 subtrees, 730 chunks, 34623339 nodes)
  residual top-10 (subtree_mass × max(avg_loss − 1.580, 0)):
    rc   rootID   mass      avg_loss     score 
    1    138709   8244278   1.5896       82482.5
    59   6621526  905338    1.6515       65108.7
    54   5381749  526964    1.6110       16583.6
    5    1263676  342947    1.6271       16297.6
    44   3229301  724285    1.6016       15999.6
    58   6141841  3228512   1.5844       15746.0
    32   1636047  78207     1.6936       8920.0
    15   1539367  34390     1.8350       8785.3
    7    1422321  79638     1.6877       8612.8
    25   1602731  57242     1.7154       7776.7
    top-10: 31.2% of mass, 75.3% of excess-loss
Epoch 333: loss=1.584730  (21.51 sec, 65 subtrees, 730 chunks, 34623339 nodes)
  residual top-10 (subtree_mass × max(avg_loss − 1.585, 0)):
    rc   rootID   mass      avg_loss     score 
    59   6621526  905338    1.6929       97956.6
    44   3229301  724285    1.6347       36221.4
    1    138709   8244278   1.5884       29959.6
    40   2098840  473230    1.6181       15786.2
    5    1263676  342947    1.6246       13669.7
    54   5381749  526964    1.6085       12542.1
    39   1660971  2741100   1.5893       12526.1
    58   6141841  3228512   1.5879       10345.9
    60   6774952  316779    1.6127       8849.8
    32   1636047  78207     1.6978       8842.3
    top-10: 38.6% of mass, 72.5% of excess-loss
Epoch 334: loss=1.600315  (21.50 sec, 65 subtrees, 730 chunks, 34623339 nodes)
  residual top-10 (subtree_mass × max(avg_loss − 1.600, 0)):
    rc   rootID   mass      avg_loss     score 
    58   6141841  3228512   1.7082       348406.6
    59   6621526  905338    1.8858       258471.6
    54   5381749  526964    1.7220       64101.7
    60   6774952  316779    1.6370       11613.9
    5    1263676  342947    1.6256       8660.8
    15   1539367  34390     1.8340       8038.1
    32   1636047  78207     1.6934       7281.0
    57   5794595  2162522   1.6035       6925.1
    7    1422321  79638     1.6873       6924.1
    25   1602731  57242     1.7151       6569.6
    top-10: 17.0% of mass, 92.0% of excess-loss
Epoch 335: loss=1.584265  (21.51 sec, 65 subtrees, 730 chunks, 34623339 nodes)
  residual top-10 (subtree_mass × max(avg_loss − 1.584, 0)):
    rc   rootID   mass      avg_loss     score 
    1    138709   8244278   1.6019       145637.7
    6    1317879  754528    1.6389       41253.5
    5    1263676  342947    1.6810       33178.4
    39   1660971  2741100   1.5950       29480.4
    44   3229301  724285    1.6157       22754.7
    7    1422321  79638     1.7154       10441.2
    32   1636047  78207     1.7122       10008.8
    15   1539367  34390     1.8486       9091.0
    25   1602731  57242     1.7324       8477.7
    13   1520469  67330     1.7029       7989.2
    top-10: 28.8% of mass, 79.0% of excess-loss
Epoch 336: loss=1.576686  (21.49 sec, 65 subtrees, 730 chunks, 34623339 nodes)
  residual top-10 (subtree_mass × max(avg_loss − 1.577, 0)):
    rc   rootID   mass      avg_loss     score 
    1    138709   8244278   1.5887       99017.9
    44   3229301  724285    1.6024       18603.2
    39   1660971  2741100   1.5829       17140.6
    5    1263676  342947    1.6246       16426.8
    46   3463254  2317775   1.5814       10899.1
    6    1317879  754528    1.5904       10377.0
    32   1636047  78207     1.6982       9502.6
    7    1422321  79638     1.6913       9130.9
    59   6621526  905338    1.5868       9114.7
    15   1539367  34390     1.8363       8927.9
    top-10: 35.6% of mass, 70.9% of excess-loss
Epoch 337: loss=1.577324  (21.50 sec, 65 subtrees, 730 chunks, 34623339 nodes)
  residual top-10 (subtree_mass × max(avg_loss − 1.577, 0)):
    rc   rootID   mass      avg_loss     score 
    1    138709   8244278   1.5879       86867.2
    59   6621526  905338    1.6106       30154.5
    5    1263676  342947    1.6306       18260.6
    44   3229301  724285    1.6014       17418.2
    6    1317879  754528    1.5917       10875.2
    32   1636047  78207     1.6954       9236.4
    7    1422321  79638     1.6921       9138.3
    15   1539367  34390     1.8332       8800.8
    25   1602731  57242     1.7223       8296.5
    46   3463254  2317775   1.5807       7925.2
    top-10: 29.7% of mass, 71.3% of excess-loss
Epoch 338: loss=1.581385  (21.51 sec, 65 subtrees, 730 chunks, 34623339 nodes)
  residual top-10 (subtree_mass × max(avg_loss − 1.581, 0)):
    rc   rootID   mass      avg_loss     score 
    59   6621526  905338    1.7101       116573.7
    1    138709   8244278   1.5883       57150.8
    58   6141841  3228512   1.5914       32259.9
    54   5381749  526964    1.6172       18887.1
    44   3229301  724285    1.6050       17121.3
    5    1263676  342947    1.6246       14803.8
    32   1636047  78207     1.6930       8731.6
    15   1539367  34390     1.8311       8588.1
    7    1422321  79638     1.6886       8538.8
    25   1602731  57242     1.7167       7747.4
    top-10: 31.2% of mass, 79.7% of excess-loss
Epoch 339: loss=1.579958  (21.49 sec, 65 subtrees, 730 chunks, 34623339 nodes)
  residual top-10 (subtree_mass × max(avg_loss − 1.580, 0)):
    rc   rootID   mass      avg_loss     score 
    1    138709   8244278   1.5890       74499.7
    59   6621526  905338    1.6476       61256.1
    58   6141841  3228512   1.5873       23815.9
    44   3229301  724285    1.6042       17581.7
    5    1263676  342947    1.6272       16198.0
    32   1636047  78207     1.6949       8993.0
    7    1422321  79638     1.6921       8929.5
    15   1539367  34390     1.8338       8728.1
    25   1602731  57242     1.7200       8017.3
    6    1317879  754528    1.5899       7497.3
    top-10: 31.7% of mass, 73.9% of excess-loss
Epoch 340: loss=1.580217  (21.50 sec, 65 subtrees, 730 chunks, 34623339 nodes)
  residual top-10 (subtree_mass × max(avg_loss − 1.580, 0)):
    rc   rootID   mass      avg_loss     score 
    1    138709   8244278   1.5908       87583.7
    59   6621526  905338    1.6380       52276.5
    5    1263676  342947    1.6327       17987.3
    44   3229301  724285    1.5995       13947.0
    54   5381749  526964    1.6024       11678.0
    6    1317879  754528    1.5937       10185.4
    58   6141841  3228512   1.5832       9596.0
    32   1636047  78207     1.6971       9140.9
    7    1422321  79638     1.6916       8869.2
    15   1539367  34390     1.8335       8710.1
    top-10: 32.7% of mass, 72.5% of excess-loss
Epoch 341: loss=1.577282  (21.49 sec, 65 subtrees, 730 chunks, 34623339 nodes)
  residual top-10 (subtree_mass × max(avg_loss − 1.577, 0)):
    rc   rootID   mass      avg_loss     score 
    1    138709   8244278   1.5884       91788.3
    59   6621526  905338    1.6233       41634.7
    44   3229301  724285    1.6017       17682.1
    5    1263676  342947    1.6211       15024.9
    32   1636047  78207     1.6942       9142.0
    7    1422321  79638     1.6881       8827.4
    15   1539367  34390     1.8308       8719.7
    25   1602731  57242     1.7173       8017.7
    6    1317879  754528    1.5870       7309.6
    13   1520469  67330     1.6788       6832.8
    top-10: 24.8% of mass, 71.0% of excess-loss
Epoch 342: loss=1.578747  (21.50 sec, 65 subtrees, 730 chunks, 34623339 nodes)
  residual top-10 (subtree_mass × max(avg_loss − 1.579, 0)):
    rc   rootID   mass      avg_loss     score 
    59   6621526  905338    1.6570       70862.9
    1    138709   8244278   1.5871       68642.5
    44   3229301  724285    1.6053       19206.6
    5    1263676  342947    1.6215       14655.4
    54   5381749  526964    1.6003       11332.1
    32   1636047  78207     1.6934       8969.1
    15   1539367  34390     1.8320       8709.3
    7    1422321  79638     1.6879       8693.2
    58   6141841  3228512   1.5813       8104.2
    25   1602731  57242     1.7175       7940.0
    top-10: 31.2% of mass, 72.7% of excess-loss
Epoch 343: loss=1.576719  (21.49 sec, 65 subtrees, 730 chunks, 34623339 nodes)
  residual top-10 (subtree_mass × max(avg_loss − 1.577, 0)):
    rc   rootID   mass      avg_loss     score 
    1    138709   8244278   1.5866       81293.9
    59   6621526  905338    1.6155       35087.0
    44   3229301  724285    1.6033       19281.5
    5    1263676  342947    1.6198       14760.5
    54   5381749  526964    1.6022       13413.6
    32   1636047  78207     1.6914       8970.9
    15   1539367  34390     1.8288       8669.6
    7    1422321  79638     1.6849       8618.6
    25   1602731  57242     1.7156       7951.3
    13   1520469  67330     1.6755       6650.6
    top-10: 24.3% of mass, 70.4% of excess-loss
Epoch 344: loss=1.582703  (21.50 sec, 65 subtrees, 730 chunks, 34623339 nodes)
  residual top-10 (subtree_mass × max(avg_loss − 1.583, 0)):
    rc   rootID   mass      avg_loss     score 
    59   6621526  905338    1.7736       172817.5
    58   6141841  3228512   1.6028       64809.8
    1    138709   8244278   1.5864       30223.2
    54   5381749  526964    1.6137       16358.7
    5    1263676  342947    1.6248       14433.6
    44   3229301  724285    1.5982       11197.9
    60   6774952  316779    1.6146       10112.5
    32   1636047  78207     1.6914       8504.4
    15   1539367  34390     1.8285       8454.3
    7    1422321  79638     1.6864       8260.1
    top-10: 31.8% of mass, 81.3% of excess-loss
Epoch 345: loss=1.577453  (21.49 sec, 65 subtrees, 730 chunks, 34623339 nodes)
  residual top-10 (subtree_mass × max(avg_loss − 1.577, 0)):
    rc   rootID   mass      avg_loss     score 
    1    138709   8244278   1.5888       93269.0
    59   6621526  905338    1.6136       32753.7
    44   3229301  724285    1.6138       26305.9
    5    1263676  342947    1.6269       16948.0
    32   1636047  78207     1.6935       9075.8
    7    1422321  79638     1.6887       8855.6
    15   1539367  34390     1.8324       8767.3
    46   3463254  2317775   1.5811       8420.6
    25   1602731  57242     1.7153       7892.6
    6    1317879  754528    1.5872       7344.3
    top-10: 29.7% of mass, 73.9% of excess-loss
Epoch 346: loss=1.581258  (21.50 sec, 65 subtrees, 730 chunks, 34623339 nodes)
  residual top-10 (subtree_mass × max(avg_loss − 1.581, 0)):
    rc   rootID   mass      avg_loss     score 
    59   6621526  905338    1.7491       151954.4
    58   6141841  3228512   1.5979       53632.7
    1    138709   8244278   1.5869       46312.7
    54   5381749  526964    1.6132       16817.4
    44   3229301  724285    1.6037       16238.6
    5    1263676  342947    1.6201       13326.7
    15   1539367  34390     1.8359       8758.5
    60   6774952  316779    1.6088       8739.3
    32   1636047  78207     1.6909       8572.4
    7    1422321  79638     1.6856       8313.4
    top-10: 31.8% of mass, 81.4% of excess-loss
Epoch 347: loss=1.574407  (21.50 sec, 65 subtrees, 730 chunks, 34623339 nodes)
  residual top-10 (subtree_mass × max(avg_loss − 1.574, 0)):
    rc   rootID   mass      avg_loss     score 
    1    138709   8244278   1.5888       119018.7
    44   3229301  724285    1.5983       17328.8
    5    1263676  342947    1.6215       16155.0
    59   6621526  905338    1.5886       12881.3
    46   3463254  2317775   1.5785       9469.5
    6    1317879  754528    1.5866       9185.4
    32   1636047  78207     1.6907       9093.0
    7    1422321  79638     1.6857       8863.9
    15   1539367  34390     1.8303       8799.5
    25   1602731  57242     1.7116       7850.4
    top-10: 29.7% of mass, 73.2% of excess-loss
Epoch 348: loss=1.575124  (21.49 sec, 65 subtrees, 730 chunks, 34623339 nodes)
  residual top-10 (subtree_mass × max(avg_loss − 1.575, 0)):
    rc   rootID   mass      avg_loss     score 
    1    138709   8244278   1.5857       87269.8
    59   6621526  905338    1.6132       34482.9
    44   3229301  724285    1.5979       16527.9
    5    1263676  342947    1.6179       14677.4
    58   6141841  3228512   1.5786       11254.1
    32   1636047  78207     1.6900       8982.7
    15   1539367  34390     1.8290       8731.0
    7    1422321  79638     1.6841       8681.4
    25   1602731  57242     1.7094       7686.3
    13   1520469  67330     1.6751       6729.7
    top-10: 30.2% of mass, 72.9% of excess-loss
Epoch 349: loss=1.579925  (21.48 sec, 65 subtrees, 730 chunks, 34623339 nodes)
  residual top-10 (subtree_mass × max(avg_loss − 1.580, 0)):
    rc   rootID   mass      avg_loss     score 
    59   6621526  905338    1.6948       104014.6
    1    138709   8244278   1.5877       63786.0
    54   5381749  526964    1.6201       21179.8
    58   6141841  3228512   1.5853       17512.7
    44   3229301  724285    1.6021       16038.8
    5    1263676  342947    1.6204       13877.2
    32   1636047  78207     1.6917       8738.0
    15   1539367  34390     1.8299       8596.6
    7    1422321  79638     1.6862       8466.7
    25   1602731  57242     1.7113       7518.5
    top-10: 31.2% of mass, 77.7% of excess-loss
Epoch 350: loss=1.578869  (21.51 sec, 65 subtrees, 730 chunks, 34623339 nodes)
  residual top-10 (subtree_mass × max(avg_loss − 1.579, 0)):
    rc   rootID   mass      avg_loss     score 
    1    138709   8244278   1.5888       81694.4
    59   6621526  905338    1.6573       71014.6
    44   3229301  724285    1.6092       22003.0
    5    1263676  342947    1.6245       15640.1
    58   6141841  3228512   1.5826       12001.7
    46   3463254  2317775   1.5835       10661.0
    32   1636047  78207     1.6914       8801.5
    7    1422321  79638     1.6882       8710.8
    15   1539367  34390     1.8304       8650.7
    6    1317879  754528    1.5891       7691.6
    top-10: 36.7% of mass, 73.4% of excess-loss
Epoch 351: loss=1.573344  (21.51 sec, 65 subtrees, 730 chunks, 34623339 nodes)
  residual top-10 (subtree_mass × max(avg_loss − 1.573, 0)):
    rc   rootID   mass      avg_loss     score 
    1    138709   8244278   1.5856       100747.2
    59   6621526  905338    1.6056       29213.6
    44   3229301  724285    1.5989       18528.4
    5    1263676  342947    1.6247       17619.6
    6    1317879  754528    1.5864       9842.5
    32   1636047  78207     1.6897       9103.2
    7    1422321  79638     1.6867       9027.7
    15   1539367  34390     1.8312       8868.9
    46   3463254  2317775   1.5768       7923.6
    25   1602731  57242     1.7108       7865.6
    top-10: 29.7% of mass, 72.6% of excess-loss
Epoch 352: loss=1.573862  (21.51 sec, 65 subtrees, 730 chunks, 34623339 nodes)
  residual top-10 (subtree_mass × max(avg_loss − 1.574, 0)):
    rc   rootID   mass      avg_loss     score 
    1    138709   8244278   1.5842       84863.5
    59   6621526  905338    1.6371       57243.3
    44   3229301  724285    1.5944       14902.1
    5    1263676  342947    1.6142       13846.3
    54   5381749  526964    1.5924       9789.0
    32   1636047  78207     1.6897       9058.3
    7    1422321  79638     1.6842       8789.2
    15   1539367  34390     1.8280       8740.1
    25   1602731  57242     1.7083       7693.2
    13   1520469  67330     1.6736       6712.6
    top-10: 24.3% of mass, 72.5% of excess-loss
Epoch 353: loss=1.577448  (21.50 sec, 65 subtrees, 730 chunks, 34623339 nodes)
  residual top-10 (subtree_mass × max(avg_loss − 1.577, 0)):
    rc   rootID   mass      avg_loss     score 
    59   6621526  905338    1.7291       137266.6
    1    138709   8244278   1.5841       54445.2
    58   6141841  3228512   1.5907       42831.3
    54   5381749  526964    1.6188       21802.7
    44   3229301  724285    1.5972       14299.7
    5    1263676  342947    1.6148       12796.1
    15   1539367  34390     1.8280       8616.3
    32   1636047  78207     1.6876       8613.3
    7    1422321  79638     1.6831       8416.5
    25   1602731  57242     1.7068       7404.7
    top-10: 31.2% of mass, 82.2% of excess-loss
Epoch 354: loss=1.572319  (21.49 sec, 65 subtrees, 730 chunks, 34623339 nodes)
  residual top-10 (subtree_mass × max(avg_loss − 1.572, 0)):
    rc   rootID   mass      avg_loss     score 
    1    138709   8244278   1.5843       99117.6
    59   6621526  905338    1.6108       34871.2
    44   3229301  724285    1.6013       20965.6
    5    1263676  342947    1.6134       14075.2
    32   1636047  78207     1.6874       9003.7
    15   1539367  34390     1.8276       8779.2
    7    1422321  79638     1.6815       8696.1
    46   3463254  2317775   1.5757       7875.2
    25   1602731  57242     1.7075       7737.0
    13   1520469  67330     1.6712       6660.5
    top-10: 28.2% of mass, 74.2% of excess-loss
Epoch 355: loss=1.572733  (21.51 sec, 65 subtrees, 730 chunks, 34623339 nodes)
  residual top-10 (subtree_mass × max(avg_loss − 1.573, 0)):
    rc   rootID   mass      avg_loss     score 
    1    138709   8244278   1.5838       90868.6
    59   6621526  905338    1.6268       48982.9
    44   3229301  724285    1.5956       16532.3
    5    1263676  342947    1.6126       13668.9
    46   3463254  2317775   1.5774       10822.7
    32   1636047  78207     1.6875       8976.2
    7    1422321  79638     1.6825       8739.7
    15   1539367  34390     1.8265       8726.0
    25   1602731  57242     1.7066       7664.5
    13   1520469  67330     1.6718       6673.2
    top-10: 28.2% of mass, 73.0% of excess-loss
Epoch 356: loss=1.571657  (21.51 sec, 65 subtrees, 730 chunks, 34623339 nodes)
  residual top-10 (subtree_mass × max(avg_loss − 1.572, 0)):
    rc   rootID   mass      avg_loss     score 
    1    138709   8244278   1.5830       93261.6
    59   6621526  905338    1.6124       36853.4
    44   3229301  724285    1.5960       17608.1
    5    1263676  342947    1.6181       15925.8
    32   1636047  78207     1.6868       9004.7
    7    1422321  79638     1.6828       8849.5
    15   1539367  34390     1.8242       8684.5
    25   1602731  57242     1.7060       7692.7
    46   3463254  2317775   1.5747       7105.7
    6    1317879  754528    1.5806       6768.2
    top-10: 29.7% of mass, 72.5% of excess-loss
Epoch 357: loss=1.571734  (21.51 sec, 65 subtrees, 730 chunks, 34623339 nodes)
  residual top-10 (subtree_mass × max(avg_loss − 1.572, 0)):
    rc   rootID   mass      avg_loss     score 
    1    138709   8244278   1.5826       89631.6
    59   6621526  905338    1.6146       38781.9
    44   3229301  724285    1.6007       20981.2
    5    1263676  342947    1.6141       14541.5
    32   1636047  78207     1.6868       8999.8
    7    1422321  79638     1.6817       8760.4
    15   1539367  34390     1.8234       8654.0
    58   6141841  3228512   1.5742       7803.2
    25   1602731  57242     1.7064       7708.8
    46   3463254  2317775   1.5747       6903.0
    top-10: 35.1% of mass, 71.5% of excess-loss
Epoch 358: loss=1.573353  (21.51 sec, 65 subtrees, 730 chunks, 34623339 nodes)
  residual top-10 (subtree_mass × max(avg_loss − 1.573, 0)):
    rc   rootID   mass      avg_loss     score 
    59   6621526  905338    1.6596       78121.2
    1    138709   8244278   1.5824       74813.4
    58   6141841  3228512   1.5791       18466.9
    44   3229301  724285    1.5959       16300.2
    5    1263676  342947    1.6155       14452.1
    54   5381749  526964    1.5994       13735.1
    32   1636047  78207     1.6858       8796.6
    15   1539367  34390     1.8240       8618.7
    7    1422321  79638     1.6813       8593.2
    25   1602731  57242     1.7066       7627.7
    top-10: 31.2% of mass, 76.2% of excess-loss
Epoch 359: loss=1.576528  (21.50 sec, 65 subtrees, 730 chunks, 34623339 nodes)
  residual top-10 (subtree_mass × max(avg_loss − 1.577, 0)):
    rc   rootID   mass      avg_loss     score 
    59   6621526  905338    1.7144       124864.2
    1    138709   8244278   1.5828       51852.2
    58   6141841  3228512   1.5854       28619.8
    5    1263676  342947    1.6490       24865.9
    44   3229301  724285    1.5935       12286.1
    6    1317879  754528    1.5908       10741.4
    7    1422321  79638     1.6924       9228.2
    15   1539367  34390     1.8321       8790.1
    32   1636047  78207     1.6889       8789.6
    60   6774952  316779    1.6038       8639.1
    top-10: 32.3% of mass, 77.1% of excess-loss
Epoch 360: loss=1.571040  (21.51 sec, 65 subtrees, 730 chunks, 34623339 nodes)
  residual top-10 (subtree_mass × max(avg_loss − 1.571, 0)):
    rc   rootID   mass      avg_loss     score 
    1    138709   8244278   1.5833       100937.1
    59   6621526  905338    1.5942       20983.0
    44   3229301  724285    1.5924       15466.0
    5    1263676  342947    1.6137       14640.4
    46   3463254  2317775   1.5750       9091.2
    32   1636047  78207     1.6872       9084.1
    15   1539367  34390     1.8294       8885.7
    7    1422321  79638     1.6821       8846.1
    25   1602731  57242     1.7084       7863.2
    13   1520469  67330     1.6713       6752.5
    top-10: 28.2% of mass, 70.7% of excess-loss
Epoch 361: loss=1.570860  (21.52 sec, 65 subtrees, 730 chunks, 34623339 nodes)
  residual top-10 (subtree_mass × max(avg_loss − 1.571, 0)):
    rc   rootID   mass      avg_loss     score 
    1    138709   8244278   1.5820       91764.1
    59   6621526  905338    1.6097       35130.8
    5    1263676  342947    1.6128       14372.3
    44   3229301  724285    1.5905       14256.0
    54   5381749  526964    1.5921       11185.7
    32   1636047  78207     1.6863       9028.2
    7    1422321  79638     1.6809       8762.0
    15   1539367  34390     1.8225       8654.3
    25   1602731  57242     1.7047       7660.4
    13   1520469  67330     1.6683       6557.7
    top-10: 24.3% of mass, 71.5% of excess-loss
Epoch 362: loss=1.571577  (21.52 sec, 65 subtrees, 730 chunks, 34623339 nodes)
  residual top-10 (subtree_mass × max(avg_loss − 1.572, 0)):
    rc   rootID   mass      avg_loss     score 
    1    138709   8244278   1.5821       86978.3
    59   6621526  905338    1.6301       53012.3
    44   3229301  724285    1.5934       15773.9
    5    1263676  342947    1.6116       13741.8
    58   6141841  3228512   1.5758       13544.2
    32   1636047  78207     1.6855       8909.7
    7    1422321  79638     1.6811       8723.7
    15   1539367  34390     1.8202       8550.6
    25   1602731  57242     1.7068       7742.8
    13   1520469  67330     1.6692       6575.7
    top-10: 30.2% of mass, 72.9% of excess-loss
Epoch 363: loss=1.571073  (21.51 sec, 65 subtrees, 730 chunks, 34623339 nodes)
  residual top-10 (subtree_mass × max(avg_loss − 1.571, 0)):
    rc   rootID   mass      avg_loss     score 
    1    138709   8244278   1.5830       98178.0
    59   6621526  905338    1.6153       40061.0
    5    1263676  342947    1.6168       15688.3
    44   3229301  724285    1.5911       14486.2
    32   1636047  78207     1.6881       9148.5
    7    1422321  79638     1.6831       8924.4
    15   1539367  34390     1.8220       8627.7
    6    1317879  754528    1.5821       8357.1
    25   1602731  57242     1.7075       7809.1
    13   1520469  67330     1.6704       6686.7
    top-10: 24.8% of mass, 73.7% of excess-loss
Epoch 364: loss=1.574383  (21.52 sec, 65 subtrees, 730 chunks, 34623339 nodes)
  residual top-10 (subtree_mass × max(avg_loss − 1.574, 0)):
    rc   rootID   mass      avg_loss     score 
    59   6621526  905338    1.7156       127869.6
    1    138709   8244278   1.5820       63106.2
    58   6141841  3228512   1.5875       42245.2
    44   3229301  724285    1.5917       12550.7
    5    1263676  342947    1.6104       12352.8
    32   1636047  78207     1.6859       8722.7
    15   1539367  34390     1.8249       8616.4
    7    1422321  79638     1.6808       8472.0
    54   5381749  526964    1.5905       8471.2
    25   1602731  57242     1.7086       7683.4
    top-10: 31.2% of mass, 79.9% of excess-loss
Epoch 365: loss=1.569054  (21.51 sec, 65 subtrees, 730 chunks, 34623339 nodes)
  residual top-10 (subtree_mass × max(avg_loss − 1.569, 0)):
    rc   rootID   mass      avg_loss     score 
    1    138709   8244278   1.5821       107654.7
    59   6621526  905338    1.5948       23300.9
    44   3229301  724285    1.5906       15615.0
    5    1263676  342947    1.6093       13799.9
    32   1636047  78207     1.6851       9074.1
    7    1422321  79638     1.6802       8854.6
    15   1539367  34390     1.8209       8661.2
    46   3463254  2317775   1.5727       8411.2
    25   1602731  57242     1.7071       7903.4
    13   1520469  67330     1.6715       6899.1
    top-10: 28.2% of mass, 72.2% of excess-loss
Epoch 366: loss=1.573172  (21.50 sec, 65 subtrees, 730 chunks, 34623339 nodes)
  residual top-10 (subtree_mass × max(avg_loss − 1.573, 0)):
    rc   rootID   mass      avg_loss     score 
    59   6621526  905338    1.6427       62923.7
    1    138709   8244278   1.5806       61524.4
    44   3229301  724285    1.5956       16233.6
    5    1263676  342947    1.6105       12785.4
    58   6141841  3228512   1.5770       12428.7
    54   5381749  526964    1.5957       11870.8
    32   1636047  78207     1.6839       8662.2
    15   1539367  34390     1.8216       8544.3
    7    1422321  79638     1.6803       8533.5
    25   1602731  57242     1.7051       7552.8
    top-10: 31.2% of mass, 72.2% of excess-loss
Epoch 367: loss=1.572404  (21.50 sec, 65 subtrees, 730 chunks, 34623338 nodes)
  residual top-10 (subtree_mass × max(avg_loss − 1.572, 0)):
    rc   rootID   mass      avg_loss     score 
    1    138709   8244278   1.5840       95206.8
    59   6621526  905338    1.6161       39604.4
    44   3229301  724285    1.5940       15609.9
    5    1263676  342947    1.6124       13707.1
    32   1636047  78207     1.6890       9121.1
    7    1422321  79638     1.6840       8891.3
    15   1539367  34390     1.8251       8691.6
    25   1602731  57242     1.7100       7874.3
    46   3463254  2317775   1.5754       6864.6
    13   1520469  67330     1.6722       6718.8
    top-10: 28.2% of mass, 71.3% of excess-loss
Epoch 368: loss=1.570692  (21.51 sec, 65 subtrees, 730 chunks, 34623339 nodes)
  residual top-10 (subtree_mass × max(avg_loss − 1.571, 0)):
    rc   rootID   mass      avg_loss     score 
    1    138709   8244278   1.5827       99131.5
    59   6621526  905338    1.6083       34080.2
    44   3229301  724285    1.5931       16221.2
    5    1263676  342947    1.6106       13701.8
    32   1636047  78207     1.6886       9223.7
    7    1422321  79638     1.6827       8922.8
    46   3463254  2317775   1.5745       8906.7
    15   1539367  34390     1.8233       8685.7
    25   1602731  57242     1.7077       7841.0
    13   1520469  67330     1.6708       6740.1
    top-10: 28.2% of mass, 73.2% of excess-loss
Epoch 369: loss=1.571673  (21.51 sec, 65 subtrees, 730 chunks, 34623339 nodes)
  residual top-10 (subtree_mass × max(avg_loss − 1.572, 0)):
    rc   rootID   mass      avg_loss     score 
    1    138709   8244278   1.5820       85359.9
    59   6621526  905338    1.6322       54829.7
    44   3229301  724285    1.5933       15659.2
    5    1263676  342947    1.6100       13158.2
    58   6141841  3228512   1.5752       11338.2
    32   1636047  78207     1.6861       8950.3
    15   1539367  34390     1.8287       8839.2
    7    1422321  79638     1.6816       8757.0
    54   5381749  526964    1.5881       8630.5
    25   1602731  57242     1.7050       7632.5
    top-10: 31.2% of mass, 73.1% of excess-loss
Epoch 370: loss=1.569705  (21.50 sec, 65 subtrees, 730 chunks, 34623339 nodes)
  residual top-10 (subtree_mass × max(avg_loss − 1.570, 0)):
    rc   rootID   mass      avg_loss     score 
    1    138709   8244278   1.5824       104525.1
    59   6621526  905338    1.6001       27497.5
    44   3229301  724285    1.5917       15895.0
    5    1263676  342947    1.6098       13761.5
    32   1636047  78207     1.6856       9060.3
    7    1422321  79638     1.6814       8893.4
    15   1539367  34390     1.8217       8665.4
    46   3463254  2317775   1.5733       8374.4
    25   1602731  57242     1.7050       7744.3
    13   1520469  67330     1.6677       6595.4
    top-10: 28.2% of mass, 73.8% of excess-loss
Epoch 371: loss=1.571987  (21.51 sec, 65 subtrees, 730 chunks, 34623339 nodes)
  residual top-10 (subtree_mass × max(avg_loss − 1.572, 0)):
    rc   rootID   mass      avg_loss     score 
    1    138709   8244278   1.5814       77786.7
    59   6621526  905338    1.6538       74037.9
    58   6141841  3228512   1.5790       22569.6
    44   3229301  724285    1.5900       13037.4
    54   5381749  526964    1.5959       12578.1
    5    1263676  342947    1.6085       12520.8
    32   1636047  78207     1.6859       8905.1
    7    1422321  79638     1.6800       8602.1
    15   1539367  34390     1.8176       8445.5
    25   1602731  57242     1.7066       7708.1
    top-10: 31.2% of mass, 76.1% of excess-loss
Epoch 372: loss=1.571681  (21.52 sec, 65 subtrees, 730 chunks, 34623339 nodes)
  residual top-10 (subtree_mass × max(avg_loss − 1.572, 0)):
    rc   rootID   mass      avg_loss     score 
    1    138709   8244278   1.5817       82262.2
    59   6621526  905338    1.6198       43553.6
    58   6141841  3228512   1.5807       29004.3
    44   3229301  724285    1.5907       13748.4
    5    1263676  342947    1.6091       12827.1
    32   1636047  78207     1.6848       8848.0
    7    1422321  79638     1.6801       8631.7
    15   1539367  34390     1.8203       8550.6
    25   1602731  57242     1.7039       7567.6
    13   1520469  67330     1.6688       6538.4
    top-10: 30.2% of mass, 73.9% of excess-loss
Epoch 373: loss=1.569830  (21.51 sec, 65 subtrees, 730 chunks, 34623339 nodes)
  residual top-10 (subtree_mass × max(avg_loss − 1.570, 0)):
    rc   rootID   mass      avg_loss     score 
    1    138709   8244278   1.5832       109989.5
    59   6621526  905338    1.5967       24328.3
    5    1263676  342947    1.6083       13204.2
    44   3229301  724285    1.5873       12684.2
    32   1636047  78207     1.6856       9051.8
    7    1422321  79638     1.6817       8909.5
    15   1539367  34390     1.8210       8637.1
    46   3463254  2317775   1.5732       7791.4
    25   1602731  57242     1.7054       7759.0
    13   1520469  67330     1.6687       6657.9
    top-10: 28.2% of mass, 73.2% of excess-loss
Epoch 374: loss=1.568189  (21.50 sec, 65 subtrees, 730 chunks, 34623339 nodes)
  residual top-10 (subtree_mass × max(avg_loss − 1.568, 0)):
    rc   rootID   mass      avg_loss     score 
    1    138709   8244278   1.5812       107257.7
    59   6621526  905338    1.5854       15552.6
    44   3229301  724285    1.5879       14285.7
    5    1263676  342947    1.6062       13049.4
    46   3463254  2317775   1.5734       12078.3
    32   1636047  78207     1.6853       9158.4
    7    1422321  79638     1.6804       8939.3
    15   1539367  34390     1.8194       8640.7
    25   1602731  57242     1.7032       7727.1
    13   1520469  67330     1.6680       6720.4
    top-10: 28.2% of mass, 72.5% of excess-loss
Epoch 375: loss=1.571526  (21.51 sec, 65 subtrees, 730 chunks, 34623339 nodes)
  residual top-10 (subtree_mass × max(avg_loss − 1.572, 0)):
    rc   rootID   mass      avg_loss     score 
    59   6621526  905338    1.6729       91736.6
    1    138709   8244278   1.5809       77205.4
    58   6141841  3228512   1.5777       19899.6
    44   3229301  724285    1.5903       13582.5
    5    1263676  342947    1.6086       12727.8
    32   1636047  78207     1.6860       8956.2
    7    1422321  79638     1.6807       8694.0
    15   1539367  34390     1.8187       8500.8
    25   1602731  57242     1.7060       7697.0
    54   5381749  526964    1.5854       7287.1
    top-10: 31.2% of mass, 76.7% of excess-loss
Epoch 376: loss=1.567343  (21.50 sec, 65 subtrees, 730 chunks, 34623339 nodes)
  residual top-10 (subtree_mass × max(avg_loss − 1.567, 0)):
    rc   rootID   mass      avg_loss     score 
    1    138709   8244278   1.5809       112119.2
    44   3229301  724285    1.5876       14684.0
    5    1263676  342947    1.6051       12963.8
    59   6621526  905338    1.5816       12892.5
    46   3463254  2317775   1.5722       11371.4
    32   1636047  78207     1.6843       9146.3
    7    1422321  79638     1.6794       8927.7
    15   1539367  34390     1.8189       8652.3
    25   1602731  57242     1.7040       7822.0
    13   1520469  67330     1.6687       6825.9
    top-10: 28.2% of mass, 72.3% of excess-loss
Epoch 377: loss=1.567180  (21.52 sec, 65 subtrees, 730 chunks, 34623339 nodes)
  residual top-10 (subtree_mass × max(avg_loss − 1.567, 0)):
    rc   rootID   mass      avg_loss     score 
    1    138709   8244278   1.5799       104792.4
    59   6621526  905338    1.5930       23343.7
    5    1263676  342947    1.6057       13209.2
    44   3229301  724285    1.5849       12828.7
    46   3463254  2317775   1.5714       9831.7
    32   1636047  78207     1.6835       9098.6
    7    1422321  79638     1.6787       8883.6
    15   1539367  34390     1.8174       8603.5
    25   1602731  57242     1.7041       7837.2
    13   1520469  67330     1.6668       6704.6
    top-10: 28.2% of mass, 72.7% of excess-loss
Epoch 378: loss=1.568710  (21.50 sec, 65 subtrees, 730 chunks, 34623339 nodes)
  residual top-10 (subtree_mass × max(avg_loss − 1.569, 0)):
    rc   rootID   mass      avg_loss     score 
    1    138709   8244278   1.5801       94101.3
    59   6621526  905338    1.6227       48847.4
    44   3229301  724285    1.5860       12517.1
    5    1263676  342947    1.6034       11885.8
    32   1636047  78207     1.6839       9011.1
    7    1422321  79638     1.6790       8780.3
    15   1539367  34390     1.8165       8523.0
    58   6141841  3228512   1.5711       7724.8
    25   1602731  57242     1.7026       7664.9
    13   1520469  67330     1.6671       6622.5
    top-10: 30.2% of mass, 72.3% of excess-loss
Epoch 379: loss=1.570856  (21.49 sec, 65 subtrees, 730 chunks, 34623339 nodes)
  residual top-10 (subtree_mass × max(avg_loss − 1.571, 0)):
    rc   rootID   mass      avg_loss     score 
    1    138709   8244278   1.5808       81972.6
    59   6621526  905338    1.6515       72977.1
    58   6141841  3228512   1.5871       52350.2
    5    1263676  342947    1.6060       12060.7
    44   3229301  724285    1.5859       10904.1
    32   1636047  78207     1.6847       8901.3
    7    1422321  79638     1.6793       8640.1
    15   1539367  34390     1.8208       8596.2
    25   1602731  57242     1.7051       7686.7
    13   1520469  67330     1.6680       6538.0
    top-10: 30.2% of mass, 78.0% of excess-loss
Epoch 380: loss=1.571804  (21.47 sec, 65 subtrees, 730 chunks, 34623339 nodes)
  residual top-10 (subtree_mass × max(avg_loss − 1.572, 0)):
    rc   rootID   mass      avg_loss     score 
    1    138709   8244278   1.5851       109597.2
    59   6621526  905338    1.5925       18780.1
    5    1263676  342947    1.6107       13343.6
    44   3229301  724285    1.5891       12526.6
    39   1660971  2741100   1.5756       10293.8
    7    1422321  79638     1.6993       10149.8
    46   3463254  2317775   1.5760       9800.0
    32   1636047  78207     1.6909       9311.8
    15   1539367  34390     1.8244       8687.7
    25   1602731  57242     1.7084       7819.2
    top-10: 34.1% of mass, 71.6% of excess-loss
Epoch 381: loss=1.568950  (21.49 sec, 65 subtrees, 730 chunks, 34623339 nodes)
  residual top-10 (subtree_mass × max(avg_loss − 1.569, 0)):
    rc   rootID   mass      avg_loss     score 
    1    138709   8244278   1.5819       107062.6
    44   3229301  724285    1.5880       13777.2
    59   6621526  905338    1.5837       13339.1
    5    1263676  342947    1.6076       13271.5
    46   3463254  2317775   1.5732       9820.1
    7    1422321  79638     1.6861       9333.0
    32   1636047  78207     1.6858       9136.4
    15   1539367  34390     1.8174       8542.9
    25   1602731  57242     1.7049       7783.0
    13   1520469  67330     1.6704       6828.4
    top-10: 28.2% of mass, 72.1% of excess-loss
Epoch 382: loss=1.570054  (21.49 sec, 65 subtrees, 730 chunks, 34623339 nodes)
  residual top-10 (subtree_mass × max(avg_loss − 1.570, 0)):
    rc   rootID   mass      avg_loss     score 
    1    138709   8244278   1.5811       90831.8
    59   6621526  905338    1.6222       47217.3
    5    1263676  342947    1.6055       12172.2
    44   3229301  724285    1.5865       11909.2
    7    1422321  79638     1.6856       9203.8
    32   1636047  78207     1.6843       8938.4
    15   1539367  34390     1.8194       8573.6
    58   6141841  3228512   1.5725       7857.4
    25   1602731  57242     1.7054       7746.6
    54   5381749  526964    1.5839       7303.1
    top-10: 31.2% of mass, 71.6% of excess-loss
Epoch 383: loss=1.568068  (21.50 sec, 65 subtrees, 730 chunks, 34623339 nodes)
  residual top-10 (subtree_mass × max(avg_loss − 1.568, 0)):
    rc   rootID   mass      avg_loss     score 
    1    138709   8244278   1.5807       104409.0
    59   6621526  905338    1.5937       23203.6
    5    1263676  342947    1.6053       12778.3
    44   3229301  724285    1.5845       11931.7
    46   3463254  2317775   1.5723       9753.0
    7    1422321  79638     1.6853       9332.5
    32   1636047  78207     1.6859       9218.6
    15   1539367  34390     1.8177       8586.4
    25   1602731  57242     1.7029       7719.1
    13   1520469  67330     1.6693       6814.9
    top-10: 28.2% of mass, 72.8% of excess-loss
Epoch 384: loss=1.569723  (21.50 sec, 65 subtrees, 730 chunks, 34623339 nodes)
  residual top-10 (subtree_mass × max(avg_loss − 1.570, 0)):
    rc   rootID   mass      avg_loss     score 
    1    138709   8244278   1.5802       86086.4
    59   6621526  905338    1.6354       59464.1
    5    1263676  342947    1.6059       12399.7
    58   6141841  3228512   1.5735       12061.3
    44   3229301  724285    1.5851       11139.4
    7    1422321  79638     1.6856       9225.3
    32   1636047  78207     1.6841       8945.6
    15   1539367  34390     1.8175       8520.9
    25   1602731  57242     1.7040       7688.6
    13   1520469  67330     1.6678       6604.2
    top-10: 30.2% of mass, 73.8% of excess-loss
Epoch 385: loss=1.568370  (21.50 sec, 65 subtrees, 730 chunks, 34623339 nodes)
  residual top-10 (subtree_mass × max(avg_loss − 1.568, 0)):
    rc   rootID   mass      avg_loss     score 
    1    138709   8244278   1.5805       100229.6
    59   6621526  905338    1.6034       31714.9
    44   3229301  724285    1.5877       14026.3
    5    1263676  342947    1.6047       12444.2
    7    1422321  79638     1.6848       9272.2
    32   1636047  78207     1.6852       9139.3
    46   3463254  2317775   1.5723       9001.5
    15   1539367  34390     1.8170       8550.9
    25   1602731  57242     1.7034       7730.7
    13   1520469  67330     1.6678       6697.2
    top-10: 28.2% of mass, 73.3% of excess-loss
Epoch 386: loss=1.567843  (21.49 sec, 65 subtrees, 730 chunks, 34623339 nodes)
  residual top-10 (subtree_mass × max(avg_loss − 1.568, 0)):
    rc   rootID   mass      avg_loss     score 
    1    138709   8244278   1.5798       98254.1
    59   6621526  905338    1.6016       30525.9
    44   3229301  724285    1.5849       12362.1
    5    1263676  342947    1.6025       11893.5
    7    1422321  79638     1.6835       9213.1
    32   1636047  78207     1.6856       9210.4
    46   3463254  2317775   1.5717       8825.5
    15   1539367  34390     1.8161       8537.0
    25   1602731  57242     1.7040       7793.0
    13   1520469  67330     1.6677       6723.2
    top-10: 28.2% of mass, 71.9% of excess-loss
Epoch 387: loss=1.566475  (21.48 sec, 65 subtrees, 730 chunks, 34623339 nodes)
  residual top-10 (subtree_mass × max(avg_loss − 1.566, 0)):
    rc   rootID   mass      avg_loss     score 
    1    138709   8244278   1.5797       109037.6
    44   3229301  724285    1.5837       12499.5
    5    1263676  342947    1.6018       12127.1
    46   3463254  2317775   1.5715       11631.0
    7    1422321  79638     1.6840       9357.7
    32   1636047  78207     1.6834       9143.6
    15   1539367  34390     1.8178       8643.2
    59   6621526  905338    1.5755       8194.7
    25   1602731  57242     1.7021       7764.1
    13   1520469  67330     1.6670       6770.6
    top-10: 28.2% of mass, 71.5% of excess-loss
Epoch 388: loss=1.572105  (21.48 sec, 65 subtrees, 730 chunks, 34623339 nodes)
  residual top-10 (subtree_mass × max(avg_loss − 1.572, 0)):
    rc   rootID   mass      avg_loss     score 
    59   6621526  905338    1.7118       126433.0
    1    138709   8244278   1.5792       58813.5
    58   6141841  3228512   1.5862       45364.9
    54   5381749  526964    1.5996       14511.4
    5    1263676  342947    1.6029       10550.2
    7    1422321  79638     1.6839       8900.3
    32   1636047  78207     1.6842       8764.4
    44   3229301  724285    1.5840       8618.0
    15   1539367  34390     1.8170       8421.0
    25   1602731  57242     1.7033       7509.3
    top-10: 31.2% of mass, 81.6% of excess-loss
Epoch 389: loss=1.566542  (21.51 sec, 65 subtrees, 730 chunks, 34623339 nodes)
  residual top-10 (subtree_mass × max(avg_loss − 1.567, 0)):
    rc   rootID   mass      avg_loss     score 
    1    138709   8244278   1.5804       114454.5
    5    1263676  342947    1.6088       14475.2
    46   3463254  2317775   1.5718       12214.2
    44   3229301  724285    1.5832       12066.4
    32   1636047  78207     1.6834       9136.4
    7    1422321  79638     1.6812       9127.8
    15   1539367  34390     1.8174       8627.4
    6    1317879  754528    1.5778       8470.9
    25   1602731  57242     1.7040       7869.6
    13   1520469  67330     1.6671       6768.3
    top-10: 27.9% of mass, 72.6% of excess-loss
Epoch 390: loss=1.565616  (21.49 sec, 65 subtrees, 730 chunks, 34623339 nodes)
  residual top-10 (subtree_mass × max(avg_loss − 1.566, 0)):
    rc   rootID   mass      avg_loss     score 
    1    138709   8244278   1.5790       110745.7
    46   3463254  2317775   1.5708       11940.5
    5    1263676  342947    1.5998       11732.6
    44   3229301  724285    1.5813       11395.0
    32   1636047  78207     1.6833       9205.5
    7    1422321  79638     1.6789       9019.3
    59   6621526  905338    1.5754       8835.7
    15   1539367  34390     1.8164       8625.5
    25   1602731  57242     1.7024       7831.0
    13   1520469  67330     1.6661       6767.2
    top-10: 28.2% of mass, 72.0% of excess-loss
Epoch 391: loss=1.574496  (21.51 sec, 65 subtrees, 730 chunks, 34623339 nodes)
  residual top-10 (subtree_mass × max(avg_loss − 1.574, 0)):
    rc   rootID   mass      avg_loss     score 
    1    138709   8244278   1.5787       34652.1
    5    1263676  342947    1.6743       34224.1
    59   6621526  905338    1.6071       29543.7
    6    1317879  754528    1.6110       27546.6
    44   3229301  724285    1.6094       25287.5
    39   1660971  2741100   1.5795       13833.7
    46   3463254  2317775   1.5794       11375.9
    7    1422321  79638     1.7045       10351.8
    32   1636047  78207     1.6978       9643.1
    15   1539367  34390     1.8397       9120.1
    top-10: 35.6% of mass, 67.9% of excess-loss
Epoch 392: loss=1.566667  (21.50 sec, 65 subtrees, 730 chunks, 34623339 nodes)
  residual top-10 (subtree_mass × max(avg_loss − 1.567, 0)):
    rc   rootID   mass      avg_loss     score 
    1    138709   8244278   1.5821       126887.4
    44   3229301  724285    1.5863       14225.3
    5    1263676  342947    1.6016       11979.7
    46   3463254  2317775   1.5717       11553.1
    32   1636047  78207     1.6859       9322.3
    7    1422321  79638     1.6807       9082.4
    15   1539367  34390     1.8218       8772.4
    25   1602731  57242     1.7055       7948.3
    13   1520469  67330     1.6680       6825.0
    31   1628740  37700     1.7335       6290.0
    top-10: 26.3% of mass, 74.2% of excess-loss
Epoch 393: loss=1.565630  (21.52 sec, 65 subtrees, 730 chunks, 34623339 nodes)
  residual top-10 (subtree_mass × max(avg_loss − 1.566, 0)):
    rc   rootID   mass      avg_loss     score 
    1    138709   8244278   1.5796       115188.8
    46   3463254  2317775   1.5710       12433.0
    44   3229301  724285    1.5821       11894.5
    5    1263676  342947    1.5999       11737.0
    32   1636047  78207     1.6852       9353.0
    7    1422321  79638     1.6794       9058.9
    15   1539367  34390     1.8185       8696.8
    25   1602731  57242     1.7038       7910.7
    13   1520469  67330     1.6686       6934.7
    31   1628740  37700     1.7320       6270.3
    top-10: 26.3% of mass, 73.0% of excess-loss
Epoch 394: loss=1.565104  (21.51 sec, 65 subtrees, 730 chunks, 34623339 nodes)
  residual top-10 (subtree_mass × max(avg_loss − 1.565, 0)):
    rc   rootID   mass      avg_loss     score 
    1    138709   8244278   1.5787       111920.9
    46   3463254  2317775   1.5707       13017.5
    44   3229301  724285    1.5819       12177.6
    5    1263676  342947    1.5983       11379.9
    32   1636047  78207     1.6845       9338.3
    7    1422321  79638     1.6794       9103.3
    15   1539367  34390     1.8166       8649.2
    25   1602731  57242     1.7043       7965.9
    13   1520469  67330     1.6666       6834.2
    31   1628740  37700     1.7321       6297.2
    top-10: 26.3% of mass, 72.5% of excess-loss
Epoch 395: loss=1.564937  (21.46 sec, 65 subtrees, 730 chunks, 34623339 nodes)
  residual top-10 (subtree_mass × max(avg_loss − 1.565, 0)):
    rc   rootID   mass      avg_loss     score 
    1    138709   8244278   1.5783       110044.1
    46   3463254  2317775   1.5700       11721.8
    44   3229301  724285    1.5807       11424.6
    5    1263676  342947    1.5978       11255.1
    59   6621526  905338    1.5757       9722.5
    32   1636047  78207     1.6824       9188.9
    7    1422321  79638     1.6782       9019.4
    15   1539367  34390     1.8157       8625.1
    25   1602731  57242     1.7018       7834.8
    13   1520469  67330     1.6661       6809.9
    top-10: 28.2% of mass, 72.0% of excess-loss
Epoch 396: loss=1.565717  (21.48 sec, 65 subtrees, 730 chunks, 34623339 nodes)
  residual top-10 (subtree_mass × max(avg_loss − 1.566, 0)):
    rc   rootID   mass      avg_loss     score 
    1    138709   8244278   1.5780       101568.2
    59   6621526  905338    1.5974       28717.2
    5    1263676  342947    1.6019       12408.7
    44   3229301  724285    1.5799       10253.5
    46   3463254  2317775   1.5698       9527.3
    32   1636047  78207     1.6833       9197.7
    7    1422321  79638     1.6783       8964.6
    15   1539367  34390     1.8190       8710.3
    25   1602731  57242     1.7017       7785.6
    13   1520469  67330     1.6660       6754.4
    top-10: 28.2% of mass, 72.7% of excess-loss
Epoch 397: loss=1.564166  (21.49 sec, 65 subtrees, 730 chunks, 34623339 nodes)
  residual top-10 (subtree_mass × max(avg_loss − 1.564, 0)):
    rc   rootID   mass      avg_loss     score 
    1    138709   8244278   1.5781       114723.6
    46   3463254  2317775   1.5695       12398.3
    5    1263676  342947    1.5986       11810.3
    44   3229301  724285    1.5803       11672.8
    32   1636047  78207     1.6823       9240.7
    7    1422321  79638     1.6781       9077.0
    15   1539367  34390     1.8134       8572.8
    25   1602731  57242     1.7013       7849.7
    13   1520469  67330     1.6656       6828.7
    31   1628740  37700     1.7297       6241.6
    top-10: 26.3% of mass, 72.7% of excess-loss
Epoch 398: loss=1.564663  (21.49 sec, 65 subtrees, 730 chunks, 34623339 nodes)
  residual top-10 (subtree_mass × max(avg_loss − 1.565, 0)):
    rc   rootID   mass      avg_loss     score 
    1    138709   8244278   1.5775       106172.9
    59   6621526  905338    1.5808       14639.4
    5    1263676  342947    1.6006       12335.9
    44   3229301  724285    1.5805       11469.0
    46   3463254  2317775   1.5693       10834.2
    32   1636047  78207     1.6820       9179.1
    7    1422321  79638     1.6784       9059.5
    15   1539367  34390     1.8152       8616.1
    25   1602731  57242     1.7043       7990.4
    13   1520469  67330     1.6677       6936.8
    top-10: 28.2% of mass, 72.0% of excess-loss
Epoch 399: loss=1.564683  (21.51 sec, 65 subtrees, 730 chunks, 34623339 nodes)
  residual top-10 (subtree_mass × max(avg_loss − 1.565, 0)):
    rc   rootID   mass      avg_loss     score 
    1    138709   8244278   1.5777       107509.9
    59   6621526  905338    1.5780       12062.5
    44   3229301  724285    1.5811       11898.3
    5    1263676  342947    1.5981       11473.8
    46   3463254  2317775   1.5694       11049.5
    32   1636047  78207     1.6823       9198.0
    7    1422321  79638     1.6772       8964.5
    15   1539367  34390     1.8149       8605.0
    25   1602731  57242     1.7035       7948.8
    13   1520469  67330     1.6655       6788.1
    top-10: 28.2% of mass, 72.7% of excess-loss
Epoch 400: loss=1.565051  (21.50 sec, 65 subtrees, 730 chunks, 34623339 nodes)
  residual top-10 (subtree_mass × max(avg_loss − 1.565, 0)):
    rc   rootID   mass      avg_loss     score 
    1    138709   8244278   1.5775       102393.8
    59   6621526  905338    1.6029       34241.6
    5    1263676  342947    1.5964       10740.4
    44   3229301  724285    1.5790       10121.2
    32   1636047  78207     1.6820       9149.3
    46   3463254  2317775   1.5690       9132.4
    7    1422321  79638     1.6771       8921.5
    15   1539367  34390     1.8130       8527.6
    25   1602731  57242     1.7012       7796.3
    58   6141841  3228512   1.5672       6810.7
    top-10: 35.1% of mass, 73.1% of excess-loss
Epoch 401: loss=1.563446  (21.51 sec, 65 subtrees, 730 chunks, 34623339 nodes)
  residual top-10 (subtree_mass × max(avg_loss − 1.563, 0)):
    rc   rootID   mass      avg_loss     score 
    1    138709   8244278   1.5772       113752.6
    46   3463254  2317775   1.5688       12514.0
    5    1263676  342947    1.5951       10864.6
    44   3229301  724285    1.5784       10862.8
    32   1636047  78207     1.6820       9271.4
    7    1422321  79638     1.6771       9049.7
    15   1539367  34390     1.8128       8574.1
    25   1602731  57242     1.7006       7850.1
    13   1520469  67330     1.6638       6758.2
    31   1628740  37700     1.7307       6304.7
    top-10: 26.3% of mass, 72.7% of excess-loss
Epoch 402: loss=1.563121  (21.50 sec, 65 subtrees, 730 chunks, 34623339 nodes)
  residual top-10 (subtree_mass × max(avg_loss − 1.563, 0)):
    rc   rootID   mass      avg_loss     score 
    1    138709   8244278   1.5768       112534.4
    46   3463254  2317775   1.5686       12725.1
    5    1263676  342947    1.5963       11381.4
    44   3229301  724285    1.5788       11350.0
    32   1636047  78207     1.6811       9229.3
    7    1422321  79638     1.6766       9037.0
    15   1539367  34390     1.8165       8713.9
    25   1602731  57242     1.7014       7916.3
    13   1520469  67330     1.6643       6809.8
    31   1628740  37700     1.7301       6295.6
    top-10: 26.3% of mass, 72.6% of excess-loss
Epoch 403: loss=1.564368  (21.51 sec, 65 subtrees, 730 chunks, 34623339 nodes)
  residual top-10 (subtree_mass × max(avg_loss − 1.564, 0)):
    rc   rootID   mass      avg_loss     score 
    1    138709   8244278   1.5766       100662.2
    59   6621526  905338    1.5921       25075.1
    44   3229301  724285    1.5817       12576.7
    46   3463254  2317775   1.5691       11032.1
    5    1263676  342947    1.5958       10776.1
    32   1636047  78207     1.6821       9204.5
    7    1422321  79638     1.6769       8960.1
    15   1539367  34390     1.8137       8573.7
    25   1602731  57242     1.7021       7881.5
    13   1520469  67330     1.6654       6803.4
    top-10: 28.2% of mass, 73.2% of excess-loss
Epoch 404: loss=1.563388  (21.50 sec, 65 subtrees, 730 chunks, 34623339 nodes)
  residual top-10 (subtree_mass × max(avg_loss − 1.563, 0)):
    rc   rootID   mass      avg_loss     score 
    1    138709   8244278   1.5769       111739.1
    46   3463254  2317775   1.5688       12656.6
    5    1263676  342947    1.5964       11319.9
    44   3229301  724285    1.5786       10987.6
    32   1636047  78207     1.6822       9289.8
    7    1422321  79638     1.6768       9034.6
    15   1539367  34390     1.8115       8531.5
    25   1602731  57242     1.7006       7854.6
    13   1520469  67330     1.6646       6812.5
    31   1628740  37700     1.7302       6288.0
    top-10: 26.3% of mass, 72.8% of excess-loss
Epoch 405: loss=1.564799  (21.50 sec, 65 subtrees, 730 chunks, 34623339 nodes)
  residual top-10 (subtree_mass × max(avg_loss − 1.565, 0)):
    rc   rootID   mass      avg_loss     score 
    1    138709   8244278   1.5767       98301.2
    59   6621526  905338    1.6002       32052.1
    5    1263676  342947    1.5953       10472.7
    44   3229301  724285    1.5784       9858.8
    46   3463254  2317775   1.5690       9762.0
    32   1636047  78207     1.6811       9093.8
    7    1422321  79638     1.6759       8845.6
    15   1539367  34390     1.8155       8623.2
    25   1602731  57242     1.7010       7796.1
    13   1520469  67330     1.6642       6692.0
    top-10: 28.2% of mass, 71.6% of excess-loss
Epoch 406: loss=1.564939  (21.50 sec, 65 subtrees, 730 chunks, 34623339 nodes)
  residual top-10 (subtree_mass × max(avg_loss − 1.565, 0)):
    rc   rootID   mass      avg_loss     score 
    1    138709   8244278   1.5769       98959.1
    59   6621526  905338    1.5829       16262.3
    5    1263676  342947    1.5955       10489.7
    44   3229301  724285    1.5778       9341.1
    32   1636047  78207     1.6812       9092.1
    7    1422321  79638     1.6775       8965.5
    15   1539367  34390     1.8144       8580.5
    46   3463254  2317775   1.5686       8402.4
    25   1602731  57242     1.7016       7823.1
    13   1520469  67330     1.6637       6650.5
    top-10: 28.2% of mass, 71.6% of excess-loss
Epoch 407: loss=1.563119  (21.51 sec, 65 subtrees, 730 chunks, 34623339 nodes)
  residual top-10 (subtree_mass × max(avg_loss − 1.563, 0)):
    rc   rootID   mass      avg_loss     score 
    1    138709   8244278   1.5775       118299.4
    46   3463254  2317775   1.5686       12673.4
    5    1263676  342947    1.5952       11008.9
    44   3229301  724285    1.5778       10646.3
    32   1636047  78207     1.6811       9225.6
    7    1422321  79638     1.6762       9006.8
    15   1539367  34390     1.8141       8630.9
    25   1602731  57242     1.7030       8009.4
    13   1520469  67330     1.6648       6847.9
    31   1628740  37700     1.7307       6316.7
    top-10: 26.3% of mass, 74.4% of excess-loss
Epoch 408: loss=1.563294  (21.51 sec, 65 subtrees, 730 chunks, 34623339 nodes)
  residual top-10 (subtree_mass × max(avg_loss − 1.563, 0)):
    rc   rootID   mass      avg_loss     score 
    1    138709   8244278   1.5763       107400.0
    59   6621526  905338    1.5828       17685.8
    46   3463254  2317775   1.5683       11542.3
    44   3229301  724285    1.5780       10667.5
    5    1263676  342947    1.5924       9986.6
    32   1636047  78207     1.6805       9168.6
    7    1422321  79638     1.6761       8983.3
    15   1539367  34390     1.8146       8641.6
    25   1602731  57242     1.7001       7831.0
    13   1520469  67330     1.6637       6757.9
    top-10: 28.2% of mass, 73.2% of excess-loss
Epoch 409: loss=1.562900  (21.51 sec, 65 subtrees, 730 chunks, 34623339 nodes)
  residual top-10 (subtree_mass × max(avg_loss − 1.563, 0)):
    rc   rootID   mass      avg_loss     score 
    1    138709   8244278   1.5763       110613.2
    46   3463254  2317775   1.5686       13247.9
    44   3229301  724285    1.5805       12762.0
    5    1263676  342947    1.5933       10436.7
    32   1636047  78207     1.6808       9220.5
    7    1422321  79638     1.6759       8997.3
    15   1539367  34390     1.8144       8647.7
    25   1602731  57242     1.7032       8031.6
    13   1520469  67330     1.6640       6807.3
    31   1628740  37700     1.7304       6314.7
    top-10: 26.3% of mass, 73.2% of excess-loss
Epoch 410: loss=1.562391  (21.52 sec, 65 subtrees, 730 chunks, 34623339 nodes)
  residual top-10 (subtree_mass × max(avg_loss − 1.562, 0)):
    rc   rootID   mass      avg_loss     score 
    1    138709   8244278   1.5762       113511.3
    46   3463254  2317775   1.5680       12969.7
    44   3229301  724285    1.5773       10782.0
    5    1263676  342947    1.5927       10410.7
    32   1636047  78207     1.6813       9299.0
    7    1422321  79638     1.6760       9046.0
    15   1539367  34390     1.8146       8672.9
    25   1602731  57242     1.7003       7896.1
    13   1520469  67330     1.6634       6797.7
    31   1628740  37700     1.7287       6269.0
    top-10: 26.3% of mass, 73.1% of excess-loss
Epoch 411: loss=1.562284  (21.52 sec, 65 subtrees, 730 chunks, 34623339 nodes)
  residual top-10 (subtree_mass × max(avg_loss − 1.562, 0)):
    rc   rootID   mass      avg_loss     score 
    1    138709   8244278   1.5760       113051.1
    46   3463254  2317775   1.5679       12910.1
    44   3229301  724285    1.5779       11328.4
    5    1263676  342947    1.5927       10430.0
    32   1636047  78207     1.6808       9272.0
    7    1422321  79638     1.6757       9035.3
    15   1539367  34390     1.8122       8595.1
    25   1602731  57242     1.7024       8020.8
    13   1520469  67330     1.6634       6805.9
    31   1628740  37700     1.7276       6233.4
    top-10: 26.3% of mass, 73.5% of excess-loss
Epoch 412: loss=1.562340  (21.53 sec, 65 subtrees, 730 chunks, 34623339 nodes)
  residual top-10 (subtree_mass × max(avg_loss − 1.562, 0)):
    rc   rootID   mass      avg_loss     score 
    1    138709   8244278   1.5758       110941.9
    46   3463254  2317775   1.5676       12222.7
    44   3229301  724285    1.5767       10429.8
    5    1263676  342947    1.5922       10224.4
    32   1636047  78207     1.6818       9345.9
    59   6621526  905338    1.5726       9316.7
    7    1422321  79638     1.6757       9024.9
    15   1539367  34390     1.8155       8705.4
    25   1602731  57242     1.7005       7910.3
    13   1520469  67330     1.6625       6746.2
    top-10: 28.2% of mass, 72.7% of excess-loss
Epoch 413: loss=1.562660  (21.52 sec, 65 subtrees, 730 chunks, 34623339 nodes)
  residual top-10 (subtree_mass × max(avg_loss − 1.563, 0)):
    rc   rootID   mass      avg_loss     score 
    1    138709   8244278   1.5757       107757.1
    59   6621526  905338    1.5838       19179.8
    46   3463254  2317775   1.5675       11325.3
    44   3229301  724285    1.5768       10246.1
    5    1263676  342947    1.5924       10201.8
    32   1636047  78207     1.6808       9237.2
    7    1422321  79638     1.6750       8944.6
    15   1539367  34390     1.8131       8613.5
    25   1602731  57242     1.7012       7932.4
    13   1520469  67330     1.6634       6783.6
    top-10: 28.2% of mass, 73.3% of excess-loss
Epoch 414: loss=1.562356  (21.52 sec, 65 subtrees, 730 chunks, 34623339 nodes)
  residual top-10 (subtree_mass × max(avg_loss − 1.562, 0)):
    rc   rootID   mass      avg_loss     score 
    1    138709   8244278   1.5755       108735.5
    59   6621526  905338    1.5801       16071.0
    46   3463254  2317775   1.5673       11435.6
    44   3229301  724285    1.5774       10897.9
    5    1263676  342947    1.5914       9969.0
    32   1636047  78207     1.6796       9165.6
    7    1422321  79638     1.6751       8981.0
    15   1539367  34390     1.8129       8617.1
    25   1602731  57242     1.7000       7878.5
    13   1520469  67330     1.6627       6756.2
    top-10: 28.2% of mass, 73.3% of excess-loss
Epoch 415: loss=1.562069  (21.52 sec, 65 subtrees, 730 chunks, 34623339 nodes)
  residual top-10 (subtree_mass × max(avg_loss − 1.562, 0)):
    rc   rootID   mass      avg_loss     score 
    1    138709   8244278   1.5754       109802.5
    59   6621526  905338    1.5766       13159.8
    46   3463254  2317775   1.5673       12116.7
    44   3229301  724285    1.5766       10533.1
    5    1263676  342947    1.5914       10049.6
    32   1636047  78207     1.6813       9321.5
    7    1422321  79638     1.6753       9017.1
    15   1539367  34390     1.8124       8610.4
    25   1602731  57242     1.7001       7898.5
    13   1520469  67330     1.6640       6863.3
    top-10: 28.2% of mass, 73.4% of excess-loss
Epoch 416: loss=1.561682  (21.51 sec, 65 subtrees, 730 chunks, 34623339 nodes)
  residual top-10 (subtree_mass × max(avg_loss − 1.562, 0)):
    rc   rootID   mass      avg_loss     score 
    1    138709   8244278   1.5754       113148.9
    46   3463254  2317775   1.5672       12789.0
    44   3229301  724285    1.5762       10511.2
    5    1263676  342947    1.5912       10131.8
    32   1636047  78207     1.6811       9336.3
    7    1422321  79638     1.6749       9015.3
    15   1539367  34390     1.8133       8654.5
    25   1602731  57242     1.7002       7931.0
    13   1520469  67330     1.6633       6844.6
    31   1628740  37700     1.7280       6269.0
    top-10: 26.3% of mass, 73.3% of excess-loss
Epoch 417: loss=1.561679  (21.50 sec, 65 subtrees, 730 chunks, 34623339 nodes)
  residual top-10 (subtree_mass × max(avg_loss − 1.562, 0)):
    rc   rootID   mass      avg_loss     score 
    1    138709   8244278   1.5756       114388.2
    46   3463254  2317775   1.5673       12994.7
    44   3229301  724285    1.5768       10947.2
    5    1263676  342947    1.5913       10170.9
    32   1636047  78207     1.6809       9321.3
    7    1422321  79638     1.6747       8998.3
    15   1539367  34390     1.8136       8665.1
    25   1602731  57242     1.7019       8024.8
    13   1520469  67330     1.6638       6879.0
    31   1628740  37700     1.7291       6311.4
    top-10: 26.3% of mass, 73.1% of excess-loss
Epoch 418: loss=1.561103  (21.51 sec, 65 subtrees, 730 chunks, 34623339 nodes)
  residual top-10 (subtree_mass × max(avg_loss − 1.561, 0)):
    rc   rootID   mass      avg_loss     score 
    1    138709   8244278   1.5751       115390.1
    46   3463254  2317775   1.5668       13265.0
    44   3229301  724285    1.5752       10211.4
    5    1263676  342947    1.5900       9926.8
    32   1636047  78207     1.6806       9342.1
    7    1422321  79638     1.6746       9039.2
    15   1539367  34390     1.8133       8673.7
    25   1602731  57242     1.7000       7949.9
    13   1520469  67330     1.6628       6849.0
    31   1628740  37700     1.7277       6280.6
    top-10: 26.3% of mass, 74.5% of excess-loss
Epoch 419: loss=1.561808  (21.51 sec, 65 subtrees, 730 chunks, 34623339 nodes)
  residual top-10 (subtree_mass × max(avg_loss − 1.562, 0)):
    rc   rootID   mass      avg_loss     score 
    1    138709   8244278   1.5750       108910.6
    59   6621526  905338    1.5782       14797.4
    46   3463254  2317775   1.5672       12547.2
    44   3229301  724285    1.5765       10652.8
    5    1263676  342947    1.5896       9521.6
    32   1636047  78207     1.6793       9188.9
    7    1422321  79638     1.6753       9039.2
    15   1539367  34390     1.8144       8687.7
    25   1602731  57242     1.7026       8057.9
    13   1520469  67330     1.6625       6779.7
    top-10: 28.2% of mass, 73.5% of excess-loss
Epoch 420: loss=1.561399  (21.51 sec, 65 subtrees, 730 chunks, 34623339 nodes)
  residual top-10 (subtree_mass × max(avg_loss − 1.561, 0)):
    rc   rootID   mass      avg_loss     score 
    1    138709   8244278   1.5750       111886.4
    46   3463254  2317775   1.5669       12773.5
    44   3229301  724285    1.5749       9805.1
    5    1263676  342947    1.5896       9658.0
    32   1636047  78207     1.6800       9273.8
    7    1422321  79638     1.6747       9021.6
    15   1539367  34390     1.8122       8624.9
    25   1602731  57242     1.7019       8045.0
    13   1520469  67330     1.6635       6872.4
    59   6621526  905338    1.5684       6350.1
    top-10: 28.2% of mass, 72.5% of excess-loss
Epoch 421: loss=1.560889  (21.51 sec, 65 subtrees, 730 chunks, 34623339 nodes)
  residual top-10 (subtree_mass × max(avg_loss − 1.561, 0)):
    rc   rootID   mass      avg_loss     score 
    1    138709   8244278   1.5749       115319.4
    46   3463254  2317775   1.5667       13467.4
    44   3229301  724285    1.5750       10200.7
    5    1263676  342947    1.5897       9896.6
    32   1636047  78207     1.6796       9287.3
    7    1422321  79638     1.6738       8995.1
    15   1539367  34390     1.8127       8658.1
    25   1602731  57242     1.7012       8030.4
    13   1520469  67330     1.6626       6849.1
    31   1628740  37700     1.7276       6285.9
    top-10: 26.3% of mass, 74.6% of excess-loss
Epoch 422: loss=1.561195  (21.50 sec, 65 subtrees, 730 chunks, 34623339 nodes)
  residual top-10 (subtree_mass × max(avg_loss − 1.561, 0)):
    rc   rootID   mass      avg_loss     score 
    1    138709   8244278   1.5748       111863.1
    46   3463254  2317775   1.5667       12869.9
    44   3229301  724285    1.5751       10090.3
    5    1263676  342947    1.5888       9468.6
    32   1636047  78207     1.6788       9198.9
    7    1422321  79638     1.6741       8990.5
    15   1539367  34390     1.8127       8649.4
    25   1602731  57242     1.7021       8065.0
    13   1520469  67330     1.6628       6840.2
    39   1660971  2741100   1.5635       6256.7
    top-10: 32.2% of mass, 72.0% of excess-loss
Epoch 423: loss=1.561235  (21.52 sec, 65 subtrees, 730 chunks, 34623339 nodes)
  residual top-10 (subtree_mass × max(avg_loss − 1.561, 0)):
    rc   rootID   mass      avg_loss     score 
    1    138709   8244278   1.5747       110682.7
    59   6621526  905338    1.5749       12368.5
    46   3463254  2317775   1.5666       12360.9
    44   3229301  724285    1.5746       9675.0
    5    1263676  342947    1.5888       9464.4
    32   1636047  78207     1.6801       9293.2
    7    1422321  79638     1.6747       9037.2
    15   1539367  34390     1.8137       8683.2
    25   1602731  57242     1.7008       7989.7
    13   1520469  67330     1.6628       6839.4
    top-10: 28.2% of mass, 73.5% of excess-loss
Epoch 424: loss=1.560747  (21.51 sec, 65 subtrees, 730 chunks, 34623339 nodes)
  residual top-10 (subtree_mass × max(avg_loss − 1.561, 0)):
    rc   rootID   mass      avg_loss     score 
    1    138709   8244278   1.5746       114501.9
    46   3463254  2317775   1.5664       13163.5
    44   3229301  724285    1.5742       9729.9
    5    1263676  342947    1.5887       9580.0
    32   1636047  78207     1.6797       9305.3
    7    1422321  79638     1.6741       9029.0
    15   1539367  34390     1.8143       8718.4
    25   1602731  57242     1.7010       8028.8
    13   1520469  67330     1.6634       6912.2
    31   1628740  37700     1.7270       6268.9
    top-10: 26.3% of mass, 73.8% of excess-loss
Epoch 425: loss=1.560549  (21.52 sec, 65 subtrees, 730 chunks, 34623339 nodes)
  residual top-10 (subtree_mass × max(avg_loss − 1.561, 0)):
    rc   rootID   mass      avg_loss     score 
    1    138709   8244278   1.5745       114934.5
    46   3463254  2317775   1.5663       13306.9
    44   3229301  724285    1.5743       9973.3
    5    1263676  342947    1.5886       9620.0
    32   1636047  78207     1.6791       9273.7
    7    1422321  79638     1.6739       9025.9
    15   1539367  34390     1.8137       8707.0
    25   1602731  57242     1.7008       8028.4
    13   1520469  67330     1.6626       6868.7
    31   1628740  37700     1.7275       6293.6
    top-10: 26.3% of mass, 74.3% of excess-loss
Epoch 426: loss=1.560802  (21.51 sec, 65 subtrees, 730 chunks, 34623339 nodes)
  residual top-10 (subtree_mass × max(avg_loss − 1.561, 0)):
    rc   rootID   mass      avg_loss     score 
    1    138709   8244278   1.5744       111907.2
    46   3463254  2317775   1.5663       12666.5
    44   3229301  724285    1.5744       9836.4
    5    1263676  342947    1.5879       9294.3
    32   1636047  78207     1.6791       9255.6
    7    1422321  79638     1.6742       9027.7
    15   1539367  34390     1.8127       8662.4
    25   1602731  57242     1.6999       7961.8
    13   1520469  67330     1.6623       6830.8
    31   1628740  37700     1.7274       6279.6
    top-10: 26.3% of mass, 73.7% of excess-loss
Epoch 427: loss=1.560917  (21.50 sec, 65 subtrees, 730 chunks, 34623339 nodes)
  residual top-10 (subtree_mass × max(avg_loss − 1.561, 0)):
    rc   rootID   mass      avg_loss     score 
    1    138709   8244278   1.5750       116022.0
    46   3463254  2317775   1.5667       13289.9
    44   3229301  724285    1.5747       9977.4
    5    1263676  342947    1.5878       9231.1
    32   1636047  78207     1.6789       9230.4
    7    1422321  79638     1.6743       9031.3
    15   1539367  34390     1.8121       8639.4
    25   1602731  57242     1.7039       8183.4
    13   1520469  67330     1.6619       6799.6
    31   1628740  37700     1.7286       6321.5
    top-10: 26.3% of mass, 75.2% of excess-loss
Epoch 428: loss=1.560834  (21.51 sec, 65 subtrees, 730 chunks, 34623339 nodes)
  residual top-10 (subtree_mass × max(avg_loss − 1.561, 0)):
    rc   rootID   mass      avg_loss     score 
    1    138709   8244278   1.5747       114617.3
    46   3463254  2317775   1.5665       13023.3
    44   3229301  724285    1.5742       9655.3
    5    1263676  342947    1.5883       9408.2
    32   1636047  78207     1.6791       9246.5
    7    1422321  79638     1.6743       9034.6
    15   1539367  34390     1.8144       8720.3
    25   1602731  57242     1.7014       8047.4
    13   1520469  67330     1.6626       6855.1
    31   1628740  37700     1.7291       6345.3
    top-10: 26.3% of mass, 74.5% of excess-loss
Epoch 429: loss=1.560461  (21.50 sec, 65 subtrees, 730 chunks, 34623339 nodes)
  residual top-10 (subtree_mass × max(avg_loss − 1.560, 0)):
    rc   rootID   mass      avg_loss     score 
    1    138709   8244278   1.5745       115454.3
    46   3463254  2317775   1.5663       13644.8
    44   3229301  724285    1.5744       10075.6
    32   1636047  78207     1.6791       9281.0
    5    1263676  342947    1.5872       9170.5
    7    1422321  79638     1.6740       9043.2
    15   1539367  34390     1.8125       8669.2
    25   1602731  57242     1.7012       8056.9
    13   1520469  67330     1.6627       6885.9
    31   1628740  37700     1.7281       6318.7
    top-10: 26.3% of mass, 75.3% of excess-loss
Epoch 430: loss=1.560617  (21.51 sec, 65 subtrees, 730 chunks, 34623339 nodes)
  residual top-10 (subtree_mass × max(avg_loss − 1.561, 0)):
    rc   rootID   mass      avg_loss     score 
    1    138709   8244278   1.5744       113435.5
    46   3463254  2317775   1.5663       13141.1
    44   3229301  724285    1.5745       10083.7
    32   1636047  78207     1.6800       9333.9
    5    1263676  342947    1.5874       9183.9
    7    1422321  79638     1.6737       9009.0
    15   1539367  34390     1.8134       8693.3
    25   1602731  57242     1.7005       8005.6
    13   1520469  67330     1.6626       6865.8
    31   1628740  37700     1.7284       6326.2
    top-10: 26.3% of mass, 74.9% of excess-loss
Epoch 431: loss=1.560482  (21.51 sec, 65 subtrees, 730 chunks, 34623339 nodes)
  residual top-10 (subtree_mass × max(avg_loss − 1.560, 0)):
    rc   rootID   mass      avg_loss     score 
    1    138709   8244278   1.5745       115898.3
    46   3463254  2317775   1.5664       13624.4
    44   3229301  724285    1.5736       9468.1
    32   1636047  78207     1.6796       9318.5
    5    1263676  342947    1.5872       9149.5
    7    1422321  79638     1.6740       9043.1
    15   1539367  34390     1.8130       8682.7
    25   1602731  57242     1.7009       8037.9
    13   1520469  67330     1.6634       6927.1
    31   1628740  37700     1.7290       6354.1
    top-10: 26.3% of mass, 75.3% of excess-loss
Epoch 432: loss=1.560420  (21.51 sec, 65 subtrees, 730 chunks, 34623339 nodes)
  residual top-10 (subtree_mass × max(avg_loss − 1.560, 0)):
    rc   rootID   mass      avg_loss     score 
    1    138709   8244278   1.5744       114969.2
    46   3463254  2317775   1.5663       13636.9
    44   3229301  724285    1.5743       10029.4
    32   1636047  78207     1.6795       9315.0
    7    1422321  79638     1.6739       9039.3
    5    1263676  342947    1.5861       8820.5
    15   1539367  34390     1.8130       8686.6
    25   1602731  57242     1.7034       8181.7
    13   1520469  67330     1.6629       6898.9
    31   1628740  37700     1.7281       6321.9
    top-10: 26.3% of mass, 75.6% of excess-loss
Epoch 433: loss=1.560507  (21.51 sec, 65 subtrees, 730 chunks, 34623339 nodes)
  residual top-10 (subtree_mass × max(avg_loss − 1.561, 0)):
    rc   rootID   mass      avg_loss     score 
    1    138709   8244278   1.5743       113866.4
    46   3463254  2317775   1.5662       13084.1
    44   3229301  724285    1.5740       9739.3
    32   1636047  78207     1.6794       9299.6
    5    1263676  342947    1.5874       9209.5
    7    1422321  79638     1.6738       9019.7
    15   1539367  34390     1.8123       8659.0
    25   1602731  57242     1.7045       8245.1
    13   1520469  67330     1.6626       6871.8
    31   1628740  37700     1.7284       6328.5
    top-10: 26.3% of mass, 75.2% of excess-loss
Epoch 434: loss=1.560282  (21.49 sec, 65 subtrees, 730 chunks, 34623339 nodes)
  residual top-10 (subtree_mass × max(avg_loss − 1.560, 0)):
    rc   rootID   mass      avg_loss     score 
    1    138709   8244278   1.5743       115307.9
    46   3463254  2317775   1.5660       13208.8
    44   3229301  724285    1.5735       9609.1
    32   1636047  78207     1.6789       9278.9
    7    1422321  79638     1.6741       9066.2
    5    1263676  342947    1.5860       8816.6
    15   1539367  34390     1.8117       8644.7
    25   1602731  57242     1.7025       8141.2
    13   1520469  67330     1.6622       6863.6
    31   1628740  37700     1.7281       6328.5
    top-10: 26.3% of mass, 75.0% of excess-loss
Epoch 435: loss=1.560291  (21.48 sec, 65 subtrees, 730 chunks, 34623339 nodes)
  residual top-10 (subtree_mass × max(avg_loss − 1.560, 0)):
    rc   rootID   mass      avg_loss     score 
    1    138709   8244278   1.5741       113863.7
    46   3463254  2317775   1.5660       13317.2
    44   3229301  724285    1.5735       9576.1
    32   1636047  78207     1.6780       9207.2
    7    1422321  79638     1.6738       9042.2
    5    1263676  342947    1.5859       8795.6
    15   1539367  34390     1.8129       8688.2
    25   1602731  57242     1.7032       8183.2
    13   1520469  67330     1.6624       6876.9
    31   1628740  37700     1.7294       6375.3
    top-10: 26.3% of mass, 74.9% of excess-loss
Epoch 436: loss=1.560107  (21.50 sec, 65 subtrees, 730 chunks, 34623339 nodes)
  residual top-10 (subtree_mass × max(avg_loss − 1.560, 0)):
    rc   rootID   mass      avg_loss     score 
    1    138709   8244278   1.5741       115649.8
    46   3463254  2317775   1.5669       15804.2
    44   3229301  724285    1.5730       9368.5
    32   1636047  78207     1.6791       9309.4
    7    1422321  79638     1.6736       9035.4
    5    1263676  342947    1.5855       8715.2
    15   1539367  34390     1.8129       8693.7
    25   1602731  57242     1.7014       8087.2
    13   1520469  67330     1.6649       7054.0
    31   1628740  37700     1.7278       6321.9
    top-10: 26.3% of mass, 75.7% of excess-loss
Epoch 437: loss=1.559950  (21.51 sec, 65 subtrees, 730 chunks, 34623339 nodes)
  residual top-10 (subtree_mass × max(avg_loss − 1.560, 0)):
    rc   rootID   mass      avg_loss     score 
    1    138709   8244278   1.5740       115792.8
    46   3463254  2317775   1.5658       13546.6
    44   3229301  724285    1.5734       9733.9
    32   1636047  78207     1.6795       9346.7
    7    1422321  79638     1.6737       9059.0
    15   1539367  34390     1.8152       8779.3
    5    1263676  342947    1.5852       8655.1
    25   1602731  57242     1.7021       8136.3
    13   1520469  67330     1.6626       6911.9
    31   1628740  37700     1.7281       6337.7
    top-10: 26.3% of mass, 75.5% of excess-loss
Epoch 438: loss=1.560132  (21.50 sec, 65 subtrees, 730 chunks, 34623339 nodes)
  residual top-10 (subtree_mass × max(avg_loss − 1.560, 0)):
    rc   rootID   mass      avg_loss     score 
    1    138709   8244278   1.5740       113945.6
    46   3463254  2317775   1.5659       13310.9
    32   1636047  78207     1.6796       9341.5
    44   3229301  724285    1.5727       9131.1
    7    1422321  79638     1.6739       9058.1
    5    1263676  342947    1.5864       9024.4
    15   1539367  34390     1.8127       8686.1
    25   1602731  57242     1.7038       8221.7
    13   1520469  67330     1.6624       6888.8
    31   1628740  37700     1.7287       6356.4
    top-10: 26.3% of mass, 75.2% of excess-loss
Epoch 439: loss=1.560383  (21.49 sec, 65 subtrees, 730 chunks, 34623339 nodes)
  residual top-10 (subtree_mass × max(avg_loss − 1.560, 0)):
    rc   rootID   mass      avg_loss     score 
    1    138709   8244278   1.5746       117150.3
    46   3463254  2317775   1.5662       13516.0
    44   3229301  724285    1.5737       9613.3
    32   1636047  78207     1.6797       9334.7
    7    1422321  79638     1.6738       9033.7
    5    1263676  342947    1.5859       8762.3
    15   1539367  34390     1.8126       8674.4
    25   1602731  57242     1.7025       8137.8
    13   1520469  67330     1.6635       6942.8
    31   1628740  37700     1.7296       6379.3
    top-10: 26.3% of mass, 75.5% of excess-loss
Epoch 440: loss=1.559991  (21.48 sec, 65 subtrees, 730 chunks, 34623339 nodes)
  residual top-10 (subtree_mass × max(avg_loss − 1.560, 0)):
    rc   rootID   mass      avg_loss     score 
    1    138709   8244278   1.5743       118116.3
    46   3463254  2317775   1.5659       13789.6
    32   1636047  78207     1.6793       9331.9
    44   3229301  724285    1.5728       9244.8
    7    1422321  79638     1.6729       8994.2
    15   1539367  34390     1.8128       8694.2
    5    1263676  342947    1.5845       8398.0
    25   1602731  57242     1.7008       8061.6
    13   1520469  67330     1.6631       6940.7
    31   1628740  37700     1.7289       6366.4
    top-10: 26.3% of mass, 75.7% of excess-loss
Epoch 441: loss=1.559723  (21.49 sec, 65 subtrees, 730 chunks, 34623339 nodes)
  residual top-10 (subtree_mass × max(avg_loss − 1.560, 0)):
    rc   rootID   mass      avg_loss     score 
    1    138709   8244278   1.5742       119234.4
    46   3463254  2317775   1.5658       14151.5
    44   3229301  724285    1.5728       9452.7
    32   1636047  78207     1.6786       9295.9
    7    1422321  79638     1.6734       9051.7
    5    1263676  342947    1.5854       8805.8
    15   1539367  34390     1.8112       8649.4
    25   1602731  57242     1.7017       8129.8
    13   1520469  67330     1.6623       6907.0
    31   1628740  37700     1.7272       6315.4
    top-10: 26.3% of mass, 75.7% of excess-loss
Epoch 442: loss=1.559391  (21.50 sec, 65 subtrees, 730 chunks, 34623339 nodes)
  residual top-10 (subtree_mass × max(avg_loss − 1.559, 0)):
    rc   rootID   mass      avg_loss     score 
    1    138709   8244278   1.5737       117567.0
    46   3463254  2317775   1.5657       14690.5
    44   3229301  724285    1.5731       9927.9
    32   1636047  78207     1.6786       9322.0
    7    1422321  79638     1.6731       9054.5
    15   1539367  34390     1.8128       8713.1
    5    1263676  342947    1.5838       8371.8
    25   1602731  57242     1.7034       8243.4
    13   1520469  67330     1.6622       6924.5
    31   1628740  37700     1.7284       6369.9
    top-10: 26.3% of mass, 75.7% of excess-loss
Epoch 443: loss=1.559289  (21.51 sec, 65 subtrees, 730 chunks, 34623339 nodes)
  residual top-10 (subtree_mass × max(avg_loss − 1.559, 0)):
    rc   rootID   mass      avg_loss     score 
    1    138709   8244278   1.5736       118332.7
    46   3463254  2317775   1.5653       13908.2
    44   3229301  724285    1.5722       9320.3
    32   1636047  78207     1.6779       9280.1
    7    1422321  79638     1.6731       9060.0
    15   1539367  34390     1.8109       8654.5
    5    1263676  342947    1.5837       8367.5
    25   1602731  57242     1.7015       8140.6
    13   1520469  67330     1.6632       6996.4
    31   1628740  37700     1.7287       6387.0
    top-10: 26.3% of mass, 75.6% of excess-loss
Epoch 444: loss=1.559107  (21.51 sec, 65 subtrees, 730 chunks, 34623339 nodes)
  residual top-10 (subtree_mass × max(avg_loss − 1.559, 0)):
    rc   rootID   mass      avg_loss     score 
    1    138709   8244278   1.5734       117674.6
    46   3463254  2317775   1.5652       14042.8
    32   1636047  78207     1.6797       9433.1
    44   3229301  724285    1.5718       9182.5
    7    1422321  79638     1.6722       9003.8
    15   1539367  34390     1.8108       8654.1
    5    1263676  342947    1.5833       8283.3
    25   1602731  57242     1.7006       8100.3
    13   1520469  67330     1.6622       6944.0
    31   1628740  37700     1.7284       6380.8
    top-10: 26.3% of mass, 75.6% of excess-loss
Epoch 445: loss=1.558970  (21.51 sec, 65 subtrees, 730 chunks, 34623339 nodes)
  residual top-10 (subtree_mass × max(avg_loss − 1.559, 0)):
    rc   rootID   mass      avg_loss     score 
    1    138709   8244278   1.5734       119205.1
    46   3463254  2317775   1.5651       14235.6
    32   1636047  78207     1.6784       9344.1
    44   3229301  724285    1.5717       9240.1
    7    1422321  79638     1.6716       8968.2
    15   1539367  34390     1.8126       8721.9
    25   1602731  57242     1.7019       8180.7
    5    1263676  342947    1.5827       8142.1
    13   1520469  67330     1.6642       7086.5
    31   1628740  37700     1.7274       6350.4
    top-10: 26.3% of mass, 75.7% of excess-loss
Epoch 446: loss=1.558975  (21.51 sec, 65 subtrees, 730 chunks, 34623339 nodes)
  residual top-10 (subtree_mass × max(avg_loss − 1.559, 0)):
    rc   rootID   mass      avg_loss     score 
    1    138709   8244278   1.5732       117562.1
    46   3463254  2317775   1.5651       14245.9
    32   1636047  78207     1.6787       9360.4
    7    1422321  79638     1.6725       9044.8
    44   3229301  724285    1.5714       8998.6
    15   1539367  34390     1.8101       8636.0
    5    1263676  342947    1.5829       8205.3
    25   1602731  57242     1.7020       8189.8
    13   1520469  67330     1.6620       6936.3
    31   1628740  37700     1.7273       6346.9
    top-10: 26.3% of mass, 75.6% of excess-loss
Epoch 447: loss=1.558855  (21.52 sec, 65 subtrees, 730 chunks, 34623339 nodes)
  residual top-10 (subtree_mass × max(avg_loss − 1.559, 0)):
    rc   rootID   mass      avg_loss     score 
    1    138709   8244278   1.5732       118320.6
    46   3463254  2317775   1.5651       14393.3
    32   1636047  78207     1.6786       9361.3
    7    1422321  79638     1.6720       9009.1
    44   3229301  724285    1.5712       8914.7
    15   1539367  34390     1.8123       8715.5
    25   1602731  57242     1.7012       8146.8
    5    1263676  342947    1.5826       8143.1
    13   1520469  67330     1.6625       6976.3
    31   1628740  37700     1.7280       6378.1
    top-10: 26.3% of mass, 75.6% of excess-loss
Epoch 448: loss=1.558771  (21.49 sec, 65 subtrees, 730 chunks, 34623339 nodes)
  residual top-10 (subtree_mass × max(avg_loss − 1.559, 0)):
    rc   rootID   mass      avg_loss     score 
    1    138709   8244278   1.5731       118303.3
    46   3463254  2317775   1.5651       14757.9
    32   1636047  78207     1.6787       9376.1
    44   3229301  724285    1.5714       9121.8
    7    1422321  79638     1.6724       9050.6
    15   1539367  34390     1.8113       8682.8
    25   1602731  57242     1.7011       8144.9
    5    1263676  342947    1.5818       7895.5
    13   1520469  67330     1.6625       6986.7
    31   1628740  37700     1.7285       6398.0
    top-10: 26.3% of mass, 75.7% of excess-loss
Epoch 449: loss=1.558665  (21.47 sec, 65 subtrees, 730 chunks, 34623339 nodes)
  residual top-10 (subtree_mass × max(avg_loss − 1.559, 0)):
    rc   rootID   mass      avg_loss     score 
    1    138709   8244278   1.5730       118555.3
    46   3463254  2317775   1.5649       14351.5
    32   1636047  78207     1.6787       9389.5
    44   3229301  724285    1.5713       9123.5
    7    1422321  79638     1.6718       9008.0
    15   1539367  34390     1.8105       8660.8
    25   1602731  57242     1.7007       8128.7
    5    1263676  342947    1.5820       8009.1
    13   1520469  67330     1.6622       6968.7
    31   1628740  37700     1.7270       6347.4
    top-10: 26.3% of mass, 75.7% of excess-loss
Epoch 450: loss=1.558621  (21.49 sec, 65 subtrees, 730 chunks, 34623339 nodes)
  residual top-10 (subtree_mass × max(avg_loss − 1.559, 0)):
    rc   rootID   mass      avg_loss     score 
    1    138709   8244278   1.5731       119039.5
    46   3463254  2317775   1.5648       14293.2
    32   1636047  78207     1.6792       9429.0
    44   3229301  724285    1.5713       9164.6
    7    1422321  79638     1.6715       8990.8
    15   1539367  34390     1.8121       8717.2
    25   1602731  57242     1.7012       8161.9
    5    1263676  342947    1.5816       7869.6
    13   1520469  67330     1.6617       6940.7
    31   1628740  37700     1.7288       6415.2
    top-10: 26.3% of mass, 75.8% of excess-loss
Epoch 451: loss=1.558578  (21.50 sec, 65 subtrees, 730 chunks, 34623339 nodes)
  residual top-10 (subtree_mass × max(avg_loss − 1.559, 0)):
    rc   rootID   mass      avg_loss     score 
    1    138709   8244278   1.5729       118313.4
    46   3463254  2317775   1.5647       14218.4
    32   1636047  78207     1.6783       9361.5
    44   3229301  724285    1.5711       9059.9
    7    1422321  79638     1.6718       9018.2
    15   1539367  34390     1.8105       8663.4
    25   1602731  57242     1.7010       8153.2
    5    1263676  342947    1.5820       8040.1
    13   1520469  67330     1.6620       6965.7
    31   1628740  37700     1.7273       6360.0
    top-10: 26.3% of mass, 75.6% of excess-loss
Epoch 452: loss=1.558495  (21.51 sec, 65 subtrees, 730 chunks, 34623339 nodes)
  residual top-10 (subtree_mass × max(avg_loss − 1.558, 0)):
    rc   rootID   mass      avg_loss     score 
    1    138709   8244278   1.5728       117914.7
    46   3463254  2317775   1.5647       14343.7
    44   3229301  724285    1.5716       9472.7
    32   1636047  78207     1.6786       9392.4
    7    1422321  79638     1.6716       9009.8
    15   1539367  34390     1.8130       8752.7
    25   1602731  57242     1.7011       8165.1
    5    1263676  342947    1.5811       7756.2
    13   1520469  67330     1.6625       7003.3
    31   1628740  37700     1.7266       6337.3
    top-10: 26.3% of mass, 75.7% of excess-loss
Epoch 453: loss=1.558424  (21.51 sec, 65 subtrees, 730 chunks, 34623339 nodes)
  residual top-10 (subtree_mass × max(avg_loss − 1.558, 0)):
    rc   rootID   mass      avg_loss     score 
    1    138709   8244278   1.5728       118276.6
    46   3463254  2317775   1.5647       14504.8
    44   3229301  724285    1.5715       9437.6
    32   1636047  78207     1.6785       9386.9
    7    1422321  79638     1.6718       9027.9
    15   1539367  34390     1.8108       8680.7
    25   1602731  57242     1.7005       8135.5
    5    1263676  342947    1.5809       7710.7
    13   1520469  67330     1.6625       7009.5
    31   1628740  37700     1.7279       6389.9
    top-10: 26.3% of mass, 75.8% of excess-loss
Epoch 454: loss=1.558363  (21.52 sec, 65 subtrees, 730 chunks, 34623339 nodes)
  residual top-10 (subtree_mass × max(avg_loss − 1.558, 0)):
    rc   rootID   mass      avg_loss     score 
    1    138709   8244278   1.5728       118714.2
    46   3463254  2317775   1.5646       14558.6
    32   1636047  78207     1.6788       9422.8
    44   3229301  724285    1.5710       9132.8
    7    1422321  79638     1.6710       8972.8
    15   1539367  34390     1.8103       8664.1
    25   1602731  57242     1.7021       8228.5
    5    1263676  342947    1.5808       7691.9
    13   1520469  67330     1.6620       6976.7
    31   1628740  37700     1.7275       6377.1
    top-10: 26.3% of mass, 75.7% of excess-loss
Epoch 455: loss=1.558332  (21.50 sec, 65 subtrees, 730 chunks, 34623339 nodes)
  residual top-10 (subtree_mass × max(avg_loss − 1.558, 0)):
    rc   rootID   mass      avg_loss     score 
    1    138709   8244278   1.5727       118344.0
    46   3463254  2317775   1.5645       14351.4
    32   1636047  78207     1.6810       9593.7
    44   3229301  724285    1.5711       9273.0
    7    1422321  79638     1.6711       8984.4
    15   1539367  34390     1.8129       8754.8
    25   1602731  57242     1.7021       8230.3
    5    1263676  342947    1.5807       7681.2
    13   1520469  67330     1.6619       6976.4
    31   1628740  37700     1.7281       6398.6
    top-10: 26.3% of mass, 75.6% of excess-loss
Epoch 456: loss=1.558289  (21.50 sec, 65 subtrees, 730 chunks, 34623339 nodes)
  residual top-10 (subtree_mass × max(avg_loss − 1.558, 0)):
    rc   rootID   mass      avg_loss     score 
    1    138709   8244278   1.5727       118663.2
    46   3463254  2317775   1.5645       14412.5
    32   1636047  78207     1.6789       9434.1
    44   3229301  724285    1.5709       9107.4
    7    1422321  79638     1.6717       9033.5
    15   1539367  34390     1.8107       8681.5
    25   1602731  57242     1.7007       8149.5
    5    1263676  342947    1.5814       7925.6
    13   1520469  67330     1.6621       6990.2
    31   1628740  37700     1.7270       6361.6
    top-10: 26.3% of mass, 75.5% of excess-loss
Epoch 457: loss=1.558210  (21.50 sec, 65 subtrees, 730 chunks, 34623339 nodes)
  residual top-10 (subtree_mass × max(avg_loss − 1.558, 0)):
    rc   rootID   mass      avg_loss     score 
    1    138709   8244278   1.5726       118531.9
    46   3463254  2317775   1.5645       14507.0
    32   1636047  78207     1.6789       9436.5
    44   3229301  724285    1.5706       8987.6
    7    1422321  79638     1.6710       8986.3
    15   1539367  34390     1.8131       8766.2
    25   1602731  57242     1.7006       8150.9
    5    1263676  342947    1.5806       7691.3
    13   1520469  67330     1.6624       7015.9
    31   1628740  37700     1.7269       6360.9
    top-10: 26.3% of mass, 75.7% of excess-loss
Epoch 458: loss=1.558189  (21.49 sec, 65 subtrees, 730 chunks, 34623339 nodes)
  residual top-10 (subtree_mass × max(avg_loss − 1.558, 0)):
    rc   rootID   mass      avg_loss     score 
    1    138709   8244278   1.5726       118474.8
    46   3463254  2317775   1.5644       14427.1
    32   1636047  78207     1.6784       9404.0
    44   3229301  724285    1.5707       9051.5
    7    1422321  79638     1.6717       9040.8
    15   1539367  34390     1.8111       8698.3
    25   1602731  57242     1.7015       8203.6
    5    1263676  342947    1.5805       7663.1
    13   1520469  67330     1.6610       6919.0
    31   1628740  37700     1.7282       6408.4
    top-10: 26.3% of mass, 75.6% of excess-loss
Epoch 459: loss=1.558125  (21.48 sec, 65 subtrees, 730 chunks, 34623339 nodes)
  residual top-10 (subtree_mass × max(avg_loss − 1.558, 0)):
    rc   rootID   mass      avg_loss     score 
    1    138709   8244278   1.5725       118839.8
    46   3463254  2317775   1.5642       14073.1
    32   1636047  78207     1.6789       9443.8
    44   3229301  724285    1.5709       9225.9
    7    1422321  79638     1.6713       9011.3
    15   1539367  34390     1.8116       8717.4
    25   1602731  57242     1.7014       8203.1
    5    1263676  342947    1.5804       7644.8
    13   1520469  67330     1.6608       6910.7
    31   1628740  37700     1.7273       6376.9
    top-10: 26.3% of mass, 75.6% of excess-loss
Epoch 460: loss=1.558120  (21.49 sec, 65 subtrees, 730 chunks, 34623339 nodes)
  residual top-10 (subtree_mass × max(avg_loss − 1.558, 0)):
    rc   rootID   mass      avg_loss     score 
    1    138709   8244278   1.5726       119206.0
    46   3463254  2317775   1.5642       14177.5
    32   1636047  78207     1.6800       9530.8
    44   3229301  724285    1.5707       9084.8
    7    1422321  79638     1.6711       8998.6
    15   1539367  34390     1.8130       8765.6
    25   1602731  57242     1.7022       8248.4
    5    1263676  342947    1.5802       7564.8
    13   1520469  67330     1.6615       6963.7
    31   1628740  37700     1.7289       6439.1
    top-10: 26.3% of mass, 75.6% of excess-loss
Epoch 461: loss=1.558045  (21.49 sec, 65 subtrees, 730 chunks, 34623339 nodes)
  residual top-10 (subtree_mass × max(avg_loss − 1.558, 0)):
    rc   rootID   mass      avg_loss     score 
    1    138709   8244278   1.5724       118752.1
    46   3463254  2317775   1.5643       14452.2
    32   1636047  78207     1.6780       9385.1
    44   3229301  724285    1.5705       9038.3
    7    1422321  79638     1.6712       9014.4
    15   1539367  34390     1.8094       8645.7
    25   1602731  57242     1.7027       8281.6
    5    1263676  342947    1.5798       7456.0
    13   1520469  67330     1.6611       6941.8
    31   1628740  37700     1.7279       6402.8
    top-10: 26.3% of mass, 75.7% of excess-loss
Epoch 462: loss=1.558030  (21.50 sec, 65 subtrees, 730 chunks, 34623339 nodes)
  residual top-10 (subtree_mass × max(avg_loss − 1.558, 0)):
    rc   rootID   mass      avg_loss     score 
    1    138709   8244278   1.5725       118923.5
    46   3463254  2317775   1.5642       14368.7
    32   1636047  78207     1.6787       9438.6
    7    1422321  79638     1.6713       9020.9
    44   3229301  724285    1.5705       9018.0
    15   1539367  34390     1.8136       8790.6
    25   1602731  57242     1.7026       8273.8
    5    1263676  342947    1.5798       7478.0
    13   1520469  67330     1.6615       6970.0
    31   1628740  37700     1.7279       6402.5
    top-10: 26.3% of mass, 75.8% of excess-loss
Epoch 463: loss=1.557994  (21.51 sec, 65 subtrees, 730 chunks, 34623339 nodes)
  residual top-10 (subtree_mass × max(avg_loss − 1.558, 0)):
    rc   rootID   mass      avg_loss     score 
    1    138709   8244278   1.5725       119214.8
    46   3463254  2317775   1.5642       14335.0
    32   1636047  78207     1.6783       9405.3
    7    1422321  79638     1.6712       9017.1
    44   3229301  724285    1.5704       8966.6
    15   1539367  34390     1.8104       8678.7
    25   1602731  57242     1.7014       8206.2
    5    1263676  342947    1.5807       7802.2
    13   1520469  67330     1.6616       6974.8
    31   1628740  37700     1.7281       6412.4
    top-10: 26.3% of mass, 75.6% of excess-loss
Epoch 464: loss=1.557937  (21.50 sec, 65 subtrees, 730 chunks, 34623339 nodes)
  residual top-10 (subtree_mass × max(avg_loss − 1.558, 0)):
    rc   rootID   mass      avg_loss     score 
    1    138709   8244278   1.5724       119134.0
    46   3463254  2317775   1.5642       14629.1
    32   1636047  78207     1.6787       9445.2
    44   3229301  724285    1.5704       9015.4
    7    1422321  79638     1.6710       9000.5
    15   1539367  34390     1.8139       8801.0
    25   1602731  57242     1.7025       8274.0
    5    1263676  342947    1.5798       7498.9
    13   1520469  67330     1.6614       6969.5
    31   1628740  37700     1.7299       6481.4
    top-10: 26.3% of mass, 75.7% of excess-loss
Epoch 465: loss=1.557889  (21.50 sec, 65 subtrees, 730 chunks, 34623339 nodes)
  residual top-10 (subtree_mass × max(avg_loss − 1.558, 0)):
    rc   rootID   mass      avg_loss     score 
    1    138709   8244278   1.5723       118864.9
    46   3463254  2317775   1.5642       14565.2
    32   1636047  78207     1.6796       9518.1
    44   3229301  724285    1.5705       9098.5
    7    1422321  79638     1.6711       9012.8
    15   1539367  34390     1.8131       8777.7
    25   1602731  57242     1.7037       8345.0
    5    1263676  342947    1.5798       7503.6
    13   1520469  67330     1.6612       6957.8
    31   1628740  37700     1.7276       6399.9
    top-10: 26.3% of mass, 75.7% of excess-loss
Epoch 466: loss=1.557856  (21.49 sec, 65 subtrees, 730 chunks, 34623339 nodes)
  residual top-10 (subtree_mass × max(avg_loss − 1.558, 0)):
    rc   rootID   mass      avg_loss     score 
    1    138709   8244278   1.5723       119047.1
    46   3463254  2317775   1.5642       14620.1
    32   1636047  78207     1.6793       9500.5
    44   3229301  724285    1.5703       8992.7
    7    1422321  79638     1.6705       8971.1
    15   1539367  34390     1.8111       8710.0
    25   1602731  57242     1.7021       8256.3
    5    1263676  342947    1.5799       7564.3
    13   1520469  67330     1.6616       6987.2
    31   1628740  37700     1.7279       6411.5
    top-10: 26.3% of mass, 75.7% of excess-loss
Epoch 467: loss=1.557800  (21.51 sec, 65 subtrees, 730 chunks, 34623339 nodes)
  residual top-10 (subtree_mass × max(avg_loss − 1.558, 0)):
    rc   rootID   mass      avg_loss     score 
    1    138709   8244278   1.5723       119690.6
    46   3463254  2317775   1.5641       14524.0
    32   1636047  78207     1.6793       9498.7
    44   3229301  724285    1.5704       9110.3
    7    1422321  79638     1.6704       8966.4
    15   1539367  34390     1.8119       8739.3
    25   1602731  57242     1.7024       8279.8
    5    1263676  342947    1.5794       7405.8
    13   1520469  67330     1.6613       6971.6
    31   1628740  37700     1.7276       6402.4
    top-10: 26.3% of mass, 75.8% of excess-loss
Epoch 468: loss=1.557774  (21.51 sec, 65 subtrees, 730 chunks, 34623339 nodes)
  residual top-10 (subtree_mass × max(avg_loss − 1.558, 0)):
    rc   rootID   mass      avg_loss     score 
    1    138709   8244278   1.5722       119202.4
    46   3463254  2317775   1.5641       14716.3
    32   1636047  78207     1.6786       9447.8
    44   3229301  724285    1.5702       8999.3
    7    1422321  79638     1.6700       8934.5
    15   1539367  34390     1.8108       8700.8
    25   1602731  57242     1.7008       8188.0
    5    1263676  342947    1.5790       7271.8
    13   1520469  67330     1.6616       6988.7
    31   1628740  37700     1.7277       6407.5
    top-10: 26.3% of mass, 75.8% of excess-loss
Epoch 469: loss=1.557818  (21.51 sec, 65 subtrees, 730 chunks, 34623339 nodes)
  residual top-10 (subtree_mass × max(avg_loss − 1.558, 0)):
    rc   rootID   mass      avg_loss     score 
    1    138709   8244278   1.5722       118752.7
    46   3463254  2317775   1.5641       14629.2
    32   1636047  78207     1.6798       9539.6
    7    1422321  79638     1.6711       9025.2
    44   3229301  724285    1.5703       9019.7
    15   1539367  34390     1.8099       8669.4
    25   1602731  57242     1.7013       8210.6
    5    1263676  342947    1.5796       7463.3
    13   1520469  67330     1.6622       7027.4
    31   1628740  37700     1.7279       6410.4
    top-10: 26.3% of mass, 75.6% of excess-loss
Epoch 470: loss=1.557750  (21.52 sec, 65 subtrees, 730 chunks, 34623339 nodes)
  residual top-10 (subtree_mass × max(avg_loss − 1.558, 0)):
    rc   rootID   mass      avg_loss     score 
    1    138709   8244278   1.5722       119268.7
    46   3463254  2317775   1.5640       14431.0
    32   1636047  78207     1.6786       9450.9
    44   3229301  724285    1.5702       9050.0
    7    1422321  79638     1.6707       8992.4
    15   1539367  34390     1.8135       8795.3
    25   1602731  57242     1.7021       8263.6
    5    1263676  342947    1.5794       7412.6
    13   1520469  67330     1.6610       6952.4
    31   1628740  37700     1.7275       6398.9
    top-10: 26.3% of mass, 75.8% of excess-loss
Epoch 471: loss=1.557741  (21.50 sec, 65 subtrees, 730 chunks, 34623339 nodes)
  residual top-10 (subtree_mass × max(avg_loss − 1.558, 0)):
    rc   rootID   mass      avg_loss     score 
    1    138709   8244278   1.5722       119208.8
    46   3463254  2317775   1.5642       14950.3
    32   1636047  78207     1.6795       9523.5
    7    1422321  79638     1.6708       9007.6
    44   3229301  724285    1.5700       8843.8
    15   1539367  34390     1.8146       8833.2
    25   1602731  57242     1.7024       8282.5
    5    1263676  342947    1.5792       7344.8
    13   1520469  67330     1.6626       7062.1
    31   1628740  37700     1.7294       6472.6
    top-10: 26.3% of mass, 75.8% of excess-loss
Epoch 472: loss=1.557704  (21.51 sec, 65 subtrees, 730 chunks, 34623339 nodes)
  residual top-10 (subtree_mass × max(avg_loss − 1.558, 0)):
    rc   rootID   mass      avg_loss     score 
    1    138709   8244278   1.5722       119201.6
    46   3463254  2317775   1.5641       14911.7
    32   1636047  78207     1.6799       9557.0
    7    1422321  79638     1.6713       9043.8
    44   3229301  724285    1.5701       8978.7
    15   1539367  34390     1.8112       8716.3
    25   1602731  57242     1.7012       8215.4
    5    1263676  342947    1.5795       7460.1
    13   1520469  67330     1.6621       7030.9
    31   1628740  37700     1.7286       6442.0
    top-10: 26.3% of mass, 75.7% of excess-loss
Epoch 473: loss=1.557681  (21.50 sec, 65 subtrees, 730 chunks, 34623339 nodes)
  residual top-10 (subtree_mass × max(avg_loss − 1.558, 0)):
    rc   rootID   mass      avg_loss     score 
    1    138709   8244278   1.5722       119477.0
    46   3463254  2317775   1.5640       14685.9
    32   1636047  78207     1.6797       9545.0
    7    1422321  79638     1.6706       8990.4
    44   3229301  724285    1.5700       8896.8
    15   1539367  34390     1.8122       8753.4
    25   1602731  57242     1.7020       8261.3
    5    1263676  342947    1.5789       7271.8
    13   1520469  67330     1.6621       7032.7
    31   1628740  37700     1.7285       6440.8
    top-10: 26.3% of mass, 75.8% of excess-loss
Epoch 474: loss=1.557668  (21.50 sec, 65 subtrees, 730 chunks, 34623339 nodes)
  residual top-10 (subtree_mass × max(avg_loss − 1.558, 0)):
    rc   rootID   mass      avg_loss     score 
    1    138709   8244278   1.5722       119565.9
    46   3463254  2317775   1.5640       14647.9
    32   1636047  78207     1.6792       9506.9
    7    1422321  79638     1.6711       9034.5
    44   3229301  724285    1.5701       9033.3
    15   1539367  34390     1.8126       8766.5
    25   1602731  57242     1.7034       8343.4
    5    1263676  342947    1.5790       7326.7
    13   1520469  67330     1.6619       7017.7
    31   1628740  37700     1.7296       6482.7
    top-10: 26.3% of mass, 75.8% of excess-loss
Epoch 475: loss=1.557582  (21.50 sec, 65 subtrees, 730 chunks, 34623339 nodes)
  residual top-10 (subtree_mass × max(avg_loss − 1.558, 0)):
    rc   rootID   mass      avg_loss     score 
    1    138709   8244278   1.5721       119679.1
    46   3463254  2317775   1.5640       14771.0
    32   1636047  78207     1.6791       9505.9
    44   3229301  724285    1.5701       9031.7
    7    1422321  79638     1.6703       8973.0
    15   1539367  34390     1.8137       8809.6
    25   1602731  57242     1.7024       8287.1
    5    1263676  342947    1.5790       7348.1
    13   1520469  67330     1.6620       7030.5
    31   1628740  37700     1.7286       6448.6
    top-10: 26.3% of mass, 75.7% of excess-loss
Epoch 476: loss=1.557600  (21.50 sec, 65 subtrees, 730 chunks, 34623339 nodes)
  residual top-10 (subtree_mass × max(avg_loss − 1.558, 0)):
    rc   rootID   mass      avg_loss     score 
    1    138709   8244278   1.5721       119888.3
    46   3463254  2317775   1.5640       14877.0
    32   1636047  78207     1.6800       9569.7
    7    1422321  79638     1.6705       8988.0
    44   3229301  724285    1.5699       8928.3
    15   1539367  34390     1.8101       8682.6
    25   1602731  57242     1.7010       8206.3
    5    1263676  342947    1.5788       7261.5
    13   1520469  67330     1.6615       6993.6
    31   1628740  37700     1.7293       6471.8
    top-10: 26.3% of mass, 75.8% of excess-loss
Epoch 477: loss=1.557583  (21.49 sec, 65 subtrees, 730 chunks, 34623339 nodes)
  residual top-10 (subtree_mass × max(avg_loss − 1.558, 0)):
    rc   rootID   mass      avg_loss     score 
    1    138709   8244278   1.5721       119973.5
    46   3463254  2317775   1.5639       14557.0
    32   1636047  78207     1.6796       9540.1
    7    1422321  79638     1.6710       9030.2
    44   3229301  724285    1.5699       8938.7
    15   1539367  34390     1.8120       8750.4
    25   1602731  57242     1.7016       8242.8
    5    1263676  342947    1.5786       7202.5
    13   1520469  67330     1.6617       7010.8
    31   1628740  37700     1.7288       6453.2
    top-10: 26.3% of mass, 75.8% of excess-loss
Epoch 478: loss=1.557564  (21.51 sec, 65 subtrees, 730 chunks, 34623339 nodes)
  residual top-10 (subtree_mass × max(avg_loss − 1.558, 0)):
    rc   rootID   mass      avg_loss     score 
    1    138709   8244278   1.5721       119499.8
    46   3463254  2317775   1.5638       14435.8
    32   1636047  78207     1.6796       9543.3
    7    1422321  79638     1.6704       8986.9
    44   3229301  724285    1.5700       8984.6
    15   1539367  34390     1.8124       8763.1
    25   1602731  57242     1.7017       8249.8
    5    1263676  342947    1.5786       7200.3
    13   1520469  67330     1.6619       7025.6
    31   1628740  37700     1.7284       6440.1
    top-10: 26.3% of mass, 75.6% of excess-loss
Epoch 479: loss=1.557530  (21.50 sec, 65 subtrees, 730 chunks, 34623339 nodes)
  residual top-10 (subtree_mass × max(avg_loss − 1.558, 0)):
    rc   rootID   mass      avg_loss     score 
    1    138709   8244278   1.5720       119412.6
    46   3463254  2317775   1.5639       14730.5
    32   1636047  78207     1.6812       9668.7
    44   3229301  724285    1.5700       9011.5
    7    1422321  79638     1.6702       8970.4
    15   1539367  34390     1.8108       8708.5
    25   1602731  57242     1.7011       8220.5
    5    1263676  342947    1.5788       7291.3
    13   1520469  67330     1.6617       7013.1
    31   1628740  37700     1.7284       6440.4
    top-10: 26.3% of mass, 75.7% of excess-loss
Epoch 480: loss=1.557490  (21.50 sec, 65 subtrees, 730 chunks, 34623339 nodes)
  residual top-10 (subtree_mass × max(avg_loss − 1.557, 0)):
    rc   rootID   mass      avg_loss     score 
    1    138709   8244278   1.5720       119541.0
    46   3463254  2317775   1.5637       14507.8
    32   1636047  78207     1.6800       9578.6
    44   3229301  724285    1.5700       9029.2
    7    1422321  79638     1.6702       8979.1
    15   1539367  34390     1.8118       8744.3
    25   1602731  57242     1.7025       8299.5
    5    1263676  342947    1.5786       7254.0
    13   1520469  67330     1.6618       7026.5
    31   1628740  37700     1.7286       6452.4
    top-10: 26.3% of mass, 75.8% of excess-loss
Epoch 481: loss=1.557502  (21.49 sec, 65 subtrees, 730 chunks, 34623339 nodes)
  residual top-10 (subtree_mass × max(avg_loss − 1.558, 0)):
    rc   rootID   mass      avg_loss     score 
    1    138709   8244278   1.5720       119258.6
    46   3463254  2317775   1.5638       14655.2
    32   1636047  78207     1.6793       9524.3
    44   3229301  724285    1.5699       9015.7
    7    1422321  79638     1.6704       8987.9
    15   1539367  34390     1.8122       8759.2
    25   1602731  57242     1.7022       8283.4
    5    1263676  342947    1.5785       7207.3
    13   1520469  67330     1.6615       7005.1
    31   1628740  37700     1.7278       6420.8
    top-10: 26.3% of mass, 75.7% of excess-loss
Epoch 482: loss=1.557497  (21.47 sec, 65 subtrees, 730 chunks, 34623339 nodes)
  residual top-10 (subtree_mass × max(avg_loss − 1.557, 0)):
    rc   rootID   mass      avg_loss     score 
    1    138709   8244278   1.5720       119734.5
    46   3463254  2317775   1.5639       14793.7
    32   1636047  78207     1.6789       9490.7
    44   3229301  724285    1.5699       9018.9
    7    1422321  79638     1.6704       8991.4
    15   1539367  34390     1.8116       8739.9
    25   1602731  57242     1.7022       8285.8
    5    1263676  342947    1.5787       7257.1
    13   1520469  67330     1.6613       6991.7
    31   1628740  37700     1.7282       6435.4
    top-10: 26.3% of mass, 75.8% of excess-loss
Epoch 483: loss=1.557491  (21.49 sec, 65 subtrees, 730 chunks, 34623339 nodes)
  residual top-10 (subtree_mass × max(avg_loss − 1.557, 0)):
    rc   rootID   mass      avg_loss     score 
    1    138709   8244278   1.5721       120092.1
    46   3463254  2317775   1.5638       14675.5
    32   1636047  78207     1.6797       9554.5
    44   3229301  724285    1.5700       9048.7
    7    1422321  79638     1.6703       8986.3
    15   1539367  34390     1.8108       8710.2
    25   1602731  57242     1.7009       8208.7
    5    1263676  342947    1.5785       7209.3
    13   1520469  67330     1.6624       7065.6
    31   1628740  37700     1.7282       6434.8
    top-10: 26.3% of mass, 75.8% of excess-loss
Epoch 484: loss=1.557448  (21.47 sec, 65 subtrees, 730 chunks, 34623339 nodes)
  residual top-10 (subtree_mass × max(avg_loss − 1.557, 0)):
    rc   rootID   mass      avg_loss     score 
    1    138709   8244278   1.5720       119771.7
    46   3463254  2317775   1.5639       14916.1
    32   1636047  78207     1.6801       9591.8
    44   3229301  724285    1.5699       9029.3
    7    1422321  79638     1.6704       8994.0
    15   1539367  34390     1.8105       8702.5
    25   1602731  57242     1.7013       8235.4
    5    1263676  342947    1.5785       7204.5
    13   1520469  67330     1.6610       6970.9
    31   1628740  37700     1.7292       6476.5
    top-10: 26.3% of mass, 75.8% of excess-loss
Epoch 485: loss=1.557430  (21.48 sec, 65 subtrees, 730 chunks, 34623339 nodes)
  residual top-10 (subtree_mass × max(avg_loss − 1.557, 0)):
    rc   rootID   mass      avg_loss     score 
    1    138709   8244278   1.5720       119888.7
    46   3463254  2317775   1.5637       14598.4
    32   1636047  78207     1.6794       9535.9
    7    1422321  79638     1.6703       8992.6
    44   3229301  724285    1.5698       8939.9
    15   1539367  34390     1.8126       8774.0
    25   1602731  57242     1.7041       8395.2
    5    1263676  342947    1.5784       7195.5
    13   1520469  67330     1.6616       7015.6
    31   1628740  37700     1.7305       6525.6
    top-10: 26.3% of mass, 75.8% of excess-loss
Epoch 486: loss=1.557442  (21.48 sec, 65 subtrees, 730 chunks, 34623339 nodes)
  residual top-10 (subtree_mass × max(avg_loss − 1.557, 0)):
    rc   rootID   mass      avg_loss     score 
    1    138709   8244278   1.5720       119888.8
    46   3463254  2317775   1.5638       14626.7
    32   1636047  78207     1.6795       9546.8
    7    1422321  79638     1.6704       8995.5
    44   3229301  724285    1.5698       8961.6
    15   1539367  34390     1.8101       8687.8
    25   1602731  57242     1.7032       8344.7
    5    1263676  342947    1.5785       7238.1
    13   1520469  67330     1.6627       7086.3
    31   1628740  37700     1.7291       6470.2
    top-10: 26.3% of mass, 75.8% of excess-loss
Epoch 487: loss=1.557461  (21.51 sec, 65 subtrees, 730 chunks, 34623339 nodes)
  residual top-10 (subtree_mass × max(avg_loss − 1.557, 0)):
    rc   rootID   mass      avg_loss     score 
    1    138709   8244278   1.5720       119822.5
    46   3463254  2317775   1.5638       14720.2
    32   1636047  78207     1.6809       9656.4
    7    1422321  79638     1.6709       9032.2
    44   3229301  724285    1.5699       8988.1
    15   1539367  34390     1.8107       8707.8
    25   1602731  57242     1.7032       8345.2
    5    1263676  342947    1.5783       7154.2
    13   1520469  67330     1.6613       6991.7
    31   1628740  37700     1.7300       6505.7
    top-10: 26.3% of mass, 75.7% of excess-loss
Epoch 488: loss=1.557441  (21.50 sec, 65 subtrees, 730 chunks, 34623339 nodes)
  residual top-10 (subtree_mass × max(avg_loss − 1.557, 0)):
    rc   rootID   mass      avg_loss     score 
    1    138709   8244278   1.5720       119993.5
    46   3463254  2317775   1.5638       14650.8
    32   1636047  78207     1.6802       9602.1
    7    1422321  79638     1.6709       9036.0
    44   3229301  724285    1.5698       8965.9
    15   1539367  34390     1.8114       8733.9
    25   1602731  57242     1.7022       8284.8
    13   1520469  67330     1.6641       7184.0
    5    1263676  342947    1.5782       7120.0
    31   1628740  37700     1.7284       6446.0
    top-10: 26.3% of mass, 75.8% of excess-loss
Epoch 489: loss=1.557449  (21.50 sec, 65 subtrees, 730 chunks, 34623339 nodes)
  residual top-10 (subtree_mass × max(avg_loss − 1.557, 0)):
    rc   rootID   mass      avg_loss     score 
    1    138709   8244278   1.5720       120138.7
    46   3463254  2317775   1.5639       14954.2
    32   1636047  78207     1.6806       9631.1
    44   3229301  724285    1.5699       9016.7
    7    1422321  79638     1.6703       8988.9
    15   1539367  34390     1.8129       8786.4
    25   1602731  57242     1.7016       8249.9
    5    1263676  342947    1.5785       7203.7
    13   1520469  67330     1.6616       7012.1
    31   1628740  37700     1.7294       6482.9
    top-10: 26.3% of mass, 75.7% of excess-loss
Epoch 490: loss=1.557412  (21.49 sec, 65 subtrees, 730 chunks, 34623339 nodes)
  residual top-10 (subtree_mass × max(avg_loss − 1.557, 0)):
    rc   rootID   mass      avg_loss     score 
    1    138709   8244278   1.5720       120181.0
    46   3463254  2317775   1.5638       14752.3
    32   1636047  78207     1.6803       9608.0
    44   3229301  724285    1.5699       9010.5
    7    1422321  79638     1.6698       8948.7
    15   1539367  34390     1.8118       8747.9
    25   1602731  57242     1.7033       8348.2
    5    1263676  342947    1.5784       7189.3
    13   1520469  67330     1.6618       7025.9
    31   1628740  37700     1.7293       6480.8
    top-10: 26.3% of mass, 75.8% of excess-loss
Epoch 491: loss=1.557416  (21.49 sec, 65 subtrees, 730 chunks, 34623339 nodes)
  residual top-10 (subtree_mass × max(avg_loss − 1.557, 0)):
    rc   rootID   mass      avg_loss     score 
    1    138709   8244278   1.5720       120504.3
    46   3463254  2317775   1.5638       14728.9
    32   1636047  78207     1.6805       9626.3
    7    1422321  79638     1.6704       8995.2
    44   3229301  724285    1.5696       8842.7
    15   1539367  34390     1.8113       8730.7
    25   1602731  57242     1.7031       8336.7
    5    1263676  342947    1.5780       7048.4
    13   1520469  67330     1.6613       6996.3
    31   1628740  37700     1.7293       6478.6
    top-10: 26.3% of mass, 75.7% of excess-loss
Epoch 492: loss=1.557391  (21.50 sec, 65 subtrees, 730 chunks, 34623339 nodes)
  residual top-10 (subtree_mass × max(avg_loss − 1.557, 0)):
    rc   rootID   mass      avg_loss     score 
    1    138709   8244278   1.5720       120378.6
    46   3463254  2317775   1.5638       14859.1
    32   1636047  78207     1.6792       9525.6
    44   3229301  724285    1.5698       8975.1
    7    1422321  79638     1.6697       8941.5
    15   1539367  34390     1.8107       8710.3
    25   1602731  57242     1.7022       8287.7
    5    1263676  342947    1.5782       7129.1
    13   1520469  67330     1.6609       6971.0
    31   1628740  37700     1.7299       6503.3
    top-10: 26.3% of mass, 75.8% of excess-loss
Epoch 493: loss=1.557400  (21.50 sec, 65 subtrees, 730 chunks, 34623339 nodes)
  residual top-10 (subtree_mass × max(avg_loss − 1.557, 0)):
    rc   rootID   mass      avg_loss     score 
    1    138709   8244278   1.5720       120181.8
    46   3463254  2317775   1.5638       14924.2
    32   1636047  78207     1.6805       9628.4
    7    1422321  79638     1.6702       8982.8
    44   3229301  724285    1.5698       8960.4
    15   1539367  34390     1.8115       8737.9
    25   1602731  57242     1.7028       8323.1
    5    1263676  342947    1.5781       7113.8
    13   1520469  67330     1.6622       7056.0
    31   1628740  37700     1.7300       6505.4
    top-10: 26.3% of mass, 75.9% of excess-loss
Epoch 494: loss=1.557392  (21.51 sec, 65 subtrees, 730 chunks, 34623339 nodes)
  residual top-10 (subtree_mass × max(avg_loss − 1.557, 0)):
    rc   rootID   mass      avg_loss     score 
    1    138709   8244278   1.5719       119954.1
    46   3463254  2317775   1.5637       14633.5
    32   1636047  78207     1.6799       9582.1
    7    1422321  79638     1.6701       8973.1
    44   3229301  724285    1.5698       8960.5
    15   1539367  34390     1.8099       8683.3
    25   1602731  57242     1.7028       8323.8
    5    1263676  342947    1.5783       7171.8
    13   1520469  67330     1.6616       7013.1
    31   1628740  37700     1.7298       6498.9
    top-10: 26.3% of mass, 75.8% of excess-loss
Epoch 495: loss=1.557386  (21.57 sec, 65 subtrees, 730 chunks, 34623339 nodes)
  residual top-10 (subtree_mass × max(avg_loss − 1.557, 0)):
    rc   rootID   mass      avg_loss     score 
    1    138709   8244278   1.5720       120362.6
    46   3463254  2317775   1.5637       14651.6
    32   1636047  78207     1.6803       9614.1
    7    1422321  79638     1.6702       8984.3
    44   3229301  724285    1.5698       8957.8
    15   1539367  34390     1.8115       8738.5
    25   1602731  57242     1.7024       8298.8
    5    1263676  342947    1.5783       7170.5
    13   1520469  67330     1.6623       7066.1
    31   1628740  37700     1.7313       6555.1
    top-10: 26.3% of mass, 75.9% of excess-loss
Epoch 496: loss=1.557390  (22.53 sec, 65 subtrees, 730 chunks, 34623339 nodes)
  residual top-10 (subtree_mass × max(avg_loss − 1.557, 0)):
    rc   rootID   mass      avg_loss     score 
    1    138709   8244278   1.5720       120501.5
    46   3463254  2317775   1.5637       14702.5
    32   1636047  78207     1.6805       9631.3
    7    1422321  79638     1.6702       8986.2
    44   3229301  724285    1.5696       8848.3
    15   1539367  34390     1.8107       8711.8
    25   1602731  57242     1.7024       8303.1
    5    1263676  342947    1.5783       7159.4
    13   1520469  67330     1.6611       6980.7
    31   1628740  37700     1.7278       6425.9
    top-10: 26.3% of mass, 75.8% of excess-loss
Epoch 497: loss=1.557374  (22.74 sec, 65 subtrees, 730 chunks, 34623339 nodes)
  residual top-10 (subtree_mass × max(avg_loss − 1.557, 0)):
    rc   rootID   mass      avg_loss     score 
    1    138709   8244278   1.5720       120219.9
    46   3463254  2317775   1.5636       14504.6
    32   1636047  78207     1.6804       9619.0
    7    1422321  79638     1.6701       8974.2
    44   3229301  724285    1.5696       8865.0
    15   1539367  34390     1.8092       8659.2
    25   1602731  57242     1.7019       8272.0
    5    1263676  342947    1.5783       7160.7
    13   1520469  67330     1.6621       7054.1
    31   1628740  37700     1.7294       6483.9
    top-10: 26.3% of mass, 75.7% of excess-loss
Epoch 498: loss=1.557393  (22.92 sec, 65 subtrees, 730 chunks, 34623339 nodes)
  residual top-10 (subtree_mass × max(avg_loss − 1.557, 0)):
    rc   rootID   mass      avg_loss     score 
    1    138709   8244278   1.5720       120251.0
    46   3463254  2317775   1.5638       14825.3
    32   1636047  78207     1.6809       9655.3
    7    1422321  79638     1.6701       8979.2
    44   3229301  724285    1.5697       8888.3
    15   1539367  34390     1.8121       8758.8
    25   1602731  57242     1.7032       8346.5
    5    1263676  342947    1.5781       7110.1
    13   1520469  67330     1.6622       7054.1
    31   1628740  37700     1.7294       6482.8
    top-10: 26.3% of mass, 75.7% of excess-loss
Epoch 499: loss=1.557394  (23.45 sec, 65 subtrees, 730 chunks, 34623339 nodes)
  residual top-10 (subtree_mass × max(avg_loss − 1.557, 0)):
    rc   rootID   mass      avg_loss     score 
    1    138709   8244278   1.5720       120203.0
    46   3463254  2317775   1.5638       14936.6
    32   1636047  78207     1.6802       9601.8
    7    1422321  79638     1.6706       9017.7
    44   3229301  724285    1.5698       8970.3
    15   1539367  34390     1.8103       8698.5
    25   1602731  57242     1.7037       8374.8
    5    1263676  342947    1.5781       7108.7
    13   1520469  67330     1.6616       7016.3
    31   1628740  37700     1.7290       6468.8
    top-10: 26.3% of mass, 75.9% of excess-loss
Epoch 500: loss=1.557339  (23.43 sec, 65 subtrees, 730 chunks, 34623339 nodes)
  residual top-10 (subtree_mass × max(avg_loss − 1.557, 0)):
    rc   rootID   mass      avg_loss     score 
    1    138709   8244278   1.5720       120486.6
    46   3463254  2317775   1.5638       14976.7
    32   1636047  78207     1.6795       9550.6
    7    1422321  79638     1.6698       8959.8
    44   3229301  724285    1.5696       8903.7
    15   1539367  34390     1.8100       8689.4
    25   1602731  57242     1.7026       8317.6
    5    1263676  342947    1.5781       7135.0
    13   1520469  67330     1.6614       7005.4
    31   1628740  37700     1.7300       6509.2
    top-10: 26.3% of mass, 75.9% of excess-loss
Saved to /home/trans/Projects/agpt/rnd/streaming-agpt-v1/models/ms_baseline_gutenberg_5m_se500_seed100.model
Done.
  Appended optimizer state to /home/trans/Projects/agpt/rnd/streaming-agpt-v1/models/ms_baseline_gutenberg_5m_se500_seed100.model (adam_t=32500)
