INFO: --anc-grad: per-subtree descendant→ancestor gradient flow enabled (Wk/Wv get full gradient instead of own-edge-only)
AGPT CUDA Training Engine
  Model: d=128 heads=8 layers=8 ff=512 vocab=65 seq=16(header) head_dim=16
  Loaded 1603137 weight floats (6262.3 KB)
  Loaded optimizer state from checkpoint (adam_t=0)
Loading radix trie from /tmp/gutenberg_5m_baseline_d16_radix...
  Radix trie: 7073694 nodes, 34623339 total edge chars, 17 endpoint depths
  Radix loaded: 11884367 counts entries, 63118178 ancestor char entries
  d_split: 4570307/7073694 nodes have a mass=1 ancestor (mean depth 10.48)
  lr-schedule: warmup-cosine (peak=0.003, warmup_epochs=5)
  optimizer: rmsprop (lr=0.003)
  curriculum: flat (d=max each epoch)
  max edge_len: 15, max ancestor chars: 15, max KV per node: 30, max endpoint depth: 16
  mass=1 compaction: 29783005 / 34623339 chars are mass=1 (86.0%); cache holds 4840334 positions
  loop points: 160826 (mass>1 leaves; 6.4% of 2503386 mass>1 nodes)
  KV cache: 19826.0 MB unified memory (bf16 compact)
  GPU memory: 8871.8 MB used, 76224.1 MB free, 85095.9 MB total
  65 root-child subtrees: sizes min=3 max=1116592 avg=108826.0 (total=7073693 radix nodes)
  anc-grad: max_n_subtree_compact_chars=785090, 8 layers x 3 buffers x 401.97 MB + 19.36 MB lookup = 9691.67 MB total
Epoch 1: loss=3.131960  (63.86 sec, 65 subtrees, 730 chunks, 34623339 nodes)
  residual top-10 (subtree_mass × max(avg_loss − 3.132, 0)):
    rc   rootID   mass      avg_loss     score 
    1    138709   8244278   4.6325       12370768.5
    0    1        824077    5.2893       1777789.0
    6    1317879  754528    3.6355       379938.8
    5    1263676  342947    4.1109       335729.8
    8    1439897  392288    3.3922       102076.7
    2    1255301  46307     4.3506       56432.3
    7    1422321  79638     3.7068       45782.7
    15   1539367  34390     3.9022       26487.3
    11   1500886  77582     3.3046       13394.6
    21   1567603  178953    3.2066       13357.4
    top-10: 24.1% of mass, 99.5% of excess-loss
Epoch 2: loss=2.500207  (62.61 sec, 65 subtrees, 730 chunks, 34623339 nodes)
  residual top-10 (subtree_mass × max(avg_loss − 2.500, 0)):
    rc   rootID   mass      avg_loss     score 
    1    138709   8244278   2.5892       733784.8
    6    1317879  754528    3.0955       449139.1
    5    1263676  342947    3.3889       304774.0
    39   1660971  2741100   2.5540       147424.3
    43   2546378  4367096   2.5314       136180.8
    8    1439897  392288    2.6917       75111.1
    44   3229301  724285    2.5869       62755.1
    0    1        824077    2.5301       24595.1
    7    1422321  79638     2.8006       23925.0
    2    1255301  46307     2.7261       10461.8
    top-10: 40.6% of mass, 95.5% of excess-loss
Epoch 3: loss=2.311675  (62.62 sec, 65 subtrees, 730 chunks, 34623339 nodes)
  residual top-10 (subtree_mass × max(avg_loss − 2.312, 0)):
    rc   rootID   mass      avg_loss     score 
    1    138709   8244278   2.3873       623621.0
    6    1317879  754528    2.8924       438159.7
    5    1263676  342947    3.5098       410900.9
    39   1660971  2741100   2.4271       316476.2
    8    1439897  392288    2.5877       108276.0
    0    1        824077    2.4151       85201.4
    41   2178351  766679    2.4187       82072.6
    42   2302712  1539203   2.3542       65487.2
    40   2098840  473230    2.4081       45649.3
    7    1422321  79638     2.7289       33224.5
    top-10: 35.4% of mass, 94.6% of excess-loss
Epoch 4: loss=2.246786  (62.62 sec, 65 subtrees, 730 chunks, 34623339 nodes)
  residual top-10 (subtree_mass × max(avg_loss − 2.247, 0)):
    rc   rootID   mass      avg_loss     score 
    1    138709   8244278   2.3817       1111992.7
    6    1317879  754528    3.1382       672627.4
    5    1263676  342947    3.5347       441697.3
    8    1439897  392288    3.1222       343397.6
    39   1660971  2741100   2.3494       281356.5
    7    1422321  79638     3.3824       90440.5
    0    1        824077    2.3100       52062.2
    40   2098840  473230    2.2959       23243.8
    13   1520469  67330     2.4399       13004.5
    21   1567603  178953    2.3086       11057.1
    top-10: 30.9% of mass, 97.3% of excess-loss
Epoch 5: loss=2.207630  (62.60 sec, 65 subtrees, 730 chunks, 34623339 nodes)
  residual top-10 (subtree_mass × max(avg_loss − 2.208, 0)):
    rc   rootID   mass      avg_loss     score 
    6    1317879  754528    3.2844       812421.4
    5    1263676  342947    4.2681       706626.8
    8    1439897  392288    3.1227       358984.3
    39   1660971  2741100   2.3038       263543.0
    7    1422321  79638     3.4448       98523.8
    11   1500886  77582     2.9954       61119.3
    43   2546378  4367096   2.2174       42719.2
    13   1520469  67330     2.7907       39258.1
    12   1513476  42580     3.0371       35319.9
    41   2178351  766679    2.2447       28435.5
    top-10: 21.1% of mass, 93.2% of excess-loss
Epoch 6: loss=2.123970  (62.60 sec, 65 subtrees, 730 chunks, 34623339 nodes)
  residual top-10 (subtree_mass × max(avg_loss − 2.124, 0)):
    rc   rootID   mass      avg_loss     score 
    6    1317879  754528    3.3724       941966.7
    5    1263676  342947    4.3781       773041.8
    39   1660971  2741100   2.2769       419251.0
    8    1439897  392288    3.1171       389602.6
    7    1422321  79638     3.2730       91510.1
    40   2098840  473230    2.2043       38012.9
    41   2178351  766679    2.1656       31910.8
    11   1500886  77582     2.4425       24714.7
    13   1520469  67330     2.4293       20559.1
    12   1513476  42580     2.4700       14734.2
    top-10: 12.6% of mass, 97.1% of excess-loss
Epoch 7: loss=2.057587  (62.60 sec, 65 subtrees, 730 chunks, 34623339 nodes)
  residual top-10 (subtree_mass × max(avg_loss − 2.058, 0)):
    rc   rootID   mass      avg_loss     score 
    6    1317879  754528    3.0572       754254.6
    5    1263676  342947    3.6118       533006.0
    39   1660971  2741100   2.2152       432072.9
    8    1439897  392288    2.7209       260201.1
    7    1422321  79638     3.0541       79360.8
    40   2098840  473230    2.1330       35699.7
    41   2178351  766679    2.1032       34974.4
    11   1500886  77582     2.3331       21373.5
    13   1520469  67330     2.3537       19934.6
    12   1513476  42580     2.3931       14285.7
    top-10: 12.6% of mass, 96.6% of excess-loss
Epoch 8: loss=1.993117  (62.55 sec, 65 subtrees, 730 chunks, 34623339 nodes)
  residual top-10 (subtree_mass × max(avg_loss − 1.993, 0)):
    rc   rootID   mass      avg_loss     score 
    6    1317879  754528    2.7505       571481.3
    39   1660971  2741100   2.1551       444122.1
    5    1263676  342947    3.0240       353548.7
    8    1439897  392288    2.4157       165776.1
    7    1422321  79638     2.5338       43062.7
    40   2098840  473230    2.0812       41680.3
    41   2178351  766679    2.0138       15852.9
    11   1500886  77582     2.1509       12238.5
    13   1520469  67330     2.1739       12170.8
    12   1513476  42580     2.1859       8210.2
    top-10: 12.6% of mass, 97.4% of excess-loss
Epoch 9: loss=1.939712  (62.61 sec, 65 subtrees, 730 chunks, 34623339 nodes)
  residual top-10 (subtree_mass × max(avg_loss − 1.940, 0)):
    rc   rootID   mass      avg_loss     score 
    6    1317879  754528    2.7090       580426.4
    5    1263676  342947    3.0681       386984.2
    39   1660971  2741100   2.0607       331761.5
    8    1439897  392288    2.2640       127210.0
    7    1422321  79638     2.7327       63148.3
    40   2098840  473230    1.9717       15117.7
    11   1500886  77582     2.0650       9719.6
    13   1520469  67330     2.0808       9501.4
    12   1513476  42580     2.0985       6759.7
    15   1539367  34390     2.0935       5288.1
    top-10: 11.0% of mass, 97.5% of excess-loss
Epoch 10: loss=1.932158  (62.58 sec, 65 subtrees, 730 chunks, 34623339 nodes)
  residual top-10 (subtree_mass × max(avg_loss − 1.932, 0)):
    rc   rootID   mass      avg_loss     score 
    6    1317879  754528    2.9990       804964.9
    5    1263676  342947    3.0803       393768.7
    39   1660971  2741100   2.0424       302251.8
    8    1439897  392288    2.4526       204156.7
    7    1422321  79638     2.9828       83671.3
    11   1500886  77582     2.1048       13396.8
    13   1520469  67330     2.1119       12104.0
    40   2098840  473230    1.9551       10845.8
    12   1513476  42580     2.1143       7755.9
    15   1539367  34390     2.1256       6653.3
    top-10: 11.0% of mass, 98.2% of excess-loss
Epoch 11: loss=1.898561  (62.54 sec, 65 subtrees, 730 chunks, 34623339 nodes)
  residual top-10 (subtree_mass × max(avg_loss − 1.899, 0)):
    rc   rootID   mass      avg_loss     score 
    6    1317879  754528    2.5578       497407.3
    5    1263676  342947    3.0878       407851.7
    39   1660971  2741100   2.0018       282871.8
    8    1439897  392288    2.2498       137781.6
    7    1422321  79638     2.3816       38464.9
    11   1500886  77582     2.1079       16242.0
    40   2098840  473230    1.9291       14442.0
    13   1520469  67330     2.0657       11255.3
    12   1513476  42580     2.1072       8882.2
    44   3229301  724285    1.9089       7501.8
    top-10: 12.5% of mass, 96.9% of excess-loss
Epoch 12: loss=1.881925  (62.57 sec, 65 subtrees, 730 chunks, 34623339 nodes)
  residual top-10 (subtree_mass × max(avg_loss − 1.882, 0)):
    rc   rootID   mass      avg_loss     score 
    6    1317879  754528    2.5904       534557.1
    39   1660971  2741100   2.0088       347787.2
    5    1263676  342947    2.8065       317078.7
    8    1439897  392288    2.2486       143859.7
    7    1422321  79638     2.5637       54292.8
    40   2098840  473230    1.9112       13874.3
    13   1520469  67330     2.0155       8993.0
    11   1500886  77582     1.9904       8415.1
    12   1513476  42580     2.0129       5575.9
    15   1539367  34390     2.0222       4823.3
    top-10: 11.0% of mass, 98.1% of excess-loss
Epoch 13: loss=1.849450  (62.61 sec, 65 subtrees, 730 chunks, 34623339 nodes)
  residual top-10 (subtree_mass × max(avg_loss − 1.849, 0)):
    rc   rootID   mass      avg_loss     score 
    6    1317879  754528    2.4180       429000.3
    39   1660971  2741100   1.9710       333126.2
    5    1263676  342947    2.6887       287812.1
    8    1439897  392288    2.0814       90974.1
    7    1422321  79638     2.3316       38400.4
    40   2098840  473230    1.8775       13292.1
    11   1500886  77582     1.9736       9633.6
    13   1520469  67330     1.9695       8084.4
    12   1513476  42580     1.9823       5656.3
    15   1539367  34390     1.9766       4372.9
    top-10: 11.0% of mass, 97.7% of excess-loss
Epoch 14: loss=1.818799  (62.57 sec, 65 subtrees, 730 chunks, 34623339 nodes)
  residual top-10 (subtree_mass × max(avg_loss − 1.819, 0)):
    rc   rootID   mass      avg_loss     score 
    6    1317879  754528    2.3018       364411.1
    39   1660971  2741100   1.9461       349037.4
    5    1263676  342947    2.5841       262455.7
    8    1439897  392288    2.0511       91115.2
    7    1422321  79638     2.1545       26733.8
    40   2098840  473230    1.8733       25783.4
    11   1500886  77582     1.9584       10828.9
    13   1520469  67330     1.9455       8528.4
    44   3229301  724285    1.8298       7971.0
    41   2178351  766679    1.8281       7166.8
    top-10: 14.1% of mass, 96.5% of excess-loss
Epoch 15: loss=1.827335  (62.54 sec, 65 subtrees, 730 chunks, 34623339 nodes)
  residual top-10 (subtree_mass × max(avg_loss − 1.827, 0)):
    rc   rootID   mass      avg_loss     score 
    6    1317879  754528    2.6334       608210.3
    5    1263676  342947    3.0077       404806.5
    39   1660971  2741100   1.9552       350439.1
    8    1439897  392288    2.2408       162210.2
    7    1422321  79638     2.6385       64598.1
    40   2098840  473230    1.8702       20300.1
    11   1500886  77582     1.9861       12315.0
    13   1520469  67330     1.9761       10015.1
    12   1513476  42580     1.9822       6592.8
    15   1539367  34390     1.9894       5574.5
    top-10: 11.0% of mass, 97.8% of excess-loss
Epoch 16: loss=1.827004  (62.57 sec, 65 subtrees, 730 chunks, 34623339 nodes)
  residual top-10 (subtree_mass × max(avg_loss − 1.827, 0)):
    rc   rootID   mass      avg_loss     score 
    6    1317879  754528    2.9697       862167.1
    5    1263676  342947    2.9517       385720.8
    39   1660971  2741100   1.9428       317513.7
    8    1439897  392288    2.2947       183465.2
    7    1422321  79638     2.9985       93298.6
    11   1500886  77582     1.9965       13147.8
    40   2098840  473230    1.8530       12322.7
    13   1520469  67330     1.9806       10342.3
    12   1513476  42580     1.9865       6793.0
    15   1539367  34390     1.9777       5182.5
    top-10: 11.0% of mass, 98.6% of excess-loss
Epoch 17: loss=1.810109  (62.59 sec, 65 subtrees, 730 chunks, 34623339 nodes)
  residual top-10 (subtree_mass × max(avg_loss − 1.810, 0)):
    rc   rootID   mass      avg_loss     score 
    6    1317879  754528    2.4832       507857.3
    39   1660971  2741100   1.9438       366390.9
    5    1263676  342947    2.7472       321381.7
    8    1439897  392288    2.0610       98417.2
    7    1422321  79638     2.3254       41038.0
    40   2098840  473230    1.8552       21357.5
    11   1500886  77582     1.9348       9671.7
    13   1520469  67330     1.9352       8421.3
    15   1539367  34390     1.9696       5483.2
    12   1513476  42580     1.9335       5254.8
    top-10: 11.0% of mass, 97.9% of excess-loss
Epoch 18: loss=1.776735  (62.59 sec, 65 subtrees, 730 chunks, 34623339 nodes)
  residual top-10 (subtree_mass × max(avg_loss − 1.777, 0)):
    rc   rootID   mass      avg_loss     score 
    6    1317879  754528    2.5228       562927.2
    5    1263676  342947    2.6545       301020.1
    39   1660971  2741100   1.8854       297991.1
    8    1439897  392288    2.0372       102165.0
    7    1422321  79638     2.2001       33714.6
    40   2098840  473230    1.8039       12845.2
    11   1500886  77582     1.8727       7441.4
    13   1520469  67330     1.8793       6903.8
    15   1539367  34390     1.9040       4375.1
    12   1513476  42580     1.8601       3551.1
    top-10: 11.0% of mass, 98.1% of excess-loss
Epoch 19: loss=1.792781  (62.55 sec, 65 subtrees, 730 chunks, 34623339 nodes)
  residual top-10 (subtree_mass × max(avg_loss − 1.793, 0)):
    rc   rootID   mass      avg_loss     score 
    6    1317879  754528    2.6118       617939.8
    5    1263676  342947    3.1053       450118.5
    39   1660971  2741100   1.9198       348253.2
    8    1439897  392288    2.2097       163550.9
    7    1422321  79638     2.4718       54076.3
    40   2098840  473230    1.8414       22995.4
    11   1500886  77582     1.9704       13777.8
    13   1520469  67330     1.9667       11712.2
    12   1513476  42580     1.9610       7161.7
    15   1539367  34390     1.9640       5888.9
    top-10: 11.0% of mass, 97.5% of excess-loss
Epoch 20: loss=1.743393  (62.57 sec, 65 subtrees, 730 chunks, 34623339 nodes)
  residual top-10 (subtree_mass × max(avg_loss − 1.743, 0)):
    rc   rootID   mass      avg_loss     score 
    6    1317879  754528    2.1516       307990.5
    39   1660971  2741100   1.8410       267488.1
    5    1263676  342947    2.4463       241066.8
    8    1439897  392288    1.8655       47891.6
    7    1422321  79638     1.9750       18443.4
    40   2098840  473230    1.7666       11003.1
    13   1520469  67330     1.8662       8268.2
    11   1500886  77582     1.8309       6787.0
    44   3229301  724285    1.7522       6383.8
    15   1539367  34390     1.8745       4508.9
    top-10: 12.5% of mass, 97.4% of excess-loss
Epoch 21: loss=1.735271  (62.61 sec, 65 subtrees, 730 chunks, 34623339 nodes)
  residual top-10 (subtree_mass × max(avg_loss − 1.735, 0)):
    rc   rootID   mass      avg_loss     score 
    39   1660971  2741100   1.8695       367928.7
    6    1317879  754528    2.0209       215500.8
    5    1263676  342947    2.2975       192818.1
    8    1439897  392288    1.8792       56480.5
    40   2098840  473230    1.7792       20802.2
    7    1422321  79638     1.9775       19287.9
    11   1500886  77582     1.9147       13918.4
    44   3229301  724285    1.7507       11186.6
    13   1520469  67330     1.8949       10746.5
    12   1513476  42580     1.9516       9212.8
    top-10: 12.5% of mass, 96.3% of excess-loss
Epoch 22: loss=1.762790  (62.60 sec, 65 subtrees, 730 chunks, 34623339 nodes)
  residual top-10 (subtree_mass × max(avg_loss − 1.763, 0)):
    rc   rootID   mass      avg_loss     score 
    6    1317879  754528    2.6941       702670.6
    5    1263676  342947    2.9593       410352.4
    39   1660971  2741100   1.8945       360993.7
    8    1439897  392288    2.0844       126172.3
    7    1422321  79638     2.3933       50214.7
    40   2098840  473230    1.8203       27224.1
    11   1500886  77582     1.9905       17663.4
    13   1520469  67330     1.9482       12486.9
    12   1513476  42580     1.9709       8861.8
    15   1539367  34390     1.9153       5243.3
    top-10: 11.0% of mass, 97.9% of excess-loss
Epoch 23: loss=1.733368  (62.56 sec, 65 subtrees, 730 chunks, 34623339 nodes)
  residual top-10 (subtree_mass × max(avg_loss − 1.733, 0)):
    rc   rootID   mass      avg_loss     score 
    6    1317879  754528    2.4120       512024.8
    39   1660971  2741100   1.8324       271387.9
    5    1263676  342947    2.5118       266974.9
    8    1439897  392288    1.9793       96469.1
    7    1422321  79638     2.3703       50726.7
    40   2098840  473230    1.7577       11495.7
    13   1520469  67330     1.8387       7094.8
    11   1500886  77582     1.8190       6646.9
    15   1539367  34390     1.8817       5099.8
    44   3229301  724285    1.7390       4049.1
    top-10: 12.5% of mass, 98.2% of excess-loss
Epoch 24: loss=1.704267  (62.55 sec, 65 subtrees, 730 chunks, 34623339 nodes)
  residual top-10 (subtree_mass × max(avg_loss − 1.704, 0)):
    rc   rootID   mass      avg_loss     score 
    39   1660971  2741100   1.8191       314900.9
    6    1317879  754528    2.0882       289667.9
    5    1263676  342947    2.3553       223259.5
    8    1439897  392288    1.8306       49542.0
    7    1422321  79638     1.9971       23316.9
    40   2098840  473230    1.7402       17019.6
    44   3229301  724285    1.7184       10207.7
    13   1520469  67330     1.7857       5483.5
    11   1500886  77582     1.7651       4720.0
    15   1539367  34390     1.8113       3679.2
    top-10: 12.5% of mass, 97.9% of excess-loss
Epoch 25: loss=1.676383  (62.57 sec, 65 subtrees, 730 chunks, 34623339 nodes)
  residual top-10 (subtree_mass × max(avg_loss − 1.676, 0)):
    rc   rootID   mass      avg_loss     score 
    39   1660971  2741100   1.7832       292755.1
    6    1317879  754528    1.8673       144033.6
    5    1263676  342947    1.9287       86527.2
    1    138709   8244278   1.6803       32452.7
    8    1439897  392288    1.7453       27021.1
    44   3229301  724285    1.6973       15173.9
    40   2098840  473230    1.7079       14904.0
    7    1422321  79638     1.8333       12493.9
    46   3463254  2317775   1.6786       5200.6
    13   1520469  67330     1.7322       3761.2
    top-10: 35.4% of mass, 96.4% of excess-loss
Epoch 26: loss=1.664864  (62.59 sec, 65 subtrees, 730 chunks, 34623339 nodes)
  residual top-10 (subtree_mass × max(avg_loss − 1.665, 0)):
    rc   rootID   mass      avg_loss     score 
    39   1660971  2741100   1.7828       323225.6
    6    1317879  754528    1.8994       176997.0
    5    1263676  342947    2.0165       120576.4
    8    1439897  392288    1.7733       42520.8
    40   2098840  473230    1.7091       20912.5
    7    1422321  79638     1.9138       19823.1
    44   3229301  724285    1.6894       17782.4
    42   2302712  1539203   1.6729       12437.7
    13   1520469  67330     1.7244       4011.8
    41   2178351  766679    1.6699       3855.5
    top-10: 17.3% of mass, 97.3% of excess-loss
Epoch 27: loss=1.672380  (62.57 sec, 65 subtrees, 730 chunks, 34623339 nodes)
  residual top-10 (subtree_mass × max(avg_loss − 1.672, 0)):
    rc   rootID   mass      avg_loss     score 
    39   1660971  2741100   1.8380       453939.2
    6    1317879  754528    2.1242       340892.1
    5    1263676  342947    2.2637       202789.2
    8    1439897  392288    1.9535       110280.8
    7    1422321  79638     2.1583       38695.6
    40   2098840  473230    1.7323       28339.2
    42   2302712  1539203   1.6805       12525.6
    44   3229301  724285    1.6881       11386.0
    41   2178351  766679    1.6870       11189.6
    11   1500886  77582     1.7660       7263.1
    top-10: 17.3% of mass, 98.2% of excess-loss
Epoch 28: loss=1.647540  (62.55 sec, 65 subtrees, 730 chunks, 34623339 nodes)
  residual top-10 (subtree_mass × max(avg_loss − 1.648, 0)):
    rc   rootID   mass      avg_loss     score 
    39   1660971  2741100   1.8063       435188.4
    6    1317879  754528    1.8870       180658.8
    5    1263676  342947    2.1072       157656.1
    1    138709   8244278   1.6546       58476.6
    8    1439897  392288    1.7326       33385.0
    40   2098840  473230    1.6925       21262.8
    7    1422321  79638     1.8647       17296.3
    44   3229301  724285    1.6557       5891.7
    11   1500886  77582     1.7102       4858.5
    13   1520469  67330     1.7064       3966.3
    top-10: 30.5% of mass, 98.3% of excess-loss
Epoch 29: loss=1.636144  (62.57 sec, 65 subtrees, 730 chunks, 34623339 nodes)
  residual top-10 (subtree_mass × max(avg_loss − 1.636, 0)):
    rc   rootID   mass      avg_loss     score 
    39   1660971  2741100   1.7581       334221.5
    6    1317879  754528    1.9291       221021.7
    5    1263676  342947    1.9782       117322.4
    40   2098840  473230    1.6892       25100.3
    8    1439897  392288    1.6921       21939.3
    7    1422321  79638     1.8820       19577.9
    44   3229301  724285    1.6527       12018.2
    42   2302712  1539203   1.6427       10095.0
    41   2178351  766679    1.6450       6770.2
    11   1500886  77582     1.6775       3211.1
    top-10: 17.3% of mass, 97.7% of excess-loss
Epoch 30: loss=1.609830  (62.59 sec, 65 subtrees, 730 chunks, 34623339 nodes)
  residual top-10 (subtree_mass × max(avg_loss − 1.610, 0)):
    rc   rootID   mass      avg_loss     score 
    39   1660971  2741100   1.7737       449057.6
    6    1317879  754528    1.6721       46985.2
    5    1263676  342947    1.7034       32104.6
    40   2098840  473230    1.6743       30521.7
    44   3229301  724285    1.6341       17560.4
    42   2302712  1539203   1.6210       17251.2
    41   2178351  766679    1.6238       10681.0
    7    1422321  79638     1.7122       8151.6
    25   1602731  57242     1.6653       3175.8
    31   1628740  37700     1.6822       2726.5
    top-10: 16.5% of mass, 97.4% of excess-loss
Epoch 31: loss=1.598331  (62.55 sec, 65 subtrees, 730 chunks, 34623339 nodes)
  residual top-10 (subtree_mass × max(avg_loss − 1.598, 0)):
    rc   rootID   mass      avg_loss     score 
    39   1660971  2741100   1.7222       339530.5
    43   2546378  4367096   1.6065       35516.0
    6    1317879  754528    1.6423       33168.0
    42   2302712  1539203   1.6184       30815.1
    40   2098840  473230    1.6489       23942.0
    44   3229301  724285    1.6299       22897.4
    5    1263676  342947    1.6533       18847.0
    41   2178351  766679    1.6172       14433.5
    7    1422321  79638     1.6994       8048.4
    46   3463254  2317775   1.6008       5678.1
    top-10: 30.9% of mass, 94.8% of excess-loss
Epoch 32: loss=1.587986  (62.55 sec, 65 subtrees, 730 chunks, 34623339 nodes)
  residual top-10 (subtree_mass × max(avg_loss − 1.588, 0)):
    rc   rootID   mass      avg_loss     score 
    39   1660971  2741100   1.7557       459749.6
    1    138709   8244278   1.5956       62984.5
    40   2098840  473230    1.6576       32949.4
    6    1317879  754528    1.6305       32087.8
    42   2302712  1539203   1.5994       17493.2
    5    1263676  342947    1.6385       17326.0
    44   3229301  724285    1.6079       14427.7
    41   2178351  766679    1.6064       14150.8
    7    1422321  79638     1.6792       7260.7
    11   1500886  77582     1.6484       4690.4
    top-10: 34.5% of mass, 98.0% of excess-loss
Epoch 33: loss=1.585961  (62.56 sec, 65 subtrees, 730 chunks, 34623339 nodes)
  residual top-10 (subtree_mass × max(avg_loss − 1.586, 0)):
    rc   rootID   mass      avg_loss     score 
    39   1660971  2741100   1.7779       526057.4
    42   2302712  1539203   1.6400       83221.9
    40   2098840  473230    1.7030       55387.2
    41   2178351  766679    1.6544       52482.6
    43   2546378  4367096   1.5912       22846.9
    44   3229301  724285    1.6105       17771.7
    5    1263676  342947    1.6296       14952.9
    6    1317879  754528    1.6042       13737.6
    11   1500886  77582     1.7004       8880.0
    7    1422321  79638     1.6651       6304.5
    top-10: 26.0% of mass, 98.5% of excess-loss
Epoch 34: loss=1.568791  (62.60 sec, 65 subtrees, 730 chunks, 34623339 nodes)
  residual top-10 (subtree_mass × max(avg_loss − 1.569, 0)):
    rc   rootID   mass      avg_loss     score 
    39   1660971  2741100   1.7689       548610.7
    6    1317879  754528    1.6756       80593.2
    43   2546378  4367096   1.5782       40881.1
    5    1263676  342947    1.6813       38595.6
    40   2098840  473230    1.6348       31248.8
    42   2302712  1539203   1.5873       28450.2
    41   2178351  766679    1.5994       23503.4
    44   3229301  724285    1.6007       23125.7
    7    1422321  79638     1.6802       8875.9
    11   1500886  77582     1.6307       4802.2
    top-10: 26.0% of mass, 97.8% of excess-loss
Epoch 35: loss=1.563858  (62.59 sec, 65 subtrees, 730 chunks, 34623339 nodes)
  residual top-10 (subtree_mass × max(avg_loss − 1.564, 0)):
    rc   rootID   mass      avg_loss     score 
    39   1660971  2741100   1.7000       373070.5
    6    1317879  754528    1.7652       151955.6
    5    1263676  342947    1.8413       95163.3
    40   2098840  473230    1.6077       20764.9
    44   3229301  724285    1.5857       15819.8
    7    1422321  79638     1.7616       15747.0
    8    1439897  392288    1.5987       13675.0
    42   2302712  1539203   1.5705       10239.1
    41   2178351  766679    1.5732       7156.7
    11   1500886  77582     1.6320       5286.6
    top-10: 17.3% of mass, 97.8% of excess-loss
Epoch 36: loss=1.614939  (62.56 sec, 65 subtrees, 730 chunks, 34623339 nodes)
  residual top-10 (subtree_mass × max(avg_loss − 1.615, 0)):
    rc   rootID   mass      avg_loss     score 
    6    1317879  754528    2.4444       625829.1
    39   1660971  2741100   1.8147       547448.9
    5    1263676  342947    2.5330       314831.5
    8    1439897  392288    2.3141       274289.1
    7    1422321  79638     2.6086       79130.3
    40   2098840  473230    1.7339       56306.8
    41   2178351  766679    1.6724       44023.7
    42   2302712  1539203   1.6393       37564.2
    11   1500886  77582     1.7504       10511.4
    44   3229301  724285    1.6225       5473.8
    top-10: 17.3% of mass, 99.3% of excess-loss
Epoch 37: loss=1.559507  (62.57 sec, 65 subtrees, 730 chunks, 34623339 nodes)
  residual top-10 (subtree_mass × max(avg_loss − 1.560, 0)):
    rc   rootID   mass      avg_loss     score 
    39   1660971  2741100   1.6766       320866.6
    6    1317879  754528    1.7399       136145.5
    5    1263676  342947    1.8831       110975.3
    44   3229301  724285    1.5909       22729.8
    40   2098840  473230    1.6021       20172.8
    42   2302712  1539203   1.5723       19735.5
    43   2546378  4367096   1.5638       18765.8
    46   3463254  2317775   1.5658       14570.3
    7    1422321  79638     1.7415       14490.4
    41   2178351  766679    1.5725       9996.6
    top-10: 30.9% of mass, 95.0% of excess-loss
Epoch 38: loss=1.555569  (62.61 sec, 65 subtrees, 730 chunks, 34623339 nodes)
  residual top-10 (subtree_mass × max(avg_loss − 1.556, 0)):
    rc   rootID   mass      avg_loss     score 
    39   1660971  2741100   1.7193       448916.3
    40   2098840  473230    1.6171       29104.8
    6    1317879  754528    1.5927       28033.3
    42   2302712  1539203   1.5721       25453.0
    44   3229301  724285    1.5885       23885.9
    5    1263676  342947    1.6208       22373.9
    11   1500886  77582     1.8334       21555.1
    46   3463254  2317775   1.5647       21182.3
    43   2546378  4367096   1.5600       19548.8
    41   2178351  766679    1.5765       16057.2
    top-10: 30.9% of mass, 93.5% of excess-loss
Epoch 39: loss=1.540718  (62.63 sec, 65 subtrees, 730 chunks, 34623339 nodes)
  residual top-10 (subtree_mass × max(avg_loss − 1.541, 0)):
    rc   rootID   mass      avg_loss     score 
    39   1660971  2741100   1.7038       446993.7
    6    1317879  754528    1.6147       55812.3
    5    1263676  342947    1.6692       44075.3
    40   2098840  473230    1.6255       40144.3
    42   2302712  1539203   1.5662       39241.9
    43   2546378  4367096   1.5492       37252.6
    41   2178351  766679    1.5784       28922.8
    44   3229301  724285    1.5679       19693.0
    7    1422321  79638     1.6657       9951.8
    11   1500886  77582     1.6208       6211.1
    top-10: 26.0% of mass, 98.0% of excess-loss
Epoch 40: loss=1.535965  (62.66 sec, 65 subtrees, 730 chunks, 34623339 nodes)
  residual top-10 (subtree_mass × max(avg_loss − 1.536, 0)):
    rc   rootID   mass      avg_loss     score 
    39   1660971  2741100   1.7024       456129.2
    43   2546378  4367096   1.5513       66941.7
    6    1317879  754528    1.6086       54834.6
    42   2302712  1539203   1.5707       53486.2
    40   2098840  473230    1.6101       35082.0
    5    1263676  342947    1.6236       30050.2
    41   2178351  766679    1.5744       29435.8
    44   3229301  724285    1.5732       26972.7
    46   3463254  2317775   1.5432       16864.6
    11   1500886  77582     1.6594       9577.9
    top-10: 30.9% of mass, 96.2% of excess-loss
Epoch 41: loss=1.533129  (62.67 sec, 65 subtrees, 730 chunks, 34623339 nodes)
  residual top-10 (subtree_mass × max(avg_loss − 1.533, 0)):
    rc   rootID   mass      avg_loss     score 
    39   1660971  2741100   1.7607       623893.0
    40   2098840  473230    1.6602       60126.6
    41   2178351  766679    1.5849       39672.3
    42   2302712  1539203   1.5588       39498.7
    43   2546378  4367096   1.5398       29150.3
    44   3229301  724285    1.5565       16952.9
    5    1263676  342947    1.5735       13840.3
    6    1317879  754528    1.5503       12931.0
    7    1422321  79638     1.6140       6444.3
    35   1650038  43657     1.5758       1864.1
    top-10: 26.0% of mass, 99.1% of excess-loss
Epoch 42: loss=1.516150  (62.67 sec, 65 subtrees, 730 chunks, 34623339 nodes)
  residual top-10 (subtree_mass × max(avg_loss − 1.516, 0)):
    rc   rootID   mass      avg_loss     score 
    39   1660971  2741100   1.6801       449422.3
    42   2302712  1539203   1.5452       44646.2
    43   2546378  4367096   1.5259       42679.0
    40   2098840  473230    1.5890       34484.5
    41   2178351  766679    1.5529       28161.9
    44   3229301  724285    1.5456       21316.8
    5    1263676  342947    1.5576       14204.3
    6    1317879  754528    1.5326       12413.3
    7    1422321  79638     1.5975       6480.7
    46   3463254  2317775   1.5174       2887.0
    top-10: 30.9% of mass, 97.6% of excess-loss
Epoch 43: loss=1.508469  (62.65 sec, 65 subtrees, 730 chunks, 34623339 nodes)
  residual top-10 (subtree_mass × max(avg_loss − 1.508, 0)):
    rc   rootID   mass      avg_loss     score 
    39   1660971  2741100   1.6644       427451.8
    43   2546378  4367096   1.5251       72697.4
    44   3229301  724285    1.5504       30376.7
    42   2302712  1539203   1.5273       28937.0
    40   2098840  473230    1.5656       27017.4
    46   3463254  2317775   1.5169       19464.9
    5    1263676  342947    1.5533       15377.4
    41   2178351  766679    1.5284       15277.7
    6    1317879  754528    1.5250       12453.6
    45   3347168  678815    1.5215       8838.7
    top-10: 32.3% of mass, 95.5% of excess-loss
Epoch 44: loss=1.498596  (62.61 sec, 65 subtrees, 730 chunks, 34623339 nodes)
  residual top-10 (subtree_mass × max(avg_loss − 1.499, 0)):
    rc   rootID   mass      avg_loss     score 
    39   1660971  2741100   1.6656       457794.7
    40   2098840  473230    1.5712       34340.2
    42   2302712  1539203   1.5188       31099.9
    43   2546378  4367096   1.5042       24687.1
    41   2178351  766679    1.5289       23214.3
    44   3229301  724285    1.5294       22277.0
    6    1317879  754528    1.5120       10090.7
    5    1263676  342947    1.5240       8707.7
    46   3463254  2317775   1.5019       7764.7
    7    1422321  79638     1.5884       7152.5
    top-10: 30.9% of mass, 97.2% of excess-loss
Epoch 45: loss=1.511621  (62.61 sec, 65 subtrees, 730 chunks, 34623339 nodes)
  residual top-10 (subtree_mass × max(avg_loss − 1.512, 0)):
    rc   rootID   mass      avg_loss     score 
    39   1660971  2741100   1.6634       415949.2
    6    1317879  754528    1.9230       310360.8
    5    1263676  342947    1.9647       155384.2
    8    1439897  392288    1.6776       65130.6
    40   2098840  473230    1.5867       35545.4
    7    1422321  79638     1.8904       30161.5
    42   2302712  1539203   1.5273       24150.5
    41   2178351  766679    1.5392       21180.2
    44   3229301  724285    1.5307       13812.9
    11   1500886  77582     1.6330       9416.3
    top-10: 17.3% of mass, 98.8% of excess-loss
Epoch 46: loss=1.695983  (62.60 sec, 65 subtrees, 730 chunks, 34623339 nodes)
  residual top-10 (subtree_mass × max(avg_loss − 1.696, 0)):
    rc   rootID   mass      avg_loss     score 
    6    1317879  754528    3.6743       1492670.6
    5    1263676  342947    4.0059       792165.9
    8    1439897  392288    3.3079       632325.0
    39   1660971  2741100   1.8543       434007.5
    7    1422321  79638     3.4469       139443.0
    11   1500886  77582     2.1038       31641.8
    13   1520469  67330     2.0592       24454.7
    40   2098840  473230    1.7420       21785.6
    12   1513476  42580     2.0882       16699.8
    21   1567603  178953    1.7743       14008.0
    top-10: 11.3% of mass, 97.9% of excess-loss
Epoch 47: loss=1.746588  (62.60 sec, 65 subtrees, 730 chunks, 34623339 nodes)
  residual top-10 (subtree_mass × max(avg_loss − 1.747, 0)):
    rc   rootID   mass      avg_loss     score 
    6    1317879  754528    3.4924       1317261.7
    5    1263676  342947    3.3741       558149.0
    39   1660971  2741100   1.8876       386618.1
    8    1439897  392288    2.5969       333552.7
    7    1422321  79638     3.6244       149549.1
    11   1500886  77582     2.2115       36071.6
    13   1520469  67330     2.1020       23929.4
    40   2098840  473230    1.7904       20710.4
    12   1513476  42580     2.1592       17567.3
    21   1567603  178953    1.8283       14619.4
    top-10: 11.3% of mass, 97.1% of excess-loss
Epoch 48: loss=1.648144  (62.59 sec, 65 subtrees, 730 chunks, 34623339 nodes)
  residual top-10 (subtree_mass × max(avg_loss − 1.648, 0)):
    rc   rootID   mass      avg_loss     score 
    6    1317879  754528    2.3280       512966.3
    5    1263676  342947    2.7817       388734.7
    39   1660971  2741100   1.7277       218124.5
    8    1439897  392288    1.9095       102509.1
    1    138709   8244278   1.6569       72565.3
    7    1422321  79638     2.1087       36680.8
    11   1500886  77582     1.7618       8815.6
    13   1520469  67330     1.7721       8342.7
    40   2098840  473230    1.6635       7278.5
    15   1539367  34390     1.7744       4340.4
    top-10: 29.0% of mass, 98.0% of excess-loss
Epoch 49: loss=1.674068  (62.57 sec, 65 subtrees, 730 chunks, 34623339 nodes)
  residual top-10 (subtree_mass × max(avg_loss − 1.674, 0)):
    rc   rootID   mass      avg_loss     score 
    6    1317879  754528    2.6404       729126.9
    39   1660971  2741100   1.8144       384562.9
    5    1263676  342947    2.7754       377690.7
    8    1439897  392288    2.0882       162445.4
    7    1422321  79638     2.5387       68857.2
    40   2098840  473230    1.7264       24786.2
    11   1500886  77582     1.9405       20667.2
    41   2178351  766679    1.6912       13146.8
    13   1520469  67330     1.8495       11814.2
    44   3229301  724285    1.6849       7878.8
    top-10: 14.1% of mass, 97.5% of excess-loss
Epoch 50: loss=1.629701  (62.59 sec, 65 subtrees, 730 chunks, 34623339 nodes)
  residual top-10 (subtree_mass × max(avg_loss − 1.630, 0)):
    rc   rootID   mass      avg_loss     score 
    6    1317879  754528    2.0909       347996.5
    39   1660971  2741100   1.7455       317471.1
    5    1263676  342947    2.4336       275704.6
    8    1439897  392288    1.7425       44232.3
    7    1422321  79638     1.9891       28619.7
    40   2098840  473230    1.6716       19808.7
    44   3229301  724285    1.6470       12553.2
    11   1500886  77582     1.7351       8177.8
    41   2178351  766679    1.6399       7839.2
    13   1520469  67330     1.7224       6238.0
    top-10: 14.1% of mass, 97.7% of excess-loss
Epoch 51: loss=1.593323  (62.60 sec, 65 subtrees, 730 chunks, 34623339 nodes)
  residual top-10 (subtree_mass × max(avg_loss − 1.593, 0)):
    rc   rootID   mass      avg_loss     score 
    39   1660971  2741100   1.7689       481157.5
    5    1263676  342947    1.8225       78598.8
    6    1317879  754528    1.6691       57181.3
    40   2098840  473230    1.6539       28675.7
    42   2302712  1539203   1.6076       22043.9
    44   3229301  724285    1.6206       19735.0
    41   2178351  766679    1.6159       17320.3
    7    1422321  79638     1.7055       8935.0
    43   2546378  4367096   1.5945       5240.4
    11   1500886  77582     1.6353       3258.5
    top-10: 26.0% of mass, 97.7% of excess-loss
Epoch 52: loss=1.562588  (62.59 sec, 65 subtrees, 730 chunks, 34623339 nodes)
  residual top-10 (subtree_mass × max(avg_loss − 1.563, 0)):
    rc   rootID   mass      avg_loss     score 
    39   1660971  2741100   1.6734       303849.4
    1    138709   8244278   1.5725       81620.0
    6    1317879  754528    1.6572       71396.9
    5    1263676  342947    1.7473       63337.3
    40   2098840  473230    1.6082       21582.9
    42   2302712  1539203   1.5760       20671.8
    44   3229301  724285    1.5892       19289.4
    41   2178351  766679    1.5787       12330.0
    7    1422321  79638     1.6753       8976.4
    31   1628740  37700     1.6136       1923.9
    top-10: 34.4% of mass, 98.3% of excess-loss
Epoch 53: loss=1.538148  (62.53 sec, 65 subtrees, 730 chunks, 34623339 nodes)
  residual top-10 (subtree_mass × max(avg_loss − 1.538, 0)):
    rc   rootID   mass      avg_loss     score 
    39   1660971  2741100   1.6346       264361.6
    1    138709   8244278   1.5493       91856.9
    6    1317879  754528    1.6189       60914.9
    5    1263676  342947    1.6488       37943.5
    44   3229301  724285    1.5612       16721.8
    40   2098840  473230    1.5683       14284.7
    7    1422321  79638     1.6623       9883.9
    42   2302712  1539203   1.5434       8026.7
    41   2178351  766679    1.5435       4112.7
    11   1500886  77582     1.5637       1982.1
    top-10: 34.5% of mass, 98.3% of excess-loss
Epoch 54: loss=1.525299  (62.57 sec, 65 subtrees, 730 chunks, 34623339 nodes)
  residual top-10 (subtree_mass × max(avg_loss − 1.525, 0)):
    rc   rootID   mass      avg_loss     score 
    39   1660971  2741100   1.6573       361762.9
    1    138709   8244278   1.5333       65844.4
    40   2098840  473230    1.5761       24060.7
    6    1317879  754528    1.5551       22520.5
    5    1263676  342947    1.5899       22137.9
    44   3229301  724285    1.5511       18659.6
    41   2178351  766679    1.5487       17906.0
    42   2302712  1539203   1.5358       16202.5
    7    1422321  79638     1.6168       7289.8
    46   3463254  2317775   1.5270       3859.3
    top-10: 39.4% of mass, 98.2% of excess-loss
Epoch 55: loss=1.517444  (62.61 sec, 65 subtrees, 730 chunks, 34623339 nodes)
  residual top-10 (subtree_mass × max(avg_loss − 1.517, 0)):
    rc   rootID   mass      avg_loss     score 
    39   1660971  2741100   1.6521       369190.1
    43   2546378  4367096   1.5296       53190.7
    42   2302712  1539203   1.5444       41530.6
    40   2098840  473230    1.5825       30787.3
    41   2178351  766679    1.5510       25758.3
    44   3229301  724285    1.5521       25127.5
    46   3463254  2317775   1.5248       17043.2
    1    138709   8244278   1.5186       9853.6
    45   3347168  678815    1.5266       6217.4
    7    1422321  79638     1.5843       5320.9
    top-10: 48.1% of mass, 99.0% of excess-loss
Epoch 56: loss=1.512188  (62.61 sec, 65 subtrees, 730 chunks, 34623339 nodes)
  residual top-10 (subtree_mass × max(avg_loss − 1.512, 0)):
    rc   rootID   mass      avg_loss     score 
    39   1660971  2741100   1.6747       445564.2
    40   2098840  473230    1.5852       34561.4
    42   2302712  1539203   1.5339       33402.9
    1    138709   8244278   1.5157       28814.3
    41   2178351  766679    1.5489       28151.2
    43   2546378  4367096   1.5181       25758.6
    44   3229301  724285    1.5392       19595.4
    46   3463254  2317775   1.5150       6449.9
    7    1422321  79638     1.5768       5141.8
    31   1628740  37700     1.5752       2375.2
    top-10: 46.7% of mass, 98.6% of excess-loss
Epoch 57: loss=1.498703  (62.55 sec, 65 subtrees, 730 chunks, 34623339 nodes)
  residual top-10 (subtree_mass × max(avg_loss − 1.499, 0)):
    rc   rootID   mass      avg_loss     score 
    39   1660971  2741100   1.6259       348740.0
    43   2546378  4367096   1.5074       37899.3
    42   2302712  1539203   1.5162       26895.6
    46   3463254  2317775   1.5088       23377.8
    44   3229301  724285    1.5309       23316.6
    40   2098840  473230    1.5468       22782.0
    41   2178351  766679    1.5183       15056.5
    1    138709   8244278   1.5002       12172.6
    45   3347168  678815    1.5073       5806.5
    7    1422321  79638     1.5688       5583.7
    top-10: 48.1% of mass, 98.6% of excess-loss
Epoch 58: loss=1.490885  (62.54 sec, 65 subtrees, 730 chunks, 34623339 nodes)
  residual top-10 (subtree_mass × max(avg_loss − 1.491, 0)):
    rc   rootID   mass      avg_loss     score 
    39   1660971  2741100   1.6181       348739.2
    42   2302712  1539203   1.5138       35320.7
    43   2546378  4367096   1.4984       32815.7
    40   2098840  473230    1.5523       29050.4
    1    138709   8244278   1.4942       27182.1
    44   3229301  724285    1.5233       23500.2
    41   2178351  766679    1.5204       22648.3
    46   3463254  2317775   1.4985       17700.2
    7    1422321  79638     1.5613       5605.1
    45   3347168  678815    1.4984       5099.8
    top-10: 48.1% of mass, 99.1% of excess-loss
Epoch 59: loss=1.487231  (62.59 sec, 65 subtrees, 730 chunks, 34623339 nodes)
  residual top-10 (subtree_mass × max(avg_loss − 1.487, 0)):
    rc   rootID   mass      avg_loss     score 
    39   1660971  2741100   1.6660       490034.6
    40   2098840  473230    1.5669       37699.3
    42   2302712  1539203   1.5076       31382.1
    43   2546378  4367096   1.4944       31371.2
    41   2178351  766679    1.5276       30947.5
    44   3229301  724285    1.5189       22917.6
    46   3463254  2317775   1.4936       14682.5
    7    1422321  79638     1.5528       5223.6
    45   3347168  678815    1.4931       3983.1
    31   1628740  37700     1.5549       2552.1
    top-10: 30.1% of mass, 99.1% of excess-loss
Epoch 60: loss=1.479169  (62.60 sec, 65 subtrees, 730 chunks, 34623339 nodes)
  residual top-10 (subtree_mass × max(avg_loss − 1.479, 0)):
    rc   rootID   mass      avg_loss     score 
    39   1660971  2741100   1.6268       404559.9
    43   2546378  4367096   1.4870       34333.2
    42   2302712  1539203   1.4980       28969.8
    46   3463254  2317775   1.4911       27679.8
    40   2098840  473230    1.5376       27638.7
    44   3229301  724285    1.5128       24353.9
    41   2178351  766679    1.5053       20055.3
    47   3809957  2279927   1.4822       6928.9
    45   3347168  678815    1.4886       6400.1
    7    1422321  79638     1.5454       5274.4
    top-10: 35.0% of mass, 98.8% of excess-loss
Epoch 61: loss=1.470915  (62.55 sec, 65 subtrees, 730 chunks, 34623339 nodes)
  residual top-10 (subtree_mass × max(avg_loss − 1.471, 0)):
    rc   rootID   mass      avg_loss     score 
    39   1660971  2741100   1.5898       325805.2
    43   2546378  4367096   1.4790       35242.0
    1    138709   8244278   1.4748       31733.9
    46   3463254  2317775   1.4843       30960.9
    44   3229301  724285    1.5087       27393.4
    42   2302712  1539203   1.4872       25044.7
    40   2098840  473230    1.5158       21253.8
    41   2178351  766679    1.4878       12919.9
    45   3347168  678815    1.4808       6703.0
    7    1422321  79638     1.5401       5513.0
    top-10: 48.1% of mass, 99.1% of excess-loss
Epoch 62: loss=1.464085  (62.54 sec, 65 subtrees, 730 chunks, 34623339 nodes)
  residual top-10 (subtree_mass × max(avg_loss − 1.464, 0)):
    rc   rootID   mass      avg_loss     score 
    39   1660971  2741100   1.6062       389593.5
    40   2098840  473230    1.5194       26171.8
    42   2302712  1539203   1.4806       25462.2
    44   3229301  724285    1.4960       23144.5
    1    138709   8244278   1.4665       20015.5
    46   3463254  2317775   1.4717       17695.3
    41   2178351  766679    1.4845       15642.6
    43   2546378  4367096   1.4676       15362.8
    7    1422321  79638     1.5339       5563.7
    45   3347168  678815    1.4705       4364.3
    top-10: 48.1% of mass, 98.9% of excess-loss
Epoch 63: loss=1.462713  (62.59 sec, 65 subtrees, 730 chunks, 34623339 nodes)
  residual top-10 (subtree_mass × max(avg_loss − 1.463, 0)):
    rc   rootID   mass      avg_loss     score 
    39   1660971  2741100   1.6360       475015.8
    40   2098840  473230    1.5468       39812.9
    41   2178351  766679    1.5072       34140.5
    42   2302712  1539203   1.4817       29289.7
    44   3229301  724285    1.4864       17191.8
    43   2546378  4367096   1.4658       13357.9
    46   3463254  2317775   1.4660       7562.5
    7    1422321  79638     1.5249       4952.0
    31   1628740  37700     1.5182       2090.9
    35   1650038  43657     1.4970       1496.6
    top-10: 28.7% of mass, 99.9% of excess-loss
Epoch 64: loss=1.451999  (62.59 sec, 65 subtrees, 730 chunks, 34623339 nodes)
  residual top-10 (subtree_mass × max(avg_loss − 1.452, 0)):
    rc   rootID   mass      avg_loss     score 
    39   1660971  2741100   1.5934       387611.7
    1    138709   8244278   1.4583       51770.4
    42   2302712  1539203   1.4772       38788.5
    43   2546378  4367096   1.4587       29309.0
    40   2098840  473230    1.5136       29153.4
    41   2178351  766679    1.4838       24353.9
    44   3229301  724285    1.4834       22749.8
    46   3463254  2317775   1.4573       12333.8
    7    1422321  79638     1.5180       5254.8
    45   3347168  678815    1.4561       2777.2
    top-10: 48.1% of mass, 99.1% of excess-loss
Epoch 65: loss=1.445965  (62.57 sec, 65 subtrees, 730 chunks, 34623339 nodes)
  residual top-10 (subtree_mass × max(avg_loss − 1.446, 0)):
    rc   rootID   mass      avg_loss     score 
    39   1660971  2741100   1.5922       400883.3
    42   2302712  1539203   1.4682       34181.1
    43   2546378  4367096   1.4533       32096.9
    40   2098840  473230    1.5040       27452.9
    44   3229301  724285    1.4832       26956.4
    46   3463254  2317775   1.4542       19194.5
    41   2178351  766679    1.4687       17440.2
    7    1422321  79638     1.5098       5080.7
    45   3347168  678815    1.4525       4467.5
    11   1500886  77582     1.5002       4206.2
    top-10: 30.2% of mass, 99.2% of excess-loss
Epoch 66: loss=1.446813  (62.56 sec, 65 subtrees, 730 chunks, 34623339 nodes)
  residual top-10 (subtree_mass × max(avg_loss − 1.447, 0)):
    rc   rootID   mass      avg_loss     score 
    39   1660971  2741100   1.5760       354230.6
    43   2546378  4367096   1.4557       38841.4
    42   2302712  1539203   1.4683       33132.3
    46   3463254  2317775   1.4587       27577.4
    40   2098840  473230    1.4989       24636.2
    44   3229301  724285    1.4805       24381.8
    41   2178351  766679    1.4721       19358.7
    45   3347168  678815    1.4546       5317.1
    7    1422321  79638     1.5066       4760.9
    11   1500886  77582     1.4666       1535.4
    top-10: 30.2% of mass, 99.4% of excess-loss
Epoch 67: loss=1.440269  (62.58 sec, 65 subtrees, 730 chunks, 34623339 nodes)
  residual top-10 (subtree_mass × max(avg_loss − 1.440, 0)):
    rc   rootID   mass      avg_loss     score 
    39   1660971  2741100   1.5989       434732.7
    40   2098840  473230    1.4958       26294.0
    42   2302712  1539203   1.4540       21175.3
    44   3229301  724285    1.4682       20206.1
    41   2178351  766679    1.4630       17401.7
    46   3463254  2317775   1.4459       13167.6
    7    1422321  79638     1.5004       4786.4
    43   2546378  4367096   1.4411       3696.0
    45   3347168  678815    1.4433       2088.4
    31   1628740  37700     1.4726       1218.1
    top-10: 30.1% of mass, 99.6% of excess-loss
Epoch 68: loss=1.432619  (62.60 sec, 65 subtrees, 730 chunks, 34623339 nodes)
  residual top-10 (subtree_mass × max(avg_loss − 1.433, 0)):
    rc   rootID   mass      avg_loss     score 
    39   1660971  2741100   1.5682       371591.4
    40   2098840  473230    1.4803       22562.0
    44   3229301  724285    1.4591       19192.6
    42   2302712  1539203   1.4430       15905.7
    41   2178351  766679    1.4489       12513.6
    46   3463254  2317775   1.4357       7239.0
    7    1422321  79638     1.4966       5095.7
    31   1628740  37700     1.4907       2190.8
    35   1650038  43657     1.4485       694.5 
    25   1602731  57242     1.4403       440.1 
    top-10: 19.3% of mass, 99.9% of excess-loss
Epoch 69: loss=1.432493  (62.61 sec, 65 subtrees, 730 chunks, 34623339 nodes)
  residual top-10 (subtree_mass × max(avg_loss − 1.432, 0)):
    rc   rootID   mass      avg_loss     score 
    39   1660971  2741100   1.5825       411050.4
    42   2302712  1539203   1.4557       35756.9
    40   2098840  473230    1.4965       30292.1
    43   2546378  4367096   1.4386       26628.6
    44   3229301  724285    1.4646       23242.4
    41   2178351  766679    1.4596       20765.1
    46   3463254  2317775   1.4396       16568.4
    6    1317879  754528    1.4440       8715.9
    11   1500886  77582     1.5312       7659.9
    7    1422321  79638     1.5141       6498.7
    top-10: 30.4% of mass, 98.1% of excess-loss
Epoch 70: loss=1.431012  (62.65 sec, 65 subtrees, 730 chunks, 34623339 nodes)
  residual top-10 (subtree_mass × max(avg_loss − 1.431, 0)):
    rc   rootID   mass      avg_loss     score 
    39   1660971  2741100   1.5828       416080.2
    43   2546378  4367096   1.4479       73619.8
    42   2302712  1539203   1.4637       50247.9
    40   2098840  473230    1.5053       35173.4
    41   2178351  766679    1.4748       33577.4
    44   3229301  724285    1.4645       24274.4
    46   3463254  2317775   1.4350       9278.0
    7    1422321  79638     1.4908       4757.6
    11   1500886  77582     1.4848       4174.3
    45   3347168  678815    1.4360       3404.2
    top-10: 30.2% of mass, 99.3% of excess-loss
Epoch 71: loss=1.427345  (62.60 sec, 65 subtrees, 730 chunks, 34623339 nodes)
  residual top-10 (subtree_mass × max(avg_loss − 1.427, 0)):
    rc   rootID   mass      avg_loss     score 
    39   1660971  2741100   1.5944       457795.7
    1    138709   8244278   1.4339       54425.4
    40   2098840  473230    1.4884       28895.6
    42   2302712  1539203   1.4438       25367.3
    43   2546378  4367096   1.4321       20921.9
    44   3229301  724285    1.4529       18473.3
    41   2178351  766679    1.4506       17852.8
    11   1500886  77582     1.5806       11886.8
    46   3463254  2317775   1.4317       10003.0
    7    1422321  79638     1.4853       4617.7
    top-10: 46.8% of mass, 98.7% of excess-loss
Epoch 72: loss=1.417417  (62.61 sec, 65 subtrees, 730 chunks, 34623339 nodes)
  residual top-10 (subtree_mass × max(avg_loss − 1.417, 0)):
    rc   rootID   mass      avg_loss     score 
    39   1660971  2741100   1.5609       393252.0
    42   2302712  1539203   1.4369       30006.2
    40   2098840  473230    1.4772       28287.2
    43   2546378  4367096   1.4235       26506.6
    41   2178351  766679    1.4426       19338.8
    44   3229301  724285    1.4440       19234.4
    46   3463254  2317775   1.4243       15883.1
    7    1422321  79638     1.4781       4832.3
    45   3347168  678815    1.4215       2797.4
    31   1628740  37700     1.4666       1855.6
    top-10: 30.1% of mass, 99.7% of excess-loss
Epoch 73: loss=1.422456  (62.60 sec, 65 subtrees, 730 chunks, 34623339 nodes)
  residual top-10 (subtree_mass × max(avg_loss − 1.422, 0)):
    rc   rootID   mass      avg_loss     score 
    39   1660971  2741100   1.6186       537755.2
    43   2546378  4367096   1.4333       47348.0
    42   2302712  1539203   1.4455       35541.6
    40   2098840  473230    1.4914       32607.2
    41   2178351  766679    1.4577       26996.7
    44   3229301  724285    1.4533       22320.8
    46   3463254  2317775   1.4270       10505.8
    7    1422321  79638     1.4748       4167.9
    45   3347168  678815    1.4273       3266.9
    31   1628740  37700     1.4568       1293.2
    top-10: 30.1% of mass, 99.9% of excess-loss
Epoch 74: loss=1.413356  (62.61 sec, 65 subtrees, 730 chunks, 34623339 nodes)
  residual top-10 (subtree_mass × max(avg_loss − 1.413, 0)):
    rc   rootID   mass      avg_loss     score 
    39   1660971  2741100   1.5664       419546.7
    43   2546378  4367096   1.4221       38134.7
    42   2302712  1539203   1.4319       28504.3
    40   2098840  473230    1.4713       27416.9
    41   2178351  766679    1.4390       19694.5
    44   3229301  724285    1.4391       18655.7
    46   3463254  2317775   1.4206       16875.0
    7    1422321  79638     1.4746       4881.2
    45   3347168  678815    1.4193       4042.2
    11   1500886  77582     1.4489       2759.9
    top-10: 30.2% of mass, 99.7% of excess-loss
Epoch 75: loss=1.408997  (62.59 sec, 65 subtrees, 730 chunks, 34623338 nodes)
  residual top-10 (subtree_mass × max(avg_loss − 1.409, 0)):
    rc   rootID   mass      avg_loss     score 
    39   1660971  2741100   1.5615       418145.3
    40   2098840  473230    1.4716       29628.0
    42   2302712  1539203   1.4249       24438.4
    41   2178351  766679    1.4352       20097.9
    44   3229301  724285    1.4349       18761.0
    43   2546378  4367096   1.4112       9619.1
    7    1422321  79638     1.4660       4541.8
    46   3463254  2317775   1.4107       3919.7
    31   1628740  37700     1.4541       1701.3
    35   1650038  43657     1.4197       467.2 
    top-10: 28.7% of mass, 100.0% of excess-loss
Epoch 76: loss=1.409436  (62.58 sec, 65 subtrees, 730 chunks, 34623339 nodes)
  residual top-10 (subtree_mass × max(avg_loss − 1.409, 0)):
    rc   rootID   mass      avg_loss     score 
    39   1660971  2741100   1.5633       421830.9
    42   2302712  1539203   1.4281       28775.8
    40   2098840  473230    1.4700       28659.6
    44   3229301  724285    1.4407       22642.9
    41   2178351  766679    1.4362       20497.9
    43   2546378  4367096   1.4133       16942.3
    46   3463254  2317775   1.4164       16239.7
    11   1500886  77582     1.4933       6504.4
    7    1422321  79638     1.4648       4406.9
    45   3347168  678815    1.4155       4147.6
    top-10: 30.2% of mass, 98.6% of excess-loss
Epoch 77: loss=1.415284  (62.58 sec, 65 subtrees, 730 chunks, 34623339 nodes)
  residual top-10 (subtree_mass × max(avg_loss − 1.415, 0)):
    rc   rootID   mass      avg_loss     score 
    39   1660971  2741100   1.6213       564674.0
    40   2098840  473230    1.4909       35807.2
    42   2302712  1539203   1.4284       20219.6
    41   2178351  766679    1.4365       16301.2
    44   3229301  724285    1.4369       15624.4
    11   1500886  77582     1.5548       10826.1
    7    1422321  79638     1.4647       3938.2
    31   1628740  37700     1.4662       1919.4
    46   3463254  2317775   1.4160       1656.1
    12   1513476  42580     1.4518       1555.4
    top-10: 19.3% of mass, 99.5% of excess-loss
Epoch 78: loss=1.406437  (62.61 sec, 65 subtrees, 730 chunks, 34623338 nodes)
  residual top-10 (subtree_mass × max(avg_loss − 1.406, 0)):
    rc   rootID   mass      avg_loss     score 
    39   1660971  2741100   1.5668       439612.2
    40   2098840  473230    1.4901       39614.1
    42   2302712  1539203   1.4317       38920.8
    41   2178351  766679    1.4471       31168.4
    43   2546378  4367096   1.4116       22423.9
    44   3229301  724285    1.4308       17676.6
    46   3463254  2317775   1.4105       9302.2
    7    1422321  79638     1.4628       4489.2
    11   1500886  77582     1.4621       4316.4
    31   1628740  37700     1.4581       1948.0
    top-10: 28.8% of mass, 99.7% of excess-loss
Epoch 79: loss=1.403979  (62.55 sec, 65 subtrees, 730 chunks, 34623339 nodes)
  residual top-10 (subtree_mass × max(avg_loss − 1.404, 0)):
    rc   rootID   mass      avg_loss     score 
    39   1660971  2741100   1.5635       437285.6
    40   2098840  473230    1.4653       29008.4
    41   2178351  766679    1.4359       24451.1
    42   2302712  1539203   1.4188       22840.2
    44   3229301  724285    1.4246       14930.6
    46   3463254  2317775   1.4086       10737.6
    43   2546378  4367096   1.4063       9963.9
    7    1422321  79638     1.4704       5290.3
    31   1628740  37700     1.4374       1260.2
    35   1650038  43657     1.4181       616.6 
    top-10: 28.7% of mass, 99.9% of excess-loss
Epoch 80: loss=1.393738  (62.59 sec, 65 subtrees, 730 chunks, 34623339 nodes)
  residual top-10 (subtree_mass × max(avg_loss − 1.394, 0)):
    rc   rootID   mass      avg_loss     score 
    39   1660971  2741100   1.5559       444550.6
    40   2098840  473230    1.4443       23933.6
    42   2302712  1539203   1.4045       16501.5
    1    138709   8244278   1.3957       16288.8
    41   2178351  766679    1.4126       14478.7
    44   3229301  724285    1.4135       14314.5
    7    1422321  79638     1.4520       4642.9
    46   3463254  2317775   1.3956       4408.6
    31   1628740  37700     1.4327       1469.3
    35   1650038  43657     1.4120       797.9 
    top-10: 37.2% of mass, 100.0% of excess-loss
Epoch 81: loss=1.392590  (62.58 sec, 65 subtrees, 730 chunks, 34623339 nodes)
  residual top-10 (subtree_mass × max(avg_loss − 1.393, 0)):
    rc   rootID   mass      avg_loss     score 
    39   1660971  2741100   1.5561       448256.4
    40   2098840  473230    1.4524       28293.4
    42   2302712  1539203   1.4081       23928.2
    41   2178351  766679    1.4194       20585.0
    43   2546378  4367096   1.3964       16765.9
    44   3229301  724285    1.4151       16289.9
    46   3463254  2317775   1.3961       8053.8
    7    1422321  79638     1.4452       4189.7
    31   1628740  37700     1.4326       1510.1
    35   1650038  43657     1.4235       1351.6
    top-10: 28.7% of mass, 99.9% of excess-loss
Epoch 82: loss=1.399141  (62.54 sec, 65 subtrees, 730 chunks, 34623339 nodes)
  residual top-10 (subtree_mass × max(avg_loss − 1.399, 0)):
    rc   rootID   mass      avg_loss     score 
    39   1660971  2741100   1.6068       569104.2
    40   2098840  473230    1.4785       37552.1
    42   2302712  1539203   1.4200       32173.1
    41   2178351  766679    1.4337       26489.2
    43   2546378  4367096   1.4042       22100.3
    44   3229301  724285    1.4234       17591.8
    46   3463254  2317775   1.4058       15539.2
    7    1422321  79638     1.4442       3589.3
    45   3347168  678815    1.4037       3073.6
    35   1650038  43657     1.4616       2724.8
    top-10: 30.1% of mass, 99.7% of excess-loss
Epoch 83: loss=1.407252  (62.55 sec, 65 subtrees, 730 chunks, 34623339 nodes)
  residual top-10 (subtree_mass × max(avg_loss − 1.407, 0)):
    rc   rootID   mass      avg_loss     score 
    39   1660971  2741100   1.5762       463119.0
    6    1317879  754528    1.5249       88731.4
    5    1263676  342947    1.5980       65429.6
    40   2098840  473230    1.4655       27567.9
    11   1500886  77582     1.7300       25037.8
    42   2302712  1539203   1.4171       15113.3
    13   1520469  67330     1.6262       14743.6
    44   3229301  724285    1.4269       14208.9
    41   2178351  766679    1.4254       13937.2
    7    1422321  79638     1.5688       12868.8
    top-10: 16.6% of mass, 97.3% of excess-loss
Epoch 84: loss=1.403630  (62.59 sec, 65 subtrees, 730 chunks, 34623339 nodes)
  residual top-10 (subtree_mass × max(avg_loss − 1.404, 0)):
    rc   rootID   mass      avg_loss     score 
    39   1660971  2741100   1.5654       443450.8
    5    1263676  342947    1.7039       102966.4
    6    1317879  754528    1.4803       57861.5
    40   2098840  473230    1.4628       27981.4
    42   2302712  1539203   1.4180       22099.9
    41   2178351  766679    1.4319       21693.6
    44   3229301  724285    1.4241       14814.5
    7    1422321  79638     1.5144       8818.4
    43   2546378  4367096   1.4054       7568.5
    46   3463254  2317775   1.4063       6300.3
    top-10: 30.9% of mass, 99.5% of excess-loss
Epoch 85: loss=1.392008  (62.59 sec, 65 subtrees, 730 chunks, 34623339 nodes)
  residual top-10 (subtree_mass × max(avg_loss − 1.392, 0)):
    rc   rootID   mass      avg_loss     score 
    39   1660971  2741100   1.5426       412845.1
    42   2302712  1539203   1.4104       28313.8
    40   2098840  473230    1.4505       27666.6
    41   2178351  766679    1.4164       18700.0
    44   3229301  724285    1.4151       16697.0
    46   3463254  2317775   1.3976       13024.8
    43   2546378  4367096   1.3941       9093.2
    7    1422321  79638     1.4632       5667.5
    1    138709   8244278   1.3924       3350.4
    45   3347168  678815    1.3947       1855.7
    top-10: 48.1% of mass, 99.5% of excess-loss
Epoch 86: loss=1.393124  (62.53 sec, 65 subtrees, 730 chunks, 34623339 nodes)
  residual top-10 (subtree_mass × max(avg_loss − 1.393, 0)):
    rc   rootID   mass      avg_loss     score 
    39   1660971  2741100   1.5991       564470.7
    40   2098840  473230    1.4616       32415.4
    41   2178351  766679    1.4164       17878.0
    42   2302712  1539203   1.4046       17606.1
    44   3229301  724285    1.4140       15111.8
    6    1317879  754528    1.4065       10102.9
    5    1263676  342947    1.4199       9183.2
    7    1422321  79638     1.4737       6420.3
    46   3463254  2317775   1.3954       5346.5
    31   1628740  37700     1.4570       2407.4
    top-10: 21.4% of mass, 99.7% of excess-loss
Epoch 87: loss=1.430340  (62.53 sec, 65 subtrees, 730 chunks, 34623339 nodes)
  residual top-10 (subtree_mass × max(avg_loss − 1.430, 0)):
    rc   rootID   mass      avg_loss     score 
    39   1660971  2741100   1.5959       453754.0
    6    1317879  754528    1.9418       385887.9
    5    1263676  342947    2.2541       282497.4
    8    1439897  392288    1.7323       118456.8
    7    1422321  79638     1.9317       39923.4
    40   2098840  473230    1.4832       25010.3
    11   1500886  77582     1.6733       18849.7
    41   2178351  766679    1.4426       9392.0
    13   1520469  67330     1.5316       6815.5
    44   3229301  724285    1.4391       6347.3
    top-10: 14.1% of mass, 98.7% of excess-loss
Epoch 88: loss=1.647442  (62.58 sec, 65 subtrees, 730 chunks, 34623339 nodes)
  residual top-10 (subtree_mass × max(avg_loss − 1.647, 0)):
    rc   rootID   mass      avg_loss     score 
    6    1317879  754528    4.2932       1996301.2
    8    1439897  392288    5.3283       1443955.7
    5    1263676  342947    4.7631       1068516.4
    7    1422321  79638     6.2565       367054.5
    39   1660971  2741100   1.7076       164934.2
    11   1500886  77582     3.1426       115997.6
    13   1520469  67330     2.5182       58631.3
    12   1513476  42580     2.8217       50000.2
    21   1567603  178953    1.8341       33394.4
    14   1531441  43678     2.2938       28232.6
    top-10: 10.4% of mass, 97.8% of excess-loss
Epoch 89: loss=1.574504  (62.59 sec, 65 subtrees, 730 chunks, 34623339 nodes)
  residual top-10 (subtree_mass × max(avg_loss − 1.575, 0)):
    rc   rootID   mass      avg_loss     score 
    5    1263676  342947    3.4786       652988.8
    6    1317879  754528    2.3648       596324.2
    39   1660971  2741100   1.6635       243865.4
    8    1439897  392288    2.0433       183897.6
    7    1422321  79638     2.1760       47898.4
    11   1500886  77582     1.8433       20852.9
    13   1520469  67330     1.8433       18098.4
    40   2098840  473230    1.6070       15387.2
    12   1513476  42580     1.8413       11359.2
    15   1539367  34390     1.8288       8745.0
    top-10: 11.0% of mass, 96.9% of excess-loss
Epoch 90: loss=1.500915  (62.56 sec, 65 subtrees, 730 chunks, 34623339 nodes)
  residual top-10 (subtree_mass × max(avg_loss − 1.501, 0)):
    rc   rootID   mass      avg_loss     score 
    39   1660971  2741100   1.5768       208003.8
    6    1317879  754528    1.7161       162368.8
    5    1263676  342947    1.9141       141711.6
    1    138709   8244278   1.5150       116110.4
    8    1439897  392288    1.5567       21888.8
    7    1422321  79638     1.7112       16743.3
    40   2098840  473230    1.5342       15746.2
    44   3229301  724285    1.5170       11635.9
    11   1500886  77582     1.5919       7056.8
    13   1520469  67330     1.5831       5533.2
    top-10: 30.5% of mass, 96.0% of excess-loss
Epoch 91: loss=1.487163  (62.55 sec, 65 subtrees, 730 chunks, 34623339 nodes)
  residual top-10 (subtree_mass × max(avg_loss − 1.487, 0)):
    rc   rootID   mass      avg_loss     score 
    6    1317879  754528    1.8186       250071.2
    39   1660971  2741100   1.5674       220002.5
    5    1263676  342947    2.1063       212319.0
    8    1439897  392288    1.5695       32291.1
    7    1422321  79638     1.7192       18479.2
    40   2098840  473230    1.5167       13977.0
    44   3229301  724285    1.5023       10933.3
    11   1500886  77582     1.5469       4632.9
    13   1520469  67330     1.5545       4532.6
    15   1539367  34390     1.5777       3114.4
    top-10: 12.5% of mass, 98.4% of excess-loss
Epoch 92: loss=1.452704  (62.58 sec, 65 subtrees, 730 chunks, 34623339 nodes)
  residual top-10 (subtree_mass × max(avg_loss − 1.453, 0)):
    rc   rootID   mass      avg_loss     score 
    39   1660971  2741100   1.5223       190635.3
    1    138709   8244278   1.4677       123485.0
    5    1263676  342947    1.7035       85995.4
    6    1317879  754528    1.5230       53055.9
    40   2098840  473230    1.4832       14416.0
    44   3229301  724285    1.4719       13927.2
    7    1422321  79638     1.5695       9305.2
    46   3463254  2317775   1.4554       6267.5
    42   2302712  1539203   1.4565       5858.5
    41   2178351  766679    1.4590       4789.3
    top-10: 39.4% of mass, 99.1% of excess-loss
Epoch 93: loss=1.430375  (62.72 sec, 65 subtrees, 730 chunks, 34623339 nodes)
  residual top-10 (subtree_mass × max(avg_loss − 1.430, 0)):
    rc   rootID   mass      avg_loss     score 
    39   1660971  2741100   1.5047       203640.6
    1    138709   8244278   1.4449       119458.6
    44   3229301  724285    1.4525       16029.6
    40   2098840  473230    1.4617       14841.3
    46   3463254  2317775   1.4364       13940.0
    6    1317879  754528    1.4435       9865.8
    42   2302712  1539203   1.4363       9195.5
    7    1422321  79638     1.5209       7211.5
    5    1263676  342947    1.4509       7022.7
    41   2178351  766679    1.4388       6459.2
    top-10: 39.4% of mass, 98.6% of excess-loss
Epoch 94: loss=1.421518  (62.71 sec, 65 subtrees, 730 chunks, 34623339 nodes)
  residual top-10 (subtree_mass × max(avg_loss − 1.422, 0)):
    rc   rootID   mass      avg_loss     score 
    39   1660971  2741100   1.5232       278734.3
    1    138709   8244278   1.4292       63311.6
    40   2098840  473230    1.4648       20485.8
    44   3229301  724285    1.4454       17274.4
    46   3463254  2317775   1.4287       16583.0
    42   2302712  1539203   1.4320       16171.1
    41   2178351  766679    1.4366       11589.3
    43   2546378  4367096   1.4231       7110.0
    7    1422321  79638     1.4970       6010.6
    45   3347168  678815    1.4263       3218.2
    top-10: 48.1% of mass, 99.8% of excess-loss
Epoch 95: loss=1.408232  (62.60 sec, 65 subtrees, 730 chunks, 34623339 nodes)
  residual top-10 (subtree_mass × max(avg_loss − 1.408, 0)):
    rc   rootID   mass      avg_loss     score 
    39   1660971  2741100   1.4948       237210.8
    1    138709   8244278   1.4196       94090.5
    46   3463254  2317775   1.4150       15583.2
    44   3229301  724285    1.4285       14714.5
    40   2098840  473230    1.4383       14226.9
    42   2302712  1539203   1.4134       8030.5
    7    1422321  79638     1.4920       6672.7
    41   2178351  766679    1.4160       5927.8
    6    1317879  754528    1.4112       2250.5
    45   3347168  678815    1.4113       2071.2
    top-10: 40.2% of mass, 99.7% of excess-loss
Epoch 96: loss=1.399271  (62.60 sec, 65 subtrees, 730 chunks, 34623339 nodes)
  residual top-10 (subtree_mass × max(avg_loss − 1.399, 0)):
    rc   rootID   mass      avg_loss     score 
    39   1660971  2741100   1.4995       274663.3
    1    138709   8244278   1.4098       87106.1
    46   3463254  2317775   1.4060       15604.4
    40   2098840  473230    1.4305       14766.5
    44   3229301  724285    1.4189       14189.9
    42   2302712  1539203   1.4040       7240.8
    41   2178351  766679    1.4077       6433.7
    7    1422321  79638     1.4743       5978.7
    45   3347168  678815    1.4023       2055.2
    31   1628740  37700     1.4193       755.7 
    top-10: 38.6% of mass, 100.0% of excess-loss
Epoch 97: loss=1.398091  (62.61 sec, 65 subtrees, 730 chunks, 34623339 nodes)
  residual top-10 (subtree_mass × max(avg_loss − 1.398, 0)):
    rc   rootID   mass      avg_loss     score 
    39   1660971  2741100   1.5280       356100.1
    1    138709   8244278   1.4017       29824.9
    40   2098840  473230    1.4341       17054.9
    44   3229301  724285    1.4209       16556.1
    46   3463254  2317775   1.4041       13911.8
    42   2302712  1539203   1.4048       10347.9
    41   2178351  766679    1.4088       8226.1
    7    1422321  79638     1.4670       5488.6
    45   3347168  678815    1.4008       1835.0
    31   1628740  37700     1.4168       706.4 
    top-10: 38.6% of mass, 100.0% of excess-loss
Epoch 98: loss=1.389643  (62.61 sec, 65 subtrees, 730 chunks, 34623339 nodes)
  residual top-10 (subtree_mass × max(avg_loss − 1.390, 0)):
    rc   rootID   mass      avg_loss     score 
    39   1660971  2741100   1.5006       304071.8
    1    138709   8244278   1.3981       69489.0
    40   2098840  473230    1.4251       16785.5
    44   3229301  724285    1.4092       14193.0
    46   3463254  2317775   1.3957       14108.0
    42   2302712  1539203   1.3959       9637.2
    41   2178351  766679    1.3989       7091.1
    7    1422321  79638     1.4597       5582.2
    45   3347168  678815    1.3917       1414.1
    31   1628740  37700     1.4110       805.5 
    top-10: 38.6% of mass, 100.0% of excess-loss
Epoch 99: loss=1.382639  (62.61 sec, 65 subtrees, 730 chunks, 34623338 nodes)
  residual top-10 (subtree_mass × max(avg_loss − 1.383, 0)):
    rc   rootID   mass      avg_loss     score 
    39   1660971  2741100   1.4863       284051.3
    1    138709   8244278   1.3917       75099.6
    46   3463254  2317775   1.3893       15427.3
    40   2098840  473230    1.4148       15216.7
    44   3229301  724285    1.4023       14266.6
    42   2302712  1539203   1.3876       7619.9
    41   2178351  766679    1.3915       6780.8
    7    1422321  79638     1.4545       5725.1
    45   3347168  678815    1.3856       2007.3
    50   4218803  1289869   1.3836       1268.6
    top-10: 41.4% of mass, 99.9% of excess-loss
Epoch 100: loss=1.376477  (62.59 sec, 65 subtrees, 730 chunks, 34623339 nodes)
  residual top-10 (subtree_mass × max(avg_loss − 1.376, 0)):
    rc   rootID   mass      avg_loss     score 
    39   1660971  2741100   1.4738       266781.9
    1    138709   8244278   1.3867       84286.7
    46   3463254  2317775   1.3839       17238.9
    40   2098840  473230    1.4084       15107.6
    44   3229301  724285    1.3965       14498.3
    42   2302712  1539203   1.3810       6901.4
    41   2178351  766679    1.3851       6599.6
    7    1422321  79638     1.4463       5559.9
    50   4218803  1289869   1.3784       2460.1
    45   3347168  678815    1.3795       2019.3
    top-10: 41.4% of mass, 99.8% of excess-loss
Epoch 101: loss=1.371738  (62.59 sec, 65 subtrees, 730 chunks, 34623337 nodes)
  residual top-10 (subtree_mass × max(avg_loss − 1.372, 0)):
    rc   rootID   mass      avg_loss     score 
    39   1660971  2741100   1.4650       255574.2
    1    138709   8244278   1.3812       78002.9
    46   3463254  2317775   1.3796       18259.0
    40   2098840  473230    1.4096       17925.2
    44   3229301  724285    1.3926       15076.1
    41   2178351  766679    1.3857       10724.6
    42   2302712  1539203   1.3783       10068.3
    7    1422321  79638     1.4423       5618.4
    50   4218803  1289869   1.3739       2789.1
    45   3347168  678815    1.3753       2397.6
    top-10: 41.4% of mass, 99.8% of excess-loss
Epoch 102: loss=1.371198  (62.58 sec, 65 subtrees, 730 chunks, 34623339 nodes)
  residual top-10 (subtree_mass × max(avg_loss − 1.371, 0)):
    rc   rootID   mass      avg_loss     score 
    39   1660971  2741100   1.4924       332229.9
    1    138709   8244278   1.3767       44968.2
    40   2098840  473230    1.4107       18695.2
    46   3463254  2317775   1.3782       16296.5
    44   3229301  724285    1.3908       14224.2
    41   2178351  766679    1.3831       9131.4
    42   2302712  1539203   1.3769       8817.3
    7    1422321  79638     1.4358       5144.1
    45   3347168  678815    1.3735       1586.2
    50   4218803  1289869   1.3721       1193.6
    top-10: 41.4% of mass, 99.8% of excess-loss
Epoch 103: loss=1.368226  (62.58 sec, 65 subtrees, 730 chunks, 34623339 nodes)
  residual top-10 (subtree_mass × max(avg_loss − 1.368, 0)):
    rc   rootID   mass      avg_loss     score 
    39   1660971  2741100   1.5074       381619.2
    1    138709   8244278   1.3747       53102.7
    40   2098840  473230    1.4098       19670.5
    46   3463254  2317775   1.3735       12331.1
    44   3229301  724285    1.3847       11908.2
    41   2178351  766679    1.3813       10036.3
    42   2302712  1539203   1.3724       6477.7
    7    1422321  79638     1.4345       5276.3
    31   1628740  37700     1.3833       569.3 
    45   3347168  678815    1.3685       172.7 
    top-10: 38.6% of mass, 100.0% of excess-loss
Epoch 104: loss=1.361261  (62.60 sec, 65 subtrees, 730 chunks, 34623339 nodes)
  residual top-10 (subtree_mass × max(avg_loss − 1.361, 0)):
    rc   rootID   mass      avg_loss     score 
    39   1660971  2741100   1.4633       279683.4
    1    138709   8244278   1.3694       67104.3
    46   3463254  2317775   1.3684       16538.8
    40   2098840  473230    1.3959       16383.7
    44   3229301  724285    1.3804       13893.2
    41   2178351  766679    1.3742       9922.8
    42   2302712  1539203   1.3672       9200.5
    7    1422321  79638     1.4278       5297.7
    50   4218803  1289869   1.3647       4375.0
    45   3347168  678815    1.3638       1733.7
    top-10: 41.4% of mass, 99.8% of excess-loss
Epoch 105: loss=1.358875  (62.55 sec, 65 subtrees, 730 chunks, 34623339 nodes)
  residual top-10 (subtree_mass × max(avg_loss − 1.359, 0)):
    rc   rootID   mass      avg_loss     score 
    39   1660971  2741100   1.4551       263692.8
    1    138709   8244278   1.3663       61090.9
    46   3463254  2317775   1.3681       21313.5
    40   2098840  473230    1.3910       15205.8
    44   3229301  724285    1.3797       15078.4
    42   2302712  1539203   1.3659       10803.9
    41   2178351  766679    1.3720       10057.3
    50   4218803  1289869   1.3639       6497.0
    7    1422321  79638     1.4269       5419.0
    45   3347168  678815    1.3641       3567.3
    top-10: 41.4% of mass, 99.9% of excess-loss
Epoch 106: loss=1.354397  (62.55 sec, 65 subtrees, 730 chunks, 34623338 nodes)
  residual top-10 (subtree_mass × max(avg_loss − 1.354, 0)):
    rc   rootID   mass      avg_loss     score 
    39   1660971  2741100   1.4371       226645.2
    1    138709   8244278   1.3641       79699.1
    46   3463254  2317775   1.3642       22672.8
    40   2098840  473230    1.3884       16074.9
    44   3229301  724285    1.3755       15272.4
    42   2302712  1539203   1.3624       12350.6
    41   2178351  766679    1.3687       10998.4
    50   4218803  1289869   1.3600       7269.0
    7    1422321  79638     1.4207       5277.4
    45   3347168  678815    1.3592       3264.4
    top-10: 41.4% of mass, 99.8% of excess-loss
Epoch 107: loss=1.355346  (62.62 sec, 65 subtrees, 730 chunks, 34623339 nodes)
  residual top-10 (subtree_mass × max(avg_loss − 1.355, 0)):
    rc   rootID   mass      avg_loss     score 
    39   1660971  2741100   1.4793       339848.1
    1    138709   8244278   1.3617       52029.6
    40   2098840  473230    1.3919       17275.7
    46   3463254  2317775   1.3614       13939.4
    44   3229301  724285    1.3725       12445.1
    41   2178351  766679    1.3681       9807.5
    42   2302712  1539203   1.3614       9248.8
    7    1422321  79638     1.4187       5047.5
    50   4218803  1289869   1.3570       2101.4
    45   3347168  678815    1.3561       530.9 
    top-10: 41.4% of mass, 100.0% of excess-loss
Epoch 108: loss=1.353238  (62.60 sec, 65 subtrees, 730 chunks, 34623339 nodes)
  residual top-10 (subtree_mass × max(avg_loss − 1.353, 0)):
    rc   rootID   mass      avg_loss     score 
    39   1660971  2741100   1.4574       285542.7
    1    138709   8244278   1.3585       43415.1
    46   3463254  2317775   1.3630       22693.6
    40   2098840  473230    1.3917       18189.9
    44   3229301  724285    1.3751       15808.3
    42   2302712  1539203   1.3634       15607.6
    41   2178351  766679    1.3708       13475.2
    43   2546378  4367096   1.3551       8041.9
    50   4218803  1289869   1.3574       5304.5
    7    1422321  79638     1.4151       4926.3
    top-10: 49.5% of mass, 99.1% of excess-loss
Epoch 109: loss=1.351888  (62.55 sec, 65 subtrees, 730 chunks, 34623339 nodes)
  residual top-10 (subtree_mass × max(avg_loss − 1.352, 0)):
    rc   rootID   mass      avg_loss     score 
    39   1660971  2741100   1.4569       287831.1
    1    138709   8244278   1.3580       50409.8
    46   3463254  2317775   1.3607       20445.2
    40   2098840  473230    1.3896       17858.6
    44   3229301  724285    1.3721       14603.5
    42   2302712  1539203   1.3590       10914.5
    41   2178351  766679    1.3650       10024.2
    7    1422321  79638     1.4153       5051.7
    50   4218803  1289869   1.3558       5038.4
    45   3347168  678815    1.3551       2203.5
    top-10: 41.4% of mass, 99.9% of excess-loss
Epoch 110: loss=1.345948  (62.54 sec, 65 subtrees, 730 chunks, 34623339 nodes)
  residual top-10 (subtree_mass × max(avg_loss − 1.346, 0)):
    rc   rootID   mass      avg_loss     score 
    39   1660971  2741100   1.4299       230209.2
    1    138709   8244278   1.3558       80933.2
    46   3463254  2317775   1.3556       22468.5
    44   3229301  724285    1.3684       16252.9
    40   2098840  473230    1.3791       15695.4
    42   2302712  1539203   1.3558       15217.3
    41   2178351  766679    1.3605       11154.7
    50   4218803  1289869   1.3521       7967.7
    7    1422321  79638     1.4120       5263.3
    43   2546378  4367096   1.3469       4031.6
    top-10: 49.5% of mass, 99.1% of excess-loss
Epoch 111: loss=1.345462  (62.57 sec, 65 subtrees, 730 chunks, 34623339 nodes)
  residual top-10 (subtree_mass × max(avg_loss − 1.345, 0)):
    rc   rootID   mass      avg_loss     score 
    39   1660971  2741100   1.4429       266985.7
    1    138709   8244278   1.3534       65163.9
    46   3463254  2317775   1.3537       19168.0
    40   2098840  473230    1.3853       18854.0
    42   2302712  1539203   1.3565       16951.3
    41   2178351  766679    1.3649       14882.3
    44   3229301  724285    1.3657       14677.6
    50   4218803  1289869   1.3500       5861.1
    7    1422321  79638     1.4096       5109.4
    43   2546378  4367096   1.3462       3160.4
    top-10: 49.5% of mass, 99.3% of excess-loss
Epoch 112: loss=1.344559  (62.61 sec, 65 subtrees, 730 chunks, 34623338 nodes)
  residual top-10 (subtree_mass × max(avg_loss − 1.345, 0)):
    rc   rootID   mass      avg_loss     score 
    39   1660971  2741100   1.4516       293485.9
    1    138709   8244278   1.3509       51987.5
    40   2098840  473230    1.3922       22564.5
    46   3463254  2317775   1.3530       19675.8
    41   2178351  766679    1.3682       18162.7
    42   2302712  1539203   1.3555       16797.3
    44   3229301  724285    1.3646       14523.8
    43   2546378  4367096   1.3461       6631.1
    7    1422321  79638     1.4057       4866.3
    50   4218803  1289869   1.3477       4066.6
    top-10: 49.5% of mass, 99.6% of excess-loss
Epoch 113: loss=1.338221  (62.62 sec, 65 subtrees, 730 chunks, 34623338 nodes)
  residual top-10 (subtree_mass × max(avg_loss − 1.338, 0)):
    rc   rootID   mass      avg_loss     score 
    39   1660971  2741100   1.4131       205339.7
    1    138709   8244278   1.3475       76656.4
    46   3463254  2317775   1.3496       26330.8
    42   2302712  1539203   1.3498       17840.3
    44   3229301  724285    1.3625       17577.2
    40   2098840  473230    1.3709       15481.4
    41   2178351  766679    1.3546       12577.4
    50   4218803  1289869   1.3455       9358.7
    43   2546378  4367096   1.3402       8676.2
    7    1422321  79638     1.4035       5201.0
    top-10: 49.5% of mass, 98.5% of excess-loss
Epoch 114: loss=1.339152  (62.60 sec, 65 subtrees, 730 chunks, 34623339 nodes)
  residual top-10 (subtree_mass × max(avg_loss − 1.339, 0)):
    rc   rootID   mass      avg_loss     score 
    39   1660971  2741100   1.4428       284147.1
    1    138709   8244278   1.3459       55439.6
    46   3463254  2317775   1.3477       19788.8
    40   2098840  473230    1.3765       17678.6
    44   3229301  724285    1.3592       14533.8
    42   2302712  1539203   1.3482       13970.0
    41   2178351  766679    1.3558       12729.3
    50   4218803  1289869   1.3436       5707.5
    7    1422321  79638     1.3985       4728.5
    45   3347168  678815    1.3431       2695.4
    top-10: 41.4% of mass, 99.6% of excess-loss
Epoch 115: loss=1.339830  (62.59 sec, 65 subtrees, 730 chunks, 34623339 nodes)
  residual top-10 (subtree_mass × max(avg_loss − 1.340, 0)):
    rc   rootID   mass      avg_loss     score 
    39   1660971  2741100   1.4391       272173.5
    1    138709   8244278   1.3440       34466.0
    46   3463254  2317775   1.3503       24362.0
    40   2098840  473230    1.3775       17816.7
    42   2302712  1539203   1.3507       16698.4
    44   3229301  724285    1.3626       16462.9
    41   2178351  766679    1.3567       12937.4
    50   4218803  1289869   1.3461       8059.6
    43   2546378  4367096   1.3412       5769.5
    7    1422321  79638     1.3987       4684.6
    top-10: 49.5% of mass, 98.7% of excess-loss
Epoch 116: loss=1.334764  (62.58 sec, 65 subtrees, 730 chunks, 34623339 nodes)
  residual top-10 (subtree_mass × max(avg_loss − 1.335, 0)):
    rc   rootID   mass      avg_loss     score 
    39   1660971  2741100   1.4192       231324.4
    1    138709   8244278   1.3432       69879.9
    46   3463254  2317775   1.3444       22287.6
    40   2098840  473230    1.3793       21093.7
    41   2178351  766679    1.3572       17170.4
    42   2302712  1539203   1.3455       16502.6
    44   3229301  724285    1.3564       15658.8
    50   4218803  1289869   1.3412       8251.2
    43   2546378  4367096   1.3362       6098.9
    7    1422321  79638     1.3994       5150.3
    top-10: 49.5% of mass, 98.9% of excess-loss
Epoch 117: loss=1.334416  (62.60 sec, 65 subtrees, 730 chunks, 34623338 nodes)
  residual top-10 (subtree_mass × max(avg_loss − 1.334, 0)):
    rc   rootID   mass      avg_loss     score 
    39   1660971  2741100   1.4120       212753.3
    1    138709   8244278   1.3408       52246.5
    46   3463254  2317775   1.3457       26135.1
    42   2302712  1539203   1.3466       18735.4
    40   2098840  473230    1.3724       17996.2
    44   3229301  724285    1.3580       17061.3
    41   2178351  766679    1.3548       15626.5
    43   2546378  4367096   1.3372       12263.7
    50   4218803  1289869   1.3418       9558.7
    7    1422321  79638     1.3939       4733.3
    top-10: 49.5% of mass, 97.9% of excess-loss
Epoch 118: loss=1.344309  (62.59 sec, 65 subtrees, 730 chunks, 34623339 nodes)
  residual top-10 (subtree_mass × max(avg_loss − 1.344, 0)):
    rc   rootID   mass      avg_loss     score 
    39   1660971  2741100   1.5423       542667.6
    40   2098840  473230    1.4182       34950.6
    41   2178351  766679    1.3618       13445.5
    44   3229301  724285    1.3601       11449.2
    46   3463254  2317775   1.3480       8629.9
    42   2302712  1539203   1.3497       8370.7
    7    1422321  79638     1.3932       3896.3
    0    1        824077    1.2727       0.0   
    1    138709   8244278   1.3408       0.0   
    2    1255301  46307     1.2520       0.0   
    top-10: 39.0% of mass, 100.0% of excess-loss
Epoch 119: loss=1.331657  (62.59 sec, 65 subtrees, 730 chunks, 34623338 nodes)
  residual top-10 (subtree_mass × max(avg_loss − 1.332, 0)):
    rc   rootID   mass      avg_loss     score 
    39   1660971  2741100   1.4168       233308.1
    1    138709   8244278   1.3409       76577.6
    46   3463254  2317775   1.3416       23023.7
    40   2098840  473230    1.3689       17641.3
    42   2302712  1539203   1.3421       16054.2
    44   3229301  724285    1.3530       15482.4
    41   2178351  766679    1.3491       13397.6
    50   4218803  1289869   1.3382       8382.1
    7    1422321  79638     1.3949       5040.3
    45   3347168  678815    1.3368       3466.3
    top-10: 41.4% of mass, 98.8% of excess-loss
Epoch 120: loss=1.328348  (62.55 sec, 65 subtrees, 730 chunks, 34623339 nodes)
  residual top-10 (subtree_mass × max(avg_loss − 1.328, 0)):
    rc   rootID   mass      avg_loss     score 
    39   1660971  2741100   1.4088       220414.7
    1    138709   8244278   1.3367       68729.6
    46   3463254  2317775   1.3396       26137.3
    42   2302712  1539203   1.3394       17026.7
    40   2098840  473230    1.3636       16693.1
    44   3229301  724285    1.3503       15882.6
    41   2178351  766679    1.3469       14224.8
    50   4218803  1289869   1.3355       9174.7
    43   2546378  4367096   1.3298       6278.7
    7    1422321  79638     1.3916       5034.8
    top-10: 49.5% of mass, 98.3% of excess-loss
Epoch 121: loss=1.325580  (62.60 sec, 65 subtrees, 730 chunks, 34623339 nodes)
  residual top-10 (subtree_mass × max(avg_loss − 1.326, 0)):
    rc   rootID   mass      avg_loss     score 
    39   1660971  2741100   1.4026       211087.5
    1    138709   8244278   1.3347       75506.9
    46   3463254  2317775   1.3363       24783.0
    42   2302712  1539203   1.3362       16397.5
    44   3229301  724285    1.3481       16280.0
    40   2098840  473230    1.3590       15800.4
    41   2178351  766679    1.3430       13328.0
    50   4218803  1289869   1.3331       9732.2
    43   2546378  4367096   1.3275       8320.1
    7    1422321  79638     1.3867       4869.9
    top-10: 49.5% of mass, 98.2% of excess-loss
Epoch 122: loss=1.323755  (62.55 sec, 65 subtrees, 730 chunks, 34623336 nodes)
  residual top-10 (subtree_mass × max(avg_loss − 1.324, 0)):
    rc   rootID   mass      avg_loss     score 
    39   1660971  2741100   1.4008       211325.3
    1    138709   8244278   1.3322       69614.0
    46   3463254  2317775   1.3346       25107.2
    42   2302712  1539203   1.3352       17566.9
    40   2098840  473230    1.3602       17240.1
    44   3229301  724285    1.3464       16375.3
    41   2178351  766679    1.3436       15215.9
    50   4218803  1289869   1.3318       10403.5
    43   2546378  4367096   1.3258       8778.4
    7    1422321  79638     1.3836       4768.6
    top-10: 49.5% of mass, 98.2% of excess-loss
Epoch 123: loss=1.324990  (62.59 sec, 65 subtrees, 730 chunks, 34623339 nodes)
  residual top-10 (subtree_mass × max(avg_loss − 1.325, 0)):
    rc   rootID   mass      avg_loss     score 
    39   1660971  2741100   1.3970       197384.9
    1    138709   8244278   1.3307       46717.2
    46   3463254  2317775   1.3373       28594.7
    44   3229301  724285    1.3487       17192.5
    40   2098840  473230    1.3608       16953.4
    42   2302712  1539203   1.3354       16006.4
    41   2178351  766679    1.3418       12856.3
    43   2546378  4367096   1.3279       12719.0
    50   4218803  1289869   1.3331       10471.1
    7    1422321  79638     1.3958       5638.7
    top-10: 49.5% of mass, 98.0% of excess-loss
Epoch 124: loss=1.322201  (62.58 sec, 65 subtrees, 730 chunks, 34623339 nodes)
  residual top-10 (subtree_mass × max(avg_loss − 1.322, 0)):
    rc   rootID   mass      avg_loss     score 
    39   1660971  2741100   1.4142       252048.0
    1    138709   8244278   1.3311       73020.6
    46   3463254  2317775   1.3321       23047.5
    40   2098840  473230    1.3556       15808.8
    44   3229301  724285    1.3427       14870.1
    42   2302712  1539203   1.3306       12977.4
    41   2178351  766679    1.3379       12035.3
    50   4218803  1289869   1.3292       8994.5
    7    1422321  79638     1.3826       4810.0
    45   3347168  678815    1.3281       4015.5
    top-10: 41.4% of mass, 98.9% of excess-loss
Epoch 125: loss=1.317244  (62.54 sec, 65 subtrees, 730 chunks, 34623339 nodes)
  residual top-10 (subtree_mass × max(avg_loss − 1.317, 0)):
    rc   rootID   mass      avg_loss     score 
    39   1660971  2741100   1.3818       176920.7
    1    138709   8244278   1.3276       85127.0
    46   3463254  2317775   1.3299       29285.3
    44   3229301  724285    1.3397       16268.1
    42   2302712  1539203   1.3269       14934.7
    40   2098840  473230    1.3484       14745.9
    50   4218803  1289869   1.3269       12433.1
    41   2178351  766679    1.3328       11891.5
    43   2546378  4367096   1.3185       5288.0
    45   3347168  678815    1.3248       5139.3
    top-10: 50.8% of mass, 97.5% of excess-loss
Epoch 126: loss=1.315542  (62.56 sec, 65 subtrees, 730 chunks, 34623339 nodes)
  residual top-10 (subtree_mass × max(avg_loss − 1.316, 0)):
    rc   rootID   mass      avg_loss     score 
    39   1660971  2741100   1.3829       184618.3
    1    138709   8244278   1.3254       81614.9
    46   3463254  2317775   1.3278       28505.7
    44   3229301  724285    1.3378       16084.9
    40   2098840  473230    1.3463       14574.5
    42   2302712  1539203   1.3250       14501.9
    50   4218803  1289869   1.3252       12521.1
    41   2178351  766679    1.3318       12436.2
    43   2546378  4367096   1.3169       5811.9
    7    1422321  79638     1.3753       4757.3
    top-10: 49.5% of mass, 97.7% of excess-loss
Epoch 127: loss=1.313774  (62.61 sec, 65 subtrees, 730 chunks, 34623339 nodes)
  residual top-10 (subtree_mass × max(avg_loss − 1.314, 0)):
    rc   rootID   mass      avg_loss     score 
    39   1660971  2741100   1.3784       177031.8
    1    138709   8244278   1.3244       87268.0
    46   3463254  2317775   1.3266       29783.4
    44   3229301  724285    1.3367       16577.0
    42   2302712  1539203   1.3236       15102.5
    40   2098840  473230    1.3455       14990.4
    41   2178351  766679    1.3301       12532.6
    50   4218803  1289869   1.3234       12382.0
    43   2546378  4367096   1.3152       6019.3
    45   3347168  678815    1.3215       5243.5
    top-10: 50.8% of mass, 97.6% of excess-loss
Epoch 128: loss=1.313106  (62.58 sec, 65 subtrees, 730 chunks, 34623338 nodes)
  residual top-10 (subtree_mass × max(avg_loss − 1.313, 0)):
    rc   rootID   mass      avg_loss     score 
    39   1660971  2741100   1.3761       172663.8
    1    138709   8244278   1.3236       86163.7
    46   3463254  2317775   1.3262       30440.9
    44   3229301  724285    1.3372       17432.7
    42   2302712  1539203   1.3241       16988.4
    40   2098840  473230    1.3447       14927.9
    41   2178351  766679    1.3300       12962.5
    50   4218803  1289869   1.3227       12334.5
    43   2546378  4367096   1.3158       11802.1
    45   3347168  678815    1.3214       5646.4
    top-10: 50.8% of mass, 97.7% of excess-loss
Epoch 129: loss=1.311295  (62.53 sec, 65 subtrees, 730 chunks, 34623339 nodes)
  residual top-10 (subtree_mass × max(avg_loss − 1.311, 0)):
    rc   rootID   mass      avg_loss     score 
    39   1660971  2741100   1.3838       198717.4
    1    138709   8244278   1.3215       84237.0
    46   3463254  2317775   1.3231       27356.2
    44   3229301  724285    1.3330       15703.9
    40   2098840  473230    1.3435       15248.1
    42   2302712  1539203   1.3200       13346.0
    50   4218803  1289869   1.3206       12040.4
    41   2178351  766679    1.3262       11408.5
    54   5381749  526964    1.3205       4870.9
    7    1422321  79638     1.3687       4571.0
    top-10: 41.0% of mass, 97.9% of excess-loss
Epoch 130: loss=1.310312  (62.55 sec, 65 subtrees, 730 chunks, 34623338 nodes)
  residual top-10 (subtree_mass × max(avg_loss − 1.310, 0)):
    rc   rootID   mass      avg_loss     score 
    39   1660971  2741100   1.3689       160532.1
    1    138709   8244278   1.3198       78107.1
    46   3463254  2317775   1.3242       32197.5
    42   2302712  1539203   1.3224       18630.2
    44   3229301  724285    1.3350       17897.6
    40   2098840  473230    1.3435       15724.2
    43   2546378  4367096   1.3137       14877.9
    41   2178351  766679    1.3289       14244.8
    50   4218803  1289869   1.3202       12754.6
    45   3347168  678815    1.3196       6309.9
    top-10: 50.8% of mass, 97.1% of excess-loss
Epoch 131: loss=1.313969  (62.58 sec, 65 subtrees, 730 chunks, 34623338 nodes)
  residual top-10 (subtree_mass × max(avg_loss − 1.314, 0)):
    rc   rootID   mass      avg_loss     score 
    39   1660971  2741100   1.4260       307150.4
    1    138709   8244278   1.3194       44401.3
    46   3463254  2317775   1.3246       24639.8
    40   2098840  473230    1.3509       17477.1
    44   3229301  724285    1.3346       14923.7
    42   2302712  1539203   1.3223       12761.0
    41   2178351  766679    1.3294       11812.4
    50   4218803  1289869   1.3208       8796.0
    45   3347168  678815    1.3202       4246.2
    7    1422321  79638     1.3652       4077.2
    top-10: 41.4% of mass, 99.2% of excess-loss
Epoch 132: loss=1.310808  (62.59 sec, 65 subtrees, 730 chunks, 34623338 nodes)
  residual top-10 (subtree_mass × max(avg_loss − 1.311, 0)):
    rc   rootID   mass      avg_loss     score 
    39   1660971  2741100   1.3995       243017.1
    1    138709   8244278   1.3193       70333.3
    46   3463254  2317775   1.3229       27916.9
    44   3229301  724285    1.3323       15592.0
    40   2098840  473230    1.3424       14939.6
    42   2302712  1539203   1.3194       13153.2
    41   2178351  766679    1.3260       11673.4
    50   4218803  1289869   1.3191       10728.0
    45   3347168  678815    1.3176       4604.7
    54   5381749  526964    1.3195       4554.4
    top-10: 42.3% of mass, 98.4% of excess-loss
Epoch 133: loss=1.305862  (62.55 sec, 65 subtrees, 730 chunks, 34623338 nodes)
  residual top-10 (subtree_mass × max(avg_loss − 1.306, 0)):
    rc   rootID   mass      avg_loss     score 
    39   1660971  2741100   1.3591       145889.3
    1    138709   8244278   1.3182       101860.5
    46   3463254  2317775   1.3197       32140.2
    44   3229301  724285    1.3297       17277.9
    42   2302712  1539203   1.3159       15403.1
    40   2098840  473230    1.3370       14751.7
    50   4218803  1289869   1.3171       14533.6
    41   2178351  766679    1.3231       13242.8
    43   2546378  4367096   1.3079       8928.4
    54   5381749  526964    1.3176       6195.3
    top-10: 50.4% of mass, 96.9% of excess-loss
Epoch 134: loss=1.304878  (62.56 sec, 65 subtrees, 730 chunks, 34623337 nodes)
  residual top-10 (subtree_mass × max(avg_loss − 1.305, 0)):
    rc   rootID   mass      avg_loss     score 
    39   1660971  2741100   1.3683       173837.3
    1    138709   8244278   1.3159       90626.6
    46   3463254  2317775   1.3185       31570.2
    44   3229301  724285    1.3282       16916.8
    40   2098840  473230    1.3360       14741.0
    50   4218803  1289869   1.3157       13984.8
    42   2302712  1539203   1.3139       13869.8
    41   2178351  766679    1.3212       12526.0
    43   2546378  4367096   1.3064       6777.7
    54   5381749  526964    1.3164       6051.8
    top-10: 50.4% of mass, 97.4% of excess-loss
Epoch 135: loss=1.302424  (62.63 sec, 65 subtrees, 730 chunks, 34623338 nodes)
  residual top-10 (subtree_mass × max(avg_loss − 1.302, 0)):
    rc   rootID   mass      avg_loss     score 
    39   1660971  2741100   1.3592       155728.5
    1    138709   8244278   1.3158       110587.9
    46   3463254  2317775   1.3156       30522.3
    44   3229301  724285    1.3259       16999.5
    50   4218803  1289869   1.3139       14849.9
    42   2302712  1539203   1.3117       14350.0
    40   2098840  473230    1.3326       14271.2
    41   2178351  766679    1.3196       13146.4
    43   2546378  4367096   1.3040       6967.0
    54   5381749  526964    1.3145       6387.4
    top-10: 50.4% of mass, 97.2% of excess-loss
Epoch 136: loss=1.302753  (62.61 sec, 65 subtrees, 730 chunks, 34623338 nodes)
  residual top-10 (subtree_mass × max(avg_loss − 1.303, 0)):
    rc   rootID   mass      avg_loss     score 
    39   1660971  2741100   1.3772       204014.9
    1    138709   8244278   1.3122       77563.7
    46   3463254  2317775   1.3151       28728.9
    44   3229301  724285    1.3259       16753.5
    40   2098840  473230    1.3348       15151.6
    50   4218803  1289869   1.3129       13031.6
    42   2302712  1539203   1.3109       12466.4
    41   2178351  766679    1.3185       12050.0
    54   5381749  526964    1.3141       6004.6
    43   2546378  4367096   1.3039       4873.6
    top-10: 50.4% of mass, 97.8% of excess-loss
Epoch 137: loss=1.299121  (62.59 sec, 65 subtrees, 730 chunks, 34623339 nodes)
  residual top-10 (subtree_mass × max(avg_loss − 1.299, 0)):
    rc   rootID   mass      avg_loss     score 
    39   1660971  2741100   1.3509       142006.0
    1    138709   8244278   1.3120       105934.5
    46   3463254  2317775   1.3130       32202.9
    44   3229301  724285    1.3231       17399.1
    50   4218803  1289869   1.3115       16019.8
    40   2098840  473230    1.3270       13189.3
    42   2302712  1539203   1.3076       13061.7
    41   2178351  766679    1.3150       12139.6
    54   5381749  526964    1.3128       7198.1
    58   6141841  3228512   1.3009       5861.6
    top-10: 47.9% of mass, 94.3% of excess-loss
Epoch 138: loss=1.303238  (62.56 sec, 65 subtrees, 730 chunks, 34623335 nodes)
  residual top-10 (subtree_mass × max(avg_loss − 1.303, 0)):
    rc   rootID   mass      avg_loss     score 
    39   1660971  2741100   1.3809       212749.2
    1    138709   8244278   1.3100       55682.4
    46   3463254  2317775   1.3170       31835.0
    44   3229301  724285    1.3282       18072.6
    42   2302712  1539203   1.3143       17019.2
    50   4218803  1289869   1.3160       16449.2
    40   2098840  473230    1.3376       16249.2
    41   2178351  766679    1.3217       14121.3
    43   2546378  4367096   1.3057       10641.1
    54   5381749  526964    1.3157       6559.5
    top-10: 50.4% of mass, 97.6% of excess-loss
Epoch 139: loss=1.298978  (62.58 sec, 65 subtrees, 730 chunks, 34623335 nodes)
  residual top-10 (subtree_mass × max(avg_loss − 1.299, 0)):
    rc   rootID   mass      avg_loss     score 
    39   1660971  2741100   1.3476       133222.5
    1    138709   8244278   1.3108       97360.2
    46   3463254  2317775   1.3140       34855.2
    44   3229301  724285    1.3240       18110.4
    50   4218803  1289869   1.3117       16427.7
    42   2302712  1539203   1.3093       15870.9
    40   2098840  473230    1.3291       14235.1
    41   2178351  766679    1.3168       13700.4
    43   2546378  4367096   1.3018       12346.5
    54   5381749  526964    1.3134       7592.4
    top-10: 50.4% of mass, 93.6% of excess-loss
Epoch 140: loss=1.296587  (62.60 sec, 65 subtrees, 730 chunks, 34623333 nodes)
  residual top-10 (subtree_mass × max(avg_loss − 1.297, 0)):
    rc   rootID   mass      avg_loss     score 
    39   1660971  2741100   1.3480       140918.9
    1    138709   8244278   1.3091       103473.0
    46   3463254  2317775   1.3114       34391.2
    44   3229301  724285    1.3211       17755.0
    50   4218803  1289869   1.3088       15792.1
    42   2302712  1539203   1.3065       15194.1
    40   2098840  473230    1.3251       13496.1
    41   2178351  766679    1.3139       13260.5
    43   2546378  4367096   1.2988       9506.3
    54   5381749  526964    1.3107       7432.5
    top-10: 50.4% of mass, 94.0% of excess-loss
Epoch 141: loss=1.295874  (62.58 sec, 65 subtrees, 730 chunks, 34623332 nodes)
  residual top-10 (subtree_mass × max(avg_loss − 1.296, 0)):
    rc   rootID   mass      avg_loss     score 
    39   1660971  2741100   1.3607       177647.6
    1    138709   8244278   1.3072       93492.8
    46   3463254  2317775   1.3101       32941.5
    44   3229301  724285    1.3189       16705.2
    50   4218803  1289869   1.3076       15178.3
    40   2098840  473230    1.3241       13367.8
    42   2302712  1539203   1.3034       11584.0
    41   2178351  766679    1.3099       10756.3
    54   5381749  526964    1.3100       7432.4
    58   6141841  3228512   1.2976       5539.2
    top-10: 47.9% of mass, 95.4% of excess-loss
Epoch 142: loss=1.292979  (62.55 sec, 65 subtrees, 730 chunks, 34623333 nodes)
  residual top-10 (subtree_mass × max(avg_loss − 1.293, 0)):
    rc   rootID   mass      avg_loss     score 
    39   1660971  2741100   1.3430       137145.3
    1    138709   8244278   1.3065       111143.4
    46   3463254  2317775   1.3078       34443.3
    44   3229301  724285    1.3173       17584.0
    50   4218803  1289869   1.3060       16790.9
    42   2302712  1539203   1.3015       13162.0
    40   2098840  473230    1.3198       12683.2
    41   2178351  766679    1.3079       11406.1
    58   6141841  3228512   1.2959       9530.6
    54   5381749  526964    1.3085       8186.8
    top-10: 47.9% of mass, 92.5% of excess-loss
Epoch 143: loss=1.294675  (62.57 sec, 65 subtrees, 730 chunks, 34623330 nodes)
  residual top-10 (subtree_mass × max(avg_loss − 1.295, 0)):
    rc   rootID   mass      avg_loss     score 
    39   1660971  2741100   1.3531       160246.5
    1    138709   8244278   1.3044       80356.5
    46   3463254  2317775   1.3104       36475.4
    44   3229301  724285    1.3208       18909.0
    42   2302712  1539203   1.3062       17720.2
    50   4218803  1289869   1.3073       16311.7
    43   2546378  4367096   1.2983       15719.6
    40   2098840  473230    1.3273       15426.0
    41   2178351  766679    1.3130       14017.9
    54   5381749  526964    1.3096       7842.1
    top-10: 50.4% of mass, 93.0% of excess-loss
Epoch 144: loss=1.293648  (62.60 sec, 65 subtrees, 730 chunks, 34623328 nodes)
  residual top-10 (subtree_mass × max(avg_loss − 1.294, 0)):
    rc   rootID   mass      avg_loss     score 
    39   1660971  2741100   1.3492       152202.6
    1    138709   8244278   1.3052       95403.8
    46   3463254  2317775   1.3092       35939.9
    44   3229301  724285    1.3194       18625.2
    50   4218803  1289869   1.3065       16608.4
    42   2302712  1539203   1.3039       15798.6
    40   2098840  473230    1.3226       13709.3
    41   2178351  766679    1.3104       12858.3
    43   2546378  4367096   1.2963       11558.5
    54   5381749  526964    1.3088       7964.9
    top-10: 50.4% of mass, 93.1% of excess-loss
Epoch 145: loss=1.291225  (62.60 sec, 65 subtrees, 730 chunks, 34623325 nodes)
  residual top-10 (subtree_mass × max(avg_loss − 1.291, 0)):
    rc   rootID   mass      avg_loss     score 
    39   1660971  2741100   1.3531       169535.0
    1    138709   8244278   1.3043       108117.8
    46   3463254  2317775   1.3056       33337.2
    44   3229301  724285    1.3148       17080.2
    50   4218803  1289869   1.3036       15911.4
    40   2098840  473230    1.3191       13200.2
    42   2302712  1539203   1.2991       12194.9
    41   2178351  766679    1.3051       10663.2
    54   5381749  526964    1.3062       7894.8
    58   6141841  3228512   1.2935       7406.7
    top-10: 47.9% of mass, 95.0% of excess-loss
Epoch 146: loss=1.288639  (62.57 sec, 65 subtrees, 730 chunks, 34623316 nodes)
  residual top-10 (subtree_mass × max(avg_loss − 1.289, 0)):
    rc   rootID   mass      avg_loss     score 
    39   1660971  2741100   1.3324       119852.7
    1    138709   8244278   1.3021       111255.7
    46   3463254  2317775   1.3046       37097.1
    44   3229301  724285    1.3146       18787.3
    50   4218803  1289869   1.3022       17547.6
    42   2302712  1539203   1.2983       14818.9
    58   6141841  3228512   1.2927       13029.5
    40   2098840  473230    1.3152       12585.5
    41   2178351  766679    1.3044       12068.4
    43   2546378  4367096   1.2908       9637.2
    top-10: 56.4% of mass, 89.1% of excess-loss
Epoch 147: loss=1.288764  (62.55 sec, 65 subtrees, 730 chunks, 34623274 nodes)
  residual top-10 (subtree_mass × max(avg_loss − 1.289, 0)):
    rc   rootID   mass      avg_loss     score 
    39   1660971  2741100   1.3478       161843.7
    1    138709   8244278   1.3009       100420.3
    46   3463254  2317775   1.3037       34717.4
    44   3229301  724285    1.3136       17966.4
    50   4218803  1289869   1.3018       16787.1
    40   2098840  473230    1.3189       14239.6
    42   2302712  1539203   1.2977       13824.8
    41   2178351  766679    1.3039       11601.9
    58   6141841  3228512   1.2916       9311.5
    43   2546378  4367096   1.2907       8620.9
    top-10: 56.4% of mass, 91.9% of excess-loss
Epoch 148: loss=1.286618  (62.59 sec, 65 subtrees, 730 chunks, 34623289 nodes)
  residual top-10 (subtree_mass × max(avg_loss − 1.287, 0)):
    rc   rootID   mass      avg_loss     score 
    39   1660971  2741100   1.3331       127490.3
    1    138709   8244278   1.3001       111498.0
    46   3463254  2317775   1.3025       36870.2
    50   4218803  1289869   1.3010       18586.5
    44   3229301  724285    1.3118       18215.0
    42   2302712  1539203   1.2960       14386.5
    58   6141841  3228512   1.2907       13321.9
    40   2098840  473230    1.3143       13119.2
    41   2178351  766679    1.3019       11691.6
    43   2546378  4367096   1.2888       9557.9
    top-10: 56.4% of mass, 89.4% of excess-loss
Epoch 149: loss=1.285325  (62.59 sec, 65 subtrees, 730 chunks, 34623277 nodes)
  residual top-10 (subtree_mass × max(avg_loss − 1.285, 0)):
    rc   rootID   mass      avg_loss     score 
    39   1660971  2741100   1.3313       125990.9
    1    138709   8244278   1.2993       115083.9
    46   3463254  2317775   1.3014       37346.2
    44   3229301  724285    1.3110       18561.5
    50   4218803  1289869   1.2993       18063.0
    58   6141841  3228512   1.2898       14551.1
    42   2302712  1539203   1.2945       14097.7
    40   2098840  473230    1.3116       12446.8
    41   2178351  766679    1.3007       11790.1
    54   5381749  526964    1.3031       9353.3
    top-10: 47.9% of mass, 89.1% of excess-loss
Epoch 150: loss=1.284292  (62.59 sec, 65 subtrees, 730 chunks, 34623235 nodes)
  residual top-10 (subtree_mass × max(avg_loss − 1.284, 0)):
    rc   rootID   mass      avg_loss     score 
    39   1660971  2741100   1.3278       119385.1
    1    138709   8244278   1.2980       112705.7
    46   3463254  2317775   1.3008       38261.6
    44   3229301  724285    1.3103       18865.3
    50   4218803  1289869   1.2986       18496.7
    58   6141841  3228512   1.2891       15412.7
    42   2302712  1539203   1.2936       14392.2
    40   2098840  473230    1.3113       12765.2
    41   2178351  766679    1.3001       12112.4
    53   4965123  2594188   1.2882       10153.6
    top-10: 52.5% of mass, 88.1% of excess-loss
Epoch 151: loss=1.283871  (62.57 sec, 65 subtrees, 730 chunks, 34623180 nodes)
  residual top-10 (subtree_mass × max(avg_loss − 1.284, 0)):
    rc   rootID   mass      avg_loss     score 
    39   1660971  2741100   1.3334       135766.4
    1    138709   8244278   1.2972       109830.5
    46   3463254  2317775   1.3001       37514.4
    44   3229301  724285    1.3095       18562.3
    50   4218803  1289869   1.2979       18126.2
    58   6141841  3228512   1.2885       15087.1
    42   2302712  1539203   1.2929       13871.4
    40   2098840  473230    1.3121       13380.4
    41   2178351  766679    1.2996       12081.8
    53   4965123  2594188   1.2878       10298.5
    top-10: 52.5% of mass, 89.2% of excess-loss
Epoch 152: loss=1.283179  (62.58 sec, 65 subtrees, 730 chunks, 34623208 nodes)
  residual top-10 (subtree_mass × max(avg_loss − 1.283, 0)):
    rc   rootID   mass      avg_loss     score 
    39   1660971  2741100   1.3318       133298.9
    1    138709   8244278   1.2965       110044.7
    46   3463254  2317775   1.2999       38819.4
    44   3229301  724285    1.3092       18817.7
    50   4218803  1289869   1.2975       18520.4
    58   6141841  3228512   1.2882       16089.3
    42   2302712  1539203   1.2926       14577.9
    40   2098840  473230    1.3115       13396.0
    41   2178351  766679    1.2987       11863.1
    43   2546378  4367096   1.2856       10584.8
    top-10: 56.4% of mass, 88.7% of excess-loss
Epoch 153: loss=1.282580  (62.60 sec, 65 subtrees, 730 chunks, 34623113 nodes)
  residual top-10 (subtree_mass × max(avg_loss − 1.283, 0)):
    rc   rootID   mass      avg_loss     score 
    39   1660971  2741100   1.3334       139192.2
    1    138709   8244278   1.2961       111470.1
    46   3463254  2317775   1.2990       37970.3
    44   3229301  724285    1.3086       18825.2
    50   4218803  1289869   1.2966       18036.0
    58   6141841  3228512   1.2874       15602.5
    42   2302712  1539203   1.2919       14331.7
    40   2098840  473230    1.3113       13580.7
    41   2178351  766679    1.2979       11717.3
    53   4965123  2594188   1.2867       10590.7
    top-10: 52.5% of mass, 89.4% of excess-loss
Epoch 154: loss=1.281801  (62.57 sec, 65 subtrees, 730 chunks, 34623130 nodes)
  residual top-10 (subtree_mass × max(avg_loss − 1.282, 0)):
    rc   rootID   mass      avg_loss     score 
    39   1660971  2741100   1.3269       123557.2
    1    138709   8244278   1.2952       110529.6
    46   3463254  2317775   1.2988       39338.7
    44   3229301  724285    1.3084       19266.5
    50   4218803  1289869   1.2967       19199.1
    58   6141841  3228512   1.2874       18003.1
    42   2302712  1539203   1.2916       15048.3
    40   2098840  473230    1.3092       12987.0
    53   4965123  2594188   1.2864       11850.4
    41   2178351  766679    1.2971       11736.8
    top-10: 52.5% of mass, 87.4% of excess-loss
Epoch 155: loss=1.280159  (62.57 sec, 65 subtrees, 730 chunks, 34623002 nodes)
  residual top-10 (subtree_mass × max(avg_loss − 1.280, 0)):
    rc   rootID   mass      avg_loss     score 
    1    138709   8244278   1.2948       120440.8
    39   1660971  2741100   1.3223       115507.2
    46   3463254  2317775   1.2975       40179.5
    44   3229301  724285    1.3064       18972.7
    58   6141841  3228512   1.2860       18956.7
    50   4218803  1289869   1.2948       18865.6
    42   2302712  1539203   1.2897       14669.5
    40   2098840  473230    1.3069       12644.1
    53   4965123  2594188   1.2850       12573.9
    41   2178351  766679    1.2954       11713.8
    top-10: 52.5% of mass, 87.4% of excess-loss
Epoch 156: loss=1.279161  (62.59 sec, 65 subtrees, 730 chunks, 34622987 nodes)
  residual top-10 (subtree_mass × max(avg_loss − 1.279, 0)):
    rc   rootID   mass      avg_loss     score 
    1    138709   8244278   1.2935       118283.5
    39   1660971  2741100   1.3218       116764.5
    46   3463254  2317775   1.2967       40723.3
    58   6141841  3228512   1.2855       20575.0
    50   4218803  1289869   1.2943       19506.3
    44   3229301  724285    1.3053       18898.8
    42   2302712  1539203   1.2885       14436.8
    53   4965123  2594188   1.2842       13118.0
    40   2098840  473230    1.3057       12553.9
    57   5794595  2162522   1.2846       11745.2
    top-10: 55.5% of mass, 86.8% of excess-loss
Epoch 157: loss=1.278369  (62.62 sec, 65 subtrees, 730 chunks, 34622892 nodes)
  residual top-10 (subtree_mass × max(avg_loss − 1.278, 0)):
    rc   rootID   mass      avg_loss     score 
    1    138709   8244278   1.2929       119562.6
    39   1660971  2741100   1.3195       112810.5
    46   3463254  2317775   1.2961       40983.9
    58   6141841  3228512   1.2850       21304.7
    50   4218803  1289869   1.2937       19836.4
    44   3229301  724285    1.3050       19321.4
    42   2302712  1539203   1.2881       14904.4
    53   4965123  2594188   1.2838       14037.7
    40   2098840  473230    1.3060       13097.3
    57   5794595  2162522   1.2842       12686.4
    top-10: 55.5% of mass, 86.7% of excess-loss
Epoch 158: loss=1.277843  (62.60 sec, 65 subtrees, 730 chunks, 34622797 nodes)
  residual top-10 (subtree_mass × max(avg_loss − 1.278, 0)):
    rc   rootID   mass      avg_loss     score 
    1    138709   8244278   1.2924       120185.7
    39   1660971  2741100   1.3203       116499.9
    46   3463254  2317775   1.2954       40724.4
    58   6141841  3228512   1.2845       21578.9
    50   4218803  1289869   1.2930       19613.2
    44   3229301  724285    1.3040       18920.6
    53   4965123  2594188   1.2835       14684.5
    42   2302712  1539203   1.2872       14448.5
    57   5794595  2162522   1.2838       12835.7
    40   2098840  473230    1.3043       12532.9
    top-10: 55.5% of mass, 86.9% of excess-loss
Epoch 159: loss=1.277429  (62.56 sec, 65 subtrees, 730 chunks, 34622607 nodes)
  residual top-10 (subtree_mass × max(avg_loss − 1.277, 0)):
    rc   rootID   mass      avg_loss     score 
    1    138709   8244278   1.2918       118802.2
    39   1660971  2741100   1.3186       112822.4
    46   3463254  2317775   1.2951       40965.5
    58   6141841  3228512   1.2843       22093.4
    50   4218803  1289869   1.2929       20016.4
    44   3229301  724285    1.3040       19238.2
    53   4965123  2594188   1.2831       14732.5
    42   2302712  1539203   1.2867       14344.6
    57   5794595  2162522   1.2836       13356.3
    40   2098840  473230    1.3041       12624.6
    top-10: 55.5% of mass, 86.5% of excess-loss
Epoch 160: loss=1.278832  (62.58 sec, 65 subtrees, 730 chunks, 34622585 nodes)
  residual top-10 (subtree_mass × max(avg_loss − 1.279, 0)):
    rc   rootID   mass      avg_loss     score 
    39   1660971  2741100   1.3286       136492.8
    1    138709   8244278   1.2914       103977.3
    46   3463254  2317775   1.2965       41064.7
    44   3229301  724285    1.3065       20039.6
    58   6141841  3228512   1.2847       19008.4
    50   4218803  1289869   1.2934       18826.9
    43   2546378  4367096   1.2827       17093.1
    42   2302712  1539203   1.2899       17079.7
    40   2098840  473230    1.3110       15219.5
    41   2178351  766679    1.2970       13955.0
    top-10: 56.4% of mass, 87.4% of excess-loss
Epoch 161: loss=1.276392  (62.62 sec, 65 subtrees, 730 chunks, 34622525 nodes)
  residual top-10 (subtree_mass × max(avg_loss − 1.276, 0)):
    rc   rootID   mass      avg_loss     score 
    1    138709   8244278   1.2918       126654.9
    39   1660971  2741100   1.3171       111663.4
    46   3463254  2317775   1.2942       41192.6
    58   6141841  3228512   1.2835       22961.5
    50   4218803  1289869   1.2916       19575.7
    44   3229301  724285    1.3029       19197.3
    53   4965123  2594188   1.2821       14776.2
    42   2302712  1539203   1.2858       14513.2
    57   5794595  2162522   1.2827       13679.5
    40   2098840  473230    1.3042       13165.9
    top-10: 55.5% of mass, 86.5% of excess-loss
Epoch 162: loss=1.275654  (62.59 sec, 65 subtrees, 730 chunks, 34622369 nodes)
  residual top-10 (subtree_mass × max(avg_loss − 1.276, 0)):
    rc   rootID   mass      avg_loss     score 
    1    138709   8244278   1.2907       124244.0
    39   1660971  2741100   1.3176       115053.9
    46   3463254  2317775   1.2935       41460.8
    58   6141841  3228512   1.2829       23394.1
    50   4218803  1289869   1.2912       20003.2
    44   3229301  724285    1.3022       19222.4
    53   4965123  2594188   1.2818       15817.0
    57   5794595  2162522   1.2824       14696.8
    42   2302712  1539203   1.2849       14299.1
    40   2098840  473230    1.3033       13082.1
    top-10: 55.5% of mass, 86.5% of excess-loss
Epoch 163: loss=1.275045  (62.56 sec, 65 subtrees, 730 chunks, 34622279 nodes)
  residual top-10 (subtree_mass × max(avg_loss − 1.275, 0)):
    rc   rootID   mass      avg_loss     score 
    1    138709   8244278   1.2901       124404.5
    39   1660971  2741100   1.3166       113808.3
    46   3463254  2317775   1.2933       42365.3
    58   6141841  3228512   1.2826       24414.8
    50   4218803  1289869   1.2906       20084.7
    44   3229301  724285    1.3017       19325.6
    53   4965123  2594188   1.2815       16717.4
    42   2302712  1539203   1.2846       14752.4
    57   5794595  2162522   1.2817       14471.5
    40   2098840  473230    1.3034       13417.2
    top-10: 55.5% of mass, 86.3% of excess-loss
Epoch 164: loss=1.274639  (62.59 sec, 65 subtrees, 730 chunks, 34622144 nodes)
  residual top-10 (subtree_mass × max(avg_loss − 1.275, 0)):
    rc   rootID   mass      avg_loss     score 
    1    138709   8244278   1.2898       124982.6
    39   1660971  2741100   1.3173       116899.4
    46   3463254  2317775   1.2929       42249.2
    58   6141841  3228512   1.2823       24669.0
    50   4218803  1289869   1.2903       20191.9
    44   3229301  724285    1.3011       19170.6
    53   4965123  2594188   1.2809       16207.9
    57   5794595  2162522   1.2816       15129.7
    42   2302712  1539203   1.2844       14960.4
    40   2098840  473230    1.3030       13403.0
    top-10: 55.5% of mass, 86.4% of excess-loss
Epoch 165: loss=1.274073  (62.61 sec, 65 subtrees, 730 chunks, 34622149 nodes)
  residual top-10 (subtree_mass × max(avg_loss − 1.274, 0)):
    rc   rootID   mass      avg_loss     score 
    1    138709   8244278   1.2893       125231.9
    39   1660971  2741100   1.3156       113797.2
    46   3463254  2317775   1.2927       43132.8
    58   6141841  3228512   1.2818       25011.9
    50   4218803  1289869   1.2897       20203.0
    44   3229301  724285    1.3007       19313.4
    53   4965123  2594188   1.2805       16548.2
    57   5794595  2162522   1.2813       15621.5
    42   2302712  1539203   1.2838       15041.4
    40   2098840  473230    1.3037       13998.8
    top-10: 55.5% of mass, 86.1% of excess-loss
Epoch 166: loss=1.273590  (62.61 sec, 65 subtrees, 730 chunks, 34621952 nodes)
  residual top-10 (subtree_mass × max(avg_loss − 1.274, 0)):
    rc   rootID   mass      avg_loss     score 
    1    138709   8244278   1.2888       125078.4
    39   1660971  2741100   1.3146       112426.2
    46   3463254  2317775   1.2923       43259.4
    58   6141841  3228512   1.2817       26022.5
    50   4218803  1289869   1.2895       20555.7
    44   3229301  724285    1.3007       19646.7
    53   4965123  2594188   1.2803       17348.9
    57   5794595  2162522   1.2810       16064.6
    42   2302712  1539203   1.2835       15217.2
    43   2546378  4367096   1.2768       14010.0
    top-10: 64.1% of mass, 85.9% of excess-loss
Epoch 167: loss=1.273169  (62.55 sec, 65 subtrees, 730 chunks, 34621881 nodes)
  residual top-10 (subtree_mass × max(avg_loss − 1.273, 0)):
    rc   rootID   mass      avg_loss     score 
    1    138709   8244278   1.2885       126694.8
    39   1660971  2741100   1.3138       111469.4
    46   3463254  2317775   1.2917       42920.5
    58   6141841  3228512   1.2813       26410.6
    50   4218803  1289869   1.2890       20356.9
    44   3229301  724285    1.3002       19563.7
    53   4965123  2594188   1.2800       17696.2
    57   5794595  2162522   1.2809       16808.2
    42   2302712  1539203   1.2833       15526.1
    43   2546378  4367096   1.2764       14127.4
    top-10: 64.1% of mass, 85.7% of excess-loss
Epoch 168: loss=1.272917  (62.55 sec, 65 subtrees, 730 chunks, 34621772 nodes)
  residual top-10 (subtree_mass × max(avg_loss − 1.273, 0)):
    rc   rootID   mass      avg_loss     score 
    1    138709   8244278   1.2882       126095.8
    39   1660971  2741100   1.3169       120461.2
    46   3463254  2317775   1.2916       43222.3
    58   6141841  3228512   1.2810       26204.6
    50   4218803  1289869   1.2886       20208.8
    44   3229301  724285    1.2996       19343.1
    53   4965123  2594188   1.2796       17252.7
    57   5794595  2162522   1.2804       16277.5
    42   2302712  1539203   1.2829       15364.8
    40   2098840  473230    1.3034       14416.2
    top-10: 55.5% of mass, 86.2% of excess-loss
Epoch 169: loss=1.272443  (62.58 sec, 65 subtrees, 730 chunks, 34621746 nodes)
  residual top-10 (subtree_mass × max(avg_loss − 1.272, 0)):
    rc   rootID   mass      avg_loss     score 
    1    138709   8244278   1.2879       127644.9
    39   1660971  2741100   1.3139       113708.2
    46   3463254  2317775   1.2912       43584.6
    58   6141841  3228512   1.2809       27372.6
    50   4218803  1289869   1.2884       20558.2
    44   3229301  724285    1.2994       19489.0
    53   4965123  2594188   1.2798       18990.7
    57   5794595  2162522   1.2802       16777.7
    42   2302712  1539203   1.2827       15721.3
    43   2546378  4367096   1.2758       14733.0
    top-10: 64.1% of mass, 85.9% of excess-loss
Epoch 170: loss=1.272179  (62.61 sec, 65 subtrees, 730 chunks, 34621671 nodes)
  residual top-10 (subtree_mass × max(avg_loss − 1.272, 0)):
    rc   rootID   mass      avg_loss     score 
    1    138709   8244278   1.2875       126393.8
    39   1660971  2741100   1.3146       116239.9
    46   3463254  2317775   1.2912       44126.0
    58   6141841  3228512   1.2807       27589.9
    50   4218803  1289869   1.2880       20459.0
    44   3229301  724285    1.2994       19679.9
    53   4965123  2594188   1.2795       18933.0
    57   5794595  2162522   1.2801       17106.1
    42   2302712  1539203   1.2824       15688.6
    40   2098840  473230    1.3034       14757.2
    top-10: 55.5% of mass, 85.9% of excess-loss
Epoch 171: loss=1.271856  (62.58 sec, 65 subtrees, 730 chunks, 34621591 nodes)
  residual top-10 (subtree_mass × max(avg_loss − 1.272, 0)):
    rc   rootID   mass      avg_loss     score 
    1    138709   8244278   1.2874       127790.1
    39   1660971  2741100   1.3137       114682.0
    46   3463254  2317775   1.2909       44106.4
    58   6141841  3228512   1.2805       27902.8
    50   4218803  1289869   1.2877       20378.1
    44   3229301  724285    1.2990       19642.4
    53   4965123  2594188   1.2794       19579.5
    57   5794595  2162522   1.2799       17309.8
    42   2302712  1539203   1.2823       15999.7
    43   2546378  4367096   1.2755       15736.2
    top-10: 64.1% of mass, 85.9% of excess-loss
Epoch 172: loss=1.271565  (62.55 sec, 65 subtrees, 730 chunks, 34621474 nodes)
  residual top-10 (subtree_mass × max(avg_loss − 1.272, 0)):
    rc   rootID   mass      avg_loss     score 
    1    138709   8244278   1.2871       127925.3
    39   1660971  2741100   1.3131       113849.9
    46   3463254  2317775   1.2905       43987.5
    58   6141841  3228512   1.2804       28434.8
    50   4218803  1289869   1.2874       20478.5
    44   3229301  724285    1.2988       19705.3
    53   4965123  2594188   1.2791       19626.0
    57   5794595  2162522   1.2797       17563.8
    42   2302712  1539203   1.2823       16449.1
    43   2546378  4367096   1.2752       15964.8
    top-10: 64.1% of mass, 85.7% of excess-loss
Epoch 173: loss=1.271299  (62.57 sec, 65 subtrees, 730 chunks, 34621467 nodes)
  residual top-10 (subtree_mass × max(avg_loss − 1.271, 0)):
    rc   rootID   mass      avg_loss     score 
    1    138709   8244278   1.2868       128047.2
    39   1660971  2741100   1.3122       111992.4
    46   3463254  2317775   1.2905       44613.9
    58   6141841  3228512   1.2803       28946.8
    50   4218803  1289869   1.2873       20594.6
    53   4965123  2594188   1.2790       19861.5
    44   3229301  724285    1.2984       19633.7
    57   5794595  2162522   1.2796       17940.8
    43   2546378  4367096   1.2752       17012.8
    42   2302712  1539203   1.2823       17004.7
    top-10: 64.1% of mass, 85.6% of excess-loss
Epoch 174: loss=1.271058  (62.60 sec, 65 subtrees, 730 chunks, 34621345 nodes)
  residual top-10 (subtree_mass × max(avg_loss − 1.271, 0)):
    rc   rootID   mass      avg_loss     score 
    1    138709   8244278   1.2866       127813.0
    39   1660971  2741100   1.3117       111353.8
    46   3463254  2317775   1.2904       44896.0
    58   6141841  3228512   1.2801       29332.8
    50   4218803  1289869   1.2870       20625.5
    53   4965123  2594188   1.2788       20116.8
    44   3229301  724285    1.2984       19803.4
    57   5794595  2162522   1.2796       18375.9
    43   2546378  4367096   1.2752       18090.8
    42   2302712  1539203   1.2823       17249.6
    top-10: 64.1% of mass, 85.5% of excess-loss
Epoch 175: loss=1.271102  (62.62 sec, 65 subtrees, 730 chunks, 34621381 nodes)
  residual top-10 (subtree_mass × max(avg_loss − 1.271, 0)):
    rc   rootID   mass      avg_loss     score 
    1    138709   8244278   1.2864       126372.2
    39   1660971  2741100   1.3119       111948.5
    46   3463254  2317775   1.2905       44964.3
    58   6141841  3228512   1.2802       29414.7
    50   4218803  1289869   1.2870       20511.0
    53   4965123  2594188   1.2789       20231.8
    44   3229301  724285    1.2987       20007.2
    43   2546378  4367096   1.2754       18985.6
    57   5794595  2162522   1.2796       18278.1
    42   2302712  1539203   1.2825       17577.5
    top-10: 64.1% of mass, 85.4% of excess-loss
Epoch 176: loss=1.270907  (62.55 sec, 65 subtrees, 730 chunks, 34621322 nodes)
  residual top-10 (subtree_mass × max(avg_loss − 1.271, 0)):
    rc   rootID   mass      avg_loss     score 
    1    138709   8244278   1.2864       128055.0
    39   1660971  2741100   1.3120       112748.2
    46   3463254  2317775   1.2903       45034.2
    58   6141841  3228512   1.2800       29481.2
    50   4218803  1289869   1.2867       20427.5
    53   4965123  2594188   1.2786       19912.7
    44   3229301  724285    1.2983       19819.2
    43   2546378  4367096   1.2754       19516.9
    57   5794595  2162522   1.2793       18191.6
    42   2302712  1539203   1.2827       18172.9
    top-10: 64.1% of mass, 85.5% of excess-loss
Epoch 177: loss=1.270748  (62.57 sec, 65 subtrees, 730 chunks, 34621234 nodes)
  residual top-10 (subtree_mass × max(avg_loss − 1.271, 0)):
    rc   rootID   mass      avg_loss     score 
    1    138709   8244278   1.2862       127385.3
    39   1660971  2741100   1.3114       111308.7
    46   3463254  2317775   1.2903       45294.2
    58   6141841  3228512   1.2800       29937.1
    43   2546378  4367096   1.2755       20796.2
    50   4218803  1289869   1.2866       20427.5
    53   4965123  2594188   1.2785       20127.5
    44   3229301  724285    1.2984       20027.6
    57   5794595  2162522   1.2794       18736.4
    42   2302712  1539203   1.2829       18728.9
    top-10: 64.1% of mass, 85.4% of excess-loss
Epoch 178: loss=1.270586  (62.59 sec, 65 subtrees, 730 chunks, 34621214 nodes)
  residual top-10 (subtree_mass × max(avg_loss − 1.271, 0)):
    rc   rootID   mass      avg_loss     score 
    1    138709   8244278   1.2860       126756.9
    39   1660971  2741100   1.3105       109435.2
    46   3463254  2317775   1.2903       45779.1
    58   6141841  3228512   1.2799       30141.7
    43   2546378  4367096   1.2756       22046.8
    50   4218803  1289869   1.2864       20355.2
    53   4965123  2594188   1.2784       20233.8
    44   3229301  724285    1.2983       20079.0
    42   2302712  1539203   1.2833       19497.0
    57   5794595  2162522   1.2792       18721.3
    top-10: 64.1% of mass, 85.2% of excess-loss
Epoch 179: loss=1.270394  (62.63 sec, 65 subtrees, 730 chunks, 34621119 nodes)
  residual top-10 (subtree_mass × max(avg_loss − 1.270, 0)):
    rc   rootID   mass      avg_loss     score 
    1    138709   8244278   1.2858       127123.0
    39   1660971  2741100   1.3088       105192.7
    46   3463254  2317775   1.2903       46200.6
    58   6141841  3228512   1.2799       30642.8
    43   2546378  4367096   1.2759       24143.6
    53   4965123  2594188   1.2783       20552.2
    50   4218803  1289869   1.2862       20388.3
    44   3229301  724285    1.2984       20290.1
    42   2302712  1539203   1.2834       20086.7
    57   5794595  2162522   1.2792       19029.6
    top-10: 64.1% of mass, 85.0% of excess-loss
Epoch 180: loss=1.270295  (62.57 sec, 65 subtrees, 730 chunks, 34621027 nodes)
  residual top-10 (subtree_mass × max(avg_loss − 1.270, 0)):
    rc   rootID   mass      avg_loss     score 
    1    138709   8244278   1.2857       126944.9
    39   1660971  2741100   1.3073       101537.8
    46   3463254  2317775   1.2904       46626.0
    58   6141841  3228512   1.2799       30857.8
    43   2546378  4367096   1.2762       25603.8
    53   4965123  2594188   1.2783       20892.4
    42   2302712  1539203   1.2838       20739.2
    50   4218803  1289869   1.2863       20597.1
    44   3229301  724285    1.2986       20487.4
    57   5794595  2162522   1.2792       19311.6
    top-10: 64.1% of mass, 84.8% of excess-loss
Epoch 181: loss=1.270247  (62.54 sec, 65 subtrees, 730 chunks, 34621039 nodes)
  residual top-10 (subtree_mass × max(avg_loss − 1.270, 0)):
    rc   rootID   mass      avg_loss     score 
    1    138709   8244278   1.2856       126588.1
    39   1660971  2741100   1.3063       98858.2
    46   3463254  2317775   1.2907       47426.5
    58   6141841  3228512   1.2799       31301.9
    43   2546378  4367096   1.2765       27312.1
    42   2302712  1539203   1.2840       21159.4
    53   4965123  2594188   1.2783       20977.8
    44   3229301  724285    1.2986       20567.4
    50   4218803  1289869   1.2862       20525.3
    57   5794595  2162522   1.2792       19371.7
    top-10: 64.1% of mass, 84.7% of excess-loss
Epoch 182: loss=1.270173  (62.58 sec, 65 subtrees, 730 chunks, 34620994 nodes)
  residual top-10 (subtree_mass × max(avg_loss − 1.270, 0)):
    rc   rootID   mass      avg_loss     score 
    1    138709   8244278   1.2855       126451.1
    39   1660971  2741100   1.3049       95064.8
    46   3463254  2317775   1.2909       47967.4
    58   6141841  3228512   1.2800       31624.1
    43   2546378  4367096   1.2769       29201.3
    42   2302712  1539203   1.2844       21836.1
    53   4965123  2594188   1.2784       21216.1
    44   3229301  724285    1.2989       20779.5
    50   4218803  1289869   1.2861       20567.1
    57   5794595  2162522   1.2792       19543.8
    top-10: 64.1% of mass, 84.5% of excess-loss
Epoch 183: loss=1.270146  (62.60 sec, 65 subtrees, 730 chunks, 34620971 nodes)
  residual top-10 (subtree_mass × max(avg_loss − 1.270, 0)):
    rc   rootID   mass      avg_loss     score 
    1    138709   8244278   1.2855       126358.1
    39   1660971  2741100   1.3033       90788.2
    46   3463254  2317775   1.2911       48516.6
    58   6141841  3228512   1.2800       31732.9
    43   2546378  4367096   1.2772       30930.3
    42   2302712  1539203   1.2847       22333.3
    53   4965123  2594188   1.2784       21408.9
    44   3229301  724285    1.2993       21114.6
    50   4218803  1289869   1.2861       20591.3
    57   5794595  2162522   1.2793       19700.5
    top-10: 64.1% of mass, 84.2% of excess-loss
Epoch 184: loss=1.270114  (62.59 sec, 65 subtrees, 730 chunks, 34620943 nodes)
  residual top-10 (subtree_mass × max(avg_loss − 1.270, 0)):
    rc   rootID   mass      avg_loss     score 
    1    138709   8244278   1.2854       126238.6
    39   1660971  2741100   1.3016       86438.0
    46   3463254  2317775   1.2916       49702.5
    43   2546378  4367096   1.2775       32337.9
    58   6141841  3228512   1.2801       32263.3
    42   2302712  1539203   1.2848       22593.7
    53   4965123  2594188   1.2785       21771.9
    44   3229301  724285    1.2998       21470.3
    50   4218803  1289869   1.2862       20705.5
    57   5794595  2162522   1.2794       20141.6
    top-10: 64.1% of mass, 84.1% of excess-loss
Epoch 185: loss=1.270081  (62.55 sec, 65 subtrees, 730 chunks, 34620896 nodes)
  residual top-10 (subtree_mass × max(avg_loss − 1.270, 0)):
    rc   rootID   mass      avg_loss     score 
    1    138709   8244278   1.2854       126588.8
    39   1660971  2741100   1.2998       81358.3
    46   3463254  2317775   1.2920       50781.7
    43   2546378  4367096   1.2778       33802.4
    58   6141841  3228512   1.2802       32654.7
    42   2302712  1539203   1.2848       22649.2
    53   4965123  2594188   1.2786       22165.2
    44   3229301  724285    1.2998       21532.1
    50   4218803  1289869   1.2863       20876.9
    57   5794595  2162522   1.2795       20291.1
    top-10: 64.1% of mass, 83.9% of excess-loss
Epoch 186: loss=1.270003  (62.57 sec, 65 subtrees, 730 chunks, 34620885 nodes)
  residual top-10 (subtree_mass × max(avg_loss − 1.270, 0)):
    rc   rootID   mass      avg_loss     score 
    1    138709   8244278   1.2854       126957.4
    39   1660971  2741100   1.2978       76326.3
    46   3463254  2317775   1.2922       51466.1
    43   2546378  4367096   1.2779       34411.0
    58   6141841  3228512   1.2803       33211.8
    53   4965123  2594188   1.2788       22718.8
    42   2302712  1539203   1.2847       22634.2
    44   3229301  724285    1.3000       21754.1
    50   4218803  1289869   1.2864       21144.4
    57   5794595  2162522   1.2796       20806.8
    top-10: 64.1% of mass, 83.6% of excess-loss
Epoch 187: loss=1.269967  (62.59 sec, 65 subtrees, 730 chunks, 34620893 nodes)
  residual top-10 (subtree_mass × max(avg_loss − 1.270, 0)):
    rc   rootID   mass      avg_loss     score 
    1    138709   8244278   1.2854       127414.4
    39   1660971  2741100   1.2958       70784.1
    46   3463254  2317775   1.2926       52431.4
    43   2546378  4367096   1.2779       34558.8
    58   6141841  3228512   1.2805       34150.2
    53   4965123  2594188   1.2790       23417.9
    42   2302712  1539203   1.2845       22343.5
    44   3229301  724285    1.3000       21784.7
    57   5794595  2162522   1.2799       21490.2
    50   4218803  1289869   1.2866       21469.9
    top-10: 64.1% of mass, 83.3% of excess-loss
Epoch 188: loss=1.269870  (62.61 sec, 65 subtrees, 730 chunks, 34620872 nodes)
  residual top-10 (subtree_mass × max(avg_loss − 1.270, 0)):
    rc   rootID   mass      avg_loss     score 
    1    138709   8244278   1.2855       128725.5
    39   1660971  2741100   1.2938       65525.4
    46   3463254  2317775   1.2928       53129.9
    58   6141841  3228512   1.2807       35105.4
    43   2546378  4367096   1.2776       33776.4
    53   4965123  2594188   1.2793       24391.2
    57   5794595  2162522   1.2802       22347.0
    44   3229301  724285    1.3000       21840.6
    50   4218803  1289869   1.2867       21730.5
    42   2302712  1539203   1.2838       21435.4
    top-10: 64.1% of mass, 82.9% of excess-loss
Epoch 189: loss=1.269875  (62.56 sec, 65 subtrees, 730 chunks, 34620824 nodes)
  residual top-10 (subtree_mass × max(avg_loss − 1.270, 0)):
    rc   rootID   mass      avg_loss     score 
    1    138709   8244278   1.2856       129550.7
    39   1660971  2741100   1.2921       60933.9
    46   3463254  2317775   1.2931       53786.4
    58   6141841  3228512   1.2810       36037.1
    43   2546378  4367096   1.2774       32769.2
    53   4965123  2594188   1.2796       25100.4
    57   5794595  2162522   1.2806       23221.3
    50   4218803  1289869   1.2870       22137.0
    44   3229301  724285    1.3000       21795.7
    42   2302712  1539203   1.2834       20779.7
    top-10: 64.1% of mass, 82.6% of excess-loss
Epoch 190: loss=1.269822  (62.56 sec, 65 subtrees, 730 chunks, 34620784 nodes)
  residual top-10 (subtree_mass × max(avg_loss − 1.270, 0)):
    rc   rootID   mass      avg_loss     score 
    1    138709   8244278   1.2857       131211.9
    39   1660971  2741100   1.2903       56254.2
    46   3463254  2317775   1.2932       54236.4
    58   6141841  3228512   1.2815       37549.9
    43   2546378  4367096   1.2769       31032.1
    53   4965123  2594188   1.2799       26076.2
    57   5794595  2162522   1.2810       24125.1
    50   4218803  1289869   1.2872       22413.8
    44   3229301  724285    1.2998       21708.4
    42   2302712  1539203   1.2826       19623.5
    top-10: 64.1% of mass, 82.3% of excess-loss
Epoch 191: loss=1.269664  (62.59 sec, 65 subtrees, 730 chunks, 34620777 nodes)
  residual top-10 (subtree_mass × max(avg_loss − 1.270, 0)):
    rc   rootID   mass      avg_loss     score 
    1    138709   8244278   1.2859       133836.5
    46   3463254  2317775   1.2930       54034.9
    39   1660971  2741100   1.2886       51962.5
    58   6141841  3228512   1.2818       39039.5
    43   2546378  4367096   1.2762       28328.5
    53   4965123  2594188   1.2802       27259.4
    57   5794595  2162522   1.2814       25395.3
    50   4218803  1289869   1.2872       22575.0
    44   3229301  724285    1.2993       21453.7
    47   3809957  2279927   1.2782       19531.8
    top-10: 65.7% of mass, 82.3% of excess-loss
Epoch 192: loss=1.269588  (62.61 sec, 65 subtrees, 730 chunks, 34620762 nodes)
  residual top-10 (subtree_mass × max(avg_loss − 1.270, 0)):
    rc   rootID   mass      avg_loss     score 
    1    138709   8244278   1.2862       136824.3
    46   3463254  2317775   1.2927       53658.8
    39   1660971  2741100   1.2872       48218.7
    58   6141841  3228512   1.2822       40638.6
    53   4965123  2594188   1.2802       27649.9
    57   5794595  2162522   1.2819       26550.4
    43   2546378  4367096   1.2755       25692.6
    50   4218803  1289869   1.2873       22812.6
    44   3229301  724285    1.2986       21028.3
    47   3809957  2279927   1.2781       19358.4
    top-10: 65.7% of mass, 82.4% of excess-loss
Epoch 193: loss=1.269338  (62.59 sec, 65 subtrees, 730 chunks, 34620766 nodes)
  residual top-10 (subtree_mass × max(avg_loss − 1.269, 0)):
    rc   rootID   mass      avg_loss     score 
    1    138709   8244278   1.2866       142178.4
    46   3463254  2317775   1.2922       52925.0
    39   1660971  2741100   1.2856       44619.7
    58   6141841  3228512   1.2824       42165.6
    53   4965123  2594188   1.2804       28576.6
    57   5794595  2162522   1.2822       27780.1
    50   4218803  1289869   1.2872       22978.1
    43   2546378  4367096   1.2745       22532.9
    44   3229301  724285    1.2976       20484.7
    47   3809957  2279927   1.2776       18868.0
    top-10: 65.7% of mass, 82.6% of excess-loss
Epoch 194: loss=1.268993  (62.56 sec, 65 subtrees, 730 chunks, 34620750 nodes)
  residual top-10 (subtree_mass × max(avg_loss − 1.269, 0)):
    rc   rootID   mass      avg_loss     score 
    1    138709   8244278   1.2869       147853.4
    46   3463254  2317775   1.2915       52066.3
    58   6141841  3228512   1.2825       43540.0
    39   1660971  2741100   1.2843       42070.2
    53   4965123  2594188   1.2802       28958.9
    57   5794595  2162522   1.2821       28394.3
    50   4218803  1289869   1.2868       23016.2
    44   3229301  724285    1.2968       20128.9
    43   2546378  4367096   1.2733       18997.1
    47   3809957  2279927   1.2768       17911.2
    top-10: 65.7% of mass, 82.8% of excess-loss
Epoch 195: loss=1.268582  (62.57 sec, 65 subtrees, 730 chunks, 34620756 nodes)
  residual top-10 (subtree_mass × max(avg_loss − 1.269, 0)):
    rc   rootID   mass      avg_loss     score 
    1    138709   8244278   1.2872       153626.8
    46   3463254  2317775   1.2907       51201.3
    58   6141841  3228512   1.2824       44466.1
    39   1660971  2741100   1.2832       40151.4
    53   4965123  2594188   1.2799       29231.7
    57   5794595  2162522   1.2820       28959.1
    50   4218803  1289869   1.2865       23096.5
    44   3229301  724285    1.2958       19702.8
    47   3809957  2279927   1.2761       17075.0
    43   2546378  4367096   1.2723       16112.2
    top-10: 65.7% of mass, 83.0% of excess-loss
Epoch 196: loss=1.268242  (62.60 sec, 65 subtrees, 730 chunks, 34620761 nodes)
  residual top-10 (subtree_mass × max(avg_loss − 1.268, 0)):
    rc   rootID   mass      avg_loss     score 
    1    138709   8244278   1.2874       157850.8
    46   3463254  2317775   1.2900       50321.6
    58   6141841  3228512   1.2822       45163.1
    39   1660971  2741100   1.2825       39093.9
    53   4965123  2594188   1.2796       29442.5
    57   5794595  2162522   1.2818       29322.8
    50   4218803  1289869   1.2861       23053.5
    44   3229301  724285    1.2950       19348.2
    47   3809957  2279927   1.2754       16380.9
    43   2546378  4367096   1.2715       14173.0
    top-10: 65.7% of mass, 83.2% of excess-loss
Epoch 197: loss=1.267966  (62.59 sec, 65 subtrees, 730 chunks, 34620749 nodes)
  residual top-10 (subtree_mass × max(avg_loss − 1.268, 0)):
    rc   rootID   mass      avg_loss     score 
    1    138709   8244278   1.2874       160485.2
    46   3463254  2317775   1.2895       50007.1
    58   6141841  3228512   1.2821       45475.1
    39   1660971  2741100   1.2821       38637.0
    53   4965123  2594188   1.2793       29456.8
    57   5794595  2162522   1.2815       29189.4
    50   4218803  1289869   1.2858       23060.9
    44   3229301  724285    1.2945       19191.6
    47   3809957  2279927   1.2749       15842.8
    56   5475765  1903021   1.2755       14301.0
    top-10: 60.3% of mass, 83.6% of excess-loss
Epoch 198: loss=1.267801  (62.55 sec, 65 subtrees, 730 chunks, 34620762 nodes)
  residual top-10 (subtree_mass × max(avg_loss − 1.268, 0)):
    rc   rootID   mass      avg_loss     score 
    1    138709   8244278   1.2875       162314.3
    46   3463254  2317775   1.2893       49770.5
    58   6141841  3228512   1.2820       45755.5
    39   1660971  2741100   1.2818       38302.9
    53   4965123  2594188   1.2792       29466.3
    57   5794595  2162522   1.2814       29413.8
    50   4218803  1289869   1.2856       22944.0
    44   3229301  724285    1.2941       19035.8
    47   3809957  2279927   1.2746       15557.0
    56   5475765  1903021   1.2754       14395.4
    top-10: 60.3% of mass, 83.9% of excess-loss
Epoch 199: loss=1.267680  (62.56 sec, 65 subtrees, 730 chunks, 34620749 nodes)
  residual top-10 (subtree_mass × max(avg_loss − 1.268, 0)):
    rc   rootID   mass      avg_loss     score 
    1    138709   8244278   1.2874       162947.6
    46   3463254  2317775   1.2891       49663.1
    58   6141841  3228512   1.2818       45664.5
    39   1660971  2741100   1.2816       38159.3
    53   4965123  2594188   1.2791       29625.7
    57   5794595  2162522   1.2813       29529.3
    50   4218803  1289869   1.2856       23069.3
    44   3229301  724285    1.2938       18941.6
    47   3809957  2279927   1.2744       15422.4
    56   5475765  1903021   1.2753       14490.2
    top-10: 60.3% of mass, 84.0% of excess-loss
Epoch 200: loss=1.267642  (62.58 sec, 65 subtrees, 730 chunks, 34620751 nodes)
  residual top-10 (subtree_mass × max(avg_loss − 1.268, 0)):
    rc   rootID   mass      avg_loss     score 
    1    138709   8244278   1.2875       163448.3
    46   3463254  2317775   1.2890       49476.2
    58   6141841  3228512   1.2818       45834.5
    39   1660971  2741100   1.2816       38219.3
    53   4965123  2594188   1.2790       29530.9
    57   5794595  2162522   1.2812       29335.6
    50   4218803  1289869   1.2855       23053.6
    44   3229301  724285    1.2938       18972.9
    47   3809957  2279927   1.2743       15272.5
    56   5475765  1903021   1.2753       14533.3
    top-10: 60.3% of mass, 84.0% of excess-loss
Saved to /tmp/gut_l8_d128_200se/depth_s3/trained.model
Done.
  Appended optimizer state to /tmp/gut_l8_d128_200se/depth_s3/trained.model (adam_t=13000)
