AGPT CUDA Trainer V2
  mode: train-growth
  model: d=64 heads=4 layers=2 ff=256 vocab=65 seq=124 head_dim=16
  corpus: rnd/cudax-d124-probe/20260528T081405-d124-d64l2-static25/train_corpus.txt tokens=1059624 full_starts=1059623
  growth: stages=1 epochs_per_stage=25 min_epochs=25 epoch_schedule=fixed scheduled_epochs=25 optimizer=rmsprop schedule=warmup-cosine materializer=incremental-radix estimated_total_unit_steps=1625
  growth-frontiers: source=generated-divisions divisions=1 train_frac=1.000000 final_frontier=1059623
  config: lr=0.003000 warmup_epochs=0 partition_depth=1 chunk_queries=50000 anc_grad=true
  rope-position: mode=depth
  growth-stage 1/1: frontier_starts=1059623 ingested_starts=1059623 radix_nodes=1584865 edge_chars=123189067 counts=2644418 flat_counts=5353351
  train-growth-stage: epochs=25 units=65 optimizer=rmsprop radix_nodes=1584865 edge_chars=123189067
    stage-epoch 1/25
      unit 1/65 rc=17 chunks=86 trained_queries=4283062 trained_events=4670471 mean_loss=4.595110 lr=0.003 step=stateful RMSProp step applied
      unit 2/65 rc=6 chunks=374 trained_queries=18661859 trained_events=20055906 mean_loss=4.404442 lr=0.003 step=stateful RMSProp step applied
      unit 3/65 rc=597 chunks=5 trained_queries=234506 trained_events=249488 mean_loss=6.385516 lr=0.00299999 step=stateful RMSProp step applied
      unit 4/65 rc=1027293 chunks=1 trained_queries=124 trained_events=124 mean_loss=5.808428 lr=0.00299997 step=stateful RMSProp step applied
      unit 5/65 rc=111938 chunks=1 trained_queries=365 trained_events=372 mean_loss=5.507140 lr=0.00299996 step=stateful RMSProp step applied
      unit 6/65 rc=384 chunks=14 trained_queries=689527 trained_events=729120 mean_loss=4.962802 lr=0.00299993 step=stateful RMSProp step applied
      unit 7/65 rc=54 chunks=44 trained_queries=2182526 trained_events=2339320 mean_loss=4.160761 lr=0.0029999 step=stateful RMSProp step applied
      unit 8/65 rc=2093 chunks=5 trained_queries=212409 trained_events=221836 mean_loss=3.873456 lr=0.00299986 step=stateful RMSProp step applied
      unit 9/65 rc=74 chunks=17 trained_queries=824408 trained_events=916249 mean_loss=3.666459 lr=0.00299982 step=stateful RMSProp step applied
      unit 10/65 rc=882313 chunks=1 trained_queries=2708 trained_events=3348 mean_loss=3.683548 lr=0.00299977 step=stateful RMSProp step applied
      unit 11/65 rc=16 chunks=23 trained_queries=1118787 trained_events=1200145 mean_loss=3.560598 lr=0.00299972 step=stateful RMSProp step applied
      unit 12/65 rc=556 chunks=9 trained_queries=402908 trained_events=427924 mean_loss=3.253465 lr=0.00299966 step=stateful RMSProp step applied
      unit 13/65 rc=213 chunks=6 trained_queries=265773 trained_events=288300 mean_loss=3.305179 lr=0.0029996 step=stateful RMSProp step applied
      unit 14/65 rc=78 chunks=17 trained_queries=834115 trained_events=894861 mean_loss=3.237306 lr=0.00299953 step=stateful RMSProp step applied
      unit 15/65 rc=18 chunks=6 trained_queries=296769 trained_events=319176 mean_loss=3.223140 lr=0.00299945 step=stateful RMSProp step applied
      unit 16/65 rc=7 chunks=9 trained_queries=416424 trained_events=452848 mean_loss=3.138248 lr=0.00299937 step=stateful RMSProp step applied
      unit 17/65 rc=6318 chunks=5 trained_queries=224634 trained_events=244528 mean_loss=3.133469 lr=0.00299928 step=stateful RMSProp step applied
      unit 18/65 rc=3129 chunks=14 trained_queries=656402 trained_events=713248 mean_loss=3.159858 lr=0.00299919 step=stateful RMSProp step applied
      unit 19/65 rc=1 chunks=4 trained_queries=199346 trained_events=215884 mean_loss=3.130614 lr=0.00299909 step=stateful RMSProp step applied
      unit 20/65 rc=14974 chunks=6 trained_queries=263799 trained_events=288300 mean_loss=3.057219 lr=0.00299899 step=stateful RMSProp step applied
      unit 21/65 rc=3051 chunks=7 trained_queries=331867 trained_events=358236 mean_loss=3.001738 lr=0.00299888 step=stateful RMSProp step applied
      unit 22/65 rc=506 chunks=26 trained_queries=1281767 trained_events=1382126 mean_loss=2.963796 lr=0.00299876 step=stateful RMSProp step applied
      unit 23/65 rc=14596 chunks=1 trained_queries=36794 trained_events=39556 mean_loss=2.958420 lr=0.00299864 step=stateful RMSProp step applied
      unit 24/65 rc=62437 chunks=4 trained_queries=171115 trained_events=191208 mean_loss=2.997456 lr=0.00299852 step=stateful RMSProp step applied
      unit 25/65 rc=425 chunks=9 trained_queries=424575 trained_events=458428 mean_loss=2.958943 lr=0.00299839 step=stateful RMSProp step applied
      unit 26/65 rc=314 chunks=7 trained_queries=314647 trained_events=338892 mean_loss=2.951754 lr=0.00299825 step=stateful RMSProp step applied
      unit 27/65 rc=531 chunks=11 trained_queries=528936 trained_events=574692 mean_loss=2.940043 lr=0.00299811 step=stateful RMSProp step applied
      unit 28/65 rc=620 chunks=12 trained_queries=567606 trained_events=609782 mean_loss=2.920753 lr=0.00299796 step=stateful RMSProp step applied
      unit 29/65 rc=8062 chunks=4 trained_queries=160626 trained_events=173228 mean_loss=2.946172 lr=0.0029978 step=stateful RMSProp step applied
      unit 30/65 rc=97778 chunks=1 trained_queries=24821 trained_events=28644 mean_loss=2.959293 lr=0.00299764 step=stateful RMSProp step applied
      unit 31/65 rc=226 chunks=11 trained_queries=522108 trained_events=564898 mean_loss=3.004767 lr=0.00299748 step=stateful RMSProp step applied
      unit 32/65 rc=85 chunks=10 trained_queries=488847 trained_events=525016 mean_loss=2.918937 lr=0.00299731 step=stateful RMSProp step applied
      unit 33/65 rc=2725 chunks=16 trained_queries=754625 trained_events=807195 mean_loss=2.869584 lr=0.00299713 step=stateful RMSProp step applied
      unit 34/65 rc=3135 chunks=8 trained_queries=366260 trained_events=400520 mean_loss=2.868835 lr=0.00299695 step=stateful RMSProp step applied
      unit 35/65 rc=1739 chunks=2 trained_queries=87562 trained_events=94736 mean_loss=2.856153 lr=0.00299676 step=stateful RMSProp step applied
      unit 36/65 rc=373 chunks=8 trained_queries=386604 trained_events=414982 mean_loss=2.847735 lr=0.00299657 step=stateful RMSProp step applied
      unit 37/65 rc=452305 chunks=1 trained_queries=13040 trained_events=13888 mean_loss=2.818187 lr=0.00299637 step=stateful RMSProp step applied
      unit 38/65 rc=141 chunks=4 trained_queries=195453 trained_events=209808 mean_loss=2.834172 lr=0.00299616 step=stateful RMSProp step applied
      unit 39/65 rc=260398 chunks=1 trained_queries=18549 trained_events=19964 mean_loss=2.804205 lr=0.00299595 step=stateful RMSProp step applied
      unit 40/65 rc=41 chunks=124 trained_queries=6163183 trained_events=6532996 mean_loss=2.832765 lr=0.00299574 step=stateful RMSProp step applied
      unit 41/65 rc=569 chunks=26 trained_queries=1259071 trained_events=1333052 mean_loss=2.805536 lr=0.00299552 step=stateful RMSProp step applied
      unit 42/65 rc=36 chunks=35 trained_queries=1745157 trained_events=1848439 mean_loss=2.802253 lr=0.00299529 step=stateful RMSProp step applied
      unit 43/65 rc=39 chunks=70 trained_queries=3489609 trained_events=3701941 mean_loss=2.790103 lr=0.00299506 step=stateful RMSProp step applied
      unit 44/65 rc=14 chunks=211 trained_queries=10509349 trained_events=11170444 mean_loss=2.794974 lr=0.00299482 step=stateful RMSProp step applied
      unit 45/65 rc=21 chunks=36 trained_queries=1758042 trained_events=1864623 mean_loss=2.818635 lr=0.00299458 step=stateful RMSProp step applied
      unit 46/65 rc=550 chunks=30 trained_queries=1491599 trained_events=1575272 mean_loss=2.790134 lr=0.00299433 step=stateful RMSProp step applied
      unit 47/65 rc=51 chunks=114 trained_queries=5673809 trained_events=6048192 mean_loss=2.777327 lr=0.00299407 step=stateful RMSProp step applied
      unit 48/65 rc=2 chunks=102 trained_queries=5051998 trained_events=5357586 mean_loss=2.776624 lr=0.00299381 step=stateful RMSProp step applied
      unit 49/65 rc=1069 chunks=2 trained_queries=71644 trained_events=75516 mean_loss=2.773189 lr=0.00299355 step=stateful RMSProp step applied
      unit 50/65 rc=73 chunks=16 trained_queries=790720 trained_events=835488 mean_loss=2.750185 lr=0.00299327 step=stateful RMSProp step applied
      unit 51/65 rc=79 chunks=75 trained_queries=3736786 trained_events=3953843 mean_loss=2.740072 lr=0.002993 step=stateful RMSProp step applied
      unit 52/65 rc=63 chunks=50 trained_queries=2471897 trained_events=2621838 mean_loss=2.747425 lr=0.00299271 step=stateful RMSProp step applied
      unit 53/65 rc=15 chunks=108 trained_queries=5390515 trained_events=5717589 mean_loss=2.731431 lr=0.00299243 step=stateful RMSProp step applied
      unit 54/65 rc=22 chunks=147 trained_queries=7317596 trained_events=7770966 mean_loss=2.722863 lr=0.00299213 step=stateful RMSProp step applied
      unit 55/65 rc=32 chunks=25 trained_queries=1208977 trained_events=1277820 mean_loss=2.718166 lr=0.00299183 step=stateful RMSProp step applied
      unit 56/65 rc=8446 chunks=2 trained_queries=69102 trained_events=73284 mean_loss=2.718808 lr=0.00299153 step=stateful RMSProp step applied
      unit 57/65 rc=3 chunks=110 trained_queries=5457031 trained_events=5779345 mean_loss=2.716467 lr=0.00299122 step=stateful RMSProp step applied
      unit 58/65 rc=4 chunks=111 trained_queries=5516836 trained_events=5854709 mean_loss=2.710234 lr=0.0029909 step=stateful RMSProp step applied
      unit 59/65 rc=5 chunks=149 trained_queries=7411233 trained_events=7899836 mean_loss=2.697772 lr=0.00299058 step=stateful RMSProp step applied
      unit 60/65 rc=48 chunks=60 trained_queries=2973228 trained_events=3145342 mean_loss=2.693129 lr=0.00299025 step=stateful RMSProp step applied
      unit 61/65 rc=164 chunks=18 trained_queries=871265 trained_events=922669 mean_loss=2.692477 lr=0.00298992 step=stateful RMSProp step applied
      unit 62/65 rc=28 chunks=39 trained_queries=1945234 trained_events=2065842 mean_loss=2.683398 lr=0.00298958 step=stateful RMSProp step applied
      unit 63/65 rc=9786 chunks=2 trained_queries=59517 trained_events=62372 mean_loss=2.715786 lr=0.00298924 step=stateful RMSProp step applied
      unit 64/65 rc=44 chunks=46 trained_queries=2269131 trained_events=2417215 mean_loss=2.682970 lr=0.00298889 step=stateful RMSProp step applied
      unit 65/65 rc=13 chunks=1 trained_queries=40285 trained_events=42160 mean_loss=2.696515 lr=0.00298853 step=stateful RMSProp step applied
    stage-epoch 1 summary trained_queries=123189067 trained_events=131385626 mean_loss=3.151633
    stage-epoch 2/25
      unit 1/65 rc=17 chunks=86 trained_queries=4283062 trained_events=4670471 mean_loss=2.685059 lr=0.00298817 step=stateful RMSProp step applied
      unit 2/65 rc=6 chunks=374 trained_queries=18661859 trained_events=20055906 mean_loss=2.669817 lr=0.00298781 step=stateful RMSProp step applied
      unit 3/65 rc=597 chunks=5 trained_queries=234506 trained_events=249488 mean_loss=2.653122 lr=0.00298743 step=stateful RMSProp step applied
      unit 4/65 rc=1027293 chunks=1 trained_queries=124 trained_events=124 mean_loss=2.560276 lr=0.00298706 step=stateful RMSProp step applied
      unit 5/65 rc=111938 chunks=1 trained_queries=365 trained_events=372 mean_loss=3.240344 lr=0.00298667 step=stateful RMSProp step applied
      unit 6/65 rc=384 chunks=14 trained_queries=689527 trained_events=729120 mean_loss=2.958479 lr=0.00298629 step=stateful RMSProp step applied
      unit 7/65 rc=54 chunks=44 trained_queries=2182526 trained_events=2339320 mean_loss=2.762670 lr=0.00298589 step=stateful RMSProp step applied
      unit 8/65 rc=2093 chunks=5 trained_queries=212409 trained_events=221836 mean_loss=2.741529 lr=0.00298549 step=stateful RMSProp step applied
      unit 9/65 rc=74 chunks=17 trained_queries=824408 trained_events=916249 mean_loss=2.666892 lr=0.00298509 step=stateful RMSProp step applied
      unit 10/65 rc=882313 chunks=1 trained_queries=2708 trained_events=3348 mean_loss=2.889577 lr=0.00298468 step=stateful RMSProp step applied
      unit 11/65 rc=16 chunks=23 trained_queries=1118787 trained_events=1200145 mean_loss=2.747823 lr=0.00298426 step=stateful RMSProp step applied
      unit 12/65 rc=556 chunks=9 trained_queries=402908 trained_events=427924 mean_loss=2.678833 lr=0.00298384 step=stateful RMSProp step applied
      unit 13/65 rc=213 chunks=6 trained_queries=265773 trained_events=288300 mean_loss=2.652822 lr=0.00298341 step=stateful RMSProp step applied
      unit 14/65 rc=78 chunks=17 trained_queries=834115 trained_events=894861 mean_loss=2.633977 lr=0.00298298 step=stateful RMSProp step applied
      unit 15/65 rc=18 chunks=6 trained_queries=296769 trained_events=319176 mean_loss=2.631066 lr=0.00298254 step=stateful RMSProp step applied
      unit 16/65 rc=7 chunks=9 trained_queries=416424 trained_events=452848 mean_loss=2.622356 lr=0.0029821 step=stateful RMSProp step applied
      unit 17/65 rc=6318 chunks=5 trained_queries=224634 trained_events=244528 mean_loss=2.612028 lr=0.00298165 step=stateful RMSProp step applied
      unit 18/65 rc=3129 chunks=14 trained_queries=656402 trained_events=713248 mean_loss=2.587144 lr=0.00298119 step=stateful RMSProp step applied
      unit 19/65 rc=1 chunks=4 trained_queries=199346 trained_events=215884 mean_loss=2.607480 lr=0.00298073 step=stateful RMSProp step applied
      unit 20/65 rc=14974 chunks=6 trained_queries=263799 trained_events=288300 mean_loss=2.601465 lr=0.00298026 step=stateful RMSProp step applied
      unit 21/65 rc=3051 chunks=7 trained_queries=331867 trained_events=358236 mean_loss=2.591106 lr=0.00297979 step=stateful RMSProp step applied
      unit 22/65 rc=506 chunks=26 trained_queries=1281767 trained_events=1382126 mean_loss=2.596466 lr=0.00297932 step=stateful RMSProp step applied
      unit 23/65 rc=14596 chunks=1 trained_queries=36794 trained_events=39556 mean_loss=2.612652 lr=0.00297883 step=stateful RMSProp step applied
      unit 24/65 rc=62437 chunks=4 trained_queries=171115 trained_events=191208 mean_loss=2.621319 lr=0.00297834 step=stateful RMSProp step applied
      unit 25/65 rc=425 chunks=9 trained_queries=424575 trained_events=458428 mean_loss=2.615854 lr=0.00297785 step=stateful RMSProp step applied
      unit 26/65 rc=314 chunks=7 trained_queries=314647 trained_events=338892 mean_loss=2.598023 lr=0.00297735 step=stateful RMSProp step applied
      unit 27/65 rc=531 chunks=11 trained_queries=528936 trained_events=574692 mean_loss=2.567361 lr=0.00297685 step=stateful RMSProp step applied
      unit 28/65 rc=620 chunks=12 trained_queries=567606 trained_events=609782 mean_loss=2.571244 lr=0.00297634 step=stateful RMSProp step applied
      unit 29/65 rc=8062 chunks=4 trained_queries=160626 trained_events=173228 mean_loss=2.582607 lr=0.00297582 step=stateful RMSProp step applied
      unit 30/65 rc=97778 chunks=1 trained_queries=24821 trained_events=28644 mean_loss=2.534881 lr=0.0029753 step=stateful RMSProp step applied
      unit 31/65 rc=226 chunks=11 trained_queries=522108 trained_events=564898 mean_loss=2.568503 lr=0.00297477 step=stateful RMSProp step applied
      unit 32/65 rc=85 chunks=10 trained_queries=488847 trained_events=525016 mean_loss=2.559167 lr=0.00297424 step=stateful RMSProp step applied
      unit 33/65 rc=2725 chunks=16 trained_queries=754625 trained_events=807195 mean_loss=2.549243 lr=0.0029737 step=stateful RMSProp step applied
      unit 34/65 rc=3135 chunks=8 trained_queries=366260 trained_events=400520 mean_loss=2.523011 lr=0.00297316 step=stateful RMSProp step applied
      unit 35/65 rc=1739 chunks=2 trained_queries=87562 trained_events=94736 mean_loss=2.529947 lr=0.00297261 step=stateful RMSProp step applied
      unit 36/65 rc=373 chunks=8 trained_queries=386604 trained_events=414982 mean_loss=2.529405 lr=0.00297206 step=stateful RMSProp step applied
      unit 37/65 rc=452305 chunks=1 trained_queries=13040 trained_events=13888 mean_loss=2.501710 lr=0.0029715 step=stateful RMSProp step applied
      unit 38/65 rc=141 chunks=4 trained_queries=195453 trained_events=209808 mean_loss=2.608648 lr=0.00297093 step=stateful RMSProp step applied
      unit 39/65 rc=260398 chunks=1 trained_queries=18549 trained_events=19964 mean_loss=2.509252 lr=0.00297036 step=stateful RMSProp step applied
      unit 40/65 rc=41 chunks=124 trained_queries=6163183 trained_events=6532996 mean_loss=2.557950 lr=0.00296978 step=stateful RMSProp step applied
      unit 41/65 rc=569 chunks=26 trained_queries=1259071 trained_events=1333052 mean_loss=2.523659 lr=0.0029692 step=stateful RMSProp step applied
      unit 42/65 rc=36 chunks=35 trained_queries=1745157 trained_events=1848439 mean_loss=2.520044 lr=0.00296861 step=stateful RMSProp step applied
      unit 43/65 rc=39 chunks=70 trained_queries=3489609 trained_events=3701941 mean_loss=2.489447 lr=0.00296802 step=stateful RMSProp step applied
      unit 44/65 rc=14 chunks=211 trained_queries=10509349 trained_events=11170444 mean_loss=2.484234 lr=0.00296742 step=stateful RMSProp step applied
      unit 45/65 rc=21 chunks=36 trained_queries=1758042 trained_events=1864623 mean_loss=2.471027 lr=0.00296682 step=stateful RMSProp step applied
      unit 46/65 rc=550 chunks=30 trained_queries=1491599 trained_events=1575272 mean_loss=2.459551 lr=0.00296621 step=stateful RMSProp step applied
      unit 47/65 rc=51 chunks=114 trained_queries=5673809 trained_events=6048192 mean_loss=2.447530 lr=0.00296559 step=stateful RMSProp step applied
      unit 48/65 rc=2 chunks=102 trained_queries=5051998 trained_events=5357586 mean_loss=2.448601 lr=0.00296497 step=stateful RMSProp step applied
      unit 49/65 rc=1069 chunks=2 trained_queries=71644 trained_events=75516 mean_loss=2.442102 lr=0.00296435 step=stateful RMSProp step applied
      unit 50/65 rc=73 chunks=16 trained_queries=790720 trained_events=835488 mean_loss=2.450529 lr=0.00296372 step=stateful RMSProp step applied
      unit 51/65 rc=79 chunks=75 trained_queries=3736786 trained_events=3953843 mean_loss=2.455955 lr=0.00296308 step=stateful RMSProp step applied
      unit 52/65 rc=63 chunks=50 trained_queries=2471897 trained_events=2621838 mean_loss=2.491488 lr=0.00296244 step=stateful RMSProp step applied
      unit 53/65 rc=15 chunks=108 trained_queries=5390515 trained_events=5717589 mean_loss=2.495365 lr=0.00296179 step=stateful RMSProp step applied
      unit 54/65 rc=22 chunks=147 trained_queries=7317596 trained_events=7770966 mean_loss=2.486289 lr=0.00296114 step=stateful RMSProp step applied
      unit 55/65 rc=32 chunks=25 trained_queries=1208977 trained_events=1277820 mean_loss=2.497970 lr=0.00296048 step=stateful RMSProp step applied
      unit 56/65 rc=8446 chunks=2 trained_queries=69102 trained_events=73284 mean_loss=2.469157 lr=0.00295981 step=stateful RMSProp step applied
      unit 57/65 rc=3 chunks=110 trained_queries=5457031 trained_events=5779345 mean_loss=2.471855 lr=0.00295915 step=stateful RMSProp step applied
      unit 58/65 rc=4 chunks=111 trained_queries=5516836 trained_events=5854709 mean_loss=2.448894 lr=0.00295847 step=stateful RMSProp step applied
      unit 59/65 rc=5 chunks=149 trained_queries=7411233 trained_events=7899836 mean_loss=2.424554 lr=0.00295779 step=stateful RMSProp step applied
      unit 60/65 rc=48 chunks=60 trained_queries=2973228 trained_events=3145342 mean_loss=2.419882 lr=0.0029571 step=stateful RMSProp step applied
      unit 61/65 rc=164 chunks=18 trained_queries=871265 trained_events=922669 mean_loss=2.406710 lr=0.00295641 step=stateful RMSProp step applied
      unit 62/65 rc=28 chunks=39 trained_queries=1945234 trained_events=2065842 mean_loss=2.415748 lr=0.00295572 step=stateful RMSProp step applied
      unit 63/65 rc=9786 chunks=2 trained_queries=59517 trained_events=62372 mean_loss=2.427464 lr=0.00295501 step=stateful RMSProp step applied
      unit 64/65 rc=44 chunks=46 trained_queries=2269131 trained_events=2417215 mean_loss=2.412863 lr=0.00295431 step=stateful RMSProp step applied
      unit 65/65 rc=13 chunks=1 trained_queries=40285 trained_events=42160 mean_loss=2.449765 lr=0.00295359 step=stateful RMSProp step applied
    stage-epoch 2 summary trained_queries=123189067 trained_events=131385626 mean_loss=2.531439
    stage-epoch 3/25
      unit 1/65 rc=17 chunks=86 trained_queries=4283062 trained_events=4670471 mean_loss=2.429492 lr=0.00295287 step=stateful RMSProp step applied
      unit 2/65 rc=6 chunks=374 trained_queries=18661859 trained_events=20055906 mean_loss=2.444242 lr=0.00295215 step=stateful RMSProp step applied
      unit 3/65 rc=597 chunks=5 trained_queries=234506 trained_events=249488 mean_loss=2.462054 lr=0.00295142 step=stateful RMSProp step applied
      unit 4/65 rc=1027293 chunks=1 trained_queries=124 trained_events=124 mean_loss=2.255662 lr=0.00295069 step=stateful RMSProp step applied
      unit 5/65 rc=111938 chunks=1 trained_queries=365 trained_events=372 mean_loss=3.015758 lr=0.00294995 step=stateful RMSProp step applied
      unit 6/65 rc=384 chunks=14 trained_queries=689527 trained_events=729120 mean_loss=2.764603 lr=0.0029492 step=stateful RMSProp step applied
      unit 7/65 rc=54 chunks=44 trained_queries=2182526 trained_events=2339320 mean_loss=2.536967 lr=0.00294845 step=stateful RMSProp step applied
      unit 8/65 rc=2093 chunks=5 trained_queries=212409 trained_events=221836 mean_loss=2.513892 lr=0.00294769 step=stateful RMSProp step applied
      unit 9/65 rc=74 chunks=17 trained_queries=824408 trained_events=916249 mean_loss=2.429759 lr=0.00294693 step=stateful RMSProp step applied
      unit 10/65 rc=882313 chunks=1 trained_queries=2708 trained_events=3348 mean_loss=2.499706 lr=0.00294616 step=stateful RMSProp step applied
      unit 11/65 rc=16 chunks=23 trained_queries=1118787 trained_events=1200145 mean_loss=2.530467 lr=0.00294539 step=stateful RMSProp step applied
      unit 12/65 rc=556 chunks=9 trained_queries=402908 trained_events=427924 mean_loss=2.443604 lr=0.00294461 step=stateful RMSProp step applied
      unit 13/65 rc=213 chunks=6 trained_queries=265773 trained_events=288300 mean_loss=2.434094 lr=0.00294383 step=stateful RMSProp step applied
      unit 14/65 rc=78 chunks=17 trained_queries=834115 trained_events=894861 mean_loss=2.412591 lr=0.00294304 step=stateful RMSProp step applied
      unit 15/65 rc=18 chunks=6 trained_queries=296769 trained_events=319176 mean_loss=2.420965 lr=0.00294225 step=stateful RMSProp step applied
      unit 16/65 rc=7 chunks=9 trained_queries=416424 trained_events=452848 mean_loss=2.399722 lr=0.00294145 step=stateful RMSProp step applied
      unit 17/65 rc=6318 chunks=5 trained_queries=224634 trained_events=244528 mean_loss=2.399636 lr=0.00294064 step=stateful RMSProp step applied
      unit 18/65 rc=3129 chunks=14 trained_queries=656402 trained_events=713248 mean_loss=2.366320 lr=0.00293983 step=stateful RMSProp step applied
      unit 19/65 rc=1 chunks=4 trained_queries=199346 trained_events=215884 mean_loss=2.405951 lr=0.00293902 step=stateful RMSProp step applied
      unit 20/65 rc=14974 chunks=6 trained_queries=263799 trained_events=288300 mean_loss=2.375617 lr=0.0029382 step=stateful RMSProp step applied
      unit 21/65 rc=3051 chunks=7 trained_queries=331867 trained_events=358236 mean_loss=2.376468 lr=0.00293737 step=stateful RMSProp step applied
      unit 22/65 rc=506 chunks=26 trained_queries=1281767 trained_events=1382126 mean_loss=2.379282 lr=0.00293654 step=stateful RMSProp step applied
      unit 23/65 rc=14596 chunks=1 trained_queries=36794 trained_events=39556 mean_loss=2.392554 lr=0.0029357 step=stateful RMSProp step applied
      unit 24/65 rc=62437 chunks=4 trained_queries=171115 trained_events=191208 mean_loss=2.344163 lr=0.00293486 step=stateful RMSProp step applied
      unit 25/65 rc=425 chunks=9 trained_queries=424575 trained_events=458428 mean_loss=2.407380 lr=0.00293401 step=stateful RMSProp step applied
      unit 26/65 rc=314 chunks=7 trained_queries=314647 trained_events=338892 mean_loss=2.421637 lr=0.00293316 step=stateful RMSProp step applied
      unit 27/65 rc=531 chunks=11 trained_queries=528936 trained_events=574692 mean_loss=2.358843 lr=0.0029323 step=stateful RMSProp step applied
      unit 28/65 rc=620 chunks=12 trained_queries=567606 trained_events=609782 mean_loss=2.376861 lr=0.00293143 step=stateful RMSProp step applied
      unit 29/65 rc=8062 chunks=4 trained_queries=160626 trained_events=173228 mean_loss=2.397053 lr=0.00293056 step=stateful RMSProp step applied
      unit 30/65 rc=97778 chunks=1 trained_queries=24821 trained_events=28644 mean_loss=2.307582 lr=0.00292969 step=stateful RMSProp step applied
      unit 31/65 rc=226 chunks=11 trained_queries=522108 trained_events=564898 mean_loss=2.403062 lr=0.00292881 step=stateful RMSProp step applied
      unit 32/65 rc=85 chunks=10 trained_queries=488847 trained_events=525016 mean_loss=2.390593 lr=0.00292792 step=stateful RMSProp step applied
      unit 33/65 rc=2725 chunks=16 trained_queries=754625 trained_events=807195 mean_loss=2.372088 lr=0.00292703 step=stateful RMSProp step applied
      unit 34/65 rc=3135 chunks=8 trained_queries=366260 trained_events=400520 mean_loss=2.330216 lr=0.00292614 step=stateful RMSProp step applied
      unit 35/65 rc=1739 chunks=2 trained_queries=87562 trained_events=94736 mean_loss=2.339421 lr=0.00292523 step=stateful RMSProp step applied
      unit 36/65 rc=373 chunks=8 trained_queries=386604 trained_events=414982 mean_loss=2.359613 lr=0.00292433 step=stateful RMSProp step applied
      unit 37/65 rc=452305 chunks=1 trained_queries=13040 trained_events=13888 mean_loss=2.295890 lr=0.00292342 step=stateful RMSProp step applied
      unit 38/65 rc=141 chunks=4 trained_queries=195453 trained_events=209808 mean_loss=2.351166 lr=0.0029225 step=stateful RMSProp step applied
      unit 39/65 rc=260398 chunks=1 trained_queries=18549 trained_events=19964 mean_loss=2.268786 lr=0.00292158 step=stateful RMSProp step applied
      unit 40/65 rc=41 chunks=124 trained_queries=6163183 trained_events=6532996 mean_loss=2.395636 lr=0.00292065 step=stateful RMSProp step applied
      unit 41/65 rc=569 chunks=26 trained_queries=1259071 trained_events=1333052 mean_loss=2.383661 lr=0.00291971 step=stateful RMSProp step applied
      unit 42/65 rc=36 chunks=35 trained_queries=1745157 trained_events=1848439 mean_loss=2.383053 lr=0.00291878 step=stateful RMSProp step applied
      unit 43/65 rc=39 chunks=70 trained_queries=3489609 trained_events=3701941 mean_loss=2.363621 lr=0.00291783 step=stateful RMSProp step applied
      unit 44/65 rc=14 chunks=211 trained_queries=10509349 trained_events=11170444 mean_loss=2.371153 lr=0.00291688 step=stateful RMSProp step applied
      unit 45/65 rc=21 chunks=36 trained_queries=1758042 trained_events=1864623 mean_loss=2.361565 lr=0.00291593 step=stateful RMSProp step applied
      unit 46/65 rc=550 chunks=30 trained_queries=1491599 trained_events=1575272 mean_loss=2.360829 lr=0.00291497 step=stateful RMSProp step applied
      unit 47/65 rc=51 chunks=114 trained_queries=5673809 trained_events=6048192 mean_loss=2.347179 lr=0.002914 step=stateful RMSProp step applied
      unit 48/65 rc=2 chunks=102 trained_queries=5051998 trained_events=5357586 mean_loss=2.353262 lr=0.00291303 step=stateful RMSProp step applied
      unit 49/65 rc=1069 chunks=2 trained_queries=71644 trained_events=75516 mean_loss=2.342069 lr=0.00291206 step=stateful RMSProp step applied
      unit 50/65 rc=73 chunks=16 trained_queries=790720 trained_events=835488 mean_loss=2.344871 lr=0.00291108 step=stateful RMSProp step applied
      unit 51/65 rc=79 chunks=75 trained_queries=3736786 trained_events=3953843 mean_loss=2.352882 lr=0.00291009 step=stateful RMSProp step applied
      unit 52/65 rc=63 chunks=50 trained_queries=2471897 trained_events=2621838 mean_loss=2.346004 lr=0.0029091 step=stateful RMSProp step applied
      unit 53/65 rc=15 chunks=108 trained_queries=5390515 trained_events=5717589 mean_loss=2.342004 lr=0.0029081 step=stateful RMSProp step applied
      unit 54/65 rc=22 chunks=147 trained_queries=7317596 trained_events=7770966 mean_loss=2.339684 lr=0.0029071 step=stateful RMSProp step applied
      unit 55/65 rc=32 chunks=25 trained_queries=1208977 trained_events=1277820 mean_loss=2.343742 lr=0.00290609 step=stateful RMSProp step applied
      unit 56/65 rc=8446 chunks=2 trained_queries=69102 trained_events=73284 mean_loss=2.325705 lr=0.00290508 step=stateful RMSProp step applied
      unit 57/65 rc=3 chunks=110 trained_queries=5457031 trained_events=5779345 mean_loss=2.354352 lr=0.00290406 step=stateful RMSProp step applied
      unit 58/65 rc=4 chunks=111 trained_queries=5516836 trained_events=5854709 mean_loss=2.361421 lr=0.00290304 step=stateful RMSProp step applied
      unit 59/65 rc=5 chunks=149 trained_queries=7411233 trained_events=7899836 mean_loss=2.357637 lr=0.00290201 step=stateful RMSProp step applied
      unit 60/65 rc=48 chunks=60 trained_queries=2973228 trained_events=3145342 mean_loss=2.369493 lr=0.00290098 step=stateful RMSProp step applied
      unit 61/65 rc=164 chunks=18 trained_queries=871265 trained_events=922669 mean_loss=2.342455 lr=0.00289994 step=stateful RMSProp step applied
      unit 62/65 rc=28 chunks=39 trained_queries=1945234 trained_events=2065842 mean_loss=2.343692 lr=0.00289889 step=stateful RMSProp step applied
      unit 63/65 rc=9786 chunks=2 trained_queries=59517 trained_events=62372 mean_loss=2.348801 lr=0.00289784 step=stateful RMSProp step applied
      unit 64/65 rc=44 chunks=46 trained_queries=2269131 trained_events=2417215 mean_loss=2.325239 lr=0.00289679 step=stateful RMSProp step applied
      unit 65/65 rc=13 chunks=1 trained_queries=40285 trained_events=42160 mean_loss=2.337527 lr=0.00289573 step=stateful RMSProp step applied
    stage-epoch 3 summary trained_queries=123189067 trained_events=131385626 mean_loss=2.384094
    stage-epoch 4/25
      unit 1/65 rc=17 chunks=86 trained_queries=4283062 trained_events=4670471 mean_loss=2.322275 lr=0.00289466 step=stateful RMSProp step applied
      unit 2/65 rc=6 chunks=374 trained_queries=18661859 trained_events=20055906 mean_loss=2.325844 lr=0.00289359 step=stateful RMSProp step applied
      unit 3/65 rc=597 chunks=5 trained_queries=234506 trained_events=249488 mean_loss=2.313639 lr=0.00289252 step=stateful RMSProp step applied
      unit 4/65 rc=1027293 chunks=1 trained_queries=124 trained_events=124 mean_loss=2.165292 lr=0.00289144 step=stateful RMSProp step applied
      unit 5/65 rc=111938 chunks=1 trained_queries=365 trained_events=372 mean_loss=2.886342 lr=0.00289035 step=stateful RMSProp step applied
      unit 6/65 rc=384 chunks=14 trained_queries=689527 trained_events=729120 mean_loss=2.795801 lr=0.00288926 step=stateful RMSProp step applied
      unit 7/65 rc=54 chunks=44 trained_queries=2182526 trained_events=2339320 mean_loss=2.700724 lr=0.00288817 step=stateful RMSProp step applied
      unit 8/65 rc=2093 chunks=5 trained_queries=212409 trained_events=221836 mean_loss=2.634303 lr=0.00288706 step=stateful RMSProp step applied
      unit 9/65 rc=74 chunks=17 trained_queries=824408 trained_events=916249 mean_loss=2.465885 lr=0.00288596 step=stateful RMSProp step applied
      unit 10/65 rc=882313 chunks=1 trained_queries=2708 trained_events=3348 mean_loss=2.434408 lr=0.00288485 step=stateful RMSProp step applied
      unit 11/65 rc=16 chunks=23 trained_queries=1118787 trained_events=1200145 mean_loss=2.487772 lr=0.00288373 step=stateful RMSProp step applied
      unit 12/65 rc=556 chunks=9 trained_queries=402908 trained_events=427924 mean_loss=2.411690 lr=0.00288261 step=stateful RMSProp step applied
      unit 13/65 rc=213 chunks=6 trained_queries=265773 trained_events=288300 mean_loss=2.381150 lr=0.00288148 step=stateful RMSProp step applied
      unit 14/65 rc=78 chunks=17 trained_queries=834115 trained_events=894861 mean_loss=2.361886 lr=0.00288035 step=stateful RMSProp step applied
      unit 15/65 rc=18 chunks=6 trained_queries=296769 trained_events=319176 mean_loss=2.364233 lr=0.00287921 step=stateful RMSProp step applied
      unit 16/65 rc=7 chunks=9 trained_queries=416424 trained_events=452848 mean_loss=2.340772 lr=0.00287807 step=stateful RMSProp step applied
      unit 17/65 rc=6318 chunks=5 trained_queries=224634 trained_events=244528 mean_loss=2.337479 lr=0.00287692 step=stateful RMSProp step applied
      unit 18/65 rc=3129 chunks=14 trained_queries=656402 trained_events=713248 mean_loss=2.303578 lr=0.00287577 step=stateful RMSProp step applied
      unit 19/65 rc=1 chunks=4 trained_queries=199346 trained_events=215884 mean_loss=2.345670 lr=0.00287461 step=stateful RMSProp step applied
      unit 20/65 rc=14974 chunks=6 trained_queries=263799 trained_events=288300 mean_loss=2.308862 lr=0.00287345 step=stateful RMSProp step applied
      unit 21/65 rc=3051 chunks=7 trained_queries=331867 trained_events=358236 mean_loss=2.317464 lr=0.00287228 step=stateful RMSProp step applied
      unit 22/65 rc=506 chunks=26 trained_queries=1281767 trained_events=1382126 mean_loss=2.312452 lr=0.0028711 step=stateful RMSProp step applied
      unit 23/65 rc=14596 chunks=1 trained_queries=36794 trained_events=39556 mean_loss=2.328427 lr=0.00286992 step=stateful RMSProp step applied
      unit 24/65 rc=62437 chunks=4 trained_queries=171115 trained_events=191208 mean_loss=2.265926 lr=0.00286874 step=stateful RMSProp step applied
      unit 25/65 rc=425 chunks=9 trained_queries=424575 trained_events=458428 mean_loss=2.308954 lr=0.00286755 step=stateful RMSProp step applied
      unit 26/65 rc=314 chunks=7 trained_queries=314647 trained_events=338892 mean_loss=2.340486 lr=0.00286636 step=stateful RMSProp step applied
      unit 27/65 rc=531 chunks=11 trained_queries=528936 trained_events=574692 mean_loss=2.297320 lr=0.00286516 step=stateful RMSProp step applied
      unit 28/65 rc=620 chunks=12 trained_queries=567606 trained_events=609782 mean_loss=2.324767 lr=0.00286395 step=stateful RMSProp step applied
      unit 29/65 rc=8062 chunks=4 trained_queries=160626 trained_events=173228 mean_loss=2.341433 lr=0.00286275 step=stateful RMSProp step applied
      unit 30/65 rc=97778 chunks=1 trained_queries=24821 trained_events=28644 mean_loss=2.193213 lr=0.00286153 step=stateful RMSProp step applied
      unit 31/65 rc=226 chunks=11 trained_queries=522108 trained_events=564898 mean_loss=2.348236 lr=0.00286031 step=stateful RMSProp step applied
      unit 32/65 rc=85 chunks=10 trained_queries=488847 trained_events=525016 mean_loss=2.335382 lr=0.00285909 step=stateful RMSProp step applied
      unit 33/65 rc=2725 chunks=16 trained_queries=754625 trained_events=807195 mean_loss=2.309435 lr=0.00285786 step=stateful RMSProp step applied
      unit 34/65 rc=3135 chunks=8 trained_queries=366260 trained_events=400520 mean_loss=2.271097 lr=0.00285662 step=stateful RMSProp step applied
      unit 35/65 rc=1739 chunks=2 trained_queries=87562 trained_events=94736 mean_loss=2.288723 lr=0.00285538 step=stateful RMSProp step applied
      unit 36/65 rc=373 chunks=8 trained_queries=386604 trained_events=414982 mean_loss=2.317191 lr=0.00285414 step=stateful RMSProp step applied
      unit 37/65 rc=452305 chunks=1 trained_queries=13040 trained_events=13888 mean_loss=2.250242 lr=0.00285289 step=stateful RMSProp step applied
      unit 38/65 rc=141 chunks=4 trained_queries=195453 trained_events=209808 mean_loss=2.291445 lr=0.00285163 step=stateful RMSProp step applied
      unit 39/65 rc=260398 chunks=1 trained_queries=18549 trained_events=19964 mean_loss=2.186491 lr=0.00285037 step=stateful RMSProp step applied
      unit 40/65 rc=41 chunks=124 trained_queries=6163183 trained_events=6532996 mean_loss=2.354562 lr=0.00284911 step=stateful RMSProp step applied
      unit 41/65 rc=569 chunks=26 trained_queries=1259071 trained_events=1333052 mean_loss=2.321231 lr=0.00284784 step=stateful RMSProp step applied
      unit 42/65 rc=36 chunks=35 trained_queries=1745157 trained_events=1848439 mean_loss=2.332207 lr=0.00284656 step=stateful RMSProp step applied
      unit 43/65 rc=39 chunks=70 trained_queries=3489609 trained_events=3701941 mean_loss=2.306114 lr=0.00284528 step=stateful RMSProp step applied
      unit 44/65 rc=14 chunks=211 trained_queries=10509349 trained_events=11170444 mean_loss=2.310759 lr=0.002844 step=stateful RMSProp step applied
      unit 45/65 rc=21 chunks=36 trained_queries=1758042 trained_events=1864623 mean_loss=2.302380 lr=0.00284271 step=stateful RMSProp step applied
      unit 46/65 rc=550 chunks=30 trained_queries=1491599 trained_events=1575272 mean_loss=2.301978 lr=0.00284141 step=stateful RMSProp step applied
      unit 47/65 rc=51 chunks=114 trained_queries=5673809 trained_events=6048192 mean_loss=2.295427 lr=0.00284011 step=stateful RMSProp step applied
      unit 48/65 rc=2 chunks=102 trained_queries=5051998 trained_events=5357586 mean_loss=2.302249 lr=0.00283881 step=stateful RMSProp step applied
      unit 49/65 rc=1069 chunks=2 trained_queries=71644 trained_events=75516 mean_loss=2.293353 lr=0.0028375 step=stateful RMSProp step applied
      unit 50/65 rc=73 chunks=16 trained_queries=790720 trained_events=835488 mean_loss=2.295558 lr=0.00283618 step=stateful RMSProp step applied
      unit 51/65 rc=79 chunks=75 trained_queries=3736786 trained_events=3953843 mean_loss=2.304816 lr=0.00283486 step=stateful RMSProp step applied
      unit 52/65 rc=63 chunks=50 trained_queries=2471897 trained_events=2621838 mean_loss=2.302495 lr=0.00283353 step=stateful RMSProp step applied
      unit 53/65 rc=15 chunks=108 trained_queries=5390515 trained_events=5717589 mean_loss=2.301669 lr=0.0028322 step=stateful RMSProp step applied
      unit 54/65 rc=22 chunks=147 trained_queries=7317596 trained_events=7770966 mean_loss=2.292786 lr=0.00283087 step=stateful RMSProp step applied
      unit 55/65 rc=32 chunks=25 trained_queries=1208977 trained_events=1277820 mean_loss=2.291407 lr=0.00282953 step=stateful RMSProp step applied
      unit 56/65 rc=8446 chunks=2 trained_queries=69102 trained_events=73284 mean_loss=2.257198 lr=0.00282818 step=stateful RMSProp step applied
      unit 57/65 rc=3 chunks=110 trained_queries=5457031 trained_events=5779345 mean_loss=2.280090 lr=0.00282683 step=stateful RMSProp step applied
      unit 58/65 rc=4 chunks=111 trained_queries=5516836 trained_events=5854709 mean_loss=2.273545 lr=0.00282548 step=stateful RMSProp step applied
      unit 59/65 rc=5 chunks=149 trained_queries=7411233 trained_events=7899836 mean_loss=2.268948 lr=0.00282412 step=stateful RMSProp step applied
      unit 60/65 rc=48 chunks=60 trained_queries=2973228 trained_events=3145342 mean_loss=2.274518 lr=0.00282275 step=stateful RMSProp step applied
      unit 61/65 rc=164 chunks=18 trained_queries=871265 trained_events=922669 mean_loss=2.270794 lr=0.00282138 step=stateful RMSProp step applied
      unit 62/65 rc=28 chunks=39 trained_queries=1945234 trained_events=2065842 mean_loss=2.274357 lr=0.00282001 step=stateful RMSProp step applied
      unit 63/65 rc=9786 chunks=2 trained_queries=59517 trained_events=62372 mean_loss=2.289310 lr=0.00281863 step=stateful RMSProp step applied
      unit 64/65 rc=44 chunks=46 trained_queries=2269131 trained_events=2417215 mean_loss=2.264114 lr=0.00281724 step=stateful RMSProp step applied
      unit 65/65 rc=13 chunks=1 trained_queries=40285 trained_events=42160 mean_loss=2.295753 lr=0.00281585 step=stateful RMSProp step applied
    stage-epoch 4 summary trained_queries=123189067 trained_events=131385626 mean_loss=2.318572
    stage-epoch 5/25
      unit 1/65 rc=17 chunks=86 trained_queries=4283062 trained_events=4670471 mean_loss=2.297833 lr=0.00281446 step=stateful RMSProp step applied
      unit 2/65 rc=6 chunks=374 trained_queries=18661859 trained_events=20055906 mean_loss=2.313278 lr=0.00281306 step=stateful RMSProp step applied
      unit 3/65 rc=597 chunks=5 trained_queries=234506 trained_events=249488 mean_loss=2.287668 lr=0.00281166 step=stateful RMSProp step applied
      unit 4/65 rc=1027293 chunks=1 trained_queries=124 trained_events=124 mean_loss=2.087453 lr=0.00281025 step=stateful RMSProp step applied
      unit 5/65 rc=111938 chunks=1 trained_queries=365 trained_events=372 mean_loss=2.788452 lr=0.00280883 step=stateful RMSProp step applied
      unit 6/65 rc=384 chunks=14 trained_queries=689527 trained_events=729120 mean_loss=2.591968 lr=0.00280741 step=stateful RMSProp step applied
      unit 7/65 rc=54 chunks=44 trained_queries=2182526 trained_events=2339320 mean_loss=2.451021 lr=0.00280599 step=stateful RMSProp step applied
      unit 8/65 rc=2093 chunks=5 trained_queries=212409 trained_events=221836 mean_loss=2.390046 lr=0.00280456 step=stateful RMSProp step applied
      unit 9/65 rc=74 chunks=17 trained_queries=824408 trained_events=916249 mean_loss=2.281692 lr=0.00280313 step=stateful RMSProp step applied
      unit 10/65 rc=882313 chunks=1 trained_queries=2708 trained_events=3348 mean_loss=2.234517 lr=0.00280169 step=stateful RMSProp step applied
      unit 11/65 rc=16 chunks=23 trained_queries=1118787 trained_events=1200145 mean_loss=2.450561 lr=0.00280024 step=stateful RMSProp step applied
      unit 12/65 rc=556 chunks=9 trained_queries=402908 trained_events=427924 mean_loss=2.358716 lr=0.0027988 step=stateful RMSProp step applied
      unit 13/65 rc=213 chunks=6 trained_queries=265773 trained_events=288300 mean_loss=2.332575 lr=0.00279734 step=stateful RMSProp step applied
      unit 14/65 rc=78 chunks=17 trained_queries=834115 trained_events=894861 mean_loss=2.306741 lr=0.00279589 step=stateful RMSProp step applied
      unit 15/65 rc=18 chunks=6 trained_queries=296769 trained_events=319176 mean_loss=2.299193 lr=0.00279442 step=stateful RMSProp step applied
      unit 16/65 rc=7 chunks=9 trained_queries=416424 trained_events=452848 mean_loss=2.274870 lr=0.00279295 step=stateful RMSProp step applied
      unit 17/65 rc=6318 chunks=5 trained_queries=224634 trained_events=244528 mean_loss=2.260867 lr=0.00279148 step=stateful RMSProp step applied
      unit 18/65 rc=3129 chunks=14 trained_queries=656402 trained_events=713248 mean_loss=2.231975 lr=0.00279 step=stateful RMSProp step applied
      unit 19/65 rc=1 chunks=4 trained_queries=199346 trained_events=215884 mean_loss=2.286785 lr=0.00278852 step=stateful RMSProp step applied
      unit 20/65 rc=14974 chunks=6 trained_queries=263799 trained_events=288300 mean_loss=2.236320 lr=0.00278704 step=stateful RMSProp step applied
      unit 21/65 rc=3051 chunks=7 trained_queries=331867 trained_events=358236 mean_loss=2.266423 lr=0.00278554 step=stateful RMSProp step applied
      unit 22/65 rc=506 chunks=26 trained_queries=1281767 trained_events=1382126 mean_loss=2.260280 lr=0.00278405 step=stateful RMSProp step applied
      unit 23/65 rc=14596 chunks=1 trained_queries=36794 trained_events=39556 mean_loss=2.287283 lr=0.00278255 step=stateful RMSProp step applied
      unit 24/65 rc=62437 chunks=4 trained_queries=171115 trained_events=191208 mean_loss=2.207461 lr=0.00278104 step=stateful RMSProp step applied
      unit 25/65 rc=425 chunks=9 trained_queries=424575 trained_events=458428 mean_loss=2.308593 lr=0.00277953 step=stateful RMSProp step applied
      unit 26/65 rc=314 chunks=7 trained_queries=314647 trained_events=338892 mean_loss=2.318378 lr=0.00277801 step=stateful RMSProp step applied
      unit 27/65 rc=531 chunks=11 trained_queries=528936 trained_events=574692 mean_loss=2.250068 lr=0.00277649 step=stateful RMSProp step applied
      unit 28/65 rc=620 chunks=12 trained_queries=567606 trained_events=609782 mean_loss=2.258362 lr=0.00277497 step=stateful RMSProp step applied
      unit 29/65 rc=8062 chunks=4 trained_queries=160626 trained_events=173228 mean_loss=2.276312 lr=0.00277344 step=stateful RMSProp step applied
      unit 30/65 rc=97778 chunks=1 trained_queries=24821 trained_events=28644 mean_loss=2.100416 lr=0.0027719 step=stateful RMSProp step applied
      unit 31/65 rc=226 chunks=11 trained_queries=522108 trained_events=564898 mean_loss=2.259682 lr=0.00277036 step=stateful RMSProp step applied
      unit 32/65 rc=85 chunks=10 trained_queries=488847 trained_events=525016 mean_loss=2.273237 lr=0.00276882 step=stateful RMSProp step applied
      unit 33/65 rc=2725 chunks=16 trained_queries=754625 trained_events=807195 mean_loss=2.252246 lr=0.00276727 step=stateful RMSProp step applied
      unit 34/65 rc=3135 chunks=8 trained_queries=366260 trained_events=400520 mean_loss=2.223196 lr=0.00276571 step=stateful RMSProp step applied
      unit 35/65 rc=1739 chunks=2 trained_queries=87562 trained_events=94736 mean_loss=2.236498 lr=0.00276416 step=stateful RMSProp step applied
      unit 36/65 rc=373 chunks=8 trained_queries=386604 trained_events=414982 mean_loss=2.259852 lr=0.00276259 step=stateful RMSProp step applied
      unit 37/65 rc=452305 chunks=1 trained_queries=13040 trained_events=13888 mean_loss=2.196015 lr=0.00276102 step=stateful RMSProp step applied
      unit 38/65 rc=141 chunks=4 trained_queries=195453 trained_events=209808 mean_loss=2.231759 lr=0.00275945 step=stateful RMSProp step applied
      unit 39/65 rc=260398 chunks=1 trained_queries=18549 trained_events=19964 mean_loss=2.122571 lr=0.00275787 step=stateful RMSProp step applied
      unit 40/65 rc=41 chunks=124 trained_queries=6163183 trained_events=6532996 mean_loss=2.318487 lr=0.00275629 step=stateful RMSProp step applied
      unit 41/65 rc=569 chunks=26 trained_queries=1259071 trained_events=1333052 mean_loss=2.323793 lr=0.00275471 step=stateful RMSProp step applied
      unit 42/65 rc=36 chunks=35 trained_queries=1745157 trained_events=1848439 mean_loss=2.299639 lr=0.00275311 step=stateful RMSProp step applied
      unit 43/65 rc=39 chunks=70 trained_queries=3489609 trained_events=3701941 mean_loss=2.268146 lr=0.00275152 step=stateful RMSProp step applied
      unit 44/65 rc=14 chunks=211 trained_queries=10509349 trained_events=11170444 mean_loss=2.273460 lr=0.00274992 step=stateful RMSProp step applied
      unit 45/65 rc=21 chunks=36 trained_queries=1758042 trained_events=1864623 mean_loss=2.260368 lr=0.00274831 step=stateful RMSProp step applied
      unit 46/65 rc=550 chunks=30 trained_queries=1491599 trained_events=1575272 mean_loss=2.256830 lr=0.0027467 step=stateful RMSProp step applied
      unit 47/65 rc=51 chunks=114 trained_queries=5673809 trained_events=6048192 mean_loss=2.247320 lr=0.00274509 step=stateful RMSProp step applied
      unit 48/65 rc=2 chunks=102 trained_queries=5051998 trained_events=5357586 mean_loss=2.256681 lr=0.00274347 step=stateful RMSProp step applied
      unit 49/65 rc=1069 chunks=2 trained_queries=71644 trained_events=75516 mean_loss=2.249377 lr=0.00274184 step=stateful RMSProp step applied
      unit 50/65 rc=73 chunks=16 trained_queries=790720 trained_events=835488 mean_loss=2.274913 lr=0.00274021 step=stateful RMSProp step applied
      unit 51/65 rc=79 chunks=75 trained_queries=3736786 trained_events=3953843 mean_loss=2.287974 lr=0.00273858 step=stateful RMSProp step applied
      unit 52/65 rc=63 chunks=50 trained_queries=2471897 trained_events=2621838 mean_loss=2.269803 lr=0.00273694 step=stateful RMSProp step applied
      unit 53/65 rc=15 chunks=108 trained_queries=5390515 trained_events=5717589 mean_loss=2.270012 lr=0.0027353 step=stateful RMSProp step applied
      unit 54/65 rc=22 chunks=147 trained_queries=7317596 trained_events=7770966 mean_loss=2.261946 lr=0.00273365 step=stateful RMSProp step applied
      unit 55/65 rc=32 chunks=25 trained_queries=1208977 trained_events=1277820 mean_loss=2.254005 lr=0.002732 step=stateful RMSProp step applied
      unit 56/65 rc=8446 chunks=2 trained_queries=69102 trained_events=73284 mean_loss=2.220202 lr=0.00273034 step=stateful RMSProp step applied
      unit 57/65 rc=3 chunks=110 trained_queries=5457031 trained_events=5779345 mean_loss=2.241593 lr=0.00272868 step=stateful RMSProp step applied
      unit 58/65 rc=4 chunks=111 trained_queries=5516836 trained_events=5854709 mean_loss=2.236126 lr=0.00272702 step=stateful RMSProp step applied
      unit 59/65 rc=5 chunks=149 trained_queries=7411233 trained_events=7899836 mean_loss=2.225864 lr=0.00272535 step=stateful RMSProp step applied
      unit 60/65 rc=48 chunks=60 trained_queries=2973228 trained_events=3145342 mean_loss=2.234388 lr=0.00272367 step=stateful RMSProp step applied
      unit 61/65 rc=164 chunks=18 trained_queries=871265 trained_events=922669 mean_loss=2.217824 lr=0.00272199 step=stateful RMSProp step applied
      unit 62/65 rc=28 chunks=39 trained_queries=1945234 trained_events=2065842 mean_loss=2.253868 lr=0.00272031 step=stateful RMSProp step applied
      unit 63/65 rc=9786 chunks=2 trained_queries=59517 trained_events=62372 mean_loss=2.267193 lr=0.00271862 step=stateful RMSProp step applied
      unit 64/65 rc=44 chunks=46 trained_queries=2269131 trained_events=2417215 mean_loss=2.243074 lr=0.00271693 step=stateful RMSProp step applied
      unit 65/65 rc=13 chunks=1 trained_queries=40285 trained_events=42160 mean_loss=2.268950 lr=0.00271523 step=stateful RMSProp step applied
    stage-epoch 5 summary trained_queries=123189067 trained_events=131385626 mean_loss=2.278777
    stage-epoch 6/25
      unit 1/65 rc=17 chunks=86 trained_queries=4283062 trained_events=4670471 mean_loss=2.252463 lr=0.00271353 step=stateful RMSProp step applied
      unit 2/65 rc=6 chunks=374 trained_queries=18661859 trained_events=20055906 mean_loss=2.253302 lr=0.00271182 step=stateful RMSProp step applied
      unit 3/65 rc=597 chunks=5 trained_queries=234506 trained_events=249488 mean_loss=2.241773 lr=0.00271011 step=stateful RMSProp step applied
      unit 4/65 rc=1027293 chunks=1 trained_queries=124 trained_events=124 mean_loss=2.030906 lr=0.00270839 step=stateful RMSProp step applied
      unit 5/65 rc=111938 chunks=1 trained_queries=365 trained_events=372 mean_loss=2.727806 lr=0.00270667 step=stateful RMSProp step applied
      unit 6/65 rc=384 chunks=14 trained_queries=689527 trained_events=729120 mean_loss=2.526235 lr=0.00270495 step=stateful RMSProp step applied
      unit 7/65 rc=54 chunks=44 trained_queries=2182526 trained_events=2339320 mean_loss=2.369328 lr=0.00270322 step=stateful RMSProp step applied
      unit 8/65 rc=2093 chunks=5 trained_queries=212409 trained_events=221836 mean_loss=2.353813 lr=0.00270148 step=stateful RMSProp step applied
      unit 9/65 rc=74 chunks=17 trained_queries=824408 trained_events=916249 mean_loss=2.260204 lr=0.00269974 step=stateful RMSProp step applied
      unit 10/65 rc=882313 chunks=1 trained_queries=2708 trained_events=3348 mean_loss=2.156538 lr=0.002698 step=stateful RMSProp step applied
      unit 11/65 rc=16 chunks=23 trained_queries=1118787 trained_events=1200145 mean_loss=2.345733 lr=0.00269625 step=stateful RMSProp step applied
      unit 12/65 rc=556 chunks=9 trained_queries=402908 trained_events=427924 mean_loss=2.280928 lr=0.0026945 step=stateful RMSProp step applied
      unit 13/65 rc=213 chunks=6 trained_queries=265773 trained_events=288300 mean_loss=2.255434 lr=0.00269275 step=stateful RMSProp step applied
      unit 14/65 rc=78 chunks=17 trained_queries=834115 trained_events=894861 mean_loss=2.240295 lr=0.00269099 step=stateful RMSProp step applied
      unit 15/65 rc=18 chunks=6 trained_queries=296769 trained_events=319176 mean_loss=2.237902 lr=0.00268922 step=stateful RMSProp step applied
      unit 16/65 rc=7 chunks=9 trained_queries=416424 trained_events=452848 mean_loss=2.219659 lr=0.00268745 step=stateful RMSProp step applied
      unit 17/65 rc=6318 chunks=5 trained_queries=224634 trained_events=244528 mean_loss=2.194358 lr=0.00268568 step=stateful RMSProp step applied
      unit 18/65 rc=3129 chunks=14 trained_queries=656402 trained_events=713248 mean_loss=2.178188 lr=0.0026839 step=stateful RMSProp step applied
      unit 19/65 rc=1 chunks=4 trained_queries=199346 trained_events=215884 mean_loss=2.237292 lr=0.00268212 step=stateful RMSProp step applied
      unit 20/65 rc=14974 chunks=6 trained_queries=263799 trained_events=288300 mean_loss=2.188951 lr=0.00268033 step=stateful RMSProp step applied
      unit 21/65 rc=3051 chunks=7 trained_queries=331867 trained_events=358236 mean_loss=2.210485 lr=0.00267854 step=stateful RMSProp step applied
      unit 22/65 rc=506 chunks=26 trained_queries=1281767 trained_events=1382126 mean_loss=2.211406 lr=0.00267674 step=stateful RMSProp step applied
      unit 23/65 rc=14596 chunks=1 trained_queries=36794 trained_events=39556 mean_loss=2.240684 lr=0.00267494 step=stateful RMSProp step applied
      unit 24/65 rc=62437 chunks=4 trained_queries=171115 trained_events=191208 mean_loss=2.154501 lr=0.00267313 step=stateful RMSProp step applied
      unit 25/65 rc=425 chunks=9 trained_queries=424575 trained_events=458428 mean_loss=2.214362 lr=0.00267133 step=stateful RMSProp step applied
      unit 26/65 rc=314 chunks=7 trained_queries=314647 trained_events=338892 mean_loss=2.242597 lr=0.00266951 step=stateful RMSProp step applied
      unit 27/65 rc=531 chunks=11 trained_queries=528936 trained_events=574692 mean_loss=2.194914 lr=0.00266769 step=stateful RMSProp step applied
      unit 28/65 rc=620 chunks=12 trained_queries=567606 trained_events=609782 mean_loss=2.237676 lr=0.00266587 step=stateful RMSProp step applied
      unit 29/65 rc=8062 chunks=4 trained_queries=160626 trained_events=173228 mean_loss=2.259013 lr=0.00266404 step=stateful RMSProp step applied
      unit 30/65 rc=97778 chunks=1 trained_queries=24821 trained_events=28644 mean_loss=2.050710 lr=0.00266221 step=stateful RMSProp step applied
      unit 31/65 rc=226 chunks=11 trained_queries=522108 trained_events=564898 mean_loss=2.254797 lr=0.00266038 step=stateful RMSProp step applied
      unit 32/65 rc=85 chunks=10 trained_queries=488847 trained_events=525016 mean_loss=2.257329 lr=0.00265854 step=stateful RMSProp step applied
      unit 33/65 rc=2725 chunks=16 trained_queries=754625 trained_events=807195 mean_loss=2.217070 lr=0.00265669 step=stateful RMSProp step applied
      unit 34/65 rc=3135 chunks=8 trained_queries=366260 trained_events=400520 mean_loss=2.175299 lr=0.00265485 step=stateful RMSProp step applied
      unit 35/65 rc=1739 chunks=2 trained_queries=87562 trained_events=94736 mean_loss=2.194437 lr=0.00265299 step=stateful RMSProp step applied
      unit 36/65 rc=373 chunks=8 trained_queries=386604 trained_events=414982 mean_loss=2.227651 lr=0.00265114 step=stateful RMSProp step applied
      unit 37/65 rc=452305 chunks=1 trained_queries=13040 trained_events=13888 mean_loss=2.143518 lr=0.00264927 step=stateful RMSProp step applied
      unit 38/65 rc=141 chunks=4 trained_queries=195453 trained_events=209808 mean_loss=2.179302 lr=0.00264741 step=stateful RMSProp step applied
      unit 39/65 rc=260398 chunks=1 trained_queries=18549 trained_events=19964 mean_loss=2.060950 lr=0.00264554 step=stateful RMSProp step applied
      unit 40/65 rc=41 chunks=124 trained_queries=6163183 trained_events=6532996 mean_loss=2.233820 lr=0.00264366 step=stateful RMSProp step applied
      unit 41/65 rc=569 chunks=26 trained_queries=1259071 trained_events=1333052 mean_loss=2.221304 lr=0.00264179 step=stateful RMSProp step applied
      unit 42/65 rc=36 chunks=35 trained_queries=1745157 trained_events=1848439 mean_loss=2.223414 lr=0.0026399 step=stateful RMSProp step applied
      unit 43/65 rc=39 chunks=70 trained_queries=3489609 trained_events=3701941 mean_loss=2.210243 lr=0.00263802 step=stateful RMSProp step applied
      unit 44/65 rc=14 chunks=211 trained_queries=10509349 trained_events=11170444 mean_loss=2.253496 lr=0.00263612 step=stateful RMSProp step applied
      unit 45/65 rc=21 chunks=36 trained_queries=1758042 trained_events=1864623 mean_loss=2.245289 lr=0.00263423 step=stateful RMSProp step applied
      unit 46/65 rc=550 chunks=30 trained_queries=1491599 trained_events=1575272 mean_loss=2.226623 lr=0.00263233 step=stateful RMSProp step applied
      unit 47/65 rc=51 chunks=114 trained_queries=5673809 trained_events=6048192 mean_loss=2.212111 lr=0.00263042 step=stateful RMSProp step applied
      unit 48/65 rc=2 chunks=102 trained_queries=5051998 trained_events=5357586 mean_loss=2.218789 lr=0.00262852 step=stateful RMSProp step applied
      unit 49/65 rc=1069 chunks=2 trained_queries=71644 trained_events=75516 mean_loss=2.202575 lr=0.0026266 step=stateful RMSProp step applied
      unit 50/65 rc=73 chunks=16 trained_queries=790720 trained_events=835488 mean_loss=2.203843 lr=0.00262469 step=stateful RMSProp step applied
      unit 51/65 rc=79 chunks=75 trained_queries=3736786 trained_events=3953843 mean_loss=2.221453 lr=0.00262277 step=stateful RMSProp step applied
      unit 52/65 rc=63 chunks=50 trained_queries=2471897 trained_events=2621838 mean_loss=2.215337 lr=0.00262084 step=stateful RMSProp step applied
      unit 53/65 rc=15 chunks=108 trained_queries=5390515 trained_events=5717589 mean_loss=2.254821 lr=0.00261891 step=stateful RMSProp step applied
      unit 54/65 rc=22 chunks=147 trained_queries=7317596 trained_events=7770966 mean_loss=2.272039 lr=0.00261698 step=stateful RMSProp step applied
      unit 55/65 rc=32 chunks=25 trained_queries=1208977 trained_events=1277820 mean_loss=2.247145 lr=0.00261504 step=stateful RMSProp step applied
      unit 56/65 rc=8446 chunks=2 trained_queries=69102 trained_events=73284 mean_loss=2.196851 lr=0.0026131 step=stateful RMSProp step applied
      unit 57/65 rc=3 chunks=110 trained_queries=5457031 trained_events=5779345 mean_loss=2.207600 lr=0.00261115 step=stateful RMSProp step applied
      unit 58/65 rc=4 chunks=111 trained_queries=5516836 trained_events=5854709 mean_loss=2.197352 lr=0.0026092 step=stateful RMSProp step applied
      unit 59/65 rc=5 chunks=149 trained_queries=7411233 trained_events=7899836 mean_loss=2.184933 lr=0.00260725 step=stateful RMSProp step applied
      unit 60/65 rc=48 chunks=60 trained_queries=2973228 trained_events=3145342 mean_loss=2.189247 lr=0.00260529 step=stateful RMSProp step applied
      unit 61/65 rc=164 chunks=18 trained_queries=871265 trained_events=922669 mean_loss=2.167800 lr=0.00260333 step=stateful RMSProp step applied
      unit 62/65 rc=28 chunks=39 trained_queries=1945234 trained_events=2065842 mean_loss=2.180565 lr=0.00260136 step=stateful RMSProp step applied
      unit 63/65 rc=9786 chunks=2 trained_queries=59517 trained_events=62372 mean_loss=2.190546 lr=0.00259939 step=stateful RMSProp step applied
      unit 64/65 rc=44 chunks=46 trained_queries=2269131 trained_events=2417215 mean_loss=2.167524 lr=0.00259742 step=stateful RMSProp step applied
      unit 65/65 rc=13 chunks=1 trained_queries=40285 trained_events=42160 mean_loss=2.192276 lr=0.00259544 step=stateful RMSProp step applied
    stage-epoch 6 summary trained_queries=123189067 trained_events=131385626 mean_loss=2.233962
    stage-epoch 7/25
      unit 1/65 rc=17 chunks=86 trained_queries=4283062 trained_events=4670471 mean_loss=2.179561 lr=0.00259345 step=stateful RMSProp step applied
      unit 2/65 rc=6 chunks=374 trained_queries=18661859 trained_events=20055906 mean_loss=2.200866 lr=0.00259147 step=stateful RMSProp step applied
      unit 3/65 rc=597 chunks=5 trained_queries=234506 trained_events=249488 mean_loss=2.191363 lr=0.00258947 step=stateful RMSProp step applied
      unit 4/65 rc=1027293 chunks=1 trained_queries=124 trained_events=124 mean_loss=1.950153 lr=0.00258748 step=stateful RMSProp step applied
      unit 5/65 rc=111938 chunks=1 trained_queries=365 trained_events=372 mean_loss=2.677690 lr=0.00258548 step=stateful RMSProp step applied
      unit 6/65 rc=384 chunks=14 trained_queries=689527 trained_events=729120 mean_loss=2.645817 lr=0.00258348 step=stateful RMSProp step applied
      unit 7/65 rc=54 chunks=44 trained_queries=2182526 trained_events=2339320 mean_loss=2.562735 lr=0.00258147 step=stateful RMSProp step applied
      unit 8/65 rc=2093 chunks=5 trained_queries=212409 trained_events=221836 mean_loss=2.411082 lr=0.00257946 step=stateful RMSProp step applied
      unit 9/65 rc=74 chunks=17 trained_queries=824408 trained_events=916249 mean_loss=2.260994 lr=0.00257744 step=stateful RMSProp step applied
      unit 10/65 rc=882313 chunks=1 trained_queries=2708 trained_events=3348 mean_loss=2.095102 lr=0.00257542 step=stateful RMSProp step applied
      unit 11/65 rc=16 chunks=23 trained_queries=1118787 trained_events=1200145 mean_loss=2.312916 lr=0.0025734 step=stateful RMSProp step applied
      unit 12/65 rc=556 chunks=9 trained_queries=402908 trained_events=427924 mean_loss=2.262638 lr=0.00257137 step=stateful RMSProp step applied
      unit 13/65 rc=213 chunks=6 trained_queries=265773 trained_events=288300 mean_loss=2.233338 lr=0.00256934 step=stateful RMSProp step applied
      unit 14/65 rc=78 chunks=17 trained_queries=834115 trained_events=894861 mean_loss=2.227102 lr=0.0025673 step=stateful RMSProp step applied
      unit 15/65 rc=18 chunks=6 trained_queries=296769 trained_events=319176 mean_loss=2.218872 lr=0.00256526 step=stateful RMSProp step applied
      unit 16/65 rc=7 chunks=9 trained_queries=416424 trained_events=452848 mean_loss=2.204623 lr=0.00256322 step=stateful RMSProp step applied
      unit 17/65 rc=6318 chunks=5 trained_queries=224634 trained_events=244528 mean_loss=2.178900 lr=0.00256117 step=stateful RMSProp step applied
      unit 18/65 rc=3129 chunks=14 trained_queries=656402 trained_events=713248 mean_loss=2.152595 lr=0.00255912 step=stateful RMSProp step applied
      unit 19/65 rc=1 chunks=4 trained_queries=199346 trained_events=215884 mean_loss=2.208225 lr=0.00255707 step=stateful RMSProp step applied
      unit 20/65 rc=14974 chunks=6 trained_queries=263799 trained_events=288300 mean_loss=2.155688 lr=0.00255501 step=stateful RMSProp step applied
      unit 21/65 rc=3051 chunks=7 trained_queries=331867 trained_events=358236 mean_loss=2.175931 lr=0.00255294 step=stateful RMSProp step applied
      unit 22/65 rc=506 chunks=26 trained_queries=1281767 trained_events=1382126 mean_loss=2.175007 lr=0.00255088 step=stateful RMSProp step applied
      unit 23/65 rc=14596 chunks=1 trained_queries=36794 trained_events=39556 mean_loss=2.211484 lr=0.0025488 step=stateful RMSProp step applied
      unit 24/65 rc=62437 chunks=4 trained_queries=171115 trained_events=191208 mean_loss=2.111726 lr=0.00254673 step=stateful RMSProp step applied
      unit 25/65 rc=425 chunks=9 trained_queries=424575 trained_events=458428 mean_loss=2.182286 lr=0.00254465 step=stateful RMSProp step applied
      unit 26/65 rc=314 chunks=7 trained_queries=314647 trained_events=338892 mean_loss=2.215054 lr=0.00254257 step=stateful RMSProp step applied
      unit 27/65 rc=531 chunks=11 trained_queries=528936 trained_events=574692 mean_loss=2.163796 lr=0.00254048 step=stateful RMSProp step applied
      unit 28/65 rc=620 chunks=12 trained_queries=567606 trained_events=609782 mean_loss=2.189779 lr=0.00253839 step=stateful RMSProp step applied
      unit 29/65 rc=8062 chunks=4 trained_queries=160626 trained_events=173228 mean_loss=2.216096 lr=0.00253629 step=stateful RMSProp step applied
      unit 30/65 rc=97778 chunks=1 trained_queries=24821 trained_events=28644 mean_loss=1.997997 lr=0.0025342 step=stateful RMSProp step applied
      unit 31/65 rc=226 chunks=11 trained_queries=522108 trained_events=564898 mean_loss=2.176334 lr=0.00253209 step=stateful RMSProp step applied
      unit 32/65 rc=85 chunks=10 trained_queries=488847 trained_events=525016 mean_loss=2.200166 lr=0.00252999 step=stateful RMSProp step applied
      unit 33/65 rc=2725 chunks=16 trained_queries=754625 trained_events=807195 mean_loss=2.185636 lr=0.00252788 step=stateful RMSProp step applied
      unit 34/65 rc=3135 chunks=8 trained_queries=366260 trained_events=400520 mean_loss=2.136944 lr=0.00252576 step=stateful RMSProp step applied
      unit 35/65 rc=1739 chunks=2 trained_queries=87562 trained_events=94736 mean_loss=2.148798 lr=0.00252365 step=stateful RMSProp step applied
      unit 36/65 rc=373 chunks=8 trained_queries=386604 trained_events=414982 mean_loss=2.178092 lr=0.00252152 step=stateful RMSProp step applied
      unit 37/65 rc=452305 chunks=1 trained_queries=13040 trained_events=13888 mean_loss=2.106021 lr=0.0025194 step=stateful RMSProp step applied
      unit 38/65 rc=141 chunks=4 trained_queries=195453 trained_events=209808 mean_loss=2.146513 lr=0.00251727 step=stateful RMSProp step applied
      unit 39/65 rc=260398 chunks=1 trained_queries=18549 trained_events=19964 mean_loss=2.017582 lr=0.00251514 step=stateful RMSProp step applied
      unit 40/65 rc=41 chunks=124 trained_queries=6163183 trained_events=6532996 mean_loss=2.196713 lr=0.002513 step=stateful RMSProp step applied
      unit 41/65 rc=569 chunks=26 trained_queries=1259071 trained_events=1333052 mean_loss=2.185294 lr=0.00251086 step=stateful RMSProp step applied
      unit 42/65 rc=36 chunks=35 trained_queries=1745157 trained_events=1848439 mean_loss=2.184956 lr=0.00250871 step=stateful RMSProp step applied
      unit 43/65 rc=39 chunks=70 trained_queries=3489609 trained_events=3701941 mean_loss=2.169655 lr=0.00250657 step=stateful RMSProp step applied
      unit 44/65 rc=14 chunks=211 trained_queries=10509349 trained_events=11170444 mean_loss=2.179486 lr=0.00250441 step=stateful RMSProp step applied
      unit 45/65 rc=21 chunks=36 trained_queries=1758042 trained_events=1864623 mean_loss=2.178454 lr=0.00250226 step=stateful RMSProp step applied
      unit 46/65 rc=550 chunks=30 trained_queries=1491599 trained_events=1575272 mean_loss=2.184063 lr=0.0025001 step=stateful RMSProp step applied
      unit 47/65 rc=51 chunks=114 trained_queries=5673809 trained_events=6048192 mean_loss=2.183478 lr=0.00249794 step=stateful RMSProp step applied
      unit 48/65 rc=2 chunks=102 trained_queries=5051998 trained_events=5357586 mean_loss=2.201063 lr=0.00249577 step=stateful RMSProp step applied
      unit 49/65 rc=1069 chunks=2 trained_queries=71644 trained_events=75516 mean_loss=2.189436 lr=0.0024936 step=stateful RMSProp step applied
      unit 50/65 rc=73 chunks=16 trained_queries=790720 trained_events=835488 mean_loss=2.202194 lr=0.00249142 step=stateful RMSProp step applied
      unit 51/65 rc=79 chunks=75 trained_queries=3736786 trained_events=3953843 mean_loss=2.232396 lr=0.00248925 step=stateful RMSProp step applied
      unit 52/65 rc=63 chunks=50 trained_queries=2471897 trained_events=2621838 mean_loss=2.191662 lr=0.00248706 step=stateful RMSProp step applied
      unit 53/65 rc=15 chunks=108 trained_queries=5390515 trained_events=5717589 mean_loss=2.180311 lr=0.00248488 step=stateful RMSProp step applied
      unit 54/65 rc=22 chunks=147 trained_queries=7317596 trained_events=7770966 mean_loss=2.172462 lr=0.00248269 step=stateful RMSProp step applied
      unit 55/65 rc=32 chunks=25 trained_queries=1208977 trained_events=1277820 mean_loss=2.178969 lr=0.0024805 step=stateful RMSProp step applied
      unit 56/65 rc=8446 chunks=2 trained_queries=69102 trained_events=73284 mean_loss=2.159019 lr=0.0024783 step=stateful RMSProp step applied
      unit 57/65 rc=3 chunks=110 trained_queries=5457031 trained_events=5779345 mean_loss=2.185478 lr=0.0024761 step=stateful RMSProp step applied
      unit 58/65 rc=4 chunks=111 trained_queries=5516836 trained_events=5854709 mean_loss=2.188391 lr=0.0024739 step=stateful RMSProp step applied
      unit 59/65 rc=5 chunks=149 trained_queries=7411233 trained_events=7899836 mean_loss=2.176492 lr=0.00247169 step=stateful RMSProp step applied
      unit 60/65 rc=48 chunks=60 trained_queries=2973228 trained_events=3145342 mean_loss=2.186790 lr=0.00246948 step=stateful RMSProp step applied
      unit 61/65 rc=164 chunks=18 trained_queries=871265 trained_events=922669 mean_loss=2.158758 lr=0.00246726 step=stateful RMSProp step applied
      unit 62/65 rc=28 chunks=39 trained_queries=1945234 trained_events=2065842 mean_loss=2.170294 lr=0.00246505 step=stateful RMSProp step applied
      unit 63/65 rc=9786 chunks=2 trained_queries=59517 trained_events=62372 mean_loss=2.173509 lr=0.00246282 step=stateful RMSProp step applied
      unit 64/65 rc=44 chunks=46 trained_queries=2269131 trained_events=2417215 mean_loss=2.156827 lr=0.0024606 step=stateful RMSProp step applied
      unit 65/65 rc=13 chunks=1 trained_queries=40285 trained_events=42160 mean_loss=2.175524 lr=0.00245837 step=stateful RMSProp step applied
    stage-epoch 7 summary trained_queries=123189067 trained_events=131385626 mean_loss=2.198269
    stage-epoch 8/25
      unit 1/65 rc=17 chunks=86 trained_queries=4283062 trained_events=4670471 mean_loss=2.187261 lr=0.00245614 step=stateful RMSProp step applied
      unit 2/65 rc=6 chunks=374 trained_queries=18661859 trained_events=20055906 mean_loss=2.193084 lr=0.0024539 step=stateful RMSProp step applied
      unit 3/65 rc=597 chunks=5 trained_queries=234506 trained_events=249488 mean_loss=2.171711 lr=0.00245166 step=stateful RMSProp step applied
      unit 4/65 rc=1027293 chunks=1 trained_queries=124 trained_events=124 mean_loss=1.918862 lr=0.00244942 step=stateful RMSProp step applied
      unit 5/65 rc=111938 chunks=1 trained_queries=365 trained_events=372 mean_loss=2.548579 lr=0.00244717 step=stateful RMSProp step applied
      unit 6/65 rc=384 chunks=14 trained_queries=689527 trained_events=729120 mean_loss=2.411371 lr=0.00244492 step=stateful RMSProp step applied
      unit 7/65 rc=54 chunks=44 trained_queries=2182526 trained_events=2339320 mean_loss=2.252266 lr=0.00244267 step=stateful RMSProp step applied
      unit 8/65 rc=2093 chunks=5 trained_queries=212409 trained_events=221836 mean_loss=2.251398 lr=0.00244041 step=stateful RMSProp step applied
      unit 9/65 rc=74 chunks=17 trained_queries=824408 trained_events=916249 mean_loss=2.146936 lr=0.00243815 step=stateful RMSProp step applied
      unit 10/65 rc=882313 chunks=1 trained_queries=2708 trained_events=3348 mean_loss=1.975414 lr=0.00243588 step=stateful RMSProp step applied
      unit 11/65 rc=16 chunks=23 trained_queries=1118787 trained_events=1200145 mean_loss=2.205819 lr=0.00243361 step=stateful RMSProp step applied
      unit 12/65 rc=556 chunks=9 trained_queries=402908 trained_events=427924 mean_loss=2.177043 lr=0.00243134 step=stateful RMSProp step applied
      unit 13/65 rc=213 chunks=6 trained_queries=265773 trained_events=288300 mean_loss=2.151721 lr=0.00242907 step=stateful RMSProp step applied
      unit 14/65 rc=78 chunks=17 trained_queries=834115 trained_events=894861 mean_loss=2.147078 lr=0.00242679 step=stateful RMSProp step applied
      unit 15/65 rc=18 chunks=6 trained_queries=296769 trained_events=319176 mean_loss=2.141786 lr=0.00242451 step=stateful RMSProp step applied
      unit 16/65 rc=7 chunks=9 trained_queries=416424 trained_events=452848 mean_loss=2.123200 lr=0.00242222 step=stateful RMSProp step applied
      unit 17/65 rc=6318 chunks=5 trained_queries=224634 trained_events=244528 mean_loss=2.101507 lr=0.00241993 step=stateful RMSProp step applied
      unit 18/65 rc=3129 chunks=14 trained_queries=656402 trained_events=713248 mean_loss=2.084859 lr=0.00241764 step=stateful RMSProp step applied
      unit 19/65 rc=1 chunks=4 trained_queries=199346 trained_events=215884 mean_loss=2.142742 lr=0.00241535 step=stateful RMSProp step applied
      unit 20/65 rc=14974 chunks=6 trained_queries=263799 trained_events=288300 mean_loss=2.090729 lr=0.00241305 step=stateful RMSProp step applied
      unit 21/65 rc=3051 chunks=7 trained_queries=331867 trained_events=358236 mean_loss=2.111845 lr=0.00241074 step=stateful RMSProp step applied
      unit 22/65 rc=506 chunks=26 trained_queries=1281767 trained_events=1382126 mean_loss=2.111480 lr=0.00240844 step=stateful RMSProp step applied
      unit 23/65 rc=14596 chunks=1 trained_queries=36794 trained_events=39556 mean_loss=2.143250 lr=0.00240613 step=stateful RMSProp step applied
      unit 24/65 rc=62437 chunks=4 trained_queries=171115 trained_events=191208 mean_loss=2.041151 lr=0.00240382 step=stateful RMSProp step applied
      unit 25/65 rc=425 chunks=9 trained_queries=424575 trained_events=458428 mean_loss=2.147405 lr=0.0024015 step=stateful RMSProp step applied
      unit 26/65 rc=314 chunks=7 trained_queries=314647 trained_events=338892 mean_loss=2.170429 lr=0.00239918 step=stateful RMSProp step applied
      unit 27/65 rc=531 chunks=11 trained_queries=528936 trained_events=574692 mean_loss=2.104324 lr=0.00239686 step=stateful RMSProp step applied
      unit 28/65 rc=620 chunks=12 trained_queries=567606 trained_events=609782 mean_loss=2.136668 lr=0.00239453 step=stateful RMSProp step applied
      unit 29/65 rc=8062 chunks=4 trained_queries=160626 trained_events=173228 mean_loss=2.161285 lr=0.0023922 step=stateful RMSProp step applied
      unit 30/65 rc=97778 chunks=1 trained_queries=24821 trained_events=28644 mean_loss=1.933946 lr=0.00238987 step=stateful RMSProp step applied
      unit 31/65 rc=226 chunks=11 trained_queries=522108 trained_events=564898 mean_loss=2.126346 lr=0.00238753 step=stateful RMSProp step applied
      unit 32/65 rc=85 chunks=10 trained_queries=488847 trained_events=525016 mean_loss=2.175315 lr=0.00238519 step=stateful RMSProp step applied
      unit 33/65 rc=2725 chunks=16 trained_queries=754625 trained_events=807195 mean_loss=2.144515 lr=0.00238285 step=stateful RMSProp step applied
      unit 34/65 rc=3135 chunks=8 trained_queries=366260 trained_events=400520 mean_loss=2.085360 lr=0.0023805 step=stateful RMSProp step applied
      unit 35/65 rc=1739 chunks=2 trained_queries=87562 trained_events=94736 mean_loss=2.104628 lr=0.00237815 step=stateful RMSProp step applied
      unit 36/65 rc=373 chunks=8 trained_queries=386604 trained_events=414982 mean_loss=2.131644 lr=0.0023758 step=stateful RMSProp step applied
      unit 37/65 rc=452305 chunks=1 trained_queries=13040 trained_events=13888 mean_loss=2.066868 lr=0.00237345 step=stateful RMSProp step applied
      unit 38/65 rc=141 chunks=4 trained_queries=195453 trained_events=209808 mean_loss=2.103256 lr=0.00237109 step=stateful RMSProp step applied
      unit 39/65 rc=260398 chunks=1 trained_queries=18549 trained_events=19964 mean_loss=1.979412 lr=0.00236872 step=stateful RMSProp step applied
      unit 40/65 rc=41 chunks=124 trained_queries=6163183 trained_events=6532996 mean_loss=2.164283 lr=0.00236636 step=stateful RMSProp step applied
      unit 41/65 rc=569 chunks=26 trained_queries=1259071 trained_events=1333052 mean_loss=2.153547 lr=0.00236399 step=stateful RMSProp step applied
      unit 42/65 rc=36 chunks=35 trained_queries=1745157 trained_events=1848439 mean_loss=2.154562 lr=0.00236162 step=stateful RMSProp step applied
      unit 43/65 rc=39 chunks=70 trained_queries=3489609 trained_events=3701941 mean_loss=2.137111 lr=0.00235924 step=stateful RMSProp step applied
      unit 44/65 rc=14 chunks=211 trained_queries=10509349 trained_events=11170444 mean_loss=2.145028 lr=0.00235686 step=stateful RMSProp step applied
      unit 45/65 rc=21 chunks=36 trained_queries=1758042 trained_events=1864623 mean_loss=2.139940 lr=0.00235448 step=stateful RMSProp step applied
      unit 46/65 rc=550 chunks=30 trained_queries=1491599 trained_events=1575272 mean_loss=2.139906 lr=0.0023521 step=stateful RMSProp step applied
      unit 47/65 rc=51 chunks=114 trained_queries=5673809 trained_events=6048192 mean_loss=2.131073 lr=0.00234971 step=stateful RMSProp step applied
      unit 48/65 rc=2 chunks=102 trained_queries=5051998 trained_events=5357586 mean_loss=2.132559 lr=0.00234732 step=stateful RMSProp step applied
      unit 49/65 rc=1069 chunks=2 trained_queries=71644 trained_events=75516 mean_loss=2.110818 lr=0.00234492 step=stateful RMSProp step applied
      unit 50/65 rc=73 chunks=16 trained_queries=790720 trained_events=835488 mean_loss=2.110995 lr=0.00234253 step=stateful RMSProp step applied
      unit 51/65 rc=79 chunks=75 trained_queries=3736786 trained_events=3953843 mean_loss=2.125831 lr=0.00234012 step=stateful RMSProp step applied
      unit 52/65 rc=63 chunks=50 trained_queries=2471897 trained_events=2621838 mean_loss=2.116308 lr=0.00233772 step=stateful RMSProp step applied
      unit 53/65 rc=15 chunks=108 trained_queries=5390515 trained_events=5717589 mean_loss=2.127817 lr=0.00233531 step=stateful RMSProp step applied
      unit 54/65 rc=22 chunks=147 trained_queries=7317596 trained_events=7770966 mean_loss=2.123582 lr=0.0023329 step=stateful RMSProp step applied
      unit 55/65 rc=32 chunks=25 trained_queries=1208977 trained_events=1277820 mean_loss=2.134099 lr=0.00233049 step=stateful RMSProp step applied
      unit 56/65 rc=8446 chunks=2 trained_queries=69102 trained_events=73284 mean_loss=2.115317 lr=0.00232807 step=stateful RMSProp step applied
      unit 57/65 rc=3 chunks=110 trained_queries=5457031 trained_events=5779345 mean_loss=2.159179 lr=0.00232565 step=stateful RMSProp step applied
      unit 58/65 rc=4 chunks=111 trained_queries=5516836 trained_events=5854709 mean_loss=2.177181 lr=0.00232323 step=stateful RMSProp step applied
      unit 59/65 rc=5 chunks=149 trained_queries=7411233 trained_events=7899836 mean_loss=2.169032 lr=0.00232081 step=stateful RMSProp step applied
      unit 60/65 rc=48 chunks=60 trained_queries=2973228 trained_events=3145342 mean_loss=2.156143 lr=0.00231838 step=stateful RMSProp step applied
      unit 61/65 rc=164 chunks=18 trained_queries=871265 trained_events=922669 mean_loss=2.125812 lr=0.00231594 step=stateful RMSProp step applied
      unit 62/65 rc=28 chunks=39 trained_queries=1945234 trained_events=2065842 mean_loss=2.126331 lr=0.00231351 step=stateful RMSProp step applied
      unit 63/65 rc=9786 chunks=2 trained_queries=59517 trained_events=62372 mean_loss=2.133794 lr=0.00231107 step=stateful RMSProp step applied
      unit 64/65 rc=44 chunks=46 trained_queries=2269131 trained_events=2417215 mean_loss=2.111597 lr=0.00230863 step=stateful RMSProp step applied
      unit 65/65 rc=13 chunks=1 trained_queries=40285 trained_events=42160 mean_loss=2.124546 lr=0.00230619 step=stateful RMSProp step applied
    stage-epoch 8 summary trained_queries=123189067 trained_events=131385626 mean_loss=2.155341
    stage-epoch 9/25
      unit 1/65 rc=17 chunks=86 trained_queries=4283062 trained_events=4670471 mean_loss=2.107332 lr=0.00230374 step=stateful RMSProp step applied
      unit 2/65 rc=6 chunks=374 trained_queries=18661859 trained_events=20055906 mean_loss=2.119798 lr=0.00230129 step=stateful RMSProp step applied
      unit 3/65 rc=597 chunks=5 trained_queries=234506 trained_events=249488 mean_loss=2.104392 lr=0.00229884 step=stateful RMSProp step applied
      unit 4/65 rc=1027293 chunks=1 trained_queries=124 trained_events=124 mean_loss=1.827494 lr=0.00229638 step=stateful RMSProp step applied
      unit 5/65 rc=111938 chunks=1 trained_queries=365 trained_events=372 mean_loss=2.430069 lr=0.00229392 step=stateful RMSProp step applied
      unit 6/65 rc=384 chunks=14 trained_queries=689527 trained_events=729120 mean_loss=2.381854 lr=0.00229146 step=stateful RMSProp step applied
      unit 7/65 rc=54 chunks=44 trained_queries=2182526 trained_events=2339320 mean_loss=2.227556 lr=0.002289 step=stateful RMSProp step applied
      unit 8/65 rc=2093 chunks=5 trained_queries=212409 trained_events=221836 mean_loss=2.211302 lr=0.00228653 step=stateful RMSProp step applied
      unit 9/65 rc=74 chunks=17 trained_queries=824408 trained_events=916249 mean_loss=2.101016 lr=0.00228406 step=stateful RMSProp step applied
      unit 10/65 rc=882313 chunks=1 trained_queries=2708 trained_events=3348 mean_loss=1.917258 lr=0.00228158 step=stateful RMSProp step applied
      unit 11/65 rc=16 chunks=23 trained_queries=1118787 trained_events=1200145 mean_loss=2.158767 lr=0.00227911 step=stateful RMSProp step applied
      unit 12/65 rc=556 chunks=9 trained_queries=402908 trained_events=427924 mean_loss=2.133055 lr=0.00227663 step=stateful RMSProp step applied
      unit 13/65 rc=213 chunks=6 trained_queries=265773 trained_events=288300 mean_loss=2.101953 lr=0.00227414 step=stateful RMSProp step applied
      unit 14/65 rc=78 chunks=17 trained_queries=834115 trained_events=894861 mean_loss=2.105442 lr=0.00227166 step=stateful RMSProp step applied
      unit 15/65 rc=18 chunks=6 trained_queries=296769 trained_events=319176 mean_loss=2.099438 lr=0.00226917 step=stateful RMSProp step applied
      unit 16/65 rc=7 chunks=9 trained_queries=416424 trained_events=452848 mean_loss=2.087032 lr=0.00226668 step=stateful RMSProp step applied
      unit 17/65 rc=6318 chunks=5 trained_queries=224634 trained_events=244528 mean_loss=2.060753 lr=0.00226419 step=stateful RMSProp step applied
      unit 18/65 rc=3129 chunks=14 trained_queries=656402 trained_events=713248 mean_loss=2.041762 lr=0.00226169 step=stateful RMSProp step applied
      unit 19/65 rc=1 chunks=4 trained_queries=199346 trained_events=215884 mean_loss=2.108478 lr=0.00225919 step=stateful RMSProp step applied
      unit 20/65 rc=14974 chunks=6 trained_queries=263799 trained_events=288300 mean_loss=2.058316 lr=0.00225669 step=stateful RMSProp step applied
      unit 21/65 rc=3051 chunks=7 trained_queries=331867 trained_events=358236 mean_loss=2.080554 lr=0.00225418 step=stateful RMSProp step applied
      unit 22/65 rc=506 chunks=26 trained_queries=1281767 trained_events=1382126 mean_loss=2.082579 lr=0.00225167 step=stateful RMSProp step applied
      unit 23/65 rc=14596 chunks=1 trained_queries=36794 trained_events=39556 mean_loss=2.098554 lr=0.00224916 step=stateful RMSProp step applied
      unit 24/65 rc=62437 chunks=4 trained_queries=171115 trained_events=191208 mean_loss=1.982090 lr=0.00224665 step=stateful RMSProp step applied
      unit 25/65 rc=425 chunks=9 trained_queries=424575 trained_events=458428 mean_loss=2.077452 lr=0.00224413 step=stateful RMSProp step applied
      unit 26/65 rc=314 chunks=7 trained_queries=314647 trained_events=338892 mean_loss=2.109471 lr=0.00224161 step=stateful RMSProp step applied
      unit 27/65 rc=531 chunks=11 trained_queries=528936 trained_events=574692 mean_loss=2.050464 lr=0.00223909 step=stateful RMSProp step applied
      unit 28/65 rc=620 chunks=12 trained_queries=567606 trained_events=609782 mean_loss=2.085228 lr=0.00223657 step=stateful RMSProp step applied
      unit 29/65 rc=8062 chunks=4 trained_queries=160626 trained_events=173228 mean_loss=2.122059 lr=0.00223404 step=stateful RMSProp step applied
      unit 30/65 rc=97778 chunks=1 trained_queries=24821 trained_events=28644 mean_loss=1.885054 lr=0.00223151 step=stateful RMSProp step applied
      unit 31/65 rc=226 chunks=11 trained_queries=522108 trained_events=564898 mean_loss=2.099756 lr=0.00222898 step=stateful RMSProp step applied
      unit 32/65 rc=85 chunks=10 trained_queries=488847 trained_events=525016 mean_loss=2.151274 lr=0.00222644 step=stateful RMSProp step applied
      unit 33/65 rc=2725 chunks=16 trained_queries=754625 trained_events=807195 mean_loss=2.131354 lr=0.0022239 step=stateful RMSProp step applied
      unit 34/65 rc=3135 chunks=8 trained_queries=366260 trained_events=400520 mean_loss=2.068682 lr=0.00222136 step=stateful RMSProp step applied
      unit 35/65 rc=1739 chunks=2 trained_queries=87562 trained_events=94736 mean_loss=2.060598 lr=0.00221882 step=stateful RMSProp step applied
      unit 36/65 rc=373 chunks=8 trained_queries=386604 trained_events=414982 mean_loss=2.085879 lr=0.00221627 step=stateful RMSProp step applied
      unit 37/65 rc=452305 chunks=1 trained_queries=13040 trained_events=13888 mean_loss=2.010200 lr=0.00221372 step=stateful RMSProp step applied
      unit 38/65 rc=141 chunks=4 trained_queries=195453 trained_events=209808 mean_loss=2.050362 lr=0.00221117 step=stateful RMSProp step applied
      unit 39/65 rc=260398 chunks=1 trained_queries=18549 trained_events=19964 mean_loss=1.924546 lr=0.00220861 step=stateful RMSProp step applied
      unit 40/65 rc=41 chunks=124 trained_queries=6163183 trained_events=6532996 mean_loss=2.111925 lr=0.00220606 step=stateful RMSProp step applied
      unit 41/65 rc=569 chunks=26 trained_queries=1259071 trained_events=1333052 mean_loss=2.106904 lr=0.0022035 step=stateful RMSProp step applied
      unit 42/65 rc=36 chunks=35 trained_queries=1745157 trained_events=1848439 mean_loss=2.109971 lr=0.00220093 step=stateful RMSProp step applied
      unit 43/65 rc=39 chunks=70 trained_queries=3489609 trained_events=3701941 mean_loss=2.098082 lr=0.00219837 step=stateful RMSProp step applied
      unit 44/65 rc=14 chunks=211 trained_queries=10509349 trained_events=11170444 mean_loss=2.110044 lr=0.0021958 step=stateful RMSProp step applied
      unit 45/65 rc=21 chunks=36 trained_queries=1758042 trained_events=1864623 mean_loss=2.106815 lr=0.00219323 step=stateful RMSProp step applied
      unit 46/65 rc=550 chunks=30 trained_queries=1491599 trained_events=1575272 mean_loss=2.113193 lr=0.00219066 step=stateful RMSProp step applied
      unit 47/65 rc=51 chunks=114 trained_queries=5673809 trained_events=6048192 mean_loss=2.104163 lr=0.00218808 step=stateful RMSProp step applied
      unit 48/65 rc=2 chunks=102 trained_queries=5051998 trained_events=5357586 mean_loss=2.107253 lr=0.0021855 step=stateful RMSProp step applied
      unit 49/65 rc=1069 chunks=2 trained_queries=71644 trained_events=75516 mean_loss=2.079872 lr=0.00218292 step=stateful RMSProp step applied
      unit 50/65 rc=73 chunks=16 trained_queries=790720 trained_events=835488 mean_loss=2.081420 lr=0.00218034 step=stateful RMSProp step applied
      unit 51/65 rc=79 chunks=75 trained_queries=3736786 trained_events=3953843 mean_loss=2.094202 lr=0.00217775 step=stateful RMSProp step applied
      unit 52/65 rc=63 chunks=50 trained_queries=2471897 trained_events=2621838 mean_loss=2.082526 lr=0.00217517 step=stateful RMSProp step applied
      unit 53/65 rc=15 chunks=108 trained_queries=5390515 trained_events=5717589 mean_loss=2.088920 lr=0.00217257 step=stateful RMSProp step applied
      unit 54/65 rc=22 chunks=147 trained_queries=7317596 trained_events=7770966 mean_loss=2.088753 lr=0.00216998 step=stateful RMSProp step applied
      unit 55/65 rc=32 chunks=25 trained_queries=1208977 trained_events=1277820 mean_loss=2.094315 lr=0.00216739 step=stateful RMSProp step applied
      unit 56/65 rc=8446 chunks=2 trained_queries=69102 trained_events=73284 mean_loss=2.066229 lr=0.00216479 step=stateful RMSProp step applied
      unit 57/65 rc=3 chunks=110 trained_queries=5457031 trained_events=5779345 mean_loss=2.110992 lr=0.00216219 step=stateful RMSProp step applied
      unit 58/65 rc=4 chunks=111 trained_queries=5516836 trained_events=5854709 mean_loss=2.159558 lr=0.00215958 step=stateful RMSProp step applied
      unit 59/65 rc=5 chunks=149 trained_queries=7411233 trained_events=7899836 mean_loss=2.134289 lr=0.00215698 step=stateful RMSProp step applied
      unit 60/65 rc=48 chunks=60 trained_queries=2973228 trained_events=3145342 mean_loss=2.113845 lr=0.00215437 step=stateful RMSProp step applied
      unit 61/65 rc=164 chunks=18 trained_queries=871265 trained_events=922669 mean_loss=2.077245 lr=0.00215176 step=stateful RMSProp step applied
      unit 62/65 rc=28 chunks=39 trained_queries=1945234 trained_events=2065842 mean_loss=2.080986 lr=0.00214915 step=stateful RMSProp step applied
      unit 63/65 rc=9786 chunks=2 trained_queries=59517 trained_events=62372 mean_loss=2.087987 lr=0.00214653 step=stateful RMSProp step applied
      unit 64/65 rc=44 chunks=46 trained_queries=2269131 trained_events=2417215 mean_loss=2.061461 lr=0.00214391 step=stateful RMSProp step applied
      unit 65/65 rc=13 chunks=1 trained_queries=40285 trained_events=42160 mean_loss=2.085530 lr=0.00214129 step=stateful RMSProp step applied
    stage-epoch 9 summary trained_queries=123189067 trained_events=131385626 mean_loss=2.111661
    stage-epoch 10/25
      unit 1/65 rc=17 chunks=86 trained_queries=4283062 trained_events=4670471 mean_loss=2.077380 lr=0.00213867 step=stateful RMSProp step applied
      unit 2/65 rc=6 chunks=374 trained_queries=18661859 trained_events=20055906 mean_loss=2.097750 lr=0.00213604 step=stateful RMSProp step applied
      unit 3/65 rc=597 chunks=5 trained_queries=234506 trained_events=249488 mean_loss=2.081174 lr=0.00213342 step=stateful RMSProp step applied
      unit 4/65 rc=1027293 chunks=1 trained_queries=124 trained_events=124 mean_loss=1.725060 lr=0.00213079 step=stateful RMSProp step applied
      unit 5/65 rc=111938 chunks=1 trained_queries=365 trained_events=372 mean_loss=2.305947 lr=0.00212815 step=stateful RMSProp step applied
      unit 6/65 rc=384 chunks=14 trained_queries=689527 trained_events=729120 mean_loss=2.356042 lr=0.00212552 step=stateful RMSProp step applied
      unit 7/65 rc=54 chunks=44 trained_queries=2182526 trained_events=2339320 mean_loss=2.226469 lr=0.00212288 step=stateful RMSProp step applied
      unit 8/65 rc=2093 chunks=5 trained_queries=212409 trained_events=221836 mean_loss=2.188614 lr=0.00212024 step=stateful RMSProp step applied
      unit 9/65 rc=74 chunks=17 trained_queries=824408 trained_events=916249 mean_loss=2.058111 lr=0.0021176 step=stateful RMSProp step applied
      unit 10/65 rc=882313 chunks=1 trained_queries=2708 trained_events=3348 mean_loss=1.845848 lr=0.00211496 step=stateful RMSProp step applied
      unit 11/65 rc=16 chunks=23 trained_queries=1118787 trained_events=1200145 mean_loss=2.127603 lr=0.00211231 step=stateful RMSProp step applied
      unit 12/65 rc=556 chunks=9 trained_queries=402908 trained_events=427924 mean_loss=2.107415 lr=0.00210966 step=stateful RMSProp step applied
      unit 13/65 rc=213 chunks=6 trained_queries=265773 trained_events=288300 mean_loss=2.072030 lr=0.00210701 step=stateful RMSProp step applied
      unit 14/65 rc=78 chunks=17 trained_queries=834115 trained_events=894861 mean_loss=2.073684 lr=0.00210436 step=stateful RMSProp step applied
      unit 15/65 rc=18 chunks=6 trained_queries=296769 trained_events=319176 mean_loss=2.058913 lr=0.0021017 step=stateful RMSProp step applied
      unit 16/65 rc=7 chunks=9 trained_queries=416424 trained_events=452848 mean_loss=2.046576 lr=0.00209905 step=stateful RMSProp step applied
      unit 17/65 rc=6318 chunks=5 trained_queries=224634 trained_events=244528 mean_loss=2.013784 lr=0.00209639 step=stateful RMSProp step applied
      unit 18/65 rc=3129 chunks=14 trained_queries=656402 trained_events=713248 mean_loss=2.001569 lr=0.00209373 step=stateful RMSProp step applied
      unit 19/65 rc=1 chunks=4 trained_queries=199346 trained_events=215884 mean_loss=2.066233 lr=0.00209106 step=stateful RMSProp step applied
      unit 20/65 rc=14974 chunks=6 trained_queries=263799 trained_events=288300 mean_loss=2.012384 lr=0.00208839 step=stateful RMSProp step applied
      unit 21/65 rc=3051 chunks=7 trained_queries=331867 trained_events=358236 mean_loss=2.036527 lr=0.00208573 step=stateful RMSProp step applied
      unit 22/65 rc=506 chunks=26 trained_queries=1281767 trained_events=1382126 mean_loss=2.041690 lr=0.00208305 step=stateful RMSProp step applied
      unit 23/65 rc=14596 chunks=1 trained_queries=36794 trained_events=39556 mean_loss=2.077012 lr=0.00208038 step=stateful RMSProp step applied
      unit 24/65 rc=62437 chunks=4 trained_queries=171115 trained_events=191208 mean_loss=1.969246 lr=0.00207771 step=stateful RMSProp step applied
      unit 25/65 rc=425 chunks=9 trained_queries=424575 trained_events=458428 mean_loss=2.067898 lr=0.00207503 step=stateful RMSProp step applied
      unit 26/65 rc=314 chunks=7 trained_queries=314647 trained_events=338892 mean_loss=2.081123 lr=0.00207235 step=stateful RMSProp step applied
      unit 27/65 rc=531 chunks=11 trained_queries=528936 trained_events=574692 mean_loss=2.022627 lr=0.00206967 step=stateful RMSProp step applied
      unit 28/65 rc=620 chunks=12 trained_queries=567606 trained_events=609782 mean_loss=2.050585 lr=0.00206699 step=stateful RMSProp step applied
      unit 29/65 rc=8062 chunks=4 trained_queries=160626 trained_events=173228 mean_loss=2.076222 lr=0.0020643 step=stateful RMSProp step applied
      unit 30/65 rc=97778 chunks=1 trained_queries=24821 trained_events=28644 mean_loss=1.814150 lr=0.00206161 step=stateful RMSProp step applied
      unit 31/65 rc=226 chunks=11 trained_queries=522108 trained_events=564898 mean_loss=2.007808 lr=0.00205892 step=stateful RMSProp step applied
      unit 32/65 rc=85 chunks=10 trained_queries=488847 trained_events=525016 mean_loss=2.057083 lr=0.00205623 step=stateful RMSProp step applied
      unit 33/65 rc=2725 chunks=16 trained_queries=754625 trained_events=807195 mean_loss=2.040736 lr=0.00205353 step=stateful RMSProp step applied
      unit 34/65 rc=3135 chunks=8 trained_queries=366260 trained_events=400520 mean_loss=1.982747 lr=0.00205084 step=stateful RMSProp step applied
      unit 35/65 rc=1739 chunks=2 trained_queries=87562 trained_events=94736 mean_loss=2.003637 lr=0.00204814 step=stateful RMSProp step applied
      unit 36/65 rc=373 chunks=8 trained_queries=386604 trained_events=414982 mean_loss=2.038178 lr=0.00204544 step=stateful RMSProp step applied
      unit 37/65 rc=452305 chunks=1 trained_queries=13040 trained_events=13888 mean_loss=1.970483 lr=0.00204274 step=stateful RMSProp step applied
      unit 38/65 rc=141 chunks=4 trained_queries=195453 trained_events=209808 mean_loss=2.020491 lr=0.00204003 step=stateful RMSProp step applied
      unit 39/65 rc=260398 chunks=1 trained_queries=18549 trained_events=19964 mean_loss=1.893597 lr=0.00203733 step=stateful RMSProp step applied
      unit 40/65 rc=41 chunks=124 trained_queries=6163183 trained_events=6532996 mean_loss=2.081615 lr=0.00203462 step=stateful RMSProp step applied
      unit 41/65 rc=569 chunks=26 trained_queries=1259071 trained_events=1333052 mean_loss=2.079315 lr=0.00203191 step=stateful RMSProp step applied
      unit 42/65 rc=36 chunks=35 trained_queries=1745157 trained_events=1848439 mean_loss=2.077283 lr=0.00202919 step=stateful RMSProp step applied
      unit 43/65 rc=39 chunks=70 trained_queries=3489609 trained_events=3701941 mean_loss=2.064913 lr=0.00202648 step=stateful RMSProp step applied
      unit 44/65 rc=14 chunks=211 trained_queries=10509349 trained_events=11170444 mean_loss=2.070819 lr=0.00202376 step=stateful RMSProp step applied
      unit 45/65 rc=21 chunks=36 trained_queries=1758042 trained_events=1864623 mean_loss=2.073470 lr=0.00202105 step=stateful RMSProp step applied
      unit 46/65 rc=550 chunks=30 trained_queries=1491599 trained_events=1575272 mean_loss=2.079259 lr=0.00201833 step=stateful RMSProp step applied
      unit 47/65 rc=51 chunks=114 trained_queries=5673809 trained_events=6048192 mean_loss=2.068692 lr=0.0020156 step=stateful RMSProp step applied
      unit 48/65 rc=2 chunks=102 trained_queries=5051998 trained_events=5357586 mean_loss=2.065693 lr=0.00201288 step=stateful RMSProp step applied
      unit 49/65 rc=1069 chunks=2 trained_queries=71644 trained_events=75516 mean_loss=2.044937 lr=0.00201015 step=stateful RMSProp step applied
      unit 50/65 rc=73 chunks=16 trained_queries=790720 trained_events=835488 mean_loss=2.050446 lr=0.00200742 step=stateful RMSProp step applied
      unit 51/65 rc=79 chunks=75 trained_queries=3736786 trained_events=3953843 mean_loss=2.070818 lr=0.00200469 step=stateful RMSProp step applied
      unit 52/65 rc=63 chunks=50 trained_queries=2471897 trained_events=2621838 mean_loss=2.061233 lr=0.00200196 step=stateful RMSProp step applied
      unit 53/65 rc=15 chunks=108 trained_queries=5390515 trained_events=5717589 mean_loss=2.068079 lr=0.00199923 step=stateful RMSProp step applied
      unit 54/65 rc=22 chunks=147 trained_queries=7317596 trained_events=7770966 mean_loss=2.064341 lr=0.00199649 step=stateful RMSProp step applied
      unit 55/65 rc=32 chunks=25 trained_queries=1208977 trained_events=1277820 mean_loss=2.070858 lr=0.00199376 step=stateful RMSProp step applied
      unit 56/65 rc=8446 chunks=2 trained_queries=69102 trained_events=73284 mean_loss=2.041534 lr=0.00199102 step=stateful RMSProp step applied
      unit 57/65 rc=3 chunks=110 trained_queries=5457031 trained_events=5779345 mean_loss=2.058327 lr=0.00198828 step=stateful RMSProp step applied
      unit 58/65 rc=4 chunks=111 trained_queries=5516836 trained_events=5854709 mean_loss=2.053723 lr=0.00198553 step=stateful RMSProp step applied
      unit 59/65 rc=5 chunks=149 trained_queries=7411233 trained_events=7899836 mean_loss=2.041294 lr=0.00198279 step=stateful RMSProp step applied
      unit 60/65 rc=48 chunks=60 trained_queries=2973228 trained_events=3145342 mean_loss=2.046339 lr=0.00198004 step=stateful RMSProp step applied
      unit 61/65 rc=164 chunks=18 trained_queries=871265 trained_events=922669 mean_loss=2.026810 lr=0.00197729 step=stateful RMSProp step applied
      unit 62/65 rc=28 chunks=39 trained_queries=1945234 trained_events=2065842 mean_loss=2.036848 lr=0.00197454 step=stateful RMSProp step applied
      unit 63/65 rc=9786 chunks=2 trained_queries=59517 trained_events=62372 mean_loss=2.048566 lr=0.00197179 step=stateful RMSProp step applied
      unit 64/65 rc=44 chunks=46 trained_queries=2269131 trained_events=2417215 mean_loss=2.026681 lr=0.00196904 step=stateful RMSProp step applied
      unit 65/65 rc=13 chunks=1 trained_queries=40285 trained_events=42160 mean_loss=2.052255 lr=0.00196628 step=stateful RMSProp step applied
    stage-epoch 10 summary trained_queries=123189067 trained_events=131385626 mean_loss=2.071821
    stage-epoch 11/25
      unit 1/65 rc=17 chunks=86 trained_queries=4283062 trained_events=4670471 mean_loss=2.040557 lr=0.00196353 step=stateful RMSProp step applied
      unit 2/65 rc=6 chunks=374 trained_queries=18661859 trained_events=20055906 mean_loss=2.053695 lr=0.00196077 step=stateful RMSProp step applied
      unit 3/65 rc=597 chunks=5 trained_queries=234506 trained_events=249488 mean_loss=2.034230 lr=0.00195801 step=stateful RMSProp step applied
      unit 4/65 rc=1027293 chunks=1 trained_queries=124 trained_events=124 mean_loss=1.632895 lr=0.00195524 step=stateful RMSProp step applied
      unit 5/65 rc=111938 chunks=1 trained_queries=365 trained_events=372 mean_loss=2.246801 lr=0.00195248 step=stateful RMSProp step applied
      unit 6/65 rc=384 chunks=14 trained_queries=689527 trained_events=729120 mean_loss=2.301754 lr=0.00194971 step=stateful RMSProp step applied
      unit 7/65 rc=54 chunks=44 trained_queries=2182526 trained_events=2339320 mean_loss=2.172185 lr=0.00194695 step=stateful RMSProp step applied
      unit 8/65 rc=2093 chunks=5 trained_queries=212409 trained_events=221836 mean_loss=2.159556 lr=0.00194418 step=stateful RMSProp step applied
      unit 9/65 rc=74 chunks=17 trained_queries=824408 trained_events=916249 mean_loss=2.023637 lr=0.00194141 step=stateful RMSProp step applied
      unit 10/65 rc=882313 chunks=1 trained_queries=2708 trained_events=3348 mean_loss=1.786486 lr=0.00193863 step=stateful RMSProp step applied
      unit 11/65 rc=16 chunks=23 trained_queries=1118787 trained_events=1200145 mean_loss=2.066299 lr=0.00193586 step=stateful RMSProp step applied
      unit 12/65 rc=556 chunks=9 trained_queries=402908 trained_events=427924 mean_loss=2.059718 lr=0.00193309 step=stateful RMSProp step applied
      unit 13/65 rc=213 chunks=6 trained_queries=265773 trained_events=288300 mean_loss=2.019440 lr=0.00193031 step=stateful RMSProp step applied
      unit 14/65 rc=78 chunks=17 trained_queries=834115 trained_events=894861 mean_loss=2.033242 lr=0.00192753 step=stateful RMSProp step applied
      unit 15/65 rc=18 chunks=6 trained_queries=296769 trained_events=319176 mean_loss=2.022215 lr=0.00192475 step=stateful RMSProp step applied
      unit 16/65 rc=7 chunks=9 trained_queries=416424 trained_events=452848 mean_loss=2.008155 lr=0.00192197 step=stateful RMSProp step applied
      unit 17/65 rc=6318 chunks=5 trained_queries=224634 trained_events=244528 mean_loss=1.983754 lr=0.00191918 step=stateful RMSProp step applied
      unit 18/65 rc=3129 chunks=14 trained_queries=656402 trained_events=713248 mean_loss=1.970053 lr=0.0019164 step=stateful RMSProp step applied
      unit 19/65 rc=1 chunks=4 trained_queries=199346 trained_events=215884 mean_loss=2.034707 lr=0.00191361 step=stateful RMSProp step applied
      unit 20/65 rc=14974 chunks=6 trained_queries=263799 trained_events=288300 mean_loss=1.982781 lr=0.00191082 step=stateful RMSProp step applied
      unit 21/65 rc=3051 chunks=7 trained_queries=331867 trained_events=358236 mean_loss=2.004689 lr=0.00190803 step=stateful RMSProp step applied
      unit 22/65 rc=506 chunks=26 trained_queries=1281767 trained_events=1382126 mean_loss=2.004986 lr=0.00190524 step=stateful RMSProp step applied
      unit 23/65 rc=14596 chunks=1 trained_queries=36794 trained_events=39556 mean_loss=2.033207 lr=0.00190245 step=stateful RMSProp step applied
      unit 24/65 rc=62437 chunks=4 trained_queries=171115 trained_events=191208 mean_loss=1.907963 lr=0.00189965 step=stateful RMSProp step applied
      unit 25/65 rc=425 chunks=9 trained_queries=424575 trained_events=458428 mean_loss=2.002602 lr=0.00189686 step=stateful RMSProp step applied
      unit 26/65 rc=314 chunks=7 trained_queries=314647 trained_events=338892 mean_loss=2.037775 lr=0.00189406 step=stateful RMSProp step applied
      unit 27/65 rc=531 chunks=11 trained_queries=528936 trained_events=574692 mean_loss=1.976109 lr=0.00189126 step=stateful RMSProp step applied
      unit 28/65 rc=620 chunks=12 trained_queries=567606 trained_events=609782 mean_loss=2.013465 lr=0.00188846 step=stateful RMSProp step applied
      unit 29/65 rc=8062 chunks=4 trained_queries=160626 trained_events=173228 mean_loss=2.044686 lr=0.00188566 step=stateful RMSProp step applied
      unit 30/65 rc=97778 chunks=1 trained_queries=24821 trained_events=28644 mean_loss=1.793826 lr=0.00188286 step=stateful RMSProp step applied
      unit 31/65 rc=226 chunks=11 trained_queries=522108 trained_events=564898 mean_loss=2.035597 lr=0.00188005 step=stateful RMSProp step applied
      unit 32/65 rc=85 chunks=10 trained_queries=488847 trained_events=525016 mean_loss=2.054136 lr=0.00187725 step=stateful RMSProp step applied
      unit 33/65 rc=2725 chunks=16 trained_queries=754625 trained_events=807195 mean_loss=2.020887 lr=0.00187444 step=stateful RMSProp step applied
      unit 34/65 rc=3135 chunks=8 trained_queries=366260 trained_events=400520 mean_loss=1.955861 lr=0.00187163 step=stateful RMSProp step applied
      unit 35/65 rc=1739 chunks=2 trained_queries=87562 trained_events=94736 mean_loss=1.981290 lr=0.00186882 step=stateful RMSProp step applied
      unit 36/65 rc=373 chunks=8 trained_queries=386604 trained_events=414982 mean_loss=2.010507 lr=0.00186601 step=stateful RMSProp step applied
      unit 37/65 rc=452305 chunks=1 trained_queries=13040 trained_events=13888 mean_loss=1.933342 lr=0.0018632 step=stateful RMSProp step applied
      unit 38/65 rc=141 chunks=4 trained_queries=195453 trained_events=209808 mean_loss=1.973999 lr=0.00186038 step=stateful RMSProp step applied
      unit 39/65 rc=260398 chunks=1 trained_queries=18549 trained_events=19964 mean_loss=1.856843 lr=0.00185757 step=stateful RMSProp step applied
      unit 40/65 rc=41 chunks=124 trained_queries=6163183 trained_events=6532996 mean_loss=2.048146 lr=0.00185475 step=stateful RMSProp step applied
      unit 41/65 rc=569 chunks=26 trained_queries=1259071 trained_events=1333052 mean_loss=2.039955 lr=0.00185193 step=stateful RMSProp step applied
      unit 42/65 rc=36 chunks=35 trained_queries=1745157 trained_events=1848439 mean_loss=2.037043 lr=0.00184911 step=stateful RMSProp step applied
      unit 43/65 rc=39 chunks=70 trained_queries=3489609 trained_events=3701941 mean_loss=2.024295 lr=0.00184629 step=stateful RMSProp step applied
      unit 44/65 rc=14 chunks=211 trained_queries=10509349 trained_events=11170444 mean_loss=2.030191 lr=0.00184347 step=stateful RMSProp step applied
      unit 45/65 rc=21 chunks=36 trained_queries=1758042 trained_events=1864623 mean_loss=2.029820 lr=0.00184064 step=stateful RMSProp step applied
      unit 46/65 rc=550 chunks=30 trained_queries=1491599 trained_events=1575272 mean_loss=2.035463 lr=0.00183782 step=stateful RMSProp step applied
      unit 47/65 rc=51 chunks=114 trained_queries=5673809 trained_events=6048192 mean_loss=2.027541 lr=0.00183499 step=stateful RMSProp step applied
      unit 48/65 rc=2 chunks=102 trained_queries=5051998 trained_events=5357586 mean_loss=2.036374 lr=0.00183217 step=stateful RMSProp step applied
      unit 49/65 rc=1069 chunks=2 trained_queries=71644 trained_events=75516 mean_loss=2.017646 lr=0.00182934 step=stateful RMSProp step applied
      unit 50/65 rc=73 chunks=16 trained_queries=790720 trained_events=835488 mean_loss=2.029638 lr=0.00182651 step=stateful RMSProp step applied
      unit 51/65 rc=79 chunks=75 trained_queries=3736786 trained_events=3953843 mean_loss=2.051873 lr=0.00182368 step=stateful RMSProp step applied
      unit 52/65 rc=63 chunks=50 trained_queries=2471897 trained_events=2621838 mean_loss=2.040294 lr=0.00182084 step=stateful RMSProp step applied
      unit 53/65 rc=15 chunks=108 trained_queries=5390515 trained_events=5717589 mean_loss=2.044914 lr=0.00181801 step=stateful RMSProp step applied
      unit 54/65 rc=22 chunks=147 trained_queries=7317596 trained_events=7770966 mean_loss=2.039763 lr=0.00181518 step=stateful RMSProp step applied
      unit 55/65 rc=32 chunks=25 trained_queries=1208977 trained_events=1277820 mean_loss=2.041071 lr=0.00181234 step=stateful RMSProp step applied
      unit 56/65 rc=8446 chunks=2 trained_queries=69102 trained_events=73284 mean_loss=2.001090 lr=0.0018095 step=stateful RMSProp step applied
      unit 57/65 rc=3 chunks=110 trained_queries=5457031 trained_events=5779345 mean_loss=2.032638 lr=0.00180667 step=stateful RMSProp step applied
      unit 58/65 rc=4 chunks=111 trained_queries=5516836 trained_events=5854709 mean_loss=2.029818 lr=0.00180383 step=stateful RMSProp step applied
      unit 59/65 rc=5 chunks=149 trained_queries=7411233 trained_events=7899836 mean_loss=2.016594 lr=0.00180099 step=stateful RMSProp step applied
      unit 60/65 rc=48 chunks=60 trained_queries=2973228 trained_events=3145342 mean_loss=2.022429 lr=0.00179814 step=stateful RMSProp step applied
      unit 61/65 rc=164 chunks=18 trained_queries=871265 trained_events=922669 mean_loss=2.002196 lr=0.0017953 step=stateful RMSProp step applied
      unit 62/65 rc=28 chunks=39 trained_queries=1945234 trained_events=2065842 mean_loss=2.012397 lr=0.00179246 step=stateful RMSProp step applied
      unit 63/65 rc=9786 chunks=2 trained_queries=59517 trained_events=62372 mean_loss=2.021704 lr=0.00178961 step=stateful RMSProp step applied
      unit 64/65 rc=44 chunks=46 trained_queries=2269131 trained_events=2417215 mean_loss=1.998974 lr=0.00178677 step=stateful RMSProp step applied
      unit 65/65 rc=13 chunks=1 trained_queries=40285 trained_events=42160 mean_loss=2.013683 lr=0.00178392 step=stateful RMSProp step applied
    stage-epoch 11 summary trained_queries=123189067 trained_events=131385626 mean_loss=2.038130
    stage-epoch 12/25
      unit 1/65 rc=17 chunks=86 trained_queries=4283062 trained_events=4670471 mean_loss=2.004389 lr=0.00178107 step=stateful RMSProp step applied
      unit 2/65 rc=6 chunks=374 trained_queries=18661859 trained_events=20055906 mean_loss=2.020597 lr=0.00177822 step=stateful RMSProp step applied
      unit 3/65 rc=597 chunks=5 trained_queries=234506 trained_events=249488 mean_loss=2.006648 lr=0.00177537 step=stateful RMSProp step applied
      unit 4/65 rc=1027293 chunks=1 trained_queries=124 trained_events=124 mean_loss=1.596839 lr=0.00177252 step=stateful RMSProp step applied
      unit 5/65 rc=111938 chunks=1 trained_queries=365 trained_events=372 mean_loss=2.184127 lr=0.00176967 step=stateful RMSProp step applied
      unit 6/65 rc=384 chunks=14 trained_queries=689527 trained_events=729120 mean_loss=2.324041 lr=0.00176682 step=stateful RMSProp step applied
      unit 7/65 rc=54 chunks=44 trained_queries=2182526 trained_events=2339320 mean_loss=2.153778 lr=0.00176396 step=stateful RMSProp step applied
      unit 8/65 rc=2093 chunks=5 trained_queries=212409 trained_events=221836 mean_loss=2.119809 lr=0.00176111 step=stateful RMSProp step applied
      unit 9/65 rc=74 chunks=17 trained_queries=824408 trained_events=916249 mean_loss=1.986865 lr=0.00175825 step=stateful RMSProp step applied
      unit 10/65 rc=882313 chunks=1 trained_queries=2708 trained_events=3348 mean_loss=1.749359 lr=0.00175539 step=stateful RMSProp step applied
      unit 11/65 rc=16 chunks=23 trained_queries=1118787 trained_events=1200145 mean_loss=2.028952 lr=0.00175254 step=stateful RMSProp step applied
      unit 12/65 rc=556 chunks=9 trained_queries=402908 trained_events=427924 mean_loss=2.028722 lr=0.00174968 step=stateful RMSProp step applied
      unit 13/65 rc=213 chunks=6 trained_queries=265773 trained_events=288300 mean_loss=1.988809 lr=0.00174682 step=stateful RMSProp step applied
      unit 14/65 rc=78 chunks=17 trained_queries=834115 trained_events=894861 mean_loss=2.002512 lr=0.00174396 step=stateful RMSProp step applied
      unit 15/65 rc=18 chunks=6 trained_queries=296769 trained_events=319176 mean_loss=1.991901 lr=0.00174109 step=stateful RMSProp step applied
      unit 16/65 rc=7 chunks=9 trained_queries=416424 trained_events=452848 mean_loss=1.976104 lr=0.00173823 step=stateful RMSProp step applied
      unit 17/65 rc=6318 chunks=5 trained_queries=224634 trained_events=244528 mean_loss=1.948431 lr=0.00173537 step=stateful RMSProp step applied
      unit 18/65 rc=3129 chunks=14 trained_queries=656402 trained_events=713248 mean_loss=1.937994 lr=0.0017325 step=stateful RMSProp step applied
      unit 19/65 rc=1 chunks=4 trained_queries=199346 trained_events=215884 mean_loss=2.000006 lr=0.00172964 step=stateful RMSProp step applied
      unit 20/65 rc=14974 chunks=6 trained_queries=263799 trained_events=288300 mean_loss=1.949157 lr=0.00172677 step=stateful RMSProp step applied
      unit 21/65 rc=3051 chunks=7 trained_queries=331867 trained_events=358236 mean_loss=1.976266 lr=0.0017239 step=stateful RMSProp step applied
      unit 22/65 rc=506 chunks=26 trained_queries=1281767 trained_events=1382126 mean_loss=1.983035 lr=0.00172104 step=stateful RMSProp step applied
      unit 23/65 rc=14596 chunks=1 trained_queries=36794 trained_events=39556 mean_loss=1.997599 lr=0.00171817 step=stateful RMSProp step applied
      unit 24/65 rc=62437 chunks=4 trained_queries=171115 trained_events=191208 mean_loss=1.873016 lr=0.0017153 step=stateful RMSProp step applied
      unit 25/65 rc=425 chunks=9 trained_queries=424575 trained_events=458428 mean_loss=1.969416 lr=0.00171243 step=stateful RMSProp step applied
      unit 26/65 rc=314 chunks=7 trained_queries=314647 trained_events=338892 mean_loss=2.006982 lr=0.00170956 step=stateful RMSProp step applied
      unit 27/65 rc=531 chunks=11 trained_queries=528936 trained_events=574692 mean_loss=1.948340 lr=0.00170669 step=stateful RMSProp step applied
      unit 28/65 rc=620 chunks=12 trained_queries=567606 trained_events=609782 mean_loss=1.984389 lr=0.00170381 step=stateful RMSProp step applied
      unit 29/65 rc=8062 chunks=4 trained_queries=160626 trained_events=173228 mean_loss=2.013971 lr=0.00170094 step=stateful RMSProp step applied
      unit 30/65 rc=97778 chunks=1 trained_queries=24821 trained_events=28644 mean_loss=1.753355 lr=0.00169807 step=stateful RMSProp step applied
      unit 31/65 rc=226 chunks=11 trained_queries=522108 trained_events=564898 mean_loss=1.963617 lr=0.00169519 step=stateful RMSProp step applied
      unit 32/65 rc=85 chunks=10 trained_queries=488847 trained_events=525016 mean_loss=2.010538 lr=0.00169231 step=stateful RMSProp step applied
      unit 33/65 rc=2725 chunks=16 trained_queries=754625 trained_events=807195 mean_loss=1.993910 lr=0.00168944 step=stateful RMSProp step applied
      unit 34/65 rc=3135 chunks=8 trained_queries=366260 trained_events=400520 mean_loss=1.932037 lr=0.00168656 step=stateful RMSProp step applied
      unit 35/65 rc=1739 chunks=2 trained_queries=87562 trained_events=94736 mean_loss=1.955093 lr=0.00168368 step=stateful RMSProp step applied
      unit 36/65 rc=373 chunks=8 trained_queries=386604 trained_events=414982 mean_loss=1.995560 lr=0.0016808 step=stateful RMSProp step applied
      unit 37/65 rc=452305 chunks=1 trained_queries=13040 trained_events=13888 mean_loss=1.906623 lr=0.00167793 step=stateful RMSProp step applied
      unit 38/65 rc=141 chunks=4 trained_queries=195453 trained_events=209808 mean_loss=1.955723 lr=0.00167505 step=stateful RMSProp step applied
      unit 39/65 rc=260398 chunks=1 trained_queries=18549 trained_events=19964 mean_loss=1.836985 lr=0.00167217 step=stateful RMSProp step applied
      unit 40/65 rc=41 chunks=124 trained_queries=6163183 trained_events=6532996 mean_loss=2.043155 lr=0.00166928 step=stateful RMSProp step applied
      unit 41/65 rc=569 chunks=26 trained_queries=1259071 trained_events=1333052 mean_loss=2.034877 lr=0.0016664 step=stateful RMSProp step applied
      unit 42/65 rc=36 chunks=35 trained_queries=1745157 trained_events=1848439 mean_loss=2.026859 lr=0.00166352 step=stateful RMSProp step applied
      unit 43/65 rc=39 chunks=70 trained_queries=3489609 trained_events=3701941 mean_loss=2.004143 lr=0.00166064 step=stateful RMSProp step applied
      unit 44/65 rc=14 chunks=211 trained_queries=10509349 trained_events=11170444 mean_loss=2.008503 lr=0.00165775 step=stateful RMSProp step applied
      unit 45/65 rc=21 chunks=36 trained_queries=1758042 trained_events=1864623 mean_loss=2.006500 lr=0.00165487 step=stateful RMSProp step applied
      unit 46/65 rc=550 chunks=30 trained_queries=1491599 trained_events=1575272 mean_loss=2.010842 lr=0.00165199 step=stateful RMSProp step applied
      unit 47/65 rc=51 chunks=114 trained_queries=5673809 trained_events=6048192 mean_loss=2.000115 lr=0.0016491 step=stateful RMSProp step applied
      unit 48/65 rc=2 chunks=102 trained_queries=5051998 trained_events=5357586 mean_loss=2.006542 lr=0.00164621 step=stateful RMSProp step applied
      unit 49/65 rc=1069 chunks=2 trained_queries=71644 trained_events=75516 mean_loss=1.984738 lr=0.00164333 step=stateful RMSProp step applied
      unit 50/65 rc=73 chunks=16 trained_queries=790720 trained_events=835488 mean_loss=1.988564 lr=0.00164044 step=stateful RMSProp step applied
      unit 51/65 rc=79 chunks=75 trained_queries=3736786 trained_events=3953843 mean_loss=2.007186 lr=0.00163755 step=stateful RMSProp step applied
      unit 52/65 rc=63 chunks=50 trained_queries=2471897 trained_events=2621838 mean_loss=1.999346 lr=0.00163467 step=stateful RMSProp step applied
      unit 53/65 rc=15 chunks=108 trained_queries=5390515 trained_events=5717589 mean_loss=2.007042 lr=0.00163178 step=stateful RMSProp step applied
      unit 54/65 rc=22 chunks=147 trained_queries=7317596 trained_events=7770966 mean_loss=2.006469 lr=0.00162889 step=stateful RMSProp step applied
      unit 55/65 rc=32 chunks=25 trained_queries=1208977 trained_events=1277820 mean_loss=2.010341 lr=0.001626 step=stateful RMSProp step applied
      unit 56/65 rc=8446 chunks=2 trained_queries=69102 trained_events=73284 mean_loss=1.972344 lr=0.00162311 step=stateful RMSProp step applied
      unit 57/65 rc=3 chunks=110 trained_queries=5457031 trained_events=5779345 mean_loss=2.004348 lr=0.00162022 step=stateful RMSProp step applied
      unit 58/65 rc=4 chunks=111 trained_queries=5516836 trained_events=5854709 mean_loss=2.005140 lr=0.00161733 step=stateful RMSProp step applied
      unit 59/65 rc=5 chunks=149 trained_queries=7411233 trained_events=7899836 mean_loss=1.992922 lr=0.00161444 step=stateful RMSProp step applied
      unit 60/65 rc=48 chunks=60 trained_queries=2973228 trained_events=3145342 mean_loss=2.000545 lr=0.00161154 step=stateful RMSProp step applied
      unit 61/65 rc=164 chunks=18 trained_queries=871265 trained_events=922669 mean_loss=1.979858 lr=0.00160865 step=stateful RMSProp step applied
      unit 62/65 rc=28 chunks=39 trained_queries=1945234 trained_events=2065842 mean_loss=1.990983 lr=0.00160576 step=stateful RMSProp step applied
      unit 63/65 rc=9786 chunks=2 trained_queries=59517 trained_events=62372 mean_loss=1.998225 lr=0.00160287 step=stateful RMSProp step applied
      unit 64/65 rc=44 chunks=46 trained_queries=2269131 trained_events=2417215 mean_loss=1.974684 lr=0.00159997 step=stateful RMSProp step applied
      unit 65/65 rc=13 chunks=1 trained_queries=40285 trained_events=42160 mean_loss=1.989048 lr=0.00159708 step=stateful RMSProp step applied
    stage-epoch 12 summary trained_queries=123189067 trained_events=131385626 mean_loss=2.010658
    stage-epoch 13/25
      unit 1/65 rc=17 chunks=86 trained_queries=4283062 trained_events=4670471 mean_loss=1.982683 lr=0.00159419 step=stateful RMSProp step applied
      unit 2/65 rc=6 chunks=374 trained_queries=18661859 trained_events=20055906 mean_loss=2.004193 lr=0.00159129 step=stateful RMSProp step applied
      unit 3/65 rc=597 chunks=5 trained_queries=234506 trained_events=249488 mean_loss=1.996416 lr=0.0015884 step=stateful RMSProp step applied
      unit 4/65 rc=1027293 chunks=1 trained_queries=124 trained_events=124 mean_loss=1.544469 lr=0.0015855 step=stateful RMSProp step applied
      unit 5/65 rc=111938 chunks=1 trained_queries=365 trained_events=372 mean_loss=2.112865 lr=0.00158261 step=stateful RMSProp step applied
      unit 6/65 rc=384 chunks=14 trained_queries=689527 trained_events=729120 mean_loss=2.268084 lr=0.00157971 step=stateful RMSProp step applied
      unit 7/65 rc=54 chunks=44 trained_queries=2182526 trained_events=2339320 mean_loss=2.107774 lr=0.00157681 step=stateful RMSProp step applied
      unit 8/65 rc=2093 chunks=5 trained_queries=212409 trained_events=221836 mean_loss=2.117197 lr=0.00157392 step=stateful RMSProp step applied
      unit 9/65 rc=74 chunks=17 trained_queries=824408 trained_events=916249 mean_loss=1.968549 lr=0.00157102 step=stateful RMSProp step applied
      unit 10/65 rc=882313 chunks=1 trained_queries=2708 trained_events=3348 mean_loss=1.694151 lr=0.00156813 step=stateful RMSProp step applied
      unit 11/65 rc=16 chunks=23 trained_queries=1118787 trained_events=1200145 mean_loss=2.001705 lr=0.00156523 step=stateful RMSProp step applied
      unit 12/65 rc=556 chunks=9 trained_queries=402908 trained_events=427924 mean_loss=2.007506 lr=0.00156233 step=stateful RMSProp step applied
      unit 13/65 rc=213 chunks=6 trained_queries=265773 trained_events=288300 mean_loss=1.960275 lr=0.00155943 step=stateful RMSProp step applied
      unit 14/65 rc=78 chunks=17 trained_queries=834115 trained_events=894861 mean_loss=1.976380 lr=0.00155654 step=stateful RMSProp step applied
      unit 15/65 rc=18 chunks=6 trained_queries=296769 trained_events=319176 mean_loss=1.968620 lr=0.00155364 step=stateful RMSProp step applied
      unit 16/65 rc=7 chunks=9 trained_queries=416424 trained_events=452848 mean_loss=1.945528 lr=0.00155074 step=stateful RMSProp step applied
      unit 17/65 rc=6318 chunks=5 trained_queries=224634 trained_events=244528 mean_loss=1.913537 lr=0.00154784 step=stateful RMSProp step applied
      unit 18/65 rc=3129 chunks=14 trained_queries=656402 trained_events=713248 mean_loss=1.907794 lr=0.00154494 step=stateful RMSProp step applied
      unit 19/65 rc=1 chunks=4 trained_queries=199346 trained_events=215884 mean_loss=1.969804 lr=0.00154204 step=stateful RMSProp step applied
      unit 20/65 rc=14974 chunks=6 trained_queries=263799 trained_events=288300 mean_loss=1.913910 lr=0.00153914 step=stateful RMSProp step applied
      unit 21/65 rc=3051 chunks=7 trained_queries=331867 trained_events=358236 mean_loss=1.940023 lr=0.00153625 step=stateful RMSProp step applied
      unit 22/65 rc=506 chunks=26 trained_queries=1281767 trained_events=1382126 mean_loss=1.941781 lr=0.00153335 step=stateful RMSProp step applied
      unit 23/65 rc=14596 chunks=1 trained_queries=36794 trained_events=39556 mean_loss=1.961947 lr=0.00153045 step=stateful RMSProp step applied
      unit 24/65 rc=62437 chunks=4 trained_queries=171115 trained_events=191208 mean_loss=1.886074 lr=0.00152755 step=stateful RMSProp step applied
      unit 25/65 rc=425 chunks=9 trained_queries=424575 trained_events=458428 mean_loss=1.979513 lr=0.00152465 step=stateful RMSProp step applied
      unit 26/65 rc=314 chunks=7 trained_queries=314647 trained_events=338892 mean_loss=1.988233 lr=0.00152175 step=stateful RMSProp step applied
      unit 27/65 rc=531 chunks=11 trained_queries=528936 trained_events=574692 mean_loss=1.924210 lr=0.00151885 step=stateful RMSProp step applied
      unit 28/65 rc=620 chunks=12 trained_queries=567606 trained_events=609782 mean_loss=1.957025 lr=0.00151595 step=stateful RMSProp step applied
      unit 29/65 rc=8062 chunks=4 trained_queries=160626 trained_events=173228 mean_loss=1.986460 lr=0.00151305 step=stateful RMSProp step applied
      unit 30/65 rc=97778 chunks=1 trained_queries=24821 trained_events=28644 mean_loss=1.738845 lr=0.00151015 step=stateful RMSProp step applied
      unit 31/65 rc=226 chunks=11 trained_queries=522108 trained_events=564898 mean_loss=1.940746 lr=0.00150725 step=stateful RMSProp step applied
      unit 32/65 rc=85 chunks=10 trained_queries=488847 trained_events=525016 mean_loss=1.976438 lr=0.00150435 step=stateful RMSProp step applied
      unit 33/65 rc=2725 chunks=16 trained_queries=754625 trained_events=807195 mean_loss=1.965888 lr=0.00150145 step=stateful RMSProp step applied
      unit 34/65 rc=3135 chunks=8 trained_queries=366260 trained_events=400520 mean_loss=1.901506 lr=0.00149855 step=stateful RMSProp step applied
      unit 35/65 rc=1739 chunks=2 trained_queries=87562 trained_events=94736 mean_loss=1.923149 lr=0.00149565 step=stateful RMSProp step applied
      unit 36/65 rc=373 chunks=8 trained_queries=386604 trained_events=414982 mean_loss=1.958669 lr=0.00149275 step=stateful RMSProp step applied
      unit 37/65 rc=452305 chunks=1 trained_queries=13040 trained_events=13888 mean_loss=1.874982 lr=0.00148985 step=stateful RMSProp step applied
      unit 38/65 rc=141 chunks=4 trained_queries=195453 trained_events=209808 mean_loss=1.920025 lr=0.00148695 step=stateful RMSProp step applied
      unit 39/65 rc=260398 chunks=1 trained_queries=18549 trained_events=19964 mean_loss=1.804965 lr=0.00148405 step=stateful RMSProp step applied
      unit 40/65 rc=41 chunks=124 trained_queries=6163183 trained_events=6532996 mean_loss=2.006904 lr=0.00148115 step=stateful RMSProp step applied
      unit 41/65 rc=569 chunks=26 trained_queries=1259071 trained_events=1333052 mean_loss=1.995585 lr=0.00147825 step=stateful RMSProp step applied
      unit 42/65 rc=36 chunks=35 trained_queries=1745157 trained_events=1848439 mean_loss=1.992823 lr=0.00147535 step=stateful RMSProp step applied
      unit 43/65 rc=39 chunks=70 trained_queries=3489609 trained_events=3701941 mean_loss=1.981734 lr=0.00147245 step=stateful RMSProp step applied
      unit 44/65 rc=14 chunks=211 trained_queries=10509349 trained_events=11170444 mean_loss=1.989255 lr=0.00146955 step=stateful RMSProp step applied
      unit 45/65 rc=21 chunks=36 trained_queries=1758042 trained_events=1864623 mean_loss=1.987843 lr=0.00146665 step=stateful RMSProp step applied
      unit 46/65 rc=550 chunks=30 trained_queries=1491599 trained_events=1575272 mean_loss=1.993996 lr=0.00146375 step=stateful RMSProp step applied
      unit 47/65 rc=51 chunks=114 trained_queries=5673809 trained_events=6048192 mean_loss=1.985574 lr=0.00146086 step=stateful RMSProp step applied
      unit 48/65 rc=2 chunks=102 trained_queries=5051998 trained_events=5357586 mean_loss=1.993161 lr=0.00145796 step=stateful RMSProp step applied
      unit 49/65 rc=1069 chunks=2 trained_queries=71644 trained_events=75516 mean_loss=1.967452 lr=0.00145506 step=stateful RMSProp step applied
      unit 50/65 rc=73 chunks=16 trained_queries=790720 trained_events=835488 mean_loss=1.971184 lr=0.00145216 step=stateful RMSProp step applied
      unit 51/65 rc=79 chunks=75 trained_queries=3736786 trained_events=3953843 mean_loss=1.985637 lr=0.00144926 step=stateful RMSProp step applied
      unit 52/65 rc=63 chunks=50 trained_queries=2471897 trained_events=2621838 mean_loss=1.976026 lr=0.00144636 step=stateful RMSProp step applied
      unit 53/65 rc=15 chunks=108 trained_queries=5390515 trained_events=5717589 mean_loss=1.981595 lr=0.00144346 step=stateful RMSProp step applied
      unit 54/65 rc=22 chunks=147 trained_queries=7317596 trained_events=7770966 mean_loss=1.978369 lr=0.00144057 step=stateful RMSProp step applied
      unit 55/65 rc=32 chunks=25 trained_queries=1208977 trained_events=1277820 mean_loss=1.986578 lr=0.00143767 step=stateful RMSProp step applied
      unit 56/65 rc=8446 chunks=2 trained_queries=69102 trained_events=73284 mean_loss=1.947304 lr=0.00143477 step=stateful RMSProp step applied
      unit 57/65 rc=3 chunks=110 trained_queries=5457031 trained_events=5779345 mean_loss=1.984680 lr=0.00143188 step=stateful RMSProp step applied
      unit 58/65 rc=4 chunks=111 trained_queries=5516836 trained_events=5854709 mean_loss=1.985051 lr=0.00142898 step=stateful RMSProp step applied
      unit 59/65 rc=5 chunks=149 trained_queries=7411233 trained_events=7899836 mean_loss=1.973133 lr=0.00142608 step=stateful RMSProp step applied
      unit 60/65 rc=48 chunks=60 trained_queries=2973228 trained_events=3145342 mean_loss=1.979240 lr=0.00142319 step=stateful RMSProp step applied
      unit 61/65 rc=164 chunks=18 trained_queries=871265 trained_events=922669 mean_loss=1.959411 lr=0.00142029 step=stateful RMSProp step applied
      unit 62/65 rc=28 chunks=39 trained_queries=1945234 trained_events=2065842 mean_loss=1.969086 lr=0.00141739 step=stateful RMSProp step applied
      unit 63/65 rc=9786 chunks=2 trained_queries=59517 trained_events=62372 mean_loss=1.974421 lr=0.0014145 step=stateful RMSProp step applied
      unit 64/65 rc=44 chunks=46 trained_queries=2269131 trained_events=2417215 mean_loss=1.947896 lr=0.0014116 step=stateful RMSProp step applied
      unit 65/65 rc=13 chunks=1 trained_queries=40285 trained_events=42160 mean_loss=1.959619 lr=0.00140871 step=stateful RMSProp step applied
    stage-epoch 13 summary trained_queries=123189067 trained_events=131385626 mean_loss=1.988169
    stage-epoch 14/25
      unit 1/65 rc=17 chunks=86 trained_queries=4283062 trained_events=4670471 mean_loss=1.948351 lr=0.00140581 step=stateful RMSProp step applied
      unit 2/65 rc=6 chunks=374 trained_queries=18661859 trained_events=20055906 mean_loss=1.970008 lr=0.00140292 step=stateful RMSProp step applied
      unit 3/65 rc=597 chunks=5 trained_queries=234506 trained_events=249488 mean_loss=1.959113 lr=0.00140003 step=stateful RMSProp step applied
      unit 4/65 rc=1027293 chunks=1 trained_queries=124 trained_events=124 mean_loss=1.498212 lr=0.00139713 step=stateful RMSProp step applied
      unit 5/65 rc=111938 chunks=1 trained_queries=365 trained_events=372 mean_loss=2.152493 lr=0.00139424 step=stateful RMSProp step applied
      unit 6/65 rc=384 chunks=14 trained_queries=689527 trained_events=729120 mean_loss=2.307141 lr=0.00139135 step=stateful RMSProp step applied
      unit 7/65 rc=54 chunks=44 trained_queries=2182526 trained_events=2339320 mean_loss=2.153069 lr=0.00138846 step=stateful RMSProp step applied
      unit 8/65 rc=2093 chunks=5 trained_queries=212409 trained_events=221836 mean_loss=2.128145 lr=0.00138556 step=stateful RMSProp step applied
      unit 9/65 rc=74 chunks=17 trained_queries=824408 trained_events=916249 mean_loss=1.970900 lr=0.00138267 step=stateful RMSProp step applied
      unit 10/65 rc=882313 chunks=1 trained_queries=2708 trained_events=3348 mean_loss=1.696028 lr=0.00137978 step=stateful RMSProp step applied
      unit 11/65 rc=16 chunks=23 trained_queries=1118787 trained_events=1200145 mean_loss=1.998314 lr=0.00137689 step=stateful RMSProp step applied
      unit 12/65 rc=556 chunks=9 trained_queries=402908 trained_events=427924 mean_loss=2.004935 lr=0.001374 step=stateful RMSProp step applied
      unit 13/65 rc=213 chunks=6 trained_queries=265773 trained_events=288300 mean_loss=1.955054 lr=0.00137111 step=stateful RMSProp step applied
      unit 14/65 rc=78 chunks=17 trained_queries=834115 trained_events=894861 mean_loss=1.968588 lr=0.00136822 step=stateful RMSProp step applied
      unit 15/65 rc=18 chunks=6 trained_queries=296769 trained_events=319176 mean_loss=1.954309 lr=0.00136533 step=stateful RMSProp step applied
      unit 16/65 rc=7 chunks=9 trained_queries=416424 trained_events=452848 mean_loss=1.938604 lr=0.00136245 step=stateful RMSProp step applied
      unit 17/65 rc=6318 chunks=5 trained_queries=224634 trained_events=244528 mean_loss=1.908908 lr=0.00135956 step=stateful RMSProp step applied
      unit 18/65 rc=3129 chunks=14 trained_queries=656402 trained_events=713248 mean_loss=1.897394 lr=0.00135667 step=stateful RMSProp step applied
      unit 19/65 rc=1 chunks=4 trained_queries=199346 trained_events=215884 mean_loss=1.955881 lr=0.00135379 step=stateful RMSProp step applied
      unit 20/65 rc=14974 chunks=6 trained_queries=263799 trained_events=288300 mean_loss=1.899790 lr=0.0013509 step=stateful RMSProp step applied
      unit 21/65 rc=3051 chunks=7 trained_queries=331867 trained_events=358236 mean_loss=1.930013 lr=0.00134801 step=stateful RMSProp step applied
      unit 22/65 rc=506 chunks=26 trained_queries=1281767 trained_events=1382126 mean_loss=1.928167 lr=0.00134513 step=stateful RMSProp step applied
      unit 23/65 rc=14596 chunks=1 trained_queries=36794 trained_events=39556 mean_loss=1.948709 lr=0.00134225 step=stateful RMSProp step applied
      unit 24/65 rc=62437 chunks=4 trained_queries=171115 trained_events=191208 mean_loss=1.816853 lr=0.00133936 step=stateful RMSProp step applied
      unit 25/65 rc=425 chunks=9 trained_queries=424575 trained_events=458428 mean_loss=1.918114 lr=0.00133648 step=stateful RMSProp step applied
      unit 26/65 rc=314 chunks=7 trained_queries=314647 trained_events=338892 mean_loss=1.958032 lr=0.0013336 step=stateful RMSProp step applied
      unit 27/65 rc=531 chunks=11 trained_queries=528936 trained_events=574692 mean_loss=1.896735 lr=0.00133072 step=stateful RMSProp step applied
      unit 28/65 rc=620 chunks=12 trained_queries=567606 trained_events=609782 mean_loss=1.934060 lr=0.00132783 step=stateful RMSProp step applied
      unit 29/65 rc=8062 chunks=4 trained_queries=160626 trained_events=173228 mean_loss=1.966578 lr=0.00132495 step=stateful RMSProp step applied
      unit 30/65 rc=97778 chunks=1 trained_queries=24821 trained_events=28644 mean_loss=1.702408 lr=0.00132207 step=stateful RMSProp step applied
      unit 31/65 rc=226 chunks=11 trained_queries=522108 trained_events=564898 mean_loss=1.912748 lr=0.00131919 step=stateful RMSProp step applied
      unit 32/65 rc=85 chunks=10 trained_queries=488847 trained_events=525016 mean_loss=1.971635 lr=0.00131632 step=stateful RMSProp step applied
      unit 33/65 rc=2725 chunks=16 trained_queries=754625 trained_events=807195 mean_loss=1.950350 lr=0.00131344 step=stateful RMSProp step applied
      unit 34/65 rc=3135 chunks=8 trained_queries=366260 trained_events=400520 mean_loss=1.882222 lr=0.00131056 step=stateful RMSProp step applied
      unit 35/65 rc=1739 chunks=2 trained_queries=87562 trained_events=94736 mean_loss=1.904357 lr=0.00130769 step=stateful RMSProp step applied
      unit 36/65 rc=373 chunks=8 trained_queries=386604 trained_events=414982 mean_loss=1.945811 lr=0.00130481 step=stateful RMSProp step applied
      unit 37/65 rc=452305 chunks=1 trained_queries=13040 trained_events=13888 mean_loss=1.855648 lr=0.00130193 step=stateful RMSProp step applied
      unit 38/65 rc=141 chunks=4 trained_queries=195453 trained_events=209808 mean_loss=1.895183 lr=0.00129906 step=stateful RMSProp step applied
      unit 39/65 rc=260398 chunks=1 trained_queries=18549 trained_events=19964 mean_loss=1.778232 lr=0.00129619 step=stateful RMSProp step applied
      unit 40/65 rc=41 chunks=124 trained_queries=6163183 trained_events=6532996 mean_loss=1.979866 lr=0.00129331 step=stateful RMSProp step applied
      unit 41/65 rc=569 chunks=26 trained_queries=1259071 trained_events=1333052 mean_loss=1.974109 lr=0.00129044 step=stateful RMSProp step applied
      unit 42/65 rc=36 chunks=35 trained_queries=1745157 trained_events=1848439 mean_loss=1.972793 lr=0.00128757 step=stateful RMSProp step applied
      unit 43/65 rc=39 chunks=70 trained_queries=3489609 trained_events=3701941 mean_loss=1.959737 lr=0.0012847 step=stateful RMSProp step applied
      unit 44/65 rc=14 chunks=211 trained_queries=10509349 trained_events=11170444 mean_loss=1.965851 lr=0.00128183 step=stateful RMSProp step applied
      unit 45/65 rc=21 chunks=36 trained_queries=1758042 trained_events=1864623 mean_loss=1.964317 lr=0.00127896 step=stateful RMSProp step applied
      unit 46/65 rc=550 chunks=30 trained_queries=1491599 trained_events=1575272 mean_loss=1.969717 lr=0.0012761 step=stateful RMSProp step applied
      unit 47/65 rc=51 chunks=114 trained_queries=5673809 trained_events=6048192 mean_loss=1.960649 lr=0.00127323 step=stateful RMSProp step applied
      unit 48/65 rc=2 chunks=102 trained_queries=5051998 trained_events=5357586 mean_loss=1.966721 lr=0.00127036 step=stateful RMSProp step applied
      unit 49/65 rc=1069 chunks=2 trained_queries=71644 trained_events=75516 mean_loss=1.943734 lr=0.0012675 step=stateful RMSProp step applied
      unit 50/65 rc=73 chunks=16 trained_queries=790720 trained_events=835488 mean_loss=1.951138 lr=0.00126463 step=stateful RMSProp step applied
      unit 51/65 rc=79 chunks=75 trained_queries=3736786 trained_events=3953843 mean_loss=1.977002 lr=0.00126177 step=stateful RMSProp step applied
      unit 52/65 rc=63 chunks=50 trained_queries=2471897 trained_events=2621838 mean_loss=1.964074 lr=0.00125891 step=stateful RMSProp step applied
      unit 53/65 rc=15 chunks=108 trained_queries=5390515 trained_events=5717589 mean_loss=1.969672 lr=0.00125604 step=stateful RMSProp step applied
      unit 54/65 rc=22 chunks=147 trained_queries=7317596 trained_events=7770966 mean_loss=1.963919 lr=0.00125318 step=stateful RMSProp step applied
      unit 55/65 rc=32 chunks=25 trained_queries=1208977 trained_events=1277820 mean_loss=1.971260 lr=0.00125032 step=stateful RMSProp step applied
      unit 56/65 rc=8446 chunks=2 trained_queries=69102 trained_events=73284 mean_loss=1.928076 lr=0.00124746 step=stateful RMSProp step applied
      unit 57/65 rc=3 chunks=110 trained_queries=5457031 trained_events=5779345 mean_loss=1.963031 lr=0.00124461 step=stateful RMSProp step applied
      unit 58/65 rc=4 chunks=111 trained_queries=5516836 trained_events=5854709 mean_loss=1.965953 lr=0.00124175 step=stateful RMSProp step applied
      unit 59/65 rc=5 chunks=149 trained_queries=7411233 trained_events=7899836 mean_loss=1.954738 lr=0.00123889 step=stateful RMSProp step applied
      unit 60/65 rc=48 chunks=60 trained_queries=2973228 trained_events=3145342 mean_loss=1.960914 lr=0.00123604 step=stateful RMSProp step applied
      unit 61/65 rc=164 chunks=18 trained_queries=871265 trained_events=922669 mean_loss=1.939758 lr=0.00123318 step=stateful RMSProp step applied
      unit 62/65 rc=28 chunks=39 trained_queries=1945234 trained_events=2065842 mean_loss=1.951110 lr=0.00123033 step=stateful RMSProp step applied
      unit 63/65 rc=9786 chunks=2 trained_queries=59517 trained_events=62372 mean_loss=1.957398 lr=0.00122748 step=stateful RMSProp step applied
      unit 64/65 rc=44 chunks=46 trained_queries=2269131 trained_events=2417215 mean_loss=1.931577 lr=0.00122463 step=stateful RMSProp step applied
      unit 65/65 rc=13 chunks=1 trained_queries=40285 trained_events=42160 mean_loss=1.944576 lr=0.00122178 step=stateful RMSProp step applied
    stage-epoch 14 summary trained_queries=123189067 trained_events=131385626 mean_loss=1.967655
    stage-epoch 15/25
      unit 1/65 rc=17 chunks=86 trained_queries=4283062 trained_events=4670471 mean_loss=1.930537 lr=0.00121893 step=stateful RMSProp step applied
      unit 2/65 rc=6 chunks=374 trained_queries=18661859 trained_events=20055906 mean_loss=1.952927 lr=0.00121608 step=stateful RMSProp step applied
      unit 3/65 rc=597 chunks=5 trained_queries=234506 trained_events=249488 mean_loss=1.937315 lr=0.00121323 step=stateful RMSProp step applied
      unit 4/65 rc=1027293 chunks=1 trained_queries=124 trained_events=124 mean_loss=1.434278 lr=0.00121039 step=stateful RMSProp step applied
      unit 5/65 rc=111938 chunks=1 trained_queries=365 trained_events=372 mean_loss=2.007635 lr=0.00120754 step=stateful RMSProp step applied
      unit 6/65 rc=384 chunks=14 trained_queries=689527 trained_events=729120 mean_loss=2.182896 lr=0.0012047 step=stateful RMSProp step applied
      unit 7/65 rc=54 chunks=44 trained_queries=2182526 trained_events=2339320 mean_loss=2.033492 lr=0.00120186 step=stateful RMSProp step applied
      unit 8/65 rc=2093 chunks=5 trained_queries=212409 trained_events=221836 mean_loss=2.044582 lr=0.00119901 step=stateful RMSProp step applied
      unit 9/65 rc=74 chunks=17 trained_queries=824408 trained_events=916249 mean_loss=1.906679 lr=0.00119617 step=stateful RMSProp step applied
      unit 10/65 rc=882313 chunks=1 trained_queries=2708 trained_events=3348 mean_loss=1.638885 lr=0.00119333 step=stateful RMSProp step applied
      unit 11/65 rc=16 chunks=23 trained_queries=1118787 trained_events=1200145 mean_loss=1.950170 lr=0.0011905 step=stateful RMSProp step applied
      unit 12/65 rc=556 chunks=9 trained_queries=402908 trained_events=427924 mean_loss=1.962012 lr=0.00118766 step=stateful RMSProp step applied
      unit 13/65 rc=213 chunks=6 trained_queries=265773 trained_events=288300 mean_loss=1.915982 lr=0.00118482 step=stateful RMSProp step applied
      unit 14/65 rc=78 chunks=17 trained_queries=834115 trained_events=894861 mean_loss=1.934292 lr=0.00118199 step=stateful RMSProp step applied
      unit 15/65 rc=18 chunks=6 trained_queries=296769 trained_events=319176 mean_loss=1.919968 lr=0.00117916 step=stateful RMSProp step applied
      unit 16/65 rc=7 chunks=9 trained_queries=416424 trained_events=452848 mean_loss=1.903726 lr=0.00117632 step=stateful RMSProp step applied
      unit 17/65 rc=6318 chunks=5 trained_queries=224634 trained_events=244528 mean_loss=1.873501 lr=0.00117349 step=stateful RMSProp step applied
      unit 18/65 rc=3129 chunks=14 trained_queries=656402 trained_events=713248 mean_loss=1.868112 lr=0.00117066 step=stateful RMSProp step applied
      unit 19/65 rc=1 chunks=4 trained_queries=199346 trained_events=215884 mean_loss=1.927139 lr=0.00116783 step=stateful RMSProp step applied
      unit 20/65 rc=14974 chunks=6 trained_queries=263799 trained_events=288300 mean_loss=1.875295 lr=0.00116501 step=stateful RMSProp step applied
      unit 21/65 rc=3051 chunks=7 trained_queries=331867 trained_events=358236 mean_loss=1.901388 lr=0.00116218 step=stateful RMSProp step applied
      unit 22/65 rc=506 chunks=26 trained_queries=1281767 trained_events=1382126 mean_loss=1.902566 lr=0.00115936 step=stateful RMSProp step applied
      unit 23/65 rc=14596 chunks=1 trained_queries=36794 trained_events=39556 mean_loss=1.921870 lr=0.00115653 step=stateful RMSProp step applied
      unit 24/65 rc=62437 chunks=4 trained_queries=171115 trained_events=191208 mean_loss=1.789713 lr=0.00115371 step=stateful RMSProp step applied
      unit 25/65 rc=425 chunks=9 trained_queries=424575 trained_events=458428 mean_loss=1.893200 lr=0.00115089 step=stateful RMSProp step applied
      unit 26/65 rc=314 chunks=7 trained_queries=314647 trained_events=338892 mean_loss=1.932897 lr=0.00114807 step=stateful RMSProp step applied
      unit 27/65 rc=531 chunks=11 trained_queries=528936 trained_events=574692 mean_loss=1.874464 lr=0.00114525 step=stateful RMSProp step applied
      unit 28/65 rc=620 chunks=12 trained_queries=567606 trained_events=609782 mean_loss=1.908253 lr=0.00114243 step=stateful RMSProp step applied
      unit 29/65 rc=8062 chunks=4 trained_queries=160626 trained_events=173228 mean_loss=1.936886 lr=0.00113962 step=stateful RMSProp step applied
      unit 30/65 rc=97778 chunks=1 trained_queries=24821 trained_events=28644 mean_loss=1.668918 lr=0.0011368 step=stateful RMSProp step applied
      unit 31/65 rc=226 chunks=11 trained_queries=522108 trained_events=564898 mean_loss=1.876715 lr=0.00113399 step=stateful RMSProp step applied
      unit 32/65 rc=85 chunks=10 trained_queries=488847 trained_events=525016 mean_loss=1.929915 lr=0.00113118 step=stateful RMSProp step applied
      unit 33/65 rc=2725 chunks=16 trained_queries=754625 trained_events=807195 mean_loss=1.924811 lr=0.00112837 step=stateful RMSProp step applied
      unit 34/65 rc=3135 chunks=8 trained_queries=366260 trained_events=400520 mean_loss=1.854540 lr=0.00112556 step=stateful RMSProp step applied
      unit 35/65 rc=1739 chunks=2 trained_queries=87562 trained_events=94736 mean_loss=1.877323 lr=0.00112275 step=stateful RMSProp step applied
      unit 36/65 rc=373 chunks=8 trained_queries=386604 trained_events=414982 mean_loss=1.922183 lr=0.00111995 step=stateful RMSProp step applied
      unit 37/65 rc=452305 chunks=1 trained_queries=13040 trained_events=13888 mean_loss=1.834267 lr=0.00111714 step=stateful RMSProp step applied
      unit 38/65 rc=141 chunks=4 trained_queries=195453 trained_events=209808 mean_loss=1.868478 lr=0.00111434 step=stateful RMSProp step applied
      unit 39/65 rc=260398 chunks=1 trained_queries=18549 trained_events=19964 mean_loss=1.753166 lr=0.00111154 step=stateful RMSProp step applied
      unit 40/65 rc=41 chunks=124 trained_queries=6163183 trained_events=6532996 mean_loss=1.959870 lr=0.00110874 step=stateful RMSProp step applied
      unit 41/65 rc=569 chunks=26 trained_queries=1259071 trained_events=1333052 mean_loss=1.951396 lr=0.00110594 step=stateful RMSProp step applied
      unit 42/65 rc=36 chunks=35 trained_queries=1745157 trained_events=1848439 mean_loss=1.950565 lr=0.00110314 step=stateful RMSProp step applied
      unit 43/65 rc=39 chunks=70 trained_queries=3489609 trained_events=3701941 mean_loss=1.938392 lr=0.00110035 step=stateful RMSProp step applied
      unit 44/65 rc=14 chunks=211 trained_queries=10509349 trained_events=11170444 mean_loss=1.944772 lr=0.00109755 step=stateful RMSProp step applied
      unit 45/65 rc=21 chunks=36 trained_queries=1758042 trained_events=1864623 mean_loss=1.942678 lr=0.00109476 step=stateful RMSProp step applied
      unit 46/65 rc=550 chunks=30 trained_queries=1491599 trained_events=1575272 mean_loss=1.946849 lr=0.00109197 step=stateful RMSProp step applied
      unit 47/65 rc=51 chunks=114 trained_queries=5673809 trained_events=6048192 mean_loss=1.939121 lr=0.00108918 step=stateful RMSProp step applied
      unit 48/65 rc=2 chunks=102 trained_queries=5051998 trained_events=5357586 mean_loss=1.944023 lr=0.00108639 step=stateful RMSProp step applied
      unit 49/65 rc=1069 chunks=2 trained_queries=71644 trained_events=75516 mean_loss=1.917703 lr=0.0010836 step=stateful RMSProp step applied
      unit 50/65 rc=73 chunks=16 trained_queries=790720 trained_events=835488 mean_loss=1.925592 lr=0.00108082 step=stateful RMSProp step applied
      unit 51/65 rc=79 chunks=75 trained_queries=3736786 trained_events=3953843 mean_loss=1.946547 lr=0.00107803 step=stateful RMSProp step applied
      unit 52/65 rc=63 chunks=50 trained_queries=2471897 trained_events=2621838 mean_loss=1.936642 lr=0.00107525 step=stateful RMSProp step applied
      unit 53/65 rc=15 chunks=108 trained_queries=5390515 trained_events=5717589 mean_loss=1.943409 lr=0.00107247 step=stateful RMSProp step applied
      unit 54/65 rc=22 chunks=147 trained_queries=7317596 trained_events=7770966 mean_loss=1.937912 lr=0.00106969 step=stateful RMSProp step applied
      unit 55/65 rc=32 chunks=25 trained_queries=1208977 trained_events=1277820 mean_loss=1.948520 lr=0.00106691 step=stateful RMSProp step applied
      unit 56/65 rc=8446 chunks=2 trained_queries=69102 trained_events=73284 mean_loss=1.904431 lr=0.00106414 step=stateful RMSProp step applied
      unit 57/65 rc=3 chunks=110 trained_queries=5457031 trained_events=5779345 mean_loss=1.941690 lr=0.00106137 step=stateful RMSProp step applied
      unit 58/65 rc=4 chunks=111 trained_queries=5516836 trained_events=5854709 mean_loss=1.944197 lr=0.00105859 step=stateful RMSProp step applied
      unit 59/65 rc=5 chunks=149 trained_queries=7411233 trained_events=7899836 mean_loss=1.933239 lr=0.00105582 step=stateful RMSProp step applied
      unit 60/65 rc=48 chunks=60 trained_queries=2973228 trained_events=3145342 mean_loss=1.939620 lr=0.00105305 step=stateful RMSProp step applied
      unit 61/65 rc=164 chunks=18 trained_queries=871265 trained_events=922669 mean_loss=1.920017 lr=0.00105029 step=stateful RMSProp step applied
      unit 62/65 rc=28 chunks=39 trained_queries=1945234 trained_events=2065842 mean_loss=1.931176 lr=0.00104752 step=stateful RMSProp step applied
      unit 63/65 rc=9786 chunks=2 trained_queries=59517 trained_events=62372 mean_loss=1.937755 lr=0.00104476 step=stateful RMSProp step applied
      unit 64/65 rc=44 chunks=46 trained_queries=2269131 trained_events=2417215 mean_loss=1.910782 lr=0.00104199 step=stateful RMSProp step applied
      unit 65/65 rc=13 chunks=1 trained_queries=40285 trained_events=42160 mean_loss=1.924006 lr=0.00103923 step=stateful RMSProp step applied
    stage-epoch 15 summary trained_queries=123189067 trained_events=131385626 mean_loss=1.942472
    stage-epoch 16/25
      unit 1/65 rc=17 chunks=86 trained_queries=4283062 trained_events=4670471 mean_loss=1.910922 lr=0.00103647 step=stateful RMSProp step applied
      unit 2/65 rc=6 chunks=374 trained_queries=18661859 trained_events=20055906 mean_loss=1.935619 lr=0.00103372 step=stateful RMSProp step applied
      unit 3/65 rc=597 chunks=5 trained_queries=234506 trained_events=249488 mean_loss=1.919385 lr=0.00103096 step=stateful RMSProp step applied
      unit 4/65 rc=1027293 chunks=1 trained_queries=124 trained_events=124 mean_loss=1.380901 lr=0.00102821 step=stateful RMSProp step applied
      unit 5/65 rc=111938 chunks=1 trained_queries=365 trained_events=372 mean_loss=1.873010 lr=0.00102546 step=stateful RMSProp step applied
      unit 6/65 rc=384 chunks=14 trained_queries=689527 trained_events=729120 mean_loss=2.110291 lr=0.00102271 step=stateful RMSProp step applied
      unit 7/65 rc=54 chunks=44 trained_queries=2182526 trained_events=2339320 mean_loss=1.999421 lr=0.00101996 step=stateful RMSProp step applied
      unit 8/65 rc=2093 chunks=5 trained_queries=212409 trained_events=221836 mean_loss=2.013772 lr=0.00101721 step=stateful RMSProp step applied
      unit 9/65 rc=74 chunks=17 trained_queries=824408 trained_events=916249 mean_loss=1.874374 lr=0.00101447 step=stateful RMSProp step applied
      unit 10/65 rc=882313 chunks=1 trained_queries=2708 trained_events=3348 mean_loss=1.613152 lr=0.00101172 step=stateful RMSProp step applied
      unit 11/65 rc=16 chunks=23 trained_queries=1118787 trained_events=1200145 mean_loss=1.920124 lr=0.00100898 step=stateful RMSProp step applied
      unit 12/65 rc=556 chunks=9 trained_queries=402908 trained_events=427924 mean_loss=1.936469 lr=0.00100624 step=stateful RMSProp step applied
      unit 13/65 rc=213 chunks=6 trained_queries=265773 trained_events=288300 mean_loss=1.887320 lr=0.00100351 step=stateful RMSProp step applied
      unit 14/65 rc=78 chunks=17 trained_queries=834115 trained_events=894861 mean_loss=1.907413 lr=0.00100077 step=stateful RMSProp step applied
      unit 15/65 rc=18 chunks=6 trained_queries=296769 trained_events=319176 mean_loss=1.896401 lr=0.000998037 step=stateful RMSProp step applied
      unit 16/65 rc=7 chunks=9 trained_queries=416424 trained_events=452848 mean_loss=1.880749 lr=0.000995305 step=stateful RMSProp step applied
      unit 17/65 rc=6318 chunks=5 trained_queries=224634 trained_events=244528 mean_loss=1.848080 lr=0.000992575 step=stateful RMSProp step applied
      unit 18/65 rc=3129 chunks=14 trained_queries=656402 trained_events=713248 mean_loss=1.845968 lr=0.000989847 step=stateful RMSProp step applied
      unit 19/65 rc=1 chunks=4 trained_queries=199346 trained_events=215884 mean_loss=1.902550 lr=0.000987121 step=stateful RMSProp step applied
      unit 20/65 rc=14974 chunks=6 trained_queries=263799 trained_events=288300 mean_loss=1.849803 lr=0.000984397 step=stateful RMSProp step applied
      unit 21/65 rc=3051 chunks=7 trained_queries=331867 trained_events=358236 mean_loss=1.879567 lr=0.000981675 step=stateful RMSProp step applied
      unit 22/65 rc=506 chunks=26 trained_queries=1281767 trained_events=1382126 mean_loss=1.883395 lr=0.000978954 step=stateful RMSProp step applied
      unit 23/65 rc=14596 chunks=1 trained_queries=36794 trained_events=39556 mean_loss=1.898338 lr=0.000976236 step=stateful RMSProp step applied
      unit 24/65 rc=62437 chunks=4 trained_queries=171115 trained_events=191208 mean_loss=1.773284 lr=0.000973519 step=stateful RMSProp step applied
      unit 25/65 rc=425 chunks=9 trained_queries=424575 trained_events=458428 mean_loss=1.869358 lr=0.000970805 step=stateful RMSProp step applied
      unit 26/65 rc=314 chunks=7 trained_queries=314647 trained_events=338892 mean_loss=1.912273 lr=0.000968093 step=stateful RMSProp step applied
      unit 27/65 rc=531 chunks=11 trained_queries=528936 trained_events=574692 mean_loss=1.851317 lr=0.000965382 step=stateful RMSProp step applied
      unit 28/65 rc=620 chunks=12 trained_queries=567606 trained_events=609782 mean_loss=1.888087 lr=0.000962674 step=stateful RMSProp step applied
      unit 29/65 rc=8062 chunks=4 trained_queries=160626 trained_events=173228 mean_loss=1.917925 lr=0.000959967 step=stateful RMSProp step applied
      unit 30/65 rc=97778 chunks=1 trained_queries=24821 trained_events=28644 mean_loss=1.651996 lr=0.000957263 step=stateful RMSProp step applied
      unit 31/65 rc=226 chunks=11 trained_queries=522108 trained_events=564898 mean_loss=1.858928 lr=0.00095456 step=stateful RMSProp step applied
      unit 32/65 rc=85 chunks=10 trained_queries=488847 trained_events=525016 mean_loss=1.910638 lr=0.00095186 step=stateful RMSProp step applied
      unit 33/65 rc=2725 chunks=16 trained_queries=754625 trained_events=807195 mean_loss=1.906501 lr=0.000949162 step=stateful RMSProp step applied
      unit 34/65 rc=3135 chunks=8 trained_queries=366260 trained_events=400520 mean_loss=1.836958 lr=0.000946465 step=stateful RMSProp step applied
      unit 35/65 rc=1739 chunks=2 trained_queries=87562 trained_events=94736 mean_loss=1.858116 lr=0.000943771 step=stateful RMSProp step applied
      unit 36/65 rc=373 chunks=8 trained_queries=386604 trained_events=414982 mean_loss=1.903594 lr=0.000941079 step=stateful RMSProp step applied
      unit 37/65 rc=452305 chunks=1 trained_queries=13040 trained_events=13888 mean_loss=1.810317 lr=0.000938389 step=stateful RMSProp step applied
      unit 38/65 rc=141 chunks=4 trained_queries=195453 trained_events=209808 mean_loss=1.848326 lr=0.000935701 step=stateful RMSProp step applied
      unit 39/65 rc=260398 chunks=1 trained_queries=18549 trained_events=19964 mean_loss=1.739110 lr=0.000933015 step=stateful RMSProp step applied
      unit 40/65 rc=41 chunks=124 trained_queries=6163183 trained_events=6532996 mean_loss=1.942644 lr=0.000930331 step=stateful RMSProp step applied
      unit 41/65 rc=569 chunks=26 trained_queries=1259071 trained_events=1333052 mean_loss=1.935072 lr=0.00092765 step=stateful RMSProp step applied
      unit 42/65 rc=36 chunks=35 trained_queries=1745157 trained_events=1848439 mean_loss=1.934908 lr=0.00092497 step=stateful RMSProp step applied
      unit 43/65 rc=39 chunks=70 trained_queries=3489609 trained_events=3701941 mean_loss=1.922690 lr=0.000922293 step=stateful RMSProp step applied
      unit 44/65 rc=14 chunks=211 trained_queries=10509349 trained_events=11170444 mean_loss=1.929715 lr=0.000919618 step=stateful RMSProp step applied
      unit 45/65 rc=21 chunks=36 trained_queries=1758042 trained_events=1864623 mean_loss=1.926940 lr=0.000916945 step=stateful RMSProp step applied
      unit 46/65 rc=550 chunks=30 trained_queries=1491599 trained_events=1575272 mean_loss=1.930991 lr=0.000914274 step=stateful RMSProp step applied
      unit 47/65 rc=51 chunks=114 trained_queries=5673809 trained_events=6048192 mean_loss=1.924070 lr=0.000911605 step=stateful RMSProp step applied
      unit 48/65 rc=2 chunks=102 trained_queries=5051998 trained_events=5357586 mean_loss=1.929137 lr=0.000908939 step=stateful RMSProp step applied
      unit 49/65 rc=1069 chunks=2 trained_queries=71644 trained_events=75516 mean_loss=1.900718 lr=0.000906275 step=stateful RMSProp step applied
      unit 50/65 rc=73 chunks=16 trained_queries=790720 trained_events=835488 mean_loss=1.908829 lr=0.000903613 step=stateful RMSProp step applied
      unit 51/65 rc=79 chunks=75 trained_queries=3736786 trained_events=3953843 mean_loss=1.929700 lr=0.000900953 step=stateful RMSProp step applied
      unit 52/65 rc=63 chunks=50 trained_queries=2471897 trained_events=2621838 mean_loss=1.920937 lr=0.000898296 step=stateful RMSProp step applied
      unit 53/65 rc=15 chunks=108 trained_queries=5390515 trained_events=5717589 mean_loss=1.927621 lr=0.00089564 step=stateful RMSProp step applied
      unit 54/65 rc=22 chunks=147 trained_queries=7317596 trained_events=7770966 mean_loss=1.922707 lr=0.000892987 step=stateful RMSProp step applied
      unit 55/65 rc=32 chunks=25 trained_queries=1208977 trained_events=1277820 mean_loss=1.933732 lr=0.000890337 step=stateful RMSProp step applied
      unit 56/65 rc=8446 chunks=2 trained_queries=69102 trained_events=73284 mean_loss=1.888149 lr=0.000887688 step=stateful RMSProp step applied
      unit 57/65 rc=3 chunks=110 trained_queries=5457031 trained_events=5779345 mean_loss=1.925872 lr=0.000885042 step=stateful RMSProp step applied
      unit 58/65 rc=4 chunks=111 trained_queries=5516836 trained_events=5854709 mean_loss=1.928811 lr=0.000882398 step=stateful RMSProp step applied
      unit 59/65 rc=5 chunks=149 trained_queries=7411233 trained_events=7899836 mean_loss=1.918273 lr=0.000879757 step=stateful RMSProp step applied
      unit 60/65 rc=48 chunks=60 trained_queries=2973228 trained_events=3145342 mean_loss=1.924545 lr=0.000877117 step=stateful RMSProp step applied
      unit 61/65 rc=164 chunks=18 trained_queries=871265 trained_events=922669 mean_loss=1.904632 lr=0.00087448 step=stateful RMSProp step applied
      unit 62/65 rc=28 chunks=39 trained_queries=1945234 trained_events=2065842 mean_loss=1.916487 lr=0.000871846 step=stateful RMSProp step applied
      unit 63/65 rc=9786 chunks=2 trained_queries=59517 trained_events=62372 mean_loss=1.922169 lr=0.000869214 step=stateful RMSProp step applied
      unit 64/65 rc=44 chunks=46 trained_queries=2269131 trained_events=2417215 mean_loss=1.894969 lr=0.000866584 step=stateful RMSProp step applied
      unit 65/65 rc=13 chunks=1 trained_queries=40285 trained_events=42160 mean_loss=1.905675 lr=0.000863956 step=stateful RMSProp step applied
    stage-epoch 16 summary trained_queries=123189067 trained_events=131385626 mean_loss=1.925086
    stage-epoch 17/25
      unit 1/65 rc=17 chunks=86 trained_queries=4283062 trained_events=4670471 mean_loss=1.894897 lr=0.000861331 step=stateful RMSProp step applied
      unit 2/65 rc=6 chunks=374 trained_queries=18661859 trained_events=20055906 mean_loss=1.920045 lr=0.000858708 step=stateful RMSProp step applied
      unit 3/65 rc=597 chunks=5 trained_queries=234506 trained_events=249488 mean_loss=1.903079 lr=0.000856088 step=stateful RMSProp step applied
      unit 4/65 rc=1027293 chunks=1 trained_queries=124 trained_events=124 mean_loss=1.337466 lr=0.00085347 step=stateful RMSProp step applied
      unit 5/65 rc=111938 chunks=1 trained_queries=365 trained_events=372 mean_loss=1.799308 lr=0.000850854 step=stateful RMSProp step applied
      unit 6/65 rc=384 chunks=14 trained_queries=689527 trained_events=729120 mean_loss=2.180495 lr=0.000848242 step=stateful RMSProp step applied
      unit 7/65 rc=54 chunks=44 trained_queries=2182526 trained_events=2339320 mean_loss=2.013475 lr=0.000845631 step=stateful RMSProp step applied
      unit 8/65 rc=2093 chunks=5 trained_queries=212409 trained_events=221836 mean_loss=2.010677 lr=0.000843023 step=stateful RMSProp step applied
      unit 9/65 rc=74 chunks=17 trained_queries=824408 trained_events=916249 mean_loss=1.868143 lr=0.000840417 step=stateful RMSProp step applied
      unit 10/65 rc=882313 chunks=1 trained_queries=2708 trained_events=3348 mean_loss=1.592389 lr=0.000837813 step=stateful RMSProp step applied
      unit 11/65 rc=16 chunks=23 trained_queries=1118787 trained_events=1200145 mean_loss=1.905189 lr=0.000835213 step=stateful RMSProp step applied
      unit 12/65 rc=556 chunks=9 trained_queries=402908 trained_events=427924 mean_loss=1.929428 lr=0.000832614 step=stateful RMSProp step applied
      unit 13/65 rc=213 chunks=6 trained_queries=265773 trained_events=288300 mean_loss=1.878639 lr=0.000830018 step=stateful RMSProp step applied
      unit 14/65 rc=78 chunks=17 trained_queries=834115 trained_events=894861 mean_loss=1.895661 lr=0.000827425 step=stateful RMSProp step applied
      unit 15/65 rc=18 chunks=6 trained_queries=296769 trained_events=319176 mean_loss=1.882471 lr=0.000824834 step=stateful RMSProp step applied
      unit 16/65 rc=7 chunks=9 trained_queries=416424 trained_events=452848 mean_loss=1.866651 lr=0.000822246 step=stateful RMSProp step applied
      unit 17/65 rc=6318 chunks=5 trained_queries=224634 trained_events=244528 mean_loss=1.835582 lr=0.00081966 step=stateful RMSProp step applied
      unit 18/65 rc=3129 chunks=14 trained_queries=656402 trained_events=713248 mean_loss=1.832455 lr=0.000817077 step=stateful RMSProp step applied
      unit 19/65 rc=1 chunks=4 trained_queries=199346 trained_events=215884 mean_loss=1.889759 lr=0.000814496 step=stateful RMSProp step applied
      unit 20/65 rc=14974 chunks=6 trained_queries=263799 trained_events=288300 mean_loss=1.835474 lr=0.000811918 step=stateful RMSProp step applied
      unit 21/65 rc=3051 chunks=7 trained_queries=331867 trained_events=358236 mean_loss=1.868011 lr=0.000809343 step=stateful RMSProp step applied
      unit 22/65 rc=506 chunks=26 trained_queries=1281767 trained_events=1382126 mean_loss=1.870718 lr=0.00080677 step=stateful RMSProp step applied
      unit 23/65 rc=14596 chunks=1 trained_queries=36794 trained_events=39556 mean_loss=1.884949 lr=0.000804199 step=stateful RMSProp step applied
      unit 24/65 rc=62437 chunks=4 trained_queries=171115 trained_events=191208 mean_loss=1.758080 lr=0.000801632 step=stateful RMSProp step applied
      unit 25/65 rc=425 chunks=9 trained_queries=424575 trained_events=458428 mean_loss=1.858989 lr=0.000799066 step=stateful RMSProp step applied
      unit 26/65 rc=314 chunks=7 trained_queries=314647 trained_events=338892 mean_loss=1.902518 lr=0.000796504 step=stateful RMSProp step applied
      unit 27/65 rc=531 chunks=11 trained_queries=528936 trained_events=574692 mean_loss=1.836693 lr=0.000793944 step=stateful RMSProp step applied
      unit 28/65 rc=620 chunks=12 trained_queries=567606 trained_events=609782 mean_loss=1.874904 lr=0.000791387 step=stateful RMSProp step applied
      unit 29/65 rc=8062 chunks=4 trained_queries=160626 trained_events=173228 mean_loss=1.904653 lr=0.000788832 step=stateful RMSProp step applied
      unit 30/65 rc=97778 chunks=1 trained_queries=24821 trained_events=28644 mean_loss=1.636439 lr=0.00078628 step=stateful RMSProp step applied
      unit 31/65 rc=226 chunks=11 trained_queries=522108 trained_events=564898 mean_loss=1.841996 lr=0.000783731 step=stateful RMSProp step applied
      unit 32/65 rc=85 chunks=10 trained_queries=488847 trained_events=525016 mean_loss=1.896121 lr=0.000781184 step=stateful RMSProp step applied
      unit 33/65 rc=2725 chunks=16 trained_queries=754625 trained_events=807195 mean_loss=1.895375 lr=0.00077864 step=stateful RMSProp step applied
      unit 34/65 rc=3135 chunks=8 trained_queries=366260 trained_events=400520 mean_loss=1.824307 lr=0.000776099 step=stateful RMSProp step applied
      unit 35/65 rc=1739 chunks=2 trained_queries=87562 trained_events=94736 mean_loss=1.842724 lr=0.000773561 step=stateful RMSProp step applied
      unit 36/65 rc=373 chunks=8 trained_queries=386604 trained_events=414982 mean_loss=1.889928 lr=0.000771025 step=stateful RMSProp step applied
      unit 37/65 rc=452305 chunks=1 trained_queries=13040 trained_events=13888 mean_loss=1.797019 lr=0.000768492 step=stateful RMSProp step applied
      unit 38/65 rc=141 chunks=4 trained_queries=195453 trained_events=209808 mean_loss=1.833614 lr=0.000765961 step=stateful RMSProp step applied
      unit 39/65 rc=260398 chunks=1 trained_queries=18549 trained_events=19964 mean_loss=1.725363 lr=0.000763434 step=stateful RMSProp step applied
      unit 40/65 rc=41 chunks=124 trained_queries=6163183 trained_events=6532996 mean_loss=1.929768 lr=0.000760909 step=stateful RMSProp step applied
      unit 41/65 rc=569 chunks=26 trained_queries=1259071 trained_events=1333052 mean_loss=1.923046 lr=0.000758387 step=stateful RMSProp step applied
      unit 42/65 rc=36 chunks=35 trained_queries=1745157 trained_events=1848439 mean_loss=1.923113 lr=0.000755868 step=stateful RMSProp step applied
      unit 43/65 rc=39 chunks=70 trained_queries=3489609 trained_events=3701941 mean_loss=1.910848 lr=0.000753351 step=stateful RMSProp step applied
      unit 44/65 rc=14 chunks=211 trained_queries=10509349 trained_events=11170444 mean_loss=1.917719 lr=0.000750837 step=stateful RMSProp step applied
      unit 45/65 rc=21 chunks=36 trained_queries=1758042 trained_events=1864623 mean_loss=1.915499 lr=0.000748326 step=stateful RMSProp step applied
      unit 46/65 rc=550 chunks=30 trained_queries=1491599 trained_events=1575272 mean_loss=1.919286 lr=0.000745818 step=stateful RMSProp step applied
      unit 47/65 rc=51 chunks=114 trained_queries=5673809 trained_events=6048192 mean_loss=1.914358 lr=0.000743313 step=stateful RMSProp step applied
      unit 48/65 rc=2 chunks=102 trained_queries=5051998 trained_events=5357586 mean_loss=1.918194 lr=0.00074081 step=stateful RMSProp step applied
      unit 49/65 rc=1069 chunks=2 trained_queries=71644 trained_events=75516 mean_loss=1.888746 lr=0.000738311 step=stateful RMSProp step applied
      unit 50/65 rc=73 chunks=16 trained_queries=790720 trained_events=835488 mean_loss=1.898899 lr=0.000735814 step=stateful RMSProp step applied
      unit 51/65 rc=79 chunks=75 trained_queries=3736786 trained_events=3953843 mean_loss=1.918695 lr=0.00073332 step=stateful RMSProp step applied
      unit 52/65 rc=63 chunks=50 trained_queries=2471897 trained_events=2621838 mean_loss=1.909902 lr=0.000730829 step=stateful RMSProp step applied
      unit 53/65 rc=15 chunks=108 trained_queries=5390515 trained_events=5717589 mean_loss=1.917610 lr=0.000728341 step=stateful RMSProp step applied
      unit 54/65 rc=22 chunks=147 trained_queries=7317596 trained_events=7770966 mean_loss=1.912078 lr=0.000725855 step=stateful RMSProp step applied
      unit 55/65 rc=32 chunks=25 trained_queries=1208977 trained_events=1277820 mean_loss=1.923152 lr=0.000723373 step=stateful RMSProp step applied
      unit 56/65 rc=8446 chunks=2 trained_queries=69102 trained_events=73284 mean_loss=1.876017 lr=0.000720894 step=stateful RMSProp step applied
      unit 57/65 rc=3 chunks=110 trained_queries=5457031 trained_events=5779345 mean_loss=1.915701 lr=0.000718417 step=stateful RMSProp step applied
      unit 58/65 rc=4 chunks=111 trained_queries=5516836 trained_events=5854709 mean_loss=1.919207 lr=0.000715943 step=stateful RMSProp step applied
      unit 59/65 rc=5 chunks=149 trained_queries=7411233 trained_events=7899836 mean_loss=1.908607 lr=0.000713472 step=stateful RMSProp step applied
      unit 60/65 rc=48 chunks=60 trained_queries=2973228 trained_events=3145342 mean_loss=1.915038 lr=0.000711004 step=stateful RMSProp step applied
      unit 61/65 rc=164 chunks=18 trained_queries=871265 trained_events=922669 mean_loss=1.895780 lr=0.00070854 step=stateful RMSProp step applied
      unit 62/65 rc=28 chunks=39 trained_queries=1945234 trained_events=2065842 mean_loss=1.906778 lr=0.000706078 step=stateful RMSProp step applied
      unit 63/65 rc=9786 chunks=2 trained_queries=59517 trained_events=62372 mean_loss=1.914534 lr=0.000703618 step=stateful RMSProp step applied
      unit 64/65 rc=44 chunks=46 trained_queries=2269131 trained_events=2417215 mean_loss=1.885264 lr=0.000701163 step=stateful RMSProp step applied
      unit 65/65 rc=13 chunks=1 trained_queries=40285 trained_events=42160 mean_loss=1.896113 lr=0.00069871 step=stateful RMSProp step applied
    stage-epoch 17 summary trained_queries=123189067 trained_events=131385626 mean_loss=1.914134
    stage-epoch 18/25
      unit 1/65 rc=17 chunks=86 trained_queries=4283062 trained_events=4670471 mean_loss=1.883708 lr=0.00069626 step=stateful RMSProp step applied
      unit 2/65 rc=6 chunks=374 trained_queries=18661859 trained_events=20055906 mean_loss=1.909382 lr=0.000693813 step=stateful RMSProp step applied
      unit 3/65 rc=597 chunks=5 trained_queries=234506 trained_events=249488 mean_loss=1.892865 lr=0.000691369 step=stateful RMSProp step applied
      unit 4/65 rc=1027293 chunks=1 trained_queries=124 trained_events=124 mean_loss=1.301537 lr=0.000688928 step=stateful RMSProp step applied
      unit 5/65 rc=111938 chunks=1 trained_queries=365 trained_events=372 mean_loss=1.744172 lr=0.00068649 step=stateful RMSProp step applied
      unit 6/65 rc=384 chunks=14 trained_queries=689527 trained_events=729120 mean_loss=2.026943 lr=0.000684055 step=stateful RMSProp step applied
      unit 7/65 rc=54 chunks=44 trained_queries=2182526 trained_events=2339320 mean_loss=1.935024 lr=0.000681623 step=stateful RMSProp step applied
      unit 8/65 rc=2093 chunks=5 trained_queries=212409 trained_events=221836 mean_loss=1.970191 lr=0.000679194 step=stateful RMSProp step applied
      unit 9/65 rc=74 chunks=17 trained_queries=824408 trained_events=916249 mean_loss=1.832981 lr=0.000676769 step=stateful RMSProp step applied
      unit 10/65 rc=882313 chunks=1 trained_queries=2708 trained_events=3348 mean_loss=1.570846 lr=0.000674346 step=stateful RMSProp step applied
      unit 11/65 rc=16 chunks=23 trained_queries=1118787 trained_events=1200145 mean_loss=1.876470 lr=0.000671927 step=stateful RMSProp step applied
      unit 12/65 rc=556 chunks=9 trained_queries=402908 trained_events=427924 mean_loss=1.905300 lr=0.00066951 step=stateful RMSProp step applied
      unit 13/65 rc=213 chunks=6 trained_queries=265773 trained_events=288300 mean_loss=1.855154 lr=0.000667097 step=stateful RMSProp step applied
      unit 14/65 rc=78 chunks=17 trained_queries=834115 trained_events=894861 mean_loss=1.878026 lr=0.000664687 step=stateful RMSProp step applied
      unit 15/65 rc=18 chunks=6 trained_queries=296769 trained_events=319176 mean_loss=1.866543 lr=0.000662279 step=stateful RMSProp step applied
      unit 16/65 rc=7 chunks=9 trained_queries=416424 trained_events=452848 mean_loss=1.853100 lr=0.000659876 step=stateful RMSProp step applied
      unit 17/65 rc=6318 chunks=5 trained_queries=224634 trained_events=244528 mean_loss=1.818794 lr=0.000657475 step=stateful RMSProp step applied
      unit 18/65 rc=3129 chunks=14 trained_queries=656402 trained_events=713248 mean_loss=1.817354 lr=0.000655077 step=stateful RMSProp step applied
      unit 19/65 rc=1 chunks=4 trained_queries=199346 trained_events=215884 mean_loss=1.874706 lr=0.000652682 step=stateful RMSProp step applied
      unit 20/65 rc=14974 chunks=6 trained_queries=263799 trained_events=288300 mean_loss=1.821437 lr=0.000650291 step=stateful RMSProp step applied
      unit 21/65 rc=3051 chunks=7 trained_queries=331867 trained_events=358236 mean_loss=1.853194 lr=0.000647903 step=stateful RMSProp step applied
      unit 22/65 rc=506 chunks=26 trained_queries=1281767 trained_events=1382126 mean_loss=1.857745 lr=0.000645518 step=stateful RMSProp step applied
      unit 23/65 rc=14596 chunks=1 trained_queries=36794 trained_events=39556 mean_loss=1.871775 lr=0.000643136 step=stateful RMSProp step applied
      unit 24/65 rc=62437 chunks=4 trained_queries=171115 trained_events=191208 mean_loss=1.742573 lr=0.000640757 step=stateful RMSProp step applied
      unit 25/65 rc=425 chunks=9 trained_queries=424575 trained_events=458428 mean_loss=1.842545 lr=0.000638382 step=stateful RMSProp step applied
      unit 26/65 rc=314 chunks=7 trained_queries=314647 trained_events=338892 mean_loss=1.886624 lr=0.00063601 step=stateful RMSProp step applied
      unit 27/65 rc=531 chunks=11 trained_queries=528936 trained_events=574692 mean_loss=1.824783 lr=0.000633641 step=stateful RMSProp step applied
      unit 28/65 rc=620 chunks=12 trained_queries=567606 trained_events=609782 mean_loss=1.863227 lr=0.000631275 step=stateful RMSProp step applied
      unit 29/65 rc=8062 chunks=4 trained_queries=160626 trained_events=173228 mean_loss=1.892313 lr=0.000628913 step=stateful RMSProp step applied
      unit 30/65 rc=97778 chunks=1 trained_queries=24821 trained_events=28644 mean_loss=1.626341 lr=0.000626553 step=stateful RMSProp step applied
      unit 31/65 rc=226 chunks=11 trained_queries=522108 trained_events=564898 mean_loss=1.840298 lr=0.000624198 step=stateful RMSProp step applied
      unit 32/65 rc=85 chunks=10 trained_queries=488847 trained_events=525016 mean_loss=1.889852 lr=0.000621845 step=stateful RMSProp step applied
      unit 33/65 rc=2725 chunks=16 trained_queries=754625 trained_events=807195 mean_loss=1.885367 lr=0.000619496 step=stateful RMSProp step applied
      unit 34/65 rc=3135 chunks=8 trained_queries=366260 trained_events=400520 mean_loss=1.816789 lr=0.000617149 step=stateful RMSProp step applied
      unit 35/65 rc=1739 chunks=2 trained_queries=87562 trained_events=94736 mean_loss=1.832992 lr=0.000614807 step=stateful RMSProp step applied
      unit 36/65 rc=373 chunks=8 trained_queries=386604 trained_events=414982 mean_loss=1.880329 lr=0.000612467 step=stateful RMSProp step applied
      unit 37/65 rc=452305 chunks=1 trained_queries=13040 trained_events=13888 mean_loss=1.782309 lr=0.000610131 step=stateful RMSProp step applied
      unit 38/65 rc=141 chunks=4 trained_queries=195453 trained_events=209808 mean_loss=1.822849 lr=0.000607798 step=stateful RMSProp step applied
      unit 39/65 rc=260398 chunks=1 trained_queries=18549 trained_events=19964 mean_loss=1.712795 lr=0.000605469 step=stateful RMSProp step applied
      unit 40/65 rc=41 chunks=124 trained_queries=6163183 trained_events=6532996 mean_loss=1.919278 lr=0.000603142 step=stateful RMSProp step applied
      unit 41/65 rc=569 chunks=26 trained_queries=1259071 trained_events=1333052 mean_loss=1.913740 lr=0.000600819 step=stateful RMSProp step applied
      unit 42/65 rc=36 chunks=35 trained_queries=1745157 trained_events=1848439 mean_loss=1.913667 lr=0.0005985 step=stateful RMSProp step applied
      unit 43/65 rc=39 chunks=70 trained_queries=3489609 trained_events=3701941 mean_loss=1.901877 lr=0.000596184 step=stateful RMSProp step applied
      unit 44/65 rc=14 chunks=211 trained_queries=10509349 trained_events=11170444 mean_loss=1.908945 lr=0.000593871 step=stateful RMSProp step applied
      unit 45/65 rc=21 chunks=36 trained_queries=1758042 trained_events=1864623 mean_loss=1.906744 lr=0.000591562 step=stateful RMSProp step applied
      unit 46/65 rc=550 chunks=30 trained_queries=1491599 trained_events=1575272 mean_loss=1.910298 lr=0.000589256 step=stateful RMSProp step applied
      unit 47/65 rc=51 chunks=114 trained_queries=5673809 trained_events=6048192 mean_loss=1.904381 lr=0.000586954 step=stateful RMSProp step applied
      unit 48/65 rc=2 chunks=102 trained_queries=5051998 trained_events=5357586 mean_loss=1.909865 lr=0.000584655 step=stateful RMSProp step applied
      unit 49/65 rc=1069 chunks=2 trained_queries=71644 trained_events=75516 mean_loss=1.878398 lr=0.000582359 step=stateful RMSProp step applied
      unit 50/65 rc=73 chunks=16 trained_queries=790720 trained_events=835488 mean_loss=1.889850 lr=0.000580067 step=stateful RMSProp step applied
      unit 51/65 rc=79 chunks=75 trained_queries=3736786 trained_events=3953843 mean_loss=1.910418 lr=0.000577778 step=stateful RMSProp step applied
      unit 52/65 rc=63 chunks=50 trained_queries=2471897 trained_events=2621838 mean_loss=1.900922 lr=0.000575493 step=stateful RMSProp step applied
      unit 53/65 rc=15 chunks=108 trained_queries=5390515 trained_events=5717589 mean_loss=1.908396 lr=0.000573211 step=stateful RMSProp step applied
      unit 54/65 rc=22 chunks=147 trained_queries=7317596 trained_events=7770966 mean_loss=1.903839 lr=0.000570932 step=stateful RMSProp step applied
      unit 55/65 rc=32 chunks=25 trained_queries=1208977 trained_events=1277820 mean_loss=1.914714 lr=0.000568657 step=stateful RMSProp step applied
      unit 56/65 rc=8446 chunks=2 trained_queries=69102 trained_events=73284 mean_loss=1.867068 lr=0.000566386 step=stateful RMSProp step applied
      unit 57/65 rc=3 chunks=110 trained_queries=5457031 trained_events=5779345 mean_loss=1.906360 lr=0.000564117 step=stateful RMSProp step applied
      unit 58/65 rc=4 chunks=111 trained_queries=5516836 trained_events=5854709 mean_loss=1.910137 lr=0.000561853 step=stateful RMSProp step applied
      unit 59/65 rc=5 chunks=149 trained_queries=7411233 trained_events=7899836 mean_loss=1.900020 lr=0.000559592 step=stateful RMSProp step applied
      unit 60/65 rc=48 chunks=60 trained_queries=2973228 trained_events=3145342 mean_loss=1.906810 lr=0.000557335 step=stateful RMSProp step applied
      unit 61/65 rc=164 chunks=18 trained_queries=871265 trained_events=922669 mean_loss=1.886630 lr=0.000555081 step=stateful RMSProp step applied
      unit 62/65 rc=28 chunks=39 trained_queries=1945234 trained_events=2065842 mean_loss=1.898481 lr=0.00055283 step=stateful RMSProp step applied
      unit 63/65 rc=9786 chunks=2 trained_queries=59517 trained_events=62372 mean_loss=1.904810 lr=0.000550583 step=stateful RMSProp step applied
      unit 64/65 rc=44 chunks=46 trained_queries=2269131 trained_events=2417215 mean_loss=1.876071 lr=0.00054834 step=stateful RMSProp step applied
      unit 65/65 rc=13 chunks=1 trained_queries=40285 trained_events=42160 mean_loss=1.885421 lr=0.0005461 step=stateful RMSProp step applied
    stage-epoch 18 summary trained_queries=123189067 trained_events=131385626 mean_loss=1.902012
    stage-epoch 19/25
      unit 1/65 rc=17 chunks=86 trained_queries=4283062 trained_events=4670471 mean_loss=1.874417 lr=0.000543864 step=stateful RMSProp step applied
      unit 2/65 rc=6 chunks=374 trained_queries=18661859 trained_events=20055906 mean_loss=1.901293 lr=0.000541631 step=stateful RMSProp step applied
      unit 3/65 rc=597 chunks=5 trained_queries=234506 trained_events=249488 mean_loss=1.883470 lr=0.000539402 step=stateful RMSProp step applied
      unit 4/65 rc=1027293 chunks=1 trained_queries=124 trained_events=124 mean_loss=1.274926 lr=0.000537177 step=stateful RMSProp step applied
      unit 5/65 rc=111938 chunks=1 trained_queries=365 trained_events=372 mean_loss=1.674601 lr=0.000534955 step=stateful RMSProp step applied
      unit 6/65 rc=384 chunks=14 trained_queries=689527 trained_events=729120 mean_loss=2.004167 lr=0.000532736 step=stateful RMSProp step applied
      unit 7/65 rc=54 chunks=44 trained_queries=2182526 trained_events=2339320 mean_loss=1.915074 lr=0.000530522 step=stateful RMSProp step applied
      unit 8/65 rc=2093 chunks=5 trained_queries=212409 trained_events=221836 mean_loss=1.959030 lr=0.000528311 step=stateful RMSProp step applied
      unit 9/65 rc=74 chunks=17 trained_queries=824408 trained_events=916249 mean_loss=1.823631 lr=0.000526103 step=stateful RMSProp step applied
      unit 10/65 rc=882313 chunks=1 trained_queries=2708 trained_events=3348 mean_loss=1.555907 lr=0.0005239 step=stateful RMSProp step applied
      unit 11/65 rc=16 chunks=23 trained_queries=1118787 trained_events=1200145 mean_loss=1.863802 lr=0.0005217 step=stateful RMSProp step applied
      unit 12/65 rc=556 chunks=9 trained_queries=402908 trained_events=427924 mean_loss=1.894189 lr=0.000519503 step=stateful RMSProp step applied
      unit 13/65 rc=213 chunks=6 trained_queries=265773 trained_events=288300 mean_loss=1.845169 lr=0.00051731 step=stateful RMSProp step applied
      unit 14/65 rc=78 chunks=17 trained_queries=834115 trained_events=894861 mean_loss=1.867278 lr=0.000515121 step=stateful RMSProp step applied
      unit 15/65 rc=18 chunks=6 trained_queries=296769 trained_events=319176 mean_loss=1.854875 lr=0.000512936 step=stateful RMSProp step applied
      unit 16/65 rc=7 chunks=9 trained_queries=416424 trained_events=452848 mean_loss=1.840353 lr=0.000510754 step=stateful RMSProp step applied
      unit 17/65 rc=6318 chunks=5 trained_queries=224634 trained_events=244528 mean_loss=1.808382 lr=0.000508576 step=stateful RMSProp step applied
      unit 18/65 rc=3129 chunks=14 trained_queries=656402 trained_events=713248 mean_loss=1.807535 lr=0.000506402 step=stateful RMSProp step applied
      unit 19/65 rc=1 chunks=4 trained_queries=199346 trained_events=215884 mean_loss=1.866097 lr=0.000504231 step=stateful RMSProp step applied
      unit 20/65 rc=14974 chunks=6 trained_queries=263799 trained_events=288300 mean_loss=1.811260 lr=0.000502064 step=stateful RMSProp step applied
      unit 21/65 rc=3051 chunks=7 trained_queries=331867 trained_events=358236 mean_loss=1.844544 lr=0.000499901 step=stateful RMSProp step applied
      unit 22/65 rc=506 chunks=26 trained_queries=1281767 trained_events=1382126 mean_loss=1.848689 lr=0.000497742 step=stateful RMSProp step applied
      unit 23/65 rc=14596 chunks=1 trained_queries=36794 trained_events=39556 mean_loss=1.860820 lr=0.000495586 step=stateful RMSProp step applied
      unit 24/65 rc=62437 chunks=4 trained_queries=171115 trained_events=191208 mean_loss=1.736897 lr=0.000493434 step=stateful RMSProp step applied
      unit 25/65 rc=425 chunks=9 trained_queries=424575 trained_events=458428 mean_loss=1.832031 lr=0.000491286 step=stateful RMSProp step applied
      unit 26/65 rc=314 chunks=7 trained_queries=314647 trained_events=338892 mean_loss=1.878838 lr=0.000489141 step=stateful RMSProp step applied
      unit 27/65 rc=531 chunks=11 trained_queries=528936 trained_events=574692 mean_loss=1.815615 lr=0.000487001 step=stateful RMSProp step applied
      unit 28/65 rc=620 chunks=12 trained_queries=567606 trained_events=609782 mean_loss=1.854102 lr=0.000484864 step=stateful RMSProp step applied
      unit 29/65 rc=8062 chunks=4 trained_queries=160626 trained_events=173228 mean_loss=1.882627 lr=0.000482731 step=stateful RMSProp step applied
      unit 30/65 rc=97778 chunks=1 trained_queries=24821 trained_events=28644 mean_loss=1.615726 lr=0.000480602 step=stateful RMSProp step applied
      unit 31/65 rc=226 chunks=11 trained_queries=522108 trained_events=564898 mean_loss=1.821447 lr=0.000478476 step=stateful RMSProp step applied
      unit 32/65 rc=85 chunks=10 trained_queries=488847 trained_events=525016 mean_loss=1.876035 lr=0.000476355 step=stateful RMSProp step applied
      unit 33/65 rc=2725 chunks=16 trained_queries=754625 trained_events=807195 mean_loss=1.876455 lr=0.000474237 step=stateful RMSProp step applied
      unit 34/65 rc=3135 chunks=8 trained_queries=366260 trained_events=400520 mean_loss=1.805957 lr=0.000472123 step=stateful RMSProp step applied
      unit 35/65 rc=1739 chunks=2 trained_queries=87562 trained_events=94736 mean_loss=1.821431 lr=0.000470013 step=stateful RMSProp step applied
      unit 36/65 rc=373 chunks=8 trained_queries=386604 trained_events=414982 mean_loss=1.871555 lr=0.000467906 step=stateful RMSProp step applied
      unit 37/65 rc=452305 chunks=1 trained_queries=13040 trained_events=13888 mean_loss=1.770836 lr=0.000465804 step=stateful RMSProp step applied
      unit 38/65 rc=141 chunks=4 trained_queries=195453 trained_events=209808 mean_loss=1.812741 lr=0.000463705 step=stateful RMSProp step applied
      unit 39/65 rc=260398 chunks=1 trained_queries=18549 trained_events=19964 mean_loss=1.703943 lr=0.000461611 step=stateful RMSProp step applied
      unit 40/65 rc=41 chunks=124 trained_queries=6163183 trained_events=6532996 mean_loss=1.910180 lr=0.00045952 step=stateful RMSProp step applied
      unit 41/65 rc=569 chunks=26 trained_queries=1259071 trained_events=1333052 mean_loss=1.905127 lr=0.000457433 step=stateful RMSProp step applied
      unit 42/65 rc=36 chunks=35 trained_queries=1745157 trained_events=1848439 mean_loss=1.905464 lr=0.00045535 step=stateful RMSProp step applied
      unit 43/65 rc=39 chunks=70 trained_queries=3489609 trained_events=3701941 mean_loss=1.893919 lr=0.000453271 step=stateful RMSProp step applied
      unit 44/65 rc=14 chunks=211 trained_queries=10509349 trained_events=11170444 mean_loss=1.900995 lr=0.000451196 step=stateful RMSProp step applied
      unit 45/65 rc=21 chunks=36 trained_queries=1758042 trained_events=1864623 mean_loss=1.899247 lr=0.000449124 step=stateful RMSProp step applied
      unit 46/65 rc=550 chunks=30 trained_queries=1491599 trained_events=1575272 mean_loss=1.902210 lr=0.000447057 step=stateful RMSProp step applied
      unit 47/65 rc=51 chunks=114 trained_queries=5673809 trained_events=6048192 mean_loss=1.896704 lr=0.000444994 step=stateful RMSProp step applied
      unit 48/65 rc=2 chunks=102 trained_queries=5051998 trained_events=5357586 mean_loss=1.902355 lr=0.000442934 step=stateful RMSProp step applied
      unit 49/65 rc=1069 chunks=2 trained_queries=71644 trained_events=75516 mean_loss=1.870169 lr=0.000440879 step=stateful RMSProp step applied
      unit 50/65 rc=73 chunks=16 trained_queries=790720 trained_events=835488 mean_loss=1.880439 lr=0.000438827 step=stateful RMSProp step applied
      unit 51/65 rc=79 chunks=75 trained_queries=3736786 trained_events=3953843 mean_loss=1.901261 lr=0.000436779 step=stateful RMSProp step applied
      unit 52/65 rc=63 chunks=50 trained_queries=2471897 trained_events=2621838 mean_loss=1.893440 lr=0.000434736 step=stateful RMSProp step applied
      unit 53/65 rc=15 chunks=108 trained_queries=5390515 trained_events=5717589 mean_loss=1.901157 lr=0.000432696 step=stateful RMSProp step applied
      unit 54/65 rc=22 chunks=147 trained_queries=7317596 trained_events=7770966 mean_loss=1.896452 lr=0.000430661 step=stateful RMSProp step applied
      unit 55/65 rc=32 chunks=25 trained_queries=1208977 trained_events=1277820 mean_loss=1.907870 lr=0.000428629 step=stateful RMSProp step applied
      unit 56/65 rc=8446 chunks=2 trained_queries=69102 trained_events=73284 mean_loss=1.858443 lr=0.000426602 step=stateful RMSProp step applied
      unit 57/65 rc=3 chunks=110 trained_queries=5457031 trained_events=5779345 mean_loss=1.899042 lr=0.000424578 step=stateful RMSProp step applied
      unit 58/65 rc=4 chunks=111 trained_queries=5516836 trained_events=5854709 mean_loss=1.903174 lr=0.000422558 step=stateful RMSProp step applied
      unit 59/65 rc=5 chunks=149 trained_queries=7411233 trained_events=7899836 mean_loss=1.892917 lr=0.000420543 step=stateful RMSProp step applied
      unit 60/65 rc=48 chunks=60 trained_queries=2973228 trained_events=3145342 mean_loss=1.899866 lr=0.000418531 step=stateful RMSProp step applied
      unit 61/65 rc=164 chunks=18 trained_queries=871265 trained_events=922669 mean_loss=1.879625 lr=0.000416524 step=stateful RMSProp step applied
      unit 62/65 rc=28 chunks=39 trained_queries=1945234 trained_events=2065842 mean_loss=1.891644 lr=0.00041452 step=stateful RMSProp step applied
      unit 63/65 rc=9786 chunks=2 trained_queries=59517 trained_events=62372 mean_loss=1.897118 lr=0.000412521 step=stateful RMSProp step applied
      unit 64/65 rc=44 chunks=46 trained_queries=2269131 trained_events=2417215 mean_loss=1.868973 lr=0.000410526 step=stateful RMSProp step applied
      unit 65/65 rc=13 chunks=1 trained_queries=40285 trained_events=42160 mean_loss=1.878041 lr=0.000408534 step=stateful RMSProp step applied
    stage-epoch 19 summary trained_queries=123189067 trained_events=131385626 mean_loss=1.893621
    stage-epoch 20/25
      unit 1/65 rc=17 chunks=86 trained_queries=4283062 trained_events=4670471 mean_loss=1.866467 lr=0.000406547 step=stateful RMSProp step applied
      unit 2/65 rc=6 chunks=374 trained_queries=18661859 trained_events=20055906 mean_loss=1.894366 lr=0.000404564 step=stateful RMSProp step applied
      unit 3/65 rc=597 chunks=5 trained_queries=234506 trained_events=249488 mean_loss=1.875902 lr=0.000402585 step=stateful RMSProp step applied
      unit 4/65 rc=1027293 chunks=1 trained_queries=124 trained_events=124 mean_loss=1.239972 lr=0.00040061 step=stateful RMSProp step applied
      unit 5/65 rc=111938 chunks=1 trained_queries=365 trained_events=372 mean_loss=1.640550 lr=0.000398639 step=stateful RMSProp step applied
      unit 6/65 rc=384 chunks=14 trained_queries=689527 trained_events=729120 mean_loss=1.948886 lr=0.000396673 step=stateful RMSProp step applied
      unit 7/65 rc=54 chunks=44 trained_queries=2182526 trained_events=2339320 mean_loss=1.898025 lr=0.00039471 step=stateful RMSProp step applied
      unit 8/65 rc=2093 chunks=5 trained_queries=212409 trained_events=221836 mean_loss=1.947657 lr=0.000392751 step=stateful RMSProp step applied
      unit 9/65 rc=74 chunks=17 trained_queries=824408 trained_events=916249 mean_loss=1.812650 lr=0.000390797 step=stateful RMSProp step applied
      unit 10/65 rc=882313 chunks=1 trained_queries=2708 trained_events=3348 mean_loss=1.544684 lr=0.000388847 step=stateful RMSProp step applied
      unit 11/65 rc=16 chunks=23 trained_queries=1118787 trained_events=1200145 mean_loss=1.850101 lr=0.000386901 step=stateful RMSProp step applied
      unit 12/65 rc=556 chunks=9 trained_queries=402908 trained_events=427924 mean_loss=1.885391 lr=0.000384959 step=stateful RMSProp step applied
      unit 13/65 rc=213 chunks=6 trained_queries=265773 trained_events=288300 mean_loss=1.834843 lr=0.000383022 step=stateful RMSProp step applied
      unit 14/65 rc=78 chunks=17 trained_queries=834115 trained_events=894861 mean_loss=1.858884 lr=0.000381088 step=stateful RMSProp step applied
      unit 15/65 rc=18 chunks=6 trained_queries=296769 trained_events=319176 mean_loss=1.847867 lr=0.000379159 step=stateful RMSProp step applied
      unit 16/65 rc=7 chunks=9 trained_queries=416424 trained_events=452848 mean_loss=1.833820 lr=0.000377234 step=stateful RMSProp step applied
      unit 17/65 rc=6318 chunks=5 trained_queries=224634 trained_events=244528 mean_loss=1.800669 lr=0.000375313 step=stateful RMSProp step applied
      unit 18/65 rc=3129 chunks=14 trained_queries=656402 trained_events=713248 mean_loss=1.799281 lr=0.000373396 step=stateful RMSProp step applied
      unit 19/65 rc=1 chunks=4 trained_queries=199346 trained_events=215884 mean_loss=1.856612 lr=0.000371484 step=stateful RMSProp step applied
      unit 20/65 rc=14974 chunks=6 trained_queries=263799 trained_events=288300 mean_loss=1.802891 lr=0.000369575 step=stateful RMSProp step applied
      unit 21/65 rc=3051 chunks=7 trained_queries=331867 trained_events=358236 mean_loss=1.836561 lr=0.000367671 step=stateful RMSProp step applied
      unit 22/65 rc=506 chunks=26 trained_queries=1281767 trained_events=1382126 mean_loss=1.842413 lr=0.000365771 step=stateful RMSProp step applied
      unit 23/65 rc=14596 chunks=1 trained_queries=36794 trained_events=39556 mean_loss=1.854559 lr=0.000363876 step=stateful RMSProp step applied
      unit 24/65 rc=62437 chunks=4 trained_queries=171115 trained_events=191208 mean_loss=1.724538 lr=0.000361985 step=stateful RMSProp step applied
      unit 25/65 rc=425 chunks=9 trained_queries=424575 trained_events=458428 mean_loss=1.824461 lr=0.000360097 step=stateful RMSProp step applied
      unit 26/65 rc=314 chunks=7 trained_queries=314647 trained_events=338892 mean_loss=1.871755 lr=0.000358215 step=stateful RMSProp step applied
      unit 27/65 rc=531 chunks=11 trained_queries=528936 trained_events=574692 mean_loss=1.808107 lr=0.000356336 step=stateful RMSProp step applied
      unit 28/65 rc=620 chunks=12 trained_queries=567606 trained_events=609782 mean_loss=1.847472 lr=0.000354462 step=stateful RMSProp step applied
      unit 29/65 rc=8062 chunks=4 trained_queries=160626 trained_events=173228 mean_loss=1.874697 lr=0.000352592 step=stateful RMSProp step applied
      unit 30/65 rc=97778 chunks=1 trained_queries=24821 trained_events=28644 mean_loss=1.607626 lr=0.000350726 step=stateful RMSProp step applied
      unit 31/65 rc=226 chunks=11 trained_queries=522108 trained_events=564898 mean_loss=1.814153 lr=0.000348865 step=stateful RMSProp step applied
      unit 32/65 rc=85 chunks=10 trained_queries=488847 trained_events=525016 mean_loss=1.868950 lr=0.000347008 step=stateful RMSProp step applied
      unit 33/65 rc=2725 chunks=16 trained_queries=754625 trained_events=807195 mean_loss=1.868706 lr=0.000345155 step=stateful RMSProp step applied
      unit 34/65 rc=3135 chunks=8 trained_queries=366260 trained_events=400520 mean_loss=1.798530 lr=0.000343306 step=stateful RMSProp step applied
      unit 35/65 rc=1739 chunks=2 trained_queries=87562 trained_events=94736 mean_loss=1.814194 lr=0.000341462 step=stateful RMSProp step applied
      unit 36/65 rc=373 chunks=8 trained_queries=386604 trained_events=414982 mean_loss=1.864627 lr=0.000339622 step=stateful RMSProp step applied
      unit 37/65 rc=452305 chunks=1 trained_queries=13040 trained_events=13888 mean_loss=1.765467 lr=0.000337787 step=stateful RMSProp step applied
      unit 38/65 rc=141 chunks=4 trained_queries=195453 trained_events=209808 mean_loss=1.806205 lr=0.000335956 step=stateful RMSProp step applied
      unit 39/65 rc=260398 chunks=1 trained_queries=18549 trained_events=19964 mean_loss=1.697797 lr=0.000334129 step=stateful RMSProp step applied
      unit 40/65 rc=41 chunks=124 trained_queries=6163183 trained_events=6532996 mean_loss=1.903307 lr=0.000332307 step=stateful RMSProp step applied
      unit 41/65 rc=569 chunks=26 trained_queries=1259071 trained_events=1333052 mean_loss=1.898922 lr=0.000330488 step=stateful RMSProp step applied
      unit 42/65 rc=36 chunks=35 trained_queries=1745157 trained_events=1848439 mean_loss=1.899675 lr=0.000328675 step=stateful RMSProp step applied
      unit 43/65 rc=39 chunks=70 trained_queries=3489609 trained_events=3701941 mean_loss=1.888526 lr=0.000326865 step=stateful RMSProp step applied
      unit 44/65 rc=14 chunks=211 trained_queries=10509349 trained_events=11170444 mean_loss=1.895367 lr=0.00032506 step=stateful RMSProp step applied
      unit 45/65 rc=21 chunks=36 trained_queries=1758042 trained_events=1864623 mean_loss=1.893748 lr=0.00032326 step=stateful RMSProp step applied
      unit 46/65 rc=550 chunks=30 trained_queries=1491599 trained_events=1575272 mean_loss=1.896887 lr=0.000321464 step=stateful RMSProp step applied
      unit 47/65 rc=51 chunks=114 trained_queries=5673809 trained_events=6048192 mean_loss=1.891553 lr=0.000319672 step=stateful RMSProp step applied
      unit 48/65 rc=2 chunks=102 trained_queries=5051998 trained_events=5357586 mean_loss=1.897305 lr=0.000317885 step=stateful RMSProp step applied
      unit 49/65 rc=1069 chunks=2 trained_queries=71644 trained_events=75516 mean_loss=1.864963 lr=0.000316102 step=stateful RMSProp step applied
      unit 50/65 rc=73 chunks=16 trained_queries=790720 trained_events=835488 mean_loss=1.874519 lr=0.000314323 step=stateful RMSProp step applied
      unit 51/65 rc=79 chunks=75 trained_queries=3736786 trained_events=3953843 mean_loss=1.896272 lr=0.000312549 step=stateful RMSProp step applied
      unit 52/65 rc=63 chunks=50 trained_queries=2471897 trained_events=2621838 mean_loss=1.888079 lr=0.00031078 step=stateful RMSProp step applied
      unit 53/65 rc=15 chunks=108 trained_queries=5390515 trained_events=5717589 mean_loss=1.896000 lr=0.000309014 step=stateful RMSProp step applied
      unit 54/65 rc=22 chunks=147 trained_queries=7317596 trained_events=7770966 mean_loss=1.891345 lr=0.000307253 step=stateful RMSProp step applied
      unit 55/65 rc=32 chunks=25 trained_queries=1208977 trained_events=1277820 mean_loss=1.902904 lr=0.000305497 step=stateful RMSProp step applied
      unit 56/65 rc=8446 chunks=2 trained_queries=69102 trained_events=73284 mean_loss=1.853484 lr=0.000303746 step=stateful RMSProp step applied
      unit 57/65 rc=3 chunks=110 trained_queries=5457031 trained_events=5779345 mean_loss=1.893917 lr=0.000301998 step=stateful RMSProp step applied
      unit 58/65 rc=4 chunks=111 trained_queries=5516836 trained_events=5854709 mean_loss=1.898435 lr=0.000300256 step=stateful RMSProp step applied
      unit 59/65 rc=5 chunks=149 trained_queries=7411233 trained_events=7899836 mean_loss=1.888130 lr=0.000298517 step=stateful RMSProp step applied
      unit 60/65 rc=48 chunks=60 trained_queries=2973228 trained_events=3145342 mean_loss=1.895118 lr=0.000296783 step=stateful RMSProp step applied
      unit 61/65 rc=164 chunks=18 trained_queries=871265 trained_events=922669 mean_loss=1.874931 lr=0.000295054 step=stateful RMSProp step applied
      unit 62/65 rc=28 chunks=39 trained_queries=1945234 trained_events=2065842 mean_loss=1.886805 lr=0.000293329 step=stateful RMSProp step applied
      unit 63/65 rc=9786 chunks=2 trained_queries=59517 trained_events=62372 mean_loss=1.892912 lr=0.000291609 step=stateful RMSProp step applied
      unit 64/65 rc=44 chunks=46 trained_queries=2269131 trained_events=2417215 mean_loss=1.863928 lr=0.000289893 step=stateful RMSProp step applied
      unit 65/65 rc=13 chunks=1 trained_queries=40285 trained_events=42160 mean_loss=1.873423 lr=0.000288181 step=stateful RMSProp step applied
    stage-epoch 20 summary trained_queries=123189067 trained_events=131385626 mean_loss=1.887176
    stage-epoch 21/25
      unit 1/65 rc=17 chunks=86 trained_queries=4283062 trained_events=4670471 mean_loss=1.861089 lr=0.000286474 step=stateful RMSProp step applied
      unit 2/65 rc=6 chunks=374 trained_queries=18661859 trained_events=20055906 mean_loss=1.889855 lr=0.000284772 step=stateful RMSProp step applied
      unit 3/65 rc=597 chunks=5 trained_queries=234506 trained_events=249488 mean_loss=1.870666 lr=0.000283074 step=stateful RMSProp step applied
      unit 4/65 rc=1027293 chunks=1 trained_queries=124 trained_events=124 mean_loss=1.217083 lr=0.000281381 step=stateful RMSProp step applied
      unit 5/65 rc=111938 chunks=1 trained_queries=365 trained_events=372 mean_loss=1.609208 lr=0.000279692 step=stateful RMSProp step applied
      unit 6/65 rc=384 chunks=14 trained_queries=689527 trained_events=729120 mean_loss=1.924491 lr=0.000278009 step=stateful RMSProp step applied
      unit 7/65 rc=54 chunks=44 trained_queries=2182526 trained_events=2339320 mean_loss=1.886003 lr=0.000276329 step=stateful RMSProp step applied
      unit 8/65 rc=2093 chunks=5 trained_queries=212409 trained_events=221836 mean_loss=1.940566 lr=0.000274654 step=stateful RMSProp step applied
      unit 9/65 rc=74 chunks=17 trained_queries=824408 trained_events=916249 mean_loss=1.802995 lr=0.000272984 step=stateful RMSProp step applied
      unit 10/65 rc=882313 chunks=1 trained_queries=2708 trained_events=3348 mean_loss=1.537861 lr=0.000271318 step=stateful RMSProp step applied
      unit 11/65 rc=16 chunks=23 trained_queries=1118787 trained_events=1200145 mean_loss=1.841233 lr=0.000269657 step=stateful RMSProp step applied
      unit 12/65 rc=556 chunks=9 trained_queries=402908 trained_events=427924 mean_loss=1.879390 lr=0.000268 step=stateful RMSProp step applied
      unit 13/65 rc=213 chunks=6 trained_queries=265773 trained_events=288300 mean_loss=1.829146 lr=0.000266349 step=stateful RMSProp step applied
      unit 14/65 rc=78 chunks=17 trained_queries=834115 trained_events=894861 mean_loss=1.851631 lr=0.000264701 step=stateful RMSProp step applied
      unit 15/65 rc=18 chunks=6 trained_queries=296769 trained_events=319176 mean_loss=1.843743 lr=0.000263058 step=stateful RMSProp step applied
      unit 16/65 rc=7 chunks=9 trained_queries=416424 trained_events=452848 mean_loss=1.829230 lr=0.00026142 step=stateful RMSProp step applied
      unit 17/65 rc=6318 chunks=5 trained_queries=224634 trained_events=244528 mean_loss=1.793257 lr=0.000259787 step=stateful RMSProp step applied
      unit 18/65 rc=3129 chunks=14 trained_queries=656402 trained_events=713248 mean_loss=1.793446 lr=0.000258158 step=stateful RMSProp step applied
      unit 19/65 rc=1 chunks=4 trained_queries=199346 trained_events=215884 mean_loss=1.854418 lr=0.000256534 step=stateful RMSProp step applied
      unit 20/65 rc=14974 chunks=6 trained_queries=263799 trained_events=288300 mean_loss=1.796898 lr=0.000254914 step=stateful RMSProp step applied
      unit 21/65 rc=3051 chunks=7 trained_queries=331867 trained_events=358236 mean_loss=1.831294 lr=0.000253299 step=stateful RMSProp step applied
      unit 22/65 rc=506 chunks=26 trained_queries=1281767 trained_events=1382126 mean_loss=1.835842 lr=0.000251689 step=stateful RMSProp step applied
      unit 23/65 rc=14596 chunks=1 trained_queries=36794 trained_events=39556 mean_loss=1.849760 lr=0.000250084 step=stateful RMSProp step applied
      unit 24/65 rc=62437 chunks=4 trained_queries=171115 trained_events=191208 mean_loss=1.718439 lr=0.000248483 step=stateful RMSProp step applied
      unit 25/65 rc=425 chunks=9 trained_queries=424575 trained_events=458428 mean_loss=1.819467 lr=0.000246886 step=stateful RMSProp step applied
      unit 26/65 rc=314 chunks=7 trained_queries=314647 trained_events=338892 mean_loss=1.865993 lr=0.000245295 step=stateful RMSProp step applied
      unit 27/65 rc=531 chunks=11 trained_queries=528936 trained_events=574692 mean_loss=1.802925 lr=0.000243708 step=stateful RMSProp step applied
      unit 28/65 rc=620 chunks=12 trained_queries=567606 trained_events=609782 mean_loss=1.843034 lr=0.000242126 step=stateful RMSProp step applied
      unit 29/65 rc=8062 chunks=4 trained_queries=160626 trained_events=173228 mean_loss=1.870922 lr=0.000240548 step=stateful RMSProp step applied
      unit 30/65 rc=97778 chunks=1 trained_queries=24821 trained_events=28644 mean_loss=1.601061 lr=0.000238976 step=stateful RMSProp step applied
      unit 31/65 rc=226 chunks=11 trained_queries=522108 trained_events=564898 mean_loss=1.808755 lr=0.000237408 step=stateful RMSProp step applied
      unit 32/65 rc=85 chunks=10 trained_queries=488847 trained_events=525016 mean_loss=1.863705 lr=0.000235844 step=stateful RMSProp step applied
      unit 33/65 rc=2725 chunks=16 trained_queries=754625 trained_events=807195 mean_loss=1.864067 lr=0.000234286 step=stateful RMSProp step applied
      unit 34/65 rc=3135 chunks=8 trained_queries=366260 trained_events=400520 mean_loss=1.793387 lr=0.000232732 step=stateful RMSProp step applied
      unit 35/65 rc=1739 chunks=2 trained_queries=87562 trained_events=94736 mean_loss=1.810050 lr=0.000231183 step=stateful RMSProp step applied
      unit 36/65 rc=373 chunks=8 trained_queries=386604 trained_events=414982 mean_loss=1.859817 lr=0.000229638 step=stateful RMSProp step applied
      unit 37/65 rc=452305 chunks=1 trained_queries=13040 trained_events=13888 mean_loss=1.756652 lr=0.000228099 step=stateful RMSProp step applied
      unit 38/65 rc=141 chunks=4 trained_queries=195453 trained_events=209808 mean_loss=1.799565 lr=0.000226564 step=stateful RMSProp step applied
      unit 39/65 rc=260398 chunks=1 trained_queries=18549 trained_events=19964 mean_loss=1.691375 lr=0.000225033 step=stateful RMSProp step applied
      unit 40/65 rc=41 chunks=124 trained_queries=6163183 trained_events=6532996 mean_loss=1.898585 lr=0.000223508 step=stateful RMSProp step applied
      unit 41/65 rc=569 chunks=26 trained_queries=1259071 trained_events=1333052 mean_loss=1.894850 lr=0.000221988 step=stateful RMSProp step applied
      unit 42/65 rc=36 chunks=35 trained_queries=1745157 trained_events=1848439 mean_loss=1.895620 lr=0.000220472 step=stateful RMSProp step applied
      unit 43/65 rc=39 chunks=70 trained_queries=3489609 trained_events=3701941 mean_loss=1.884375 lr=0.000218961 step=stateful RMSProp step applied
      unit 44/65 rc=14 chunks=211 trained_queries=10509349 trained_events=11170444 mean_loss=1.891570 lr=0.000217455 step=stateful RMSProp step applied
      unit 45/65 rc=21 chunks=36 trained_queries=1758042 trained_events=1864623 mean_loss=1.890216 lr=0.000215953 step=stateful RMSProp step applied
      unit 46/65 rc=550 chunks=30 trained_queries=1491599 trained_events=1575272 mean_loss=1.893153 lr=0.000214456 step=stateful RMSProp step applied
      unit 47/65 rc=51 chunks=114 trained_queries=5673809 trained_events=6048192 mean_loss=1.888060 lr=0.000212965 step=stateful RMSProp step applied
      unit 48/65 rc=2 chunks=102 trained_queries=5051998 trained_events=5357586 mean_loss=1.893627 lr=0.000211478 step=stateful RMSProp step applied
      unit 49/65 rc=1069 chunks=2 trained_queries=71644 trained_events=75516 mean_loss=1.860624 lr=0.000209995 step=stateful RMSProp step applied
      unit 50/65 rc=73 chunks=16 trained_queries=790720 trained_events=835488 mean_loss=1.871089 lr=0.000208518 step=stateful RMSProp step applied
      unit 51/65 rc=79 chunks=75 trained_queries=3736786 trained_events=3953843 mean_loss=1.892728 lr=0.000207045 step=stateful RMSProp step applied
      unit 52/65 rc=63 chunks=50 trained_queries=2471897 trained_events=2621838 mean_loss=1.885070 lr=0.000205578 step=stateful RMSProp step applied
      unit 53/65 rc=15 chunks=108 trained_queries=5390515 trained_events=5717589 mean_loss=1.892637 lr=0.000204115 step=stateful RMSProp step applied
      unit 54/65 rc=22 chunks=147 trained_queries=7317596 trained_events=7770966 mean_loss=1.887979 lr=0.000202657 step=stateful RMSProp step applied
      unit 55/65 rc=32 chunks=25 trained_queries=1208977 trained_events=1277820 mean_loss=1.899671 lr=0.000201204 step=stateful RMSProp step applied
      unit 56/65 rc=8446 chunks=2 trained_queries=69102 trained_events=73284 mean_loss=1.850534 lr=0.000199755 step=stateful RMSProp step applied
      unit 57/65 rc=3 chunks=110 trained_queries=5457031 trained_events=5779345 mean_loss=1.890581 lr=0.000198312 step=stateful RMSProp step applied
      unit 58/65 rc=4 chunks=111 trained_queries=5516836 trained_events=5854709 mean_loss=1.895098 lr=0.000196873 step=stateful RMSProp step applied
      unit 59/65 rc=5 chunks=149 trained_queries=7411233 trained_events=7899836 mean_loss=1.885054 lr=0.000195439 step=stateful RMSProp step applied
      unit 60/65 rc=48 chunks=60 trained_queries=2973228 trained_events=3145342 mean_loss=1.891908 lr=0.000194011 step=stateful RMSProp step applied
      unit 61/65 rc=164 chunks=18 trained_queries=871265 trained_events=922669 mean_loss=1.871335 lr=0.000192586 step=stateful RMSProp step applied
      unit 62/65 rc=28 chunks=39 trained_queries=1945234 trained_events=2065842 mean_loss=1.883687 lr=0.000191167 step=stateful RMSProp step applied
      unit 63/65 rc=9786 chunks=2 trained_queries=59517 trained_events=62372 mean_loss=1.889205 lr=0.000189753 step=stateful RMSProp step applied
      unit 64/65 rc=44 chunks=46 trained_queries=2269131 trained_events=2417215 mean_loss=1.860796 lr=0.000188344 step=stateful RMSProp step applied
      unit 65/65 rc=13 chunks=1 trained_queries=40285 trained_events=42160 mean_loss=1.868860 lr=0.000186939 step=stateful RMSProp step applied
    stage-epoch 21 summary trained_queries=123189067 trained_events=131385626 mean_loss=1.882871
    stage-epoch 22/25
      unit 1/65 rc=17 chunks=86 trained_queries=4283062 trained_events=4670471 mean_loss=1.857937 lr=0.00018554 step=stateful RMSProp step applied
      unit 2/65 rc=6 chunks=374 trained_queries=18661859 trained_events=20055906 mean_loss=1.886740 lr=0.000184145 step=stateful RMSProp step applied
      unit 3/65 rc=597 chunks=5 trained_queries=234506 trained_events=249488 mean_loss=1.867139 lr=0.000182756 step=stateful RMSProp step applied
      unit 4/65 rc=1027293 chunks=1 trained_queries=124 trained_events=124 mean_loss=1.195012 lr=0.000181371 step=stateful RMSProp step applied
      unit 5/65 rc=111938 chunks=1 trained_queries=365 trained_events=372 mean_loss=1.591360 lr=0.000179991 step=stateful RMSProp step applied
      unit 6/65 rc=384 chunks=14 trained_queries=689527 trained_events=729120 mean_loss=1.906073 lr=0.000178616 step=stateful RMSProp step applied
      unit 7/65 rc=54 chunks=44 trained_queries=2182526 trained_events=2339320 mean_loss=1.877694 lr=0.000177246 step=stateful RMSProp step applied
      unit 8/65 rc=2093 chunks=5 trained_queries=212409 trained_events=221836 mean_loss=1.934678 lr=0.000175881 step=stateful RMSProp step applied
      unit 9/65 rc=74 chunks=17 trained_queries=824408 trained_events=916249 mean_loss=1.798025 lr=0.000174521 step=stateful RMSProp step applied
      unit 10/65 rc=882313 chunks=1 trained_queries=2708 trained_events=3348 mean_loss=1.526684 lr=0.000173166 step=stateful RMSProp step applied
      unit 11/65 rc=16 chunks=23 trained_queries=1118787 trained_events=1200145 mean_loss=1.834981 lr=0.000171816 step=stateful RMSProp step applied
      unit 12/65 rc=556 chunks=9 trained_queries=402908 trained_events=427924 mean_loss=1.874576 lr=0.000170471 step=stateful RMSProp step applied
      unit 13/65 rc=213 chunks=6 trained_queries=265773 trained_events=288300 mean_loss=1.823798 lr=0.00016913 step=stateful RMSProp step applied
      unit 14/65 rc=78 chunks=17 trained_queries=834115 trained_events=894861 mean_loss=1.849636 lr=0.000167795 step=stateful RMSProp step applied
      unit 15/65 rc=18 chunks=6 trained_queries=296769 trained_events=319176 mean_loss=1.838108 lr=0.000166465 step=stateful RMSProp step applied
      unit 16/65 rc=7 chunks=9 trained_queries=416424 trained_events=452848 mean_loss=1.823643 lr=0.00016514 step=stateful RMSProp step applied
      unit 17/65 rc=6318 chunks=5 trained_queries=224634 trained_events=244528 mean_loss=1.791009 lr=0.00016382 step=stateful RMSProp step applied
      unit 18/65 rc=3129 chunks=14 trained_queries=656402 trained_events=713248 mean_loss=1.789401 lr=0.000162504 step=stateful RMSProp step applied
      unit 19/65 rc=1 chunks=4 trained_queries=199346 trained_events=215884 mean_loss=1.851604 lr=0.000161194 step=stateful RMSProp step applied
      unit 20/65 rc=14974 chunks=6 trained_queries=263799 trained_events=288300 mean_loss=1.792772 lr=0.000159889 step=stateful RMSProp step applied
      unit 21/65 rc=3051 chunks=7 trained_queries=331867 trained_events=358236 mean_loss=1.828280 lr=0.000158588 step=stateful RMSProp step applied
      unit 22/65 rc=506 chunks=26 trained_queries=1281767 trained_events=1382126 mean_loss=1.832700 lr=0.000157293 step=stateful RMSProp step applied
      unit 23/65 rc=14596 chunks=1 trained_queries=36794 trained_events=39556 mean_loss=1.845168 lr=0.000156003 step=stateful RMSProp step applied
      unit 24/65 rc=62437 chunks=4 trained_queries=171115 trained_events=191208 mean_loss=1.715199 lr=0.000154718 step=stateful RMSProp step applied
      unit 25/65 rc=425 chunks=9 trained_queries=424575 trained_events=458428 mean_loss=1.816106 lr=0.000153437 step=stateful RMSProp step applied
      unit 26/65 rc=314 chunks=7 trained_queries=314647 trained_events=338892 mean_loss=1.865686 lr=0.000152162 step=stateful RMSProp step applied
      unit 27/65 rc=531 chunks=11 trained_queries=528936 trained_events=574692 mean_loss=1.799701 lr=0.000150892 step=stateful RMSProp step applied
      unit 28/65 rc=620 chunks=12 trained_queries=567606 trained_events=609782 mean_loss=1.839688 lr=0.000149627 step=stateful RMSProp step applied
      unit 29/65 rc=8062 chunks=4 trained_queries=160626 trained_events=173228 mean_loss=1.865392 lr=0.000148367 step=stateful RMSProp step applied
      unit 30/65 rc=97778 chunks=1 trained_queries=24821 trained_events=28644 mean_loss=1.597677 lr=0.000147112 step=stateful RMSProp step applied
      unit 31/65 rc=226 chunks=11 trained_queries=522108 trained_events=564898 mean_loss=1.805207 lr=0.000145862 step=stateful RMSProp step applied
      unit 32/65 rc=85 chunks=10 trained_queries=488847 trained_events=525016 mean_loss=1.862628 lr=0.000144617 step=stateful RMSProp step applied
      unit 33/65 rc=2725 chunks=16 trained_queries=754625 trained_events=807195 mean_loss=1.861538 lr=0.000143377 step=stateful RMSProp step applied
      unit 34/65 rc=3135 chunks=8 trained_queries=366260 trained_events=400520 mean_loss=1.791160 lr=0.000142143 step=stateful RMSProp step applied
      unit 35/65 rc=1739 chunks=2 trained_queries=87562 trained_events=94736 mean_loss=1.819322 lr=0.000140913 step=stateful RMSProp step applied
      unit 36/65 rc=373 chunks=8 trained_queries=386604 trained_events=414982 mean_loss=1.856818 lr=0.000139688 step=stateful RMSProp step applied
      unit 37/65 rc=452305 chunks=1 trained_queries=13040 trained_events=13888 mean_loss=1.751796 lr=0.000138469 step=stateful RMSProp step applied
      unit 38/65 rc=141 chunks=4 trained_queries=195453 trained_events=209808 mean_loss=1.796478 lr=0.000137255 step=stateful RMSProp step applied
      unit 39/65 rc=260398 chunks=1 trained_queries=18549 trained_events=19964 mean_loss=1.688421 lr=0.000136045 step=stateful RMSProp step applied
      unit 40/65 rc=41 chunks=124 trained_queries=6163183 trained_events=6532996 mean_loss=1.895321 lr=0.000134841 step=stateful RMSProp step applied
      unit 41/65 rc=569 chunks=26 trained_queries=1259071 trained_events=1333052 mean_loss=1.891987 lr=0.000133642 step=stateful RMSProp step applied
      unit 42/65 rc=36 chunks=35 trained_queries=1745157 trained_events=1848439 mean_loss=1.893048 lr=0.000132448 step=stateful RMSProp step applied
      unit 43/65 rc=39 chunks=70 trained_queries=3489609 trained_events=3701941 mean_loss=1.881968 lr=0.000131259 step=stateful RMSProp step applied
      unit 44/65 rc=14 chunks=211 trained_queries=10509349 trained_events=11170444 mean_loss=1.889179 lr=0.000130075 step=stateful RMSProp step applied
      unit 45/65 rc=21 chunks=36 trained_queries=1758042 trained_events=1864623 mean_loss=1.887856 lr=0.000128896 step=stateful RMSProp step applied
      unit 46/65 rc=550 chunks=30 trained_queries=1491599 trained_events=1575272 mean_loss=1.891175 lr=0.000127723 step=stateful RMSProp step applied
      unit 47/65 rc=51 chunks=114 trained_queries=5673809 trained_events=6048192 mean_loss=1.885758 lr=0.000126555 step=stateful RMSProp step applied
      unit 48/65 rc=2 chunks=102 trained_queries=5051998 trained_events=5357586 mean_loss=1.891432 lr=0.000125391 step=stateful RMSProp step applied
      unit 49/65 rc=1069 chunks=2 trained_queries=71644 trained_events=75516 mean_loss=1.858639 lr=0.000124233 step=stateful RMSProp step applied
      unit 50/65 rc=73 chunks=16 trained_queries=790720 trained_events=835488 mean_loss=1.868598 lr=0.00012308 step=stateful RMSProp step applied
      unit 51/65 rc=79 chunks=75 trained_queries=3736786 trained_events=3953843 mean_loss=1.890402 lr=0.000121933 step=stateful RMSProp step applied
      unit 52/65 rc=63 chunks=50 trained_queries=2471897 trained_events=2621838 mean_loss=1.882962 lr=0.00012079 step=stateful RMSProp step applied
      unit 53/65 rc=15 chunks=108 trained_queries=5390515 trained_events=5717589 mean_loss=1.890774 lr=0.000119652 step=stateful RMSProp step applied
      unit 54/65 rc=22 chunks=147 trained_queries=7317596 trained_events=7770966 mean_loss=1.885881 lr=0.00011852 step=stateful RMSProp step applied
      unit 55/65 rc=32 chunks=25 trained_queries=1208977 trained_events=1277820 mean_loss=1.897821 lr=0.000117393 step=stateful RMSProp step applied
      unit 56/65 rc=8446 chunks=2 trained_queries=69102 trained_events=73284 mean_loss=1.848645 lr=0.000116271 step=stateful RMSProp step applied
      unit 57/65 rc=3 chunks=110 trained_queries=5457031 trained_events=5779345 mean_loss=1.888528 lr=0.000115154 step=stateful RMSProp step applied
      unit 58/65 rc=4 chunks=111 trained_queries=5516836 trained_events=5854709 mean_loss=1.893269 lr=0.000114042 step=stateful RMSProp step applied
      unit 59/65 rc=5 chunks=149 trained_queries=7411233 trained_events=7899836 mean_loss=1.883045 lr=0.000112935 step=stateful RMSProp step applied
      unit 60/65 rc=48 chunks=60 trained_queries=2973228 trained_events=3145342 mean_loss=1.890121 lr=0.000111834 step=stateful RMSProp step applied
      unit 61/65 rc=164 chunks=18 trained_queries=871265 trained_events=922669 mean_loss=1.869759 lr=0.000110738 step=stateful RMSProp step applied
      unit 62/65 rc=28 chunks=39 trained_queries=1945234 trained_events=2065842 mean_loss=1.881939 lr=0.000109647 step=stateful RMSProp step applied
      unit 63/65 rc=9786 chunks=2 trained_queries=59517 trained_events=62372 mean_loss=1.887814 lr=0.000108561 step=stateful RMSProp step applied
      unit 64/65 rc=44 chunks=46 trained_queries=2269131 trained_events=2417215 mean_loss=1.858850 lr=0.000107481 step=stateful RMSProp step applied
      unit 65/65 rc=13 chunks=1 trained_queries=40285 trained_events=42160 mean_loss=1.866117 lr=0.000106405 step=stateful RMSProp step applied
    stage-epoch 22 summary trained_queries=123189067 trained_events=131385626 mean_loss=1.880147
    stage-epoch 23/25
      unit 1/65 rc=17 chunks=86 trained_queries=4283062 trained_events=4670471 mean_loss=1.856083 lr=0.000105335 step=stateful RMSProp step applied
      unit 2/65 rc=6 chunks=374 trained_queries=18661859 trained_events=20055906 mean_loss=1.884866 lr=0.00010427 step=stateful RMSProp step applied
      unit 3/65 rc=597 chunks=5 trained_queries=234506 trained_events=249488 mean_loss=1.864831 lr=0.000103211 step=stateful RMSProp step applied
      unit 4/65 rc=1027293 chunks=1 trained_queries=124 trained_events=124 mean_loss=1.177164 lr=0.000102156 step=stateful RMSProp step applied
      unit 5/65 rc=111938 chunks=1 trained_queries=365 trained_events=372 mean_loss=1.576121 lr=0.000101107 step=stateful RMSProp step applied
      unit 6/65 rc=384 chunks=14 trained_queries=689527 trained_events=729120 mean_loss=1.895500 lr=0.000100063 step=stateful RMSProp step applied
      unit 7/65 rc=54 chunks=44 trained_queries=2182526 trained_events=2339320 mean_loss=1.871484 lr=9.90239e-05 step=stateful RMSProp step applied
      unit 8/65 rc=2093 chunks=5 trained_queries=212409 trained_events=221836 mean_loss=1.930233 lr=9.79904e-05 step=stateful RMSProp step applied
      unit 9/65 rc=74 chunks=17 trained_queries=824408 trained_events=916249 mean_loss=1.792725 lr=9.69621e-05 step=stateful RMSProp step applied
      unit 10/65 rc=882313 chunks=1 trained_queries=2708 trained_events=3348 mean_loss=1.519900 lr=9.5939e-05 step=stateful RMSProp step applied
      unit 11/65 rc=16 chunks=23 trained_queries=1118787 trained_events=1200145 mean_loss=1.831413 lr=9.49212e-05 step=stateful RMSProp step applied
      unit 12/65 rc=556 chunks=9 trained_queries=402908 trained_events=427924 mean_loss=1.871620 lr=9.39086e-05 step=stateful RMSProp step applied
      unit 13/65 rc=213 chunks=6 trained_queries=265773 trained_events=288300 mean_loss=1.821370 lr=9.29013e-05 step=stateful RMSProp step applied
      unit 14/65 rc=78 chunks=17 trained_queries=834115 trained_events=894861 mean_loss=1.843861 lr=9.18992e-05 step=stateful RMSProp step applied
      unit 15/65 rc=18 chunks=6 trained_queries=296769 trained_events=319176 mean_loss=1.833973 lr=9.09023e-05 step=stateful RMSProp step applied
      unit 16/65 rc=7 chunks=9 trained_queries=416424 trained_events=452848 mean_loss=1.820108 lr=8.99108e-05 step=stateful RMSProp step applied
      unit 17/65 rc=6318 chunks=5 trained_queries=224634 trained_events=244528 mean_loss=1.787341 lr=8.89246e-05 step=stateful RMSProp step applied
      unit 18/65 rc=3129 chunks=14 trained_queries=656402 trained_events=713248 mean_loss=1.786891 lr=8.79436e-05 step=stateful RMSProp step applied
      unit 19/65 rc=1 chunks=4 trained_queries=199346 trained_events=215884 mean_loss=1.844426 lr=8.69679e-05 step=stateful RMSProp step applied
      unit 20/65 rc=14974 chunks=6 trained_queries=263799 trained_events=288300 mean_loss=1.790645 lr=8.59975e-05 step=stateful RMSProp step applied
      unit 21/65 rc=3051 chunks=7 trained_queries=331867 trained_events=358236 mean_loss=1.825324 lr=8.50322e-05 step=stateful RMSProp step applied
      unit 22/65 rc=506 chunks=26 trained_queries=1281767 trained_events=1382126 mean_loss=1.831744 lr=8.40724e-05 step=stateful RMSProp step applied
      unit 23/65 rc=14596 chunks=1 trained_queries=36794 trained_events=39556 mean_loss=1.843259 lr=8.31178e-05 step=stateful RMSProp step applied
      unit 24/65 rc=62437 chunks=4 trained_queries=171115 trained_events=191208 mean_loss=1.712797 lr=8.21685e-05 step=stateful RMSProp step applied
      unit 25/65 rc=425 chunks=9 trained_queries=424575 trained_events=458428 mean_loss=1.813677 lr=8.12245e-05 step=stateful RMSProp step applied
      unit 26/65 rc=314 chunks=7 trained_queries=314647 trained_events=338892 mean_loss=1.862680 lr=8.02859e-05 step=stateful RMSProp step applied
      unit 27/65 rc=531 chunks=11 trained_queries=528936 trained_events=574692 mean_loss=1.797737 lr=7.93524e-05 step=stateful RMSProp step applied
      unit 28/65 rc=620 chunks=12 trained_queries=567606 trained_events=609782 mean_loss=1.838183 lr=7.84245e-05 step=stateful RMSProp step applied
      unit 29/65 rc=8062 chunks=4 trained_queries=160626 trained_events=173228 mean_loss=1.864602 lr=7.75017e-05 step=stateful RMSProp step applied
      unit 30/65 rc=97778 chunks=1 trained_queries=24821 trained_events=28644 mean_loss=1.595891 lr=7.65842e-05 step=stateful RMSProp step applied
      unit 31/65 rc=226 chunks=11 trained_queries=522108 trained_events=564898 mean_loss=1.803690 lr=7.56722e-05 step=stateful RMSProp step applied
      unit 32/65 rc=85 chunks=10 trained_queries=488847 trained_events=525016 mean_loss=1.858736 lr=7.47653e-05 step=stateful RMSProp step applied
      unit 33/65 rc=2725 chunks=16 trained_queries=754625 trained_events=807195 mean_loss=1.859757 lr=7.38639e-05 step=stateful RMSProp step applied
      unit 34/65 rc=3135 chunks=8 trained_queries=366260 trained_events=400520 mean_loss=1.789691 lr=7.29678e-05 step=stateful RMSProp step applied
      unit 35/65 rc=1739 chunks=2 trained_queries=87562 trained_events=94736 mean_loss=1.810525 lr=7.20769e-05 step=stateful RMSProp step applied
      unit 36/65 rc=373 chunks=8 trained_queries=386604 trained_events=414982 mean_loss=1.854926 lr=7.11915e-05 step=stateful RMSProp step applied
      unit 37/65 rc=452305 chunks=1 trained_queries=13040 trained_events=13888 mean_loss=1.749007 lr=7.03114e-05 step=stateful RMSProp step applied
      unit 38/65 rc=141 chunks=4 trained_queries=195453 trained_events=209808 mean_loss=1.796882 lr=6.94367e-05 step=stateful RMSProp step applied
      unit 39/65 rc=260398 chunks=1 trained_queries=18549 trained_events=19964 mean_loss=1.686617 lr=6.85672e-05 step=stateful RMSProp step applied
      unit 40/65 rc=41 chunks=124 trained_queries=6163183 trained_events=6532996 mean_loss=1.893549 lr=6.77033e-05 step=stateful RMSProp step applied
      unit 41/65 rc=569 chunks=26 trained_queries=1259071 trained_events=1333052 mean_loss=1.890776 lr=6.68444e-05 step=stateful RMSProp step applied
      unit 42/65 rc=36 chunks=35 trained_queries=1745157 trained_events=1848439 mean_loss=1.891434 lr=6.59911e-05 step=stateful RMSProp step applied
      unit 43/65 rc=39 chunks=70 trained_queries=3489609 trained_events=3701941 mean_loss=1.880694 lr=6.51431e-05 step=stateful RMSProp step applied
      unit 44/65 rc=14 chunks=211 trained_queries=10509349 trained_events=11170444 mean_loss=1.887861 lr=6.43004e-05 step=stateful RMSProp step applied
      unit 45/65 rc=21 chunks=36 trained_queries=1758042 trained_events=1864623 mean_loss=1.886504 lr=6.34632e-05 step=stateful RMSProp step applied
      unit 46/65 rc=550 chunks=30 trained_queries=1491599 trained_events=1575272 mean_loss=1.889913 lr=6.26312e-05 step=stateful RMSProp step applied
      unit 47/65 rc=51 chunks=114 trained_queries=5673809 trained_events=6048192 mean_loss=1.884629 lr=6.18047e-05 step=stateful RMSProp step applied
      unit 48/65 rc=2 chunks=102 trained_queries=5051998 trained_events=5357586 mean_loss=1.890403 lr=6.09835e-05 step=stateful RMSProp step applied
      unit 49/65 rc=1069 chunks=2 trained_queries=71644 trained_events=75516 mean_loss=1.856999 lr=6.01678e-05 step=stateful RMSProp step applied
      unit 50/65 rc=73 chunks=16 trained_queries=790720 trained_events=835488 mean_loss=1.867778 lr=5.93573e-05 step=stateful RMSProp step applied
      unit 51/65 rc=79 chunks=75 trained_queries=3736786 trained_events=3953843 mean_loss=1.889340 lr=5.85524e-05 step=stateful RMSProp step applied
      unit 52/65 rc=63 chunks=50 trained_queries=2471897 trained_events=2621838 mean_loss=1.882003 lr=5.77526e-05 step=stateful RMSProp step applied
      unit 53/65 rc=15 chunks=108 trained_queries=5390515 trained_events=5717589 mean_loss=1.889773 lr=5.69585e-05 step=stateful RMSProp step applied
      unit 54/65 rc=22 chunks=147 trained_queries=7317596 trained_events=7770966 mean_loss=1.884962 lr=5.61697e-05 step=stateful RMSProp step applied
      unit 55/65 rc=32 chunks=25 trained_queries=1208977 trained_events=1277820 mean_loss=1.896904 lr=5.53861e-05 step=stateful RMSProp step applied
      unit 56/65 rc=8446 chunks=2 trained_queries=69102 trained_events=73284 mean_loss=1.846895 lr=5.46082e-05 step=stateful RMSProp step applied
      unit 57/65 rc=3 chunks=110 trained_queries=5457031 trained_events=5779345 mean_loss=1.887608 lr=5.38355e-05 step=stateful RMSProp step applied
      unit 58/65 rc=4 chunks=111 trained_queries=5516836 trained_events=5854709 mean_loss=1.892763 lr=5.30682e-05 step=stateful RMSProp step applied
      unit 59/65 rc=5 chunks=149 trained_queries=7411233 trained_events=7899836 mean_loss=1.882099 lr=5.23064e-05 step=stateful RMSProp step applied
      unit 60/65 rc=48 chunks=60 trained_queries=2973228 trained_events=3145342 mean_loss=1.889418 lr=5.15499e-05 step=stateful RMSProp step applied
      unit 61/65 rc=164 chunks=18 trained_queries=871265 trained_events=922669 mean_loss=1.868960 lr=5.07989e-05 step=stateful RMSProp step applied
      unit 62/65 rc=28 chunks=39 trained_queries=1945234 trained_events=2065842 mean_loss=1.881098 lr=5.00534e-05 step=stateful RMSProp step applied
      unit 63/65 rc=9786 chunks=2 trained_queries=59517 trained_events=62372 mean_loss=1.887959 lr=4.93132e-05 step=stateful RMSProp step applied
      unit 64/65 rc=44 chunks=46 trained_queries=2269131 trained_events=2417215 mean_loss=1.858027 lr=4.85785e-05 step=stateful RMSProp step applied
      unit 65/65 rc=13 chunks=1 trained_queries=40285 trained_events=42160 mean_loss=1.864850 lr=4.78492e-05 step=stateful RMSProp step applied
    stage-epoch 23 summary trained_queries=123189067 trained_events=131385626 mean_loss=1.878590
    stage-epoch 24/25
      unit 1/65 rc=17 chunks=86 trained_queries=4283062 trained_events=4670471 mean_loss=1.854409 lr=4.71252e-05 step=stateful RMSProp step applied
      unit 2/65 rc=6 chunks=374 trained_queries=18661859 trained_events=20055906 mean_loss=1.884059 lr=4.64068e-05 step=stateful RMSProp step applied
      unit 3/65 rc=597 chunks=5 trained_queries=234506 trained_events=249488 mean_loss=1.864002 lr=4.56938e-05 step=stateful RMSProp step applied
      unit 4/65 rc=1027293 chunks=1 trained_queries=124 trained_events=124 mean_loss=1.162367 lr=4.49861e-05 step=stateful RMSProp step applied
      unit 5/65 rc=111938 chunks=1 trained_queries=365 trained_events=372 mean_loss=1.566105 lr=4.4284e-05 step=stateful RMSProp step applied
      unit 6/65 rc=384 chunks=14 trained_queries=689527 trained_events=729120 mean_loss=1.890489 lr=4.35872e-05 step=stateful RMSProp step applied
      unit 7/65 rc=54 chunks=44 trained_queries=2182526 trained_events=2339320 mean_loss=1.867476 lr=4.28959e-05 step=stateful RMSProp step applied
      unit 8/65 rc=2093 chunks=5 trained_queries=212409 trained_events=221836 mean_loss=1.927708 lr=4.22101e-05 step=stateful RMSProp step applied
      unit 9/65 rc=74 chunks=17 trained_queries=824408 trained_events=916249 mean_loss=1.790132 lr=4.15297e-05 step=stateful RMSProp step applied
      unit 10/65 rc=882313 chunks=1 trained_queries=2708 trained_events=3348 mean_loss=1.518131 lr=4.08548e-05 step=stateful RMSProp step applied
      unit 11/65 rc=16 chunks=23 trained_queries=1118787 trained_events=1200145 mean_loss=1.828174 lr=4.01854e-05 step=stateful RMSProp step applied
      unit 12/65 rc=556 chunks=9 trained_queries=402908 trained_events=427924 mean_loss=1.870268 lr=3.95213e-05 step=stateful RMSProp step applied
      unit 13/65 rc=213 chunks=6 trained_queries=265773 trained_events=288300 mean_loss=1.819113 lr=3.88628e-05 step=stateful RMSProp step applied
      unit 14/65 rc=78 chunks=17 trained_queries=834115 trained_events=894861 mean_loss=1.841234 lr=3.82098e-05 step=stateful RMSProp step applied
      unit 15/65 rc=18 chunks=6 trained_queries=296769 trained_events=319176 mean_loss=1.833621 lr=3.7562e-05 step=stateful RMSProp step applied
      unit 16/65 rc=7 chunks=9 trained_queries=416424 trained_events=452848 mean_loss=1.821503 lr=3.69199e-05 step=stateful RMSProp step applied
      unit 17/65 rc=6318 chunks=5 trained_queries=224634 trained_events=244528 mean_loss=1.785750 lr=3.62831e-05 step=stateful RMSProp step applied
      unit 18/65 rc=3129 chunks=14 trained_queries=656402 trained_events=713248 mean_loss=1.785149 lr=3.56519e-05 step=stateful RMSProp step applied
      unit 19/65 rc=1 chunks=4 trained_queries=199346 trained_events=215884 mean_loss=1.847169 lr=3.50262e-05 step=stateful RMSProp step applied
      unit 20/65 rc=14974 chunks=6 trained_queries=263799 trained_events=288300 mean_loss=1.790301 lr=3.44059e-05 step=stateful RMSProp step applied
      unit 21/65 rc=3051 chunks=7 trained_queries=331867 trained_events=358236 mean_loss=1.824256 lr=3.3791e-05 step=stateful RMSProp step applied
      unit 22/65 rc=506 chunks=26 trained_queries=1281767 trained_events=1382126 mean_loss=1.829125 lr=3.31818e-05 step=stateful RMSProp step applied
      unit 23/65 rc=14596 chunks=1 trained_queries=36794 trained_events=39556 mean_loss=1.841694 lr=3.25779e-05 step=stateful RMSProp step applied
      unit 24/65 rc=62437 chunks=4 trained_queries=171115 trained_events=191208 mean_loss=1.711465 lr=3.19795e-05 step=stateful RMSProp step applied
      unit 25/65 rc=425 chunks=9 trained_queries=424575 trained_events=458428 mean_loss=1.812834 lr=3.13867e-05 step=stateful RMSProp step applied
      unit 26/65 rc=314 chunks=7 trained_queries=314647 trained_events=338892 mean_loss=1.859113 lr=3.07993e-05 step=stateful RMSProp step applied
      unit 27/65 rc=531 chunks=11 trained_queries=528936 trained_events=574692 mean_loss=1.797185 lr=3.02174e-05 step=stateful RMSProp step applied
      unit 28/65 rc=620 chunks=12 trained_queries=567606 trained_events=609782 mean_loss=1.837362 lr=2.9641e-05 step=stateful RMSProp step applied
      unit 29/65 rc=8062 chunks=4 trained_queries=160626 trained_events=173228 mean_loss=1.862488 lr=2.90701e-05 step=stateful RMSProp step applied
      unit 30/65 rc=97778 chunks=1 trained_queries=24821 trained_events=28644 mean_loss=1.594762 lr=2.85047e-05 step=stateful RMSProp step applied
      unit 31/65 rc=226 chunks=11 trained_queries=522108 trained_events=564898 mean_loss=1.802198 lr=2.79448e-05 step=stateful RMSProp step applied
      unit 32/65 rc=85 chunks=10 trained_queries=488847 trained_events=525016 mean_loss=1.858316 lr=2.73904e-05 step=stateful RMSProp step applied
      unit 33/65 rc=2725 chunks=16 trained_queries=754625 trained_events=807195 mean_loss=1.859193 lr=2.68415e-05 step=stateful RMSProp step applied
      unit 34/65 rc=3135 chunks=8 trained_queries=366260 trained_events=400520 mean_loss=1.788591 lr=2.62982e-05 step=stateful RMSProp step applied
      unit 35/65 rc=1739 chunks=2 trained_queries=87562 trained_events=94736 mean_loss=1.805835 lr=2.57602e-05 step=stateful RMSProp step applied
      unit 36/65 rc=373 chunks=8 trained_queries=386604 trained_events=414982 mean_loss=1.854176 lr=2.52279e-05 step=stateful RMSProp step applied
      unit 37/65 rc=452305 chunks=1 trained_queries=13040 trained_events=13888 mean_loss=1.748633 lr=2.4701e-05 step=stateful RMSProp step applied
      unit 38/65 rc=141 chunks=4 trained_queries=195453 trained_events=209808 mean_loss=1.794603 lr=2.41796e-05 step=stateful RMSProp step applied
      unit 39/65 rc=260398 chunks=1 trained_queries=18549 trained_events=19964 mean_loss=1.685636 lr=2.36639e-05 step=stateful RMSProp step applied
      unit 40/65 rc=41 chunks=124 trained_queries=6163183 trained_events=6532996 mean_loss=1.892476 lr=2.31535e-05 step=stateful RMSProp step applied
      unit 41/65 rc=569 chunks=26 trained_queries=1259071 trained_events=1333052 mean_loss=1.889389 lr=2.26487e-05 step=stateful RMSProp step applied
      unit 42/65 rc=36 chunks=35 trained_queries=1745157 trained_events=1848439 mean_loss=1.890664 lr=2.21494e-05 step=stateful RMSProp step applied
      unit 43/65 rc=39 chunks=70 trained_queries=3489609 trained_events=3701941 mean_loss=1.879871 lr=2.16556e-05 step=stateful RMSProp step applied
      unit 44/65 rc=14 chunks=211 trained_queries=10509349 trained_events=11170444 mean_loss=1.887112 lr=2.11675e-05 step=stateful RMSProp step applied
      unit 45/65 rc=21 chunks=36 trained_queries=1758042 trained_events=1864623 mean_loss=1.885762 lr=2.06847e-05 step=stateful RMSProp step applied
      unit 46/65 rc=550 chunks=30 trained_queries=1491599 trained_events=1575272 mean_loss=1.889100 lr=2.02075e-05 step=stateful RMSProp step applied
      unit 47/65 rc=51 chunks=114 trained_queries=5673809 trained_events=6048192 mean_loss=1.884167 lr=1.9736e-05 step=stateful RMSProp step applied
      unit 48/65 rc=2 chunks=102 trained_queries=5051998 trained_events=5357586 mean_loss=1.889838 lr=1.92698e-05 step=stateful RMSProp step applied
      unit 49/65 rc=1069 chunks=2 trained_queries=71644 trained_events=75516 mean_loss=1.856432 lr=1.88093e-05 step=stateful RMSProp step applied
      unit 50/65 rc=73 chunks=16 trained_queries=790720 trained_events=835488 mean_loss=1.867925 lr=1.83543e-05 step=stateful RMSProp step applied
      unit 51/65 rc=79 chunks=75 trained_queries=3736786 trained_events=3953843 mean_loss=1.888996 lr=1.79047e-05 step=stateful RMSProp step applied
      unit 52/65 rc=63 chunks=50 trained_queries=2471897 trained_events=2621838 mean_loss=1.881338 lr=1.74608e-05 step=stateful RMSProp step applied
      unit 53/65 rc=15 chunks=108 trained_queries=5390515 trained_events=5717589 mean_loss=1.889316 lr=1.70224e-05 step=stateful RMSProp step applied
      unit 54/65 rc=22 chunks=147 trained_queries=7317596 trained_events=7770966 mean_loss=1.884564 lr=1.65895e-05 step=stateful RMSProp step applied
      unit 55/65 rc=32 chunks=25 trained_queries=1208977 trained_events=1277820 mean_loss=1.896843 lr=1.61621e-05 step=stateful RMSProp step applied
      unit 56/65 rc=8446 chunks=2 trained_queries=69102 trained_events=73284 mean_loss=1.846364 lr=1.57404e-05 step=stateful RMSProp step applied
      unit 57/65 rc=3 chunks=110 trained_queries=5457031 trained_events=5779345 mean_loss=1.887498 lr=1.53242e-05 step=stateful RMSProp step applied
      unit 58/65 rc=4 chunks=111 trained_queries=5516836 trained_events=5854709 mean_loss=1.892201 lr=1.49134e-05 step=stateful RMSProp step applied
      unit 59/65 rc=5 chunks=149 trained_queries=7411233 trained_events=7899836 mean_loss=1.882201 lr=1.45083e-05 step=stateful RMSProp step applied
      unit 60/65 rc=48 chunks=60 trained_queries=2973228 trained_events=3145342 mean_loss=1.889259 lr=1.41087e-05 step=stateful RMSProp step applied
      unit 61/65 rc=164 chunks=18 trained_queries=871265 trained_events=922669 mean_loss=1.869231 lr=1.37148e-05 step=stateful RMSProp step applied
      unit 62/65 rc=28 chunks=39 trained_queries=1945234 trained_events=2065842 mean_loss=1.881192 lr=1.33263e-05 step=stateful RMSProp step applied
      unit 63/65 rc=9786 chunks=2 trained_queries=59517 trained_events=62372 mean_loss=1.886854 lr=1.29434e-05 step=stateful RMSProp step applied
      unit 64/65 rc=44 chunks=46 trained_queries=2269131 trained_events=2417215 mean_loss=1.857847 lr=1.2566e-05 step=stateful RMSProp step applied
      unit 65/65 rc=13 chunks=1 trained_queries=40285 trained_events=42160 mean_loss=1.864321 lr=1.21942e-05 step=stateful RMSProp step applied
    stage-epoch 24 summary trained_queries=123189067 trained_events=131385626 mean_loss=1.877819
    stage-epoch 25/25
      unit 1/65 rc=17 chunks=86 trained_queries=4283062 trained_events=4670471 mean_loss=1.854449 lr=1.18279e-05 step=stateful RMSProp step applied
      unit 2/65 rc=6 chunks=374 trained_queries=18661859 trained_events=20055906 mean_loss=1.885111 lr=1.14672e-05 step=stateful RMSProp step applied
      unit 3/65 rc=597 chunks=5 trained_queries=234506 trained_events=249488 mean_loss=1.863764 lr=1.11121e-05 step=stateful RMSProp step applied
      unit 4/65 rc=1027293 chunks=1 trained_queries=124 trained_events=124 mean_loss=1.151073 lr=1.07625e-05 step=stateful RMSProp step applied
      unit 5/65 rc=111938 chunks=1 trained_queries=365 trained_events=372 mean_loss=1.558472 lr=1.04186e-05 step=stateful RMSProp step applied
      unit 6/65 rc=384 chunks=14 trained_queries=689527 trained_events=729120 mean_loss=1.889234 lr=1.00802e-05 step=stateful RMSProp step applied
      unit 7/65 rc=54 chunks=44 trained_queries=2182526 trained_events=2339320 mean_loss=1.866163 lr=9.74733e-06 step=stateful RMSProp step applied
      unit 8/65 rc=2093 chunks=5 trained_queries=212409 trained_events=221836 mean_loss=1.926609 lr=9.4201e-06 step=stateful RMSProp step applied
      unit 9/65 rc=74 chunks=17 trained_queries=824408 trained_events=916249 mean_loss=1.788190 lr=9.09832e-06 step=stateful RMSProp step applied
      unit 10/65 rc=882313 chunks=1 trained_queries=2708 trained_events=3348 mean_loss=1.519897 lr=8.78227e-06 step=stateful RMSProp step applied
      unit 11/65 rc=16 chunks=23 trained_queries=1118787 trained_events=1200145 mean_loss=1.826797 lr=8.47167e-06 step=stateful RMSProp step applied
      unit 12/65 rc=556 chunks=9 trained_queries=402908 trained_events=427924 mean_loss=1.868800 lr=8.1667e-06 step=stateful RMSProp step applied
      unit 13/65 rc=213 chunks=6 trained_queries=265773 trained_events=288300 mean_loss=1.818728 lr=7.86728e-06 step=stateful RMSProp step applied
      unit 14/65 rc=78 chunks=17 trained_queries=834115 trained_events=894861 mean_loss=1.840664 lr=7.57349e-06 step=stateful RMSProp step applied
      unit 15/65 rc=18 chunks=6 trained_queries=296769 trained_events=319176 mean_loss=1.831318 lr=7.28515e-06 step=stateful RMSProp step applied
      unit 16/65 rc=7 chunks=9 trained_queries=416424 trained_events=452848 mean_loss=1.817928 lr=7.00253e-06 step=stateful RMSProp step applied
      unit 17/65 rc=6318 chunks=5 trained_queries=224634 trained_events=244528 mean_loss=1.785233 lr=6.72546e-06 step=stateful RMSProp step applied
      unit 18/65 rc=3129 chunks=14 trained_queries=656402 trained_events=713248 mean_loss=1.784421 lr=6.45393e-06 step=stateful RMSProp step applied
      unit 19/65 rc=1 chunks=4 trained_queries=199346 trained_events=215884 mean_loss=1.843420 lr=6.18804e-06 step=stateful RMSProp step applied
      unit 20/65 rc=14974 chunks=6 trained_queries=263799 trained_events=288300 mean_loss=1.788565 lr=5.92759e-06 step=stateful RMSProp step applied
      unit 21/65 rc=3051 chunks=7 trained_queries=331867 trained_events=358236 mean_loss=1.823730 lr=5.67287e-06 step=stateful RMSProp step applied
      unit 22/65 rc=506 chunks=26 trained_queries=1281767 trained_events=1382126 mean_loss=1.828633 lr=5.42369e-06 step=stateful RMSProp step applied
      unit 23/65 rc=14596 chunks=1 trained_queries=36794 trained_events=39556 mean_loss=1.840416 lr=5.18015e-06 step=stateful RMSProp step applied
      unit 24/65 rc=62437 chunks=4 trained_queries=171115 trained_events=191208 mean_loss=1.713624 lr=4.94215e-06 step=stateful RMSProp step applied
      unit 25/65 rc=425 chunks=9 trained_queries=424575 trained_events=458428 mean_loss=1.812653 lr=4.70969e-06 step=stateful RMSProp step applied
      unit 26/65 rc=314 chunks=7 trained_queries=314647 trained_events=338892 mean_loss=1.859902 lr=4.48287e-06 step=stateful RMSProp step applied
      unit 27/65 rc=531 chunks=11 trained_queries=528936 trained_events=574692 mean_loss=1.796607 lr=4.26167e-06 step=stateful RMSProp step applied
      unit 28/65 rc=620 chunks=12 trained_queries=567606 trained_events=609782 mean_loss=1.837692 lr=4.04602e-06 step=stateful RMSProp step applied
      unit 29/65 rc=8062 chunks=4 trained_queries=160626 trained_events=173228 mean_loss=1.862690 lr=3.83592e-06 step=stateful RMSProp step applied
      unit 30/65 rc=97778 chunks=1 trained_queries=24821 trained_events=28644 mean_loss=1.593273 lr=3.63144e-06 step=stateful RMSProp step applied
      unit 31/65 rc=226 chunks=11 trained_queries=522108 trained_events=564898 mean_loss=1.802130 lr=3.4326e-06 step=stateful RMSProp step applied
      unit 32/65 rc=85 chunks=10 trained_queries=488847 trained_events=525016 mean_loss=1.859041 lr=3.2393e-06 step=stateful RMSProp step applied
      unit 33/65 rc=2725 chunks=16 trained_queries=754625 trained_events=807195 mean_loss=1.860078 lr=3.05164e-06 step=stateful RMSProp step applied
      unit 34/65 rc=3135 chunks=8 trained_queries=366260 trained_events=400520 mean_loss=1.788242 lr=2.86952e-06 step=stateful RMSProp step applied
      unit 35/65 rc=1739 chunks=2 trained_queries=87562 trained_events=94736 mean_loss=1.805971 lr=2.69303e-06 step=stateful RMSProp step applied
      unit 36/65 rc=373 chunks=8 trained_queries=386604 trained_events=414982 mean_loss=1.854051 lr=2.52217e-06 step=stateful RMSProp step applied
      unit 37/65 rc=452305 chunks=1 trained_queries=13040 trained_events=13888 mean_loss=1.745307 lr=2.35686e-06 step=stateful RMSProp step applied
      unit 38/65 rc=141 chunks=4 trained_queries=195453 trained_events=209808 mean_loss=1.794249 lr=2.19718e-06 step=stateful RMSProp step applied
      unit 39/65 rc=260398 chunks=1 trained_queries=18549 trained_events=19964 mean_loss=1.686082 lr=2.04304e-06 step=stateful RMSProp step applied
      unit 40/65 rc=41 chunks=124 trained_queries=6163183 trained_events=6532996 mean_loss=1.892206 lr=1.89453e-06 step=stateful RMSProp step applied
      unit 41/65 rc=569 chunks=26 trained_queries=1259071 trained_events=1333052 mean_loss=1.889040 lr=1.75166e-06 step=stateful RMSProp step applied
      unit 42/65 rc=36 chunks=35 trained_queries=1745157 trained_events=1848439 mean_loss=1.890427 lr=1.61433e-06 step=stateful RMSProp step applied
      unit 43/65 rc=39 chunks=70 trained_queries=3489609 trained_events=3701941 mean_loss=1.879607 lr=1.48264e-06 step=stateful RMSProp step applied
      unit 44/65 rc=14 chunks=211 trained_queries=10509349 trained_events=11170444 mean_loss=1.886859 lr=1.35657e-06 step=stateful RMSProp step applied
      unit 45/65 rc=21 chunks=36 trained_queries=1758042 trained_events=1864623 mean_loss=1.885684 lr=1.23605e-06 step=stateful RMSProp step applied
      unit 46/65 rc=550 chunks=30 trained_queries=1491599 trained_events=1575272 mean_loss=1.888774 lr=1.12116e-06 step=stateful RMSProp step applied
      unit 47/65 rc=51 chunks=114 trained_queries=5673809 trained_events=6048192 mean_loss=1.884003 lr=1.01182e-06 step=stateful RMSProp step applied
      unit 48/65 rc=2 chunks=102 trained_queries=5051998 trained_events=5357586 mean_loss=1.889755 lr=9.08107e-07 step=stateful RMSProp step applied
      unit 49/65 rc=1069 chunks=2 trained_queries=71644 trained_events=75516 mean_loss=1.856186 lr=8.10027e-07 step=stateful RMSProp step applied
      unit 50/65 rc=73 chunks=16 trained_queries=790720 trained_events=835488 mean_loss=1.867316 lr=7.1758e-07 step=stateful RMSProp step applied
      unit 51/65 rc=79 chunks=75 trained_queries=3736786 trained_events=3953843 mean_loss=1.888736 lr=6.30677e-07 step=stateful RMSProp step applied
      unit 52/65 rc=63 chunks=50 trained_queries=2471897 trained_events=2621838 mean_loss=1.881522 lr=5.49406e-07 step=stateful RMSProp step applied
      unit 53/65 rc=15 chunks=108 trained_queries=5390515 trained_events=5717589 mean_loss=1.889263 lr=4.73678e-07 step=stateful RMSProp step applied
      unit 54/65 rc=22 chunks=147 trained_queries=7317596 trained_events=7770966 mean_loss=1.884458 lr=4.03672e-07 step=stateful RMSProp step applied
      unit 55/65 rc=32 chunks=25 trained_queries=1208977 trained_events=1277820 mean_loss=1.896673 lr=3.3921e-07 step=stateful RMSProp step applied
      unit 56/65 rc=8446 chunks=2 trained_queries=69102 trained_events=73284 mean_loss=1.846075 lr=2.80291e-07 step=stateful RMSProp step applied
      unit 57/65 rc=3 chunks=110 trained_queries=5457031 trained_events=5779345 mean_loss=1.887264 lr=2.27094e-07 step=stateful RMSProp step applied
      unit 58/65 rc=4 chunks=111 trained_queries=5516836 trained_events=5854709 mean_loss=1.892402 lr=1.7944e-07 step=stateful RMSProp step applied
      unit 59/65 rc=5 chunks=149 trained_queries=7411233 trained_events=7899836 mean_loss=1.882481 lr=1.37329e-07 step=stateful RMSProp step applied
      unit 60/65 rc=48 chunks=60 trained_queries=2973228 trained_events=3145342 mean_loss=1.889500 lr=1.0094e-07 step=stateful RMSProp step applied
      unit 61/65 rc=164 chunks=18 trained_queries=871265 trained_events=922669 mean_loss=1.869138 lr=7.00951e-08 step=stateful RMSProp step applied
      unit 62/65 rc=28 chunks=39 trained_queries=1945234 trained_events=2065842 mean_loss=1.880970 lr=4.48823e-08 step=stateful RMSProp step applied
      unit 63/65 rc=9786 chunks=2 trained_queries=59517 trained_events=62372 mean_loss=1.887393 lr=2.52128e-08 step=stateful RMSProp step applied
      unit 64/65 rc=44 chunks=46 trained_queries=2269131 trained_events=2417215 mean_loss=1.857885 lr=1.11759e-08 step=stateful RMSProp step applied
      unit 65/65 rc=13 chunks=1 trained_queries=40285 trained_events=42160 mean_loss=1.864954 lr=2.77162e-09 step=stateful RMSProp step applied
    stage-epoch 25 summary trained_queries=123189067 trained_events=131385626 mean_loss=1.877817
  train-growth-stage-timing: plan=0.231s setup=0.419s train=5219.676s copy_back=0.001s cleanup=0.040s total=5220.368s
  growth-stage-timing 1/1: ingest=4.590s materialize=0.000s train_stage=5220.368s free_radix=0.000s total=5224.958s
  train-growth: saved final weights to rnd/cudax-d124-probe/20260528T081405-d124-d64l2-static25/checkpoint.model
  train-growth: completed stages=1 optimizer_steps=1625
