[radix-corpus] corpus: data/.splits/2b7ded401e96b610/train_corpus.txt (1059625 tokens, vocab=65)
[radix-corpus] max_depth=16, output=data/.tries/a4b8711ebe873979
[radix-corpus] subtree char=0 (37667 positions): emitted 47810 radix nodes  (cum total 47811, max_ep_depth=16, 0.1s)
[radix-corpus] subtree char=1 (161752 positions): emitted 234814 radix nodes  (cum total 282625, max_ep_depth=16, 0.3s)
[radix-corpus] subtree char=2 (2012 positions): emitted 2757 radix nodes  (cum total 285382, max_ep_depth=16, 0.3s)
[radix-corpus] subtree char=3 (1 positions): emitted 1 radix nodes  (cum total 285383, max_ep_depth=16, 0.3s)
[radix-corpus] subtree char=4 (3 positions): emitted 5 radix nodes  (cum total 285388, max_ep_depth=16, 0.3s)
[radix-corpus] subtree char=5 (5880 positions): emitted 8655 radix nodes  (cum total 294043, max_ep_depth=16, 0.3s)
[radix-corpus] subtree char=6 (18866 positions): emitted 27391 radix nodes  (cum total 321434, max_ep_depth=16, 0.4s)
[radix-corpus] subtree char=7 (1789 positions): emitted 2623 radix nodes  (cum total 324057, max_ep_depth=16, 0.4s)
[radix-corpus] subtree char=8 (7390 positions): emitted 7683 radix nodes  (cum total 331740, max_ep_depth=16, 0.4s)
[radix-corpus] subtree char=9 (27 positions): emitted 1 radix nodes  (cum total 331741, max_ep_depth=16, 0.4s)
[radix-corpus] subtree char=10 (9679 positions): emitted 13946 radix nodes  (cum total 345687, max_ep_depth=16, 0.4s)
[radix-corpus] subtree char=11 (3451 positions): emitted 5076 radix nodes  (cum total 350763, max_ep_depth=16, 0.4s)
[radix-corpus] subtree char=12 (2325 positions): emitted 2862 radix nodes  (cum total 353625, max_ep_depth=16, 0.4s)
[radix-corpus] subtree char=13 (7217 positions): emitted 10510 radix nodes  (cum total 364135, max_ep_depth=16, 0.4s)
[radix-corpus] subtree char=14 (2574 positions): emitted 3651 radix nodes  (cum total 367786, max_ep_depth=16, 0.4s)
[radix-corpus] subtree char=15 (3652 positions): emitted 4981 radix nodes  (cum total 372767, max_ep_depth=16, 0.4s)
[radix-corpus] subtree char=16 (1972 positions): emitted 2339 radix nodes  (cum total 375106, max_ep_depth=16, 0.4s)
[radix-corpus] subtree char=17 (5752 positions): emitted 7581 radix nodes  (cum total 382687, max_ep_depth=16, 0.4s)
[radix-corpus] subtree char=18 (1741 positions): emitted 2250 radix nodes  (cum total 384937, max_ep_depth=16, 0.4s)
[radix-corpus] subtree char=19 (2325 positions): emitted 2888 radix nodes  (cum total 387825, max_ep_depth=16, 0.4s)
[radix-corpus] subtree char=20 (2889 positions): emitted 3928 radix nodes  (cum total 391753, max_ep_depth=16, 0.4s)
[radix-corpus] subtree char=21 (11147 positions): emitted 15481 radix nodes  (cum total 407234, max_ep_depth=16, 0.4s)
[radix-corpus] subtree char=22 (319 positions): emitted 446 radix nodes  (cum total 407680, max_ep_depth=16, 0.4s)
[radix-corpus] subtree char=23 (1542 positions): emitted 1349 radix nodes  (cum total 409029, max_ep_depth=16, 0.4s)
[radix-corpus] subtree char=24 (3697 positions): emitted 5203 radix nodes  (cum total 414232, max_ep_depth=16, 0.4s)
[radix-corpus] subtree char=25 (2733 positions): emitted 3877 radix nodes  (cum total 418109, max_ep_depth=16, 0.4s)
[radix-corpus] subtree char=26 (4635 positions): emitted 5962 radix nodes  (cum total 424071, max_ep_depth=16, 0.4s)
[radix-corpus] subtree char=27 (4918 positions): emitted 6999 radix nodes  (cum total 431070, max_ep_depth=16, 0.4s)
[radix-corpus] subtree char=28 (1397 positions): emitted 1947 radix nodes  (cum total 433017, max_ep_depth=16, 0.4s)
[radix-corpus] subtree char=29 (231 positions): emitted 64 radix nodes  (cum total 433081, max_ep_depth=16, 0.4s)
[radix-corpus] subtree char=30 (4556 positions): emitted 6172 radix nodes  (cum total 439253, max_ep_depth=16, 0.4s)
[radix-corpus] subtree char=31 (4234 positions): emitted 5812 radix nodes  (cum total 445065, max_ep_depth=16, 0.4s)
[radix-corpus] subtree char=32 (6510 positions): emitted 9375 radix nodes  (cum total 454440, max_ep_depth=16, 0.4s)
[radix-corpus] subtree char=33 (3230 positions): emitted 3947 radix nodes  (cum total 458387, max_ep_depth=16, 0.4s)
[radix-corpus] subtree char=34 (764 positions): emitted 1047 radix nodes  (cum total 459434, max_ep_depth=16, 0.4s)
[radix-corpus] subtree char=35 (3348 positions): emitted 4851 radix nodes  (cum total 464285, max_ep_depth=16, 0.4s)
[radix-corpus] subtree char=36 (112 positions): emitted 164 radix nodes  (cum total 464449, max_ep_depth=16, 0.4s)
[radix-corpus] subtree char=37 (1692 positions): emitted 2328 radix nodes  (cum total 466777, max_ep_depth=16, 0.4s)
[radix-corpus] subtree char=38 (161 positions): emitted 225 radix nodes  (cum total 467002, max_ep_depth=16, 0.4s)
[radix-corpus] subtree char=39 (52689 positions): emitted 77106 radix nodes  (cum total 544108, max_ep_depth=16, 0.5s)
[radix-corpus] subtree char=40 (10752 positions): emitted 15812 radix nodes  (cum total 559920, max_ep_depth=16, 0.5s)
[radix-corpus] subtree char=41 (14908 positions): emitted 21732 radix nodes  (cum total 581652, max_ep_depth=16, 0.5s)
[radix-corpus] subtree char=42 (29857 positions): emitted 43647 radix nodes  (cum total 625299, max_ep_depth=16, 0.6s)
[radix-corpus] subtree char=43 (90090 positions): emitted 131399 radix nodes  (cum total 756698, max_ep_depth=16, 0.7s)
[radix-corpus] subtree char=44 (15039 positions): emitted 22078 radix nodes  (cum total 778776, max_ep_depth=16, 0.7s)
[radix-corpus] subtree char=45 (12704 positions): emitted 18462 radix nodes  (cum total 797238, max_ep_depth=16, 0.7s)
[radix-corpus] subtree char=46 (48779 positions): emitted 71306 radix nodes  (cum total 868544, max_ep_depth=16, 0.8s)
[radix-corpus] subtree char=47 (43208 positions): emitted 62813 radix nodes  (cum total 931357, max_ep_depth=16, 0.9s)
[radix-corpus] subtree char=48 (609 positions): emitted 884 radix nodes  (cum total 932241, max_ep_depth=16, 0.9s)
[radix-corpus] subtree char=49 (6739 positions): emitted 9764 radix nodes  (cum total 942005, max_ep_depth=16, 0.9s)
[radix-corpus] subtree char=50 (31886 positions): emitted 46599 radix nodes  (cum total 988604, max_ep_depth=16, 0.9s)
[radix-corpus] subtree char=51 (21144 positions): emitted 30896 radix nodes  (cum total 1019500, max_ep_depth=16, 0.9s)
[radix-corpus] subtree char=52 (46113 positions): emitted 67547 radix nodes  (cum total 1087047, max_ep_depth=16, 1.0s)
[radix-corpus] subtree char=53 (62672 positions): emitted 91673 radix nodes  (cum total 1178720, max_ep_depth=16, 1.0s)
[radix-corpus] subtree char=54 (10305 positions): emitted 15162 radix nodes  (cum total 1193882, max_ep_depth=16, 1.0s)
[radix-corpus] subtree char=55 (591 positions): emitted 850 radix nodes  (cum total 1194732, max_ep_depth=16, 1.0s)
[radix-corpus] subtree char=56 (46610 positions): emitted 68050 radix nodes  (cum total 1262782, max_ep_depth=16, 1.1s)
[radix-corpus] subtree char=57 (47220 positions): emitted 69239 radix nodes  (cum total 1332021, max_ep_depth=16, 1.1s)
[radix-corpus] subtree char=58 (63711 positions): emitted 93379 radix nodes  (cum total 1425400, max_ep_depth=16, 1.1s)
[radix-corpus] subtree char=59 (25369 positions): emitted 37124 radix nodes  (cum total 1462524, max_ep_depth=16, 1.2s)
[radix-corpus] subtree char=60 (7441 positions): emitted 10945 radix nodes  (cum total 1473469, max_ep_depth=16, 1.2s)
[radix-corpus] subtree char=61 (16661 positions): emitted 24264 radix nodes  (cum total 1497733, max_ep_depth=16, 1.2s)
[radix-corpus] subtree char=62 (503 positions): emitted 769 radix nodes  (cum total 1498502, max_ep_depth=16, 1.2s)
[radix-corpus] subtree char=63 (19495 positions): emitted 28327 radix nodes  (cum total 1526829, max_ep_depth=16, 1.2s)
[radix-corpus] subtree char=64 (340 positions): emitted 499 radix nodes  (cum total 1527328, max_ep_depth=16, 1.2s)
[radix-corpus] done: 1527328 radix nodes, 8880122 total edge chars, 17 endpoint depths, 1.2s
  radix_count:        1527328
  total_edge_chars:   8880122
  max_endpoint_depth: 16
AGPT CUDA Trainer V2
  mode: train-epoch
  model: d=64 heads=4 layers=2 ff=256 vocab=65 seq=16 head_dim=16
  trie: 1527328 radix nodes, 8880122 edge chars, 17 endpoint depths
  config: epochs=100 lr=0.003000 optimizer=rmsprop schedule=warmup-cosine warmup_epochs=0 partition_depth=1 chunk_queries=50000 accumulate=true
  anc-grad: enabled (descendant->ancestor scatter into Wk/Wv)
  cache contract: K=post-RoPE compact_slot_indexed=true
  pd=1 plan: 65 training units, 1527327 node-visits, 8880122 query positions,
           987542 compact chars, ~216 chunks/epoch at chunk_queries=50000
  largest-by-query unit: rc=47811 nodes=234814 queries=1209056 compact_chars=150855 depth=16 est_chunks=25
  largest-by-compact unit: rc=47811 nodes=234814 queries=1209056 compact_chars=150855 depth=16 est_chunks=25
  largest unit chunk preview:
    chunk 0: node_range=[0,37637) nodes=37637 queries=50000 compact_chars=50000
    chunk 1: node_range=[37637,65135) nodes=27498 queries=49998 compact_chars=49998
    chunk 2: node_range=[65135,78763) nodes=13628 queries=49996 compact_chars=35386
  first chunk metadata: N=37637 T_q=50000 T_kv=262213 T_anc=212213 max_kv_len=9
  runtime contract:
    cache: compact_chars=987542 layers=2 d_model=64 total=505.6 MB (post-RoPE K, managed=true)
    chunk: query_cap=50000 node_cap=37637 kv_cap=276592 max_kv_len=16 total=1041.1 MB
    params+grads: 0.9 MB  optimizer: 0.9 MB  combined-estimate: 1548.4 MB
  runtime objects: instantiated successfully
  chunk upload: first chunk uploaded successfully
  train-epoch: epochs=100 units=65 accumulate=true optimizer=rmsprop
  train-epoch: epoch 1/100
    unit 1/65 rc=1 chunks=5 trained_queries=235411 trained_events=602672 mean_loss=4.745814 lr=0.003 step=stateful RMSProp step applied
    unit 2/65 rc=47811 chunks=25 trained_queries=1209056 trained_events=2588009 mean_loss=5.317506 lr=0.003 step=stateful RMSProp step applied
    unit 3/65 rc=282625 chunks=1 trained_queries=17780 trained_events=32192 mean_loss=6.489410 lr=0.003 step=stateful RMSProp step applied
    unit 4/65 rc=285382 chunks=1 trained_queries=16 trained_events=16 mean_loss=7.541713 lr=0.003 step=stateful RMSProp step applied
    unit 5/65 rc=285383 chunks=1 trained_queries=41 trained_events=48 mean_loss=8.037518 lr=0.003 step=stateful RMSProp step applied
    unit 6/65 rc=285388 chunks=2 trained_queries=54875 trained_events=94080 mean_loss=5.338758 lr=0.003 step=stateful RMSProp step applied
    unit 7/65 rc=294043 chunks=3 trained_queries=146903 trained_events=301856 mean_loss=3.557111 lr=0.00299999 step=stateful RMSProp step applied
    unit 8/65 rc=321434 chunks=1 trained_queries=19351 trained_events=28624 mean_loss=3.520763 lr=0.00299999 step=stateful RMSProp step applied
    unit 9/65 rc=324057 chunks=1 trained_queries=35110 trained_events=118240 mean_loss=3.346551 lr=0.00299999 step=stateful RMSProp step applied
    unit 10/65 rc=331740 chunks=1 trained_queries=16 trained_events=432 mean_loss=4.095010 lr=0.00299999 step=stateful RMSProp step applied
    unit 11/65 rc=331741 chunks=2 trained_queries=74861 trained_events=154864 mean_loss=4.819413 lr=0.00299998 step=stateful RMSProp step applied
    unit 12/65 rc=345687 chunks=1 trained_queries=30300 trained_events=55216 mean_loss=3.174481 lr=0.00299998 step=stateful RMSProp step applied
    unit 13/65 rc=350763 chunks=1 trained_queries=15923 trained_events=37200 mean_loss=3.592204 lr=0.00299997 step=stateful RMSProp step applied
    unit 14/65 rc=353625 chunks=2 trained_queries=55670 trained_events=115472 mean_loss=3.506219 lr=0.00299997 step=stateful RMSProp step applied
    unit 15/65 rc=364135 chunks=1 trained_queries=19324 trained_events=41184 mean_loss=3.213933 lr=0.00299997 step=stateful RMSProp step applied
    unit 16/65 rc=367786 chunks=1 trained_queries=22956 trained_events=58432 mean_loss=3.224148 lr=0.00299996 step=stateful RMSProp step applied
    unit 17/65 rc=372767 chunks=1 trained_queries=12887 trained_events=31552 mean_loss=3.225483 lr=0.00299996 step=stateful RMSProp step applied
    unit 18/65 rc=375106 chunks=1 trained_queries=37224 trained_events=92032 mean_loss=3.155797 lr=0.00299995 step=stateful RMSProp step applied
    unit 19/65 rc=382687 chunks=1 trained_queries=11903 trained_events=27856 mean_loss=3.131467 lr=0.00299994 step=stateful RMSProp step applied
    unit 20/65 rc=384937 chunks=1 trained_queries=13922 trained_events=37200 mean_loss=3.107042 lr=0.00299994 step=stateful RMSProp step applied
    unit 21/65 rc=387825 chunks=1 trained_queries=20966 trained_events=46224 mean_loss=3.054469 lr=0.00299993 step=stateful RMSProp step applied
    unit 22/65 rc=391753 chunks=2 trained_queries=80510 trained_events=178352 mean_loss=2.982645 lr=0.00299992 step=stateful RMSProp step applied
    unit 23/65 rc=407234 chunks=1 trained_queries=2379 trained_events=5104 mean_loss=3.165810 lr=0.00299992 step=stateful RMSProp step applied
    unit 24/65 rc=407680 chunks=1 trained_queries=6700 trained_events=24672 mean_loss=3.241747 lr=0.00299991 step=stateful RMSProp step applied
    unit 25/65 rc=409029 chunks=1 trained_queries=26203 trained_events=59152 mean_loss=3.039135 lr=0.0029999 step=stateful RMSProp step applied
    unit 26/65 rc=414232 chunks=1 trained_queries=20070 trained_events=43728 mean_loss=2.938442 lr=0.00299989 step=stateful RMSProp step applied
    unit 27/65 rc=418109 chunks=1 trained_queries=30344 trained_events=74160 mean_loss=2.906443 lr=0.00299988 step=stateful RMSProp step applied
    unit 28/65 rc=424071 chunks=1 trained_queries=37398 trained_events=78688 mean_loss=2.885549 lr=0.00299987 step=stateful RMSProp step applied
    unit 29/65 rc=431070 chunks=1 trained_queries=9984 trained_events=22352 mean_loss=2.970524 lr=0.00299986 step=stateful RMSProp step applied
    unit 30/65 rc=433017 chunks=1 trained_queries=368 trained_events=3696 mean_loss=3.267243 lr=0.00299985 step=stateful RMSProp step applied
    unit 31/65 rc=433081 chunks=1 trained_queries=31432 trained_events=72896 mean_loss=3.405548 lr=0.00299984 step=stateful RMSProp step applied
    unit 32/65 rc=439253 chunks=1 trained_queries=32416 trained_events=67744 mean_loss=2.958829 lr=0.00299983 step=stateful RMSProp step applied
    unit 33/65 rc=445065 chunks=2 trained_queries=52575 trained_events=104160 mean_loss=2.866635 lr=0.00299982 step=stateful RMSProp step applied
    unit 34/65 rc=454440 chunks=1 trained_queries=18981 trained_events=51680 mean_loss=2.900051 lr=0.00299981 step=stateful RMSProp step applied
    unit 35/65 rc=458387 chunks=1 trained_queries=5199 trained_events=12224 mean_loss=2.804783 lr=0.0029998 step=stateful RMSProp step applied
    unit 36/65 rc=459434 chunks=1 trained_queries=25529 trained_events=53568 mean_loss=2.854127 lr=0.00299979 step=stateful RMSProp step applied
    unit 37/65 rc=464285 chunks=1 trained_queries=944 trained_events=1792 mean_loss=2.802830 lr=0.00299977 step=stateful RMSProp step applied
    unit 38/65 rc=464449 chunks=1 trained_queries=13111 trained_events=27072 mean_loss=2.863594 lr=0.00299976 step=stateful RMSProp step applied
    unit 39/65 rc=466777 chunks=1 trained_queries=1172 trained_events=2576 mean_loss=2.730835 lr=0.00299975 step=stateful RMSProp step applied
    unit 40/65 rc=467002 chunks=10 trained_queries=476268 trained_events=843008 mean_loss=2.932892 lr=0.00299973 step=stateful RMSProp step applied
    unit 41/65 rc=544108 chunks=2 trained_queries=98499 trained_events=172032 mean_loss=2.897265 lr=0.00299972 step=stateful RMSProp step applied
    unit 42/65 rc=559920 chunks=3 trained_queries=136044 trained_events=238517 mean_loss=2.894225 lr=0.00299971 step=stateful RMSProp step applied
    unit 43/65 rc=581652 chunks=6 trained_queries=267495 trained_events=477697 mean_loss=2.835548 lr=0.00299969 step=stateful RMSProp step applied
    unit 44/65 rc=625299 chunks=16 trained_queries=787430 trained_events=1441440 mean_loss=2.840778 lr=0.00299968 step=stateful RMSProp step applied
    unit 45/65 rc=756698 chunks=3 trained_queries=135019 trained_events=240624 mean_loss=2.804049 lr=0.00299966 step=stateful RMSProp step applied
    unit 46/65 rc=778776 chunks=3 trained_queries=120415 trained_events=203264 mean_loss=2.842985 lr=0.00299965 step=stateful RMSProp step applied
    unit 47/65 rc=797238 chunks=9 trained_queries=409632 trained_events=780452 mean_loss=2.762923 lr=0.00299963 step=stateful RMSProp step applied
    unit 48/65 rc=868544 chunks=8 trained_queries=388601 trained_events=691328 mean_loss=2.859757 lr=0.00299961 step=stateful RMSProp step applied
    unit 49/65 rc=931357 chunks=1 trained_queries=5910 trained_events=9744 mean_loss=2.908257 lr=0.0029996 step=stateful RMSProp step applied
    unit 50/65 rc=932241 chunks=2 trained_queries=63481 trained_events=107824 mean_loss=2.793897 lr=0.00299958 step=stateful RMSProp step applied
    unit 51/65 rc=942005 chunks=6 trained_queries=295710 trained_events=510176 mean_loss=2.770320 lr=0.00299956 step=stateful RMSProp step applied
    unit 52/65 rc=988604 chunks=4 trained_queries=190096 trained_events=338304 mean_loss=2.744364 lr=0.00299954 step=stateful RMSProp step applied
    unit 53/65 rc=1019500 chunks=9 trained_queries=413444 trained_events=737802 mean_loss=2.757440 lr=0.00299953 step=stateful RMSProp step applied
    unit 54/65 rc=1087047 chunks=12 trained_queries=553466 trained_events=1002752 mean_loss=2.735475 lr=0.00299951 step=stateful RMSProp step applied
    unit 55/65 rc=1178720 chunks=2 trained_queries=96605 trained_events=164880 mean_loss=2.761461 lr=0.00299949 step=stateful RMSProp step applied
    unit 56/65 rc=1193882 chunks=1 trained_queries=5343 trained_events=9456 mean_loss=2.701957 lr=0.00299947 step=stateful RMSProp step applied
    unit 57/65 rc=1194732 chunks=9 trained_queries=426507 trained_events=745745 mean_loss=2.775736 lr=0.00299945 step=stateful RMSProp step applied
    unit 58/65 rc=1262782 chunks=9 trained_queries=420566 trained_events=755486 mean_loss=2.722994 lr=0.00299943 step=stateful RMSProp step applied
    unit 59/65 rc=1332021 chunks=11 trained_queries=535061 trained_events=1019376 mean_loss=2.642767 lr=0.00299941 step=stateful RMSProp step applied
    unit 60/65 rc=1425400 chunks=5 trained_queries=235017 trained_events=405880 mean_loss=2.692366 lr=0.00299939 step=stateful RMSProp step applied
    unit 61/65 rc=1462524 chunks=2 trained_queries=68054 trained_events=119056 mean_loss=2.620061 lr=0.00299937 step=stateful RMSProp step applied
    unit 62/65 rc=1473469 chunks=3 trained_queries=147152 trained_events=266576 mean_loss=2.611611 lr=0.00299935 step=stateful RMSProp step applied
    unit 63/65 rc=1497733 chunks=1 trained_queries=5204 trained_events=8048 mean_loss=2.691610 lr=0.00299933 step=stateful RMSProp step applied
    unit 64/65 rc=1498502 chunks=4 trained_queries=165699 trained_events=311920 mean_loss=2.657831 lr=0.0029993 step=stateful RMSProp step applied
    unit 65/65 rc=1526829 chunks=1 trained_queries=3594 trained_events=5440 mean_loss=2.669065 lr=0.00299928 step=stateful RMSProp step applied
  train-epoch: epoch 1 summary trained_queries=8880122 trained_events=16953844 mean_loss=3.318862
  train-epoch: epoch 2/100
    unit 1/65 rc=1 chunks=5 trained_queries=235411 trained_events=602672 mean_loss=2.841254 lr=0.00299926 step=stateful RMSProp step applied
    unit 2/65 rc=47811 chunks=25 trained_queries=1209056 trained_events=2588009 mean_loss=2.667342 lr=0.00299924 step=stateful RMSProp step applied
    unit 3/65 rc=282625 chunks=1 trained_queries=17780 trained_events=32192 mean_loss=2.613589 lr=0.00299921 step=stateful RMSProp step applied
    unit 4/65 rc=285382 chunks=1 trained_queries=16 trained_events=16 mean_loss=2.969193 lr=0.00299919 step=stateful RMSProp step applied
    unit 5/65 rc=285383 chunks=1 trained_queries=41 trained_events=48 mean_loss=3.195787 lr=0.00299917 step=stateful RMSProp step applied
    unit 6/65 rc=285388 chunks=2 trained_queries=54875 trained_events=94080 mean_loss=3.151643 lr=0.00299914 step=stateful RMSProp step applied
    unit 7/65 rc=294043 chunks=3 trained_queries=146903 trained_events=301856 mean_loss=2.761365 lr=0.00299912 step=stateful RMSProp step applied
    unit 8/65 rc=321434 chunks=1 trained_queries=19351 trained_events=28624 mean_loss=2.915021 lr=0.00299909 step=stateful RMSProp step applied
    unit 9/65 rc=324057 chunks=1 trained_queries=35110 trained_events=118240 mean_loss=2.758910 lr=0.00299907 step=stateful RMSProp step applied
    unit 10/65 rc=331740 chunks=1 trained_queries=16 trained_events=432 mean_loss=3.423546 lr=0.00299904 step=stateful RMSProp step applied
    unit 11/65 rc=331741 chunks=2 trained_queries=74861 trained_events=154864 mean_loss=3.006164 lr=0.00299901 step=stateful RMSProp step applied
    unit 12/65 rc=345687 chunks=1 trained_queries=30300 trained_events=55216 mean_loss=2.596379 lr=0.00299899 step=stateful RMSProp step applied
    unit 13/65 rc=350763 chunks=1 trained_queries=15923 trained_events=37200 mean_loss=2.993824 lr=0.00299896 step=stateful RMSProp step applied
    unit 14/65 rc=353625 chunks=2 trained_queries=55670 trained_events=115472 mean_loss=2.764304 lr=0.00299893 step=stateful RMSProp step applied
    unit 15/65 rc=364135 chunks=1 trained_queries=19324 trained_events=41184 mean_loss=2.747200 lr=0.00299891 step=stateful RMSProp step applied
    unit 16/65 rc=367786 chunks=1 trained_queries=22956 trained_events=58432 mean_loss=2.820156 lr=0.00299888 step=stateful RMSProp step applied
    unit 17/65 rc=372767 chunks=1 trained_queries=12887 trained_events=31552 mean_loss=2.844111 lr=0.00299885 step=stateful RMSProp step applied
    unit 18/65 rc=375106 chunks=1 trained_queries=37224 trained_events=92032 mean_loss=2.641985 lr=0.00299882 step=stateful RMSProp step applied
    unit 19/65 rc=382687 chunks=1 trained_queries=11903 trained_events=27856 mean_loss=2.686509 lr=0.00299879 step=stateful RMSProp step applied
    unit 20/65 rc=384937 chunks=1 trained_queries=13922 trained_events=37200 mean_loss=2.706379 lr=0.00299876 step=stateful RMSProp step applied
    unit 21/65 rc=387825 chunks=1 trained_queries=20966 trained_events=46224 mean_loss=2.611527 lr=0.00299873 step=stateful RMSProp step applied
    unit 22/65 rc=391753 chunks=2 trained_queries=80510 trained_events=178352 mean_loss=2.566389 lr=0.0029987 step=stateful RMSProp step applied
    unit 23/65 rc=407234 chunks=1 trained_queries=2379 trained_events=5104 mean_loss=2.697222 lr=0.00299867 step=stateful RMSProp step applied
    unit 24/65 rc=407680 chunks=1 trained_queries=6700 trained_events=24672 mean_loss=2.632129 lr=0.00299864 step=stateful RMSProp step applied
    unit 25/65 rc=409029 chunks=1 trained_queries=26203 trained_events=59152 mean_loss=2.582983 lr=0.00299861 step=stateful RMSProp step applied
    unit 26/65 rc=414232 chunks=1 trained_queries=20070 trained_events=43728 mean_loss=2.561577 lr=0.00299858 step=stateful RMSProp step applied
    unit 27/65 rc=418109 chunks=1 trained_queries=30344 trained_events=74160 mean_loss=2.506135 lr=0.00299855 step=stateful RMSProp step applied
    unit 28/65 rc=424071 chunks=1 trained_queries=37398 trained_events=78688 mean_loss=2.508250 lr=0.00299852 step=stateful RMSProp step applied
    unit 29/65 rc=431070 chunks=1 trained_queries=9984 trained_events=22352 mean_loss=2.625142 lr=0.00299848 step=stateful RMSProp step applied
    unit 30/65 rc=433017 chunks=1 trained_queries=368 trained_events=3696 mean_loss=2.543448 lr=0.00299845 step=stateful RMSProp step applied
    unit 31/65 rc=433081 chunks=1 trained_queries=31432 trained_events=72896 mean_loss=2.678622 lr=0.00299842 step=stateful RMSProp step applied
    unit 32/65 rc=439253 chunks=1 trained_queries=32416 trained_events=67744 mean_loss=2.578804 lr=0.00299839 step=stateful RMSProp step applied
    unit 33/65 rc=445065 chunks=2 trained_queries=52575 trained_events=104160 mean_loss=2.453224 lr=0.00299835 step=stateful RMSProp step applied
    unit 34/65 rc=454440 chunks=1 trained_queries=18981 trained_events=51680 mean_loss=2.446222 lr=0.00299832 step=stateful RMSProp step applied
    unit 35/65 rc=458387 chunks=1 trained_queries=5199 trained_events=12224 mean_loss=2.454622 lr=0.00299828 step=stateful RMSProp step applied
    unit 36/65 rc=459434 chunks=1 trained_queries=25529 trained_events=53568 mean_loss=2.441864 lr=0.00299825 step=stateful RMSProp step applied
    unit 37/65 rc=464285 chunks=1 trained_queries=944 trained_events=1792 mean_loss=2.243182 lr=0.00299821 step=stateful RMSProp step applied
    unit 38/65 rc=464449 chunks=1 trained_queries=13111 trained_events=27072 mean_loss=2.495814 lr=0.00299818 step=stateful RMSProp step applied
    unit 39/65 rc=466777 chunks=1 trained_queries=1172 trained_events=2576 mean_loss=2.260340 lr=0.00299814 step=stateful RMSProp step applied
    unit 40/65 rc=467002 chunks=10 trained_queries=476268 trained_events=843008 mean_loss=2.602278 lr=0.00299811 step=stateful RMSProp step applied
    unit 41/65 rc=544108 chunks=2 trained_queries=98499 trained_events=172032 mean_loss=2.580779 lr=0.00299807 step=stateful RMSProp step applied
    unit 42/65 rc=559920 chunks=3 trained_queries=136044 trained_events=238517 mean_loss=2.573560 lr=0.00299803 step=stateful RMSProp step applied
    unit 43/65 rc=581652 chunks=6 trained_queries=267495 trained_events=477697 mean_loss=2.536346 lr=0.00299799 step=stateful RMSProp step applied
    unit 44/65 rc=625299 chunks=16 trained_queries=787430 trained_events=1441440 mean_loss=2.549717 lr=0.00299796 step=stateful RMSProp step applied
    unit 45/65 rc=756698 chunks=3 trained_queries=135019 trained_events=240624 mean_loss=2.539323 lr=0.00299792 step=stateful RMSProp step applied
    unit 46/65 rc=778776 chunks=3 trained_queries=120415 trained_events=203264 mean_loss=2.597966 lr=0.00299788 step=stateful RMSProp step applied
    unit 47/65 rc=797238 chunks=9 trained_queries=409632 trained_events=780452 mean_loss=2.469925 lr=0.00299784 step=stateful RMSProp step applied
    unit 48/65 rc=868544 chunks=8 trained_queries=388601 trained_events=691328 mean_loss=2.526042 lr=0.0029978 step=stateful RMSProp step applied
    unit 49/65 rc=931357 chunks=1 trained_queries=5910 trained_events=9744 mean_loss=2.585268 lr=0.00299776 step=stateful RMSProp step applied
    unit 50/65 rc=932241 chunks=2 trained_queries=63481 trained_events=107824 mean_loss=2.528704 lr=0.00299772 step=stateful RMSProp step applied
    unit 51/65 rc=942005 chunks=6 trained_queries=295710 trained_events=510176 mean_loss=2.515552 lr=0.00299768 step=stateful RMSProp step applied
    unit 52/65 rc=988604 chunks=4 trained_queries=190096 trained_events=338304 mean_loss=2.485289 lr=0.00299764 step=stateful RMSProp step applied
    unit 53/65 rc=1019500 chunks=9 trained_queries=413444 trained_events=737802 mean_loss=2.484986 lr=0.0029976 step=stateful RMSProp step applied
    unit 54/65 rc=1087047 chunks=12 trained_queries=553466 trained_events=1002752 mean_loss=2.494836 lr=0.00299756 step=stateful RMSProp step applied
    unit 55/65 rc=1178720 chunks=2 trained_queries=96605 trained_events=164880 mean_loss=2.526734 lr=0.00299752 step=stateful RMSProp step applied
    unit 56/65 rc=1193882 chunks=1 trained_queries=5343 trained_events=9456 mean_loss=2.488970 lr=0.00299748 step=stateful RMSProp step applied
    unit 57/65 rc=1194732 chunks=9 trained_queries=426507 trained_events=745745 mean_loss=2.634105 lr=0.00299744 step=stateful RMSProp step applied
    unit 58/65 rc=1262782 chunks=9 trained_queries=420566 trained_events=755486 mean_loss=2.526834 lr=0.00299739 step=stateful RMSProp step applied
    unit 59/65 rc=1332021 chunks=11 trained_queries=535061 trained_events=1019376 mean_loss=2.448035 lr=0.00299735 step=stateful RMSProp step applied
    unit 60/65 rc=1425400 chunks=5 trained_queries=235017 trained_events=405880 mean_loss=2.491215 lr=0.00299731 step=stateful RMSProp step applied
    unit 61/65 rc=1462524 chunks=2 trained_queries=68054 trained_events=119056 mean_loss=2.340754 lr=0.00299726 step=stateful RMSProp step applied
    unit 62/65 rc=1473469 chunks=3 trained_queries=147152 trained_events=266576 mean_loss=2.427341 lr=0.00299722 step=stateful RMSProp step applied
    unit 63/65 rc=1497733 chunks=1 trained_queries=5204 trained_events=8048 mean_loss=2.488050 lr=0.00299718 step=stateful RMSProp step applied
    unit 64/65 rc=1498502 chunks=4 trained_queries=165699 trained_events=311920 mean_loss=2.443795 lr=0.00299713 step=stateful RMSProp step applied
    unit 65/65 rc=1526829 chunks=1 trained_queries=3594 trained_events=5440 mean_loss=2.349856 lr=0.00299709 step=stateful RMSProp step applied
  train-epoch: epoch 2 summary trained_queries=8880122 trained_events=16953844 mean_loss=2.576389
  train-epoch: epoch 3/100
    unit 1/65 rc=1 chunks=5 trained_queries=235411 trained_events=602672 mean_loss=2.552615 lr=0.00299704 step=stateful RMSProp step applied
    unit 2/65 rc=47811 chunks=25 trained_queries=1209056 trained_events=2588009 mean_loss=2.476397 lr=0.00299699 step=stateful RMSProp step applied
    unit 3/65 rc=282625 chunks=1 trained_queries=17780 trained_events=32192 mean_loss=2.406420 lr=0.00299695 step=stateful RMSProp step applied
    unit 4/65 rc=285382 chunks=1 trained_queries=16 trained_events=16 mean_loss=2.298280 lr=0.0029969 step=stateful RMSProp step applied
    unit 5/65 rc=285383 chunks=1 trained_queries=41 trained_events=48 mean_loss=2.725538 lr=0.00299686 step=stateful RMSProp step applied
    unit 6/65 rc=285388 chunks=2 trained_queries=54875 trained_events=94080 mean_loss=2.940751 lr=0.00299681 step=stateful RMSProp step applied
    unit 7/65 rc=294043 chunks=3 trained_queries=146903 trained_events=301856 mean_loss=2.530226 lr=0.00299676 step=stateful RMSProp step applied
    unit 8/65 rc=321434 chunks=1 trained_queries=19351 trained_events=28624 mean_loss=2.677081 lr=0.00299671 step=stateful RMSProp step applied
    unit 9/65 rc=324057 chunks=1 trained_queries=35110 trained_events=118240 mean_loss=2.501430 lr=0.00299666 step=stateful RMSProp step applied
    unit 10/65 rc=331740 chunks=1 trained_queries=16 trained_events=432 mean_loss=2.743097 lr=0.00299662 step=stateful RMSProp step applied
    unit 11/65 rc=331741 chunks=2 trained_queries=74861 trained_events=154864 mean_loss=2.895030 lr=0.00299657 step=stateful RMSProp step applied
    unit 12/65 rc=345687 chunks=1 trained_queries=30300 trained_events=55216 mean_loss=2.405763 lr=0.00299652 step=stateful RMSProp step applied
    unit 13/65 rc=350763 chunks=1 trained_queries=15923 trained_events=37200 mean_loss=2.633186 lr=0.00299647 step=stateful RMSProp step applied
    unit 14/65 rc=353625 chunks=2 trained_queries=55670 trained_events=115472 mean_loss=2.516133 lr=0.00299642 step=stateful RMSProp step applied
    unit 15/65 rc=364135 chunks=1 trained_queries=19324 trained_events=41184 mean_loss=2.564222 lr=0.00299637 step=stateful RMSProp step applied
    unit 16/65 rc=367786 chunks=1 trained_queries=22956 trained_events=58432 mean_loss=2.526503 lr=0.00299632 step=stateful RMSProp step applied
    unit 17/65 rc=372767 chunks=1 trained_queries=12887 trained_events=31552 mean_loss=2.569854 lr=0.00299627 step=stateful RMSProp step applied
    unit 18/65 rc=375106 chunks=1 trained_queries=37224 trained_events=92032 mean_loss=2.419245 lr=0.00299622 step=stateful RMSProp step applied
    unit 19/65 rc=382687 chunks=1 trained_queries=11903 trained_events=27856 mean_loss=2.518900 lr=0.00299616 step=stateful RMSProp step applied
    unit 20/65 rc=384937 chunks=1 trained_queries=13922 trained_events=37200 mean_loss=2.487728 lr=0.00299611 step=stateful RMSProp step applied
    unit 21/65 rc=387825 chunks=1 trained_queries=20966 trained_events=46224 mean_loss=2.436367 lr=0.00299606 step=stateful RMSProp step applied
    unit 22/65 rc=391753 chunks=2 trained_queries=80510 trained_events=178352 mean_loss=2.390343 lr=0.00299601 step=stateful RMSProp step applied
    unit 23/65 rc=407234 chunks=1 trained_queries=2379 trained_events=5104 mean_loss=2.512309 lr=0.00299595 step=stateful RMSProp step applied
    unit 24/65 rc=407680 chunks=1 trained_queries=6700 trained_events=24672 mean_loss=2.365376 lr=0.0029959 step=stateful RMSProp step applied
    unit 25/65 rc=409029 chunks=1 trained_queries=26203 trained_events=59152 mean_loss=2.419723 lr=0.00299585 step=stateful RMSProp step applied
    unit 26/65 rc=414232 chunks=1 trained_queries=20070 trained_events=43728 mean_loss=2.422230 lr=0.00299579 step=stateful RMSProp step applied
    unit 27/65 rc=418109 chunks=1 trained_queries=30344 trained_events=74160 mean_loss=2.315832 lr=0.00299574 step=stateful RMSProp step applied
    unit 28/65 rc=424071 chunks=1 trained_queries=37398 trained_events=78688 mean_loss=2.381637 lr=0.00299568 step=stateful RMSProp step applied
    unit 29/65 rc=431070 chunks=1 trained_queries=9984 trained_events=22352 mean_loss=2.498237 lr=0.00299563 step=stateful RMSProp step applied
    unit 30/65 rc=433017 chunks=1 trained_queries=368 trained_events=3696 mean_loss=2.304481 lr=0.00299557 step=stateful RMSProp step applied
    unit 31/65 rc=433081 chunks=1 trained_queries=31432 trained_events=72896 mean_loss=2.572462 lr=0.00299552 step=stateful RMSProp step applied
    unit 32/65 rc=439253 chunks=1 trained_queries=32416 trained_events=67744 mean_loss=2.436244 lr=0.00299546 step=stateful RMSProp step applied
    unit 33/65 rc=445065 chunks=2 trained_queries=52575 trained_events=104160 mean_loss=2.353412 lr=0.0029954 step=stateful RMSProp step applied
    unit 34/65 rc=454440 chunks=1 trained_queries=18981 trained_events=51680 mean_loss=2.266246 lr=0.00299535 step=stateful RMSProp step applied
    unit 35/65 rc=458387 chunks=1 trained_queries=5199 trained_events=12224 mean_loss=2.309384 lr=0.00299529 step=stateful RMSProp step applied
    unit 36/65 rc=459434 chunks=1 trained_queries=25529 trained_events=53568 mean_loss=2.274199 lr=0.00299523 step=stateful RMSProp step applied
    unit 37/65 rc=464285 chunks=1 trained_queries=944 trained_events=1792 mean_loss=2.108185 lr=0.00299517 step=stateful RMSProp step applied
    unit 38/65 rc=464449 chunks=1 trained_queries=13111 trained_events=27072 mean_loss=2.327057 lr=0.00299512 step=stateful RMSProp step applied
    unit 39/65 rc=466777 chunks=1 trained_queries=1172 trained_events=2576 mean_loss=2.084641 lr=0.00299506 step=stateful RMSProp step applied
    unit 40/65 rc=467002 chunks=10 trained_queries=476268 trained_events=843008 mean_loss=2.501929 lr=0.002995 step=stateful RMSProp step applied
    unit 41/65 rc=544108 chunks=2 trained_queries=98499 trained_events=172032 mean_loss=2.482044 lr=0.00299494 step=stateful RMSProp step applied
    unit 42/65 rc=559920 chunks=3 trained_queries=136044 trained_events=238517 mean_loss=2.486449 lr=0.00299488 step=stateful RMSProp step applied
    unit 43/65 rc=581652 chunks=6 trained_queries=267495 trained_events=477697 mean_loss=2.455570 lr=0.00299482 step=stateful RMSProp step applied
    unit 44/65 rc=625299 chunks=16 trained_queries=787430 trained_events=1441440 mean_loss=2.458213 lr=0.00299476 step=stateful RMSProp step applied
    unit 45/65 rc=756698 chunks=3 trained_queries=135019 trained_events=240624 mean_loss=2.443852 lr=0.0029947 step=stateful RMSProp step applied
    unit 46/65 rc=778776 chunks=3 trained_queries=120415 trained_events=203264 mean_loss=2.502394 lr=0.00299464 step=stateful RMSProp step applied
    unit 47/65 rc=797238 chunks=9 trained_queries=409632 trained_events=780452 mean_loss=2.398138 lr=0.00299458 step=stateful RMSProp step applied
    unit 48/65 rc=868544 chunks=8 trained_queries=388601 trained_events=691328 mean_loss=2.437520 lr=0.00299451 step=stateful RMSProp step applied
    unit 49/65 rc=931357 chunks=1 trained_queries=5910 trained_events=9744 mean_loss=2.481174 lr=0.00299445 step=stateful RMSProp step applied
    unit 50/65 rc=932241 chunks=2 trained_queries=63481 trained_events=107824 mean_loss=2.430288 lr=0.00299439 step=stateful RMSProp step applied
    unit 51/65 rc=942005 chunks=6 trained_queries=295710 trained_events=510176 mean_loss=2.441618 lr=0.00299433 step=stateful RMSProp step applied
    unit 52/65 rc=988604 chunks=4 trained_queries=190096 trained_events=338304 mean_loss=2.407650 lr=0.00299426 step=stateful RMSProp step applied
    unit 53/65 rc=1019500 chunks=9 trained_queries=413444 trained_events=737802 mean_loss=2.414577 lr=0.0029942 step=stateful RMSProp step applied
    unit 54/65 rc=1087047 chunks=12 trained_queries=553466 trained_events=1002752 mean_loss=2.420208 lr=0.00299414 step=stateful RMSProp step applied
    unit 55/65 rc=1178720 chunks=2 trained_queries=96605 trained_events=164880 mean_loss=2.444051 lr=0.00299407 step=stateful RMSProp step applied
    unit 56/65 rc=1193882 chunks=1 trained_queries=5343 trained_events=9456 mean_loss=2.332182 lr=0.00299401 step=stateful RMSProp step applied
    unit 57/65 rc=1194732 chunks=9 trained_queries=426507 trained_events=745745 mean_loss=2.533980 lr=0.00299394 step=stateful RMSProp step applied
    unit 58/65 rc=1262782 chunks=9 trained_queries=420566 trained_events=755486 mean_loss=2.443493 lr=0.00299388 step=stateful RMSProp step applied
    unit 59/65 rc=1332021 chunks=11 trained_queries=535061 trained_events=1019376 mean_loss=2.380298 lr=0.00299381 step=stateful RMSProp step applied
    unit 60/65 rc=1425400 chunks=5 trained_queries=235017 trained_events=405880 mean_loss=2.424898 lr=0.00299375 step=stateful RMSProp step applied
    unit 61/65 rc=1462524 chunks=2 trained_queries=68054 trained_events=119056 mean_loss=2.284449 lr=0.00299368 step=stateful RMSProp step applied
    unit 62/65 rc=1473469 chunks=3 trained_queries=147152 trained_events=266576 mean_loss=2.361610 lr=0.00299361 step=stateful RMSProp step applied
    unit 63/65 rc=1497733 chunks=1 trained_queries=5204 trained_events=8048 mean_loss=2.425920 lr=0.00299355 step=stateful RMSProp step applied
    unit 64/65 rc=1498502 chunks=4 trained_queries=165699 trained_events=311920 mean_loss=2.379450 lr=0.00299348 step=stateful RMSProp step applied
    unit 65/65 rc=1526829 chunks=1 trained_queries=3594 trained_events=5440 mean_loss=2.289361 lr=0.00299341 step=stateful RMSProp step applied
  train-epoch: epoch 3 summary trained_queries=8880122 trained_events=16953844 mean_loss=2.456604
  train-epoch: epoch 4/100
    unit 1/65 rc=1 chunks=5 trained_queries=235411 trained_events=602672 mean_loss=2.469901 lr=0.00299334 step=stateful RMSProp step applied
    unit 2/65 rc=47811 chunks=25 trained_queries=1209056 trained_events=2588009 mean_loss=2.423329 lr=0.00299327 step=stateful RMSProp step applied
    unit 3/65 rc=282625 chunks=1 trained_queries=17780 trained_events=32192 mean_loss=2.329801 lr=0.00299321 step=stateful RMSProp step applied
    unit 4/65 rc=285382 chunks=1 trained_queries=16 trained_events=16 mean_loss=2.049877 lr=0.00299314 step=stateful RMSProp step applied
    unit 5/65 rc=285383 chunks=1 trained_queries=41 trained_events=48 mean_loss=2.489852 lr=0.00299307 step=stateful RMSProp step applied
    unit 6/65 rc=285388 chunks=2 trained_queries=54875 trained_events=94080 mean_loss=2.797801 lr=0.002993 step=stateful RMSProp step applied
    unit 7/65 rc=294043 chunks=3 trained_queries=146903 trained_events=301856 mean_loss=2.466581 lr=0.00299293 step=stateful RMSProp step applied
    unit 8/65 rc=321434 chunks=1 trained_queries=19351 trained_events=28624 mean_loss=2.642886 lr=0.00299286 step=stateful RMSProp step applied
    unit 9/65 rc=324057 chunks=1 trained_queries=35110 trained_events=118240 mean_loss=2.409902 lr=0.00299279 step=stateful RMSProp step applied
    unit 10/65 rc=331740 chunks=1 trained_queries=16 trained_events=432 mean_loss=2.400537 lr=0.00299271 step=stateful RMSProp step applied
    unit 11/65 rc=331741 chunks=2 trained_queries=74861 trained_events=154864 mean_loss=2.736703 lr=0.00299264 step=stateful RMSProp step applied
    unit 12/65 rc=345687 chunks=1 trained_queries=30300 trained_events=55216 mean_loss=2.378965 lr=0.00299257 step=stateful RMSProp step applied
    unit 13/65 rc=350763 chunks=1 trained_queries=15923 trained_events=37200 mean_loss=2.887221 lr=0.0029925 step=stateful RMSProp step applied
    unit 14/65 rc=353625 chunks=2 trained_queries=55670 trained_events=115472 mean_loss=2.497783 lr=0.00299243 step=stateful RMSProp step applied
    unit 15/65 rc=364135 chunks=1 trained_queries=19324 trained_events=41184 mean_loss=2.507510 lr=0.00299235 step=stateful RMSProp step applied
    unit 16/65 rc=367786 chunks=1 trained_queries=22956 trained_events=58432 mean_loss=2.492018 lr=0.00299228 step=stateful RMSProp step applied
    unit 17/65 rc=372767 chunks=1 trained_queries=12887 trained_events=31552 mean_loss=2.466467 lr=0.00299221 step=stateful RMSProp step applied
    unit 18/65 rc=375106 chunks=1 trained_queries=37224 trained_events=92032 mean_loss=2.300541 lr=0.00299213 step=stateful RMSProp step applied
    unit 19/65 rc=382687 chunks=1 trained_queries=11903 trained_events=27856 mean_loss=2.435261 lr=0.00299206 step=stateful RMSProp step applied
    unit 20/65 rc=384937 chunks=1 trained_queries=13922 trained_events=37200 mean_loss=2.497104 lr=0.00299198 step=stateful RMSProp step applied
    unit 21/65 rc=387825 chunks=1 trained_queries=20966 trained_events=46224 mean_loss=2.376432 lr=0.00299191 step=stateful RMSProp step applied
    unit 22/65 rc=391753 chunks=2 trained_queries=80510 trained_events=178352 mean_loss=2.353559 lr=0.00299183 step=stateful RMSProp step applied
    unit 23/65 rc=407234 chunks=1 trained_queries=2379 trained_events=5104 mean_loss=2.533495 lr=0.00299176 step=stateful RMSProp step applied
    unit 24/65 rc=407680 chunks=1 trained_queries=6700 trained_events=24672 mean_loss=2.258621 lr=0.00299168 step=stateful RMSProp step applied
    unit 25/65 rc=409029 chunks=1 trained_queries=26203 trained_events=59152 mean_loss=2.358070 lr=0.00299161 step=stateful RMSProp step applied
    unit 26/65 rc=414232 chunks=1 trained_queries=20070 trained_events=43728 mean_loss=2.358611 lr=0.00299153 step=stateful RMSProp step applied
    unit 27/65 rc=418109 chunks=1 trained_queries=30344 trained_events=74160 mean_loss=2.258846 lr=0.00299145 step=stateful RMSProp step applied
    unit 28/65 rc=424071 chunks=1 trained_queries=37398 trained_events=78688 mean_loss=2.342606 lr=0.00299137 step=stateful RMSProp step applied
    unit 29/65 rc=431070 chunks=1 trained_queries=9984 trained_events=22352 mean_loss=2.425955 lr=0.0029913 step=stateful RMSProp step applied
    unit 30/65 rc=433017 chunks=1 trained_queries=368 trained_events=3696 mean_loss=1.999475 lr=0.00299122 step=stateful RMSProp step applied
    unit 31/65 rc=433081 chunks=1 trained_queries=31432 trained_events=72896 mean_loss=2.461075 lr=0.00299114 step=stateful RMSProp step applied
    unit 32/65 rc=439253 chunks=1 trained_queries=32416 trained_events=67744 mean_loss=2.369744 lr=0.00299106 step=stateful RMSProp step applied
    unit 33/65 rc=445065 chunks=2 trained_queries=52575 trained_events=104160 mean_loss=2.315318 lr=0.00299098 step=stateful RMSProp step applied
    unit 34/65 rc=454440 chunks=1 trained_queries=18981 trained_events=51680 mean_loss=2.169617 lr=0.0029909 step=stateful RMSProp step applied
    unit 35/65 rc=458387 chunks=1 trained_queries=5199 trained_events=12224 mean_loss=2.270930 lr=0.00299082 step=stateful RMSProp step applied
    unit 36/65 rc=459434 chunks=1 trained_queries=25529 trained_events=53568 mean_loss=2.251278 lr=0.00299074 step=stateful RMSProp step applied
    unit 37/65 rc=464285 chunks=1 trained_queries=944 trained_events=1792 mean_loss=2.012459 lr=0.00299066 step=stateful RMSProp step applied
    unit 38/65 rc=464449 chunks=1 trained_queries=13111 trained_events=27072 mean_loss=2.255807 lr=0.00299058 step=stateful RMSProp step applied
    unit 39/65 rc=466777 chunks=1 trained_queries=1172 trained_events=2576 mean_loss=1.972616 lr=0.0029905 step=stateful RMSProp step applied
    unit 40/65 rc=467002 chunks=10 trained_queries=476268 trained_events=843008 mean_loss=2.460267 lr=0.00299042 step=stateful RMSProp step applied
    unit 41/65 rc=544108 chunks=2 trained_queries=98499 trained_events=172032 mean_loss=2.432844 lr=0.00299033 step=stateful RMSProp step applied
    unit 42/65 rc=559920 chunks=3 trained_queries=136044 trained_events=238517 mean_loss=2.461885 lr=0.00299025 step=stateful RMSProp step applied
    unit 43/65 rc=581652 chunks=6 trained_queries=267495 trained_events=477697 mean_loss=2.413397 lr=0.00299017 step=stateful RMSProp step applied
    unit 44/65 rc=625299 chunks=16 trained_queries=787430 trained_events=1441440 mean_loss=2.422754 lr=0.00299009 step=stateful RMSProp step applied
    unit 45/65 rc=756698 chunks=3 trained_queries=135019 trained_events=240624 mean_loss=2.403217 lr=0.00299 step=stateful RMSProp step applied
    unit 46/65 rc=778776 chunks=3 trained_queries=120415 trained_events=203264 mean_loss=2.446283 lr=0.00298992 step=stateful RMSProp step applied
    unit 47/65 rc=797238 chunks=9 trained_queries=409632 trained_events=780452 mean_loss=2.353507 lr=0.00298984 step=stateful RMSProp step applied
    unit 48/65 rc=868544 chunks=8 trained_queries=388601 trained_events=691328 mean_loss=2.392284 lr=0.00298975 step=stateful RMSProp step applied
    unit 49/65 rc=931357 chunks=1 trained_queries=5910 trained_events=9744 mean_loss=2.417636 lr=0.00298967 step=stateful RMSProp step applied
    unit 50/65 rc=932241 chunks=2 trained_queries=63481 trained_events=107824 mean_loss=2.397365 lr=0.00298958 step=stateful RMSProp step applied
    unit 51/65 rc=942005 chunks=6 trained_queries=295710 trained_events=510176 mean_loss=2.417448 lr=0.0029895 step=stateful RMSProp step applied
    unit 52/65 rc=988604 chunks=4 trained_queries=190096 trained_events=338304 mean_loss=2.385820 lr=0.00298941 step=stateful RMSProp step applied
    unit 53/65 rc=1019500 chunks=9 trained_queries=413444 trained_events=737802 mean_loss=2.394211 lr=0.00298932 step=stateful RMSProp step applied
    unit 54/65 rc=1087047 chunks=12 trained_queries=553466 trained_events=1002752 mean_loss=2.395222 lr=0.00298924 step=stateful RMSProp step applied
    unit 55/65 rc=1178720 chunks=2 trained_queries=96605 trained_events=164880 mean_loss=2.415704 lr=0.00298915 step=stateful RMSProp step applied
    unit 56/65 rc=1193882 chunks=1 trained_queries=5343 trained_events=9456 mean_loss=2.269235 lr=0.00298906 step=stateful RMSProp step applied
    unit 57/65 rc=1194732 chunks=9 trained_queries=426507 trained_events=745745 mean_loss=2.509386 lr=0.00298898 step=stateful RMSProp step applied
    unit 58/65 rc=1262782 chunks=9 trained_queries=420566 trained_events=755486 mean_loss=2.415794 lr=0.00298889 step=stateful RMSProp step applied
    unit 59/65 rc=1332021 chunks=11 trained_queries=535061 trained_events=1019376 mean_loss=2.361954 lr=0.0029888 step=stateful RMSProp step applied
    unit 60/65 rc=1425400 chunks=5 trained_queries=235017 trained_events=405880 mean_loss=2.402303 lr=0.00298871 step=stateful RMSProp step applied
    unit 61/65 rc=1462524 chunks=2 trained_queries=68054 trained_events=119056 mean_loss=2.257555 lr=0.00298862 step=stateful RMSProp step applied
    unit 62/65 rc=1473469 chunks=3 trained_queries=147152 trained_events=266576 mean_loss=2.331547 lr=0.00298853 step=stateful RMSProp step applied
    unit 63/65 rc=1497733 chunks=1 trained_queries=5204 trained_events=8048 mean_loss=2.391843 lr=0.00298844 step=stateful RMSProp step applied
    unit 64/65 rc=1498502 chunks=4 trained_queries=165699 trained_events=311920 mean_loss=2.354663 lr=0.00298835 step=stateful RMSProp step applied
    unit 65/65 rc=1526829 chunks=1 trained_queries=3594 trained_events=5440 mean_loss=2.262830 lr=0.00298826 step=stateful RMSProp step applied
  train-epoch: epoch 4 summary trained_queries=8880122 trained_events=16953844 mean_loss=2.415835
  train-epoch: epoch 5/100
    unit 1/65 rc=1 chunks=5 trained_queries=235411 trained_events=602672 mean_loss=2.430654 lr=0.00298817 step=stateful RMSProp step applied
    unit 2/65 rc=47811 chunks=25 trained_queries=1209056 trained_events=2588009 mean_loss=2.410439 lr=0.00298808 step=stateful RMSProp step applied
    unit 3/65 rc=282625 chunks=1 trained_queries=17780 trained_events=32192 mean_loss=2.310211 lr=0.00298799 step=stateful RMSProp step applied
    unit 4/65 rc=285382 chunks=1 trained_queries=16 trained_events=16 mean_loss=1.883850 lr=0.0029879 step=stateful RMSProp step applied
    unit 5/65 rc=285383 chunks=1 trained_queries=41 trained_events=48 mean_loss=2.589798 lr=0.00298781 step=stateful RMSProp step applied
    unit 6/65 rc=285388 chunks=2 trained_queries=54875 trained_events=94080 mean_loss=2.855815 lr=0.00298771 step=stateful RMSProp step applied
    unit 7/65 rc=294043 chunks=3 trained_queries=146903 trained_events=301856 mean_loss=2.459434 lr=0.00298762 step=stateful RMSProp step applied
    unit 8/65 rc=321434 chunks=1 trained_queries=19351 trained_events=28624 mean_loss=2.592515 lr=0.00298753 step=stateful RMSProp step applied
    unit 9/65 rc=324057 chunks=1 trained_queries=35110 trained_events=118240 mean_loss=2.383614 lr=0.00298743 step=stateful RMSProp step applied
    unit 10/65 rc=331740 chunks=1 trained_queries=16 trained_events=432 mean_loss=1.776317 lr=0.00298734 step=stateful RMSProp step applied
    unit 11/65 rc=331741 chunks=2 trained_queries=74861 trained_events=154864 mean_loss=2.497480 lr=0.00298725 step=stateful RMSProp step applied
    unit 12/65 rc=345687 chunks=1 trained_queries=30300 trained_events=55216 mean_loss=2.305691 lr=0.00298715 step=stateful RMSProp step applied
    unit 13/65 rc=350763 chunks=1 trained_queries=15923 trained_events=37200 mean_loss=2.427462 lr=0.00298706 step=stateful RMSProp step applied
    unit 14/65 rc=353625 chunks=2 trained_queries=55670 trained_events=115472 mean_loss=2.371319 lr=0.00298696 step=stateful RMSProp step applied
    unit 15/65 rc=364135 chunks=1 trained_queries=19324 trained_events=41184 mean_loss=2.415512 lr=0.00298687 step=stateful RMSProp step applied
    unit 16/65 rc=367786 chunks=1 trained_queries=22956 trained_events=58432 mean_loss=2.394181 lr=0.00298677 step=stateful RMSProp step applied
    unit 17/65 rc=372767 chunks=1 trained_queries=12887 trained_events=31552 mean_loss=2.417538 lr=0.00298667 step=stateful RMSProp step applied
    unit 18/65 rc=375106 chunks=1 trained_queries=37224 trained_events=92032 mean_loss=2.245691 lr=0.00298658 step=stateful RMSProp step applied
    unit 19/65 rc=382687 chunks=1 trained_queries=11903 trained_events=27856 mean_loss=2.423285 lr=0.00298648 step=stateful RMSProp step applied
    unit 20/65 rc=384937 chunks=1 trained_queries=13922 trained_events=37200 mean_loss=2.388864 lr=0.00298638 step=stateful RMSProp step applied
    unit 21/65 rc=387825 chunks=1 trained_queries=20966 trained_events=46224 mean_loss=2.326275 lr=0.00298629 step=stateful RMSProp step applied
    unit 22/65 rc=391753 chunks=2 trained_queries=80510 trained_events=178352 mean_loss=2.304526 lr=0.00298619 step=stateful RMSProp step applied
    unit 23/65 rc=407234 chunks=1 trained_queries=2379 trained_events=5104 mean_loss=2.469362 lr=0.00298609 step=stateful RMSProp step applied
    unit 24/65 rc=407680 chunks=1 trained_queries=6700 trained_events=24672 mean_loss=2.174256 lr=0.00298599 step=stateful RMSProp step applied
    unit 25/65 rc=409029 chunks=1 trained_queries=26203 trained_events=59152 mean_loss=2.280782 lr=0.00298589 step=stateful RMSProp step applied
    unit 26/65 rc=414232 chunks=1 trained_queries=20070 trained_events=43728 mean_loss=2.323411 lr=0.00298579 step=stateful RMSProp step applied
    unit 27/65 rc=418109 chunks=1 trained_queries=30344 trained_events=74160 mean_loss=2.217042 lr=0.00298569 step=stateful RMSProp step applied
    unit 28/65 rc=424071 chunks=1 trained_queries=37398 trained_events=78688 mean_loss=2.296152 lr=0.00298559 step=stateful RMSProp step applied
    unit 29/65 rc=431070 chunks=1 trained_queries=9984 trained_events=22352 mean_loss=2.421106 lr=0.00298549 step=stateful RMSProp step applied
    unit 30/65 rc=433017 chunks=1 trained_queries=368 trained_events=3696 mean_loss=1.855267 lr=0.00298539 step=stateful RMSProp step applied
    unit 31/65 rc=433081 chunks=1 trained_queries=31432 trained_events=72896 mean_loss=2.374754 lr=0.00298529 step=stateful RMSProp step applied
    unit 32/65 rc=439253 chunks=1 trained_queries=32416 trained_events=67744 mean_loss=2.348877 lr=0.00298519 step=stateful RMSProp step applied
    unit 33/65 rc=445065 chunks=2 trained_queries=52575 trained_events=104160 mean_loss=2.302527 lr=0.00298509 step=stateful RMSProp step applied
    unit 34/65 rc=454440 chunks=1 trained_queries=18981 trained_events=51680 mean_loss=2.107328 lr=0.00298498 step=stateful RMSProp step applied
    unit 35/65 rc=458387 chunks=1 trained_queries=5199 trained_events=12224 mean_loss=2.269119 lr=0.00298488 step=stateful RMSProp step applied
    unit 36/65 rc=459434 chunks=1 trained_queries=25529 trained_events=53568 mean_loss=2.250527 lr=0.00298478 step=stateful RMSProp step applied
    unit 37/65 rc=464285 chunks=1 trained_queries=944 trained_events=1792 mean_loss=2.004271 lr=0.00298468 step=stateful RMSProp step applied
    unit 38/65 rc=464449 chunks=1 trained_queries=13111 trained_events=27072 mean_loss=2.237551 lr=0.00298457 step=stateful RMSProp step applied
    unit 39/65 rc=466777 chunks=1 trained_queries=1172 trained_events=2576 mean_loss=1.920568 lr=0.00298447 step=stateful RMSProp step applied
    unit 40/65 rc=467002 chunks=10 trained_queries=476268 trained_events=843008 mean_loss=2.443321 lr=0.00298436 step=stateful RMSProp step applied
    unit 41/65 rc=544108 chunks=2 trained_queries=98499 trained_events=172032 mean_loss=2.408543 lr=0.00298426 step=stateful RMSProp step applied
    unit 42/65 rc=559920 chunks=3 trained_queries=136044 trained_events=238517 mean_loss=2.421170 lr=0.00298415 step=stateful RMSProp step applied
    unit 43/65 rc=581652 chunks=6 trained_queries=267495 trained_events=477697 mean_loss=2.393484 lr=0.00298405 step=stateful RMSProp step applied
    unit 44/65 rc=625299 chunks=16 trained_queries=787430 trained_events=1441440 mean_loss=2.400080 lr=0.00298394 step=stateful RMSProp step applied
    unit 45/65 rc=756698 chunks=3 trained_queries=135019 trained_events=240624 mean_loss=2.382251 lr=0.00298384 step=stateful RMSProp step applied
    unit 46/65 rc=778776 chunks=3 trained_queries=120415 trained_events=203264 mean_loss=2.425047 lr=0.00298373 step=stateful RMSProp step applied
    unit 47/65 rc=797238 chunks=9 trained_queries=409632 trained_events=780452 mean_loss=2.339635 lr=0.00298363 step=stateful RMSProp step applied
    unit 48/65 rc=868544 chunks=8 trained_queries=388601 trained_events=691328 mean_loss=2.371267 lr=0.00298352 step=stateful RMSProp step applied
    unit 49/65 rc=931357 chunks=1 trained_queries=5910 trained_events=9744 mean_loss=2.384918 lr=0.00298341 step=stateful RMSProp step applied
    unit 50/65 rc=932241 chunks=2 trained_queries=63481 trained_events=107824 mean_loss=2.372147 lr=0.0029833 step=stateful RMSProp step applied
    unit 51/65 rc=942005 chunks=6 trained_queries=295710 trained_events=510176 mean_loss=2.383823 lr=0.00298319 step=stateful RMSProp step applied
    unit 52/65 rc=988604 chunks=4 trained_queries=190096 trained_events=338304 mean_loss=2.371485 lr=0.00298309 step=stateful RMSProp step applied
    unit 53/65 rc=1019500 chunks=9 trained_queries=413444 trained_events=737802 mean_loss=2.367548 lr=0.00298298 step=stateful RMSProp step applied
    unit 54/65 rc=1087047 chunks=12 trained_queries=553466 trained_events=1002752 mean_loss=2.381324 lr=0.00298287 step=stateful RMSProp step applied
    unit 55/65 rc=1178720 chunks=2 trained_queries=96605 trained_events=164880 mean_loss=2.401479 lr=0.00298276 step=stateful RMSProp step applied
    unit 56/65 rc=1193882 chunks=1 trained_queries=5343 trained_events=9456 mean_loss=2.244755 lr=0.00298265 step=stateful RMSProp step applied
    unit 57/65 rc=1194732 chunks=9 trained_queries=426507 trained_events=745745 mean_loss=2.452929 lr=0.00298254 step=stateful RMSProp step applied
    unit 58/65 rc=1262782 chunks=9 trained_queries=420566 trained_events=755486 mean_loss=2.389828 lr=0.00298243 step=stateful RMSProp step applied
    unit 59/65 rc=1332021 chunks=11 trained_queries=535061 trained_events=1019376 mean_loss=2.348598 lr=0.00298232 step=stateful RMSProp step applied
    unit 60/65 rc=1425400 chunks=5 trained_queries=235017 trained_events=405880 mean_loss=2.391992 lr=0.00298221 step=stateful RMSProp step applied
    unit 61/65 rc=1462524 chunks=2 trained_queries=68054 trained_events=119056 mean_loss=2.247572 lr=0.0029821 step=stateful RMSProp step applied
    unit 62/65 rc=1473469 chunks=3 trained_queries=147152 trained_events=266576 mean_loss=2.324417 lr=0.00298198 step=stateful RMSProp step applied
    unit 63/65 rc=1497733 chunks=1 trained_queries=5204 trained_events=8048 mean_loss=2.385493 lr=0.00298187 step=stateful RMSProp step applied
    unit 64/65 rc=1498502 chunks=4 trained_queries=165699 trained_events=311920 mean_loss=2.343647 lr=0.00298176 step=stateful RMSProp step applied
    unit 65/65 rc=1526829 chunks=1 trained_queries=3594 trained_events=5440 mean_loss=2.237851 lr=0.00298165 step=stateful RMSProp step applied
  train-epoch: epoch 5 summary trained_queries=8880122 trained_events=16953844 mean_loss=2.389593
  train-epoch: epoch 6/100
    unit 1/65 rc=1 chunks=5 trained_queries=235411 trained_events=602672 mean_loss=2.403520 lr=0.00298153 step=stateful RMSProp step applied
    unit 2/65 rc=47811 chunks=25 trained_queries=1209056 trained_events=2588009 mean_loss=2.389552 lr=0.00298142 step=stateful RMSProp step applied
    unit 3/65 rc=282625 chunks=1 trained_queries=17780 trained_events=32192 mean_loss=2.265702 lr=0.00298131 step=stateful RMSProp step applied
    unit 4/65 rc=285382 chunks=1 trained_queries=16 trained_events=16 mean_loss=1.692792 lr=0.00298119 step=stateful RMSProp step applied
    unit 5/65 rc=285383 chunks=1 trained_queries=41 trained_events=48 mean_loss=2.337803 lr=0.00298108 step=stateful RMSProp step applied
    unit 6/65 rc=285388 chunks=2 trained_queries=54875 trained_events=94080 mean_loss=2.783379 lr=0.00298096 step=stateful RMSProp step applied
    unit 7/65 rc=294043 chunks=3 trained_queries=146903 trained_events=301856 mean_loss=2.440756 lr=0.00298085 step=stateful RMSProp step applied
    unit 8/65 rc=321434 chunks=1 trained_queries=19351 trained_events=28624 mean_loss=2.544978 lr=0.00298073 step=stateful RMSProp step applied
    unit 9/65 rc=324057 chunks=1 trained_queries=35110 trained_events=118240 mean_loss=2.295049 lr=0.00298061 step=stateful RMSProp step applied
    unit 10/65 rc=331740 chunks=1 trained_queries=16 trained_events=432 mean_loss=1.664425 lr=0.0029805 step=stateful RMSProp step applied
    unit 11/65 rc=331741 chunks=2 trained_queries=74861 trained_events=154864 mean_loss=2.412970 lr=0.00298038 step=stateful RMSProp step applied
    unit 12/65 rc=345687 chunks=1 trained_queries=30300 trained_events=55216 mean_loss=2.229331 lr=0.00298026 step=stateful RMSProp step applied
    unit 13/65 rc=350763 chunks=1 trained_queries=15923 trained_events=37200 mean_loss=2.373401 lr=0.00298015 step=stateful RMSProp step applied
    unit 14/65 rc=353625 chunks=2 trained_queries=55670 trained_events=115472 mean_loss=2.351332 lr=0.00298003 step=stateful RMSProp step applied
    unit 15/65 rc=364135 chunks=1 trained_queries=19324 trained_events=41184 mean_loss=2.361999 lr=0.00297991 step=stateful RMSProp step applied
    unit 16/65 rc=367786 chunks=1 trained_queries=22956 trained_events=58432 mean_loss=2.309603 lr=0.00297979 step=stateful RMSProp step applied
    unit 17/65 rc=372767 chunks=1 trained_queries=12887 trained_events=31552 mean_loss=2.314811 lr=0.00297967 step=stateful RMSProp step applied
    unit 18/65 rc=375106 chunks=1 trained_queries=37224 trained_events=92032 mean_loss=2.176716 lr=0.00297955 step=stateful RMSProp step applied
    unit 19/65 rc=382687 chunks=1 trained_queries=11903 trained_events=27856 mean_loss=2.388191 lr=0.00297944 step=stateful RMSProp step applied
    unit 20/65 rc=384937 chunks=1 trained_queries=13922 trained_events=37200 mean_loss=2.314926 lr=0.00297932 step=stateful RMSProp step applied
    unit 21/65 rc=387825 chunks=1 trained_queries=20966 trained_events=46224 mean_loss=2.282474 lr=0.00297919 step=stateful RMSProp step applied
    unit 22/65 rc=391753 chunks=2 trained_queries=80510 trained_events=178352 mean_loss=2.284996 lr=0.00297907 step=stateful RMSProp step applied
    unit 23/65 rc=407234 chunks=1 trained_queries=2379 trained_events=5104 mean_loss=2.478338 lr=0.00297895 step=stateful RMSProp step applied
    unit 24/65 rc=407680 chunks=1 trained_queries=6700 trained_events=24672 mean_loss=2.141735 lr=0.00297883 step=stateful RMSProp step applied
    unit 25/65 rc=409029 chunks=1 trained_queries=26203 trained_events=59152 mean_loss=2.260103 lr=0.00297871 step=stateful RMSProp step applied
    unit 26/65 rc=414232 chunks=1 trained_queries=20070 trained_events=43728 mean_loss=2.302928 lr=0.00297859 step=stateful RMSProp step applied
    unit 27/65 rc=418109 chunks=1 trained_queries=30344 trained_events=74160 mean_loss=2.147143 lr=0.00297847 step=stateful RMSProp step applied
    unit 28/65 rc=424071 chunks=1 trained_queries=37398 trained_events=78688 mean_loss=2.258884 lr=0.00297834 step=stateful RMSProp step applied
    unit 29/65 rc=431070 chunks=1 trained_queries=9984 trained_events=22352 mean_loss=2.351930 lr=0.00297822 step=stateful RMSProp step applied
    unit 30/65 rc=433017 chunks=1 trained_queries=368 trained_events=3696 mean_loss=1.854652 lr=0.0029781 step=stateful RMSProp step applied
    unit 31/65 rc=433081 chunks=1 trained_queries=31432 trained_events=72896 mean_loss=2.364186 lr=0.00297797 step=stateful RMSProp step applied
    unit 32/65 rc=439253 chunks=1 trained_queries=32416 trained_events=67744 mean_loss=2.323127 lr=0.00297785 step=stateful RMSProp step applied
    unit 33/65 rc=445065 chunks=2 trained_queries=52575 trained_events=104160 mean_loss=2.260420 lr=0.00297773 step=stateful RMSProp step applied
    unit 34/65 rc=454440 chunks=1 trained_queries=18981 trained_events=51680 mean_loss=2.097341 lr=0.0029776 step=stateful RMSProp step applied
    unit 35/65 rc=458387 chunks=1 trained_queries=5199 trained_events=12224 mean_loss=2.190150 lr=0.00297748 step=stateful RMSProp step applied
    unit 36/65 rc=459434 chunks=1 trained_queries=25529 trained_events=53568 mean_loss=2.199461 lr=0.00297735 step=stateful RMSProp step applied
    unit 37/65 rc=464285 chunks=1 trained_queries=944 trained_events=1792 mean_loss=1.965861 lr=0.00297723 step=stateful RMSProp step applied
    unit 38/65 rc=464449 chunks=1 trained_queries=13111 trained_events=27072 mean_loss=2.196232 lr=0.0029771 step=stateful RMSProp step applied
    unit 39/65 rc=466777 chunks=1 trained_queries=1172 trained_events=2576 mean_loss=1.876697 lr=0.00297697 step=stateful RMSProp step applied
    unit 40/65 rc=467002 chunks=10 trained_queries=476268 trained_events=843008 mean_loss=2.416116 lr=0.00297685 step=stateful RMSProp step applied
    unit 41/65 rc=544108 chunks=2 trained_queries=98499 trained_events=172032 mean_loss=2.383770 lr=0.00297672 step=stateful RMSProp step applied
    unit 42/65 rc=559920 chunks=3 trained_queries=136044 trained_events=238517 mean_loss=2.410051 lr=0.00297659 step=stateful RMSProp step applied
    unit 43/65 rc=581652 chunks=6 trained_queries=267495 trained_events=477697 mean_loss=2.363714 lr=0.00297646 step=stateful RMSProp step applied
    unit 44/65 rc=625299 chunks=16 trained_queries=787430 trained_events=1441440 mean_loss=2.379048 lr=0.00297634 step=stateful RMSProp step applied
    unit 45/65 rc=756698 chunks=3 trained_queries=135019 trained_events=240624 mean_loss=2.369949 lr=0.00297621 step=stateful RMSProp step applied
    unit 46/65 rc=778776 chunks=3 trained_queries=120415 trained_events=203264 mean_loss=2.411842 lr=0.00297608 step=stateful RMSProp step applied
    unit 47/65 rc=797238 chunks=9 trained_queries=409632 trained_events=780452 mean_loss=2.319993 lr=0.00297595 step=stateful RMSProp step applied
    unit 48/65 rc=868544 chunks=8 trained_queries=388601 trained_events=691328 mean_loss=2.351832 lr=0.00297582 step=stateful RMSProp step applied
    unit 49/65 rc=931357 chunks=1 trained_queries=5910 trained_events=9744 mean_loss=2.346658 lr=0.00297569 step=stateful RMSProp step applied
    unit 50/65 rc=932241 chunks=2 trained_queries=63481 trained_events=107824 mean_loss=2.351256 lr=0.00297556 step=stateful RMSProp step applied
    unit 51/65 rc=942005 chunks=6 trained_queries=295710 trained_events=510176 mean_loss=2.369417 lr=0.00297543 step=stateful RMSProp step applied
    unit 52/65 rc=988604 chunks=4 trained_queries=190096 trained_events=338304 mean_loss=2.349385 lr=0.0029753 step=stateful RMSProp step applied
    unit 53/65 rc=1019500 chunks=9 trained_queries=413444 trained_events=737802 mean_loss=2.343870 lr=0.00297517 step=stateful RMSProp step applied
    unit 54/65 rc=1087047 chunks=12 trained_queries=553466 trained_events=1002752 mean_loss=2.358895 lr=0.00297504 step=stateful RMSProp step applied
    unit 55/65 rc=1178720 chunks=2 trained_queries=96605 trained_events=164880 mean_loss=2.382048 lr=0.0029749 step=stateful RMSProp step applied
    unit 56/65 rc=1193882 chunks=1 trained_queries=5343 trained_events=9456 mean_loss=2.212742 lr=0.00297477 step=stateful RMSProp step applied
    unit 57/65 rc=1194732 chunks=9 trained_queries=426507 trained_events=745745 mean_loss=2.438287 lr=0.00297464 step=stateful RMSProp step applied
    unit 58/65 rc=1262782 chunks=9 trained_queries=420566 trained_events=755486 mean_loss=2.367094 lr=0.00297451 step=stateful RMSProp step applied
    unit 59/65 rc=1332021 chunks=11 trained_queries=535061 trained_events=1019376 mean_loss=2.329324 lr=0.00297437 step=stateful RMSProp step applied
    unit 60/65 rc=1425400 chunks=5 trained_queries=235017 trained_events=405880 mean_loss=2.375751 lr=0.00297424 step=stateful RMSProp step applied
    unit 61/65 rc=1462524 chunks=2 trained_queries=68054 trained_events=119056 mean_loss=2.230380 lr=0.00297411 step=stateful RMSProp step applied
    unit 62/65 rc=1473469 chunks=3 trained_queries=147152 trained_events=266576 mean_loss=2.301972 lr=0.00297397 step=stateful RMSProp step applied
    unit 63/65 rc=1497733 chunks=1 trained_queries=5204 trained_events=8048 mean_loss=2.364839 lr=0.00297384 step=stateful RMSProp step applied
    unit 64/65 rc=1498502 chunks=4 trained_queries=165699 trained_events=311920 mean_loss=2.347074 lr=0.0029737 step=stateful RMSProp step applied
    unit 65/65 rc=1526829 chunks=1 trained_queries=3594 trained_events=5440 mean_loss=2.215130 lr=0.00297357 step=stateful RMSProp step applied
  train-epoch: epoch 6 summary trained_queries=8880122 trained_events=16953844 mean_loss=2.365997
  train-epoch: epoch 7/100
    unit 1/65 rc=1 chunks=5 trained_queries=235411 trained_events=602672 mean_loss=2.392226 lr=0.00297343 step=stateful RMSProp step applied
    unit 2/65 rc=47811 chunks=25 trained_queries=1209056 trained_events=2588009 mean_loss=2.390499 lr=0.00297329 step=stateful RMSProp step applied
    unit 3/65 rc=282625 chunks=1 trained_queries=17780 trained_events=32192 mean_loss=2.251166 lr=0.00297316 step=stateful RMSProp step applied
    unit 4/65 rc=285382 chunks=1 trained_queries=16 trained_events=16 mean_loss=1.604541 lr=0.00297302 step=stateful RMSProp step applied
    unit 5/65 rc=285383 chunks=1 trained_queries=41 trained_events=48 mean_loss=2.119841 lr=0.00297288 step=stateful RMSProp step applied
    unit 6/65 rc=285388 chunks=2 trained_queries=54875 trained_events=94080 mean_loss=2.611932 lr=0.00297275 step=stateful RMSProp step applied
    unit 7/65 rc=294043 chunks=3 trained_queries=146903 trained_events=301856 mean_loss=2.321840 lr=0.00297261 step=stateful RMSProp step applied
    unit 8/65 rc=321434 chunks=1 trained_queries=19351 trained_events=28624 mean_loss=2.498828 lr=0.00297247 step=stateful RMSProp step applied
    unit 9/65 rc=324057 chunks=1 trained_queries=35110 trained_events=118240 mean_loss=2.251451 lr=0.00297233 step=stateful RMSProp step applied
    unit 10/65 rc=331740 chunks=1 trained_queries=16 trained_events=432 mean_loss=1.351323 lr=0.00297219 step=stateful RMSProp step applied
    unit 11/65 rc=331741 chunks=2 trained_queries=74861 trained_events=154864 mean_loss=2.428303 lr=0.00297206 step=stateful RMSProp step applied
    unit 12/65 rc=345687 chunks=1 trained_queries=30300 trained_events=55216 mean_loss=2.172276 lr=0.00297192 step=stateful RMSProp step applied
    unit 13/65 rc=350763 chunks=1 trained_queries=15923 trained_events=37200 mean_loss=2.297118 lr=0.00297178 step=stateful RMSProp step applied
    unit 14/65 rc=353625 chunks=2 trained_queries=55670 trained_events=115472 mean_loss=2.302733 lr=0.00297164 step=stateful RMSProp step applied
    unit 15/65 rc=364135 chunks=1 trained_queries=19324 trained_events=41184 mean_loss=2.321918 lr=0.0029715 step=stateful RMSProp step applied
    unit 16/65 rc=367786 chunks=1 trained_queries=22956 trained_events=58432 mean_loss=2.274135 lr=0.00297135 step=stateful RMSProp step applied
    unit 17/65 rc=372767 chunks=1 trained_queries=12887 trained_events=31552 mean_loss=2.253208 lr=0.00297121 step=stateful RMSProp step applied
    unit 18/65 rc=375106 chunks=1 trained_queries=37224 trained_events=92032 mean_loss=2.115281 lr=0.00297107 step=stateful RMSProp step applied
    unit 19/65 rc=382687 chunks=1 trained_queries=11903 trained_events=27856 mean_loss=2.361345 lr=0.00297093 step=stateful RMSProp step applied
    unit 20/65 rc=384937 chunks=1 trained_queries=13922 trained_events=37200 mean_loss=2.223713 lr=0.00297079 step=stateful RMSProp step applied
    unit 21/65 rc=387825 chunks=1 trained_queries=20966 trained_events=46224 mean_loss=2.233089 lr=0.00297065 step=stateful RMSProp step applied
    unit 22/65 rc=391753 chunks=2 trained_queries=80510 trained_events=178352 mean_loss=2.247620 lr=0.0029705 step=stateful RMSProp step applied
    unit 23/65 rc=407234 chunks=1 trained_queries=2379 trained_events=5104 mean_loss=2.432491 lr=0.00297036 step=stateful RMSProp step applied
    unit 24/65 rc=407680 chunks=1 trained_queries=6700 trained_events=24672 mean_loss=2.020952 lr=0.00297022 step=stateful RMSProp step applied
    unit 25/65 rc=409029 chunks=1 trained_queries=26203 trained_events=59152 mean_loss=2.207761 lr=0.00297007 step=stateful RMSProp step applied
    unit 26/65 rc=414232 chunks=1 trained_queries=20070 trained_events=43728 mean_loss=2.255134 lr=0.00296993 step=stateful RMSProp step applied
    unit 27/65 rc=418109 chunks=1 trained_queries=30344 trained_events=74160 mean_loss=2.092381 lr=0.00296978 step=stateful RMSProp step applied
    unit 28/65 rc=424071 chunks=1 trained_queries=37398 trained_events=78688 mean_loss=2.217804 lr=0.00296964 step=stateful RMSProp step applied
    unit 29/65 rc=431070 chunks=1 trained_queries=9984 trained_events=22352 mean_loss=2.324460 lr=0.00296949 step=stateful RMSProp step applied
    unit 30/65 rc=433017 chunks=1 trained_queries=368 trained_events=3696 mean_loss=1.562327 lr=0.00296935 step=stateful RMSProp step applied
    unit 31/65 rc=433081 chunks=1 trained_queries=31432 trained_events=72896 mean_loss=2.286466 lr=0.0029692 step=stateful RMSProp step applied
    unit 32/65 rc=439253 chunks=1 trained_queries=32416 trained_events=67744 mean_loss=2.274704 lr=0.00296905 step=stateful RMSProp step applied
    unit 33/65 rc=445065 chunks=2 trained_queries=52575 trained_events=104160 mean_loss=2.218840 lr=0.00296891 step=stateful RMSProp step applied
    unit 34/65 rc=454440 chunks=1 trained_queries=18981 trained_events=51680 mean_loss=2.002483 lr=0.00296876 step=stateful RMSProp step applied
    unit 35/65 rc=458387 chunks=1 trained_queries=5199 trained_events=12224 mean_loss=2.147264 lr=0.00296861 step=stateful RMSProp step applied
    unit 36/65 rc=459434 chunks=1 trained_queries=25529 trained_events=53568 mean_loss=2.165168 lr=0.00296847 step=stateful RMSProp step applied
    unit 37/65 rc=464285 chunks=1 trained_queries=944 trained_events=1792 mean_loss=1.912590 lr=0.00296832 step=stateful RMSProp step applied
    unit 38/65 rc=464449 chunks=1 trained_queries=13111 trained_events=27072 mean_loss=2.157293 lr=0.00296817 step=stateful RMSProp step applied
    unit 39/65 rc=466777 chunks=1 trained_queries=1172 trained_events=2576 mean_loss=1.812423 lr=0.00296802 step=stateful RMSProp step applied
    unit 40/65 rc=467002 chunks=10 trained_queries=476268 trained_events=843008 mean_loss=2.391585 lr=0.00296787 step=stateful RMSProp step applied
    unit 41/65 rc=544108 chunks=2 trained_queries=98499 trained_events=172032 mean_loss=2.355538 lr=0.00296772 step=stateful RMSProp step applied
    unit 42/65 rc=559920 chunks=3 trained_queries=136044 trained_events=238517 mean_loss=2.365059 lr=0.00296757 step=stateful RMSProp step applied
    unit 43/65 rc=581652 chunks=6 trained_queries=267495 trained_events=477697 mean_loss=2.333306 lr=0.00296742 step=stateful RMSProp step applied
    unit 44/65 rc=625299 chunks=16 trained_queries=787430 trained_events=1441440 mean_loss=2.347958 lr=0.00296727 step=stateful RMSProp step applied
    unit 45/65 rc=756698 chunks=3 trained_queries=135019 trained_events=240624 mean_loss=2.342225 lr=0.00296712 step=stateful RMSProp step applied
    unit 46/65 rc=778776 chunks=3 trained_queries=120415 trained_events=203264 mean_loss=2.376933 lr=0.00296697 step=stateful RMSProp step applied
    unit 47/65 rc=797238 chunks=9 trained_queries=409632 trained_events=780452 mean_loss=2.295869 lr=0.00296682 step=stateful RMSProp step applied
    unit 48/65 rc=868544 chunks=8 trained_queries=388601 trained_events=691328 mean_loss=2.327672 lr=0.00296667 step=stateful RMSProp step applied
    unit 49/65 rc=931357 chunks=1 trained_queries=5910 trained_events=9744 mean_loss=2.313496 lr=0.00296651 step=stateful RMSProp step applied
    unit 50/65 rc=932241 chunks=2 trained_queries=63481 trained_events=107824 mean_loss=2.328097 lr=0.00296636 step=stateful RMSProp step applied
    unit 51/65 rc=942005 chunks=6 trained_queries=295710 trained_events=510176 mean_loss=2.339622 lr=0.00296621 step=stateful RMSProp step applied
    unit 52/65 rc=988604 chunks=4 trained_queries=190096 trained_events=338304 mean_loss=2.321371 lr=0.00296606 step=stateful RMSProp step applied
    unit 53/65 rc=1019500 chunks=9 trained_queries=413444 trained_events=737802 mean_loss=2.319408 lr=0.0029659 step=stateful RMSProp step applied
    unit 54/65 rc=1087047 chunks=12 trained_queries=553466 trained_events=1002752 mean_loss=2.329824 lr=0.00296575 step=stateful RMSProp step applied
    unit 55/65 rc=1178720 chunks=2 trained_queries=96605 trained_events=164880 mean_loss=2.351856 lr=0.00296559 step=stateful RMSProp step applied
    unit 56/65 rc=1193882 chunks=1 trained_queries=5343 trained_events=9456 mean_loss=2.162356 lr=0.00296544 step=stateful RMSProp step applied
    unit 57/65 rc=1194732 chunks=9 trained_queries=426507 trained_events=745745 mean_loss=2.402587 lr=0.00296528 step=stateful RMSProp step applied
    unit 58/65 rc=1262782 chunks=9 trained_queries=420566 trained_events=755486 mean_loss=2.341063 lr=0.00296513 step=stateful RMSProp step applied
    unit 59/65 rc=1332021 chunks=11 trained_queries=535061 trained_events=1019376 mean_loss=2.296078 lr=0.00296497 step=stateful RMSProp step applied
    unit 60/65 rc=1425400 chunks=5 trained_queries=235017 trained_events=405880 mean_loss=2.345146 lr=0.00296482 step=stateful RMSProp step applied
    unit 61/65 rc=1462524 chunks=2 trained_queries=68054 trained_events=119056 mean_loss=2.206268 lr=0.00296466 step=stateful RMSProp step applied
    unit 62/65 rc=1473469 chunks=3 trained_queries=147152 trained_events=266576 mean_loss=2.286504 lr=0.0029645 step=stateful RMSProp step applied
    unit 63/65 rc=1497733 chunks=1 trained_queries=5204 trained_events=8048 mean_loss=2.328979 lr=0.00296435 step=stateful RMSProp step applied
    unit 64/65 rc=1498502 chunks=4 trained_queries=165699 trained_events=311920 mean_loss=2.276378 lr=0.00296419 step=stateful RMSProp step applied
    unit 65/65 rc=1526829 chunks=1 trained_queries=3594 trained_events=5440 mean_loss=2.181301 lr=0.00296403 step=stateful RMSProp step applied
  train-epoch: epoch 7 summary trained_queries=8880122 trained_events=16953844 mean_loss=2.337476
  train-epoch: epoch 8/100
    unit 1/65 rc=1 chunks=5 trained_queries=235411 trained_events=602672 mean_loss=2.354977 lr=0.00296388 step=stateful RMSProp step applied
    unit 2/65 rc=47811 chunks=25 trained_queries=1209056 trained_events=2588009 mean_loss=2.371768 lr=0.00296372 step=stateful RMSProp step applied
    unit 3/65 rc=282625 chunks=1 trained_queries=17780 trained_events=32192 mean_loss=2.204084 lr=0.00296356 step=stateful RMSProp step applied
    unit 4/65 rc=285382 chunks=1 trained_queries=16 trained_events=16 mean_loss=1.482321 lr=0.0029634 step=stateful RMSProp step applied
    unit 5/65 rc=285383 chunks=1 trained_queries=41 trained_events=48 mean_loss=2.094609 lr=0.00296324 step=stateful RMSProp step applied
    unit 6/65 rc=285388 chunks=2 trained_queries=54875 trained_events=94080 mean_loss=2.576969 lr=0.00296308 step=stateful RMSProp step applied
    unit 7/65 rc=294043 chunks=3 trained_queries=146903 trained_events=301856 mean_loss=2.311392 lr=0.00296292 step=stateful RMSProp step applied
    unit 8/65 rc=321434 chunks=1 trained_queries=19351 trained_events=28624 mean_loss=2.469194 lr=0.00296276 step=stateful RMSProp step applied
    unit 9/65 rc=324057 chunks=1 trained_queries=35110 trained_events=118240 mean_loss=2.217413 lr=0.0029626 step=stateful RMSProp step applied
    unit 10/65 rc=331740 chunks=1 trained_queries=16 trained_events=432 mean_loss=1.445531 lr=0.00296244 step=stateful RMSProp step applied
    unit 11/65 rc=331741 chunks=2 trained_queries=74861 trained_events=154864 mean_loss=2.360449 lr=0.00296228 step=stateful RMSProp step applied
    unit 12/65 rc=345687 chunks=1 trained_queries=30300 trained_events=55216 mean_loss=2.274273 lr=0.00296211 step=stateful RMSProp step applied
    unit 13/65 rc=350763 chunks=1 trained_queries=15923 trained_events=37200 mean_loss=2.544777 lr=0.00296195 step=stateful RMSProp step applied
    unit 14/65 rc=353625 chunks=2 trained_queries=55670 trained_events=115472 mean_loss=2.358526 lr=0.00296179 step=stateful RMSProp step applied
    unit 15/65 rc=364135 chunks=1 trained_queries=19324 trained_events=41184 mean_loss=2.359994 lr=0.00296163 step=stateful RMSProp step applied
    unit 16/65 rc=367786 chunks=1 trained_queries=22956 trained_events=58432 mean_loss=2.316020 lr=0.00296146 step=stateful RMSProp step applied
    unit 17/65 rc=372767 chunks=1 trained_queries=12887 trained_events=31552 mean_loss=2.355103 lr=0.0029613 step=stateful RMSProp step applied
    unit 18/65 rc=375106 chunks=1 trained_queries=37224 trained_events=92032 mean_loss=2.157692 lr=0.00296114 step=stateful RMSProp step applied
    unit 19/65 rc=382687 chunks=1 trained_queries=11903 trained_events=27856 mean_loss=2.354379 lr=0.00296097 step=stateful RMSProp step applied
    unit 20/65 rc=384937 chunks=1 trained_queries=13922 trained_events=37200 mean_loss=2.248020 lr=0.00296081 step=stateful RMSProp step applied
    unit 21/65 rc=387825 chunks=1 trained_queries=20966 trained_events=46224 mean_loss=2.259743 lr=0.00296064 step=stateful RMSProp step applied
    unit 22/65 rc=391753 chunks=2 trained_queries=80510 trained_events=178352 mean_loss=2.218054 lr=0.00296048 step=stateful RMSProp step applied
    unit 23/65 rc=407234 chunks=1 trained_queries=2379 trained_events=5104 mean_loss=2.420447 lr=0.00296031 step=stateful RMSProp step applied
    unit 24/65 rc=407680 chunks=1 trained_queries=6700 trained_events=24672 mean_loss=2.027941 lr=0.00296015 step=stateful RMSProp step applied
    unit 25/65 rc=409029 chunks=1 trained_queries=26203 trained_events=59152 mean_loss=2.203350 lr=0.00295998 step=stateful RMSProp step applied
    unit 26/65 rc=414232 chunks=1 trained_queries=20070 trained_events=43728 mean_loss=2.259778 lr=0.00295981 step=stateful RMSProp step applied
    unit 27/65 rc=418109 chunks=1 trained_queries=30344 trained_events=74160 mean_loss=2.075768 lr=0.00295965 step=stateful RMSProp step applied
    unit 28/65 rc=424071 chunks=1 trained_queries=37398 trained_events=78688 mean_loss=2.216688 lr=0.00295948 step=stateful RMSProp step applied
    unit 29/65 rc=431070 chunks=1 trained_queries=9984 trained_events=22352 mean_loss=2.316380 lr=0.00295931 step=stateful RMSProp step applied
    unit 30/65 rc=433017 chunks=1 trained_queries=368 trained_events=3696 mean_loss=1.561155 lr=0.00295915 step=stateful RMSProp step applied
    unit 31/65 rc=433081 chunks=1 trained_queries=31432 trained_events=72896 mean_loss=2.250452 lr=0.00295898 step=stateful RMSProp step applied
    unit 32/65 rc=439253 chunks=1 trained_queries=32416 trained_events=67744 mean_loss=2.269338 lr=0.00295881 step=stateful RMSProp step applied
    unit 33/65 rc=445065 chunks=2 trained_queries=52575 trained_events=104160 mean_loss=2.225562 lr=0.00295864 step=stateful RMSProp step applied
    unit 34/65 rc=454440 chunks=1 trained_queries=18981 trained_events=51680 mean_loss=2.003253 lr=0.00295847 step=stateful RMSProp step applied
    unit 35/65 rc=458387 chunks=1 trained_queries=5199 trained_events=12224 mean_loss=2.108782 lr=0.0029583 step=stateful RMSProp step applied
    unit 36/65 rc=459434 chunks=1 trained_queries=25529 trained_events=53568 mean_loss=2.150356 lr=0.00295813 step=stateful RMSProp step applied
    unit 37/65 rc=464285 chunks=1 trained_queries=944 trained_events=1792 mean_loss=1.910768 lr=0.00295796 step=stateful RMSProp step applied
    unit 38/65 rc=464449 chunks=1 trained_queries=13111 trained_events=27072 mean_loss=2.164286 lr=0.00295779 step=stateful RMSProp step applied
    unit 39/65 rc=466777 chunks=1 trained_queries=1172 trained_events=2576 mean_loss=1.863592 lr=0.00295762 step=stateful RMSProp step applied
    unit 40/65 rc=467002 chunks=10 trained_queries=476268 trained_events=843008 mean_loss=2.383894 lr=0.00295745 step=stateful RMSProp step applied
    unit 41/65 rc=544108 chunks=2 trained_queries=98499 trained_events=172032 mean_loss=2.356033 lr=0.00295728 step=stateful RMSProp step applied
    unit 42/65 rc=559920 chunks=3 trained_queries=136044 trained_events=238517 mean_loss=2.365033 lr=0.0029571 step=stateful RMSProp step applied
    unit 43/65 rc=581652 chunks=6 trained_queries=267495 trained_events=477697 mean_loss=2.327209 lr=0.00295693 step=stateful RMSProp step applied
    unit 44/65 rc=625299 chunks=16 trained_queries=787430 trained_events=1441440 mean_loss=2.338700 lr=0.00295676 step=stateful RMSProp step applied
    unit 45/65 rc=756698 chunks=3 trained_queries=135019 trained_events=240624 mean_loss=2.315566 lr=0.00295659 step=stateful RMSProp step applied
    unit 46/65 rc=778776 chunks=3 trained_queries=120415 trained_events=203264 mean_loss=2.363353 lr=0.00295641 step=stateful RMSProp step applied
    unit 47/65 rc=797238 chunks=9 trained_queries=409632 trained_events=780452 mean_loss=2.276723 lr=0.00295624 step=stateful RMSProp step applied
    unit 48/65 rc=868544 chunks=8 trained_queries=388601 trained_events=691328 mean_loss=2.311942 lr=0.00295607 step=stateful RMSProp step applied
    unit 49/65 rc=931357 chunks=1 trained_queries=5910 trained_events=9744 mean_loss=2.297280 lr=0.00295589 step=stateful RMSProp step applied
    unit 50/65 rc=932241 chunks=2 trained_queries=63481 trained_events=107824 mean_loss=2.311254 lr=0.00295572 step=stateful RMSProp step applied
    unit 51/65 rc=942005 chunks=6 trained_queries=295710 trained_events=510176 mean_loss=2.333393 lr=0.00295554 step=stateful RMSProp step applied
    unit 52/65 rc=988604 chunks=4 trained_queries=190096 trained_events=338304 mean_loss=2.314058 lr=0.00295537 step=stateful RMSProp step applied
    unit 53/65 rc=1019500 chunks=9 trained_queries=413444 trained_events=737802 mean_loss=2.311496 lr=0.00295519 step=stateful RMSProp step applied
    unit 54/65 rc=1087047 chunks=12 trained_queries=553466 trained_events=1002752 mean_loss=2.328700 lr=0.00295501 step=stateful RMSProp step applied
    unit 55/65 rc=1178720 chunks=2 trained_queries=96605 trained_events=164880 mean_loss=2.353365 lr=0.00295484 step=stateful RMSProp step applied
    unit 56/65 rc=1193882 chunks=1 trained_queries=5343 trained_events=9456 mean_loss=2.192723 lr=0.00295466 step=stateful RMSProp step applied
    unit 57/65 rc=1194732 chunks=9 trained_queries=426507 trained_events=745745 mean_loss=2.411769 lr=0.00295448 step=stateful RMSProp step applied
    unit 58/65 rc=1262782 chunks=9 trained_queries=420566 trained_events=755486 mean_loss=2.335381 lr=0.00295431 step=stateful RMSProp step applied
    unit 59/65 rc=1332021 chunks=11 trained_queries=535061 trained_events=1019376 mean_loss=2.285759 lr=0.00295413 step=stateful RMSProp step applied
    unit 60/65 rc=1425400 chunks=5 trained_queries=235017 trained_events=405880 mean_loss=2.333567 lr=0.00295395 step=stateful RMSProp step applied
    unit 61/65 rc=1462524 chunks=2 trained_queries=68054 trained_events=119056 mean_loss=2.195342 lr=0.00295377 step=stateful RMSProp step applied
    unit 62/65 rc=1473469 chunks=3 trained_queries=147152 trained_events=266576 mean_loss=2.272020 lr=0.00295359 step=stateful RMSProp step applied
    unit 63/65 rc=1497733 chunks=1 trained_queries=5204 trained_events=8048 mean_loss=2.322464 lr=0.00295341 step=stateful RMSProp step applied
    unit 64/65 rc=1498502 chunks=4 trained_queries=165699 trained_events=311920 mean_loss=2.260897 lr=0.00295323 step=stateful RMSProp step applied
    unit 65/65 rc=1526829 chunks=1 trained_queries=3594 trained_events=5440 mean_loss=2.182915 lr=0.00295305 step=stateful RMSProp step applied
  train-epoch: epoch 8 summary trained_queries=8880122 trained_events=16953844 mean_loss=2.327792
  train-epoch: epoch 9/100
    unit 1/65 rc=1 chunks=5 trained_queries=235411 trained_events=602672 mean_loss=2.395976 lr=0.00295287 step=stateful RMSProp step applied
    unit 2/65 rc=47811 chunks=25 trained_queries=1209056 trained_events=2588009 mean_loss=2.340389 lr=0.00295269 step=stateful RMSProp step applied
    unit 3/65 rc=282625 chunks=1 trained_queries=17780 trained_events=32192 mean_loss=2.219917 lr=0.00295251 step=stateful RMSProp step applied
    unit 4/65 rc=285382 chunks=1 trained_queries=16 trained_events=16 mean_loss=1.488261 lr=0.00295233 step=stateful RMSProp step applied
    unit 5/65 rc=285383 chunks=1 trained_queries=41 trained_events=48 mean_loss=2.300931 lr=0.00295215 step=stateful RMSProp step applied
    unit 6/65 rc=285388 chunks=2 trained_queries=54875 trained_events=94080 mean_loss=2.564872 lr=0.00295197 step=stateful RMSProp step applied
    unit 7/65 rc=294043 chunks=3 trained_queries=146903 trained_events=301856 mean_loss=2.303586 lr=0.00295179 step=stateful RMSProp step applied
    unit 8/65 rc=321434 chunks=1 trained_queries=19351 trained_events=28624 mean_loss=2.483956 lr=0.0029516 step=stateful RMSProp step applied
    unit 9/65 rc=324057 chunks=1 trained_queries=35110 trained_events=118240 mean_loss=2.203832 lr=0.00295142 step=stateful RMSProp step applied
    unit 10/65 rc=331740 chunks=1 trained_queries=16 trained_events=432 mean_loss=1.528420 lr=0.00295124 step=stateful RMSProp step applied
    unit 11/65 rc=331741 chunks=2 trained_queries=74861 trained_events=154864 mean_loss=2.237013 lr=0.00295105 step=stateful RMSProp step applied
    unit 12/65 rc=345687 chunks=1 trained_queries=30300 trained_events=55216 mean_loss=2.178176 lr=0.00295087 step=stateful RMSProp step applied
    unit 13/65 rc=350763 chunks=1 trained_queries=15923 trained_events=37200 mean_loss=2.302524 lr=0.00295069 step=stateful RMSProp step applied
    unit 14/65 rc=353625 chunks=2 trained_queries=55670 trained_events=115472 mean_loss=2.269072 lr=0.0029505 step=stateful RMSProp step applied
    unit 15/65 rc=364135 chunks=1 trained_queries=19324 trained_events=41184 mean_loss=2.299542 lr=0.00295032 step=stateful RMSProp step applied
    unit 16/65 rc=367786 chunks=1 trained_queries=22956 trained_events=58432 mean_loss=2.256028 lr=0.00295013 step=stateful RMSProp step applied
    unit 17/65 rc=372767 chunks=1 trained_queries=12887 trained_events=31552 mean_loss=2.280695 lr=0.00294995 step=stateful RMSProp step applied
    unit 18/65 rc=375106 chunks=1 trained_queries=37224 trained_events=92032 mean_loss=2.079771 lr=0.00294976 step=stateful RMSProp step applied
    unit 19/65 rc=382687 chunks=1 trained_queries=11903 trained_events=27856 mean_loss=2.330637 lr=0.00294957 step=stateful RMSProp step applied
    unit 20/65 rc=384937 chunks=1 trained_queries=13922 trained_events=37200 mean_loss=2.183277 lr=0.00294939 step=stateful RMSProp step applied
    unit 21/65 rc=387825 chunks=1 trained_queries=20966 trained_events=46224 mean_loss=2.219184 lr=0.0029492 step=stateful RMSProp step applied
    unit 22/65 rc=391753 chunks=2 trained_queries=80510 trained_events=178352 mean_loss=2.196903 lr=0.00294901 step=stateful RMSProp step applied
    unit 23/65 rc=407234 chunks=1 trained_queries=2379 trained_events=5104 mean_loss=2.368825 lr=0.00294883 step=stateful RMSProp step applied
    unit 24/65 rc=407680 chunks=1 trained_queries=6700 trained_events=24672 mean_loss=1.910337 lr=0.00294864 step=stateful RMSProp step applied
    unit 25/65 rc=409029 chunks=1 trained_queries=26203 trained_events=59152 mean_loss=2.186385 lr=0.00294845 step=stateful RMSProp step applied
    unit 26/65 rc=414232 chunks=1 trained_queries=20070 trained_events=43728 mean_loss=2.254040 lr=0.00294826 step=stateful RMSProp step applied
    unit 27/65 rc=418109 chunks=1 trained_queries=30344 trained_events=74160 mean_loss=2.056715 lr=0.00294807 step=stateful RMSProp step applied
    unit 28/65 rc=424071 chunks=1 trained_queries=37398 trained_events=78688 mean_loss=2.213208 lr=0.00294788 step=stateful RMSProp step applied
    unit 29/65 rc=431070 chunks=1 trained_queries=9984 trained_events=22352 mean_loss=2.273599 lr=0.00294769 step=stateful RMSProp step applied
    unit 30/65 rc=433017 chunks=1 trained_queries=368 trained_events=3696 mean_loss=1.460176 lr=0.0029475 step=stateful RMSProp step applied
    unit 31/65 rc=433081 chunks=1 trained_queries=31432 trained_events=72896 mean_loss=2.230893 lr=0.00294731 step=stateful RMSProp step applied
    unit 32/65 rc=439253 chunks=1 trained_queries=32416 trained_events=67744 mean_loss=2.263111 lr=0.00294712 step=stateful RMSProp step applied
    unit 33/65 rc=445065 chunks=2 trained_queries=52575 trained_events=104160 mean_loss=2.249328 lr=0.00294693 step=stateful RMSProp step applied
    unit 34/65 rc=454440 chunks=1 trained_queries=18981 trained_events=51680 mean_loss=1.970545 lr=0.00294674 step=stateful RMSProp step applied
    unit 35/65 rc=458387 chunks=1 trained_queries=5199 trained_events=12224 mean_loss=2.074072 lr=0.00294655 step=stateful RMSProp step applied
    unit 36/65 rc=459434 chunks=1 trained_queries=25529 trained_events=53568 mean_loss=2.153457 lr=0.00294636 step=stateful RMSProp step applied
    unit 37/65 rc=464285 chunks=1 trained_queries=944 trained_events=1792 mean_loss=1.892612 lr=0.00294616 step=stateful RMSProp step applied
    unit 38/65 rc=464449 chunks=1 trained_queries=13111 trained_events=27072 mean_loss=2.142486 lr=0.00294597 step=stateful RMSProp step applied
    unit 39/65 rc=466777 chunks=1 trained_queries=1172 trained_events=2576 mean_loss=1.775858 lr=0.00294578 step=stateful RMSProp step applied
    unit 40/65 rc=467002 chunks=10 trained_queries=476268 trained_events=843008 mean_loss=2.362720 lr=0.00294559 step=stateful RMSProp step applied
    unit 41/65 rc=544108 chunks=2 trained_queries=98499 trained_events=172032 mean_loss=2.326949 lr=0.00294539 step=stateful RMSProp step applied
    unit 42/65 rc=559920 chunks=3 trained_queries=136044 trained_events=238517 mean_loss=2.348075 lr=0.0029452 step=stateful RMSProp step applied
    unit 43/65 rc=581652 chunks=6 trained_queries=267495 trained_events=477697 mean_loss=2.312698 lr=0.002945 step=stateful RMSProp step applied
    unit 44/65 rc=625299 chunks=16 trained_queries=787430 trained_events=1441440 mean_loss=2.327142 lr=0.00294481 step=stateful RMSProp step applied
    unit 45/65 rc=756698 chunks=3 trained_queries=135019 trained_events=240624 mean_loss=2.313048 lr=0.00294461 step=stateful RMSProp step applied
    unit 46/65 rc=778776 chunks=3 trained_queries=120415 trained_events=203264 mean_loss=2.358975 lr=0.00294442 step=stateful RMSProp step applied
    unit 47/65 rc=797238 chunks=9 trained_queries=409632 trained_events=780452 mean_loss=2.271014 lr=0.00294422 step=stateful RMSProp step applied
    unit 48/65 rc=868544 chunks=8 trained_queries=388601 trained_events=691328 mean_loss=2.302964 lr=0.00294403 step=stateful RMSProp step applied
    unit 49/65 rc=931357 chunks=1 trained_queries=5910 trained_events=9744 mean_loss=2.273489 lr=0.00294383 step=stateful RMSProp step applied
    unit 50/65 rc=932241 chunks=2 trained_queries=63481 trained_events=107824 mean_loss=2.288198 lr=0.00294363 step=stateful RMSProp step applied
    unit 51/65 rc=942005 chunks=6 trained_queries=295710 trained_events=510176 mean_loss=2.310165 lr=0.00294344 step=stateful RMSProp step applied
    unit 52/65 rc=988604 chunks=4 trained_queries=190096 trained_events=338304 mean_loss=2.305177 lr=0.00294324 step=stateful RMSProp step applied
    unit 53/65 rc=1019500 chunks=9 trained_queries=413444 trained_events=737802 mean_loss=2.303021 lr=0.00294304 step=stateful RMSProp step applied
    unit 54/65 rc=1087047 chunks=12 trained_queries=553466 trained_events=1002752 mean_loss=2.330247 lr=0.00294284 step=stateful RMSProp step applied
    unit 55/65 rc=1178720 chunks=2 trained_queries=96605 trained_events=164880 mean_loss=2.343122 lr=0.00294264 step=stateful RMSProp step applied
    unit 56/65 rc=1193882 chunks=1 trained_queries=5343 trained_events=9456 mean_loss=2.255650 lr=0.00294245 step=stateful RMSProp step applied
    unit 57/65 rc=1194732 chunks=9 trained_queries=426507 trained_events=745745 mean_loss=2.394727 lr=0.00294225 step=stateful RMSProp step applied
    unit 58/65 rc=1262782 chunks=9 trained_queries=420566 trained_events=755486 mean_loss=2.315901 lr=0.00294205 step=stateful RMSProp step applied
    unit 59/65 rc=1332021 chunks=11 trained_queries=535061 trained_events=1019376 mean_loss=2.266996 lr=0.00294185 step=stateful RMSProp step applied
    unit 60/65 rc=1425400 chunks=5 trained_queries=235017 trained_events=405880 mean_loss=2.315028 lr=0.00294165 step=stateful RMSProp step applied
    unit 61/65 rc=1462524 chunks=2 trained_queries=68054 trained_events=119056 mean_loss=2.174796 lr=0.00294145 step=stateful RMSProp step applied
    unit 62/65 rc=1473469 chunks=3 trained_queries=147152 trained_events=266576 mean_loss=2.247679 lr=0.00294125 step=stateful RMSProp step applied
    unit 63/65 rc=1497733 chunks=1 trained_queries=5204 trained_events=8048 mean_loss=2.288750 lr=0.00294105 step=stateful RMSProp step applied
    unit 64/65 rc=1498502 chunks=4 trained_queries=165699 trained_events=311920 mean_loss=2.227295 lr=0.00294084 step=stateful RMSProp step applied
    unit 65/65 rc=1526829 chunks=1 trained_queries=3594 trained_events=5440 mean_loss=2.136242 lr=0.00294064 step=stateful RMSProp step applied
  train-epoch: epoch 9 summary trained_queries=8880122 trained_events=16953844 mean_loss=2.310200
  train-epoch: epoch 10/100
    unit 1/65 rc=1 chunks=5 trained_queries=235411 trained_events=602672 mean_loss=2.345807 lr=0.00294044 step=stateful RMSProp step applied
    unit 2/65 rc=47811 chunks=25 trained_queries=1209056 trained_events=2588009 mean_loss=2.322800 lr=0.00294024 step=stateful RMSProp step applied
    unit 3/65 rc=282625 chunks=1 trained_queries=17780 trained_events=32192 mean_loss=2.186100 lr=0.00294004 step=stateful RMSProp step applied
    unit 4/65 rc=285382 chunks=1 trained_queries=16 trained_events=16 mean_loss=1.364833 lr=0.00293983 step=stateful RMSProp step applied
    unit 5/65 rc=285383 chunks=1 trained_queries=41 trained_events=48 mean_loss=1.979390 lr=0.00293963 step=stateful RMSProp step applied
    unit 6/65 rc=285388 chunks=2 trained_queries=54875 trained_events=94080 mean_loss=2.524895 lr=0.00293942 step=stateful RMSProp step applied
    unit 7/65 rc=294043 chunks=3 trained_queries=146903 trained_events=301856 mean_loss=2.259691 lr=0.00293922 step=stateful RMSProp step applied
    unit 8/65 rc=321434 chunks=1 trained_queries=19351 trained_events=28624 mean_loss=2.428430 lr=0.00293902 step=stateful RMSProp step applied
    unit 9/65 rc=324057 chunks=1 trained_queries=35110 trained_events=118240 mean_loss=2.167865 lr=0.00293881 step=stateful RMSProp step applied
    unit 10/65 rc=331740 chunks=1 trained_queries=16 trained_events=432 mean_loss=1.208078 lr=0.00293861 step=stateful RMSProp step applied
    unit 11/65 rc=331741 chunks=2 trained_queries=74861 trained_events=154864 mean_loss=2.235307 lr=0.0029384 step=stateful RMSProp step applied
    unit 12/65 rc=345687 chunks=1 trained_queries=30300 trained_events=55216 mean_loss=2.193200 lr=0.0029382 step=stateful RMSProp step applied
    unit 13/65 rc=350763 chunks=1 trained_queries=15923 trained_events=37200 mean_loss=2.256286 lr=0.00293799 step=stateful RMSProp step applied
    unit 14/65 rc=353625 chunks=2 trained_queries=55670 trained_events=115472 mean_loss=2.220832 lr=0.00293778 step=stateful RMSProp step applied
    unit 15/65 rc=364135 chunks=1 trained_queries=19324 trained_events=41184 mean_loss=2.269992 lr=0.00293758 step=stateful RMSProp step applied
    unit 16/65 rc=367786 chunks=1 trained_queries=22956 trained_events=58432 mean_loss=2.260535 lr=0.00293737 step=stateful RMSProp step applied
    unit 17/65 rc=372767 chunks=1 trained_queries=12887 trained_events=31552 mean_loss=2.265301 lr=0.00293716 step=stateful RMSProp step applied
    unit 18/65 rc=375106 chunks=1 trained_queries=37224 trained_events=92032 mean_loss=2.061815 lr=0.00293695 step=stateful RMSProp step applied
    unit 19/65 rc=382687 chunks=1 trained_queries=11903 trained_events=27856 mean_loss=2.299256 lr=0.00293675 step=stateful RMSProp step applied
    unit 20/65 rc=384937 chunks=1 trained_queries=13922 trained_events=37200 mean_loss=2.169106 lr=0.00293654 step=stateful RMSProp step applied
    unit 21/65 rc=387825 chunks=1 trained_queries=20966 trained_events=46224 mean_loss=2.175535 lr=0.00293633 step=stateful RMSProp step applied
    unit 22/65 rc=391753 chunks=2 trained_queries=80510 trained_events=178352 mean_loss=2.144425 lr=0.00293612 step=stateful RMSProp step applied
    unit 23/65 rc=407234 chunks=1 trained_queries=2379 trained_events=5104 mean_loss=2.335474 lr=0.00293591 step=stateful RMSProp step applied
    unit 24/65 rc=407680 chunks=1 trained_queries=6700 trained_events=24672 mean_loss=1.887138 lr=0.0029357 step=stateful RMSProp step applied
    unit 25/65 rc=409029 chunks=1 trained_queries=26203 trained_events=59152 mean_loss=2.165305 lr=0.00293549 step=stateful RMSProp step applied
    unit 26/65 rc=414232 chunks=1 trained_queries=20070 trained_events=43728 mean_loss=2.219842 lr=0.00293528 step=stateful RMSProp step applied
    unit 27/65 rc=418109 chunks=1 trained_queries=30344 trained_events=74160 mean_loss=2.036782 lr=0.00293507 step=stateful RMSProp step applied
    unit 28/65 rc=424071 chunks=1 trained_queries=37398 trained_events=78688 mean_loss=2.185450 lr=0.00293486 step=stateful RMSProp step applied
    unit 29/65 rc=431070 chunks=1 trained_queries=9984 trained_events=22352 mean_loss=2.243305 lr=0.00293465 step=stateful RMSProp step applied
    unit 30/65 rc=433017 chunks=1 trained_queries=368 trained_events=3696 mean_loss=1.441884 lr=0.00293443 step=stateful RMSProp step applied
    unit 31/65 rc=433081 chunks=1 trained_queries=31432 trained_events=72896 mean_loss=2.214306 lr=0.00293422 step=stateful RMSProp step applied
    unit 32/65 rc=439253 chunks=1 trained_queries=32416 trained_events=67744 mean_loss=2.229939 lr=0.00293401 step=stateful RMSProp step applied
    unit 33/65 rc=445065 chunks=2 trained_queries=52575 trained_events=104160 mean_loss=2.176125 lr=0.0029338 step=stateful RMSProp step applied
    unit 34/65 rc=454440 chunks=1 trained_queries=18981 trained_events=51680 mean_loss=1.914838 lr=0.00293358 step=stateful RMSProp step applied
    unit 35/65 rc=458387 chunks=1 trained_queries=5199 trained_events=12224 mean_loss=2.032741 lr=0.00293337 step=stateful RMSProp step applied
    unit 36/65 rc=459434 chunks=1 trained_queries=25529 trained_events=53568 mean_loss=2.079295 lr=0.00293316 step=stateful RMSProp step applied
    unit 37/65 rc=464285 chunks=1 trained_queries=944 trained_events=1792 mean_loss=1.829438 lr=0.00293294 step=stateful RMSProp step applied
    unit 38/65 rc=464449 chunks=1 trained_queries=13111 trained_events=27072 mean_loss=2.094045 lr=0.00293273 step=stateful RMSProp step applied
    unit 39/65 rc=466777 chunks=1 trained_queries=1172 trained_events=2576 mean_loss=1.707195 lr=0.00293251 step=stateful RMSProp step applied
    unit 40/65 rc=467002 chunks=10 trained_queries=476268 trained_events=843008 mean_loss=2.334946 lr=0.0029323 step=stateful RMSProp step applied
    unit 41/65 rc=544108 chunks=2 trained_queries=98499 trained_events=172032 mean_loss=2.302311 lr=0.00293208 step=stateful RMSProp step applied
    unit 42/65 rc=559920 chunks=3 trained_queries=136044 trained_events=238517 mean_loss=2.313971 lr=0.00293187 step=stateful RMSProp step applied
    unit 43/65 rc=581652 chunks=6 trained_queries=267495 trained_events=477697 mean_loss=2.278678 lr=0.00293165 step=stateful RMSProp step applied
    unit 44/65 rc=625299 chunks=16 trained_queries=787430 trained_events=1441440 mean_loss=2.291038 lr=0.00293143 step=stateful RMSProp step applied
    unit 45/65 rc=756698 chunks=3 trained_queries=135019 trained_events=240624 mean_loss=2.268390 lr=0.00293122 step=stateful RMSProp step applied
    unit 46/65 rc=778776 chunks=3 trained_queries=120415 trained_events=203264 mean_loss=2.301193 lr=0.002931 step=stateful RMSProp step applied
    unit 47/65 rc=797238 chunks=9 trained_queries=409632 trained_events=780452 mean_loss=2.243094 lr=0.00293078 step=stateful RMSProp step applied
    unit 48/65 rc=868544 chunks=8 trained_queries=388601 trained_events=691328 mean_loss=2.281778 lr=0.00293056 step=stateful RMSProp step applied
    unit 49/65 rc=931357 chunks=1 trained_queries=5910 trained_events=9744 mean_loss=2.239651 lr=0.00293035 step=stateful RMSProp step applied
    unit 50/65 rc=932241 chunks=2 trained_queries=63481 trained_events=107824 mean_loss=2.260864 lr=0.00293013 step=stateful RMSProp step applied
    unit 51/65 rc=942005 chunks=6 trained_queries=295710 trained_events=510176 mean_loss=2.291983 lr=0.00292991 step=stateful RMSProp step applied
    unit 52/65 rc=988604 chunks=4 trained_queries=190096 trained_events=338304 mean_loss=2.271048 lr=0.00292969 step=stateful RMSProp step applied
    unit 53/65 rc=1019500 chunks=9 trained_queries=413444 trained_events=737802 mean_loss=2.277656 lr=0.00292947 step=stateful RMSProp step applied
    unit 54/65 rc=1087047 chunks=12 trained_queries=553466 trained_events=1002752 mean_loss=2.293461 lr=0.00292925 step=stateful RMSProp step applied
    unit 55/65 rc=1178720 chunks=2 trained_queries=96605 trained_events=164880 mean_loss=2.318085 lr=0.00292903 step=stateful RMSProp step applied
    unit 56/65 rc=1193882 chunks=1 trained_queries=5343 trained_events=9456 mean_loss=2.164048 lr=0.00292881 step=stateful RMSProp step applied
    unit 57/65 rc=1194732 chunks=9 trained_queries=426507 trained_events=745745 mean_loss=2.397187 lr=0.00292859 step=stateful RMSProp step applied
    unit 58/65 rc=1262782 chunks=9 trained_queries=420566 trained_events=755486 mean_loss=2.318760 lr=0.00292837 step=stateful RMSProp step applied
    unit 59/65 rc=1332021 chunks=11 trained_queries=535061 trained_events=1019376 mean_loss=2.260260 lr=0.00292814 step=stateful RMSProp step applied
    unit 60/65 rc=1425400 chunks=5 trained_queries=235017 trained_events=405880 mean_loss=2.301069 lr=0.00292792 step=stateful RMSProp step applied
    unit 61/65 rc=1462524 chunks=2 trained_queries=68054 trained_events=119056 mean_loss=2.165820 lr=0.0029277 step=stateful RMSProp step applied
    unit 62/65 rc=1473469 chunks=3 trained_queries=147152 trained_events=266576 mean_loss=2.235884 lr=0.00292748 step=stateful RMSProp step applied
    unit 63/65 rc=1497733 chunks=1 trained_queries=5204 trained_events=8048 mean_loss=2.271084 lr=0.00292726 step=stateful RMSProp step applied
    unit 64/65 rc=1498502 chunks=4 trained_queries=165699 trained_events=311920 mean_loss=2.201040 lr=0.00292703 step=stateful RMSProp step applied
    unit 65/65 rc=1526829 chunks=1 trained_queries=3594 trained_events=5440 mean_loss=2.119641 lr=0.00292681 step=stateful RMSProp step applied
  train-epoch: epoch 10 summary trained_queries=8880122 trained_events=16953844 mean_loss=2.285471
  train-epoch: epoch 11/100
    unit 1/65 rc=1 chunks=5 trained_queries=235411 trained_events=602672 mean_loss=2.301608 lr=0.00292658 step=stateful RMSProp step applied
    unit 2/65 rc=47811 chunks=25 trained_queries=1209056 trained_events=2588009 mean_loss=2.291535 lr=0.00292636 step=stateful RMSProp step applied
    unit 3/65 rc=282625 chunks=1 trained_queries=17780 trained_events=32192 mean_loss=2.155271 lr=0.00292614 step=stateful RMSProp step applied
    unit 4/65 rc=285382 chunks=1 trained_queries=16 trained_events=16 mean_loss=1.227407 lr=0.00292591 step=stateful RMSProp step applied
    unit 5/65 rc=285383 chunks=1 trained_queries=41 trained_events=48 mean_loss=2.008794 lr=0.00292569 step=stateful RMSProp step applied
    unit 6/65 rc=285388 chunks=2 trained_queries=54875 trained_events=94080 mean_loss=2.490214 lr=0.00292546 step=stateful RMSProp step applied
    unit 7/65 rc=294043 chunks=3 trained_queries=146903 trained_events=301856 mean_loss=2.235378 lr=0.00292523 step=stateful RMSProp step applied
    unit 8/65 rc=321434 chunks=1 trained_queries=19351 trained_events=28624 mean_loss=2.406940 lr=0.00292501 step=stateful RMSProp step applied
    unit 9/65 rc=324057 chunks=1 trained_queries=35110 trained_events=118240 mean_loss=2.098555 lr=0.00292478 step=stateful RMSProp step applied
    unit 10/65 rc=331740 chunks=1 trained_queries=16 trained_events=432 mean_loss=1.100705 lr=0.00292455 step=stateful RMSProp step applied
    unit 11/65 rc=331741 chunks=2 trained_queries=74861 trained_events=154864 mean_loss=2.140371 lr=0.00292433 step=stateful RMSProp step applied
    unit 12/65 rc=345687 chunks=1 trained_queries=30300 trained_events=55216 mean_loss=2.109290 lr=0.0029241 step=stateful RMSProp step applied
    unit 13/65 rc=350763 chunks=1 trained_queries=15923 trained_events=37200 mean_loss=2.207270 lr=0.00292387 step=stateful RMSProp step applied
    unit 14/65 rc=353625 chunks=2 trained_queries=55670 trained_events=115472 mean_loss=2.198146 lr=0.00292364 step=stateful RMSProp step applied
    unit 15/65 rc=364135 chunks=1 trained_queries=19324 trained_events=41184 mean_loss=2.239198 lr=0.00292342 step=stateful RMSProp step applied
    unit 16/65 rc=367786 chunks=1 trained_queries=22956 trained_events=58432 mean_loss=2.190564 lr=0.00292319 step=stateful RMSProp step applied
    unit 17/65 rc=372767 chunks=1 trained_queries=12887 trained_events=31552 mean_loss=2.169811 lr=0.00292296 step=stateful RMSProp step applied
    unit 18/65 rc=375106 chunks=1 trained_queries=37224 trained_events=92032 mean_loss=2.023443 lr=0.00292273 step=stateful RMSProp step applied
    unit 19/65 rc=382687 chunks=1 trained_queries=11903 trained_events=27856 mean_loss=2.260815 lr=0.0029225 step=stateful RMSProp step applied
    unit 20/65 rc=384937 chunks=1 trained_queries=13922 trained_events=37200 mean_loss=2.107073 lr=0.00292227 step=stateful RMSProp step applied
    unit 21/65 rc=387825 chunks=1 trained_queries=20966 trained_events=46224 mean_loss=2.143868 lr=0.00292204 step=stateful RMSProp step applied
    unit 22/65 rc=391753 chunks=2 trained_queries=80510 trained_events=178352 mean_loss=2.120651 lr=0.00292181 step=stateful RMSProp step applied
    unit 23/65 rc=407234 chunks=1 trained_queries=2379 trained_events=5104 mean_loss=2.267815 lr=0.00292158 step=stateful RMSProp step applied
    unit 24/65 rc=407680 chunks=1 trained_queries=6700 trained_events=24672 mean_loss=1.811477 lr=0.00292134 step=stateful RMSProp step applied
    unit 25/65 rc=409029 chunks=1 trained_queries=26203 trained_events=59152 mean_loss=2.114931 lr=0.00292111 step=stateful RMSProp step applied
    unit 26/65 rc=414232 chunks=1 trained_queries=20070 trained_events=43728 mean_loss=2.183384 lr=0.00292088 step=stateful RMSProp step applied
    unit 27/65 rc=418109 chunks=1 trained_queries=30344 trained_events=74160 mean_loss=1.997723 lr=0.00292065 step=stateful RMSProp step applied
    unit 28/65 rc=424071 chunks=1 trained_queries=37398 trained_events=78688 mean_loss=2.163559 lr=0.00292041 step=stateful RMSProp step applied
    unit 29/65 rc=431070 chunks=1 trained_queries=9984 trained_events=22352 mean_loss=2.208772 lr=0.00292018 step=stateful RMSProp step applied
    unit 30/65 rc=433017 chunks=1 trained_queries=368 trained_events=3696 mean_loss=1.220962 lr=0.00291995 step=stateful RMSProp step applied
    unit 31/65 rc=433081 chunks=1 trained_queries=31432 trained_events=72896 mean_loss=2.191853 lr=0.00291971 step=stateful RMSProp step applied
    unit 32/65 rc=439253 chunks=1 trained_queries=32416 trained_events=67744 mean_loss=2.221927 lr=0.00291948 step=stateful RMSProp step applied
    unit 33/65 rc=445065 chunks=2 trained_queries=52575 trained_events=104160 mean_loss=2.141506 lr=0.00291925 step=stateful RMSProp step applied
    unit 34/65 rc=454440 chunks=1 trained_queries=18981 trained_events=51680 mean_loss=1.906566 lr=0.00291901 step=stateful RMSProp step applied
    unit 35/65 rc=458387 chunks=1 trained_queries=5199 trained_events=12224 mean_loss=2.054700 lr=0.00291878 step=stateful RMSProp step applied
    unit 36/65 rc=459434 chunks=1 trained_queries=25529 trained_events=53568 mean_loss=2.051918 lr=0.00291854 step=stateful RMSProp step applied
    unit 37/65 rc=464285 chunks=1 trained_queries=944 trained_events=1792 mean_loss=1.788318 lr=0.0029183 step=stateful RMSProp step applied
    unit 38/65 rc=464449 chunks=1 trained_queries=13111 trained_events=27072 mean_loss=2.061288 lr=0.00291807 step=stateful RMSProp step applied
    unit 39/65 rc=466777 chunks=1 trained_queries=1172 trained_events=2576 mean_loss=1.666355 lr=0.00291783 step=stateful RMSProp step applied
    unit 40/65 rc=467002 chunks=10 trained_queries=476268 trained_events=843008 mean_loss=2.314442 lr=0.00291759 step=stateful RMSProp step applied
    unit 41/65 rc=544108 chunks=2 trained_queries=98499 trained_events=172032 mean_loss=2.283388 lr=0.00291736 step=stateful RMSProp step applied
    unit 42/65 rc=559920 chunks=3 trained_queries=136044 trained_events=238517 mean_loss=2.293289 lr=0.00291712 step=stateful RMSProp step applied
    unit 43/65 rc=581652 chunks=6 trained_queries=267495 trained_events=477697 mean_loss=2.260636 lr=0.00291688 step=stateful RMSProp step applied
    unit 44/65 rc=625299 chunks=16 trained_queries=787430 trained_events=1441440 mean_loss=2.282223 lr=0.00291664 step=stateful RMSProp step applied
    unit 45/65 rc=756698 chunks=3 trained_queries=135019 trained_events=240624 mean_loss=2.268557 lr=0.00291641 step=stateful RMSProp step applied
    unit 46/65 rc=778776 chunks=3 trained_queries=120415 trained_events=203264 mean_loss=2.310441 lr=0.00291617 step=stateful RMSProp step applied
    unit 47/65 rc=797238 chunks=9 trained_queries=409632 trained_events=780452 mean_loss=2.230736 lr=0.00291593 step=stateful RMSProp step applied
    unit 48/65 rc=868544 chunks=8 trained_queries=388601 trained_events=691328 mean_loss=2.262094 lr=0.00291569 step=stateful RMSProp step applied
    unit 49/65 rc=931357 chunks=1 trained_queries=5910 trained_events=9744 mean_loss=2.212731 lr=0.00291545 step=stateful RMSProp step applied
    unit 50/65 rc=932241 chunks=2 trained_queries=63481 trained_events=107824 mean_loss=2.231460 lr=0.00291521 step=stateful RMSProp step applied
    unit 51/65 rc=942005 chunks=6 trained_queries=295710 trained_events=510176 mean_loss=2.274470 lr=0.00291497 step=stateful RMSProp step applied
    unit 52/65 rc=988604 chunks=4 trained_queries=190096 trained_events=338304 mean_loss=2.270219 lr=0.00291473 step=stateful RMSProp step applied
    unit 53/65 rc=1019500 chunks=9 trained_queries=413444 trained_events=737802 mean_loss=2.264131 lr=0.00291449 step=stateful RMSProp step applied
    unit 54/65 rc=1087047 chunks=12 trained_queries=553466 trained_events=1002752 mean_loss=2.297448 lr=0.00291424 step=stateful RMSProp step applied
    unit 55/65 rc=1178720 chunks=2 trained_queries=96605 trained_events=164880 mean_loss=2.298445 lr=0.002914 step=stateful RMSProp step applied
    unit 56/65 rc=1193882 chunks=1 trained_queries=5343 trained_events=9456 mean_loss=2.105069 lr=0.00291376 step=stateful RMSProp step applied
    unit 57/65 rc=1194732 chunks=9 trained_queries=426507 trained_events=745745 mean_loss=2.319369 lr=0.00291352 step=stateful RMSProp step applied
    unit 58/65 rc=1262782 chunks=9 trained_queries=420566 trained_events=755486 mean_loss=2.261601 lr=0.00291328 step=stateful RMSProp step applied
    unit 59/65 rc=1332021 chunks=11 trained_queries=535061 trained_events=1019376 mean_loss=2.223741 lr=0.00291303 step=stateful RMSProp step applied
    unit 60/65 rc=1425400 chunks=5 trained_queries=235017 trained_events=405880 mean_loss=2.276271 lr=0.00291279 step=stateful RMSProp step applied
    unit 61/65 rc=1462524 chunks=2 trained_queries=68054 trained_events=119056 mean_loss=2.138484 lr=0.00291254 step=stateful RMSProp step applied
    unit 62/65 rc=1473469 chunks=3 trained_queries=147152 trained_events=266576 mean_loss=2.198765 lr=0.0029123 step=stateful RMSProp step applied
    unit 63/65 rc=1497733 chunks=1 trained_queries=5204 trained_events=8048 mean_loss=2.264250 lr=0.00291206 step=stateful RMSProp step applied
    unit 64/65 rc=1498502 chunks=4 trained_queries=165699 trained_events=311920 mean_loss=2.203355 lr=0.00291181 step=stateful RMSProp step applied
    unit 65/65 rc=1526829 chunks=1 trained_queries=3594 trained_events=5440 mean_loss=2.092317 lr=0.00291157 step=stateful RMSProp step applied
  train-epoch: epoch 11 summary trained_queries=8880122 trained_events=16953844 mean_loss=2.259168
  train-epoch: epoch 12/100
    unit 1/65 rc=1 chunks=5 trained_queries=235411 trained_events=602672 mean_loss=2.254462 lr=0.00291132 step=stateful RMSProp step applied
    unit 2/65 rc=47811 chunks=25 trained_queries=1209056 trained_events=2588009 mean_loss=2.279478 lr=0.00291108 step=stateful RMSProp step applied
    unit 3/65 rc=282625 chunks=1 trained_queries=17780 trained_events=32192 mean_loss=2.125282 lr=0.00291083 step=stateful RMSProp step applied
    unit 4/65 rc=285382 chunks=1 trained_queries=16 trained_events=16 mean_loss=1.097012 lr=0.00291058 step=stateful RMSProp step applied
    unit 5/65 rc=285383 chunks=1 trained_queries=41 trained_events=48 mean_loss=1.946988 lr=0.00291034 step=stateful RMSProp step applied
    unit 6/65 rc=285388 chunks=2 trained_queries=54875 trained_events=94080 mean_loss=2.457410 lr=0.00291009 step=stateful RMSProp step applied
    unit 7/65 rc=294043 chunks=3 trained_queries=146903 trained_events=301856 mean_loss=2.189668 lr=0.00290984 step=stateful RMSProp step applied
    unit 8/65 rc=321434 chunks=1 trained_queries=19351 trained_events=28624 mean_loss=2.381587 lr=0.00290959 step=stateful RMSProp step applied
    unit 9/65 rc=324057 chunks=1 trained_queries=35110 trained_events=118240 mean_loss=2.060468 lr=0.00290935 step=stateful RMSProp step applied
    unit 10/65 rc=331740 chunks=1 trained_queries=16 trained_events=432 mean_loss=0.919651 lr=0.0029091 step=stateful RMSProp step applied
    unit 11/65 rc=331741 chunks=2 trained_queries=74861 trained_events=154864 mean_loss=2.185964 lr=0.00290885 step=stateful RMSProp step applied
    unit 12/65 rc=345687 chunks=1 trained_queries=30300 trained_events=55216 mean_loss=2.125569 lr=0.0029086 step=stateful RMSProp step applied
    unit 13/65 rc=350763 chunks=1 trained_queries=15923 trained_events=37200 mean_loss=2.209344 lr=0.00290835 step=stateful RMSProp step applied
    unit 14/65 rc=353625 chunks=2 trained_queries=55670 trained_events=115472 mean_loss=2.180579 lr=0.0029081 step=stateful RMSProp step applied
    unit 15/65 rc=364135 chunks=1 trained_queries=19324 trained_events=41184 mean_loss=2.195368 lr=0.00290785 step=stateful RMSProp step applied
    unit 16/65 rc=367786 chunks=1 trained_queries=22956 trained_events=58432 mean_loss=2.154212 lr=0.0029076 step=stateful RMSProp step applied
    unit 17/65 rc=372767 chunks=1 trained_queries=12887 trained_events=31552 mean_loss=2.136345 lr=0.00290735 step=stateful RMSProp step applied
    unit 18/65 rc=375106 chunks=1 trained_queries=37224 trained_events=92032 mean_loss=1.990695 lr=0.0029071 step=stateful RMSProp step applied
    unit 19/65 rc=382687 chunks=1 trained_queries=11903 trained_events=27856 mean_loss=2.254818 lr=0.00290685 step=stateful RMSProp step applied
    unit 20/65 rc=384937 chunks=1 trained_queries=13922 trained_events=37200 mean_loss=2.113472 lr=0.0029066 step=stateful RMSProp step applied
    unit 21/65 rc=387825 chunks=1 trained_queries=20966 trained_events=46224 mean_loss=2.147334 lr=0.00290634 step=stateful RMSProp step applied
    unit 22/65 rc=391753 chunks=2 trained_queries=80510 trained_events=178352 mean_loss=2.107091 lr=0.00290609 step=stateful RMSProp step applied
    unit 23/65 rc=407234 chunks=1 trained_queries=2379 trained_events=5104 mean_loss=2.220707 lr=0.00290584 step=stateful RMSProp step applied
    unit 24/65 rc=407680 chunks=1 trained_queries=6700 trained_events=24672 mean_loss=1.862238 lr=0.00290559 step=stateful RMSProp step applied
    unit 25/65 rc=409029 chunks=1 trained_queries=26203 trained_events=59152 mean_loss=2.134129 lr=0.00290533 step=stateful RMSProp step applied
    unit 26/65 rc=414232 chunks=1 trained_queries=20070 trained_events=43728 mean_loss=2.189364 lr=0.00290508 step=stateful RMSProp step applied
    unit 27/65 rc=418109 chunks=1 trained_queries=30344 trained_events=74160 mean_loss=1.970950 lr=0.00290482 step=stateful RMSProp step applied
    unit 28/65 rc=424071 chunks=1 trained_queries=37398 trained_events=78688 mean_loss=2.160145 lr=0.00290457 step=stateful RMSProp step applied
    unit 29/65 rc=431070 chunks=1 trained_queries=9984 trained_events=22352 mean_loss=2.218142 lr=0.00290432 step=stateful RMSProp step applied
    unit 30/65 rc=433017 chunks=1 trained_queries=368 trained_events=3696 mean_loss=1.207610 lr=0.00290406 step=stateful RMSProp step applied
    unit 31/65 rc=433081 chunks=1 trained_queries=31432 trained_events=72896 mean_loss=2.169420 lr=0.00290381 step=stateful RMSProp step applied
    unit 32/65 rc=439253 chunks=1 trained_queries=32416 trained_events=67744 mean_loss=2.179493 lr=0.00290355 step=stateful RMSProp step applied
    unit 33/65 rc=445065 chunks=2 trained_queries=52575 trained_events=104160 mean_loss=2.119384 lr=0.00290329 step=stateful RMSProp step applied
    unit 34/65 rc=454440 chunks=1 trained_queries=18981 trained_events=51680 mean_loss=1.889983 lr=0.00290304 step=stateful RMSProp step applied
    unit 35/65 rc=458387 chunks=1 trained_queries=5199 trained_events=12224 mean_loss=1.998614 lr=0.00290278 step=stateful RMSProp step applied
    unit 36/65 rc=459434 chunks=1 trained_queries=25529 trained_events=53568 mean_loss=2.023639 lr=0.00290252 step=stateful RMSProp step applied
    unit 37/65 rc=464285 chunks=1 trained_queries=944 trained_events=1792 mean_loss=1.790619 lr=0.00290227 step=stateful RMSProp step applied
    unit 38/65 rc=464449 chunks=1 trained_queries=13111 trained_events=27072 mean_loss=2.035530 lr=0.00290201 step=stateful RMSProp step applied
    unit 39/65 rc=466777 chunks=1 trained_queries=1172 trained_events=2576 mean_loss=1.641376 lr=0.00290175 step=stateful RMSProp step applied
    unit 40/65 rc=467002 chunks=10 trained_queries=476268 trained_events=843008 mean_loss=2.298612 lr=0.00290149 step=stateful RMSProp step applied
    unit 41/65 rc=544108 chunks=2 trained_queries=98499 trained_events=172032 mean_loss=2.269426 lr=0.00290123 step=stateful RMSProp step applied
    unit 42/65 rc=559920 chunks=3 trained_queries=136044 trained_events=238517 mean_loss=2.278240 lr=0.00290098 step=stateful RMSProp step applied
    unit 43/65 rc=581652 chunks=6 trained_queries=267495 trained_events=477697 mean_loss=2.236738 lr=0.00290072 step=stateful RMSProp step applied
    unit 44/65 rc=625299 chunks=16 trained_queries=787430 trained_events=1441440 mean_loss=2.255433 lr=0.00290046 step=stateful RMSProp step applied
    unit 45/65 rc=756698 chunks=3 trained_queries=135019 trained_events=240624 mean_loss=2.236661 lr=0.0029002 step=stateful RMSProp step applied
    unit 46/65 rc=778776 chunks=3 trained_queries=120415 trained_events=203264 mean_loss=2.264246 lr=0.00289994 step=stateful RMSProp step applied
    unit 47/65 rc=797238 chunks=9 trained_queries=409632 trained_events=780452 mean_loss=2.203335 lr=0.00289968 step=stateful RMSProp step applied
    unit 48/65 rc=868544 chunks=8 trained_queries=388601 trained_events=691328 mean_loss=2.237428 lr=0.00289942 step=stateful RMSProp step applied
    unit 49/65 rc=931357 chunks=1 trained_queries=5910 trained_events=9744 mean_loss=2.178805 lr=0.00289915 step=stateful RMSProp step applied
    unit 50/65 rc=932241 chunks=2 trained_queries=63481 trained_events=107824 mean_loss=2.193309 lr=0.00289889 step=stateful RMSProp step applied
    unit 51/65 rc=942005 chunks=6 trained_queries=295710 trained_events=510176 mean_loss=2.249128 lr=0.00289863 step=stateful RMSProp step applied
    unit 52/65 rc=988604 chunks=4 trained_queries=190096 trained_events=338304 mean_loss=2.240265 lr=0.00289837 step=stateful RMSProp step applied
    unit 53/65 rc=1019500 chunks=9 trained_queries=413444 trained_events=737802 mean_loss=2.244184 lr=0.00289811 step=stateful RMSProp step applied
    unit 54/65 rc=1087047 chunks=12 trained_queries=553466 trained_events=1002752 mean_loss=2.269800 lr=0.00289784 step=stateful RMSProp step applied
    unit 55/65 rc=1178720 chunks=2 trained_queries=96605 trained_events=164880 mean_loss=2.277733 lr=0.00289758 step=stateful RMSProp step applied
    unit 56/65 rc=1193882 chunks=1 trained_queries=5343 trained_events=9456 mean_loss=2.083132 lr=0.00289732 step=stateful RMSProp step applied
    unit 57/65 rc=1194732 chunks=9 trained_queries=426507 trained_events=745745 mean_loss=2.305407 lr=0.00289705 step=stateful RMSProp step applied
    unit 58/65 rc=1262782 chunks=9 trained_queries=420566 trained_events=755486 mean_loss=2.245202 lr=0.00289679 step=stateful RMSProp step applied
    unit 59/65 rc=1332021 chunks=11 trained_queries=535061 trained_events=1019376 mean_loss=2.209085 lr=0.00289652 step=stateful RMSProp step applied
    unit 60/65 rc=1425400 chunks=5 trained_queries=235017 trained_events=405880 mean_loss=2.265667 lr=0.00289626 step=stateful RMSProp step applied
    unit 61/65 rc=1462524 chunks=2 trained_queries=68054 trained_events=119056 mean_loss=2.137513 lr=0.002896 step=stateful RMSProp step applied
    unit 62/65 rc=1473469 chunks=3 trained_queries=147152 trained_events=266576 mean_loss=2.185200 lr=0.00289573 step=stateful RMSProp step applied
    unit 63/65 rc=1497733 chunks=1 trained_queries=5204 trained_events=8048 mean_loss=2.257281 lr=0.00289546 step=stateful RMSProp step applied
    unit 64/65 rc=1498502 chunks=4 trained_queries=165699 trained_events=311920 mean_loss=2.180175 lr=0.0028952 step=stateful RMSProp step applied
    unit 65/65 rc=1526829 chunks=1 trained_queries=3594 trained_events=5440 mean_loss=2.064472 lr=0.00289493 step=stateful RMSProp step applied
  train-epoch: epoch 12 summary trained_queries=8880122 trained_events=16953844 mean_loss=2.238587
  train-epoch: epoch 13/100
    unit 1/65 rc=1 chunks=5 trained_queries=235411 trained_events=602672 mean_loss=2.235963 lr=0.00289466 step=stateful RMSProp step applied
    unit 2/65 rc=47811 chunks=25 trained_queries=1209056 trained_events=2588009 mean_loss=2.251030 lr=0.0028944 step=stateful RMSProp step applied
    unit 3/65 rc=282625 chunks=1 trained_queries=17780 trained_events=32192 mean_loss=2.112028 lr=0.00289413 step=stateful RMSProp step applied
    unit 4/65 rc=285382 chunks=1 trained_queries=16 trained_events=16 mean_loss=1.065740 lr=0.00289386 step=stateful RMSProp step applied
    unit 5/65 rc=285383 chunks=1 trained_queries=41 trained_events=48 mean_loss=1.822425 lr=0.00289359 step=stateful RMSProp step applied
    unit 6/65 rc=285388 chunks=2 trained_queries=54875 trained_events=94080 mean_loss=2.494508 lr=0.00289333 step=stateful RMSProp step applied
    unit 7/65 rc=294043 chunks=3 trained_queries=146903 trained_events=301856 mean_loss=2.232193 lr=0.00289306 step=stateful RMSProp step applied
    unit 8/65 rc=321434 chunks=1 trained_queries=19351 trained_events=28624 mean_loss=2.385890 lr=0.00289279 step=stateful RMSProp step applied
    unit 9/65 rc=324057 chunks=1 trained_queries=35110 trained_events=118240 mean_loss=2.111254 lr=0.00289252 step=stateful RMSProp step applied
    unit 10/65 rc=331740 chunks=1 trained_queries=16 trained_events=432 mean_loss=0.710901 lr=0.00289225 step=stateful RMSProp step applied
    unit 11/65 rc=331741 chunks=2 trained_queries=74861 trained_events=154864 mean_loss=2.177299 lr=0.00289198 step=stateful RMSProp step applied
    unit 12/65 rc=345687 chunks=1 trained_queries=30300 trained_events=55216 mean_loss=2.129392 lr=0.00289171 step=stateful RMSProp step applied
    unit 13/65 rc=350763 chunks=1 trained_queries=15923 trained_events=37200 mean_loss=2.179249 lr=0.00289144 step=stateful RMSProp step applied
    unit 14/65 rc=353625 chunks=2 trained_queries=55670 trained_events=115472 mean_loss=2.192563 lr=0.00289117 step=stateful RMSProp step applied
    unit 15/65 rc=364135 chunks=1 trained_queries=19324 trained_events=41184 mean_loss=2.200044 lr=0.0028909 step=stateful RMSProp step applied
    unit 16/65 rc=367786 chunks=1 trained_queries=22956 trained_events=58432 mean_loss=2.138359 lr=0.00289062 step=stateful RMSProp step applied
    unit 17/65 rc=372767 chunks=1 trained_queries=12887 trained_events=31552 mean_loss=2.111432 lr=0.00289035 step=stateful RMSProp step applied
    unit 18/65 rc=375106 chunks=1 trained_queries=37224 trained_events=92032 mean_loss=1.984380 lr=0.00289008 step=stateful RMSProp step applied
    unit 19/65 rc=382687 chunks=1 trained_queries=11903 trained_events=27856 mean_loss=2.222724 lr=0.00288981 step=stateful RMSProp step applied
    unit 20/65 rc=384937 chunks=1 trained_queries=13922 trained_events=37200 mean_loss=2.148626 lr=0.00288954 step=stateful RMSProp step applied
    unit 21/65 rc=387825 chunks=1 trained_queries=20966 trained_events=46224 mean_loss=2.165731 lr=0.00288926 step=stateful RMSProp step applied
    unit 22/65 rc=391753 chunks=2 trained_queries=80510 trained_events=178352 mean_loss=2.145762 lr=0.00288899 step=stateful RMSProp step applied
    unit 23/65 rc=407234 chunks=1 trained_queries=2379 trained_events=5104 mean_loss=2.188987 lr=0.00288871 step=stateful RMSProp step applied
    unit 24/65 rc=407680 chunks=1 trained_queries=6700 trained_events=24672 mean_loss=1.847510 lr=0.00288844 step=stateful RMSProp step applied
    unit 25/65 rc=409029 chunks=1 trained_queries=26203 trained_events=59152 mean_loss=2.124538 lr=0.00288817 step=stateful RMSProp step applied
    unit 26/65 rc=414232 chunks=1 trained_queries=20070 trained_events=43728 mean_loss=2.157570 lr=0.00288789 step=stateful RMSProp step applied
    unit 27/65 rc=418109 chunks=1 trained_queries=30344 trained_events=74160 mean_loss=1.945000 lr=0.00288762 step=stateful RMSProp step applied
    unit 28/65 rc=424071 chunks=1 trained_queries=37398 trained_events=78688 mean_loss=2.142352 lr=0.00288734 step=stateful RMSProp step applied
    unit 29/65 rc=431070 chunks=1 trained_queries=9984 trained_events=22352 mean_loss=2.192715 lr=0.00288706 step=stateful RMSProp step applied
    unit 30/65 rc=433017 chunks=1 trained_queries=368 trained_events=3696 mean_loss=1.144566 lr=0.00288679 step=stateful RMSProp step applied
    unit 31/65 rc=433081 chunks=1 trained_queries=31432 trained_events=72896 mean_loss=2.152424 lr=0.00288651 step=stateful RMSProp step applied
    unit 32/65 rc=439253 chunks=1 trained_queries=32416 trained_events=67744 mean_loss=2.173966 lr=0.00288624 step=stateful RMSProp step applied
    unit 33/65 rc=445065 chunks=2 trained_queries=52575 trained_events=104160 mean_loss=2.116488 lr=0.00288596 step=stateful RMSProp step applied
    unit 34/65 rc=454440 chunks=1 trained_queries=18981 trained_events=51680 mean_loss=1.863532 lr=0.00288568 step=stateful RMSProp step applied
    unit 35/65 rc=458387 chunks=1 trained_queries=5199 trained_events=12224 mean_loss=1.942615 lr=0.0028854 step=stateful RMSProp step applied
    unit 36/65 rc=459434 chunks=1 trained_queries=25529 trained_events=53568 mean_loss=2.026182 lr=0.00288512 step=stateful RMSProp step applied
    unit 37/65 rc=464285 chunks=1 trained_queries=944 trained_events=1792 mean_loss=1.767227 lr=0.00288485 step=stateful RMSProp step applied
    unit 38/65 rc=464449 chunks=1 trained_queries=13111 trained_events=27072 mean_loss=2.032904 lr=0.00288457 step=stateful RMSProp step applied
    unit 39/65 rc=466777 chunks=1 trained_queries=1172 trained_events=2576 mean_loss=1.585270 lr=0.00288429 step=stateful RMSProp step applied
    unit 40/65 rc=467002 chunks=10 trained_queries=476268 trained_events=843008 mean_loss=2.313364 lr=0.00288401 step=stateful RMSProp step applied
    unit 41/65 rc=544108 chunks=2 trained_queries=98499 trained_events=172032 mean_loss=2.283837 lr=0.00288373 step=stateful RMSProp step applied
    unit 42/65 rc=559920 chunks=3 trained_queries=136044 trained_events=238517 mean_loss=2.289058 lr=0.00288345 step=stateful RMSProp step applied
    unit 43/65 rc=581652 chunks=6 trained_queries=267495 trained_events=477697 mean_loss=2.249202 lr=0.00288317 step=stateful RMSProp step applied
    unit 44/65 rc=625299 chunks=16 trained_queries=787430 trained_events=1441440 mean_loss=2.261124 lr=0.00288289 step=stateful RMSProp step applied
    unit 45/65 rc=756698 chunks=3 trained_queries=135019 trained_events=240624 mean_loss=2.233227 lr=0.00288261 step=stateful RMSProp step applied
    unit 46/65 rc=778776 chunks=3 trained_queries=120415 trained_events=203264 mean_loss=2.267466 lr=0.00288233 step=stateful RMSProp step applied
    unit 47/65 rc=797238 chunks=9 trained_queries=409632 trained_events=780452 mean_loss=2.211246 lr=0.00288204 step=stateful RMSProp step applied
    unit 48/65 rc=868544 chunks=8 trained_queries=388601 trained_events=691328 mean_loss=2.234495 lr=0.00288176 step=stateful RMSProp step applied
    unit 49/65 rc=931357 chunks=1 trained_queries=5910 trained_events=9744 mean_loss=2.162091 lr=0.00288148 step=stateful RMSProp step applied
    unit 50/65 rc=932241 chunks=2 trained_queries=63481 trained_events=107824 mean_loss=2.184323 lr=0.0028812 step=stateful RMSProp step applied
    unit 51/65 rc=942005 chunks=6 trained_queries=295710 trained_events=510176 mean_loss=2.252106 lr=0.00288091 step=stateful RMSProp step applied
    unit 52/65 rc=988604 chunks=4 trained_queries=190096 trained_events=338304 mean_loss=2.238842 lr=0.00288063 step=stateful RMSProp step applied
    unit 53/65 rc=1019500 chunks=9 trained_queries=413444 trained_events=737802 mean_loss=2.245540 lr=0.00288035 step=stateful RMSProp step applied
    unit 54/65 rc=1087047 chunks=12 trained_queries=553466 trained_events=1002752 mean_loss=2.263538 lr=0.00288006 step=stateful RMSProp step applied
    unit 55/65 rc=1178720 chunks=2 trained_queries=96605 trained_events=164880 mean_loss=2.258562 lr=0.00287978 step=stateful RMSProp step applied
    unit 56/65 rc=1193882 chunks=1 trained_queries=5343 trained_events=9456 mean_loss=2.091106 lr=0.0028795 step=stateful RMSProp step applied
    unit 57/65 rc=1194732 chunks=9 trained_queries=426507 trained_events=745745 mean_loss=2.308805 lr=0.00287921 step=stateful RMSProp step applied
    unit 58/65 rc=1262782 chunks=9 trained_queries=420566 trained_events=755486 mean_loss=2.258224 lr=0.00287893 step=stateful RMSProp step applied
    unit 59/65 rc=1332021 chunks=11 trained_queries=535061 trained_events=1019376 mean_loss=2.207607 lr=0.00287864 step=stateful RMSProp step applied
    unit 60/65 rc=1425400 chunks=5 trained_queries=235017 trained_events=405880 mean_loss=2.234957 lr=0.00287835 step=stateful RMSProp step applied
    unit 61/65 rc=1462524 chunks=2 trained_queries=68054 trained_events=119056 mean_loss=2.122000 lr=0.00287807 step=stateful RMSProp step applied
    unit 62/65 rc=1473469 chunks=3 trained_queries=147152 trained_events=266576 mean_loss=2.182041 lr=0.00287778 step=stateful RMSProp step applied
    unit 63/65 rc=1497733 chunks=1 trained_queries=5204 trained_events=8048 mean_loss=2.232430 lr=0.00287749 step=stateful RMSProp step applied
    unit 64/65 rc=1498502 chunks=4 trained_queries=165699 trained_events=311920 mean_loss=2.173611 lr=0.00287721 step=stateful RMSProp step applied
    unit 65/65 rc=1526829 chunks=1 trained_queries=3594 trained_events=5440 mean_loss=2.051449 lr=0.00287692 step=stateful RMSProp step applied
  train-epoch: epoch 13 summary trained_queries=8880122 trained_events=16953844 mean_loss=2.235769
  train-epoch: epoch 14/100
    unit 1/65 rc=1 chunks=5 trained_queries=235411 trained_events=602672 mean_loss=2.220679 lr=0.00287663 step=stateful RMSProp step applied
    unit 2/65 rc=47811 chunks=25 trained_queries=1209056 trained_events=2588009 mean_loss=2.239330 lr=0.00287634 step=stateful RMSProp step applied
    unit 3/65 rc=282625 chunks=1 trained_queries=17780 trained_events=32192 mean_loss=2.091073 lr=0.00287606 step=stateful RMSProp step applied
    unit 4/65 rc=285382 chunks=1 trained_queries=16 trained_events=16 mean_loss=1.320016 lr=0.00287577 step=stateful RMSProp step applied
    unit 5/65 rc=285383 chunks=1 trained_queries=41 trained_events=48 mean_loss=1.861268 lr=0.00287548 step=stateful RMSProp step applied
    unit 6/65 rc=285388 chunks=2 trained_queries=54875 trained_events=94080 mean_loss=2.575826 lr=0.00287519 step=stateful RMSProp step applied
    unit 7/65 rc=294043 chunks=3 trained_queries=146903 trained_events=301856 mean_loss=2.266082 lr=0.0028749 step=stateful RMSProp step applied
    unit 8/65 rc=321434 chunks=1 trained_queries=19351 trained_events=28624 mean_loss=2.385035 lr=0.00287461 step=stateful RMSProp step applied
    unit 9/65 rc=324057 chunks=1 trained_queries=35110 trained_events=118240 mean_loss=2.070024 lr=0.00287432 step=stateful RMSProp step applied
    unit 10/65 rc=331740 chunks=1 trained_queries=16 trained_events=432 mean_loss=0.823677 lr=0.00287403 step=stateful RMSProp step applied
    unit 11/65 rc=331741 chunks=2 trained_queries=74861 trained_events=154864 mean_loss=2.140691 lr=0.00287374 step=stateful RMSProp step applied
    unit 12/65 rc=345687 chunks=1 trained_queries=30300 trained_events=55216 mean_loss=2.085639 lr=0.00287345 step=stateful RMSProp step applied
    unit 13/65 rc=350763 chunks=1 trained_queries=15923 trained_events=37200 mean_loss=2.165312 lr=0.00287315 step=stateful RMSProp step applied
    unit 14/65 rc=353625 chunks=2 trained_queries=55670 trained_events=115472 mean_loss=2.197162 lr=0.00287286 step=stateful RMSProp step applied
    unit 15/65 rc=364135 chunks=1 trained_queries=19324 trained_events=41184 mean_loss=2.178826 lr=0.00287257 step=stateful RMSProp step applied
    unit 16/65 rc=367786 chunks=1 trained_queries=22956 trained_events=58432 mean_loss=2.134730 lr=0.00287228 step=stateful RMSProp step applied
    unit 17/65 rc=372767 chunks=1 trained_queries=12887 trained_events=31552 mean_loss=2.129014 lr=0.00287198 step=stateful RMSProp step applied
    unit 18/65 rc=375106 chunks=1 trained_queries=37224 trained_events=92032 mean_loss=1.960217 lr=0.00287169 step=stateful RMSProp step applied
    unit 19/65 rc=382687 chunks=1 trained_queries=11903 trained_events=27856 mean_loss=2.192132 lr=0.0028714 step=stateful RMSProp step applied
    unit 20/65 rc=384937 chunks=1 trained_queries=13922 trained_events=37200 mean_loss=2.089481 lr=0.0028711 step=stateful RMSProp step applied
    unit 21/65 rc=387825 chunks=1 trained_queries=20966 trained_events=46224 mean_loss=2.133201 lr=0.00287081 step=stateful RMSProp step applied
    unit 22/65 rc=391753 chunks=2 trained_queries=80510 trained_events=178352 mean_loss=2.080568 lr=0.00287051 step=stateful RMSProp step applied
    unit 23/65 rc=407234 chunks=1 trained_queries=2379 trained_events=5104 mean_loss=2.193965 lr=0.00287022 step=stateful RMSProp step applied
    unit 24/65 rc=407680 chunks=1 trained_queries=6700 trained_events=24672 mean_loss=1.897389 lr=0.00286992 step=stateful RMSProp step applied
    unit 25/65 rc=409029 chunks=1 trained_queries=26203 trained_events=59152 mean_loss=2.106350 lr=0.00286963 step=stateful RMSProp step applied
    unit 26/65 rc=414232 chunks=1 trained_queries=20070 trained_events=43728 mean_loss=2.136831 lr=0.00286933 step=stateful RMSProp step applied
    unit 27/65 rc=418109 chunks=1 trained_queries=30344 trained_events=74160 mean_loss=1.909560 lr=0.00286904 step=stateful RMSProp step applied
    unit 28/65 rc=424071 chunks=1 trained_queries=37398 trained_events=78688 mean_loss=2.123204 lr=0.00286874 step=stateful RMSProp step applied
    unit 29/65 rc=431070 chunks=1 trained_queries=9984 trained_events=22352 mean_loss=2.157294 lr=0.00286844 step=stateful RMSProp step applied
    unit 30/65 rc=433017 chunks=1 trained_queries=368 trained_events=3696 mean_loss=0.983815 lr=0.00286815 step=stateful RMSProp step applied
    unit 31/65 rc=433081 chunks=1 trained_queries=31432 trained_events=72896 mean_loss=2.125271 lr=0.00286785 step=stateful RMSProp step applied
    unit 32/65 rc=439253 chunks=1 trained_queries=32416 trained_events=67744 mean_loss=2.153908 lr=0.00286755 step=stateful RMSProp step applied
    unit 33/65 rc=445065 chunks=2 trained_queries=52575 trained_events=104160 mean_loss=2.110288 lr=0.00286725 step=stateful RMSProp step applied
    unit 34/65 rc=454440 chunks=1 trained_queries=18981 trained_events=51680 mean_loss=1.836136 lr=0.00286696 step=stateful RMSProp step applied
    unit 35/65 rc=458387 chunks=1 trained_queries=5199 trained_events=12224 mean_loss=1.944962 lr=0.00286666 step=stateful RMSProp step applied
    unit 36/65 rc=459434 chunks=1 trained_queries=25529 trained_events=53568 mean_loss=2.021007 lr=0.00286636 step=stateful RMSProp step applied
    unit 37/65 rc=464285 chunks=1 trained_queries=944 trained_events=1792 mean_loss=1.729676 lr=0.00286606 step=stateful RMSProp step applied
    unit 38/65 rc=464449 chunks=1 trained_queries=13111 trained_events=27072 mean_loss=1.994589 lr=0.00286576 step=stateful RMSProp step applied
    unit 39/65 rc=466777 chunks=1 trained_queries=1172 trained_events=2576 mean_loss=1.535519 lr=0.00286546 step=stateful RMSProp step applied
    unit 40/65 rc=467002 chunks=10 trained_queries=476268 trained_events=843008 mean_loss=2.288182 lr=0.00286516 step=stateful RMSProp step applied
    unit 41/65 rc=544108 chunks=2 trained_queries=98499 trained_events=172032 mean_loss=2.249010 lr=0.00286486 step=stateful RMSProp step applied
    unit 42/65 rc=559920 chunks=3 trained_queries=136044 trained_events=238517 mean_loss=2.250465 lr=0.00286456 step=stateful RMSProp step applied
    unit 43/65 rc=581652 chunks=6 trained_queries=267495 trained_events=477697 mean_loss=2.216847 lr=0.00286426 step=stateful RMSProp step applied
    unit 44/65 rc=625299 chunks=16 trained_queries=787430 trained_events=1441440 mean_loss=2.235370 lr=0.00286395 step=stateful RMSProp step applied
    unit 45/65 rc=756698 chunks=3 trained_queries=135019 trained_events=240624 mean_loss=2.206290 lr=0.00286365 step=stateful RMSProp step applied
    unit 46/65 rc=778776 chunks=3 trained_queries=120415 trained_events=203264 mean_loss=2.248222 lr=0.00286335 step=stateful RMSProp step applied
    unit 47/65 rc=797238 chunks=9 trained_queries=409632 trained_events=780452 mean_loss=2.195611 lr=0.00286305 step=stateful RMSProp step applied
    unit 48/65 rc=868544 chunks=8 trained_queries=388601 trained_events=691328 mean_loss=2.220165 lr=0.00286275 step=stateful RMSProp step applied
    unit 49/65 rc=931357 chunks=1 trained_queries=5910 trained_events=9744 mean_loss=2.129098 lr=0.00286244 step=stateful RMSProp step applied
    unit 50/65 rc=932241 chunks=2 trained_queries=63481 trained_events=107824 mean_loss=2.166735 lr=0.00286214 step=stateful RMSProp step applied
    unit 51/65 rc=942005 chunks=6 trained_queries=295710 trained_events=510176 mean_loss=2.223013 lr=0.00286184 step=stateful RMSProp step applied
    unit 52/65 rc=988604 chunks=4 trained_queries=190096 trained_events=338304 mean_loss=2.202303 lr=0.00286153 step=stateful RMSProp step applied
    unit 53/65 rc=1019500 chunks=9 trained_queries=413444 trained_events=737802 mean_loss=2.216616 lr=0.00286123 step=stateful RMSProp step applied
    unit 54/65 rc=1087047 chunks=12 trained_queries=553466 trained_events=1002752 mean_loss=2.251871 lr=0.00286092 step=stateful RMSProp step applied
    unit 55/65 rc=1178720 chunks=2 trained_queries=96605 trained_events=164880 mean_loss=2.272820 lr=0.00286062 step=stateful RMSProp step applied
    unit 56/65 rc=1193882 chunks=1 trained_queries=5343 trained_events=9456 mean_loss=2.083073 lr=0.00286031 step=stateful RMSProp step applied
    unit 57/65 rc=1194732 chunks=9 trained_queries=426507 trained_events=745745 mean_loss=2.298679 lr=0.00286001 step=stateful RMSProp step applied
    unit 58/65 rc=1262782 chunks=9 trained_queries=420566 trained_events=755486 mean_loss=2.250571 lr=0.0028597 step=stateful RMSProp step applied
    unit 59/65 rc=1332021 chunks=11 trained_queries=535061 trained_events=1019376 mean_loss=2.210583 lr=0.00285939 step=stateful RMSProp step applied
    unit 60/65 rc=1425400 chunks=5 trained_queries=235017 trained_events=405880 mean_loss=2.248262 lr=0.00285909 step=stateful RMSProp step applied
    unit 61/65 rc=1462524 chunks=2 trained_queries=68054 trained_events=119056 mean_loss=2.149739 lr=0.00285878 step=stateful RMSProp step applied
    unit 62/65 rc=1473469 chunks=3 trained_queries=147152 trained_events=266576 mean_loss=2.193369 lr=0.00285847 step=stateful RMSProp step applied
    unit 63/65 rc=1497733 chunks=1 trained_queries=5204 trained_events=8048 mean_loss=2.227217 lr=0.00285817 step=stateful RMSProp step applied
    unit 64/65 rc=1498502 chunks=4 trained_queries=165699 trained_events=311920 mean_loss=2.148090 lr=0.00285786 step=stateful RMSProp step applied
    unit 65/65 rc=1526829 chunks=1 trained_queries=3594 trained_events=5440 mean_loss=2.042341 lr=0.00285755 step=stateful RMSProp step applied
  train-epoch: epoch 14 summary trained_queries=8880122 trained_events=16953844 mean_loss=2.220693
  train-epoch: epoch 15/100
    unit 1/65 rc=1 chunks=5 trained_queries=235411 trained_events=602672 mean_loss=2.175941 lr=0.00285724 step=stateful RMSProp step applied
    unit 2/65 rc=47811 chunks=25 trained_queries=1209056 trained_events=2588009 mean_loss=2.223683 lr=0.00285693 step=stateful RMSProp step applied
    unit 3/65 rc=282625 chunks=1 trained_queries=17780 trained_events=32192 mean_loss=2.055210 lr=0.00285662 step=stateful RMSProp step applied
    unit 4/65 rc=285382 chunks=1 trained_queries=16 trained_events=16 mean_loss=1.178919 lr=0.00285631 step=stateful RMSProp step applied
    unit 5/65 rc=285383 chunks=1 trained_queries=41 trained_events=48 mean_loss=1.949579 lr=0.002856 step=stateful RMSProp step applied
    unit 6/65 rc=285388 chunks=2 trained_queries=54875 trained_events=94080 mean_loss=2.597984 lr=0.00285569 step=stateful RMSProp step applied
    unit 7/65 rc=294043 chunks=3 trained_queries=146903 trained_events=301856 mean_loss=2.271790 lr=0.00285538 step=stateful RMSProp step applied
    unit 8/65 rc=321434 chunks=1 trained_queries=19351 trained_events=28624 mean_loss=2.446944 lr=0.00285507 step=stateful RMSProp step applied
    unit 9/65 rc=324057 chunks=1 trained_queries=35110 trained_events=118240 mean_loss=2.120656 lr=0.00285476 step=stateful RMSProp step applied
    unit 10/65 rc=331740 chunks=1 trained_queries=16 trained_events=432 mean_loss=1.057480 lr=0.00285445 step=stateful RMSProp step applied
    unit 11/65 rc=331741 chunks=2 trained_queries=74861 trained_events=154864 mean_loss=2.442426 lr=0.00285414 step=stateful RMSProp step applied
    unit 12/65 rc=345687 chunks=1 trained_queries=30300 trained_events=55216 mean_loss=2.246353 lr=0.00285383 step=stateful RMSProp step applied
    unit 13/65 rc=350763 chunks=1 trained_queries=15923 trained_events=37200 mean_loss=2.253362 lr=0.00285351 step=stateful RMSProp step applied
    unit 14/65 rc=353625 chunks=2 trained_queries=55670 trained_events=115472 mean_loss=2.239383 lr=0.0028532 step=stateful RMSProp step applied
    unit 15/65 rc=364135 chunks=1 trained_queries=19324 trained_events=41184 mean_loss=2.258248 lr=0.00285289 step=stateful RMSProp step applied
    unit 16/65 rc=367786 chunks=1 trained_queries=22956 trained_events=58432 mean_loss=2.169392 lr=0.00285257 step=stateful RMSProp step applied
    unit 17/65 rc=372767 chunks=1 trained_queries=12887 trained_events=31552 mean_loss=2.075856 lr=0.00285226 step=stateful RMSProp step applied
    unit 18/65 rc=375106 chunks=1 trained_queries=37224 trained_events=92032 mean_loss=1.978778 lr=0.00285195 step=stateful RMSProp step applied
    unit 19/65 rc=382687 chunks=1 trained_queries=11903 trained_events=27856 mean_loss=2.231491 lr=0.00285163 step=stateful RMSProp step applied
    unit 20/65 rc=384937 chunks=1 trained_queries=13922 trained_events=37200 mean_loss=2.090477 lr=0.00285132 step=stateful RMSProp step applied
    unit 21/65 rc=387825 chunks=1 trained_queries=20966 trained_events=46224 mean_loss=2.111541 lr=0.002851 step=stateful RMSProp step applied
    unit 22/65 rc=391753 chunks=2 trained_queries=80510 trained_events=178352 mean_loss=2.151702 lr=0.00285069 step=stateful RMSProp step applied
    unit 23/65 rc=407234 chunks=1 trained_queries=2379 trained_events=5104 mean_loss=2.194075 lr=0.00285037 step=stateful RMSProp step applied
    unit 24/65 rc=407680 chunks=1 trained_queries=6700 trained_events=24672 mean_loss=1.787653 lr=0.00285006 step=stateful RMSProp step applied
    unit 25/65 rc=409029 chunks=1 trained_queries=26203 trained_events=59152 mean_loss=2.095453 lr=0.00284974 step=stateful RMSProp step applied
    unit 26/65 rc=414232 chunks=1 trained_queries=20070 trained_events=43728 mean_loss=2.194661 lr=0.00284942 step=stateful RMSProp step applied
    unit 27/65 rc=418109 chunks=1 trained_queries=30344 trained_events=74160 mean_loss=1.929843 lr=0.00284911 step=stateful RMSProp step applied
    unit 28/65 rc=424071 chunks=1 trained_queries=37398 trained_events=78688 mean_loss=2.127986 lr=0.00284879 step=stateful RMSProp step applied
    unit 29/65 rc=431070 chunks=1 trained_queries=9984 trained_events=22352 mean_loss=2.177037 lr=0.00284847 step=stateful RMSProp step applied
    unit 30/65 rc=433017 chunks=1 trained_queries=368 trained_events=3696 mean_loss=0.885501 lr=0.00284816 step=stateful RMSProp step applied
    unit 31/65 rc=433081 chunks=1 trained_queries=31432 trained_events=72896 mean_loss=2.092102 lr=0.00284784 step=stateful RMSProp step applied
    unit 32/65 rc=439253 chunks=1 trained_queries=32416 trained_events=67744 mean_loss=2.180027 lr=0.00284752 step=stateful RMSProp step applied
    unit 33/65 rc=445065 chunks=2 trained_queries=52575 trained_events=104160 mean_loss=2.115398 lr=0.0028472 step=stateful RMSProp step applied
    unit 34/65 rc=454440 chunks=1 trained_queries=18981 trained_events=51680 mean_loss=1.849975 lr=0.00284688 step=stateful RMSProp step applied
    unit 35/65 rc=458387 chunks=1 trained_queries=5199 trained_events=12224 mean_loss=1.951478 lr=0.00284656 step=stateful RMSProp step applied
    unit 36/65 rc=459434 chunks=1 trained_queries=25529 trained_events=53568 mean_loss=2.041909 lr=0.00284624 step=stateful RMSProp step applied
    unit 37/65 rc=464285 chunks=1 trained_queries=944 trained_events=1792 mean_loss=1.726706 lr=0.00284592 step=stateful RMSProp step applied
    unit 38/65 rc=464449 chunks=1 trained_queries=13111 trained_events=27072 mean_loss=2.005017 lr=0.0028456 step=stateful RMSProp step applied
    unit 39/65 rc=466777 chunks=1 trained_queries=1172 trained_events=2576 mean_loss=1.564450 lr=0.00284528 step=stateful RMSProp step applied
    unit 40/65 rc=467002 chunks=10 trained_queries=476268 trained_events=843008 mean_loss=2.295855 lr=0.00284496 step=stateful RMSProp step applied
    unit 41/65 rc=544108 chunks=2 trained_queries=98499 trained_events=172032 mean_loss=2.268960 lr=0.00284464 step=stateful RMSProp step applied
    unit 42/65 rc=559920 chunks=3 trained_queries=136044 trained_events=238517 mean_loss=2.298334 lr=0.00284432 step=stateful RMSProp step applied
    unit 43/65 rc=581652 chunks=6 trained_queries=267495 trained_events=477697 mean_loss=2.240031 lr=0.002844 step=stateful RMSProp step applied
    unit 44/65 rc=625299 chunks=16 trained_queries=787430 trained_events=1441440 mean_loss=2.255237 lr=0.00284368 step=stateful RMSProp step applied
    unit 45/65 rc=756698 chunks=3 trained_queries=135019 trained_events=240624 mean_loss=2.227046 lr=0.00284335 step=stateful RMSProp step applied
    unit 46/65 rc=778776 chunks=3 trained_queries=120415 trained_events=203264 mean_loss=2.261474 lr=0.00284303 step=stateful RMSProp step applied
    unit 47/65 rc=797238 chunks=9 trained_queries=409632 trained_events=780452 mean_loss=2.209590 lr=0.00284271 step=stateful RMSProp step applied
    unit 48/65 rc=868544 chunks=8 trained_queries=388601 trained_events=691328 mean_loss=2.237536 lr=0.00284238 step=stateful RMSProp step applied
    unit 49/65 rc=931357 chunks=1 trained_queries=5910 trained_events=9744 mean_loss=2.191604 lr=0.00284206 step=stateful RMSProp step applied
    unit 50/65 rc=932241 chunks=2 trained_queries=63481 trained_events=107824 mean_loss=2.193405 lr=0.00284174 step=stateful RMSProp step applied
    unit 51/65 rc=942005 chunks=6 trained_queries=295710 trained_events=510176 mean_loss=2.250465 lr=0.00284141 step=stateful RMSProp step applied
    unit 52/65 rc=988604 chunks=4 trained_queries=190096 trained_events=338304 mean_loss=2.229782 lr=0.00284109 step=stateful RMSProp step applied
    unit 53/65 rc=1019500 chunks=9 trained_queries=413444 trained_events=737802 mean_loss=2.237377 lr=0.00284076 step=stateful RMSProp step applied
    unit 54/65 rc=1087047 chunks=12 trained_queries=553466 trained_events=1002752 mean_loss=2.257072 lr=0.00284044 step=stateful RMSProp step applied
    unit 55/65 rc=1178720 chunks=2 trained_queries=96605 trained_events=164880 mean_loss=2.254241 lr=0.00284011 step=stateful RMSProp step applied
    unit 56/65 rc=1193882 chunks=1 trained_queries=5343 trained_events=9456 mean_loss=2.067782 lr=0.00283979 step=stateful RMSProp step applied
    unit 57/65 rc=1194732 chunks=9 trained_queries=426507 trained_events=745745 mean_loss=2.310690 lr=0.00283946 step=stateful RMSProp step applied
    unit 58/65 rc=1262782 chunks=9 trained_queries=420566 trained_events=755486 mean_loss=2.254697 lr=0.00283913 step=stateful RMSProp step applied
    unit 59/65 rc=1332021 chunks=11 trained_queries=535061 trained_events=1019376 mean_loss=2.211213 lr=0.00283881 step=stateful RMSProp step applied
    unit 60/65 rc=1425400 chunks=5 trained_queries=235017 trained_events=405880 mean_loss=2.244001 lr=0.00283848 step=stateful RMSProp step applied
    unit 61/65 rc=1462524 chunks=2 trained_queries=68054 trained_events=119056 mean_loss=2.114246 lr=0.00283815 step=stateful RMSProp step applied
    unit 62/65 rc=1473469 chunks=3 trained_queries=147152 trained_events=266576 mean_loss=2.172572 lr=0.00283782 step=stateful RMSProp step applied
    unit 63/65 rc=1497733 chunks=1 trained_queries=5204 trained_events=8048 mean_loss=2.228327 lr=0.0028375 step=stateful RMSProp step applied
    unit 64/65 rc=1498502 chunks=4 trained_queries=165699 trained_events=311920 mean_loss=2.169359 lr=0.00283717 step=stateful RMSProp step applied
    unit 65/65 rc=1526829 chunks=1 trained_queries=3594 trained_events=5440 mean_loss=2.033142 lr=0.00283684 step=stateful RMSProp step applied
  train-epoch: epoch 15 summary trained_queries=8880122 trained_events=16953844 mean_loss=2.230826
  train-epoch: epoch 16/100
    unit 1/65 rc=1 chunks=5 trained_queries=235411 trained_events=602672 mean_loss=2.170157 lr=0.00283651 step=stateful RMSProp step applied
    unit 2/65 rc=47811 chunks=25 trained_queries=1209056 trained_events=2588009 mean_loss=2.250561 lr=0.00283618 step=stateful RMSProp step applied
    unit 3/65 rc=282625 chunks=1 trained_queries=17780 trained_events=32192 mean_loss=2.108336 lr=0.00283585 step=stateful RMSProp step applied
    unit 4/65 rc=285382 chunks=1 trained_queries=16 trained_events=16 mean_loss=1.641051 lr=0.00283552 step=stateful RMSProp step applied
    unit 5/65 rc=285383 chunks=1 trained_queries=41 trained_events=48 mean_loss=1.727449 lr=0.00283519 step=stateful RMSProp step applied
    unit 6/65 rc=285388 chunks=2 trained_queries=54875 trained_events=94080 mean_loss=2.506346 lr=0.00283486 step=stateful RMSProp step applied
    unit 7/65 rc=294043 chunks=3 trained_queries=146903 trained_events=301856 mean_loss=2.213465 lr=0.00283453 step=stateful RMSProp step applied
    unit 8/65 rc=321434 chunks=1 trained_queries=19351 trained_events=28624 mean_loss=2.359202 lr=0.0028342 step=stateful RMSProp step applied
    unit 9/65 rc=324057 chunks=1 trained_queries=35110 trained_events=118240 mean_loss=2.071681 lr=0.00283387 step=stateful RMSProp step applied
    unit 10/65 rc=331740 chunks=1 trained_queries=16 trained_events=432 mean_loss=0.463543 lr=0.00283353 step=stateful RMSProp step applied
    unit 11/65 rc=331741 chunks=2 trained_queries=74861 trained_events=154864 mean_loss=2.090290 lr=0.0028332 step=stateful RMSProp step applied
    unit 12/65 rc=345687 chunks=1 trained_queries=30300 trained_events=55216 mean_loss=2.028029 lr=0.00283287 step=stateful RMSProp step applied
    unit 13/65 rc=350763 chunks=1 trained_queries=15923 trained_events=37200 mean_loss=2.108238 lr=0.00283254 step=stateful RMSProp step applied
    unit 14/65 rc=353625 chunks=2 trained_queries=55670 trained_events=115472 mean_loss=2.143221 lr=0.0028322 step=stateful RMSProp step applied
    unit 15/65 rc=364135 chunks=1 trained_queries=19324 trained_events=41184 mean_loss=2.162704 lr=0.00283187 step=stateful RMSProp step applied
    unit 16/65 rc=367786 chunks=1 trained_queries=22956 trained_events=58432 mean_loss=2.049225 lr=0.00283154 step=stateful RMSProp step applied
    unit 17/65 rc=372767 chunks=1 trained_queries=12887 trained_events=31552 mean_loss=2.036916 lr=0.0028312 step=stateful RMSProp step applied
    unit 18/65 rc=375106 chunks=1 trained_queries=37224 trained_events=92032 mean_loss=1.919502 lr=0.00283087 step=stateful RMSProp step applied
    unit 19/65 rc=382687 chunks=1 trained_queries=11903 trained_events=27856 mean_loss=2.154105 lr=0.00283053 step=stateful RMSProp step applied
    unit 20/65 rc=384937 chunks=1 trained_queries=13922 trained_events=37200 mean_loss=1.977937 lr=0.0028302 step=stateful RMSProp step applied
    unit 21/65 rc=387825 chunks=1 trained_queries=20966 trained_events=46224 mean_loss=2.049989 lr=0.00282986 step=stateful RMSProp step applied
    unit 22/65 rc=391753 chunks=2 trained_queries=80510 trained_events=178352 mean_loss=2.029294 lr=0.00282953 step=stateful RMSProp step applied
    unit 23/65 rc=407234 chunks=1 trained_queries=2379 trained_events=5104 mean_loss=2.105354 lr=0.00282919 step=stateful RMSProp step applied
    unit 24/65 rc=407680 chunks=1 trained_queries=6700 trained_events=24672 mean_loss=1.685794 lr=0.00282886 step=stateful RMSProp step applied
    unit 25/65 rc=409029 chunks=1 trained_queries=26203 trained_events=59152 mean_loss=2.043025 lr=0.00282852 step=stateful RMSProp step applied
    unit 26/65 rc=414232 chunks=1 trained_queries=20070 trained_events=43728 mean_loss=2.094801 lr=0.00282818 step=stateful RMSProp step applied
    unit 27/65 rc=418109 chunks=1 trained_queries=30344 trained_events=74160 mean_loss=1.891751 lr=0.00282785 step=stateful RMSProp step applied
    unit 28/65 rc=424071 chunks=1 trained_queries=37398 trained_events=78688 mean_loss=2.076078 lr=0.00282751 step=stateful RMSProp step applied
    unit 29/65 rc=431070 chunks=1 trained_queries=9984 trained_events=22352 mean_loss=2.120103 lr=0.00282717 step=stateful RMSProp step applied
    unit 30/65 rc=433017 chunks=1 trained_queries=368 trained_events=3696 mean_loss=0.790289 lr=0.00282683 step=stateful RMSProp step applied
    unit 31/65 rc=433081 chunks=1 trained_queries=31432 trained_events=72896 mean_loss=2.069995 lr=0.0028265 step=stateful RMSProp step applied
    unit 32/65 rc=439253 chunks=1 trained_queries=32416 trained_events=67744 mean_loss=2.119481 lr=0.00282616 step=stateful RMSProp step applied
    unit 33/65 rc=445065 chunks=2 trained_queries=52575 trained_events=104160 mean_loss=2.068421 lr=0.00282582 step=stateful RMSProp step applied
    unit 34/65 rc=454440 chunks=1 trained_queries=18981 trained_events=51680 mean_loss=1.776680 lr=0.00282548 step=stateful RMSProp step applied
    unit 35/65 rc=458387 chunks=1 trained_queries=5199 trained_events=12224 mean_loss=1.870028 lr=0.00282514 step=stateful RMSProp step applied
    unit 36/65 rc=459434 chunks=1 trained_queries=25529 trained_events=53568 mean_loss=1.983925 lr=0.0028248 step=stateful RMSProp step applied
    unit 37/65 rc=464285 chunks=1 trained_queries=944 trained_events=1792 mean_loss=1.675449 lr=0.00282446 step=stateful RMSProp step applied
    unit 38/65 rc=464449 chunks=1 trained_queries=13111 trained_events=27072 mean_loss=2.002281 lr=0.00282412 step=stateful RMSProp step applied
    unit 39/65 rc=466777 chunks=1 trained_queries=1172 trained_events=2576 mean_loss=1.558502 lr=0.00282378 step=stateful RMSProp step applied
    unit 40/65 rc=467002 chunks=10 trained_queries=476268 trained_events=843008 mean_loss=2.271358 lr=0.00282344 step=stateful RMSProp step applied
    unit 41/65 rc=544108 chunks=2 trained_queries=98499 trained_events=172032 mean_loss=2.238926 lr=0.0028231 step=stateful RMSProp step applied
    unit 42/65 rc=559920 chunks=3 trained_queries=136044 trained_events=238517 mean_loss=2.246213 lr=0.00282275 step=stateful RMSProp step applied
    unit 43/65 rc=581652 chunks=6 trained_queries=267495 trained_events=477697 mean_loss=2.202799 lr=0.00282241 step=stateful RMSProp step applied
    unit 44/65 rc=625299 chunks=16 trained_queries=787430 trained_events=1441440 mean_loss=2.223079 lr=0.00282207 step=stateful RMSProp step applied
    unit 45/65 rc=756698 chunks=3 trained_queries=135019 trained_events=240624 mean_loss=2.191374 lr=0.00282173 step=stateful RMSProp step applied
    unit 46/65 rc=778776 chunks=3 trained_queries=120415 trained_events=203264 mean_loss=2.221576 lr=0.00282138 step=stateful RMSProp step applied
    unit 47/65 rc=797238 chunks=9 trained_queries=409632 trained_events=780452 mean_loss=2.183573 lr=0.00282104 step=stateful RMSProp step applied
    unit 48/65 rc=868544 chunks=8 trained_queries=388601 trained_events=691328 mean_loss=2.206610 lr=0.0028207 step=stateful RMSProp step applied
    unit 49/65 rc=931357 chunks=1 trained_queries=5910 trained_events=9744 mean_loss=2.131686 lr=0.00282035 step=stateful RMSProp step applied
    unit 50/65 rc=932241 chunks=2 trained_queries=63481 trained_events=107824 mean_loss=2.150493 lr=0.00282001 step=stateful RMSProp step applied
    unit 51/65 rc=942005 chunks=6 trained_queries=295710 trained_events=510176 mean_loss=2.214436 lr=0.00281966 step=stateful RMSProp step applied
    unit 52/65 rc=988604 chunks=4 trained_queries=190096 trained_events=338304 mean_loss=2.188591 lr=0.00281932 step=stateful RMSProp step applied
    unit 53/65 rc=1019500 chunks=9 trained_queries=413444 trained_events=737802 mean_loss=2.202271 lr=0.00281897 step=stateful RMSProp step applied
    unit 54/65 rc=1087047 chunks=12 trained_queries=553466 trained_events=1002752 mean_loss=2.223288 lr=0.00281863 step=stateful RMSProp step applied
    unit 55/65 rc=1178720 chunks=2 trained_queries=96605 trained_events=164880 mean_loss=2.224432 lr=0.00281828 step=stateful RMSProp step applied
    unit 56/65 rc=1193882 chunks=1 trained_queries=5343 trained_events=9456 mean_loss=2.023490 lr=0.00281794 step=stateful RMSProp step applied
    unit 57/65 rc=1194732 chunks=9 trained_queries=426507 trained_events=745745 mean_loss=2.264479 lr=0.00281759 step=stateful RMSProp step applied
    unit 58/65 rc=1262782 chunks=9 trained_queries=420566 trained_events=755486 mean_loss=2.212237 lr=0.00281724 step=stateful RMSProp step applied
    unit 59/65 rc=1332021 chunks=11 trained_queries=535061 trained_events=1019376 mean_loss=2.169940 lr=0.0028169 step=stateful RMSProp step applied
    unit 60/65 rc=1425400 chunks=5 trained_queries=235017 trained_events=405880 mean_loss=2.209614 lr=0.00281655 step=stateful RMSProp step applied
    unit 61/65 rc=1462524 chunks=2 trained_queries=68054 trained_events=119056 mean_loss=2.090840 lr=0.0028162 step=stateful RMSProp step applied
    unit 62/65 rc=1473469 chunks=3 trained_queries=147152 trained_events=266576 mean_loss=2.144388 lr=0.00281585 step=stateful RMSProp step applied
    unit 63/65 rc=1497733 chunks=1 trained_queries=5204 trained_events=8048 mean_loss=2.189657 lr=0.00281551 step=stateful RMSProp step applied
    unit 64/65 rc=1498502 chunks=4 trained_queries=165699 trained_events=311920 mean_loss=2.121259 lr=0.00281516 step=stateful RMSProp step applied
    unit 65/65 rc=1526829 chunks=1 trained_queries=3594 trained_events=5440 mean_loss=1.990731 lr=0.00281481 step=stateful RMSProp step applied
  train-epoch: epoch 16 summary trained_queries=8880122 trained_events=16953844 mean_loss=2.198490
  train-epoch: epoch 17/100
    unit 1/65 rc=1 chunks=5 trained_queries=235411 trained_events=602672 mean_loss=2.143216 lr=0.00281446 step=stateful RMSProp step applied
    unit 2/65 rc=47811 chunks=25 trained_queries=1209056 trained_events=2588009 mean_loss=2.210859 lr=0.00281411 step=stateful RMSProp step applied
    unit 3/65 rc=282625 chunks=1 trained_queries=17780 trained_events=32192 mean_loss=2.035555 lr=0.00281376 step=stateful RMSProp step applied
    unit 4/65 rc=285382 chunks=1 trained_queries=16 trained_events=16 mean_loss=1.207988 lr=0.00281341 step=stateful RMSProp step applied
    unit 5/65 rc=285383 chunks=1 trained_queries=41 trained_events=48 mean_loss=1.614123 lr=0.00281306 step=stateful RMSProp step applied
    unit 6/65 rc=285388 chunks=2 trained_queries=54875 trained_events=94080 mean_loss=2.432795 lr=0.00281271 step=stateful RMSProp step applied
    unit 7/65 rc=294043 chunks=3 trained_queries=146903 trained_events=301856 mean_loss=2.148620 lr=0.00281236 step=stateful RMSProp step applied
    unit 8/65 rc=321434 chunks=1 trained_queries=19351 trained_events=28624 mean_loss=2.323305 lr=0.00281201 step=stateful RMSProp step applied
    unit 9/65 rc=324057 chunks=1 trained_queries=35110 trained_events=118240 mean_loss=1.956379 lr=0.00281166 step=stateful RMSProp step applied
    unit 10/65 rc=331740 chunks=1 trained_queries=16 trained_events=432 mean_loss=0.345837 lr=0.0028113 step=stateful RMSProp step applied
    unit 11/65 rc=331741 chunks=2 trained_queries=74861 trained_events=154864 mean_loss=2.038210 lr=0.00281095 step=stateful RMSProp step applied
    unit 12/65 rc=345687 chunks=1 trained_queries=30300 trained_events=55216 mean_loss=2.023347 lr=0.0028106 step=stateful RMSProp step applied
    unit 13/65 rc=350763 chunks=1 trained_queries=15923 trained_events=37200 mean_loss=2.084694 lr=0.00281025 step=stateful RMSProp step applied
    unit 14/65 rc=353625 chunks=2 trained_queries=55670 trained_events=115472 mean_loss=2.098683 lr=0.00280989 step=stateful RMSProp step applied
    unit 15/65 rc=364135 chunks=1 trained_queries=19324 trained_events=41184 mean_loss=2.119890 lr=0.00280954 step=stateful RMSProp step applied
    unit 16/65 rc=367786 chunks=1 trained_queries=22956 trained_events=58432 mean_loss=2.015297 lr=0.00280919 step=stateful RMSProp step applied
    unit 17/65 rc=372767 chunks=1 trained_queries=12887 trained_events=31552 mean_loss=1.972224 lr=0.00280883 step=stateful RMSProp step applied
    unit 18/65 rc=375106 chunks=1 trained_queries=37224 trained_events=92032 mean_loss=1.878350 lr=0.00280848 step=stateful RMSProp step applied
    unit 19/65 rc=382687 chunks=1 trained_queries=11903 trained_events=27856 mean_loss=2.103371 lr=0.00280812 step=stateful RMSProp step applied
    unit 20/65 rc=384937 chunks=1 trained_queries=13922 trained_events=37200 mean_loss=1.940040 lr=0.00280777 step=stateful RMSProp step applied
    unit 21/65 rc=387825 chunks=1 trained_queries=20966 trained_events=46224 mean_loss=2.019225 lr=0.00280741 step=stateful RMSProp step applied
    unit 22/65 rc=391753 chunks=2 trained_queries=80510 trained_events=178352 mean_loss=2.008540 lr=0.00280706 step=stateful RMSProp step applied
    unit 23/65 rc=407234 chunks=1 trained_queries=2379 trained_events=5104 mean_loss=2.057211 lr=0.0028067 step=stateful RMSProp step applied
    unit 24/65 rc=407680 chunks=1 trained_queries=6700 trained_events=24672 mean_loss=1.589228 lr=0.00280635 step=stateful RMSProp step applied
    unit 25/65 rc=409029 chunks=1 trained_queries=26203 trained_events=59152 mean_loss=2.018283 lr=0.00280599 step=stateful RMSProp step applied
    unit 26/65 rc=414232 chunks=1 trained_queries=20070 trained_events=43728 mean_loss=2.064092 lr=0.00280563 step=stateful RMSProp step applied
    unit 27/65 rc=418109 chunks=1 trained_queries=30344 trained_events=74160 mean_loss=1.838226 lr=0.00280528 step=stateful RMSProp step applied
    unit 28/65 rc=424071 chunks=1 trained_queries=37398 trained_events=78688 mean_loss=2.036112 lr=0.00280492 step=stateful RMSProp step applied
    unit 29/65 rc=431070 chunks=1 trained_queries=9984 trained_events=22352 mean_loss=2.073000 lr=0.00280456 step=stateful RMSProp step applied
    unit 30/65 rc=433017 chunks=1 trained_queries=368 trained_events=3696 mean_loss=0.765757 lr=0.0028042 step=stateful RMSProp step applied
    unit 31/65 rc=433081 chunks=1 trained_queries=31432 trained_events=72896 mean_loss=2.052813 lr=0.00280384 step=stateful RMSProp step applied
    unit 32/65 rc=439253 chunks=1 trained_queries=32416 trained_events=67744 mean_loss=2.088224 lr=0.00280349 step=stateful RMSProp step applied
    unit 33/65 rc=445065 chunks=2 trained_queries=52575 trained_events=104160 mean_loss=2.036655 lr=0.00280313 step=stateful RMSProp step applied
    unit 34/65 rc=454440 chunks=1 trained_queries=18981 trained_events=51680 mean_loss=1.761247 lr=0.00280277 step=stateful RMSProp step applied
    unit 35/65 rc=458387 chunks=1 trained_queries=5199 trained_events=12224 mean_loss=1.854713 lr=0.00280241 step=stateful RMSProp step applied
    unit 36/65 rc=459434 chunks=1 trained_queries=25529 trained_events=53568 mean_loss=1.952943 lr=0.00280205 step=stateful RMSProp step applied
    unit 37/65 rc=464285 chunks=1 trained_queries=944 trained_events=1792 mean_loss=1.642998 lr=0.00280169 step=stateful RMSProp step applied
    unit 38/65 rc=464449 chunks=1 trained_queries=13111 trained_events=27072 mean_loss=1.948158 lr=0.00280133 step=stateful RMSProp step applied
    unit 39/65 rc=466777 chunks=1 trained_queries=1172 trained_events=2576 mean_loss=1.522610 lr=0.00280097 step=stateful RMSProp step applied
    unit 40/65 rc=467002 chunks=10 trained_queries=476268 trained_events=843008 mean_loss=2.236673 lr=0.00280061 step=stateful RMSProp step applied
    unit 41/65 rc=544108 chunks=2 trained_queries=98499 trained_events=172032 mean_loss=2.203505 lr=0.00280024 step=stateful RMSProp step applied
    unit 42/65 rc=559920 chunks=3 trained_queries=136044 trained_events=238517 mean_loss=2.206633 lr=0.00279988 step=stateful RMSProp step applied
    unit 43/65 rc=581652 chunks=6 trained_queries=267495 trained_events=477697 mean_loss=2.174627 lr=0.00279952 step=stateful RMSProp step applied
    unit 44/65 rc=625299 chunks=16 trained_queries=787430 trained_events=1441440 mean_loss=2.197700 lr=0.00279916 step=stateful RMSProp step applied
    unit 45/65 rc=756698 chunks=3 trained_queries=135019 trained_events=240624 mean_loss=2.174824 lr=0.0027988 step=stateful RMSProp step applied
    unit 46/65 rc=778776 chunks=3 trained_queries=120415 trained_events=203264 mean_loss=2.216682 lr=0.00279843 step=stateful RMSProp step applied
    unit 47/65 rc=797238 chunks=9 trained_queries=409632 trained_events=780452 mean_loss=2.179505 lr=0.00279807 step=stateful RMSProp step applied
    unit 48/65 rc=868544 chunks=8 trained_queries=388601 trained_events=691328 mean_loss=2.195070 lr=0.00279771 step=stateful RMSProp step applied
    unit 49/65 rc=931357 chunks=1 trained_queries=5910 trained_events=9744 mean_loss=2.119706 lr=0.00279734 step=stateful RMSProp step applied
    unit 50/65 rc=932241 chunks=2 trained_queries=63481 trained_events=107824 mean_loss=2.159342 lr=0.00279698 step=stateful RMSProp step applied
    unit 51/65 rc=942005 chunks=6 trained_queries=295710 trained_events=510176 mean_loss=2.211314 lr=0.00279662 step=stateful RMSProp step applied
    unit 52/65 rc=988604 chunks=4 trained_queries=190096 trained_events=338304 mean_loss=2.175207 lr=0.00279625 step=stateful RMSProp step applied
    unit 53/65 rc=1019500 chunks=9 trained_queries=413444 trained_events=737802 mean_loss=2.179159 lr=0.00279589 step=stateful RMSProp step applied
    unit 54/65 rc=1087047 chunks=12 trained_queries=553466 trained_events=1002752 mean_loss=2.208000 lr=0.00279552 step=stateful RMSProp step applied
    unit 55/65 rc=1178720 chunks=2 trained_queries=96605 trained_events=164880 mean_loss=2.214278 lr=0.00279515 step=stateful RMSProp step applied
    unit 56/65 rc=1193882 chunks=1 trained_queries=5343 trained_events=9456 mean_loss=1.998440 lr=0.00279479 step=stateful RMSProp step applied
    unit 57/65 rc=1194732 chunks=9 trained_queries=426507 trained_events=745745 mean_loss=2.247338 lr=0.00279442 step=stateful RMSProp step applied
    unit 58/65 rc=1262782 chunks=9 trained_queries=420566 trained_events=755486 mean_loss=2.191654 lr=0.00279406 step=stateful RMSProp step applied
    unit 59/65 rc=1332021 chunks=11 trained_queries=535061 trained_events=1019376 mean_loss=2.154805 lr=0.00279369 step=stateful RMSProp step applied
    unit 60/65 rc=1425400 chunks=5 trained_queries=235017 trained_events=405880 mean_loss=2.190880 lr=0.00279332 step=stateful RMSProp step applied
    unit 61/65 rc=1462524 chunks=2 trained_queries=68054 trained_events=119056 mean_loss=2.074630 lr=0.00279295 step=stateful RMSProp step applied
    unit 62/65 rc=1473469 chunks=3 trained_queries=147152 trained_events=266576 mean_loss=2.121350 lr=0.00279259 step=stateful RMSProp step applied
    unit 63/65 rc=1497733 chunks=1 trained_queries=5204 trained_events=8048 mean_loss=2.163037 lr=0.00279222 step=stateful RMSProp step applied
    unit 64/65 rc=1498502 chunks=4 trained_queries=165699 trained_events=311920 mean_loss=2.102387 lr=0.00279185 step=stateful RMSProp step applied
    unit 65/65 rc=1526829 chunks=1 trained_queries=3594 trained_events=5440 mean_loss=1.968174 lr=0.00279148 step=stateful RMSProp step applied
  train-epoch: epoch 17 summary trained_queries=8880122 trained_events=16953844 mean_loss=2.172819
  train-epoch: epoch 18/100
    unit 1/65 rc=1 chunks=5 trained_queries=235411 trained_events=602672 mean_loss=2.117353 lr=0.00279111 step=stateful RMSProp step applied
    unit 2/65 rc=47811 chunks=25 trained_queries=1209056 trained_events=2588009 mean_loss=2.194838 lr=0.00279074 step=stateful RMSProp step applied
    unit 3/65 rc=282625 chunks=1 trained_queries=17780 trained_events=32192 mean_loss=2.019050 lr=0.00279037 step=stateful RMSProp step applied
    unit 4/65 rc=285382 chunks=1 trained_queries=16 trained_events=16 mean_loss=0.996931 lr=0.00279 step=stateful RMSProp step applied
    unit 5/65 rc=285383 chunks=1 trained_queries=41 trained_events=48 mean_loss=1.535637 lr=0.00278963 step=stateful RMSProp step applied
    unit 6/65 rc=285388 chunks=2 trained_queries=54875 trained_events=94080 mean_loss=2.414903 lr=0.00278926 step=stateful RMSProp step applied
    unit 7/65 rc=294043 chunks=3 trained_queries=146903 trained_events=301856 mean_loss=2.116818 lr=0.00278889 step=stateful RMSProp step applied
    unit 8/65 rc=321434 chunks=1 trained_queries=19351 trained_events=28624 mean_loss=2.289913 lr=0.00278852 step=stateful RMSProp step applied
    unit 9/65 rc=324057 chunks=1 trained_queries=35110 trained_events=118240 mean_loss=1.924275 lr=0.00278815 step=stateful RMSProp step applied
    unit 10/65 rc=331740 chunks=1 trained_queries=16 trained_events=432 mean_loss=0.257002 lr=0.00278778 step=stateful RMSProp step applied
    unit 11/65 rc=331741 chunks=2 trained_queries=74861 trained_events=154864 mean_loss=1.987308 lr=0.00278741 step=stateful RMSProp step applied
    unit 12/65 rc=345687 chunks=1 trained_queries=30300 trained_events=55216 mean_loss=1.984235 lr=0.00278704 step=stateful RMSProp step applied
    unit 13/65 rc=350763 chunks=1 trained_queries=15923 trained_events=37200 mean_loss=2.003280 lr=0.00278666 step=stateful RMSProp step applied
    unit 14/65 rc=353625 chunks=2 trained_queries=55670 trained_events=115472 mean_loss=2.070685 lr=0.00278629 step=stateful RMSProp step applied
    unit 15/65 rc=364135 chunks=1 trained_queries=19324 trained_events=41184 mean_loss=2.078217 lr=0.00278592 step=stateful RMSProp step applied
    unit 16/65 rc=367786 chunks=1 trained_queries=22956 trained_events=58432 mean_loss=1.968917 lr=0.00278554 step=stateful RMSProp step applied
    unit 17/65 rc=372767 chunks=1 trained_queries=12887 trained_events=31552 mean_loss=1.909790 lr=0.00278517 step=stateful RMSProp step applied
    unit 18/65 rc=375106 chunks=1 trained_queries=37224 trained_events=92032 mean_loss=1.841173 lr=0.0027848 step=stateful RMSProp step applied
    unit 19/65 rc=382687 chunks=1 trained_queries=11903 trained_events=27856 mean_loss=2.059870 lr=0.00278442 step=stateful RMSProp step applied
    unit 20/65 rc=384937 chunks=1 trained_queries=13922 trained_events=37200 mean_loss=1.932402 lr=0.00278405 step=stateful RMSProp step applied
    unit 21/65 rc=387825 chunks=1 trained_queries=20966 trained_events=46224 mean_loss=1.987411 lr=0.00278367 step=stateful RMSProp step applied
    unit 22/65 rc=391753 chunks=2 trained_queries=80510 trained_events=178352 mean_loss=1.971179 lr=0.0027833 step=stateful RMSProp step applied
    unit 23/65 rc=407234 chunks=1 trained_queries=2379 trained_events=5104 mean_loss=1.986415 lr=0.00278292 step=stateful RMSProp step applied
    unit 24/65 rc=407680 chunks=1 trained_queries=6700 trained_events=24672 mean_loss=1.548037 lr=0.00278255 step=stateful RMSProp step applied
    unit 25/65 rc=409029 chunks=1 trained_queries=26203 trained_events=59152 mean_loss=1.985494 lr=0.00278217 step=stateful RMSProp step applied
    unit 26/65 rc=414232 chunks=1 trained_queries=20070 trained_events=43728 mean_loss=2.022425 lr=0.00278179 step=stateful RMSProp step applied
    unit 27/65 rc=418109 chunks=1 trained_queries=30344 trained_events=74160 mean_loss=1.803509 lr=0.00278142 step=stateful RMSProp step applied
    unit 28/65 rc=424071 chunks=1 trained_queries=37398 trained_events=78688 mean_loss=1.992430 lr=0.00278104 step=stateful RMSProp step applied
    unit 29/65 rc=431070 chunks=1 trained_queries=9984 trained_events=22352 mean_loss=2.034595 lr=0.00278066 step=stateful RMSProp step applied
    unit 30/65 rc=433017 chunks=1 trained_queries=368 trained_events=3696 mean_loss=0.660879 lr=0.00278028 step=stateful RMSProp step applied
    unit 31/65 rc=433081 chunks=1 trained_queries=31432 trained_events=72896 mean_loss=1.971024 lr=0.00277991 step=stateful RMSProp step applied
    unit 32/65 rc=439253 chunks=1 trained_queries=32416 trained_events=67744 mean_loss=2.061287 lr=0.00277953 step=stateful RMSProp step applied
    unit 33/65 rc=445065 chunks=2 trained_queries=52575 trained_events=104160 mean_loss=2.016273 lr=0.00277915 step=stateful RMSProp step applied
    unit 34/65 rc=454440 chunks=1 trained_queries=18981 trained_events=51680 mean_loss=1.743650 lr=0.00277877 step=stateful RMSProp step applied
    unit 35/65 rc=458387 chunks=1 trained_queries=5199 trained_events=12224 mean_loss=1.798747 lr=0.00277839 step=stateful RMSProp step applied
    unit 36/65 rc=459434 chunks=1 trained_queries=25529 trained_events=53568 mean_loss=1.931221 lr=0.00277801 step=stateful RMSProp step applied
    unit 37/65 rc=464285 chunks=1 trained_queries=944 trained_events=1792 mean_loss=1.619406 lr=0.00277763 step=stateful RMSProp step applied
    unit 38/65 rc=464449 chunks=1 trained_queries=13111 trained_events=27072 mean_loss=1.929691 lr=0.00277725 step=stateful RMSProp step applied
    unit 39/65 rc=466777 chunks=1 trained_queries=1172 trained_events=2576 mean_loss=1.522342 lr=0.00277687 step=stateful RMSProp step applied
    unit 40/65 rc=467002 chunks=10 trained_queries=476268 trained_events=843008 mean_loss=2.222599 lr=0.00277649 step=stateful RMSProp step applied
    unit 41/65 rc=544108 chunks=2 trained_queries=98499 trained_events=172032 mean_loss=2.189823 lr=0.00277611 step=stateful RMSProp step applied
    unit 42/65 rc=559920 chunks=3 trained_queries=136044 trained_events=238517 mean_loss=2.195367 lr=0.00277573 step=stateful RMSProp step applied
    unit 43/65 rc=581652 chunks=6 trained_queries=267495 trained_events=477697 mean_loss=2.157534 lr=0.00277535 step=stateful RMSProp step applied
    unit 44/65 rc=625299 chunks=16 trained_queries=787430 trained_events=1441440 mean_loss=2.184810 lr=0.00277497 step=stateful RMSProp step applied
    unit 45/65 rc=756698 chunks=3 trained_queries=135019 trained_events=240624 mean_loss=2.162107 lr=0.00277458 step=stateful RMSProp step applied
    unit 46/65 rc=778776 chunks=3 trained_queries=120415 trained_events=203264 mean_loss=2.198549 lr=0.0027742 step=stateful RMSProp step applied
    unit 47/65 rc=797238 chunks=9 trained_queries=409632 trained_events=780452 mean_loss=2.158128 lr=0.00277382 step=stateful RMSProp step applied
    unit 48/65 rc=868544 chunks=8 trained_queries=388601 trained_events=691328 mean_loss=2.177645 lr=0.00277344 step=stateful RMSProp step applied
    unit 49/65 rc=931357 chunks=1 trained_queries=5910 trained_events=9744 mean_loss=2.083350 lr=0.00277305 step=stateful RMSProp step applied
    unit 50/65 rc=932241 chunks=2 trained_queries=63481 trained_events=107824 mean_loss=2.123950 lr=0.00277267 step=stateful RMSProp step applied
    unit 51/65 rc=942005 chunks=6 trained_queries=295710 trained_events=510176 mean_loss=2.184696 lr=0.00277229 step=stateful RMSProp step applied
    unit 52/65 rc=988604 chunks=4 trained_queries=190096 trained_events=338304 mean_loss=2.158265 lr=0.0027719 step=stateful RMSProp step applied
    unit 53/65 rc=1019500 chunks=9 trained_queries=413444 trained_events=737802 mean_loss=2.173133 lr=0.00277152 step=stateful RMSProp step applied
    unit 54/65 rc=1087047 chunks=12 trained_queries=553466 trained_events=1002752 mean_loss=2.191736 lr=0.00277113 step=stateful RMSProp step applied
    unit 55/65 rc=1178720 chunks=2 trained_queries=96605 trained_events=164880 mean_loss=2.199468 lr=0.00277075 step=stateful RMSProp step applied
    unit 56/65 rc=1193882 chunks=1 trained_queries=5343 trained_events=9456 mean_loss=1.989469 lr=0.00277036 step=stateful RMSProp step applied
    unit 57/65 rc=1194732 chunks=9 trained_queries=426507 trained_events=745745 mean_loss=2.227119 lr=0.00276998 step=stateful RMSProp step applied
    unit 58/65 rc=1262782 chunks=9 trained_queries=420566 trained_events=755486 mean_loss=2.170059 lr=0.00276959 step=stateful RMSProp step applied
    unit 59/65 rc=1332021 chunks=11 trained_queries=535061 trained_events=1019376 mean_loss=2.128025 lr=0.0027692 step=stateful RMSProp step applied
    unit 60/65 rc=1425400 chunks=5 trained_queries=235017 trained_events=405880 mean_loss=2.175883 lr=0.00276882 step=stateful RMSProp step applied
    unit 61/65 rc=1462524 chunks=2 trained_queries=68054 trained_events=119056 mean_loss=2.059390 lr=0.00276843 step=stateful RMSProp step applied
    unit 62/65 rc=1473469 chunks=3 trained_queries=147152 trained_events=266576 mean_loss=2.109067 lr=0.00276804 step=stateful RMSProp step applied
    unit 63/65 rc=1497733 chunks=1 trained_queries=5204 trained_events=8048 mean_loss=2.139856 lr=0.00276766 step=stateful RMSProp step applied
    unit 64/65 rc=1498502 chunks=4 trained_queries=165699 trained_events=311920 mean_loss=2.086872 lr=0.00276727 step=stateful RMSProp step applied
    unit 65/65 rc=1526829 chunks=1 trained_queries=3594 trained_events=5440 mean_loss=1.949489 lr=0.00276688 step=stateful RMSProp step applied
  train-epoch: epoch 18 summary trained_queries=8880122 trained_events=16953844 mean_loss=2.153007
  train-epoch: epoch 19/100
    unit 1/65 rc=1 chunks=5 trained_queries=235411 trained_events=602672 mean_loss=2.101290 lr=0.00276649 step=stateful RMSProp step applied
    unit 2/65 rc=47811 chunks=25 trained_queries=1209056 trained_events=2588009 mean_loss=2.182843 lr=0.0027661 step=stateful RMSProp step applied
    unit 3/65 rc=282625 chunks=1 trained_queries=17780 trained_events=32192 mean_loss=2.009236 lr=0.00276571 step=stateful RMSProp step applied
    unit 4/65 rc=285382 chunks=1 trained_queries=16 trained_events=16 mean_loss=1.062432 lr=0.00276533 step=stateful RMSProp step applied
    unit 5/65 rc=285383 chunks=1 trained_queries=41 trained_events=48 mean_loss=1.489371 lr=0.00276494 step=stateful RMSProp step applied
    unit 6/65 rc=285388 chunks=2 trained_queries=54875 trained_events=94080 mean_loss=2.405133 lr=0.00276455 step=stateful RMSProp step applied
    unit 7/65 rc=294043 chunks=3 trained_queries=146903 trained_events=301856 mean_loss=2.115297 lr=0.00276416 step=stateful RMSProp step applied
    unit 8/65 rc=321434 chunks=1 trained_queries=19351 trained_events=28624 mean_loss=2.299455 lr=0.00276377 step=stateful RMSProp step applied
    unit 9/65 rc=324057 chunks=1 trained_queries=35110 trained_events=118240 mean_loss=1.920718 lr=0.00276337 step=stateful RMSProp step applied
    unit 10/65 rc=331740 chunks=1 trained_queries=16 trained_events=432 mean_loss=0.293565 lr=0.00276298 step=stateful RMSProp step applied
    unit 11/65 rc=331741 chunks=2 trained_queries=74861 trained_events=154864 mean_loss=2.030601 lr=0.00276259 step=stateful RMSProp step applied
    unit 12/65 rc=345687 chunks=1 trained_queries=30300 trained_events=55216 mean_loss=1.990085 lr=0.0027622 step=stateful RMSProp step applied
    unit 13/65 rc=350763 chunks=1 trained_queries=15923 trained_events=37200 mean_loss=2.091558 lr=0.00276181 step=stateful RMSProp step applied
    unit 14/65 rc=353625 chunks=2 trained_queries=55670 trained_events=115472 mean_loss=2.072998 lr=0.00276142 step=stateful RMSProp step applied
    unit 15/65 rc=364135 chunks=1 trained_queries=19324 trained_events=41184 mean_loss=2.075059 lr=0.00276102 step=stateful RMSProp step applied
    unit 16/65 rc=367786 chunks=1 trained_queries=22956 trained_events=58432 mean_loss=2.005688 lr=0.00276063 step=stateful RMSProp step applied
    unit 17/65 rc=372767 chunks=1 trained_queries=12887 trained_events=31552 mean_loss=1.928246 lr=0.00276024 step=stateful RMSProp step applied
    unit 18/65 rc=375106 chunks=1 trained_queries=37224 trained_events=92032 mean_loss=1.866879 lr=0.00275985 step=stateful RMSProp step applied
    unit 19/65 rc=382687 chunks=1 trained_queries=11903 trained_events=27856 mean_loss=2.052098 lr=0.00275945 step=stateful RMSProp step applied
    unit 20/65 rc=384937 chunks=1 trained_queries=13922 trained_events=37200 mean_loss=1.917666 lr=0.00275906 step=stateful RMSProp step applied
    unit 21/65 rc=387825 chunks=1 trained_queries=20966 trained_events=46224 mean_loss=1.977022 lr=0.00275866 step=stateful RMSProp step applied
    unit 22/65 rc=391753 chunks=2 trained_queries=80510 trained_events=178352 mean_loss=1.972066 lr=0.00275827 step=stateful RMSProp step applied
    unit 23/65 rc=407234 chunks=1 trained_queries=2379 trained_events=5104 mean_loss=2.003049 lr=0.00275787 step=stateful RMSProp step applied
    unit 24/65 rc=407680 chunks=1 trained_queries=6700 trained_events=24672 mean_loss=1.557053 lr=0.00275748 step=stateful RMSProp step applied
    unit 25/65 rc=409029 chunks=1 trained_queries=26203 trained_events=59152 mean_loss=1.979113 lr=0.00275708 step=stateful RMSProp step applied
    unit 26/65 rc=414232 chunks=1 trained_queries=20070 trained_events=43728 mean_loss=2.033588 lr=0.00275669 step=stateful RMSProp step applied
    unit 27/65 rc=418109 chunks=1 trained_queries=30344 trained_events=74160 mean_loss=1.812081 lr=0.00275629 step=stateful RMSProp step applied
    unit 28/65 rc=424071 chunks=1 trained_queries=37398 trained_events=78688 mean_loss=1.994271 lr=0.0027559 step=stateful RMSProp step applied
    unit 29/65 rc=431070 chunks=1 trained_queries=9984 trained_events=22352 mean_loss=2.070048 lr=0.0027555 step=stateful RMSProp step applied
    unit 30/65 rc=433017 chunks=1 trained_queries=368 trained_events=3696 mean_loss=0.997335 lr=0.0027551 step=stateful RMSProp step applied
    unit 31/65 rc=433081 chunks=1 trained_queries=31432 trained_events=72896 mean_loss=2.174062 lr=0.00275471 step=stateful RMSProp step applied
    unit 32/65 rc=439253 chunks=1 trained_queries=32416 trained_events=67744 mean_loss=2.101101 lr=0.00275431 step=stateful RMSProp step applied
    unit 33/65 rc=445065 chunks=2 trained_queries=52575 trained_events=104160 mean_loss=2.034412 lr=0.00275391 step=stateful RMSProp step applied
    unit 34/65 rc=454440 chunks=1 trained_queries=18981 trained_events=51680 mean_loss=1.827202 lr=0.00275351 step=stateful RMSProp step applied
    unit 35/65 rc=458387 chunks=1 trained_queries=5199 trained_events=12224 mean_loss=1.805137 lr=0.00275311 step=stateful RMSProp step applied
    unit 36/65 rc=459434 chunks=1 trained_queries=25529 trained_events=53568 mean_loss=1.917796 lr=0.00275272 step=stateful RMSProp step applied
    unit 37/65 rc=464285 chunks=1 trained_queries=944 trained_events=1792 mean_loss=1.637693 lr=0.00275232 step=stateful RMSProp step applied
    unit 38/65 rc=464449 chunks=1 trained_queries=13111 trained_events=27072 mean_loss=1.925991 lr=0.00275192 step=stateful RMSProp step applied
    unit 39/65 rc=466777 chunks=1 trained_queries=1172 trained_events=2576 mean_loss=1.546571 lr=0.00275152 step=stateful RMSProp step applied
    unit 40/65 rc=467002 chunks=10 trained_queries=476268 trained_events=843008 mean_loss=2.234396 lr=0.00275112 step=stateful RMSProp step applied
    unit 41/65 rc=544108 chunks=2 trained_queries=98499 trained_events=172032 mean_loss=2.187276 lr=0.00275072 step=stateful RMSProp step applied
    unit 42/65 rc=559920 chunks=3 trained_queries=136044 trained_events=238517 mean_loss=2.188317 lr=0.00275032 step=stateful RMSProp step applied
    unit 43/65 rc=581652 chunks=6 trained_queries=267495 trained_events=477697 mean_loss=2.159253 lr=0.00274992 step=stateful RMSProp step applied
    unit 44/65 rc=625299 chunks=16 trained_queries=787430 trained_events=1441440 mean_loss=2.183216 lr=0.00274952 step=stateful RMSProp step applied
    unit 45/65 rc=756698 chunks=3 trained_queries=135019 trained_events=240624 mean_loss=2.146942 lr=0.00274911 step=stateful RMSProp step applied
    unit 46/65 rc=778776 chunks=3 trained_queries=120415 trained_events=203264 mean_loss=2.184158 lr=0.00274871 step=stateful RMSProp step applied
    unit 47/65 rc=797238 chunks=9 trained_queries=409632 trained_events=780452 mean_loss=2.158758 lr=0.00274831 step=stateful RMSProp step applied
    unit 48/65 rc=868544 chunks=8 trained_queries=388601 trained_events=691328 mean_loss=2.214479 lr=0.00274791 step=stateful RMSProp step applied
    unit 49/65 rc=931357 chunks=1 trained_queries=5910 trained_events=9744 mean_loss=2.115209 lr=0.00274751 step=stateful RMSProp step applied
    unit 50/65 rc=932241 chunks=2 trained_queries=63481 trained_events=107824 mean_loss=2.129122 lr=0.0027471 step=stateful RMSProp step applied
    unit 51/65 rc=942005 chunks=6 trained_queries=295710 trained_events=510176 mean_loss=2.177988 lr=0.0027467 step=stateful RMSProp step applied
    unit 52/65 rc=988604 chunks=4 trained_queries=190096 trained_events=338304 mean_loss=2.153484 lr=0.0027463 step=stateful RMSProp step applied
    unit 53/65 rc=1019500 chunks=9 trained_queries=413444 trained_events=737802 mean_loss=2.169710 lr=0.00274589 step=stateful RMSProp step applied
    unit 54/65 rc=1087047 chunks=12 trained_queries=553466 trained_events=1002752 mean_loss=2.190566 lr=0.00274549 step=stateful RMSProp step applied
    unit 55/65 rc=1178720 chunks=2 trained_queries=96605 trained_events=164880 mean_loss=2.201257 lr=0.00274509 step=stateful RMSProp step applied
    unit 56/65 rc=1193882 chunks=1 trained_queries=5343 trained_events=9456 mean_loss=2.008243 lr=0.00274468 step=stateful RMSProp step applied
    unit 57/65 rc=1194732 chunks=9 trained_queries=426507 trained_events=745745 mean_loss=2.230055 lr=0.00274428 step=stateful RMSProp step applied
    unit 58/65 rc=1262782 chunks=9 trained_queries=420566 trained_events=755486 mean_loss=2.176700 lr=0.00274387 step=stateful RMSProp step applied
    unit 59/65 rc=1332021 chunks=11 trained_queries=535061 trained_events=1019376 mean_loss=2.139887 lr=0.00274347 step=stateful RMSProp step applied
    unit 60/65 rc=1425400 chunks=5 trained_queries=235017 trained_events=405880 mean_loss=2.178807 lr=0.00274306 step=stateful RMSProp step applied
    unit 61/65 rc=1462524 chunks=2 trained_queries=68054 trained_events=119056 mean_loss=2.063232 lr=0.00274265 step=stateful RMSProp step applied
    unit 62/65 rc=1473469 chunks=3 trained_queries=147152 trained_events=266576 mean_loss=2.107610 lr=0.00274225 step=stateful RMSProp step applied
    unit 63/65 rc=1497733 chunks=1 trained_queries=5204 trained_events=8048 mean_loss=2.150435 lr=0.00274184 step=stateful RMSProp step applied
    unit 64/65 rc=1498502 chunks=4 trained_queries=165699 trained_events=311920 mean_loss=2.123028 lr=0.00274144 step=stateful RMSProp step applied
    unit 65/65 rc=1526829 chunks=1 trained_queries=3594 trained_events=5440 mean_loss=1.962247 lr=0.00274103 step=stateful RMSProp step applied
  train-epoch: epoch 19 summary trained_queries=8880122 trained_events=16953844 mean_loss=2.155868
  train-epoch: epoch 20/100
    unit 1/65 rc=1 chunks=5 trained_queries=235411 trained_events=602672 mean_loss=2.113889 lr=0.00274062 step=stateful RMSProp step applied
    unit 2/65 rc=47811 chunks=25 trained_queries=1209056 trained_events=2588009 mean_loss=2.193854 lr=0.00274021 step=stateful RMSProp step applied
    unit 3/65 rc=282625 chunks=1 trained_queries=17780 trained_events=32192 mean_loss=2.012307 lr=0.00273981 step=stateful RMSProp step applied
    unit 4/65 rc=285382 chunks=1 trained_queries=16 trained_events=16 mean_loss=1.012607 lr=0.0027394 step=stateful RMSProp step applied
    unit 5/65 rc=285383 chunks=1 trained_queries=41 trained_events=48 mean_loss=1.542036 lr=0.00273899 step=stateful RMSProp step applied
    unit 6/65 rc=285388 chunks=2 trained_queries=54875 trained_events=94080 mean_loss=2.429911 lr=0.00273858 step=stateful RMSProp step applied
    unit 7/65 rc=294043 chunks=3 trained_queries=146903 trained_events=301856 mean_loss=2.133186 lr=0.00273817 step=stateful RMSProp step applied
    unit 8/65 rc=321434 chunks=1 trained_queries=19351 trained_events=28624 mean_loss=2.336872 lr=0.00273776 step=stateful RMSProp step applied
    unit 9/65 rc=324057 chunks=1 trained_queries=35110 trained_events=118240 mean_loss=1.995356 lr=0.00273735 step=stateful RMSProp step applied
    unit 10/65 rc=331740 chunks=1 trained_queries=16 trained_events=432 mean_loss=0.406779 lr=0.00273694 step=stateful RMSProp step applied
    unit 11/65 rc=331741 chunks=2 trained_queries=74861 trained_events=154864 mean_loss=2.036776 lr=0.00273653 step=stateful RMSProp step applied
    unit 12/65 rc=345687 chunks=1 trained_queries=30300 trained_events=55216 mean_loss=1.973643 lr=0.00273612 step=stateful RMSProp step applied
    unit 13/65 rc=350763 chunks=1 trained_queries=15923 trained_events=37200 mean_loss=2.122262 lr=0.00273571 step=stateful RMSProp step applied
    unit 14/65 rc=353625 chunks=2 trained_queries=55670 trained_events=115472 mean_loss=2.099822 lr=0.0027353 step=stateful RMSProp step applied
    unit 15/65 rc=364135 chunks=1 trained_queries=19324 trained_events=41184 mean_loss=2.159877 lr=0.00273489 step=stateful RMSProp step applied
    unit 16/65 rc=367786 chunks=1 trained_queries=22956 trained_events=58432 mean_loss=2.006556 lr=0.00273448 step=stateful RMSProp step applied
    unit 17/65 rc=372767 chunks=1 trained_queries=12887 trained_events=31552 mean_loss=1.945895 lr=0.00273406 step=stateful RMSProp step applied
    unit 18/65 rc=375106 chunks=1 trained_queries=37224 trained_events=92032 mean_loss=1.901363 lr=0.00273365 step=stateful RMSProp step applied
    unit 19/65 rc=382687 chunks=1 trained_queries=11903 trained_events=27856 mean_loss=2.077879 lr=0.00273324 step=stateful RMSProp step applied
    unit 20/65 rc=384937 chunks=1 trained_queries=13922 trained_events=37200 mean_loss=1.918961 lr=0.00273283 step=stateful RMSProp step applied
    unit 21/65 rc=387825 chunks=1 trained_queries=20966 trained_events=46224 mean_loss=2.032462 lr=0.00273241 step=stateful RMSProp step applied
    unit 22/65 rc=391753 chunks=2 trained_queries=80510 trained_events=178352 mean_loss=1.979438 lr=0.002732 step=stateful RMSProp step applied
    unit 23/65 rc=407234 chunks=1 trained_queries=2379 trained_events=5104 mean_loss=2.105762 lr=0.00273159 step=stateful RMSProp step applied
    unit 24/65 rc=407680 chunks=1 trained_queries=6700 trained_events=24672 mean_loss=1.558318 lr=0.00273117 step=stateful RMSProp step applied
    unit 25/65 rc=409029 chunks=1 trained_queries=26203 trained_events=59152 mean_loss=2.012538 lr=0.00273076 step=stateful RMSProp step applied
    unit 26/65 rc=414232 chunks=1 trained_queries=20070 trained_events=43728 mean_loss=2.057055 lr=0.00273034 step=stateful RMSProp step applied
    unit 27/65 rc=418109 chunks=1 trained_queries=30344 trained_events=74160 mean_loss=1.817987 lr=0.00272993 step=stateful RMSProp step applied
    unit 28/65 rc=424071 chunks=1 trained_queries=37398 trained_events=78688 mean_loss=2.012943 lr=0.00272951 step=stateful RMSProp step applied
    unit 29/65 rc=431070 chunks=1 trained_queries=9984 trained_events=22352 mean_loss=2.061301 lr=0.0027291 step=stateful RMSProp step applied
    unit 30/65 rc=433017 chunks=1 trained_queries=368 trained_events=3696 mean_loss=1.028679 lr=0.00272868 step=stateful RMSProp step applied
    unit 31/65 rc=433081 chunks=1 trained_queries=31432 trained_events=72896 mean_loss=2.159338 lr=0.00272827 step=stateful RMSProp step applied
    unit 32/65 rc=439253 chunks=1 trained_queries=32416 trained_events=67744 mean_loss=2.106807 lr=0.00272785 step=stateful RMSProp step applied
    unit 33/65 rc=445065 chunks=2 trained_queries=52575 trained_events=104160 mean_loss=2.024255 lr=0.00272743 step=stateful RMSProp step applied
    unit 34/65 rc=454440 chunks=1 trained_queries=18981 trained_events=51680 mean_loss=1.765984 lr=0.00272702 step=stateful RMSProp step applied
    unit 35/65 rc=458387 chunks=1 trained_queries=5199 trained_events=12224 mean_loss=1.821998 lr=0.0027266 step=stateful RMSProp step applied
    unit 36/65 rc=459434 chunks=1 trained_queries=25529 trained_events=53568 mean_loss=1.920508 lr=0.00272618 step=stateful RMSProp step applied
    unit 37/65 rc=464285 chunks=1 trained_queries=944 trained_events=1792 mean_loss=1.608377 lr=0.00272576 step=stateful RMSProp step applied
    unit 38/65 rc=464449 chunks=1 trained_queries=13111 trained_events=27072 mean_loss=1.912825 lr=0.00272535 step=stateful RMSProp step applied
    unit 39/65 rc=466777 chunks=1 trained_queries=1172 trained_events=2576 mean_loss=1.494969 lr=0.00272493 step=stateful RMSProp step applied
    unit 40/65 rc=467002 chunks=10 trained_queries=476268 trained_events=843008 mean_loss=2.219327 lr=0.00272451 step=stateful RMSProp step applied
    unit 41/65 rc=544108 chunks=2 trained_queries=98499 trained_events=172032 mean_loss=2.186202 lr=0.00272409 step=stateful RMSProp step applied
    unit 42/65 rc=559920 chunks=3 trained_queries=136044 trained_events=238517 mean_loss=2.189283 lr=0.00272367 step=stateful RMSProp step applied
    unit 43/65 rc=581652 chunks=6 trained_queries=267495 trained_events=477697 mean_loss=2.151587 lr=0.00272325 step=stateful RMSProp step applied
    unit 44/65 rc=625299 chunks=16 trained_queries=787430 trained_events=1441440 mean_loss=2.179113 lr=0.00272283 step=stateful RMSProp step applied
    unit 45/65 rc=756698 chunks=3 trained_queries=135019 trained_events=240624 mean_loss=2.152735 lr=0.00272241 step=stateful RMSProp step applied
    unit 46/65 rc=778776 chunks=3 trained_queries=120415 trained_events=203264 mean_loss=2.208312 lr=0.00272199 step=stateful RMSProp step applied
    unit 47/65 rc=797238 chunks=9 trained_queries=409632 trained_events=780452 mean_loss=2.151200 lr=0.00272157 step=stateful RMSProp step applied
    unit 48/65 rc=868544 chunks=8 trained_queries=388601 trained_events=691328 mean_loss=2.186024 lr=0.00272115 step=stateful RMSProp step applied
    unit 49/65 rc=931357 chunks=1 trained_queries=5910 trained_events=9744 mean_loss=2.095492 lr=0.00272073 step=stateful RMSProp step applied
    unit 50/65 rc=932241 chunks=2 trained_queries=63481 trained_events=107824 mean_loss=2.129185 lr=0.00272031 step=stateful RMSProp step applied
    unit 51/65 rc=942005 chunks=6 trained_queries=295710 trained_events=510176 mean_loss=2.193801 lr=0.00271989 step=stateful RMSProp step applied
    unit 52/65 rc=988604 chunks=4 trained_queries=190096 trained_events=338304 mean_loss=2.169986 lr=0.00271946 step=stateful RMSProp step applied
    unit 53/65 rc=1019500 chunks=9 trained_queries=413444 trained_events=737802 mean_loss=2.173746 lr=0.00271904 step=stateful RMSProp step applied
    unit 54/65 rc=1087047 chunks=12 trained_queries=553466 trained_events=1002752 mean_loss=2.207821 lr=0.00271862 step=stateful RMSProp step applied
    unit 55/65 rc=1178720 chunks=2 trained_queries=96605 trained_events=164880 mean_loss=2.222860 lr=0.0027182 step=stateful RMSProp step applied
    unit 56/65 rc=1193882 chunks=1 trained_queries=5343 trained_events=9456 mean_loss=1.986847 lr=0.00271777 step=stateful RMSProp step applied
    unit 57/65 rc=1194732 chunks=9 trained_queries=426507 trained_events=745745 mean_loss=2.219606 lr=0.00271735 step=stateful RMSProp step applied
    unit 58/65 rc=1262782 chunks=9 trained_queries=420566 trained_events=755486 mean_loss=2.172945 lr=0.00271693 step=stateful RMSProp step applied
    unit 59/65 rc=1332021 chunks=11 trained_queries=535061 trained_events=1019376 mean_loss=2.112902 lr=0.0027165 step=stateful RMSProp step applied
    unit 60/65 rc=1425400 chunks=5 trained_queries=235017 trained_events=405880 mean_loss=2.165001 lr=0.00271608 step=stateful RMSProp step applied
    unit 61/65 rc=1462524 chunks=2 trained_queries=68054 trained_events=119056 mean_loss=2.056042 lr=0.00271565 step=stateful RMSProp step applied
    unit 62/65 rc=1473469 chunks=3 trained_queries=147152 trained_events=266576 mean_loss=2.087400 lr=0.00271523 step=stateful RMSProp step applied
    unit 63/65 rc=1497733 chunks=1 trained_queries=5204 trained_events=8048 mean_loss=2.136996 lr=0.0027148 step=stateful RMSProp step applied
    unit 64/65 rc=1498502 chunks=4 trained_queries=165699 trained_events=311920 mean_loss=2.085797 lr=0.00271438 step=stateful RMSProp step applied
    unit 65/65 rc=1526829 chunks=1 trained_queries=3594 trained_events=5440 mean_loss=1.932654 lr=0.00271395 step=stateful RMSProp step applied
  train-epoch: epoch 20 summary trained_queries=8880122 trained_events=16953844 mean_loss=2.156110
  train-epoch: epoch 21/100
    unit 1/65 rc=1 chunks=5 trained_queries=235411 trained_events=602672 mean_loss=2.061046 lr=0.00271353 step=stateful RMSProp step applied
    unit 2/65 rc=47811 chunks=25 trained_queries=1209056 trained_events=2588009 mean_loss=2.179871 lr=0.0027131 step=stateful RMSProp step applied
    unit 3/65 rc=282625 chunks=1 trained_queries=17780 trained_events=32192 mean_loss=2.000070 lr=0.00271267 step=stateful RMSProp step applied
    unit 4/65 rc=285382 chunks=1 trained_queries=16 trained_events=16 mean_loss=0.852075 lr=0.00271225 step=stateful RMSProp step applied
    unit 5/65 rc=285383 chunks=1 trained_queries=41 trained_events=48 mean_loss=1.318052 lr=0.00271182 step=stateful RMSProp step applied
    unit 6/65 rc=285388 chunks=2 trained_queries=54875 trained_events=94080 mean_loss=2.402317 lr=0.00271139 step=stateful RMSProp step applied
    unit 7/65 rc=294043 chunks=3 trained_queries=146903 trained_events=301856 mean_loss=2.069581 lr=0.00271096 step=stateful RMSProp step applied
    unit 8/65 rc=321434 chunks=1 trained_queries=19351 trained_events=28624 mean_loss=2.260109 lr=0.00271054 step=stateful RMSProp step applied
    unit 9/65 rc=324057 chunks=1 trained_queries=35110 trained_events=118240 mean_loss=1.941880 lr=0.00271011 step=stateful RMSProp step applied
    unit 10/65 rc=331740 chunks=1 trained_queries=16 trained_events=432 mean_loss=0.513771 lr=0.00270968 step=stateful RMSProp step applied
    unit 11/65 rc=331741 chunks=2 trained_queries=74861 trained_events=154864 mean_loss=2.028972 lr=0.00270925 step=stateful RMSProp step applied
    unit 12/65 rc=345687 chunks=1 trained_queries=30300 trained_events=55216 mean_loss=1.957101 lr=0.00270882 step=stateful RMSProp step applied
    unit 13/65 rc=350763 chunks=1 trained_queries=15923 trained_events=37200 mean_loss=2.026290 lr=0.00270839 step=stateful RMSProp step applied
    unit 14/65 rc=353625 chunks=2 trained_queries=55670 trained_events=115472 mean_loss=2.070180 lr=0.00270796 step=stateful RMSProp step applied
    unit 15/65 rc=364135 chunks=1 trained_queries=19324 trained_events=41184 mean_loss=2.037214 lr=0.00270753 step=stateful RMSProp step applied
    unit 16/65 rc=367786 chunks=1 trained_queries=22956 trained_events=58432 mean_loss=1.971897 lr=0.0027071 step=stateful RMSProp step applied
    unit 17/65 rc=372767 chunks=1 trained_queries=12887 trained_events=31552 mean_loss=1.888189 lr=0.00270667 step=stateful RMSProp step applied
    unit 18/65 rc=375106 chunks=1 trained_queries=37224 trained_events=92032 mean_loss=1.839339 lr=0.00270624 step=stateful RMSProp step applied
    unit 19/65 rc=382687 chunks=1 trained_queries=11903 trained_events=27856 mean_loss=2.031872 lr=0.00270581 step=stateful RMSProp step applied
    unit 20/65 rc=384937 chunks=1 trained_queries=13922 trained_events=37200 mean_loss=1.867783 lr=0.00270538 step=stateful RMSProp step applied
    unit 21/65 rc=387825 chunks=1 trained_queries=20966 trained_events=46224 mean_loss=1.960294 lr=0.00270495 step=stateful RMSProp step applied
    unit 22/65 rc=391753 chunks=2 trained_queries=80510 trained_events=178352 mean_loss=1.941810 lr=0.00270451 step=stateful RMSProp step applied
    unit 23/65 rc=407234 chunks=1 trained_queries=2379 trained_events=5104 mean_loss=1.932022 lr=0.00270408 step=stateful RMSProp step applied
    unit 24/65 rc=407680 chunks=1 trained_queries=6700 trained_events=24672 mean_loss=1.520649 lr=0.00270365 step=stateful RMSProp step applied
    unit 25/65 rc=409029 chunks=1 trained_queries=26203 trained_events=59152 mean_loss=1.951409 lr=0.00270322 step=stateful RMSProp step applied
    unit 26/65 rc=414232 chunks=1 trained_queries=20070 trained_events=43728 mean_loss=1.997337 lr=0.00270278 step=stateful RMSProp step applied
    unit 27/65 rc=418109 chunks=1 trained_queries=30344 trained_events=74160 mean_loss=1.774153 lr=0.00270235 step=stateful RMSProp step applied
    unit 28/65 rc=424071 chunks=1 trained_queries=37398 trained_events=78688 mean_loss=1.978685 lr=0.00270192 step=stateful RMSProp step applied
    unit 29/65 rc=431070 chunks=1 trained_queries=9984 trained_events=22352 mean_loss=2.007398 lr=0.00270148 step=stateful RMSProp step applied
    unit 30/65 rc=433017 chunks=1 trained_queries=368 trained_events=3696 mean_loss=0.836960 lr=0.00270105 step=stateful RMSProp step applied
    unit 31/65 rc=433081 chunks=1 trained_queries=31432 trained_events=72896 mean_loss=2.020992 lr=0.00270061 step=stateful RMSProp step applied
    unit 32/65 rc=439253 chunks=1 trained_queries=32416 trained_events=67744 mean_loss=2.051967 lr=0.00270018 step=stateful RMSProp step applied
    unit 33/65 rc=445065 chunks=2 trained_queries=52575 trained_events=104160 mean_loss=1.999428 lr=0.00269974 step=stateful RMSProp step applied
    unit 34/65 rc=454440 chunks=1 trained_queries=18981 trained_events=51680 mean_loss=1.720382 lr=0.00269931 step=stateful RMSProp step applied
    unit 35/65 rc=458387 chunks=1 trained_queries=5199 trained_events=12224 mean_loss=1.786261 lr=0.00269887 step=stateful RMSProp step applied
    unit 36/65 rc=459434 chunks=1 trained_queries=25529 trained_events=53568 mean_loss=1.879370 lr=0.00269844 step=stateful RMSProp step applied
    unit 37/65 rc=464285 chunks=1 trained_queries=944 trained_events=1792 mean_loss=1.571034 lr=0.002698 step=stateful RMSProp step applied
    unit 38/65 rc=464449 chunks=1 trained_queries=13111 trained_events=27072 mean_loss=1.849326 lr=0.00269757 step=stateful RMSProp step applied
    unit 39/65 rc=466777 chunks=1 trained_queries=1172 trained_events=2576 mean_loss=1.450638 lr=0.00269713 step=stateful RMSProp step applied
    unit 40/65 rc=467002 chunks=10 trained_queries=476268 trained_events=843008 mean_loss=2.212369 lr=0.00269669 step=stateful RMSProp step applied
    unit 41/65 rc=544108 chunks=2 trained_queries=98499 trained_events=172032 mean_loss=2.171829 lr=0.00269625 step=stateful RMSProp step applied
    unit 42/65 rc=559920 chunks=3 trained_queries=136044 trained_events=238517 mean_loss=2.177337 lr=0.00269582 step=stateful RMSProp step applied
    unit 43/65 rc=581652 chunks=6 trained_queries=267495 trained_events=477697 mean_loss=2.138380 lr=0.00269538 step=stateful RMSProp step applied
    unit 44/65 rc=625299 chunks=16 trained_queries=787430 trained_events=1441440 mean_loss=2.163730 lr=0.00269494 step=stateful RMSProp step applied
    unit 45/65 rc=756698 chunks=3 trained_queries=135019 trained_events=240624 mean_loss=2.128770 lr=0.0026945 step=stateful RMSProp step applied
    unit 46/65 rc=778776 chunks=3 trained_queries=120415 trained_events=203264 mean_loss=2.151588 lr=0.00269406 step=stateful RMSProp step applied
    unit 47/65 rc=797238 chunks=9 trained_queries=409632 trained_events=780452 mean_loss=2.108091 lr=0.00269362 step=stateful RMSProp step applied
    unit 48/65 rc=868544 chunks=8 trained_queries=388601 trained_events=691328 mean_loss=2.151745 lr=0.00269319 step=stateful RMSProp step applied
    unit 49/65 rc=931357 chunks=1 trained_queries=5910 trained_events=9744 mean_loss=2.059872 lr=0.00269275 step=stateful RMSProp step applied
    unit 50/65 rc=932241 chunks=2 trained_queries=63481 trained_events=107824 mean_loss=2.104760 lr=0.00269231 step=stateful RMSProp step applied
    unit 51/65 rc=942005 chunks=6 trained_queries=295710 trained_events=510176 mean_loss=2.150051 lr=0.00269187 step=stateful RMSProp step applied
    unit 52/65 rc=988604 chunks=4 trained_queries=190096 trained_events=338304 mean_loss=2.118581 lr=0.00269143 step=stateful RMSProp step applied
    unit 53/65 rc=1019500 chunks=9 trained_queries=413444 trained_events=737802 mean_loss=2.144134 lr=0.00269099 step=stateful RMSProp step applied
    unit 54/65 rc=1087047 chunks=12 trained_queries=553466 trained_events=1002752 mean_loss=2.172104 lr=0.00269054 step=stateful RMSProp step applied
    unit 55/65 rc=1178720 chunks=2 trained_queries=96605 trained_events=164880 mean_loss=2.180354 lr=0.0026901 step=stateful RMSProp step applied
    unit 56/65 rc=1193882 chunks=1 trained_queries=5343 trained_events=9456 mean_loss=1.946245 lr=0.00268966 step=stateful RMSProp step applied
    unit 57/65 rc=1194732 chunks=9 trained_queries=426507 trained_events=745745 mean_loss=2.201833 lr=0.00268922 step=stateful RMSProp step applied
    unit 58/65 rc=1262782 chunks=9 trained_queries=420566 trained_events=755486 mean_loss=2.161892 lr=0.00268878 step=stateful RMSProp step applied
    unit 59/65 rc=1332021 chunks=11 trained_queries=535061 trained_events=1019376 mean_loss=2.106473 lr=0.00268834 step=stateful RMSProp step applied
    unit 60/65 rc=1425400 chunks=5 trained_queries=235017 trained_events=405880 mean_loss=2.155844 lr=0.00268789 step=stateful RMSProp step applied
    unit 61/65 rc=1462524 chunks=2 trained_queries=68054 trained_events=119056 mean_loss=2.059279 lr=0.00268745 step=stateful RMSProp step applied
    unit 62/65 rc=1473469 chunks=3 trained_queries=147152 trained_events=266576 mean_loss=2.118773 lr=0.00268701 step=stateful RMSProp step applied
    unit 63/65 rc=1497733 chunks=1 trained_queries=5204 trained_events=8048 mean_loss=2.143612 lr=0.00268656 step=stateful RMSProp step applied
    unit 64/65 rc=1498502 chunks=4 trained_queries=165699 trained_events=311920 mean_loss=2.075537 lr=0.00268612 step=stateful RMSProp step applied
    unit 65/65 rc=1526829 chunks=1 trained_queries=3594 trained_events=5440 mean_loss=1.929763 lr=0.00268568 step=stateful RMSProp step applied
  train-epoch: epoch 21 summary trained_queries=8880122 trained_events=16953844 mean_loss=2.131148
  train-epoch: epoch 22/100
    unit 1/65 rc=1 chunks=5 trained_queries=235411 trained_events=602672 mean_loss=2.039811 lr=0.00268523 step=stateful RMSProp step applied
    unit 2/65 rc=47811 chunks=25 trained_queries=1209056 trained_events=2588009 mean_loss=2.158576 lr=0.00268479 step=stateful RMSProp step applied
    unit 3/65 rc=282625 chunks=1 trained_queries=17780 trained_events=32192 mean_loss=1.969884 lr=0.00268434 step=stateful RMSProp step applied
    unit 4/65 rc=285382 chunks=1 trained_queries=16 trained_events=16 mean_loss=0.876304 lr=0.0026839 step=stateful RMSProp step applied
    unit 5/65 rc=285383 chunks=1 trained_queries=41 trained_events=48 mean_loss=1.760171 lr=0.00268345 step=stateful RMSProp step applied
    unit 6/65 rc=285388 chunks=2 trained_queries=54875 trained_events=94080 mean_loss=2.535769 lr=0.00268301 step=stateful RMSProp step applied
    unit 7/65 rc=294043 chunks=3 trained_queries=146903 trained_events=301856 mean_loss=2.175415 lr=0.00268256 step=stateful RMSProp step applied
    unit 8/65 rc=321434 chunks=1 trained_queries=19351 trained_events=28624 mean_loss=2.335850 lr=0.00268212 step=stateful RMSProp step applied
    unit 9/65 rc=324057 chunks=1 trained_queries=35110 trained_events=118240 mean_loss=1.969812 lr=0.00268167 step=stateful RMSProp step applied
    unit 10/65 rc=331740 chunks=1 trained_queries=16 trained_events=432 mean_loss=0.234922 lr=0.00268122 step=stateful RMSProp step applied
    unit 11/65 rc=331741 chunks=2 trained_queries=74861 trained_events=154864 mean_loss=2.011997 lr=0.00268078 step=stateful RMSProp step applied
    unit 12/65 rc=345687 chunks=1 trained_queries=30300 trained_events=55216 mean_loss=1.982030 lr=0.00268033 step=stateful RMSProp step applied
    unit 13/65 rc=350763 chunks=1 trained_queries=15923 trained_events=37200 mean_loss=1.989127 lr=0.00267988 step=stateful RMSProp step applied
    unit 14/65 rc=353625 chunks=2 trained_queries=55670 trained_events=115472 mean_loss=2.072567 lr=0.00267943 step=stateful RMSProp step applied
    unit 15/65 rc=364135 chunks=1 trained_queries=19324 trained_events=41184 mean_loss=2.088555 lr=0.00267898 step=stateful RMSProp step applied
    unit 16/65 rc=367786 chunks=1 trained_queries=22956 trained_events=58432 mean_loss=1.962330 lr=0.00267854 step=stateful RMSProp step applied
    unit 17/65 rc=372767 chunks=1 trained_queries=12887 trained_events=31552 mean_loss=1.896058 lr=0.00267809 step=stateful RMSProp step applied
    unit 18/65 rc=375106 chunks=1 trained_queries=37224 trained_events=92032 mean_loss=1.842659 lr=0.00267764 step=stateful RMSProp step applied
    unit 19/65 rc=382687 chunks=1 trained_queries=11903 trained_events=27856 mean_loss=2.086015 lr=0.00267719 step=stateful RMSProp step applied
    unit 20/65 rc=384937 chunks=1 trained_queries=13922 trained_events=37200 mean_loss=1.876868 lr=0.00267674 step=stateful RMSProp step applied
    unit 21/65 rc=387825 chunks=1 trained_queries=20966 trained_events=46224 mean_loss=1.992715 lr=0.00267629 step=stateful RMSProp step applied
    unit 22/65 rc=391753 chunks=2 trained_queries=80510 trained_events=178352 mean_loss=1.974825 lr=0.00267584 step=stateful RMSProp step applied
    unit 23/65 rc=407234 chunks=1 trained_queries=2379 trained_events=5104 mean_loss=1.955110 lr=0.00267539 step=stateful RMSProp step applied
    unit 24/65 rc=407680 chunks=1 trained_queries=6700 trained_events=24672 mean_loss=1.510837 lr=0.00267494 step=stateful RMSProp step applied
    unit 25/65 rc=409029 chunks=1 trained_queries=26203 trained_events=59152 mean_loss=1.981817 lr=0.00267449 step=stateful RMSProp step applied
    unit 26/65 rc=414232 chunks=1 trained_queries=20070 trained_events=43728 mean_loss=2.014302 lr=0.00267404 step=stateful RMSProp step applied
    unit 27/65 rc=418109 chunks=1 trained_queries=30344 trained_events=74160 mean_loss=1.784819 lr=0.00267359 step=stateful RMSProp step applied
    unit 28/65 rc=424071 chunks=1 trained_queries=37398 trained_events=78688 mean_loss=1.968549 lr=0.00267313 step=stateful RMSProp step applied
    unit 29/65 rc=431070 chunks=1 trained_queries=9984 trained_events=22352 mean_loss=2.031523 lr=0.00267268 step=stateful RMSProp step applied
    unit 30/65 rc=433017 chunks=1 trained_queries=368 trained_events=3696 mean_loss=0.775294 lr=0.00267223 step=stateful RMSProp step applied
    unit 31/65 rc=433081 chunks=1 trained_queries=31432 trained_events=72896 mean_loss=2.059301 lr=0.00267178 step=stateful RMSProp step applied
    unit 32/65 rc=439253 chunks=1 trained_queries=32416 trained_events=67744 mean_loss=2.106660 lr=0.00267133 step=stateful RMSProp step applied
    unit 33/65 rc=445065 chunks=2 trained_queries=52575 trained_events=104160 mean_loss=2.035788 lr=0.00267087 step=stateful RMSProp step applied
    unit 34/65 rc=454440 chunks=1 trained_queries=18981 trained_events=51680 mean_loss=1.720647 lr=0.00267042 step=stateful RMSProp step applied
    unit 35/65 rc=458387 chunks=1 trained_queries=5199 trained_events=12224 mean_loss=1.790456 lr=0.00266997 step=stateful RMSProp step applied
    unit 36/65 rc=459434 chunks=1 trained_queries=25529 trained_events=53568 mean_loss=1.915053 lr=0.00266951 step=stateful RMSProp step applied
    unit 37/65 rc=464285 chunks=1 trained_queries=944 trained_events=1792 mean_loss=1.598177 lr=0.00266906 step=stateful RMSProp step applied
    unit 38/65 rc=464449 chunks=1 trained_queries=13111 trained_events=27072 mean_loss=1.888838 lr=0.0026686 step=stateful RMSProp step applied
    unit 39/65 rc=466777 chunks=1 trained_queries=1172 trained_events=2576 mean_loss=1.411993 lr=0.00266815 step=stateful RMSProp step applied
    unit 40/65 rc=467002 chunks=10 trained_queries=476268 trained_events=843008 mean_loss=2.224401 lr=0.00266769 step=stateful RMSProp step applied
    unit 41/65 rc=544108 chunks=2 trained_queries=98499 trained_events=172032 mean_loss=2.185646 lr=0.00266724 step=stateful RMSProp step applied
    unit 42/65 rc=559920 chunks=3 trained_queries=136044 trained_events=238517 mean_loss=2.193028 lr=0.00266678 step=stateful RMSProp step applied
    unit 43/65 rc=581652 chunks=6 trained_queries=267495 trained_events=477697 mean_loss=2.152414 lr=0.00266633 step=stateful RMSProp step applied
    unit 44/65 rc=625299 chunks=16 trained_queries=787430 trained_events=1441440 mean_loss=2.172737 lr=0.00266587 step=stateful RMSProp step applied
    unit 45/65 rc=756698 chunks=3 trained_queries=135019 trained_events=240624 mean_loss=2.144024 lr=0.00266541 step=stateful RMSProp step applied
    unit 46/65 rc=778776 chunks=3 trained_queries=120415 trained_events=203264 mean_loss=2.170838 lr=0.00266496 step=stateful RMSProp step applied
    unit 47/65 rc=797238 chunks=9 trained_queries=409632 trained_events=780452 mean_loss=2.128154 lr=0.0026645 step=stateful RMSProp step applied
    unit 48/65 rc=868544 chunks=8 trained_queries=388601 trained_events=691328 mean_loss=2.170400 lr=0.00266404 step=stateful RMSProp step applied
    unit 49/65 rc=931357 chunks=1 trained_queries=5910 trained_events=9744 mean_loss=2.081393 lr=0.00266359 step=stateful RMSProp step applied
    unit 50/65 rc=932241 chunks=2 trained_queries=63481 trained_events=107824 mean_loss=2.092711 lr=0.00266313 step=stateful RMSProp step applied
    unit 51/65 rc=942005 chunks=6 trained_queries=295710 trained_events=510176 mean_loss=2.184806 lr=0.00266267 step=stateful RMSProp step applied
    unit 52/65 rc=988604 chunks=4 trained_queries=190096 trained_events=338304 mean_loss=2.146629 lr=0.00266221 step=stateful RMSProp step applied
    unit 53/65 rc=1019500 chunks=9 trained_queries=413444 trained_events=737802 mean_loss=2.149104 lr=0.00266175 step=stateful RMSProp step applied
    unit 54/65 rc=1087047 chunks=12 trained_queries=553466 trained_events=1002752 mean_loss=2.189210 lr=0.0026613 step=stateful RMSProp step applied
    unit 55/65 rc=1178720 chunks=2 trained_queries=96605 trained_events=164880 mean_loss=2.196651 lr=0.00266084 step=stateful RMSProp step applied
    unit 56/65 rc=1193882 chunks=1 trained_queries=5343 trained_events=9456 mean_loss=1.934906 lr=0.00266038 step=stateful RMSProp step applied
    unit 57/65 rc=1194732 chunks=9 trained_queries=426507 trained_events=745745 mean_loss=2.190653 lr=0.00265992 step=stateful RMSProp step applied
    unit 58/65 rc=1262782 chunks=9 trained_queries=420566 trained_events=755486 mean_loss=2.157895 lr=0.00265946 step=stateful RMSProp step applied
    unit 59/65 rc=1332021 chunks=11 trained_queries=535061 trained_events=1019376 mean_loss=2.120127 lr=0.002659 step=stateful RMSProp step applied
    unit 60/65 rc=1425400 chunks=5 trained_queries=235017 trained_events=405880 mean_loss=2.188446 lr=0.00265854 step=stateful RMSProp step applied
    unit 61/65 rc=1462524 chunks=2 trained_queries=68054 trained_events=119056 mean_loss=2.061776 lr=0.00265808 step=stateful RMSProp step applied
    unit 62/65 rc=1473469 chunks=3 trained_queries=147152 trained_events=266576 mean_loss=2.088827 lr=0.00265762 step=stateful RMSProp step applied
    unit 63/65 rc=1497733 chunks=1 trained_queries=5204 trained_events=8048 mean_loss=2.137133 lr=0.00265716 step=stateful RMSProp step applied
    unit 64/65 rc=1498502 chunks=4 trained_queries=165699 trained_events=311920 mean_loss=2.085376 lr=0.00265669 step=stateful RMSProp step applied
    unit 65/65 rc=1526829 chunks=1 trained_queries=3594 trained_events=5440 mean_loss=1.942358 lr=0.00265623 step=stateful RMSProp step applied
  train-epoch: epoch 22 summary trained_queries=8880122 trained_events=16953844 mean_loss=2.139335
  train-epoch: epoch 23/100
    unit 1/65 rc=1 chunks=5 trained_queries=235411 trained_events=602672 mean_loss=2.032947 lr=0.00265577 step=stateful RMSProp step applied
    unit 2/65 rc=47811 chunks=25 trained_queries=1209056 trained_events=2588009 mean_loss=2.153177 lr=0.00265531 step=stateful RMSProp step applied
    unit 3/65 rc=282625 chunks=1 trained_queries=17780 trained_events=32192 mean_loss=1.949445 lr=0.00265485 step=stateful RMSProp step applied
    unit 4/65 rc=285382 chunks=1 trained_queries=16 trained_events=16 mean_loss=0.895099 lr=0.00265438 step=stateful RMSProp step applied
    unit 5/65 rc=285383 chunks=1 trained_queries=41 trained_events=48 mean_loss=1.216651 lr=0.00265392 step=stateful RMSProp step applied
    unit 6/65 rc=285388 chunks=2 trained_queries=54875 trained_events=94080 mean_loss=2.405382 lr=0.00265346 step=stateful RMSProp step applied
    unit 7/65 rc=294043 chunks=3 trained_queries=146903 trained_events=301856 mean_loss=2.113435 lr=0.00265299 step=stateful RMSProp step applied
    unit 8/65 rc=321434 chunks=1 trained_queries=19351 trained_events=28624 mean_loss=2.254479 lr=0.00265253 step=stateful RMSProp step applied
    unit 9/65 rc=324057 chunks=1 trained_queries=35110 trained_events=118240 mean_loss=1.874538 lr=0.00265206 step=stateful RMSProp step applied
    unit 10/65 rc=331740 chunks=1 trained_queries=16 trained_events=432 mean_loss=0.162349 lr=0.0026516 step=stateful RMSProp step applied
    unit 11/65 rc=331741 chunks=2 trained_queries=74861 trained_events=154864 mean_loss=1.948763 lr=0.00265114 step=stateful RMSProp step applied
    unit 12/65 rc=345687 chunks=1 trained_queries=30300 trained_events=55216 mean_loss=1.926575 lr=0.00265067 step=stateful RMSProp step applied
    unit 13/65 rc=350763 chunks=1 trained_queries=15923 trained_events=37200 mean_loss=1.929471 lr=0.0026502 step=stateful RMSProp step applied
    unit 14/65 rc=353625 chunks=2 trained_queries=55670 trained_events=115472 mean_loss=2.023977 lr=0.00264974 step=stateful RMSProp step applied
    unit 15/65 rc=364135 chunks=1 trained_queries=19324 trained_events=41184 mean_loss=2.023733 lr=0.00264927 step=stateful RMSProp step applied
    unit 16/65 rc=367786 chunks=1 trained_queries=22956 trained_events=58432 mean_loss=1.890655 lr=0.00264881 step=stateful RMSProp step applied
    unit 17/65 rc=372767 chunks=1 trained_queries=12887 trained_events=31552 mean_loss=1.839310 lr=0.00264834 step=stateful RMSProp step applied
    unit 18/65 rc=375106 chunks=1 trained_queries=37224 trained_events=92032 mean_loss=1.807561 lr=0.00264787 step=stateful RMSProp step applied
    unit 19/65 rc=382687 chunks=1 trained_queries=11903 trained_events=27856 mean_loss=2.064649 lr=0.00264741 step=stateful RMSProp step applied
    unit 20/65 rc=384937 chunks=1 trained_queries=13922 trained_events=37200 mean_loss=1.834608 lr=0.00264694 step=stateful RMSProp step applied
    unit 21/65 rc=387825 chunks=1 trained_queries=20966 trained_events=46224 mean_loss=1.957526 lr=0.00264647 step=stateful RMSProp step applied
    unit 22/65 rc=391753 chunks=2 trained_queries=80510 trained_events=178352 mean_loss=1.919386 lr=0.00264601 step=stateful RMSProp step applied
    unit 23/65 rc=407234 chunks=1 trained_queries=2379 trained_events=5104 mean_loss=1.961310 lr=0.00264554 step=stateful RMSProp step applied
    unit 24/65 rc=407680 chunks=1 trained_queries=6700 trained_events=24672 mean_loss=1.468120 lr=0.00264507 step=stateful RMSProp step applied
    unit 25/65 rc=409029 chunks=1 trained_queries=26203 trained_events=59152 mean_loss=1.950820 lr=0.0026446 step=stateful RMSProp step applied
    unit 26/65 rc=414232 chunks=1 trained_queries=20070 trained_events=43728 mean_loss=1.996270 lr=0.00264413 step=stateful RMSProp step applied
    unit 27/65 rc=418109 chunks=1 trained_queries=30344 trained_events=74160 mean_loss=1.757674 lr=0.00264366 step=stateful RMSProp step applied
    unit 28/65 rc=424071 chunks=1 trained_queries=37398 trained_events=78688 mean_loss=1.959906 lr=0.00264319 step=stateful RMSProp step applied
    unit 29/65 rc=431070 chunks=1 trained_queries=9984 trained_events=22352 mean_loss=2.011497 lr=0.00264273 step=stateful RMSProp step applied
    unit 30/65 rc=433017 chunks=1 trained_queries=368 trained_events=3696 mean_loss=0.686067 lr=0.00264226 step=stateful RMSProp step applied
    unit 31/65 rc=433081 chunks=1 trained_queries=31432 trained_events=72896 mean_loss=1.960862 lr=0.00264179 step=stateful RMSProp step applied
    unit 32/65 rc=439253 chunks=1 trained_queries=32416 trained_events=67744 mean_loss=2.041934 lr=0.00264131 step=stateful RMSProp step applied
    unit 33/65 rc=445065 chunks=2 trained_queries=52575 trained_events=104160 mean_loss=1.988937 lr=0.00264084 step=stateful RMSProp step applied
    unit 34/65 rc=454440 chunks=1 trained_queries=18981 trained_events=51680 mean_loss=1.672853 lr=0.00264037 step=stateful RMSProp step applied
    unit 35/65 rc=458387 chunks=1 trained_queries=5199 trained_events=12224 mean_loss=1.727171 lr=0.0026399 step=stateful RMSProp step applied
    unit 36/65 rc=459434 chunks=1 trained_queries=25529 trained_events=53568 mean_loss=1.880493 lr=0.00263943 step=stateful RMSProp step applied
    unit 37/65 rc=464285 chunks=1 trained_queries=944 trained_events=1792 mean_loss=1.540036 lr=0.00263896 step=stateful RMSProp step applied
    unit 38/65 rc=464449 chunks=1 trained_queries=13111 trained_events=27072 mean_loss=1.833032 lr=0.00263849 step=stateful RMSProp step applied
    unit 39/65 rc=466777 chunks=1 trained_queries=1172 trained_events=2576 mean_loss=1.390211 lr=0.00263802 step=stateful RMSProp step applied
    unit 40/65 rc=467002 chunks=10 trained_queries=476268 trained_events=843008 mean_loss=2.184156 lr=0.00263754 step=stateful RMSProp step applied
    unit 41/65 rc=544108 chunks=2 trained_queries=98499 trained_events=172032 mean_loss=2.158951 lr=0.00263707 step=stateful RMSProp step applied
    unit 42/65 rc=559920 chunks=3 trained_queries=136044 trained_events=238517 mean_loss=2.151211 lr=0.0026366 step=stateful RMSProp step applied
    unit 43/65 rc=581652 chunks=6 trained_queries=267495 trained_events=477697 mean_loss=2.122272 lr=0.00263612 step=stateful RMSProp step applied
    unit 44/65 rc=625299 chunks=16 trained_queries=787430 trained_events=1441440 mean_loss=2.148359 lr=0.00263565 step=stateful RMSProp step applied
    unit 45/65 rc=756698 chunks=3 trained_queries=135019 trained_events=240624 mean_loss=2.120669 lr=0.00263518 step=stateful RMSProp step applied
    unit 46/65 rc=778776 chunks=3 trained_queries=120415 trained_events=203264 mean_loss=2.144559 lr=0.0026347 step=stateful RMSProp step applied
    unit 47/65 rc=797238 chunks=9 trained_queries=409632 trained_events=780452 mean_loss=2.106608 lr=0.00263423 step=stateful RMSProp step applied
    unit 48/65 rc=868544 chunks=8 trained_queries=388601 trained_events=691328 mean_loss=2.142933 lr=0.00263375 step=stateful RMSProp step applied
    unit 49/65 rc=931357 chunks=1 trained_queries=5910 trained_events=9744 mean_loss=2.046593 lr=0.00263328 step=stateful RMSProp step applied
    unit 50/65 rc=932241 chunks=2 trained_queries=63481 trained_events=107824 mean_loss=2.079733 lr=0.0026328 step=stateful RMSProp step applied
    unit 51/65 rc=942005 chunks=6 trained_queries=295710 trained_events=510176 mean_loss=2.157591 lr=0.00263233 step=stateful RMSProp step applied
    unit 52/65 rc=988604 chunks=4 trained_queries=190096 trained_events=338304 mean_loss=2.116430 lr=0.00263185 step=stateful RMSProp step applied
    unit 53/65 rc=1019500 chunks=9 trained_queries=413444 trained_events=737802 mean_loss=2.135588 lr=0.00263138 step=stateful RMSProp step applied
    unit 54/65 rc=1087047 chunks=12 trained_queries=553466 trained_events=1002752 mean_loss=2.172507 lr=0.0026309 step=stateful RMSProp step applied
    unit 55/65 rc=1178720 chunks=2 trained_queries=96605 trained_events=164880 mean_loss=2.190101 lr=0.00263042 step=stateful RMSProp step applied
    unit 56/65 rc=1193882 chunks=1 trained_queries=5343 trained_events=9456 mean_loss=1.914037 lr=0.00262995 step=stateful RMSProp step applied
    unit 57/65 rc=1194732 chunks=9 trained_queries=426507 trained_events=745745 mean_loss=2.179676 lr=0.00262947 step=stateful RMSProp step applied
    unit 58/65 rc=1262782 chunks=9 trained_queries=420566 trained_events=755486 mean_loss=2.153737 lr=0.00262899 step=stateful RMSProp step applied
    unit 59/65 rc=1332021 chunks=11 trained_queries=535061 trained_events=1019376 mean_loss=2.126949 lr=0.00262852 step=stateful RMSProp step applied
    unit 60/65 rc=1425400 chunks=5 trained_queries=235017 trained_events=405880 mean_loss=2.190865 lr=0.00262804 step=stateful RMSProp step applied
    unit 61/65 rc=1462524 chunks=2 trained_queries=68054 trained_events=119056 mean_loss=2.065277 lr=0.00262756 step=stateful RMSProp step applied
    unit 62/65 rc=1473469 chunks=3 trained_queries=147152 trained_events=266576 mean_loss=2.064869 lr=0.00262708 step=stateful RMSProp step applied
    unit 63/65 rc=1497733 chunks=1 trained_queries=5204 trained_events=8048 mean_loss=2.112655 lr=0.0026266 step=stateful RMSProp step applied
    unit 64/65 rc=1498502 chunks=4 trained_queries=165699 trained_events=311920 mean_loss=2.052418 lr=0.00262613 step=stateful RMSProp step applied
    unit 65/65 rc=1526829 chunks=1 trained_queries=3594 trained_events=5440 mean_loss=1.895237 lr=0.00262565 step=stateful RMSProp step applied
  train-epoch: epoch 23 summary trained_queries=8880122 trained_events=16953844 mean_loss=2.118178
  train-epoch: epoch 24/100
    unit 1/65 rc=1 chunks=5 trained_queries=235411 trained_events=602672 mean_loss=1.996169 lr=0.00262517 step=stateful RMSProp step applied
    unit 2/65 rc=47811 chunks=25 trained_queries=1209056 trained_events=2588009 mean_loss=2.133730 lr=0.00262469 step=stateful RMSProp step applied
    unit 3/65 rc=282625 chunks=1 trained_queries=17780 trained_events=32192 mean_loss=1.927638 lr=0.00262421 step=stateful RMSProp step applied
    unit 4/65 rc=285382 chunks=1 trained_queries=16 trained_events=16 mean_loss=0.958271 lr=0.00262373 step=stateful RMSProp step applied
    unit 5/65 rc=285383 chunks=1 trained_queries=41 trained_events=48 mean_loss=1.211309 lr=0.00262325 step=stateful RMSProp step applied
    unit 6/65 rc=285388 chunks=2 trained_queries=54875 trained_events=94080 mean_loss=2.338268 lr=0.00262277 step=stateful RMSProp step applied
    unit 7/65 rc=294043 chunks=3 trained_queries=146903 trained_events=301856 mean_loss=2.034439 lr=0.00262229 step=stateful RMSProp step applied
    unit 8/65 rc=321434 chunks=1 trained_queries=19351 trained_events=28624 mean_loss=2.216430 lr=0.0026218 step=stateful RMSProp step applied
    unit 9/65 rc=324057 chunks=1 trained_queries=35110 trained_events=118240 mean_loss=1.829833 lr=0.00262132 step=stateful RMSProp step applied
    unit 10/65 rc=331740 chunks=1 trained_queries=16 trained_events=432 mean_loss=0.168848 lr=0.00262084 step=stateful RMSProp step applied
    unit 11/65 rc=331741 chunks=2 trained_queries=74861 trained_events=154864 mean_loss=1.913252 lr=0.00262036 step=stateful RMSProp step applied
    unit 12/65 rc=345687 chunks=1 trained_queries=30300 trained_events=55216 mean_loss=1.908550 lr=0.00261988 step=stateful RMSProp step applied
    unit 13/65 rc=350763 chunks=1 trained_queries=15923 trained_events=37200 mean_loss=1.923909 lr=0.00261939 step=stateful RMSProp step applied
    unit 14/65 rc=353625 chunks=2 trained_queries=55670 trained_events=115472 mean_loss=2.002804 lr=0.00261891 step=stateful RMSProp step applied
    unit 15/65 rc=364135 chunks=1 trained_queries=19324 trained_events=41184 mean_loss=1.995256 lr=0.00261843 step=stateful RMSProp step applied
    unit 16/65 rc=367786 chunks=1 trained_queries=22956 trained_events=58432 mean_loss=1.878237 lr=0.00261795 step=stateful RMSProp step applied
    unit 17/65 rc=372767 chunks=1 trained_queries=12887 trained_events=31552 mean_loss=1.791983 lr=0.00261746 step=stateful RMSProp step applied
    unit 18/65 rc=375106 chunks=1 trained_queries=37224 trained_events=92032 mean_loss=1.781767 lr=0.00261698 step=stateful RMSProp step applied
    unit 19/65 rc=382687 chunks=1 trained_queries=11903 trained_events=27856 mean_loss=2.015924 lr=0.00261649 step=stateful RMSProp step applied
    unit 20/65 rc=384937 chunks=1 trained_queries=13922 trained_events=37200 mean_loss=1.791732 lr=0.00261601 step=stateful RMSProp step applied
    unit 21/65 rc=387825 chunks=1 trained_queries=20966 trained_events=46224 mean_loss=1.907637 lr=0.00261553 step=stateful RMSProp step applied
    unit 22/65 rc=391753 chunks=2 trained_queries=80510 trained_events=178352 mean_loss=1.896522 lr=0.00261504 step=stateful RMSProp step applied
    unit 23/65 rc=407234 chunks=1 trained_queries=2379 trained_events=5104 mean_loss=1.862975 lr=0.00261456 step=stateful RMSProp step applied
    unit 24/65 rc=407680 chunks=1 trained_queries=6700 trained_events=24672 mean_loss=1.462262 lr=0.00261407 step=stateful RMSProp step applied
    unit 25/65 rc=409029 chunks=1 trained_queries=26203 trained_events=59152 mean_loss=1.917422 lr=0.00261358 step=stateful RMSProp step applied
    unit 26/65 rc=414232 chunks=1 trained_queries=20070 trained_events=43728 mean_loss=1.944419 lr=0.0026131 step=stateful RMSProp step applied
    unit 27/65 rc=418109 chunks=1 trained_queries=30344 trained_events=74160 mean_loss=1.730302 lr=0.00261261 step=stateful RMSProp step applied
    unit 28/65 rc=424071 chunks=1 trained_queries=37398 trained_events=78688 mean_loss=1.916904 lr=0.00261213 step=stateful RMSProp step applied
    unit 29/65 rc=431070 chunks=1 trained_queries=9984 trained_events=22352 mean_loss=2.006306 lr=0.00261164 step=stateful RMSProp step applied
    unit 30/65 rc=433017 chunks=1 trained_queries=368 trained_events=3696 mean_loss=0.636338 lr=0.00261115 step=stateful RMSProp step applied
    unit 31/65 rc=433081 chunks=1 trained_queries=31432 trained_events=72896 mean_loss=1.975587 lr=0.00261067 step=stateful RMSProp step applied
    unit 32/65 rc=439253 chunks=1 trained_queries=32416 trained_events=67744 mean_loss=2.034589 lr=0.00261018 step=stateful RMSProp step applied
    unit 33/65 rc=445065 chunks=2 trained_queries=52575 trained_events=104160 mean_loss=1.970051 lr=0.00260969 step=stateful RMSProp step applied
    unit 34/65 rc=454440 chunks=1 trained_queries=18981 trained_events=51680 mean_loss=1.651004 lr=0.0026092 step=stateful RMSProp step applied
    unit 35/65 rc=458387 chunks=1 trained_queries=5199 trained_events=12224 mean_loss=1.718726 lr=0.00260871 step=stateful RMSProp step applied
    unit 36/65 rc=459434 chunks=1 trained_queries=25529 trained_events=53568 mean_loss=1.853694 lr=0.00260823 step=stateful RMSProp step applied
    unit 37/65 rc=464285 chunks=1 trained_queries=944 trained_events=1792 mean_loss=1.517609 lr=0.00260774 step=stateful RMSProp step applied
    unit 38/65 rc=464449 chunks=1 trained_queries=13111 trained_events=27072 mean_loss=1.834280 lr=0.00260725 step=stateful RMSProp step applied
    unit 39/65 rc=466777 chunks=1 trained_queries=1172 trained_events=2576 mean_loss=1.389593 lr=0.00260676 step=stateful RMSProp step applied
    unit 40/65 rc=467002 chunks=10 trained_queries=476268 trained_events=843008 mean_loss=2.168895 lr=0.00260627 step=stateful RMSProp step applied
    unit 41/65 rc=544108 chunks=2 trained_queries=98499 trained_events=172032 mean_loss=2.147138 lr=0.00260578 step=stateful RMSProp step applied
    unit 42/65 rc=559920 chunks=3 trained_queries=136044 trained_events=238517 mean_loss=2.155937 lr=0.00260529 step=stateful RMSProp step applied
    unit 43/65 rc=581652 chunks=6 trained_queries=267495 trained_events=477697 mean_loss=2.115418 lr=0.0026048 step=stateful RMSProp step applied
    unit 44/65 rc=625299 chunks=16 trained_queries=787430 trained_events=1441440 mean_loss=2.140140 lr=0.00260431 step=stateful RMSProp step applied
    unit 45/65 rc=756698 chunks=3 trained_queries=135019 trained_events=240624 mean_loss=2.102765 lr=0.00260382 step=stateful RMSProp step applied
    unit 46/65 rc=778776 chunks=3 trained_queries=120415 trained_events=203264 mean_loss=2.127018 lr=0.00260333 step=stateful RMSProp step applied
    unit 47/65 rc=797238 chunks=9 trained_queries=409632 trained_events=780452 mean_loss=2.086081 lr=0.00260284 step=stateful RMSProp step applied
    unit 48/65 rc=868544 chunks=8 trained_queries=388601 trained_events=691328 mean_loss=2.122946 lr=0.00260234 step=stateful RMSProp step applied
    unit 49/65 rc=931357 chunks=1 trained_queries=5910 trained_events=9744 mean_loss=2.017346 lr=0.00260185 step=stateful RMSProp step applied
    unit 50/65 rc=932241 chunks=2 trained_queries=63481 trained_events=107824 mean_loss=2.054182 lr=0.00260136 step=stateful RMSProp step applied
    unit 51/65 rc=942005 chunks=6 trained_queries=295710 trained_events=510176 mean_loss=2.126663 lr=0.00260087 step=stateful RMSProp step applied
    unit 52/65 rc=988604 chunks=4 trained_queries=190096 trained_events=338304 mean_loss=2.087944 lr=0.00260038 step=stateful RMSProp step applied
    unit 53/65 rc=1019500 chunks=9 trained_queries=413444 trained_events=737802 mean_loss=2.114377 lr=0.00259988 step=stateful RMSProp step applied
    unit 54/65 rc=1087047 chunks=12 trained_queries=553466 trained_events=1002752 mean_loss=2.143020 lr=0.00259939 step=stateful RMSProp step applied
    unit 55/65 rc=1178720 chunks=2 trained_queries=96605 trained_events=164880 mean_loss=2.157597 lr=0.0025989 step=stateful RMSProp step applied
    unit 56/65 rc=1193882 chunks=1 trained_queries=5343 trained_events=9456 mean_loss=1.891780 lr=0.0025984 step=stateful RMSProp step applied
    unit 57/65 rc=1194732 chunks=9 trained_queries=426507 trained_events=745745 mean_loss=2.158026 lr=0.00259791 step=stateful RMSProp step applied
    unit 58/65 rc=1262782 chunks=9 trained_queries=420566 trained_events=755486 mean_loss=2.121071 lr=0.00259742 step=stateful RMSProp step applied
    unit 59/65 rc=1332021 chunks=11 trained_queries=535061 trained_events=1019376 mean_loss=2.079904 lr=0.00259692 step=stateful RMSProp step applied
    unit 60/65 rc=1425400 chunks=5 trained_queries=235017 trained_events=405880 mean_loss=2.144295 lr=0.00259643 step=stateful RMSProp step applied
    unit 61/65 rc=1462524 chunks=2 trained_queries=68054 trained_events=119056 mean_loss=2.037027 lr=0.00259593 step=stateful RMSProp step applied
    unit 62/65 rc=1473469 chunks=3 trained_queries=147152 trained_events=266576 mean_loss=2.051081 lr=0.00259544 step=stateful RMSProp step applied
    unit 63/65 rc=1497733 chunks=1 trained_queries=5204 trained_events=8048 mean_loss=2.107151 lr=0.00259494 step=stateful RMSProp step applied
    unit 64/65 rc=1498502 chunks=4 trained_queries=165699 trained_events=311920 mean_loss=2.036985 lr=0.00259444 step=stateful RMSProp step applied
    unit 65/65 rc=1526829 chunks=1 trained_queries=3594 trained_events=5440 mean_loss=1.879344 lr=0.00259395 step=stateful RMSProp step applied
  train-epoch: epoch 24 summary trained_queries=8880122 trained_events=16953844 mean_loss=2.093749
  train-epoch: epoch 25/100
    unit 1/65 rc=1 chunks=5 trained_queries=235411 trained_events=602672 mean_loss=1.990191 lr=0.00259345 step=stateful RMSProp step applied
    unit 2/65 rc=47811 chunks=25 trained_queries=1209056 trained_events=2588009 mean_loss=2.118061 lr=0.00259296 step=stateful RMSProp step applied
    unit 3/65 rc=282625 chunks=1 trained_queries=17780 trained_events=32192 mean_loss=1.908536 lr=0.00259246 step=stateful RMSProp step applied
    unit 4/65 rc=285382 chunks=1 trained_queries=16 trained_events=16 mean_loss=0.835816 lr=0.00259196 step=stateful RMSProp step applied
    unit 5/65 rc=285383 chunks=1 trained_queries=41 trained_events=48 mean_loss=1.116508 lr=0.00259147 step=stateful RMSProp step applied
    unit 6/65 rc=285388 chunks=2 trained_queries=54875 trained_events=94080 mean_loss=2.295845 lr=0.00259097 step=stateful RMSProp step applied
    unit 7/65 rc=294043 chunks=3 trained_queries=146903 trained_events=301856 mean_loss=2.005229 lr=0.00259047 step=stateful RMSProp step applied
    unit 8/65 rc=321434 chunks=1 trained_queries=19351 trained_events=28624 mean_loss=2.205921 lr=0.00258997 step=stateful RMSProp step applied
    unit 9/65 rc=324057 chunks=1 trained_queries=35110 trained_events=118240 mean_loss=1.810255 lr=0.00258947 step=stateful RMSProp step applied
    unit 10/65 rc=331740 chunks=1 trained_queries=16 trained_events=432 mean_loss=0.170502 lr=0.00258898 step=stateful RMSProp step applied
    unit 11/65 rc=331741 chunks=2 trained_queries=74861 trained_events=154864 mean_loss=1.910535 lr=0.00258848 step=stateful RMSProp step applied
    unit 12/65 rc=345687 chunks=1 trained_queries=30300 trained_events=55216 mean_loss=1.877606 lr=0.00258798 step=stateful RMSProp step applied
    unit 13/65 rc=350763 chunks=1 trained_queries=15923 trained_events=37200 mean_loss=1.944012 lr=0.00258748 step=stateful RMSProp step applied
    unit 14/65 rc=353625 chunks=2 trained_queries=55670 trained_events=115472 mean_loss=1.987563 lr=0.00258698 step=stateful RMSProp step applied
    unit 15/65 rc=364135 chunks=1 trained_queries=19324 trained_events=41184 mean_loss=2.001513 lr=0.00258648 step=stateful RMSProp step applied
    unit 16/65 rc=367786 chunks=1 trained_queries=22956 trained_events=58432 mean_loss=1.884106 lr=0.00258598 step=stateful RMSProp step applied
    unit 17/65 rc=372767 chunks=1 trained_queries=12887 trained_events=31552 mean_loss=1.788543 lr=0.00258548 step=stateful RMSProp step applied
    unit 18/65 rc=375106 chunks=1 trained_queries=37224 trained_events=92032 mean_loss=1.779517 lr=0.00258498 step=stateful RMSProp step applied
    unit 19/65 rc=382687 chunks=1 trained_queries=11903 trained_events=27856 mean_loss=1.978408 lr=0.00258448 step=stateful RMSProp step applied
    unit 20/65 rc=384937 chunks=1 trained_queries=13922 trained_events=37200 mean_loss=1.760074 lr=0.00258398 step=stateful RMSProp step applied
    unit 21/65 rc=387825 chunks=1 trained_queries=20966 trained_events=46224 mean_loss=1.903505 lr=0.00258348 step=stateful RMSProp step applied
    unit 22/65 rc=391753 chunks=2 trained_queries=80510 trained_events=178352 mean_loss=1.883504 lr=0.00258297 step=stateful RMSProp step applied
    unit 23/65 rc=407234 chunks=1 trained_queries=2379 trained_events=5104 mean_loss=1.865711 lr=0.00258247 step=stateful RMSProp step applied
    unit 24/65 rc=407680 chunks=1 trained_queries=6700 trained_events=24672 mean_loss=1.402651 lr=0.00258197 step=stateful RMSProp step applied
    unit 25/65 rc=409029 chunks=1 trained_queries=26203 trained_events=59152 mean_loss=1.900769 lr=0.00258147 step=stateful RMSProp step applied
    unit 26/65 rc=414232 chunks=1 trained_queries=20070 trained_events=43728 mean_loss=1.940562 lr=0.00258097 step=stateful RMSProp step applied
    unit 27/65 rc=418109 chunks=1 trained_queries=30344 trained_events=74160 mean_loss=1.713072 lr=0.00258046 step=stateful RMSProp step applied
    unit 28/65 rc=424071 chunks=1 trained_queries=37398 trained_events=78688 mean_loss=1.879759 lr=0.00257996 step=stateful RMSProp step applied
    unit 29/65 rc=431070 chunks=1 trained_queries=9984 trained_events=22352 mean_loss=1.962529 lr=0.00257946 step=stateful RMSProp step applied
    unit 30/65 rc=433017 chunks=1 trained_queries=368 trained_events=3696 mean_loss=0.603460 lr=0.00257895 step=stateful RMSProp step applied
    unit 31/65 rc=433081 chunks=1 trained_queries=31432 trained_events=72896 mean_loss=1.959483 lr=0.00257845 step=stateful RMSProp step applied
    unit 32/65 rc=439253 chunks=1 trained_queries=32416 trained_events=67744 mean_loss=1.993888 lr=0.00257795 step=stateful RMSProp step applied
    unit 33/65 rc=445065 chunks=2 trained_queries=52575 trained_events=104160 mean_loss=1.975269 lr=0.00257744 step=stateful RMSProp step applied
    unit 34/65 rc=454440 chunks=1 trained_queries=18981 trained_events=51680 mean_loss=1.668182 lr=0.00257694 step=stateful RMSProp step applied
    unit 35/65 rc=458387 chunks=1 trained_queries=5199 trained_events=12224 mean_loss=1.712234 lr=0.00257643 step=stateful RMSProp step applied
    unit 36/65 rc=459434 chunks=1 trained_queries=25529 trained_events=53568 mean_loss=1.834583 lr=0.00257593 step=stateful RMSProp step applied
    unit 37/65 rc=464285 chunks=1 trained_queries=944 trained_events=1792 mean_loss=1.505052 lr=0.00257542 step=stateful RMSProp step applied
    unit 38/65 rc=464449 chunks=1 trained_queries=13111 trained_events=27072 mean_loss=1.786476 lr=0.00257492 step=stateful RMSProp step applied
    unit 39/65 rc=466777 chunks=1 trained_queries=1172 trained_events=2576 mean_loss=1.365338 lr=0.00257441 step=stateful RMSProp step applied
    unit 40/65 rc=467002 chunks=10 trained_queries=476268 trained_events=843008 mean_loss=2.149873 lr=0.0025739 step=stateful RMSProp step applied
    unit 41/65 rc=544108 chunks=2 trained_queries=98499 trained_events=172032 mean_loss=2.129690 lr=0.0025734 step=stateful RMSProp step applied
    unit 42/65 rc=559920 chunks=3 trained_queries=136044 trained_events=238517 mean_loss=2.127038 lr=0.00257289 step=stateful RMSProp step applied
    unit 43/65 rc=581652 chunks=6 trained_queries=267495 trained_events=477697 mean_loss=2.101286 lr=0.00257239 step=stateful RMSProp step applied
    unit 44/65 rc=625299 chunks=16 trained_queries=787430 trained_events=1441440 mean_loss=2.131453 lr=0.00257188 step=stateful RMSProp step applied
    unit 45/65 rc=756698 chunks=3 trained_queries=135019 trained_events=240624 mean_loss=2.091212 lr=0.00257137 step=stateful RMSProp step applied
    unit 46/65 rc=778776 chunks=3 trained_queries=120415 trained_events=203264 mean_loss=2.111137 lr=0.00257086 step=stateful RMSProp step applied
    unit 47/65 rc=797238 chunks=9 trained_queries=409632 trained_events=780452 mean_loss=2.083644 lr=0.00257036 step=stateful RMSProp step applied
    unit 48/65 rc=868544 chunks=8 trained_queries=388601 trained_events=691328 mean_loss=2.118484 lr=0.00256985 step=stateful RMSProp step applied
    unit 49/65 rc=931357 chunks=1 trained_queries=5910 trained_events=9744 mean_loss=2.003379 lr=0.00256934 step=stateful RMSProp step applied
    unit 50/65 rc=932241 chunks=2 trained_queries=63481 trained_events=107824 mean_loss=2.041656 lr=0.00256883 step=stateful RMSProp step applied
    unit 51/65 rc=942005 chunks=6 trained_queries=295710 trained_events=510176 mean_loss=2.117161 lr=0.00256832 step=stateful RMSProp step applied
    unit 52/65 rc=988604 chunks=4 trained_queries=190096 trained_events=338304 mean_loss=2.073623 lr=0.00256781 step=stateful RMSProp step applied
    unit 53/65 rc=1019500 chunks=9 trained_queries=413444 trained_events=737802 mean_loss=2.097042 lr=0.0025673 step=stateful RMSProp step applied
    unit 54/65 rc=1087047 chunks=12 trained_queries=553466 trained_events=1002752 mean_loss=2.120204 lr=0.00256679 step=stateful RMSProp step applied
    unit 55/65 rc=1178720 chunks=2 trained_queries=96605 trained_events=164880 mean_loss=2.124515 lr=0.00256628 step=stateful RMSProp step applied
    unit 56/65 rc=1193882 chunks=1 trained_queries=5343 trained_events=9456 mean_loss=1.872946 lr=0.00256577 step=stateful RMSProp step applied
    unit 57/65 rc=1194732 chunks=9 trained_queries=426507 trained_events=745745 mean_loss=2.148197 lr=0.00256526 step=stateful RMSProp step applied
    unit 58/65 rc=1262782 chunks=9 trained_queries=420566 trained_events=755486 mean_loss=2.109823 lr=0.00256475 step=stateful RMSProp step applied
    unit 59/65 rc=1332021 chunks=11 trained_queries=535061 trained_events=1019376 mean_loss=2.059594 lr=0.00256424 step=stateful RMSProp step applied
    unit 60/65 rc=1425400 chunks=5 trained_queries=235017 trained_events=405880 mean_loss=2.113303 lr=0.00256373 step=stateful RMSProp step applied
    unit 61/65 rc=1462524 chunks=2 trained_queries=68054 trained_events=119056 mean_loss=2.008001 lr=0.00256322 step=stateful RMSProp step applied
    unit 62/65 rc=1473469 chunks=3 trained_queries=147152 trained_events=266576 mean_loss=2.049484 lr=0.00256271 step=stateful RMSProp step applied
    unit 63/65 rc=1497733 chunks=1 trained_queries=5204 trained_events=8048 mean_loss=2.072370 lr=0.0025622 step=stateful RMSProp step applied
    unit 64/65 rc=1498502 chunks=4 trained_queries=165699 trained_events=311920 mean_loss=2.011907 lr=0.00256168 step=stateful RMSProp step applied
    unit 65/65 rc=1526829 chunks=1 trained_queries=3594 trained_events=5440 mean_loss=1.864106 lr=0.00256117 step=stateful RMSProp step applied
  train-epoch: epoch 25 summary trained_queries=8880122 trained_events=16953844 mean_loss=2.078972
  train-epoch: epoch 26/100
    unit 1/65 rc=1 chunks=5 trained_queries=235411 trained_events=602672 mean_loss=1.996945 lr=0.00256066 step=stateful RMSProp step applied
    unit 2/65 rc=47811 chunks=25 trained_queries=1209056 trained_events=2588009 mean_loss=2.109504 lr=0.00256015 step=stateful RMSProp step applied
    unit 3/65 rc=282625 chunks=1 trained_queries=17780 trained_events=32192 mean_loss=1.885322 lr=0.00255963 step=stateful RMSProp step applied
    unit 4/65 rc=285382 chunks=1 trained_queries=16 trained_events=16 mean_loss=0.806235 lr=0.00255912 step=stateful RMSProp step applied
    unit 5/65 rc=285383 chunks=1 trained_queries=41 trained_events=48 mean_loss=1.191843 lr=0.00255861 step=stateful RMSProp step applied
    unit 6/65 rc=285388 chunks=2 trained_queries=54875 trained_events=94080 mean_loss=2.301664 lr=0.00255809 step=stateful RMSProp step applied
    unit 7/65 rc=294043 chunks=3 trained_queries=146903 trained_events=301856 mean_loss=2.003103 lr=0.00255758 step=stateful RMSProp step applied
    unit 8/65 rc=321434 chunks=1 trained_queries=19351 trained_events=28624 mean_loss=2.195012 lr=0.00255707 step=stateful RMSProp step applied
    unit 9/65 rc=324057 chunks=1 trained_queries=35110 trained_events=118240 mean_loss=1.778372 lr=0.00255655 step=stateful RMSProp step applied
    unit 10/65 rc=331740 chunks=1 trained_queries=16 trained_events=432 mean_loss=0.197593 lr=0.00255604 step=stateful RMSProp step applied
    unit 11/65 rc=331741 chunks=2 trained_queries=74861 trained_events=154864 mean_loss=1.985879 lr=0.00255552 step=stateful RMSProp step applied
    unit 12/65 rc=345687 chunks=1 trained_queries=30300 trained_events=55216 mean_loss=1.916309 lr=0.00255501 step=stateful RMSProp step applied
    unit 13/65 rc=350763 chunks=1 trained_queries=15923 trained_events=37200 mean_loss=1.953910 lr=0.00255449 step=stateful RMSProp step applied
    unit 14/65 rc=353625 chunks=2 trained_queries=55670 trained_events=115472 mean_loss=2.011108 lr=0.00255397 step=stateful RMSProp step applied
    unit 15/65 rc=364135 chunks=1 trained_queries=19324 trained_events=41184 mean_loss=2.013893 lr=0.00255346 step=stateful RMSProp step applied
    unit 16/65 rc=367786 chunks=1 trained_queries=22956 trained_events=58432 mean_loss=1.862623 lr=0.00255294 step=stateful RMSProp step applied
    unit 17/65 rc=372767 chunks=1 trained_queries=12887 trained_events=31552 mean_loss=1.839358 lr=0.00255243 step=stateful RMSProp step applied
    unit 18/65 rc=375106 chunks=1 trained_queries=37224 trained_events=92032 mean_loss=1.790423 lr=0.00255191 step=stateful RMSProp step applied
    unit 19/65 rc=382687 chunks=1 trained_queries=11903 trained_events=27856 mean_loss=1.968780 lr=0.00255139 step=stateful RMSProp step applied
    unit 20/65 rc=384937 chunks=1 trained_queries=13922 trained_events=37200 mean_loss=1.848896 lr=0.00255088 step=stateful RMSProp step applied
    unit 21/65 rc=387825 chunks=1 trained_queries=20966 trained_events=46224 mean_loss=1.962789 lr=0.00255036 step=stateful RMSProp step applied
    unit 22/65 rc=391753 chunks=2 trained_queries=80510 trained_events=178352 mean_loss=1.900956 lr=0.00254984 step=stateful RMSProp step applied
    unit 23/65 rc=407234 chunks=1 trained_queries=2379 trained_events=5104 mean_loss=1.898910 lr=0.00254932 step=stateful RMSProp step applied
    unit 24/65 rc=407680 chunks=1 trained_queries=6700 trained_events=24672 mean_loss=1.564400 lr=0.0025488 step=stateful RMSProp step applied
    unit 25/65 rc=409029 chunks=1 trained_queries=26203 trained_events=59152 mean_loss=1.926425 lr=0.00254829 step=stateful RMSProp step applied
    unit 26/65 rc=414232 chunks=1 trained_queries=20070 trained_events=43728 mean_loss=1.927314 lr=0.00254777 step=stateful RMSProp step applied
    unit 27/65 rc=418109 chunks=1 trained_queries=30344 trained_events=74160 mean_loss=1.741262 lr=0.00254725 step=stateful RMSProp step applied
    unit 28/65 rc=424071 chunks=1 trained_queries=37398 trained_events=78688 mean_loss=1.896965 lr=0.00254673 step=stateful RMSProp step applied
    unit 29/65 rc=431070 chunks=1 trained_queries=9984 trained_events=22352 mean_loss=1.957903 lr=0.00254621 step=stateful RMSProp step applied
    unit 30/65 rc=433017 chunks=1 trained_queries=368 trained_events=3696 mean_loss=0.628509 lr=0.00254569 step=stateful RMSProp step applied
    unit 31/65 rc=433081 chunks=1 trained_queries=31432 trained_events=72896 mean_loss=1.930735 lr=0.00254517 step=stateful RMSProp step applied
    unit 32/65 rc=439253 chunks=1 trained_queries=32416 trained_events=67744 mean_loss=1.983023 lr=0.00254465 step=stateful RMSProp step applied
    unit 33/65 rc=445065 chunks=2 trained_queries=52575 trained_events=104160 mean_loss=1.949119 lr=0.00254413 step=stateful RMSProp step applied
    unit 34/65 rc=454440 chunks=1 trained_queries=18981 trained_events=51680 mean_loss=1.612291 lr=0.00254361 step=stateful RMSProp step applied
    unit 35/65 rc=458387 chunks=1 trained_queries=5199 trained_events=12224 mean_loss=1.733907 lr=0.00254309 step=stateful RMSProp step applied
    unit 36/65 rc=459434 chunks=1 trained_queries=25529 trained_events=53568 mean_loss=1.845288 lr=0.00254257 step=stateful RMSProp step applied
    unit 37/65 rc=464285 chunks=1 trained_queries=944 trained_events=1792 mean_loss=1.516611 lr=0.00254205 step=stateful RMSProp step applied
    unit 38/65 rc=464449 chunks=1 trained_queries=13111 trained_events=27072 mean_loss=1.786892 lr=0.00254152 step=stateful RMSProp step applied
    unit 39/65 rc=466777 chunks=1 trained_queries=1172 trained_events=2576 mean_loss=1.366876 lr=0.002541 step=stateful RMSProp step applied
    unit 40/65 rc=467002 chunks=10 trained_queries=476268 trained_events=843008 mean_loss=2.157581 lr=0.00254048 step=stateful RMSProp step applied
    unit 41/65 rc=544108 chunks=2 trained_queries=98499 trained_events=172032 mean_loss=2.113480 lr=0.00253996 step=stateful RMSProp step applied
    unit 42/65 rc=559920 chunks=3 trained_queries=136044 trained_events=238517 mean_loss=2.115944 lr=0.00253943 step=stateful RMSProp step applied
    unit 43/65 rc=581652 chunks=6 trained_queries=267495 trained_events=477697 mean_loss=2.095609 lr=0.00253891 step=stateful RMSProp step applied
    unit 44/65 rc=625299 chunks=16 trained_queries=787430 trained_events=1441440 mean_loss=2.120004 lr=0.00253839 step=stateful RMSProp step applied
    unit 45/65 rc=756698 chunks=3 trained_queries=135019 trained_events=240624 mean_loss=2.080948 lr=0.00253787 step=stateful RMSProp step applied
    unit 46/65 rc=778776 chunks=3 trained_queries=120415 trained_events=203264 mean_loss=2.104462 lr=0.00253734 step=stateful RMSProp step applied
    unit 47/65 rc=797238 chunks=9 trained_queries=409632 trained_events=780452 mean_loss=2.065823 lr=0.00253682 step=stateful RMSProp step applied
    unit 48/65 rc=868544 chunks=8 trained_queries=388601 trained_events=691328 mean_loss=2.096067 lr=0.00253629 step=stateful RMSProp step applied
    unit 49/65 rc=931357 chunks=1 trained_queries=5910 trained_events=9744 mean_loss=1.969785 lr=0.00253577 step=stateful RMSProp step applied
    unit 50/65 rc=932241 chunks=2 trained_queries=63481 trained_events=107824 mean_loss=2.032103 lr=0.00253525 step=stateful RMSProp step applied
    unit 51/65 rc=942005 chunks=6 trained_queries=295710 trained_events=510176 mean_loss=2.127279 lr=0.00253472 step=stateful RMSProp step applied
    unit 52/65 rc=988604 chunks=4 trained_queries=190096 trained_events=338304 mean_loss=2.089741 lr=0.0025342 step=stateful RMSProp step applied
    unit 53/65 rc=1019500 chunks=9 trained_queries=413444 trained_events=737802 mean_loss=2.114102 lr=0.00253367 step=stateful RMSProp step applied
    unit 54/65 rc=1087047 chunks=12 trained_queries=553466 trained_events=1002752 mean_loss=2.150534 lr=0.00253315 step=stateful RMSProp step applied
    unit 55/65 rc=1178720 chunks=2 trained_queries=96605 trained_events=164880 mean_loss=2.199177 lr=0.00253262 step=stateful RMSProp step applied
    unit 56/65 rc=1193882 chunks=1 trained_queries=5343 trained_events=9456 mean_loss=1.890499 lr=0.00253209 step=stateful RMSProp step applied
    unit 57/65 rc=1194732 chunks=9 trained_queries=426507 trained_events=745745 mean_loss=2.143838 lr=0.00253157 step=stateful RMSProp step applied
    unit 58/65 rc=1262782 chunks=9 trained_queries=420566 trained_events=755486 mean_loss=2.112067 lr=0.00253104 step=stateful RMSProp step applied
    unit 59/65 rc=1332021 chunks=11 trained_queries=535061 trained_events=1019376 mean_loss=2.069001 lr=0.00253051 step=stateful RMSProp step applied
    unit 60/65 rc=1425400 chunks=5 trained_queries=235017 trained_events=405880 mean_loss=2.112025 lr=0.00252999 step=stateful RMSProp step applied
    unit 61/65 rc=1462524 chunks=2 trained_queries=68054 trained_events=119056 mean_loss=2.004053 lr=0.00252946 step=stateful RMSProp step applied
    unit 62/65 rc=1473469 chunks=3 trained_queries=147152 trained_events=266576 mean_loss=2.031461 lr=0.00252893 step=stateful RMSProp step applied
    unit 63/65 rc=1497733 chunks=1 trained_queries=5204 trained_events=8048 mean_loss=2.078572 lr=0.00252841 step=stateful RMSProp step applied
    unit 64/65 rc=1498502 chunks=4 trained_queries=165699 trained_events=311920 mean_loss=2.024126 lr=0.00252788 step=stateful RMSProp step applied
    unit 65/65 rc=1526829 chunks=1 trained_queries=3594 trained_events=5440 mean_loss=1.867366 lr=0.00252735 step=stateful RMSProp step applied
  train-epoch: epoch 26 summary trained_queries=8880122 trained_events=16953844 mean_loss=2.080452
  train-epoch: epoch 27/100
    unit 1/65 rc=1 chunks=5 trained_queries=235411 trained_events=602672 mean_loss=1.971554 lr=0.00252682 step=stateful RMSProp step applied
    unit 2/65 rc=47811 chunks=25 trained_queries=1209056 trained_events=2588009 mean_loss=2.104099 lr=0.00252629 step=stateful RMSProp step applied
    unit 3/65 rc=282625 chunks=1 trained_queries=17780 trained_events=32192 mean_loss=1.888485 lr=0.00252576 step=stateful RMSProp step applied
    unit 4/65 rc=285382 chunks=1 trained_queries=16 trained_events=16 mean_loss=0.779089 lr=0.00252523 step=stateful RMSProp step applied
    unit 5/65 rc=285383 chunks=1 trained_queries=41 trained_events=48 mean_loss=1.055260 lr=0.0025247 step=stateful RMSProp step applied
    unit 6/65 rc=285388 chunks=2 trained_queries=54875 trained_events=94080 mean_loss=2.308021 lr=0.00252418 step=stateful RMSProp step applied
    unit 7/65 rc=294043 chunks=3 trained_queries=146903 trained_events=301856 mean_loss=1.989164 lr=0.00252365 step=stateful RMSProp step applied
    unit 8/65 rc=321434 chunks=1 trained_queries=19351 trained_events=28624 mean_loss=2.186810 lr=0.00252312 step=stateful RMSProp step applied
    unit 9/65 rc=324057 chunks=1 trained_queries=35110 trained_events=118240 mean_loss=1.749580 lr=0.00252258 step=stateful RMSProp step applied
    unit 10/65 rc=331740 chunks=1 trained_queries=16 trained_events=432 mean_loss=0.459042 lr=0.00252205 step=stateful RMSProp step applied
    unit 11/65 rc=331741 chunks=2 trained_queries=74861 trained_events=154864 mean_loss=2.158574 lr=0.00252152 step=stateful RMSProp step applied
    unit 12/65 rc=345687 chunks=1 trained_queries=30300 trained_events=55216 mean_loss=1.973402 lr=0.00252099 step=stateful RMSProp step applied
    unit 13/65 rc=350763 chunks=1 trained_queries=15923 trained_events=37200 mean_loss=2.107125 lr=0.00252046 step=stateful RMSProp step applied
    unit 14/65 rc=353625 chunks=2 trained_queries=55670 trained_events=115472 mean_loss=2.047015 lr=0.00251993 step=stateful RMSProp step applied
    unit 15/65 rc=364135 chunks=1 trained_queries=19324 trained_events=41184 mean_loss=2.046665 lr=0.0025194 step=stateful RMSProp step applied
    unit 16/65 rc=367786 chunks=1 trained_queries=22956 trained_events=58432 mean_loss=1.915764 lr=0.00251887 step=stateful RMSProp step applied
    unit 17/65 rc=372767 chunks=1 trained_queries=12887 trained_events=31552 mean_loss=1.911754 lr=0.00251833 step=stateful RMSProp step applied
    unit 18/65 rc=375106 chunks=1 trained_queries=37224 trained_events=92032 mean_loss=1.823889 lr=0.0025178 step=stateful RMSProp step applied
    unit 19/65 rc=382687 chunks=1 trained_queries=11903 trained_events=27856 mean_loss=2.014514 lr=0.00251727 step=stateful RMSProp step applied
    unit 20/65 rc=384937 chunks=1 trained_queries=13922 trained_events=37200 mean_loss=1.805858 lr=0.00251674 step=stateful RMSProp step applied
    unit 21/65 rc=387825 chunks=1 trained_queries=20966 trained_events=46224 mean_loss=1.914952 lr=0.0025162 step=stateful RMSProp step applied
    unit 22/65 rc=391753 chunks=2 trained_queries=80510 trained_events=178352 mean_loss=1.907641 lr=0.00251567 step=stateful RMSProp step applied
    unit 23/65 rc=407234 chunks=1 trained_queries=2379 trained_events=5104 mean_loss=1.903631 lr=0.00251514 step=stateful RMSProp step applied
    unit 24/65 rc=407680 chunks=1 trained_queries=6700 trained_events=24672 mean_loss=1.562843 lr=0.0025146 step=stateful RMSProp step applied
    unit 25/65 rc=409029 chunks=1 trained_queries=26203 trained_events=59152 mean_loss=1.929353 lr=0.00251407 step=stateful RMSProp step applied
    unit 26/65 rc=414232 chunks=1 trained_queries=20070 trained_events=43728 mean_loss=1.949166 lr=0.00251353 step=stateful RMSProp step applied
    unit 27/65 rc=418109 chunks=1 trained_queries=30344 trained_events=74160 mean_loss=1.742271 lr=0.002513 step=stateful RMSProp step applied
    unit 28/65 rc=424071 chunks=1 trained_queries=37398 trained_events=78688 mean_loss=1.900489 lr=0.00251246 step=stateful RMSProp step applied
    unit 29/65 rc=431070 chunks=1 trained_queries=9984 trained_events=22352 mean_loss=1.977694 lr=0.00251193 step=stateful RMSProp step applied
    unit 30/65 rc=433017 chunks=1 trained_queries=368 trained_events=3696 mean_loss=0.641509 lr=0.00251139 step=stateful RMSProp step applied
    unit 31/65 rc=433081 chunks=1 trained_queries=31432 trained_events=72896 mean_loss=1.931071 lr=0.00251086 step=stateful RMSProp step applied
    unit 32/65 rc=439253 chunks=1 trained_queries=32416 trained_events=67744 mean_loss=2.022536 lr=0.00251032 step=stateful RMSProp step applied
    unit 33/65 rc=445065 chunks=2 trained_queries=52575 trained_events=104160 mean_loss=1.971595 lr=0.00250979 step=stateful RMSProp step applied
    unit 34/65 rc=454440 chunks=1 trained_queries=18981 trained_events=51680 mean_loss=1.677451 lr=0.00250925 step=stateful RMSProp step applied
    unit 35/65 rc=458387 chunks=1 trained_queries=5199 trained_events=12224 mean_loss=1.766456 lr=0.00250871 step=stateful RMSProp step applied
    unit 36/65 rc=459434 chunks=1 trained_queries=25529 trained_events=53568 mean_loss=1.841995 lr=0.00250818 step=stateful RMSProp step applied
    unit 37/65 rc=464285 chunks=1 trained_queries=944 trained_events=1792 mean_loss=1.559177 lr=0.00250764 step=stateful RMSProp step applied
    unit 38/65 rc=464449 chunks=1 trained_queries=13111 trained_events=27072 mean_loss=1.808789 lr=0.0025071 step=stateful RMSProp step applied
    unit 39/65 rc=466777 chunks=1 trained_queries=1172 trained_events=2576 mean_loss=1.394610 lr=0.00250657 step=stateful RMSProp step applied
    unit 40/65 rc=467002 chunks=10 trained_queries=476268 trained_events=843008 mean_loss=2.171770 lr=0.00250603 step=stateful RMSProp step applied
    unit 41/65 rc=544108 chunks=2 trained_queries=98499 trained_events=172032 mean_loss=2.130669 lr=0.00250549 step=stateful RMSProp step applied
    unit 42/65 rc=559920 chunks=3 trained_queries=136044 trained_events=238517 mean_loss=2.139940 lr=0.00250495 step=stateful RMSProp step applied
    unit 43/65 rc=581652 chunks=6 trained_queries=267495 trained_events=477697 mean_loss=2.115295 lr=0.00250441 step=stateful RMSProp step applied
    unit 44/65 rc=625299 chunks=16 trained_queries=787430 trained_events=1441440 mean_loss=2.131980 lr=0.00250388 step=stateful RMSProp step applied
    unit 45/65 rc=756698 chunks=3 trained_queries=135019 trained_events=240624 mean_loss=2.098018 lr=0.00250334 step=stateful RMSProp step applied
    unit 46/65 rc=778776 chunks=3 trained_queries=120415 trained_events=203264 mean_loss=2.136828 lr=0.0025028 step=stateful RMSProp step applied
    unit 47/65 rc=797238 chunks=9 trained_queries=409632 trained_events=780452 mean_loss=2.099437 lr=0.00250226 step=stateful RMSProp step applied
    unit 48/65 rc=868544 chunks=8 trained_queries=388601 trained_events=691328 mean_loss=2.131618 lr=0.00250172 step=stateful RMSProp step applied
    unit 49/65 rc=931357 chunks=1 trained_queries=5910 trained_events=9744 mean_loss=1.994129 lr=0.00250118 step=stateful RMSProp step applied
    unit 50/65 rc=932241 chunks=2 trained_queries=63481 trained_events=107824 mean_loss=2.057713 lr=0.00250064 step=stateful RMSProp step applied
    unit 51/65 rc=942005 chunks=6 trained_queries=295710 trained_events=510176 mean_loss=2.119956 lr=0.0025001 step=stateful RMSProp step applied
    unit 52/65 rc=988604 chunks=4 trained_queries=190096 trained_events=338304 mean_loss=2.081258 lr=0.00249956 step=stateful RMSProp step applied
    unit 53/65 rc=1019500 chunks=9 trained_queries=413444 trained_events=737802 mean_loss=2.104562 lr=0.00249902 step=stateful RMSProp step applied
    unit 54/65 rc=1087047 chunks=12 trained_queries=553466 trained_events=1002752 mean_loss=2.124296 lr=0.00249848 step=stateful RMSProp step applied
    unit 55/65 rc=1178720 chunks=2 trained_queries=96605 trained_events=164880 mean_loss=2.126144 lr=0.00249794 step=stateful RMSProp step applied
    unit 56/65 rc=1193882 chunks=1 trained_queries=5343 trained_events=9456 mean_loss=1.879643 lr=0.00249739 step=stateful RMSProp step applied
    unit 57/65 rc=1194732 chunks=9 trained_queries=426507 trained_events=745745 mean_loss=2.141108 lr=0.00249685 step=stateful RMSProp step applied
    unit 58/65 rc=1262782 chunks=9 trained_queries=420566 trained_events=755486 mean_loss=2.103321 lr=0.00249631 step=stateful RMSProp step applied
    unit 59/65 rc=1332021 chunks=11 trained_queries=535061 trained_events=1019376 mean_loss=2.053650 lr=0.00249577 step=stateful RMSProp step applied
    unit 60/65 rc=1425400 chunks=5 trained_queries=235017 trained_events=405880 mean_loss=2.108076 lr=0.00249523 step=stateful RMSProp step applied
    unit 61/65 rc=1462524 chunks=2 trained_queries=68054 trained_events=119056 mean_loss=2.003646 lr=0.00249468 step=stateful RMSProp step applied
    unit 62/65 rc=1473469 chunks=3 trained_queries=147152 trained_events=266576 mean_loss=2.029420 lr=0.00249414 step=stateful RMSProp step applied
    unit 63/65 rc=1497733 chunks=1 trained_queries=5204 trained_events=8048 mean_loss=2.075972 lr=0.0024936 step=stateful RMSProp step applied
    unit 64/65 rc=1498502 chunks=4 trained_queries=165699 trained_events=311920 mean_loss=2.001782 lr=0.00249306 step=stateful RMSProp step applied
    unit 65/65 rc=1526829 chunks=1 trained_queries=3594 trained_events=5440 mean_loss=1.933703 lr=0.00249251 step=stateful RMSProp step applied
  train-epoch: epoch 27 summary trained_queries=8880122 trained_events=16953844 mean_loss=2.083389
  train-epoch: epoch 28/100
    unit 1/65 rc=1 chunks=5 trained_queries=235411 trained_events=602672 mean_loss=1.986201 lr=0.00249197 step=stateful RMSProp step applied
    unit 2/65 rc=47811 chunks=25 trained_queries=1209056 trained_events=2588009 mean_loss=2.113138 lr=0.00249142 step=stateful RMSProp step applied
    unit 3/65 rc=282625 chunks=1 trained_queries=17780 trained_events=32192 mean_loss=1.893563 lr=0.00249088 step=stateful RMSProp step applied
    unit 4/65 rc=285382 chunks=1 trained_queries=16 trained_events=16 mean_loss=0.904620 lr=0.00249034 step=stateful RMSProp step applied
    unit 5/65 rc=285383 chunks=1 trained_queries=41 trained_events=48 mean_loss=1.073185 lr=0.00248979 step=stateful RMSProp step applied
    unit 6/65 rc=285388 chunks=2 trained_queries=54875 trained_events=94080 mean_loss=2.374455 lr=0.00248925 step=stateful RMSProp step applied
    unit 7/65 rc=294043 chunks=3 trained_queries=146903 trained_events=301856 mean_loss=2.064914 lr=0.0024887 step=stateful RMSProp step applied
    unit 8/65 rc=321434 chunks=1 trained_queries=19351 trained_events=28624 mean_loss=2.216343 lr=0.00248816 step=stateful RMSProp step applied
    unit 9/65 rc=324057 chunks=1 trained_queries=35110 trained_events=118240 mean_loss=1.797573 lr=0.00248761 step=stateful RMSProp step applied
    unit 10/65 rc=331740 chunks=1 trained_queries=16 trained_events=432 mean_loss=0.269776 lr=0.00248706 step=stateful RMSProp step applied
    unit 11/65 rc=331741 chunks=2 trained_queries=74861 trained_events=154864 mean_loss=1.981844 lr=0.00248652 step=stateful RMSProp step applied
    unit 12/65 rc=345687 chunks=1 trained_queries=30300 trained_events=55216 mean_loss=1.885337 lr=0.00248597 step=stateful RMSProp step applied
    unit 13/65 rc=350763 chunks=1 trained_queries=15923 trained_events=37200 mean_loss=1.899450 lr=0.00248543 step=stateful RMSProp step applied
    unit 14/65 rc=353625 chunks=2 trained_queries=55670 trained_events=115472 mean_loss=1.965000 lr=0.00248488 step=stateful RMSProp step applied
    unit 15/65 rc=364135 chunks=1 trained_queries=19324 trained_events=41184 mean_loss=1.959868 lr=0.00248433 step=stateful RMSProp step applied
    unit 16/65 rc=367786 chunks=1 trained_queries=22956 trained_events=58432 mean_loss=1.815129 lr=0.00248378 step=stateful RMSProp step applied
    unit 17/65 rc=372767 chunks=1 trained_queries=12887 trained_events=31552 mean_loss=1.769323 lr=0.00248324 step=stateful RMSProp step applied
    unit 18/65 rc=375106 chunks=1 trained_queries=37224 trained_events=92032 mean_loss=1.787269 lr=0.00248269 step=stateful RMSProp step applied
    unit 19/65 rc=382687 chunks=1 trained_queries=11903 trained_events=27856 mean_loss=1.967879 lr=0.00248214 step=stateful RMSProp step applied
    unit 20/65 rc=384937 chunks=1 trained_queries=13922 trained_events=37200 mean_loss=1.762244 lr=0.00248159 step=stateful RMSProp step applied
    unit 21/65 rc=387825 chunks=1 trained_queries=20966 trained_events=46224 mean_loss=1.899051 lr=0.00248105 step=stateful RMSProp step applied
    unit 22/65 rc=391753 chunks=2 trained_queries=80510 trained_events=178352 mean_loss=1.889561 lr=0.0024805 step=stateful RMSProp step applied
    unit 23/65 rc=407234 chunks=1 trained_queries=2379 trained_events=5104 mean_loss=1.799739 lr=0.00247995 step=stateful RMSProp step applied
    unit 24/65 rc=407680 chunks=1 trained_queries=6700 trained_events=24672 mean_loss=1.489216 lr=0.0024794 step=stateful RMSProp step applied
    unit 25/65 rc=409029 chunks=1 trained_queries=26203 trained_events=59152 mean_loss=1.890997 lr=0.00247885 step=stateful RMSProp step applied
    unit 26/65 rc=414232 chunks=1 trained_queries=20070 trained_events=43728 mean_loss=1.977873 lr=0.0024783 step=stateful RMSProp step applied
    unit 27/65 rc=418109 chunks=1 trained_queries=30344 trained_events=74160 mean_loss=1.746674 lr=0.00247775 step=stateful RMSProp step applied
    unit 28/65 rc=424071 chunks=1 trained_queries=37398 trained_events=78688 mean_loss=1.879251 lr=0.0024772 step=stateful RMSProp step applied
    unit 29/65 rc=431070 chunks=1 trained_queries=9984 trained_events=22352 mean_loss=1.973229 lr=0.00247665 step=stateful RMSProp step applied
    unit 30/65 rc=433017 chunks=1 trained_queries=368 trained_events=3696 mean_loss=0.670433 lr=0.0024761 step=stateful RMSProp step applied
    unit 31/65 rc=433081 chunks=1 trained_queries=31432 trained_events=72896 mean_loss=1.996115 lr=0.00247555 step=stateful RMSProp step applied
    unit 32/65 rc=439253 chunks=1 trained_queries=32416 trained_events=67744 mean_loss=2.001251 lr=0.002475 step=stateful RMSProp step applied
    unit 33/65 rc=445065 chunks=2 trained_queries=52575 trained_events=104160 mean_loss=1.952690 lr=0.00247445 step=stateful RMSProp step applied
    unit 34/65 rc=454440 chunks=1 trained_queries=18981 trained_events=51680 mean_loss=1.703214 lr=0.0024739 step=stateful RMSProp step applied
    unit 35/65 rc=458387 chunks=1 trained_queries=5199 trained_events=12224 mean_loss=1.790610 lr=0.00247335 step=stateful RMSProp step applied
    unit 36/65 rc=459434 chunks=1 trained_queries=25529 trained_events=53568 mean_loss=1.842005 lr=0.00247279 step=stateful RMSProp step applied
    unit 37/65 rc=464285 chunks=1 trained_queries=944 trained_events=1792 mean_loss=1.517618 lr=0.00247224 step=stateful RMSProp step applied
    unit 38/65 rc=464449 chunks=1 trained_queries=13111 trained_events=27072 mean_loss=1.797669 lr=0.00247169 step=stateful RMSProp step applied
    unit 39/65 rc=466777 chunks=1 trained_queries=1172 trained_events=2576 mean_loss=1.343000 lr=0.00247114 step=stateful RMSProp step applied
    unit 40/65 rc=467002 chunks=10 trained_queries=476268 trained_events=843008 mean_loss=2.147524 lr=0.00247058 step=stateful RMSProp step applied
    unit 41/65 rc=544108 chunks=2 trained_queries=98499 trained_events=172032 mean_loss=2.117926 lr=0.00247003 step=stateful RMSProp step applied
    unit 42/65 rc=559920 chunks=3 trained_queries=136044 trained_events=238517 mean_loss=2.108026 lr=0.00246948 step=stateful RMSProp step applied
    unit 43/65 rc=581652 chunks=6 trained_queries=267495 trained_events=477697 mean_loss=2.078872 lr=0.00246892 step=stateful RMSProp step applied
    unit 44/65 rc=625299 chunks=16 trained_queries=787430 trained_events=1441440 mean_loss=2.110460 lr=0.00246837 step=stateful RMSProp step applied
    unit 45/65 rc=756698 chunks=3 trained_queries=135019 trained_events=240624 mean_loss=2.076728 lr=0.00246782 step=stateful RMSProp step applied
    unit 46/65 rc=778776 chunks=3 trained_queries=120415 trained_events=203264 mean_loss=2.087756 lr=0.00246726 step=stateful RMSProp step applied
    unit 47/65 rc=797238 chunks=9 trained_queries=409632 trained_events=780452 mean_loss=2.062152 lr=0.00246671 step=stateful RMSProp step applied
    unit 48/65 rc=868544 chunks=8 trained_queries=388601 trained_events=691328 mean_loss=2.097428 lr=0.00246615 step=stateful RMSProp step applied
    unit 49/65 rc=931357 chunks=1 trained_queries=5910 trained_events=9744 mean_loss=1.965547 lr=0.0024656 step=stateful RMSProp step applied
    unit 50/65 rc=932241 chunks=2 trained_queries=63481 trained_events=107824 mean_loss=2.030985 lr=0.00246505 step=stateful RMSProp step applied
    unit 51/65 rc=942005 chunks=6 trained_queries=295710 trained_events=510176 mean_loss=2.091886 lr=0.00246449 step=stateful RMSProp step applied
    unit 52/65 rc=988604 chunks=4 trained_queries=190096 trained_events=338304 mean_loss=2.053152 lr=0.00246393 step=stateful RMSProp step applied
    unit 53/65 rc=1019500 chunks=9 trained_queries=413444 trained_events=737802 mean_loss=2.082212 lr=0.00246338 step=stateful RMSProp step applied
    unit 54/65 rc=1087047 chunks=12 trained_queries=553466 trained_events=1002752 mean_loss=2.102702 lr=0.00246282 step=stateful RMSProp step applied
    unit 55/65 rc=1178720 chunks=2 trained_queries=96605 trained_events=164880 mean_loss=2.111224 lr=0.00246227 step=stateful RMSProp step applied
    unit 56/65 rc=1193882 chunks=1 trained_queries=5343 trained_events=9456 mean_loss=1.850492 lr=0.00246171 step=stateful RMSProp step applied
    unit 57/65 rc=1194732 chunks=9 trained_queries=426507 trained_events=745745 mean_loss=2.119568 lr=0.00246115 step=stateful RMSProp step applied
    unit 58/65 rc=1262782 chunks=9 trained_queries=420566 trained_events=755486 mean_loss=2.093062 lr=0.0024606 step=stateful RMSProp step applied
    unit 59/65 rc=1332021 chunks=11 trained_queries=535061 trained_events=1019376 mean_loss=2.044496 lr=0.00246004 step=stateful RMSProp step applied
    unit 60/65 rc=1425400 chunks=5 trained_queries=235017 trained_events=405880 mean_loss=2.085785 lr=0.00245948 step=stateful RMSProp step applied
    unit 61/65 rc=1462524 chunks=2 trained_queries=68054 trained_events=119056 mean_loss=1.976670 lr=0.00245893 step=stateful RMSProp step applied
    unit 62/65 rc=1473469 chunks=3 trained_queries=147152 trained_events=266576 mean_loss=2.011257 lr=0.00245837 step=stateful RMSProp step applied
    unit 63/65 rc=1497733 chunks=1 trained_queries=5204 trained_events=8048 mean_loss=2.054682 lr=0.00245781 step=stateful RMSProp step applied
    unit 64/65 rc=1498502 chunks=4 trained_queries=165699 trained_events=311920 mean_loss=1.995752 lr=0.00245725 step=stateful RMSProp step applied
    unit 65/65 rc=1526829 chunks=1 trained_queries=3594 trained_events=5440 mean_loss=1.881720 lr=0.00245669 step=stateful RMSProp step applied
  train-epoch: epoch 28 summary trained_queries=8880122 trained_events=16953844 mean_loss=2.067175
  train-epoch: epoch 29/100
    unit 1/65 rc=1 chunks=5 trained_queries=235411 trained_events=602672 mean_loss=1.978237 lr=0.00245614 step=stateful RMSProp step applied
    unit 2/65 rc=47811 chunks=25 trained_queries=1209056 trained_events=2588009 mean_loss=2.098892 lr=0.00245558 step=stateful RMSProp step applied
    unit 3/65 rc=282625 chunks=1 trained_queries=17780 trained_events=32192 mean_loss=1.918025 lr=0.00245502 step=stateful RMSProp step applied
    unit 4/65 rc=285382 chunks=1 trained_queries=16 trained_events=16 mean_loss=0.740324 lr=0.00245446 step=stateful RMSProp step applied
    unit 5/65 rc=285383 chunks=1 trained_queries=41 trained_events=48 mean_loss=1.025094 lr=0.0024539 step=stateful RMSProp step applied
    unit 6/65 rc=285388 chunks=2 trained_queries=54875 trained_events=94080 mean_loss=2.311783 lr=0.00245334 step=stateful RMSProp step applied
    unit 7/65 rc=294043 chunks=3 trained_queries=146903 trained_events=301856 mean_loss=2.002220 lr=0.00245278 step=stateful RMSProp step applied
    unit 8/65 rc=321434 chunks=1 trained_queries=19351 trained_events=28624 mean_loss=2.170139 lr=0.00245222 step=stateful RMSProp step applied
    unit 9/65 rc=324057 chunks=1 trained_queries=35110 trained_events=118240 mean_loss=1.744526 lr=0.00245166 step=stateful RMSProp step applied
    unit 10/65 rc=331740 chunks=1 trained_queries=16 trained_events=432 mean_loss=0.242861 lr=0.0024511 step=stateful RMSProp step applied
    unit 11/65 rc=331741 chunks=2 trained_queries=74861 trained_events=154864 mean_loss=1.880139 lr=0.00245054 step=stateful RMSProp step applied
    unit 12/65 rc=345687 chunks=1 trained_queries=30300 trained_events=55216 mean_loss=1.848769 lr=0.00244998 step=stateful RMSProp step applied
    unit 13/65 rc=350763 chunks=1 trained_queries=15923 trained_events=37200 mean_loss=1.851008 lr=0.00244942 step=stateful RMSProp step applied
    unit 14/65 rc=353625 chunks=2 trained_queries=55670 trained_events=115472 mean_loss=1.933719 lr=0.00244886 step=stateful RMSProp step applied
    unit 15/65 rc=364135 chunks=1 trained_queries=19324 trained_events=41184 mean_loss=1.973270 lr=0.00244829 step=stateful RMSProp step applied
    unit 16/65 rc=367786 chunks=1 trained_queries=22956 trained_events=58432 mean_loss=1.803742 lr=0.00244773 step=stateful RMSProp step applied
    unit 17/65 rc=372767 chunks=1 trained_queries=12887 trained_events=31552 mean_loss=1.728731 lr=0.00244717 step=stateful RMSProp step applied
    unit 18/65 rc=375106 chunks=1 trained_queries=37224 trained_events=92032 mean_loss=1.709780 lr=0.00244661 step=stateful RMSProp step applied
    unit 19/65 rc=382687 chunks=1 trained_queries=11903 trained_events=27856 mean_loss=1.912588 lr=0.00244604 step=stateful RMSProp step applied
    unit 20/65 rc=384937 chunks=1 trained_queries=13922 trained_events=37200 mean_loss=1.754612 lr=0.00244548 step=stateful RMSProp step applied
    unit 21/65 rc=387825 chunks=1 trained_queries=20966 trained_events=46224 mean_loss=1.863176 lr=0.00244492 step=stateful RMSProp step applied
    unit 22/65 rc=391753 chunks=2 trained_queries=80510 trained_events=178352 mean_loss=1.833614 lr=0.00244436 step=stateful RMSProp step applied
    unit 23/65 rc=407234 chunks=1 trained_queries=2379 trained_events=5104 mean_loss=1.803567 lr=0.00244379 step=stateful RMSProp step applied
    unit 24/65 rc=407680 chunks=1 trained_queries=6700 trained_events=24672 mean_loss=1.404283 lr=0.00244323 step=stateful RMSProp step applied
    unit 25/65 rc=409029 chunks=1 trained_queries=26203 trained_events=59152 mean_loss=1.843806 lr=0.00244267 step=stateful RMSProp step applied
    unit 26/65 rc=414232 chunks=1 trained_queries=20070 trained_events=43728 mean_loss=1.880278 lr=0.0024421 step=stateful RMSProp step applied
    unit 27/65 rc=418109 chunks=1 trained_queries=30344 trained_events=74160 mean_loss=1.683577 lr=0.00244154 step=stateful RMSProp step applied
    unit 28/65 rc=424071 chunks=1 trained_queries=37398 trained_events=78688 mean_loss=1.857444 lr=0.00244097 step=stateful RMSProp step applied
    unit 29/65 rc=431070 chunks=1 trained_queries=9984 trained_events=22352 mean_loss=1.921046 lr=0.00244041 step=stateful RMSProp step applied
    unit 30/65 rc=433017 chunks=1 trained_queries=368 trained_events=3696 mean_loss=0.522762 lr=0.00243984 step=stateful RMSProp step applied
    unit 31/65 rc=433081 chunks=1 trained_queries=31432 trained_events=72896 mean_loss=1.894139 lr=0.00243928 step=stateful RMSProp step applied
    unit 32/65 rc=439253 chunks=1 trained_queries=32416 trained_events=67744 mean_loss=1.947461 lr=0.00243871 step=stateful RMSProp step applied
    unit 33/65 rc=445065 chunks=2 trained_queries=52575 trained_events=104160 mean_loss=1.909783 lr=0.00243815 step=stateful RMSProp step applied
    unit 34/65 rc=454440 chunks=1 trained_queries=18981 trained_events=51680 mean_loss=1.571720 lr=0.00243758 step=stateful RMSProp step applied
    unit 35/65 rc=458387 chunks=1 trained_queries=5199 trained_events=12224 mean_loss=1.667952 lr=0.00243702 step=stateful RMSProp step applied
    unit 36/65 rc=459434 chunks=1 trained_queries=25529 trained_events=53568 mean_loss=1.796698 lr=0.00243645 step=stateful RMSProp step applied
    unit 37/65 rc=464285 chunks=1 trained_queries=944 trained_events=1792 mean_loss=1.440539 lr=0.00243588 step=stateful RMSProp step applied
    unit 38/65 rc=464449 chunks=1 trained_queries=13111 trained_events=27072 mean_loss=1.743929 lr=0.00243532 step=stateful RMSProp step applied
    unit 39/65 rc=466777 chunks=1 trained_queries=1172 trained_events=2576 mean_loss=1.323566 lr=0.00243475 step=stateful RMSProp step applied
    unit 40/65 rc=467002 chunks=10 trained_queries=476268 trained_events=843008 mean_loss=2.128451 lr=0.00243418 step=stateful RMSProp step applied
    unit 41/65 rc=544108 chunks=2 trained_queries=98499 trained_events=172032 mean_loss=2.099823 lr=0.00243361 step=stateful RMSProp step applied
    unit 42/65 rc=559920 chunks=3 trained_queries=136044 trained_events=238517 mean_loss=2.087476 lr=0.00243305 step=stateful RMSProp step applied
    unit 43/65 rc=581652 chunks=6 trained_queries=267495 trained_events=477697 mean_loss=2.060039 lr=0.00243248 step=stateful RMSProp step applied
    unit 44/65 rc=625299 chunks=16 trained_queries=787430 trained_events=1441440 mean_loss=2.094590 lr=0.00243191 step=stateful RMSProp step applied
    unit 45/65 rc=756698 chunks=3 trained_queries=135019 trained_events=240624 mean_loss=2.056152 lr=0.00243134 step=stateful RMSProp step applied
    unit 46/65 rc=778776 chunks=3 trained_queries=120415 trained_events=203264 mean_loss=2.069887 lr=0.00243077 step=stateful RMSProp step applied
    unit 47/65 rc=797238 chunks=9 trained_queries=409632 trained_events=780452 mean_loss=2.045022 lr=0.00243021 step=stateful RMSProp step applied
    unit 48/65 rc=868544 chunks=8 trained_queries=388601 trained_events=691328 mean_loss=2.080202 lr=0.00242964 step=stateful RMSProp step applied
    unit 49/65 rc=931357 chunks=1 trained_queries=5910 trained_events=9744 mean_loss=1.947855 lr=0.00242907 step=stateful RMSProp step applied
    unit 50/65 rc=932241 chunks=2 trained_queries=63481 trained_events=107824 mean_loss=2.003630 lr=0.0024285 step=stateful RMSProp step applied
    unit 51/65 rc=942005 chunks=6 trained_queries=295710 trained_events=510176 mean_loss=2.096294 lr=0.00242793 step=stateful RMSProp step applied
    unit 52/65 rc=988604 chunks=4 trained_queries=190096 trained_events=338304 mean_loss=2.046928 lr=0.00242736 step=stateful RMSProp step applied
    unit 53/65 rc=1019500 chunks=9 trained_queries=413444 trained_events=737802 mean_loss=2.065528 lr=0.00242679 step=stateful RMSProp step applied
    unit 54/65 rc=1087047 chunks=12 trained_queries=553466 trained_events=1002752 mean_loss=2.084297 lr=0.00242622 step=stateful RMSProp step applied
    unit 55/65 rc=1178720 chunks=2 trained_queries=96605 trained_events=164880 mean_loss=2.088960 lr=0.00242565 step=stateful RMSProp step applied
    unit 56/65 rc=1193882 chunks=1 trained_queries=5343 trained_events=9456 mean_loss=1.843247 lr=0.00242508 step=stateful RMSProp step applied
    unit 57/65 rc=1194732 chunks=9 trained_queries=426507 trained_events=745745 mean_loss=2.107427 lr=0.00242451 step=stateful RMSProp step applied
    unit 58/65 rc=1262782 chunks=9 trained_queries=420566 trained_events=755486 mean_loss=2.078465 lr=0.00242394 step=stateful RMSProp step applied
    unit 59/65 rc=1332021 chunks=11 trained_queries=535061 trained_events=1019376 mean_loss=2.033437 lr=0.00242337 step=stateful RMSProp step applied
    unit 60/65 rc=1425400 chunks=5 trained_queries=235017 trained_events=405880 mean_loss=2.076395 lr=0.00242279 step=stateful RMSProp step applied
    unit 61/65 rc=1462524 chunks=2 trained_queries=68054 trained_events=119056 mean_loss=1.968734 lr=0.00242222 step=stateful RMSProp step applied
    unit 62/65 rc=1473469 chunks=3 trained_queries=147152 trained_events=266576 mean_loss=2.006051 lr=0.00242165 step=stateful RMSProp step applied
    unit 63/65 rc=1497733 chunks=1 trained_queries=5204 trained_events=8048 mean_loss=2.035638 lr=0.00242108 step=stateful RMSProp step applied
    unit 64/65 rc=1498502 chunks=4 trained_queries=165699 trained_events=311920 mean_loss=1.976360 lr=0.00242051 step=stateful RMSProp step applied
    unit 65/65 rc=1526829 chunks=1 trained_queries=3594 trained_events=5440 mean_loss=1.838957 lr=0.00241993 step=stateful RMSProp step applied
  train-epoch: epoch 29 summary trained_queries=8880122 trained_events=16953844 mean_loss=2.047423
  train-epoch: epoch 30/100
    unit 1/65 rc=1 chunks=5 trained_queries=235411 trained_events=602672 mean_loss=1.921122 lr=0.00241936 step=stateful RMSProp step applied
    unit 2/65 rc=47811 chunks=25 trained_queries=1209056 trained_events=2588009 mean_loss=2.076412 lr=0.00241879 step=stateful RMSProp step applied
    unit 3/65 rc=282625 chunks=1 trained_queries=17780 trained_events=32192 mean_loss=1.850709 lr=0.00241821 step=stateful RMSProp step applied
    unit 4/65 rc=285382 chunks=1 trained_queries=16 trained_events=16 mean_loss=0.692867 lr=0.00241764 step=stateful RMSProp step applied
    unit 5/65 rc=285383 chunks=1 trained_queries=41 trained_events=48 mean_loss=0.998001 lr=0.00241707 step=stateful RMSProp step applied
    unit 6/65 rc=285388 chunks=2 trained_queries=54875 trained_events=94080 mean_loss=2.292912 lr=0.00241649 step=stateful RMSProp step applied
    unit 7/65 rc=294043 chunks=3 trained_queries=146903 trained_events=301856 mean_loss=1.986767 lr=0.00241592 step=stateful RMSProp step applied
    unit 8/65 rc=321434 chunks=1 trained_queries=19351 trained_events=28624 mean_loss=2.150794 lr=0.00241535 step=stateful RMSProp step applied
    unit 9/65 rc=324057 chunks=1 trained_queries=35110 trained_events=118240 mean_loss=1.702021 lr=0.00241477 step=stateful RMSProp step applied
    unit 10/65 rc=331740 chunks=1 trained_queries=16 trained_events=432 mean_loss=0.116344 lr=0.0024142 step=stateful RMSProp step applied
    unit 11/65 rc=331741 chunks=2 trained_queries=74861 trained_events=154864 mean_loss=1.848794 lr=0.00241362 step=stateful RMSProp step applied
    unit 12/65 rc=345687 chunks=1 trained_queries=30300 trained_events=55216 mean_loss=1.830985 lr=0.00241305 step=stateful RMSProp step applied
    unit 13/65 rc=350763 chunks=1 trained_queries=15923 trained_events=37200 mean_loss=1.781313 lr=0.00241247 step=stateful RMSProp step applied
    unit 14/65 rc=353625 chunks=2 trained_queries=55670 trained_events=115472 mean_loss=1.907920 lr=0.0024119 step=stateful RMSProp step applied
    unit 15/65 rc=364135 chunks=1 trained_queries=19324 trained_events=41184 mean_loss=1.895786 lr=0.00241132 step=stateful RMSProp step applied
    unit 16/65 rc=367786 chunks=1 trained_queries=22956 trained_events=58432 mean_loss=1.728876 lr=0.00241074 step=stateful RMSProp step applied
    unit 17/65 rc=372767 chunks=1 trained_queries=12887 trained_events=31552 mean_loss=1.690778 lr=0.00241017 step=stateful RMSProp step applied
    unit 18/65 rc=375106 chunks=1 trained_queries=37224 trained_events=92032 mean_loss=1.686074 lr=0.00240959 step=stateful RMSProp step applied
    unit 19/65 rc=382687 chunks=1 trained_queries=11903 trained_events=27856 mean_loss=1.868917 lr=0.00240901 step=stateful RMSProp step applied
    unit 20/65 rc=384937 chunks=1 trained_queries=13922 trained_events=37200 mean_loss=1.683533 lr=0.00240844 step=stateful RMSProp step applied
    unit 21/65 rc=387825 chunks=1 trained_queries=20966 trained_events=46224 mean_loss=1.830552 lr=0.00240786 step=stateful RMSProp step applied
    unit 22/65 rc=391753 chunks=2 trained_queries=80510 trained_events=178352 mean_loss=1.825463 lr=0.00240728 step=stateful RMSProp step applied
    unit 23/65 rc=407234 chunks=1 trained_queries=2379 trained_events=5104 mean_loss=1.719451 lr=0.00240671 step=stateful RMSProp step applied
    unit 24/65 rc=407680 chunks=1 trained_queries=6700 trained_events=24672 mean_loss=1.374355 lr=0.00240613 step=stateful RMSProp step applied
    unit 25/65 rc=409029 chunks=1 trained_queries=26203 trained_events=59152 mean_loss=1.842166 lr=0.00240555 step=stateful RMSProp step applied
    unit 26/65 rc=414232 chunks=1 trained_queries=20070 trained_events=43728 mean_loss=1.890283 lr=0.00240497 step=stateful RMSProp step applied
    unit 27/65 rc=418109 chunks=1 trained_queries=30344 trained_events=74160 mean_loss=1.656062 lr=0.00240439 step=stateful RMSProp step applied
    unit 28/65 rc=424071 chunks=1 trained_queries=37398 trained_events=78688 mean_loss=1.849319 lr=0.00240382 step=stateful RMSProp step applied
    unit 29/65 rc=431070 chunks=1 trained_queries=9984 trained_events=22352 mean_loss=1.937028 lr=0.00240324 step=stateful RMSProp step applied
    unit 30/65 rc=433017 chunks=1 trained_queries=368 trained_events=3696 mean_loss=0.507881 lr=0.00240266 step=stateful RMSProp step applied
    unit 31/65 rc=433081 chunks=1 trained_queries=31432 trained_events=72896 mean_loss=1.848237 lr=0.00240208 step=stateful RMSProp step applied
    unit 32/65 rc=439253 chunks=1 trained_queries=32416 trained_events=67744 mean_loss=1.927678 lr=0.0024015 step=stateful RMSProp step applied
    unit 33/65 rc=445065 chunks=2 trained_queries=52575 trained_events=104160 mean_loss=1.896194 lr=0.00240092 step=stateful RMSProp step applied
    unit 34/65 rc=454440 chunks=1 trained_queries=18981 trained_events=51680 mean_loss=1.542611 lr=0.00240034 step=stateful RMSProp step applied
    unit 35/65 rc=458387 chunks=1 trained_queries=5199 trained_events=12224 mean_loss=1.645017 lr=0.00239976 step=stateful RMSProp step applied
    unit 36/65 rc=459434 chunks=1 trained_queries=25529 trained_events=53568 mean_loss=1.787671 lr=0.00239918 step=stateful RMSProp step applied
    unit 37/65 rc=464285 chunks=1 trained_queries=944 trained_events=1792 mean_loss=1.415725 lr=0.0023986 step=stateful RMSProp step applied
    unit 38/65 rc=464449 chunks=1 trained_queries=13111 trained_events=27072 mean_loss=1.726312 lr=0.00239802 step=stateful RMSProp step applied
    unit 39/65 rc=466777 chunks=1 trained_queries=1172 trained_events=2576 mean_loss=1.330030 lr=0.00239744 step=stateful RMSProp step applied
    unit 40/65 rc=467002 chunks=10 trained_queries=476268 trained_events=843008 mean_loss=2.113343 lr=0.00239686 step=stateful RMSProp step applied
    unit 41/65 rc=544108 chunks=2 trained_queries=98499 trained_events=172032 mean_loss=2.080378 lr=0.00239628 step=stateful RMSProp step applied
    unit 42/65 rc=559920 chunks=3 trained_queries=136044 trained_events=238517 mean_loss=2.075587 lr=0.00239569 step=stateful RMSProp step applied
    unit 43/65 rc=581652 chunks=6 trained_queries=267495 trained_events=477697 mean_loss=2.053082 lr=0.00239511 step=stateful RMSProp step applied
    unit 44/65 rc=625299 chunks=16 trained_queries=787430 trained_events=1441440 mean_loss=2.088829 lr=0.00239453 step=stateful RMSProp step applied
    unit 45/65 rc=756698 chunks=3 trained_queries=135019 trained_events=240624 mean_loss=2.043773 lr=0.00239395 step=stateful RMSProp step applied
    unit 46/65 rc=778776 chunks=3 trained_queries=120415 trained_events=203264 mean_loss=2.062753 lr=0.00239337 step=stateful RMSProp step applied
    unit 47/65 rc=797238 chunks=9 trained_queries=409632 trained_events=780452 mean_loss=2.046363 lr=0.00239278 step=stateful RMSProp step applied
    unit 48/65 rc=868544 chunks=8 trained_queries=388601 trained_events=691328 mean_loss=2.081127 lr=0.0023922 step=stateful RMSProp step applied
    unit 49/65 rc=931357 chunks=1 trained_queries=5910 trained_events=9744 mean_loss=1.926780 lr=0.00239162 step=stateful RMSProp step applied
    unit 50/65 rc=932241 chunks=2 trained_queries=63481 trained_events=107824 mean_loss=1.983316 lr=0.00239104 step=stateful RMSProp step applied
    unit 51/65 rc=942005 chunks=6 trained_queries=295710 trained_events=510176 mean_loss=2.070020 lr=0.00239045 step=stateful RMSProp step applied
    unit 52/65 rc=988604 chunks=4 trained_queries=190096 trained_events=338304 mean_loss=2.026355 lr=0.00238987 step=stateful RMSProp step applied
    unit 53/65 rc=1019500 chunks=9 trained_queries=413444 trained_events=737802 mean_loss=2.053011 lr=0.00238929 step=stateful RMSProp step applied
    unit 54/65 rc=1087047 chunks=12 trained_queries=553466 trained_events=1002752 mean_loss=2.074014 lr=0.0023887 step=stateful RMSProp step applied
    unit 55/65 rc=1178720 chunks=2 trained_queries=96605 trained_events=164880 mean_loss=2.079275 lr=0.00238812 step=stateful RMSProp step applied
    unit 56/65 rc=1193882 chunks=1 trained_queries=5343 trained_events=9456 mean_loss=1.822250 lr=0.00238753 step=stateful RMSProp step applied
    unit 57/65 rc=1194732 chunks=9 trained_queries=426507 trained_events=745745 mean_loss=2.099009 lr=0.00238695 step=stateful RMSProp step applied
    unit 58/65 rc=1262782 chunks=9 trained_queries=420566 trained_events=755486 mean_loss=2.066345 lr=0.00238636 step=stateful RMSProp step applied
    unit 59/65 rc=1332021 chunks=11 trained_queries=535061 trained_events=1019376 mean_loss=2.027460 lr=0.00238578 step=stateful RMSProp step applied
    unit 60/65 rc=1425400 chunks=5 trained_queries=235017 trained_events=405880 mean_loss=2.081270 lr=0.00238519 step=stateful RMSProp step applied
    unit 61/65 rc=1462524 chunks=2 trained_queries=68054 trained_events=119056 mean_loss=1.969840 lr=0.00238461 step=stateful RMSProp step applied
    unit 62/65 rc=1473469 chunks=3 trained_queries=147152 trained_events=266576 mean_loss=1.993518 lr=0.00238402 step=stateful RMSProp step applied
    unit 63/65 rc=1497733 chunks=1 trained_queries=5204 trained_events=8048 mean_loss=2.045154 lr=0.00238344 step=stateful RMSProp step applied
    unit 64/65 rc=1498502 chunks=4 trained_queries=165699 trained_events=311920 mean_loss=1.991392 lr=0.00238285 step=stateful RMSProp step applied
    unit 65/65 rc=1526829 chunks=1 trained_queries=3594 trained_events=5440 mean_loss=1.826925 lr=0.00238226 step=stateful RMSProp step applied
  train-epoch: epoch 30 summary trained_queries=8880122 trained_events=16953844 mean_loss=2.033058
  train-epoch: epoch 31/100
    unit 1/65 rc=1 chunks=5 trained_queries=235411 trained_events=602672 mean_loss=1.913692 lr=0.00238168 step=stateful RMSProp step applied
    unit 2/65 rc=47811 chunks=25 trained_queries=1209056 trained_events=2588009 mean_loss=2.060473 lr=0.00238109 step=stateful RMSProp step applied
    unit 3/65 rc=282625 chunks=1 trained_queries=17780 trained_events=32192 mean_loss=1.844216 lr=0.0023805 step=stateful RMSProp step applied
    unit 4/65 rc=285382 chunks=1 trained_queries=16 trained_events=16 mean_loss=0.703673 lr=0.00237992 step=stateful RMSProp step applied
    unit 5/65 rc=285383 chunks=1 trained_queries=41 trained_events=48 mean_loss=0.939360 lr=0.00237933 step=stateful RMSProp step applied
    unit 6/65 rc=285388 chunks=2 trained_queries=54875 trained_events=94080 mean_loss=2.360445 lr=0.00237874 step=stateful RMSProp step applied
    unit 7/65 rc=294043 chunks=3 trained_queries=146903 trained_events=301856 mean_loss=2.008320 lr=0.00237815 step=stateful RMSProp step applied
    unit 8/65 rc=321434 chunks=1 trained_queries=19351 trained_events=28624 mean_loss=2.214167 lr=0.00237757 step=stateful RMSProp step applied
    unit 9/65 rc=324057 chunks=1 trained_queries=35110 trained_events=118240 mean_loss=1.765999 lr=0.00237698 step=stateful RMSProp step applied
    unit 10/65 rc=331740 chunks=1 trained_queries=16 trained_events=432 mean_loss=0.103511 lr=0.00237639 step=stateful RMSProp step applied
    unit 11/65 rc=331741 chunks=2 trained_queries=74861 trained_events=154864 mean_loss=1.886493 lr=0.0023758 step=stateful RMSProp step applied
    unit 12/65 rc=345687 chunks=1 trained_queries=30300 trained_events=55216 mean_loss=1.852554 lr=0.00237521 step=stateful RMSProp step applied
    unit 13/65 rc=350763 chunks=1 trained_queries=15923 trained_events=37200 mean_loss=1.926714 lr=0.00237462 step=stateful RMSProp step applied
    unit 14/65 rc=353625 chunks=2 trained_queries=55670 trained_events=115472 mean_loss=1.953714 lr=0.00237404 step=stateful RMSProp step applied
    unit 15/65 rc=364135 chunks=1 trained_queries=19324 trained_events=41184 mean_loss=1.929853 lr=0.00237345 step=stateful RMSProp step applied
    unit 16/65 rc=367786 chunks=1 trained_queries=22956 trained_events=58432 mean_loss=1.784863 lr=0.00237286 step=stateful RMSProp step applied
    unit 17/65 rc=372767 chunks=1 trained_queries=12887 trained_events=31552 mean_loss=1.719968 lr=0.00237227 step=stateful RMSProp step applied
    unit 18/65 rc=375106 chunks=1 trained_queries=37224 trained_events=92032 mean_loss=1.706387 lr=0.00237168 step=stateful RMSProp step applied
    unit 19/65 rc=382687 chunks=1 trained_queries=11903 trained_events=27856 mean_loss=1.908611 lr=0.00237109 step=stateful RMSProp step applied
    unit 20/65 rc=384937 chunks=1 trained_queries=13922 trained_events=37200 mean_loss=1.703258 lr=0.0023705 step=stateful RMSProp step applied
    unit 21/65 rc=387825 chunks=1 trained_queries=20966 trained_events=46224 mean_loss=1.852186 lr=0.00236991 step=stateful RMSProp step applied
    unit 22/65 rc=391753 chunks=2 trained_queries=80510 trained_events=178352 mean_loss=1.819394 lr=0.00236932 step=stateful RMSProp step applied
    unit 23/65 rc=407234 chunks=1 trained_queries=2379 trained_events=5104 mean_loss=1.747839 lr=0.00236872 step=stateful RMSProp step applied
    unit 24/65 rc=407680 chunks=1 trained_queries=6700 trained_events=24672 mean_loss=1.348295 lr=0.00236813 step=stateful RMSProp step applied
    unit 25/65 rc=409029 chunks=1 trained_queries=26203 trained_events=59152 mean_loss=1.850742 lr=0.00236754 step=stateful RMSProp step applied
    unit 26/65 rc=414232 chunks=1 trained_queries=20070 trained_events=43728 mean_loss=1.897283 lr=0.00236695 step=stateful RMSProp step applied
    unit 27/65 rc=418109 chunks=1 trained_queries=30344 trained_events=74160 mean_loss=1.660049 lr=0.00236636 step=stateful RMSProp step applied
    unit 28/65 rc=424071 chunks=1 trained_queries=37398 trained_events=78688 mean_loss=1.838352 lr=0.00236577 step=stateful RMSProp step applied
    unit 29/65 rc=431070 chunks=1 trained_queries=9984 trained_events=22352 mean_loss=1.928856 lr=0.00236517 step=stateful RMSProp step applied
    unit 30/65 rc=433017 chunks=1 trained_queries=368 trained_events=3696 mean_loss=0.480246 lr=0.00236458 step=stateful RMSProp step applied
    unit 31/65 rc=433081 chunks=1 trained_queries=31432 trained_events=72896 mean_loss=1.837005 lr=0.00236399 step=stateful RMSProp step applied
    unit 32/65 rc=439253 chunks=1 trained_queries=32416 trained_events=67744 mean_loss=1.946281 lr=0.0023634 step=stateful RMSProp step applied
    unit 33/65 rc=445065 chunks=2 trained_queries=52575 trained_events=104160 mean_loss=1.913383 lr=0.0023628 step=stateful RMSProp step applied
    unit 34/65 rc=454440 chunks=1 trained_queries=18981 trained_events=51680 mean_loss=1.545792 lr=0.00236221 step=stateful RMSProp step applied
    unit 35/65 rc=458387 chunks=1 trained_queries=5199 trained_events=12224 mean_loss=1.679538 lr=0.00236162 step=stateful RMSProp step applied
    unit 36/65 rc=459434 chunks=1 trained_queries=25529 trained_events=53568 mean_loss=1.789435 lr=0.00236102 step=stateful RMSProp step applied
    unit 37/65 rc=464285 chunks=1 trained_queries=944 trained_events=1792 mean_loss=1.421451 lr=0.00236043 step=stateful RMSProp step applied
    unit 38/65 rc=464449 chunks=1 trained_queries=13111 trained_events=27072 mean_loss=1.722949 lr=0.00235984 step=stateful RMSProp step applied
    unit 39/65 rc=466777 chunks=1 trained_queries=1172 trained_events=2576 mean_loss=1.318856 lr=0.00235924 step=stateful RMSProp step applied
    unit 40/65 rc=467002 chunks=10 trained_queries=476268 trained_events=843008 mean_loss=2.112920 lr=0.00235865 step=stateful RMSProp step applied
    unit 41/65 rc=544108 chunks=2 trained_queries=98499 trained_events=172032 mean_loss=2.078521 lr=0.00235805 step=stateful RMSProp step applied
    unit 42/65 rc=559920 chunks=3 trained_queries=136044 trained_events=238517 mean_loss=2.071458 lr=0.00235746 step=stateful RMSProp step applied
    unit 43/65 rc=581652 chunks=6 trained_queries=267495 trained_events=477697 mean_loss=2.049288 lr=0.00235686 step=stateful RMSProp step applied
    unit 44/65 rc=625299 chunks=16 trained_queries=787430 trained_events=1441440 mean_loss=2.081038 lr=0.00235627 step=stateful RMSProp step applied
    unit 45/65 rc=756698 chunks=3 trained_queries=135019 trained_events=240624 mean_loss=2.040565 lr=0.00235567 step=stateful RMSProp step applied
    unit 46/65 rc=778776 chunks=3 trained_queries=120415 trained_events=203264 mean_loss=2.055285 lr=0.00235508 step=stateful RMSProp step applied
    unit 47/65 rc=797238 chunks=9 trained_queries=409632 trained_events=780452 mean_loss=2.039873 lr=0.00235448 step=stateful RMSProp step applied
    unit 48/65 rc=868544 chunks=8 trained_queries=388601 trained_events=691328 mean_loss=2.078619 lr=0.00235389 step=stateful RMSProp step applied
    unit 49/65 rc=931357 chunks=1 trained_queries=5910 trained_events=9744 mean_loss=1.941865 lr=0.00235329 step=stateful RMSProp step applied
    unit 50/65 rc=932241 chunks=2 trained_queries=63481 trained_events=107824 mean_loss=1.989227 lr=0.00235269 step=stateful RMSProp step applied
    unit 51/65 rc=942005 chunks=6 trained_queries=295710 trained_events=510176 mean_loss=2.071096 lr=0.0023521 step=stateful RMSProp step applied
    unit 52/65 rc=988604 chunks=4 trained_queries=190096 trained_events=338304 mean_loss=2.020097 lr=0.0023515 step=stateful RMSProp step applied
    unit 53/65 rc=1019500 chunks=9 trained_queries=413444 trained_events=737802 mean_loss=2.054385 lr=0.0023509 step=stateful RMSProp step applied
    unit 54/65 rc=1087047 chunks=12 trained_queries=553466 trained_events=1002752 mean_loss=2.081948 lr=0.00235031 step=stateful RMSProp step applied
    unit 55/65 rc=1178720 chunks=2 trained_queries=96605 trained_events=164880 mean_loss=2.075312 lr=0.00234971 step=stateful RMSProp step applied
    unit 56/65 rc=1193882 chunks=1 trained_queries=5343 trained_events=9456 mean_loss=1.853460 lr=0.00234911 step=stateful RMSProp step applied
    unit 57/65 rc=1194732 chunks=9 trained_queries=426507 trained_events=745745 mean_loss=2.117937 lr=0.00234851 step=stateful RMSProp step applied
    unit 58/65 rc=1262782 chunks=9 trained_queries=420566 trained_events=755486 mean_loss=2.068420 lr=0.00234792 step=stateful RMSProp step applied
    unit 59/65 rc=1332021 chunks=11 trained_queries=535061 trained_events=1019376 mean_loss=2.016808 lr=0.00234732 step=stateful RMSProp step applied
    unit 60/65 rc=1425400 chunks=5 trained_queries=235017 trained_events=405880 mean_loss=2.060625 lr=0.00234672 step=stateful RMSProp step applied
    unit 61/65 rc=1462524 chunks=2 trained_queries=68054 trained_events=119056 mean_loss=1.952406 lr=0.00234612 step=stateful RMSProp step applied
    unit 62/65 rc=1473469 chunks=3 trained_queries=147152 trained_events=266576 mean_loss=1.987244 lr=0.00234552 step=stateful RMSProp step applied
    unit 63/65 rc=1497733 chunks=1 trained_queries=5204 trained_events=8048 mean_loss=2.016915 lr=0.00234492 step=stateful RMSProp step applied
    unit 64/65 rc=1498502 chunks=4 trained_queries=165699 trained_events=311920 mean_loss=1.963660 lr=0.00234432 step=stateful RMSProp step applied
    unit 65/65 rc=1526829 chunks=1 trained_queries=3594 trained_events=5440 mean_loss=1.809361 lr=0.00234372 step=stateful RMSProp step applied
  train-epoch: epoch 31 summary trained_queries=8880122 trained_events=16953844 mean_loss=2.031481
  train-epoch: epoch 32/100
    unit 1/65 rc=1 chunks=5 trained_queries=235411 trained_events=602672 mean_loss=1.941362 lr=0.00234313 step=stateful RMSProp step applied
    unit 2/65 rc=47811 chunks=25 trained_queries=1209056 trained_events=2588009 mean_loss=2.055557 lr=0.00234253 step=stateful RMSProp step applied
    unit 3/65 rc=282625 chunks=1 trained_queries=17780 trained_events=32192 mean_loss=1.838230 lr=0.00234193 step=stateful RMSProp step applied
    unit 4/65 rc=285382 chunks=1 trained_queries=16 trained_events=16 mean_loss=0.652173 lr=0.00234133 step=stateful RMSProp step applied
    unit 5/65 rc=285383 chunks=1 trained_queries=41 trained_events=48 mean_loss=0.958962 lr=0.00234072 step=stateful RMSProp step applied
    unit 6/65 rc=285388 chunks=2 trained_queries=54875 trained_events=94080 mean_loss=2.218105 lr=0.00234012 step=stateful RMSProp step applied
    unit 7/65 rc=294043 chunks=3 trained_queries=146903 trained_events=301856 mean_loss=1.942321 lr=0.00233952 step=stateful RMSProp step applied
    unit 8/65 rc=321434 chunks=1 trained_queries=19351 trained_events=28624 mean_loss=2.133178 lr=0.00233892 step=stateful RMSProp step applied
    unit 9/65 rc=324057 chunks=1 trained_queries=35110 trained_events=118240 mean_loss=1.667027 lr=0.00233832 step=stateful RMSProp step applied
    unit 10/65 rc=331740 chunks=1 trained_queries=16 trained_events=432 mean_loss=0.096146 lr=0.00233772 step=stateful RMSProp step applied
    unit 11/65 rc=331741 chunks=2 trained_queries=74861 trained_events=154864 mean_loss=1.830385 lr=0.00233712 step=stateful RMSProp step applied
    unit 12/65 rc=345687 chunks=1 trained_queries=30300 trained_events=55216 mean_loss=1.806228 lr=0.00233652 step=stateful RMSProp step applied
    unit 13/65 rc=350763 chunks=1 trained_queries=15923 trained_events=37200 mean_loss=1.767915 lr=0.00233592 step=stateful RMSProp step applied
    unit 14/65 rc=353625 chunks=2 trained_queries=55670 trained_events=115472 mean_loss=1.902516 lr=0.00233531 step=stateful RMSProp step applied
    unit 15/65 rc=364135 chunks=1 trained_queries=19324 trained_events=41184 mean_loss=1.898091 lr=0.00233471 step=stateful RMSProp step applied
    unit 16/65 rc=367786 chunks=1 trained_queries=22956 trained_events=58432 mean_loss=1.751001 lr=0.00233411 step=stateful RMSProp step applied
    unit 17/65 rc=372767 chunks=1 trained_queries=12887 trained_events=31552 mean_loss=1.716295 lr=0.00233351 step=stateful RMSProp step applied
    unit 18/65 rc=375106 chunks=1 trained_queries=37224 trained_events=92032 mean_loss=1.692756 lr=0.0023329 step=stateful RMSProp step applied
    unit 19/65 rc=382687 chunks=1 trained_queries=11903 trained_events=27856 mean_loss=1.863025 lr=0.0023323 step=stateful RMSProp step applied
    unit 20/65 rc=384937 chunks=1 trained_queries=13922 trained_events=37200 mean_loss=1.660112 lr=0.0023317 step=stateful RMSProp step applied
    unit 21/65 rc=387825 chunks=1 trained_queries=20966 trained_events=46224 mean_loss=1.805575 lr=0.00233109 step=stateful RMSProp step applied
    unit 22/65 rc=391753 chunks=2 trained_queries=80510 trained_events=178352 mean_loss=1.796017 lr=0.00233049 step=stateful RMSProp step applied
    unit 23/65 rc=407234 chunks=1 trained_queries=2379 trained_events=5104 mean_loss=1.688251 lr=0.00232989 step=stateful RMSProp step applied
    unit 24/65 rc=407680 chunks=1 trained_queries=6700 trained_events=24672 mean_loss=1.319178 lr=0.00232928 step=stateful RMSProp step applied
    unit 25/65 rc=409029 chunks=1 trained_queries=26203 trained_events=59152 mean_loss=1.808851 lr=0.00232868 step=stateful RMSProp step applied
    unit 26/65 rc=414232 chunks=1 trained_queries=20070 trained_events=43728 mean_loss=1.852197 lr=0.00232807 step=stateful RMSProp step applied
    unit 27/65 rc=418109 chunks=1 trained_queries=30344 trained_events=74160 mean_loss=1.625301 lr=0.00232747 step=stateful RMSProp step applied
    unit 28/65 rc=424071 chunks=1 trained_queries=37398 trained_events=78688 mean_loss=1.822636 lr=0.00232686 step=stateful RMSProp step applied
    unit 29/65 rc=431070 chunks=1 trained_queries=9984 trained_events=22352 mean_loss=1.865069 lr=0.00232626 step=stateful RMSProp step applied
    unit 30/65 rc=433017 chunks=1 trained_queries=368 trained_events=3696 mean_loss=0.477900 lr=0.00232565 step=stateful RMSProp step applied
    unit 31/65 rc=433081 chunks=1 trained_queries=31432 trained_events=72896 mean_loss=1.812015 lr=0.00232505 step=stateful RMSProp step applied
    unit 32/65 rc=439253 chunks=1 trained_queries=32416 trained_events=67744 mean_loss=1.928135 lr=0.00232444 step=stateful RMSProp step applied
    unit 33/65 rc=445065 chunks=2 trained_queries=52575 trained_events=104160 mean_loss=1.887200 lr=0.00232384 step=stateful RMSProp step applied
    unit 34/65 rc=454440 chunks=1 trained_queries=18981 trained_events=51680 mean_loss=1.508924 lr=0.00232323 step=stateful RMSProp step applied
    unit 35/65 rc=458387 chunks=1 trained_queries=5199 trained_events=12224 mean_loss=1.640568 lr=0.00232263 step=stateful RMSProp step applied
    unit 36/65 rc=459434 chunks=1 trained_queries=25529 trained_events=53568 mean_loss=1.766858 lr=0.00232202 step=stateful RMSProp step applied
    unit 37/65 rc=464285 chunks=1 trained_queries=944 trained_events=1792 mean_loss=1.395329 lr=0.00232141 step=stateful RMSProp step applied
    unit 38/65 rc=464449 chunks=1 trained_queries=13111 trained_events=27072 mean_loss=1.691099 lr=0.00232081 step=stateful RMSProp step applied
    unit 39/65 rc=466777 chunks=1 trained_queries=1172 trained_events=2576 mean_loss=1.290544 lr=0.0023202 step=stateful RMSProp step applied
    unit 40/65 rc=467002 chunks=10 trained_queries=476268 trained_events=843008 mean_loss=2.094977 lr=0.00231959 step=stateful RMSProp step applied
    unit 41/65 rc=544108 chunks=2 trained_queries=98499 trained_events=172032 mean_loss=2.056839 lr=0.00231898 step=stateful RMSProp step applied
    unit 42/65 rc=559920 chunks=3 trained_queries=136044 trained_events=238517 mean_loss=2.051484 lr=0.00231838 step=stateful RMSProp step applied
    unit 43/65 rc=581652 chunks=6 trained_queries=267495 trained_events=477697 mean_loss=2.043574 lr=0.00231777 step=stateful RMSProp step applied
    unit 44/65 rc=625299 chunks=16 trained_queries=787430 trained_events=1441440 mean_loss=2.076408 lr=0.00231716 step=stateful RMSProp step applied
    unit 45/65 rc=756698 chunks=3 trained_queries=135019 trained_events=240624 mean_loss=2.030852 lr=0.00231655 step=stateful RMSProp step applied
    unit 46/65 rc=778776 chunks=3 trained_queries=120415 trained_events=203264 mean_loss=2.040437 lr=0.00231594 step=stateful RMSProp step applied
    unit 47/65 rc=797238 chunks=9 trained_queries=409632 trained_events=780452 mean_loss=2.021779 lr=0.00231534 step=stateful RMSProp step applied
    unit 48/65 rc=868544 chunks=8 trained_queries=388601 trained_events=691328 mean_loss=2.052755 lr=0.00231473 step=stateful RMSProp step applied
    unit 49/65 rc=931357 chunks=1 trained_queries=5910 trained_events=9744 mean_loss=1.904144 lr=0.00231412 step=stateful RMSProp step applied
    unit 50/65 rc=932241 chunks=2 trained_queries=63481 trained_events=107824 mean_loss=1.958112 lr=0.00231351 step=stateful RMSProp step applied
    unit 51/65 rc=942005 chunks=6 trained_queries=295710 trained_events=510176 mean_loss=2.056178 lr=0.0023129 step=stateful RMSProp step applied
    unit 52/65 rc=988604 chunks=4 trained_queries=190096 trained_events=338304 mean_loss=2.019459 lr=0.00231229 step=stateful RMSProp step applied
    unit 53/65 rc=1019500 chunks=9 trained_queries=413444 trained_events=737802 mean_loss=2.040061 lr=0.00231168 step=stateful RMSProp step applied
    unit 54/65 rc=1087047 chunks=12 trained_queries=553466 trained_events=1002752 mean_loss=2.062875 lr=0.00231107 step=stateful RMSProp step applied
    unit 55/65 rc=1178720 chunks=2 trained_queries=96605 trained_events=164880 mean_loss=2.075732 lr=0.00231046 step=stateful RMSProp step applied
    unit 56/65 rc=1193882 chunks=1 trained_queries=5343 trained_events=9456 mean_loss=1.826546 lr=0.00230985 step=stateful RMSProp step applied
    unit 57/65 rc=1194732 chunks=9 trained_queries=426507 trained_events=745745 mean_loss=2.093886 lr=0.00230924 step=stateful RMSProp step applied
    unit 58/65 rc=1262782 chunks=9 trained_queries=420566 trained_events=755486 mean_loss=2.052128 lr=0.00230863 step=stateful RMSProp step applied
    unit 59/65 rc=1332021 chunks=11 trained_queries=535061 trained_events=1019376 mean_loss=2.008802 lr=0.00230802 step=stateful RMSProp step applied
    unit 60/65 rc=1425400 chunks=5 trained_queries=235017 trained_events=405880 mean_loss=2.055904 lr=0.00230741 step=stateful RMSProp step applied
    unit 61/65 rc=1462524 chunks=2 trained_queries=68054 trained_events=119056 mean_loss=1.947517 lr=0.0023068 step=stateful RMSProp step applied
    unit 62/65 rc=1473469 chunks=3 trained_queries=147152 trained_events=266576 mean_loss=1.967958 lr=0.00230619 step=stateful RMSProp step applied
    unit 63/65 rc=1497733 chunks=1 trained_queries=5204 trained_events=8048 mean_loss=2.022088 lr=0.00230558 step=stateful RMSProp step applied
    unit 64/65 rc=1498502 chunks=4 trained_queries=165699 trained_events=311920 mean_loss=1.975472 lr=0.00230496 step=stateful RMSProp step applied
    unit 65/65 rc=1526829 chunks=1 trained_queries=3594 trained_events=5440 mean_loss=1.802016 lr=0.00230435 step=stateful RMSProp step applied
  train-epoch: epoch 32 summary trained_queries=8880122 trained_events=16953844 mean_loss=2.016397
  train-epoch: epoch 33/100
    unit 1/65 rc=1 chunks=5 trained_queries=235411 trained_events=602672 mean_loss=1.898304 lr=0.00230374 step=stateful RMSProp step applied
    unit 2/65 rc=47811 chunks=25 trained_queries=1209056 trained_events=2588009 mean_loss=2.051217 lr=0.00230313 step=stateful RMSProp step applied
    unit 3/65 rc=282625 chunks=1 trained_queries=17780 trained_events=32192 mean_loss=1.820838 lr=0.00230252 step=stateful RMSProp step applied
    unit 4/65 rc=285382 chunks=1 trained_queries=16 trained_events=16 mean_loss=0.602420 lr=0.0023019 step=stateful RMSProp step applied
    unit 5/65 rc=285383 chunks=1 trained_queries=41 trained_events=48 mean_loss=0.838953 lr=0.00230129 step=stateful RMSProp step applied
    unit 6/65 rc=285388 chunks=2 trained_queries=54875 trained_events=94080 mean_loss=2.198557 lr=0.00230068 step=stateful RMSProp step applied
    unit 7/65 rc=294043 chunks=3 trained_queries=146903 trained_events=301856 mean_loss=1.926542 lr=0.00230006 step=stateful RMSProp step applied
    unit 8/65 rc=321434 chunks=1 trained_queries=19351 trained_events=28624 mean_loss=2.105267 lr=0.00229945 step=stateful RMSProp step applied
    unit 9/65 rc=324057 chunks=1 trained_queries=35110 trained_events=118240 mean_loss=1.633620 lr=0.00229884 step=stateful RMSProp step applied
    unit 10/65 rc=331740 chunks=1 trained_queries=16 trained_events=432 mean_loss=0.092572 lr=0.00229822 step=stateful RMSProp step applied
    unit 11/65 rc=331741 chunks=2 trained_queries=74861 trained_events=154864 mean_loss=1.821239 lr=0.00229761 step=stateful RMSProp step applied
    unit 12/65 rc=345687 chunks=1 trained_queries=30300 trained_events=55216 mean_loss=1.800190 lr=0.002297 step=stateful RMSProp step applied
    unit 13/65 rc=350763 chunks=1 trained_queries=15923 trained_events=37200 mean_loss=1.742054 lr=0.00229638 step=stateful RMSProp step applied
    unit 14/65 rc=353625 chunks=2 trained_queries=55670 trained_events=115472 mean_loss=1.865085 lr=0.00229577 step=stateful RMSProp step applied
    unit 15/65 rc=364135 chunks=1 trained_queries=19324 trained_events=41184 mean_loss=1.854353 lr=0.00229515 step=stateful RMSProp step applied
    unit 16/65 rc=367786 chunks=1 trained_queries=22956 trained_events=58432 mean_loss=1.732325 lr=0.00229454 step=stateful RMSProp step applied
    unit 17/65 rc=372767 chunks=1 trained_queries=12887 trained_events=31552 mean_loss=1.649570 lr=0.00229392 step=stateful RMSProp step applied
    unit 18/65 rc=375106 chunks=1 trained_queries=37224 trained_events=92032 mean_loss=1.648102 lr=0.00229331 step=stateful RMSProp step applied
    unit 19/65 rc=382687 chunks=1 trained_queries=11903 trained_events=27856 mean_loss=1.849695 lr=0.00229269 step=stateful RMSProp step applied
    unit 20/65 rc=384937 chunks=1 trained_queries=13922 trained_events=37200 mean_loss=1.643273 lr=0.00229208 step=stateful RMSProp step applied
    unit 21/65 rc=387825 chunks=1 trained_queries=20966 trained_events=46224 mean_loss=1.803920 lr=0.00229146 step=stateful RMSProp step applied
    unit 22/65 rc=391753 chunks=2 trained_queries=80510 trained_events=178352 mean_loss=1.777676 lr=0.00229084 step=stateful RMSProp step applied
    unit 23/65 rc=407234 chunks=1 trained_queries=2379 trained_events=5104 mean_loss=1.652124 lr=0.00229023 step=stateful RMSProp step applied
    unit 24/65 rc=407680 chunks=1 trained_queries=6700 trained_events=24672 mean_loss=1.279014 lr=0.00228961 step=stateful RMSProp step applied
    unit 25/65 rc=409029 chunks=1 trained_queries=26203 trained_events=59152 mean_loss=1.768712 lr=0.002289 step=stateful RMSProp step applied
    unit 26/65 rc=414232 chunks=1 trained_queries=20070 trained_events=43728 mean_loss=1.821277 lr=0.00228838 step=stateful RMSProp step applied
    unit 27/65 rc=418109 chunks=1 trained_queries=30344 trained_events=74160 mean_loss=1.611174 lr=0.00228776 step=stateful RMSProp step applied
    unit 28/65 rc=424071 chunks=1 trained_queries=37398 trained_events=78688 mean_loss=1.791772 lr=0.00228715 step=stateful RMSProp step applied
    unit 29/65 rc=431070 chunks=1 trained_queries=9984 trained_events=22352 mean_loss=1.848474 lr=0.00228653 step=stateful RMSProp step applied
    unit 30/65 rc=433017 chunks=1 trained_queries=368 trained_events=3696 mean_loss=0.489240 lr=0.00228591 step=stateful RMSProp step applied
    unit 31/65 rc=433081 chunks=1 trained_queries=31432 trained_events=72896 mean_loss=1.829202 lr=0.00228529 step=stateful RMSProp step applied
    unit 32/65 rc=439253 chunks=1 trained_queries=32416 trained_events=67744 mean_loss=1.899701 lr=0.00228467 step=stateful RMSProp step applied
    unit 33/65 rc=445065 chunks=2 trained_queries=52575 trained_events=104160 mean_loss=1.878725 lr=0.00228406 step=stateful RMSProp step applied
    unit 34/65 rc=454440 chunks=1 trained_queries=18981 trained_events=51680 mean_loss=1.493461 lr=0.00228344 step=stateful RMSProp step applied
    unit 35/65 rc=458387 chunks=1 trained_queries=5199 trained_events=12224 mean_loss=1.601549 lr=0.00228282 step=stateful RMSProp step applied
    unit 36/65 rc=459434 chunks=1 trained_queries=25529 trained_events=53568 mean_loss=1.757220 lr=0.0022822 step=stateful RMSProp step applied
    unit 37/65 rc=464285 chunks=1 trained_queries=944 trained_events=1792 mean_loss=1.370244 lr=0.00228158 step=stateful RMSProp step applied
    unit 38/65 rc=464449 chunks=1 trained_queries=13111 trained_events=27072 mean_loss=1.684151 lr=0.00228096 step=stateful RMSProp step applied
    unit 39/65 rc=466777 chunks=1 trained_queries=1172 trained_events=2576 mean_loss=1.281567 lr=0.00228035 step=stateful RMSProp step applied
    unit 40/65 rc=467002 chunks=10 trained_queries=476268 trained_events=843008 mean_loss=2.088405 lr=0.00227973 step=stateful RMSProp step applied
    unit 41/65 rc=544108 chunks=2 trained_queries=98499 trained_events=172032 mean_loss=2.045461 lr=0.00227911 step=stateful RMSProp step applied
    unit 42/65 rc=559920 chunks=3 trained_queries=136044 trained_events=238517 mean_loss=2.038094 lr=0.00227849 step=stateful RMSProp step applied
    unit 43/65 rc=581652 chunks=6 trained_queries=267495 trained_events=477697 mean_loss=2.020192 lr=0.00227787 step=stateful RMSProp step applied
    unit 44/65 rc=625299 chunks=16 trained_queries=787430 trained_events=1441440 mean_loss=2.056153 lr=0.00227725 step=stateful RMSProp step applied
    unit 45/65 rc=756698 chunks=3 trained_queries=135019 trained_events=240624 mean_loss=2.014663 lr=0.00227663 step=stateful RMSProp step applied
    unit 46/65 rc=778776 chunks=3 trained_queries=120415 trained_events=203264 mean_loss=2.030568 lr=0.00227601 step=stateful RMSProp step applied
    unit 47/65 rc=797238 chunks=9 trained_queries=409632 trained_events=780452 mean_loss=2.012682 lr=0.00227539 step=stateful RMSProp step applied
    unit 48/65 rc=868544 chunks=8 trained_queries=388601 trained_events=691328 mean_loss=2.041140 lr=0.00227477 step=stateful RMSProp step applied
    unit 49/65 rc=931357 chunks=1 trained_queries=5910 trained_events=9744 mean_loss=1.899843 lr=0.00227414 step=stateful RMSProp step applied
    unit 50/65 rc=932241 chunks=2 trained_queries=63481 trained_events=107824 mean_loss=1.959813 lr=0.00227352 step=stateful RMSProp step applied
    unit 51/65 rc=942005 chunks=6 trained_queries=295710 trained_events=510176 mean_loss=2.051939 lr=0.0022729 step=stateful RMSProp step applied
    unit 52/65 rc=988604 chunks=4 trained_queries=190096 trained_events=338304 mean_loss=2.006663 lr=0.00227228 step=stateful RMSProp step applied
    unit 53/65 rc=1019500 chunks=9 trained_queries=413444 trained_events=737802 mean_loss=2.042889 lr=0.00227166 step=stateful RMSProp step applied
    unit 54/65 rc=1087047 chunks=12 trained_queries=553466 trained_events=1002752 mean_loss=2.061025 lr=0.00227104 step=stateful RMSProp step applied
    unit 55/65 rc=1178720 chunks=2 trained_queries=96605 trained_events=164880 mean_loss=2.081862 lr=0.00227042 step=stateful RMSProp step applied
    unit 56/65 rc=1193882 chunks=1 trained_queries=5343 trained_events=9456 mean_loss=1.816799 lr=0.00226979 step=stateful RMSProp step applied
    unit 57/65 rc=1194732 chunks=9 trained_queries=426507 trained_events=745745 mean_loss=2.086661 lr=0.00226917 step=stateful RMSProp step applied
    unit 58/65 rc=1262782 chunks=9 trained_queries=420566 trained_events=755486 mean_loss=2.040374 lr=0.00226855 step=stateful RMSProp step applied
    unit 59/65 rc=1332021 chunks=11 trained_queries=535061 trained_events=1019376 mean_loss=1.992498 lr=0.00226793 step=stateful RMSProp step applied
    unit 60/65 rc=1425400 chunks=5 trained_queries=235017 trained_events=405880 mean_loss=2.033637 lr=0.0022673 step=stateful RMSProp step applied
    unit 61/65 rc=1462524 chunks=2 trained_queries=68054 trained_events=119056 mean_loss=1.926140 lr=0.00226668 step=stateful RMSProp step applied
    unit 62/65 rc=1473469 chunks=3 trained_queries=147152 trained_events=266576 mean_loss=1.959742 lr=0.00226606 step=stateful RMSProp step applied
    unit 63/65 rc=1497733 chunks=1 trained_queries=5204 trained_events=8048 mean_loss=2.007648 lr=0.00226543 step=stateful RMSProp step applied
    unit 64/65 rc=1498502 chunks=4 trained_queries=165699 trained_events=311920 mean_loss=1.947502 lr=0.00226481 step=stateful RMSProp step applied
    unit 65/65 rc=1526829 chunks=1 trained_queries=3594 trained_events=5440 mean_loss=1.781521 lr=0.00226419 step=stateful RMSProp step applied
  train-epoch: epoch 33 summary trained_queries=8880122 trained_events=16953844 mean_loss=2.003845
  train-epoch: epoch 34/100
    unit 1/65 rc=1 chunks=5 trained_queries=235411 trained_events=602672 mean_loss=1.863401 lr=0.00226356 step=stateful RMSProp step applied
    unit 2/65 rc=47811 chunks=25 trained_queries=1209056 trained_events=2588009 mean_loss=2.035971 lr=0.00226294 step=stateful RMSProp step applied
    unit 3/65 rc=282625 chunks=1 trained_queries=17780 trained_events=32192 mean_loss=1.798972 lr=0.00226231 step=stateful RMSProp step applied
    unit 4/65 rc=285382 chunks=1 trained_queries=16 trained_events=16 mean_loss=0.557247 lr=0.00226169 step=stateful RMSProp step applied
    unit 5/65 rc=285383 chunks=1 trained_queries=41 trained_events=48 mean_loss=0.826595 lr=0.00226106 step=stateful RMSProp step applied
    unit 6/65 rc=285388 chunks=2 trained_queries=54875 trained_events=94080 mean_loss=2.183455 lr=0.00226044 step=stateful RMSProp step applied
    unit 7/65 rc=294043 chunks=3 trained_queries=146903 trained_events=301856 mean_loss=1.923352 lr=0.00225981 step=stateful RMSProp step applied
    unit 8/65 rc=321434 chunks=1 trained_queries=19351 trained_events=28624 mean_loss=2.106356 lr=0.00225919 step=stateful RMSProp step applied
    unit 9/65 rc=324057 chunks=1 trained_queries=35110 trained_events=118240 mean_loss=1.609410 lr=0.00225856 step=stateful RMSProp step applied
    unit 10/65 rc=331740 chunks=1 trained_queries=16 trained_events=432 mean_loss=0.082503 lr=0.00225794 step=stateful RMSProp step applied
    unit 11/65 rc=331741 chunks=2 trained_queries=74861 trained_events=154864 mean_loss=1.803033 lr=0.00225731 step=stateful RMSProp step applied
    unit 12/65 rc=345687 chunks=1 trained_queries=30300 trained_events=55216 mean_loss=1.786830 lr=0.00225669 step=stateful RMSProp step applied
    unit 13/65 rc=350763 chunks=1 trained_queries=15923 trained_events=37200 mean_loss=1.715642 lr=0.00225606 step=stateful RMSProp step applied
    unit 14/65 rc=353625 chunks=2 trained_queries=55670 trained_events=115472 mean_loss=1.851045 lr=0.00225543 step=stateful RMSProp step applied
    unit 15/65 rc=364135 chunks=1 trained_queries=19324 trained_events=41184 mean_loss=1.851234 lr=0.00225481 step=stateful RMSProp step applied
    unit 16/65 rc=367786 chunks=1 trained_queries=22956 trained_events=58432 mean_loss=1.687861 lr=0.00225418 step=stateful RMSProp step applied
    unit 17/65 rc=372767 chunks=1 trained_queries=12887 trained_events=31552 mean_loss=1.643240 lr=0.00225355 step=stateful RMSProp step applied
    unit 18/65 rc=375106 chunks=1 trained_queries=37224 trained_events=92032 mean_loss=1.651014 lr=0.00225293 step=stateful RMSProp step applied
    unit 19/65 rc=382687 chunks=1 trained_queries=11903 trained_events=27856 mean_loss=1.810659 lr=0.0022523 step=stateful RMSProp step applied
    unit 20/65 rc=384937 chunks=1 trained_queries=13922 trained_events=37200 mean_loss=1.627252 lr=0.00225167 step=stateful RMSProp step applied
    unit 21/65 rc=387825 chunks=1 trained_queries=20966 trained_events=46224 mean_loss=1.795975 lr=0.00225105 step=stateful RMSProp step applied
    unit 22/65 rc=391753 chunks=2 trained_queries=80510 trained_events=178352 mean_loss=1.774114 lr=0.00225042 step=stateful RMSProp step applied
    unit 23/65 rc=407234 chunks=1 trained_queries=2379 trained_events=5104 mean_loss=1.657249 lr=0.00224979 step=stateful RMSProp step applied
    unit 24/65 rc=407680 chunks=1 trained_queries=6700 trained_events=24672 mean_loss=1.323708 lr=0.00224916 step=stateful RMSProp step applied
    unit 25/65 rc=409029 chunks=1 trained_queries=26203 trained_events=59152 mean_loss=1.773163 lr=0.00224853 step=stateful RMSProp step applied
    unit 26/65 rc=414232 chunks=1 trained_queries=20070 trained_events=43728 mean_loss=1.810955 lr=0.00224791 step=stateful RMSProp step applied
    unit 27/65 rc=418109 chunks=1 trained_queries=30344 trained_events=74160 mean_loss=1.612190 lr=0.00224728 step=stateful RMSProp step applied
    unit 28/65 rc=424071 chunks=1 trained_queries=37398 trained_events=78688 mean_loss=1.792173 lr=0.00224665 step=stateful RMSProp step applied
    unit 29/65 rc=431070 chunks=1 trained_queries=9984 trained_events=22352 mean_loss=1.847149 lr=0.00224602 step=stateful RMSProp step applied
    unit 30/65 rc=433017 chunks=1 trained_queries=368 trained_events=3696 mean_loss=0.498038 lr=0.00224539 step=stateful RMSProp step applied
    unit 31/65 rc=433081 chunks=1 trained_queries=31432 trained_events=72896 mean_loss=1.781517 lr=0.00224476 step=stateful RMSProp step applied
    unit 32/65 rc=439253 chunks=1 trained_queries=32416 trained_events=67744 mean_loss=1.895195 lr=0.00224413 step=stateful RMSProp step applied
    unit 33/65 rc=445065 chunks=2 trained_queries=52575 trained_events=104160 mean_loss=1.868642 lr=0.0022435 step=stateful RMSProp step applied
    unit 34/65 rc=454440 chunks=1 trained_queries=18981 trained_events=51680 mean_loss=1.523364 lr=0.00224287 step=stateful RMSProp step applied
    unit 35/65 rc=458387 chunks=1 trained_queries=5199 trained_events=12224 mean_loss=1.584385 lr=0.00224224 step=stateful RMSProp step applied
    unit 36/65 rc=459434 chunks=1 trained_queries=25529 trained_events=53568 mean_loss=1.737955 lr=0.00224161 step=stateful RMSProp step applied
    unit 37/65 rc=464285 chunks=1 trained_queries=944 trained_events=1792 mean_loss=1.378175 lr=0.00224098 step=stateful RMSProp step applied
    unit 38/65 rc=464449 chunks=1 trained_queries=13111 trained_events=27072 mean_loss=1.699322 lr=0.00224035 step=stateful RMSProp step applied
    unit 39/65 rc=466777 chunks=1 trained_queries=1172 trained_events=2576 mean_loss=1.267775 lr=0.00223972 step=stateful RMSProp step applied
    unit 40/65 rc=467002 chunks=10 trained_queries=476268 trained_events=843008 mean_loss=2.082752 lr=0.00223909 step=stateful RMSProp step applied
    unit 41/65 rc=544108 chunks=2 trained_queries=98499 trained_events=172032 mean_loss=2.038151 lr=0.00223846 step=stateful RMSProp step applied
    unit 42/65 rc=559920 chunks=3 trained_queries=136044 trained_events=238517 mean_loss=2.024209 lr=0.00223783 step=stateful RMSProp step applied
    unit 43/65 rc=581652 chunks=6 trained_queries=267495 trained_events=477697 mean_loss=2.007830 lr=0.0022372 step=stateful RMSProp step applied
    unit 44/65 rc=625299 chunks=16 trained_queries=787430 trained_events=1441440 mean_loss=2.042462 lr=0.00223657 step=stateful RMSProp step applied
    unit 45/65 rc=756698 chunks=3 trained_queries=135019 trained_events=240624 mean_loss=2.003136 lr=0.00223593 step=stateful RMSProp step applied
    unit 46/65 rc=778776 chunks=3 trained_queries=120415 trained_events=203264 mean_loss=2.010633 lr=0.0022353 step=stateful RMSProp step applied
    unit 47/65 rc=797238 chunks=9 trained_queries=409632 trained_events=780452 mean_loss=2.002872 lr=0.00223467 step=stateful RMSProp step applied
    unit 48/65 rc=868544 chunks=8 trained_queries=388601 trained_events=691328 mean_loss=2.028608 lr=0.00223404 step=stateful RMSProp step applied
    unit 49/65 rc=931357 chunks=1 trained_queries=5910 trained_events=9744 mean_loss=1.884554 lr=0.00223341 step=stateful RMSProp step applied
    unit 50/65 rc=932241 chunks=2 trained_queries=63481 trained_events=107824 mean_loss=1.941311 lr=0.00223277 step=stateful RMSProp step applied
    unit 51/65 rc=942005 chunks=6 trained_queries=295710 trained_events=510176 mean_loss=2.034499 lr=0.00223214 step=stateful RMSProp step applied
    unit 52/65 rc=988604 chunks=4 trained_queries=190096 trained_events=338304 mean_loss=1.989208 lr=0.00223151 step=stateful RMSProp step applied
    unit 53/65 rc=1019500 chunks=9 trained_queries=413444 trained_events=737802 mean_loss=2.022844 lr=0.00223088 step=stateful RMSProp step applied
    unit 54/65 rc=1087047 chunks=12 trained_queries=553466 trained_events=1002752 mean_loss=2.043256 lr=0.00223024 step=stateful RMSProp step applied
    unit 55/65 rc=1178720 chunks=2 trained_queries=96605 trained_events=164880 mean_loss=2.047333 lr=0.00222961 step=stateful RMSProp step applied
    unit 56/65 rc=1193882 chunks=1 trained_queries=5343 trained_events=9456 mean_loss=1.778713 lr=0.00222898 step=stateful RMSProp step applied
    unit 57/65 rc=1194732 chunks=9 trained_queries=426507 trained_events=745745 mean_loss=2.067893 lr=0.00222834 step=stateful RMSProp step applied
    unit 58/65 rc=1262782 chunks=9 trained_queries=420566 trained_events=755486 mean_loss=2.030975 lr=0.00222771 step=stateful RMSProp step applied
    unit 59/65 rc=1332021 chunks=11 trained_queries=535061 trained_events=1019376 mean_loss=1.980238 lr=0.00222707 step=stateful RMSProp step applied
    unit 60/65 rc=1425400 chunks=5 trained_queries=235017 trained_events=405880 mean_loss=2.024017 lr=0.00222644 step=stateful RMSProp step applied
    unit 61/65 rc=1462524 chunks=2 trained_queries=68054 trained_events=119056 mean_loss=1.912610 lr=0.0022258 step=stateful RMSProp step applied
    unit 62/65 rc=1473469 chunks=3 trained_queries=147152 trained_events=266576 mean_loss=1.950798 lr=0.00222517 step=stateful RMSProp step applied
    unit 63/65 rc=1497733 chunks=1 trained_queries=5204 trained_events=8048 mean_loss=1.994025 lr=0.00222454 step=stateful RMSProp step applied
    unit 64/65 rc=1498502 chunks=4 trained_queries=165699 trained_events=311920 mean_loss=1.934078 lr=0.0022239 step=stateful RMSProp step applied
    unit 65/65 rc=1526829 chunks=1 trained_queries=3594 trained_events=5440 mean_loss=1.764704 lr=0.00222327 step=stateful RMSProp step applied
  train-epoch: epoch 34 summary trained_queries=8880122 trained_events=16953844 mean_loss=1.989652
  train-epoch: epoch 35/100
    unit 1/65 rc=1 chunks=5 trained_queries=235411 trained_events=602672 mean_loss=1.852329 lr=0.00222263 step=stateful RMSProp step applied
    unit 2/65 rc=47811 chunks=25 trained_queries=1209056 trained_events=2588009 mean_loss=2.019984 lr=0.002222 step=stateful RMSProp step applied
    unit 3/65 rc=282625 chunks=1 trained_queries=17780 trained_events=32192 mean_loss=1.783140 lr=0.00222136 step=stateful RMSProp step applied
    unit 4/65 rc=285382 chunks=1 trained_queries=16 trained_events=16 mean_loss=0.531653 lr=0.00222072 step=stateful RMSProp step applied
    unit 5/65 rc=285383 chunks=1 trained_queries=41 trained_events=48 mean_loss=0.771374 lr=0.00222009 step=stateful RMSProp step applied
    unit 6/65 rc=285388 chunks=2 trained_queries=54875 trained_events=94080 mean_loss=2.172070 lr=0.00221945 step=stateful RMSProp step applied
    unit 7/65 rc=294043 chunks=3 trained_queries=146903 trained_events=301856 mean_loss=1.900295 lr=0.00221882 step=stateful RMSProp step applied
    unit 8/65 rc=321434 chunks=1 trained_queries=19351 trained_events=28624 mean_loss=2.072850 lr=0.00221818 step=stateful RMSProp step applied
    unit 9/65 rc=324057 chunks=1 trained_queries=35110 trained_events=118240 mean_loss=1.591073 lr=0.00221754 step=stateful RMSProp step applied
    unit 10/65 rc=331740 chunks=1 trained_queries=16 trained_events=432 mean_loss=0.081225 lr=0.00221691 step=stateful RMSProp step applied
    unit 11/65 rc=331741 chunks=2 trained_queries=74861 trained_events=154864 mean_loss=1.785756 lr=0.00221627 step=stateful RMSProp step applied
    unit 12/65 rc=345687 chunks=1 trained_queries=30300 trained_events=55216 mean_loss=1.777076 lr=0.00221563 step=stateful RMSProp step applied
    unit 13/65 rc=350763 chunks=1 trained_queries=15923 trained_events=37200 mean_loss=1.691938 lr=0.00221499 step=stateful RMSProp step applied
    unit 14/65 rc=353625 chunks=2 trained_queries=55670 trained_events=115472 mean_loss=1.837891 lr=0.00221436 step=stateful RMSProp step applied
    unit 15/65 rc=364135 chunks=1 trained_queries=19324 trained_events=41184 mean_loss=1.829503 lr=0.00221372 step=stateful RMSProp step applied
    unit 16/65 rc=367786 chunks=1 trained_queries=22956 trained_events=58432 mean_loss=1.662851 lr=0.00221308 step=stateful RMSProp step applied
    unit 17/65 rc=372767 chunks=1 trained_queries=12887 trained_events=31552 mean_loss=1.626357 lr=0.00221244 step=stateful RMSProp step applied
    unit 18/65 rc=375106 chunks=1 trained_queries=37224 trained_events=92032 mean_loss=1.622551 lr=0.00221181 step=stateful RMSProp step applied
    unit 19/65 rc=382687 chunks=1 trained_queries=11903 trained_events=27856 mean_loss=1.785662 lr=0.00221117 step=stateful RMSProp step applied
    unit 20/65 rc=384937 chunks=1 trained_queries=13922 trained_events=37200 mean_loss=1.593675 lr=0.00221053 step=stateful RMSProp step applied
    unit 21/65 rc=387825 chunks=1 trained_queries=20966 trained_events=46224 mean_loss=1.751515 lr=0.00220989 step=stateful RMSProp step applied
    unit 22/65 rc=391753 chunks=2 trained_queries=80510 trained_events=178352 mean_loss=1.754222 lr=0.00220925 step=stateful RMSProp step applied
    unit 23/65 rc=407234 chunks=1 trained_queries=2379 trained_events=5104 mean_loss=1.622066 lr=0.00220861 step=stateful RMSProp step applied
    unit 24/65 rc=407680 chunks=1 trained_queries=6700 trained_events=24672 mean_loss=1.311444 lr=0.00220797 step=stateful RMSProp step applied
    unit 25/65 rc=409029 chunks=1 trained_queries=26203 trained_events=59152 mean_loss=1.740909 lr=0.00220733 step=stateful RMSProp step applied
    unit 26/65 rc=414232 chunks=1 trained_queries=20070 trained_events=43728 mean_loss=1.798242 lr=0.0022067 step=stateful RMSProp step applied
    unit 27/65 rc=418109 chunks=1 trained_queries=30344 trained_events=74160 mean_loss=1.588221 lr=0.00220606 step=stateful RMSProp step applied
    unit 28/65 rc=424071 chunks=1 trained_queries=37398 trained_events=78688 mean_loss=1.759464 lr=0.00220542 step=stateful RMSProp step applied
    unit 29/65 rc=431070 chunks=1 trained_queries=9984 trained_events=22352 mean_loss=1.824548 lr=0.00220478 step=stateful RMSProp step applied
    unit 30/65 rc=433017 chunks=1 trained_queries=368 trained_events=3696 mean_loss=0.448230 lr=0.00220414 step=stateful RMSProp step applied
    unit 31/65 rc=433081 chunks=1 trained_queries=31432 trained_events=72896 mean_loss=1.773781 lr=0.0022035 step=stateful RMSProp step applied
    unit 32/65 rc=439253 chunks=1 trained_queries=32416 trained_events=67744 mean_loss=1.865069 lr=0.00220286 step=stateful RMSProp step applied
    unit 33/65 rc=445065 chunks=2 trained_queries=52575 trained_events=104160 mean_loss=1.858375 lr=0.00220222 step=stateful RMSProp step applied
    unit 34/65 rc=454440 chunks=1 trained_queries=18981 trained_events=51680 mean_loss=1.472671 lr=0.00220157 step=stateful RMSProp step applied
    unit 35/65 rc=458387 chunks=1 trained_queries=5199 trained_events=12224 mean_loss=1.575237 lr=0.00220093 step=stateful RMSProp step applied
    unit 36/65 rc=459434 chunks=1 trained_queries=25529 trained_events=53568 mean_loss=1.804940 lr=0.00220029 step=stateful RMSProp step applied
    unit 37/65 rc=464285 chunks=1 trained_queries=944 trained_events=1792 mean_loss=1.419111 lr=0.00219965 step=stateful RMSProp step applied
    unit 38/65 rc=464449 chunks=1 trained_queries=13111 trained_events=27072 mean_loss=1.732003 lr=0.00219901 step=stateful RMSProp step applied
    unit 39/65 rc=466777 chunks=1 trained_queries=1172 trained_events=2576 mean_loss=1.381913 lr=0.00219837 step=stateful RMSProp step applied
    unit 40/65 rc=467002 chunks=10 trained_queries=476268 trained_events=843008 mean_loss=2.189355 lr=0.00219773 step=stateful RMSProp step applied
    unit 41/65 rc=544108 chunks=2 trained_queries=98499 trained_events=172032 mean_loss=2.099006 lr=0.00219708 step=stateful RMSProp step applied
    unit 42/65 rc=559920 chunks=3 trained_queries=136044 trained_events=238517 mean_loss=2.060957 lr=0.00219644 step=stateful RMSProp step applied
    unit 43/65 rc=581652 chunks=6 trained_queries=267495 trained_events=477697 mean_loss=2.035769 lr=0.0021958 step=stateful RMSProp step applied
    unit 44/65 rc=625299 chunks=16 trained_queries=787430 trained_events=1441440 mean_loss=2.061860 lr=0.00219516 step=stateful RMSProp step applied
    unit 45/65 rc=756698 chunks=3 trained_queries=135019 trained_events=240624 mean_loss=2.021088 lr=0.00219452 step=stateful RMSProp step applied
    unit 46/65 rc=778776 chunks=3 trained_queries=120415 trained_events=203264 mean_loss=2.059887 lr=0.00219387 step=stateful RMSProp step applied
    unit 47/65 rc=797238 chunks=9 trained_queries=409632 trained_events=780452 mean_loss=2.038651 lr=0.00219323 step=stateful RMSProp step applied
    unit 48/65 rc=868544 chunks=8 trained_queries=388601 trained_events=691328 mean_loss=2.048012 lr=0.00219259 step=stateful RMSProp step applied
    unit 49/65 rc=931357 chunks=1 trained_queries=5910 trained_events=9744 mean_loss=1.915293 lr=0.00219194 step=stateful RMSProp step applied
    unit 50/65 rc=932241 chunks=2 trained_queries=63481 trained_events=107824 mean_loss=1.958838 lr=0.0021913 step=stateful RMSProp step applied
    unit 51/65 rc=942005 chunks=6 trained_queries=295710 trained_events=510176 mean_loss=2.052967 lr=0.00219066 step=stateful RMSProp step applied
    unit 52/65 rc=988604 chunks=4 trained_queries=190096 trained_events=338304 mean_loss=2.003875 lr=0.00219001 step=stateful RMSProp step applied
    unit 53/65 rc=1019500 chunks=9 trained_queries=413444 trained_events=737802 mean_loss=2.030153 lr=0.00218937 step=stateful RMSProp step applied
    unit 54/65 rc=1087047 chunks=12 trained_queries=553466 trained_events=1002752 mean_loss=2.047314 lr=0.00218873 step=stateful RMSProp step applied
    unit 55/65 rc=1178720 chunks=2 trained_queries=96605 trained_events=164880 mean_loss=2.056454 lr=0.00218808 step=stateful RMSProp step applied
    unit 56/65 rc=1193882 chunks=1 trained_queries=5343 trained_events=9456 mean_loss=1.782382 lr=0.00218744 step=stateful RMSProp step applied
    unit 57/65 rc=1194732 chunks=9 trained_queries=426507 trained_events=745745 mean_loss=2.065631 lr=0.00218679 step=stateful RMSProp step applied
    unit 58/65 rc=1262782 chunks=9 trained_queries=420566 trained_events=755486 mean_loss=2.030847 lr=0.00218615 step=stateful RMSProp step applied
    unit 59/65 rc=1332021 chunks=11 trained_queries=535061 trained_events=1019376 mean_loss=1.980287 lr=0.0021855 step=stateful RMSProp step applied
    unit 60/65 rc=1425400 chunks=5 trained_queries=235017 trained_events=405880 mean_loss=2.020415 lr=0.00218486 step=stateful RMSProp step applied
    unit 61/65 rc=1462524 chunks=2 trained_queries=68054 trained_events=119056 mean_loss=1.908442 lr=0.00218421 step=stateful RMSProp step applied
    unit 62/65 rc=1473469 chunks=3 trained_queries=147152 trained_events=266576 mean_loss=1.945564 lr=0.00218357 step=stateful RMSProp step applied
    unit 63/65 rc=1497733 chunks=1 trained_queries=5204 trained_events=8048 mean_loss=1.981837 lr=0.00218292 step=stateful RMSProp step applied
    unit 64/65 rc=1498502 chunks=4 trained_queries=165699 trained_events=311920 mean_loss=1.931088 lr=0.00218228 step=stateful RMSProp step applied
    unit 65/65 rc=1526829 chunks=1 trained_queries=3594 trained_events=5440 mean_loss=1.759510 lr=0.00218163 step=stateful RMSProp step applied
  train-epoch: epoch 35 summary trained_queries=8880122 trained_events=16953844 mean_loss=1.997884
  train-epoch: epoch 36/100
    unit 1/65 rc=1 chunks=5 trained_queries=235411 trained_events=602672 mean_loss=1.848322 lr=0.00218099 step=stateful RMSProp step applied
    unit 2/65 rc=47811 chunks=25 trained_queries=1209056 trained_events=2588009 mean_loss=2.020473 lr=0.00218034 step=stateful RMSProp step applied
    unit 3/65 rc=282625 chunks=1 trained_queries=17780 trained_events=32192 mean_loss=1.784188 lr=0.00217969 step=stateful RMSProp step applied
    unit 4/65 rc=285382 chunks=1 trained_queries=16 trained_events=16 mean_loss=0.506815 lr=0.00217905 step=stateful RMSProp step applied
    unit 5/65 rc=285383 chunks=1 trained_queries=41 trained_events=48 mean_loss=0.779202 lr=0.0021784 step=stateful RMSProp step applied
    unit 6/65 rc=285388 chunks=2 trained_queries=54875 trained_events=94080 mean_loss=2.160755 lr=0.00217775 step=stateful RMSProp step applied
    unit 7/65 rc=294043 chunks=3 trained_queries=146903 trained_events=301856 mean_loss=1.898813 lr=0.00217711 step=stateful RMSProp step applied
    unit 8/65 rc=321434 chunks=1 trained_queries=19351 trained_events=28624 mean_loss=2.070076 lr=0.00217646 step=stateful RMSProp step applied
    unit 9/65 rc=324057 chunks=1 trained_queries=35110 trained_events=118240 mean_loss=1.588132 lr=0.00217581 step=stateful RMSProp step applied
    unit 10/65 rc=331740 chunks=1 trained_queries=16 trained_events=432 mean_loss=0.071339 lr=0.00217517 step=stateful RMSProp step applied
    unit 11/65 rc=331741 chunks=2 trained_queries=74861 trained_events=154864 mean_loss=1.781473 lr=0.00217452 step=stateful RMSProp step applied
    unit 12/65 rc=345687 chunks=1 trained_queries=30300 trained_events=55216 mean_loss=1.768365 lr=0.00217387 step=stateful RMSProp step applied
    unit 13/65 rc=350763 chunks=1 trained_queries=15923 trained_events=37200 mean_loss=1.687343 lr=0.00217322 step=stateful RMSProp step applied
    unit 14/65 rc=353625 chunks=2 trained_queries=55670 trained_events=115472 mean_loss=1.837136 lr=0.00217257 step=stateful RMSProp step applied
    unit 15/65 rc=364135 chunks=1 trained_queries=19324 trained_events=41184 mean_loss=1.813945 lr=0.00217193 step=stateful RMSProp step applied
    unit 16/65 rc=367786 chunks=1 trained_queries=22956 trained_events=58432 mean_loss=1.664730 lr=0.00217128 step=stateful RMSProp step applied
    unit 17/65 rc=372767 chunks=1 trained_queries=12887 trained_events=31552 mean_loss=1.594000 lr=0.00217063 step=stateful RMSProp step applied
    unit 18/65 rc=375106 chunks=1 trained_queries=37224 trained_events=92032 mean_loss=1.626644 lr=0.00216998 step=stateful RMSProp step applied
    unit 19/65 rc=382687 chunks=1 trained_queries=11903 trained_events=27856 mean_loss=1.780392 lr=0.00216933 step=stateful RMSProp step applied
    unit 20/65 rc=384937 chunks=1 trained_queries=13922 trained_events=37200 mean_loss=1.588221 lr=0.00216868 step=stateful RMSProp step applied
    unit 21/65 rc=387825 chunks=1 trained_queries=20966 trained_events=46224 mean_loss=1.744410 lr=0.00216803 step=stateful RMSProp step applied
    unit 22/65 rc=391753 chunks=2 trained_queries=80510 trained_events=178352 mean_loss=1.756133 lr=0.00216739 step=stateful RMSProp step applied
    unit 23/65 rc=407234 chunks=1 trained_queries=2379 trained_events=5104 mean_loss=1.611659 lr=0.00216674 step=stateful RMSProp step applied
    unit 24/65 rc=407680 chunks=1 trained_queries=6700 trained_events=24672 mean_loss=1.258446 lr=0.00216609 step=stateful RMSProp step applied
    unit 25/65 rc=409029 chunks=1 trained_queries=26203 trained_events=59152 mean_loss=1.734254 lr=0.00216544 step=stateful RMSProp step applied
    unit 26/65 rc=414232 chunks=1 trained_queries=20070 trained_events=43728 mean_loss=1.774863 lr=0.00216479 step=stateful RMSProp step applied
    unit 27/65 rc=418109 chunks=1 trained_queries=30344 trained_events=74160 mean_loss=1.556182 lr=0.00216414 step=stateful RMSProp step applied
    unit 28/65 rc=424071 chunks=1 trained_queries=37398 trained_events=78688 mean_loss=1.759075 lr=0.00216349 step=stateful RMSProp step applied
    unit 29/65 rc=431070 chunks=1 trained_queries=9984 trained_events=22352 mean_loss=1.810370 lr=0.00216284 step=stateful RMSProp step applied
    unit 30/65 rc=433017 chunks=1 trained_queries=368 trained_events=3696 mean_loss=0.440756 lr=0.00216219 step=stateful RMSProp step applied
    unit 31/65 rc=433081 chunks=1 trained_queries=31432 trained_events=72896 mean_loss=1.744223 lr=0.00216154 step=stateful RMSProp step applied
    unit 32/65 rc=439253 chunks=1 trained_queries=32416 trained_events=67744 mean_loss=1.862589 lr=0.00216089 step=stateful RMSProp step applied
    unit 33/65 rc=445065 chunks=2 trained_queries=52575 trained_events=104160 mean_loss=1.847078 lr=0.00216023 step=stateful RMSProp step applied
    unit 34/65 rc=454440 chunks=1 trained_queries=18981 trained_events=51680 mean_loss=1.457371 lr=0.00215958 step=stateful RMSProp step applied
    unit 35/65 rc=458387 chunks=1 trained_queries=5199 trained_events=12224 mean_loss=1.558170 lr=0.00215893 step=stateful RMSProp step applied
    unit 36/65 rc=459434 chunks=1 trained_queries=25529 trained_events=53568 mean_loss=1.722907 lr=0.00215828 step=stateful RMSProp step applied
    unit 37/65 rc=464285 chunks=1 trained_queries=944 trained_events=1792 mean_loss=1.328489 lr=0.00215763 step=stateful RMSProp step applied
    unit 38/65 rc=464449 chunks=1 trained_queries=13111 trained_events=27072 mean_loss=1.637513 lr=0.00215698 step=stateful RMSProp step applied
    unit 39/65 rc=466777 chunks=1 trained_queries=1172 trained_events=2576 mean_loss=1.254754 lr=0.00215633 step=stateful RMSProp step applied
    unit 40/65 rc=467002 chunks=10 trained_queries=476268 trained_events=843008 mean_loss=2.063002 lr=0.00215567 step=stateful RMSProp step applied
    unit 41/65 rc=544108 chunks=2 trained_queries=98499 trained_events=172032 mean_loss=2.028438 lr=0.00215502 step=stateful RMSProp step applied
    unit 42/65 rc=559920 chunks=3 trained_queries=136044 trained_events=238517 mean_loss=2.020778 lr=0.00215437 step=stateful RMSProp step applied
    unit 43/65 rc=581652 chunks=6 trained_queries=267495 trained_events=477697 mean_loss=2.004127 lr=0.00215372 step=stateful RMSProp step applied
    unit 44/65 rc=625299 chunks=16 trained_queries=787430 trained_events=1441440 mean_loss=2.041321 lr=0.00215306 step=stateful RMSProp step applied
    unit 45/65 rc=756698 chunks=3 trained_queries=135019 trained_events=240624 mean_loss=1.993070 lr=0.00215241 step=stateful RMSProp step applied
    unit 46/65 rc=778776 chunks=3 trained_queries=120415 trained_events=203264 mean_loss=2.016591 lr=0.00215176 step=stateful RMSProp step applied
    unit 47/65 rc=797238 chunks=9 trained_queries=409632 trained_events=780452 mean_loss=2.023224 lr=0.00215111 step=stateful RMSProp step applied
    unit 48/65 rc=868544 chunks=8 trained_queries=388601 trained_events=691328 mean_loss=2.052204 lr=0.00215045 step=stateful RMSProp step applied
    unit 49/65 rc=931357 chunks=1 trained_queries=5910 trained_events=9744 mean_loss=1.879193 lr=0.0021498 step=stateful RMSProp step applied
    unit 50/65 rc=932241 chunks=2 trained_queries=63481 trained_events=107824 mean_loss=1.934267 lr=0.00214915 step=stateful RMSProp step applied
    unit 51/65 rc=942005 chunks=6 trained_queries=295710 trained_events=510176 mean_loss=2.019701 lr=0.00214849 step=stateful RMSProp step applied
    unit 52/65 rc=988604 chunks=4 trained_queries=190096 trained_events=338304 mean_loss=1.971938 lr=0.00214784 step=stateful RMSProp step applied
    unit 53/65 rc=1019500 chunks=9 trained_queries=413444 trained_events=737802 mean_loss=2.006667 lr=0.00214718 step=stateful RMSProp step applied
    unit 54/65 rc=1087047 chunks=12 trained_queries=553466 trained_events=1002752 mean_loss=2.026168 lr=0.00214653 step=stateful RMSProp step applied
    unit 55/65 rc=1178720 chunks=2 trained_queries=96605 trained_events=164880 mean_loss=2.024717 lr=0.00214588 step=stateful RMSProp step applied
    unit 56/65 rc=1193882 chunks=1 trained_queries=5343 trained_events=9456 mean_loss=1.759755 lr=0.00214522 step=stateful RMSProp step applied
    unit 57/65 rc=1194732 chunks=9 trained_queries=426507 trained_events=745745 mean_loss=2.053343 lr=0.00214457 step=stateful RMSProp step applied
    unit 58/65 rc=1262782 chunks=9 trained_queries=420566 trained_events=755486 mean_loss=2.024459 lr=0.00214391 step=stateful RMSProp step applied
    unit 59/65 rc=1332021 chunks=11 trained_queries=535061 trained_events=1019376 mean_loss=1.972298 lr=0.00214326 step=stateful RMSProp step applied
    unit 60/65 rc=1425400 chunks=5 trained_queries=235017 trained_events=405880 mean_loss=2.013296 lr=0.0021426 step=stateful RMSProp step applied
    unit 61/65 rc=1462524 chunks=2 trained_queries=68054 trained_events=119056 mean_loss=1.904060 lr=0.00214195 step=stateful RMSProp step applied
    unit 62/65 rc=1473469 chunks=3 trained_queries=147152 trained_events=266576 mean_loss=1.944605 lr=0.00214129 step=stateful RMSProp step applied
    unit 63/65 rc=1497733 chunks=1 trained_queries=5204 trained_events=8048 mean_loss=1.970238 lr=0.00214064 step=stateful RMSProp step applied
    unit 64/65 rc=1498502 chunks=4 trained_queries=165699 trained_events=311920 mean_loss=1.913992 lr=0.00213998 step=stateful RMSProp step applied
    unit 65/65 rc=1526829 chunks=1 trained_queries=3594 trained_events=5440 mean_loss=1.737818 lr=0.00213933 step=stateful RMSProp step applied
  train-epoch: epoch 36 summary trained_queries=8880122 trained_events=16953844 mean_loss=1.978585
  train-epoch: epoch 37/100
    unit 1/65 rc=1 chunks=5 trained_queries=235411 trained_events=602672 mean_loss=1.828019 lr=0.00213867 step=stateful RMSProp step applied
    unit 2/65 rc=47811 chunks=25 trained_queries=1209056 trained_events=2588009 mean_loss=2.008606 lr=0.00213801 step=stateful RMSProp step applied
    unit 3/65 rc=282625 chunks=1 trained_queries=17780 trained_events=32192 mean_loss=1.764243 lr=0.00213736 step=stateful RMSProp step applied
    unit 4/65 rc=285382 chunks=1 trained_queries=16 trained_events=16 mean_loss=0.476623 lr=0.0021367 step=stateful RMSProp step applied
    unit 5/65 rc=285383 chunks=1 trained_queries=41 trained_events=48 mean_loss=0.683822 lr=0.00213604 step=stateful RMSProp step applied
    unit 6/65 rc=285388 chunks=2 trained_queries=54875 trained_events=94080 mean_loss=2.125315 lr=0.00213539 step=stateful RMSProp step applied
    unit 7/65 rc=294043 chunks=3 trained_queries=146903 trained_events=301856 mean_loss=1.879860 lr=0.00213473 step=stateful RMSProp step applied
    unit 8/65 rc=321434 chunks=1 trained_queries=19351 trained_events=28624 mean_loss=2.059703 lr=0.00213407 step=stateful RMSProp step applied
    unit 9/65 rc=324057 chunks=1 trained_queries=35110 trained_events=118240 mean_loss=1.555074 lr=0.00213342 step=stateful RMSProp step applied
    unit 10/65 rc=331740 chunks=1 trained_queries=16 trained_events=432 mean_loss=0.059617 lr=0.00213276 step=stateful RMSProp step applied
    unit 11/65 rc=331741 chunks=2 trained_queries=74861 trained_events=154864 mean_loss=1.823720 lr=0.0021321 step=stateful RMSProp step applied
    unit 12/65 rc=345687 chunks=1 trained_queries=30300 trained_events=55216 mean_loss=1.792945 lr=0.00213144 step=stateful RMSProp step applied
    unit 13/65 rc=350763 chunks=1 trained_queries=15923 trained_events=37200 mean_loss=1.703962 lr=0.00213079 step=stateful RMSProp step applied
    unit 14/65 rc=353625 chunks=2 trained_queries=55670 trained_events=115472 mean_loss=1.835617 lr=0.00213013 step=stateful RMSProp step applied
    unit 15/65 rc=364135 chunks=1 trained_queries=19324 trained_events=41184 mean_loss=1.805563 lr=0.00212947 step=stateful RMSProp step applied
    unit 16/65 rc=367786 chunks=1 trained_queries=22956 trained_events=58432 mean_loss=1.685007 lr=0.00212881 step=stateful RMSProp step applied
    unit 17/65 rc=372767 chunks=1 trained_queries=12887 trained_events=31552 mean_loss=1.596212 lr=0.00212815 step=stateful RMSProp step applied
    unit 18/65 rc=375106 chunks=1 trained_queries=37224 trained_events=92032 mean_loss=1.613015 lr=0.0021275 step=stateful RMSProp step applied
    unit 19/65 rc=382687 chunks=1 trained_queries=11903 trained_events=27856 mean_loss=1.787965 lr=0.00212684 step=stateful RMSProp step applied
    unit 20/65 rc=384937 chunks=1 trained_queries=13922 trained_events=37200 mean_loss=1.612559 lr=0.00212618 step=stateful RMSProp step applied
    unit 21/65 rc=387825 chunks=1 trained_queries=20966 trained_events=46224 mean_loss=1.744620 lr=0.00212552 step=stateful RMSProp step applied
    unit 22/65 rc=391753 chunks=2 trained_queries=80510 trained_events=178352 mean_loss=1.765122 lr=0.00212486 step=stateful RMSProp step applied
    unit 23/65 rc=407234 chunks=1 trained_queries=2379 trained_events=5104 mean_loss=1.613718 lr=0.0021242 step=stateful RMSProp step applied
    unit 24/65 rc=407680 chunks=1 trained_queries=6700 trained_events=24672 mean_loss=1.252903 lr=0.00212354 step=stateful RMSProp step applied
    unit 25/65 rc=409029 chunks=1 trained_queries=26203 trained_events=59152 mean_loss=1.724359 lr=0.00212288 step=stateful RMSProp step applied
    unit 26/65 rc=414232 chunks=1 trained_queries=20070 trained_events=43728 mean_loss=1.783532 lr=0.00212222 step=stateful RMSProp step applied
    unit 27/65 rc=418109 chunks=1 trained_queries=30344 trained_events=74160 mean_loss=1.561566 lr=0.00212156 step=stateful RMSProp step applied
    unit 28/65 rc=424071 chunks=1 trained_queries=37398 trained_events=78688 mean_loss=1.758814 lr=0.0021209 step=stateful RMSProp step applied
    unit 29/65 rc=431070 chunks=1 trained_queries=9984 trained_events=22352 mean_loss=1.823117 lr=0.00212024 step=stateful RMSProp step applied
    unit 30/65 rc=433017 chunks=1 trained_queries=368 trained_events=3696 mean_loss=0.437366 lr=0.00211958 step=stateful RMSProp step applied
    unit 31/65 rc=433081 chunks=1 trained_queries=31432 trained_events=72896 mean_loss=1.737834 lr=0.00211892 step=stateful RMSProp step applied
    unit 32/65 rc=439253 chunks=1 trained_queries=32416 trained_events=67744 mean_loss=1.851032 lr=0.00211826 step=stateful RMSProp step applied
    unit 33/65 rc=445065 chunks=2 trained_queries=52575 trained_events=104160 mean_loss=1.840186 lr=0.0021176 step=stateful RMSProp step applied
    unit 34/65 rc=454440 chunks=1 trained_queries=18981 trained_events=51680 mean_loss=1.460230 lr=0.00211694 step=stateful RMSProp step applied
    unit 35/65 rc=458387 chunks=1 trained_queries=5199 trained_events=12224 mean_loss=1.592293 lr=0.00211628 step=stateful RMSProp step applied
    unit 36/65 rc=459434 chunks=1 trained_queries=25529 trained_events=53568 mean_loss=1.729815 lr=0.00211562 step=stateful RMSProp step applied
    unit 37/65 rc=464285 chunks=1 trained_queries=944 trained_events=1792 mean_loss=1.344491 lr=0.00211496 step=stateful RMSProp step applied
    unit 38/65 rc=464449 chunks=1 trained_queries=13111 trained_events=27072 mean_loss=1.632141 lr=0.0021143 step=stateful RMSProp step applied
    unit 39/65 rc=466777 chunks=1 trained_queries=1172 trained_events=2576 mean_loss=1.222928 lr=0.00211364 step=stateful RMSProp step applied
    unit 40/65 rc=467002 chunks=10 trained_queries=476268 trained_events=843008 mean_loss=2.058697 lr=0.00211297 step=stateful RMSProp step applied
    unit 41/65 rc=544108 chunks=2 trained_queries=98499 trained_events=172032 mean_loss=2.013038 lr=0.00211231 step=stateful RMSProp step applied
    unit 42/65 rc=559920 chunks=3 trained_queries=136044 trained_events=238517 mean_loss=2.001561 lr=0.00211165 step=stateful RMSProp step applied
    unit 43/65 rc=581652 chunks=6 trained_queries=267495 trained_events=477697 mean_loss=1.986941 lr=0.00211099 step=stateful RMSProp step applied
    unit 44/65 rc=625299 chunks=16 trained_queries=787430 trained_events=1441440 mean_loss=2.023822 lr=0.00211033 step=stateful RMSProp step applied
    unit 45/65 rc=756698 chunks=3 trained_queries=135019 trained_events=240624 mean_loss=1.977366 lr=0.00210966 step=stateful RMSProp step applied
    unit 46/65 rc=778776 chunks=3 trained_queries=120415 trained_events=203264 mean_loss=2.003723 lr=0.002109 step=stateful RMSProp step applied
    unit 47/65 rc=797238 chunks=9 trained_queries=409632 trained_events=780452 mean_loss=1.989089 lr=0.00210834 step=stateful RMSProp step applied
    unit 48/65 rc=868544 chunks=8 trained_queries=388601 trained_events=691328 mean_loss=2.014822 lr=0.00210768 step=stateful RMSProp step applied
    unit 49/65 rc=931357 chunks=1 trained_queries=5910 trained_events=9744 mean_loss=1.855497 lr=0.00210701 step=stateful RMSProp step applied
    unit 50/65 rc=932241 chunks=2 trained_queries=63481 trained_events=107824 mean_loss=1.917970 lr=0.00210635 step=stateful RMSProp step applied
    unit 51/65 rc=942005 chunks=6 trained_queries=295710 trained_events=510176 mean_loss=2.024328 lr=0.00210569 step=stateful RMSProp step applied
    unit 52/65 rc=988604 chunks=4 trained_queries=190096 trained_events=338304 mean_loss=1.976038 lr=0.00210502 step=stateful RMSProp step applied
    unit 53/65 rc=1019500 chunks=9 trained_queries=413444 trained_events=737802 mean_loss=2.004237 lr=0.00210436 step=stateful RMSProp step applied
    unit 54/65 rc=1087047 chunks=12 trained_queries=553466 trained_events=1002752 mean_loss=2.032108 lr=0.0021037 step=stateful RMSProp step applied
    unit 55/65 rc=1178720 chunks=2 trained_queries=96605 trained_events=164880 mean_loss=2.035349 lr=0.00210303 step=stateful RMSProp step applied
    unit 56/65 rc=1193882 chunks=1 trained_queries=5343 trained_events=9456 mean_loss=1.748654 lr=0.00210237 step=stateful RMSProp step applied
    unit 57/65 rc=1194732 chunks=9 trained_queries=426507 trained_events=745745 mean_loss=2.049858 lr=0.0021017 step=stateful RMSProp step applied
    unit 58/65 rc=1262782 chunks=9 trained_queries=420566 trained_events=755486 mean_loss=2.014088 lr=0.00210104 step=stateful RMSProp step applied
    unit 59/65 rc=1332021 chunks=11 trained_queries=535061 trained_events=1019376 mean_loss=1.963104 lr=0.00210038 step=stateful RMSProp step applied
    unit 60/65 rc=1425400 chunks=5 trained_queries=235017 trained_events=405880 mean_loss=2.004639 lr=0.00209971 step=stateful RMSProp step applied
    unit 61/65 rc=1462524 chunks=2 trained_queries=68054 trained_events=119056 mean_loss=1.900463 lr=0.00209905 step=stateful RMSProp step applied
    unit 62/65 rc=1473469 chunks=3 trained_queries=147152 trained_events=266576 mean_loss=1.958772 lr=0.00209838 step=stateful RMSProp step applied
    unit 63/65 rc=1497733 chunks=1 trained_queries=5204 trained_events=8048 mean_loss=1.974032 lr=0.00209772 step=stateful RMSProp step applied
    unit 64/65 rc=1498502 chunks=4 trained_queries=165699 trained_events=311920 mean_loss=1.917504 lr=0.00209705 step=stateful RMSProp step applied
    unit 65/65 rc=1526829 chunks=1 trained_queries=3594 trained_events=5440 mean_loss=1.744531 lr=0.00209639 step=stateful RMSProp step applied
  train-epoch: epoch 37 summary trained_queries=8880122 trained_events=16953844 mean_loss=1.969062
  train-epoch: epoch 38/100
    unit 1/65 rc=1 chunks=5 trained_queries=235411 trained_events=602672 mean_loss=1.826899 lr=0.00209572 step=stateful RMSProp step applied
    unit 2/65 rc=47811 chunks=25 trained_queries=1209056 trained_events=2588009 mean_loss=2.000262 lr=0.00209506 step=stateful RMSProp step applied
    unit 3/65 rc=282625 chunks=1 trained_queries=17780 trained_events=32192 mean_loss=1.758108 lr=0.00209439 step=stateful RMSProp step applied
    unit 4/65 rc=285382 chunks=1 trained_queries=16 trained_events=16 mean_loss=0.580164 lr=0.00209373 step=stateful RMSProp step applied
    unit 5/65 rc=285383 chunks=1 trained_queries=41 trained_events=48 mean_loss=0.704328 lr=0.00209306 step=stateful RMSProp step applied
    unit 6/65 rc=285388 chunks=2 trained_queries=54875 trained_events=94080 mean_loss=2.326638 lr=0.00209239 step=stateful RMSProp step applied
    unit 7/65 rc=294043 chunks=3 trained_queries=146903 trained_events=301856 mean_loss=2.006569 lr=0.00209173 step=stateful RMSProp step applied
    unit 8/65 rc=321434 chunks=1 trained_queries=19351 trained_events=28624 mean_loss=2.124792 lr=0.00209106 step=stateful RMSProp step applied
    unit 9/65 rc=324057 chunks=1 trained_queries=35110 trained_events=118240 mean_loss=1.615312 lr=0.00209039 step=stateful RMSProp step applied
    unit 10/65 rc=331740 chunks=1 trained_queries=16 trained_events=432 mean_loss=0.052728 lr=0.00208973 step=stateful RMSProp step applied
    unit 11/65 rc=331741 chunks=2 trained_queries=74861 trained_events=154864 mean_loss=1.826449 lr=0.00208906 step=stateful RMSProp step applied
    unit 12/65 rc=345687 chunks=1 trained_queries=30300 trained_events=55216 mean_loss=1.819620 lr=0.00208839 step=stateful RMSProp step applied
    unit 13/65 rc=350763 chunks=1 trained_queries=15923 trained_events=37200 mean_loss=1.697460 lr=0.00208773 step=stateful RMSProp step applied
    unit 14/65 rc=353625 chunks=2 trained_queries=55670 trained_events=115472 mean_loss=1.863573 lr=0.00208706 step=stateful RMSProp step applied
    unit 15/65 rc=364135 chunks=1 trained_queries=19324 trained_events=41184 mean_loss=1.848044 lr=0.00208639 step=stateful RMSProp step applied
    unit 16/65 rc=367786 chunks=1 trained_queries=22956 trained_events=58432 mean_loss=1.703245 lr=0.00208573 step=stateful RMSProp step applied
    unit 17/65 rc=372767 chunks=1 trained_queries=12887 trained_events=31552 mean_loss=1.631111 lr=0.00208506 step=stateful RMSProp step applied
    unit 18/65 rc=375106 chunks=1 trained_queries=37224 trained_events=92032 mean_loss=1.642685 lr=0.00208439 step=stateful RMSProp step applied
    unit 19/65 rc=382687 chunks=1 trained_queries=11903 trained_events=27856 mean_loss=1.793260 lr=0.00208372 step=stateful RMSProp step applied
    unit 20/65 rc=384937 chunks=1 trained_queries=13922 trained_events=37200 mean_loss=1.625619 lr=0.00208305 step=stateful RMSProp step applied
    unit 21/65 rc=387825 chunks=1 trained_queries=20966 trained_events=46224 mean_loss=1.762513 lr=0.00208239 step=stateful RMSProp step applied
    unit 22/65 rc=391753 chunks=2 trained_queries=80510 trained_events=178352 mean_loss=1.794155 lr=0.00208172 step=stateful RMSProp step applied
    unit 23/65 rc=407234 chunks=1 trained_queries=2379 trained_events=5104 mean_loss=1.647394 lr=0.00208105 step=stateful RMSProp step applied
    unit 24/65 rc=407680 chunks=1 trained_queries=6700 trained_events=24672 mean_loss=1.243024 lr=0.00208038 step=stateful RMSProp step applied
    unit 25/65 rc=409029 chunks=1 trained_queries=26203 trained_events=59152 mean_loss=1.748853 lr=0.00207971 step=stateful RMSProp step applied
    unit 26/65 rc=414232 chunks=1 trained_queries=20070 trained_events=43728 mean_loss=1.791153 lr=0.00207904 step=stateful RMSProp step applied
    unit 27/65 rc=418109 chunks=1 trained_queries=30344 trained_events=74160 mean_loss=1.584764 lr=0.00207838 step=stateful RMSProp step applied
    unit 28/65 rc=424071 chunks=1 trained_queries=37398 trained_events=78688 mean_loss=1.768780 lr=0.00207771 step=stateful RMSProp step applied
    unit 29/65 rc=431070 chunks=1 trained_queries=9984 trained_events=22352 mean_loss=1.823863 lr=0.00207704 step=stateful RMSProp step applied
    unit 30/65 rc=433017 chunks=1 trained_queries=368 trained_events=3696 mean_loss=0.425879 lr=0.00207637 step=stateful RMSProp step applied
    unit 31/65 rc=433081 chunks=1 trained_queries=31432 trained_events=72896 mean_loss=1.724088 lr=0.0020757 step=stateful RMSProp step applied
    unit 32/65 rc=439253 chunks=1 trained_queries=32416 trained_events=67744 mean_loss=1.859557 lr=0.00207503 step=stateful RMSProp step applied
    unit 33/65 rc=445065 chunks=2 trained_queries=52575 trained_events=104160 mean_loss=1.837982 lr=0.00207436 step=stateful RMSProp step applied
    unit 34/65 rc=454440 chunks=1 trained_queries=18981 trained_events=51680 mean_loss=1.451427 lr=0.00207369 step=stateful RMSProp step applied
    unit 35/65 rc=458387 chunks=1 trained_queries=5199 trained_events=12224 mean_loss=1.554563 lr=0.00207302 step=stateful RMSProp step applied
    unit 36/65 rc=459434 chunks=1 trained_queries=25529 trained_events=53568 mean_loss=1.745231 lr=0.00207235 step=stateful RMSProp step applied
    unit 37/65 rc=464285 chunks=1 trained_queries=944 trained_events=1792 mean_loss=1.325230 lr=0.00207168 step=stateful RMSProp step applied
    unit 38/65 rc=464449 chunks=1 trained_queries=13111 trained_events=27072 mean_loss=1.639103 lr=0.00207101 step=stateful RMSProp step applied
    unit 39/65 rc=466777 chunks=1 trained_queries=1172 trained_events=2576 mean_loss=1.229629 lr=0.00207034 step=stateful RMSProp step applied
    unit 40/65 rc=467002 chunks=10 trained_queries=476268 trained_events=843008 mean_loss=2.073255 lr=0.00206967 step=stateful RMSProp step applied
    unit 41/65 rc=544108 chunks=2 trained_queries=98499 trained_events=172032 mean_loss=2.015688 lr=0.002069 step=stateful RMSProp step applied
    unit 42/65 rc=559920 chunks=3 trained_queries=136044 trained_events=238517 mean_loss=1.999182 lr=0.00206833 step=stateful RMSProp step applied
    unit 43/65 rc=581652 chunks=6 trained_queries=267495 trained_events=477697 mean_loss=1.988473 lr=0.00206766 step=stateful RMSProp step applied
    unit 44/65 rc=625299 chunks=16 trained_queries=787430 trained_events=1441440 mean_loss=2.026016 lr=0.00206699 step=stateful RMSProp step applied
    unit 45/65 rc=756698 chunks=3 trained_queries=135019 trained_events=240624 mean_loss=1.976829 lr=0.00206631 step=stateful RMSProp step applied
    unit 46/65 rc=778776 chunks=3 trained_queries=120415 trained_events=203264 mean_loss=1.994453 lr=0.00206564 step=stateful RMSProp step applied
    unit 47/65 rc=797238 chunks=9 trained_queries=409632 trained_events=780452 mean_loss=1.981829 lr=0.00206497 step=stateful RMSProp step applied
    unit 48/65 rc=868544 chunks=8 trained_queries=388601 trained_events=691328 mean_loss=2.007178 lr=0.0020643 step=stateful RMSProp step applied
    unit 49/65 rc=931357 chunks=1 trained_queries=5910 trained_events=9744 mean_loss=1.844976 lr=0.00206363 step=stateful RMSProp step applied
    unit 50/65 rc=932241 chunks=2 trained_queries=63481 trained_events=107824 mean_loss=1.915185 lr=0.00206296 step=stateful RMSProp step applied
    unit 51/65 rc=942005 chunks=6 trained_queries=295710 trained_events=510176 mean_loss=2.029183 lr=0.00206228 step=stateful RMSProp step applied
    unit 52/65 rc=988604 chunks=4 trained_queries=190096 trained_events=338304 mean_loss=1.978067 lr=0.00206161 step=stateful RMSProp step applied
    unit 53/65 rc=1019500 chunks=9 trained_queries=413444 trained_events=737802 mean_loss=2.005172 lr=0.00206094 step=stateful RMSProp step applied
    unit 54/65 rc=1087047 chunks=12 trained_queries=553466 trained_events=1002752 mean_loss=2.018286 lr=0.00206027 step=stateful RMSProp step applied
    unit 55/65 rc=1178720 chunks=2 trained_queries=96605 trained_events=164880 mean_loss=2.023464 lr=0.00205959 step=stateful RMSProp step applied
    unit 56/65 rc=1193882 chunks=1 trained_queries=5343 trained_events=9456 mean_loss=1.734128 lr=0.00205892 step=stateful RMSProp step applied
    unit 57/65 rc=1194732 chunks=9 trained_queries=426507 trained_events=745745 mean_loss=2.035367 lr=0.00205825 step=stateful RMSProp step applied
    unit 58/65 rc=1262782 chunks=9 trained_queries=420566 trained_events=755486 mean_loss=2.010441 lr=0.00205758 step=stateful RMSProp step applied
    unit 59/65 rc=1332021 chunks=11 trained_queries=535061 trained_events=1019376 mean_loss=1.962629 lr=0.0020569 step=stateful RMSProp step applied
    unit 60/65 rc=1425400 chunks=5 trained_queries=235017 trained_events=405880 mean_loss=2.005701 lr=0.00205623 step=stateful RMSProp step applied
    unit 61/65 rc=1462524 chunks=2 trained_queries=68054 trained_events=119056 mean_loss=1.893062 lr=0.00205556 step=stateful RMSProp step applied
    unit 62/65 rc=1473469 chunks=3 trained_queries=147152 trained_events=266576 mean_loss=1.953730 lr=0.00205488 step=stateful RMSProp step applied
    unit 63/65 rc=1497733 chunks=1 trained_queries=5204 trained_events=8048 mean_loss=1.964665 lr=0.00205421 step=stateful RMSProp step applied
    unit 64/65 rc=1498502 chunks=4 trained_queries=165699 trained_events=311920 mean_loss=1.919852 lr=0.00205353 step=stateful RMSProp step applied
    unit 65/65 rc=1526829 chunks=1 trained_queries=3594 trained_events=5440 mean_loss=1.744159 lr=0.00205286 step=stateful RMSProp step applied
  train-epoch: epoch 38 summary trained_queries=8880122 trained_events=16953844 mean_loss=1.971474
  train-epoch: epoch 39/100
    unit 1/65 rc=1 chunks=5 trained_queries=235411 trained_events=602672 mean_loss=1.820410 lr=0.00205219 step=stateful RMSProp step applied
    unit 2/65 rc=47811 chunks=25 trained_queries=1209056 trained_events=2588009 mean_loss=2.002505 lr=0.00205151 step=stateful RMSProp step applied
    unit 3/65 rc=282625 chunks=1 trained_queries=17780 trained_events=32192 mean_loss=1.758946 lr=0.00205084 step=stateful RMSProp step applied
    unit 4/65 rc=285382 chunks=1 trained_queries=16 trained_events=16 mean_loss=0.533134 lr=0.00205016 step=stateful RMSProp step applied
    unit 5/65 rc=285383 chunks=1 trained_queries=41 trained_events=48 mean_loss=0.738112 lr=0.00204949 step=stateful RMSProp step applied
    unit 6/65 rc=285388 chunks=2 trained_queries=54875 trained_events=94080 mean_loss=2.177497 lr=0.00204881 step=stateful RMSProp step applied
    unit 7/65 rc=294043 chunks=3 trained_queries=146903 trained_events=301856 mean_loss=1.895710 lr=0.00204814 step=stateful RMSProp step applied
    unit 8/65 rc=321434 chunks=1 trained_queries=19351 trained_events=28624 mean_loss=2.054059 lr=0.00204747 step=stateful RMSProp step applied
    unit 9/65 rc=324057 chunks=1 trained_queries=35110 trained_events=118240 mean_loss=1.547277 lr=0.00204679 step=stateful RMSProp step applied
    unit 10/65 rc=331740 chunks=1 trained_queries=16 trained_events=432 mean_loss=0.073729 lr=0.00204611 step=stateful RMSProp step applied
    unit 11/65 rc=331741 chunks=2 trained_queries=74861 trained_events=154864 mean_loss=1.782373 lr=0.00204544 step=stateful RMSProp step applied
    unit 12/65 rc=345687 chunks=1 trained_queries=30300 trained_events=55216 mean_loss=1.763356 lr=0.00204476 step=stateful RMSProp step applied
    unit 13/65 rc=350763 chunks=1 trained_queries=15923 trained_events=37200 mean_loss=1.663737 lr=0.00204409 step=stateful RMSProp step applied
    unit 14/65 rc=353625 chunks=2 trained_queries=55670 trained_events=115472 mean_loss=1.822822 lr=0.00204341 step=stateful RMSProp step applied
    unit 15/65 rc=364135 chunks=1 trained_queries=19324 trained_events=41184 mean_loss=1.807454 lr=0.00204274 step=stateful RMSProp step applied
    unit 16/65 rc=367786 chunks=1 trained_queries=22956 trained_events=58432 mean_loss=1.684855 lr=0.00204206 step=stateful RMSProp step applied
    unit 17/65 rc=372767 chunks=1 trained_queries=12887 trained_events=31552 mean_loss=1.567979 lr=0.00204139 step=stateful RMSProp step applied
    unit 18/65 rc=375106 chunks=1 trained_queries=37224 trained_events=92032 mean_loss=1.578946 lr=0.00204071 step=stateful RMSProp step applied
    unit 19/65 rc=382687 chunks=1 trained_queries=11903 trained_events=27856 mean_loss=1.745178 lr=0.00204003 step=stateful RMSProp step applied
    unit 20/65 rc=384937 chunks=1 trained_queries=13922 trained_events=37200 mean_loss=1.567864 lr=0.00203936 step=stateful RMSProp step applied
    unit 21/65 rc=387825 chunks=1 trained_queries=20966 trained_events=46224 mean_loss=1.721985 lr=0.00203868 step=stateful RMSProp step applied
    unit 22/65 rc=391753 chunks=2 trained_queries=80510 trained_events=178352 mean_loss=1.762384 lr=0.002038 step=stateful RMSProp step applied
    unit 23/65 rc=407234 chunks=1 trained_queries=2379 trained_events=5104 mean_loss=1.585618 lr=0.00203733 step=stateful RMSProp step applied
    unit 24/65 rc=407680 chunks=1 trained_queries=6700 trained_events=24672 mean_loss=1.203505 lr=0.00203665 step=stateful RMSProp step applied
    unit 25/65 rc=409029 chunks=1 trained_queries=26203 trained_events=59152 mean_loss=1.711306 lr=0.00203597 step=stateful RMSProp step applied
    unit 26/65 rc=414232 chunks=1 trained_queries=20070 trained_events=43728 mean_loss=1.764786 lr=0.0020353 step=stateful RMSProp step applied
    unit 27/65 rc=418109 chunks=1 trained_queries=30344 trained_events=74160 mean_loss=1.567695 lr=0.00203462 step=stateful RMSProp step applied
    unit 28/65 rc=424071 chunks=1 trained_queries=37398 trained_events=78688 mean_loss=1.749135 lr=0.00203394 step=stateful RMSProp step applied
    unit 29/65 rc=431070 chunks=1 trained_queries=9984 trained_events=22352 mean_loss=1.793921 lr=0.00203326 step=stateful RMSProp step applied
    unit 30/65 rc=433017 chunks=1 trained_queries=368 trained_events=3696 mean_loss=0.439837 lr=0.00203259 step=stateful RMSProp step applied
    unit 31/65 rc=433081 chunks=1 trained_queries=31432 trained_events=72896 mean_loss=1.744203 lr=0.00203191 step=stateful RMSProp step applied
    unit 32/65 rc=439253 chunks=1 trained_queries=32416 trained_events=67744 mean_loss=1.832344 lr=0.00203123 step=stateful RMSProp step applied
    unit 33/65 rc=445065 chunks=2 trained_queries=52575 trained_events=104160 mean_loss=1.821009 lr=0.00203055 step=stateful RMSProp step applied
    unit 34/65 rc=454440 chunks=1 trained_queries=18981 trained_events=51680 mean_loss=1.442340 lr=0.00202987 step=stateful RMSProp step applied
    unit 35/65 rc=458387 chunks=1 trained_queries=5199 trained_events=12224 mean_loss=1.531419 lr=0.00202919 step=stateful RMSProp step applied
    unit 36/65 rc=459434 chunks=1 trained_queries=25529 trained_events=53568 mean_loss=1.712315 lr=0.00202852 step=stateful RMSProp step applied
    unit 37/65 rc=464285 chunks=1 trained_queries=944 trained_events=1792 mean_loss=1.315249 lr=0.00202784 step=stateful RMSProp step applied
    unit 38/65 rc=464449 chunks=1 trained_queries=13111 trained_events=27072 mean_loss=1.603010 lr=0.00202716 step=stateful RMSProp step applied
    unit 39/65 rc=466777 chunks=1 trained_queries=1172 trained_events=2576 mean_loss=1.224204 lr=0.00202648 step=stateful RMSProp step applied
    unit 40/65 rc=467002 chunks=10 trained_queries=476268 trained_events=843008 mean_loss=2.050397 lr=0.0020258 step=stateful RMSProp step applied
    unit 41/65 rc=544108 chunks=2 trained_queries=98499 trained_events=172032 mean_loss=2.001219 lr=0.00202512 step=stateful RMSProp step applied
    unit 42/65 rc=559920 chunks=3 trained_queries=136044 trained_events=238517 mean_loss=1.991203 lr=0.00202444 step=stateful RMSProp step applied
    unit 43/65 rc=581652 chunks=6 trained_queries=267495 trained_events=477697 mean_loss=1.977001 lr=0.00202376 step=stateful RMSProp step applied
    unit 44/65 rc=625299 chunks=16 trained_queries=787430 trained_events=1441440 mean_loss=2.012399 lr=0.00202308 step=stateful RMSProp step applied
    unit 45/65 rc=756698 chunks=3 trained_queries=135019 trained_events=240624 mean_loss=1.967212 lr=0.0020224 step=stateful RMSProp step applied
    unit 46/65 rc=778776 chunks=3 trained_queries=120415 trained_events=203264 mean_loss=1.972086 lr=0.00202173 step=stateful RMSProp step applied
    unit 47/65 rc=797238 chunks=9 trained_queries=409632 trained_events=780452 mean_loss=1.971104 lr=0.00202105 step=stateful RMSProp step applied
    unit 48/65 rc=868544 chunks=8 trained_queries=388601 trained_events=691328 mean_loss=1.999644 lr=0.00202037 step=stateful RMSProp step applied
    unit 49/65 rc=931357 chunks=1 trained_queries=5910 trained_events=9744 mean_loss=1.831477 lr=0.00201969 step=stateful RMSProp step applied
    unit 50/65 rc=932241 chunks=2 trained_queries=63481 trained_events=107824 mean_loss=1.900632 lr=0.00201901 step=stateful RMSProp step applied
    unit 51/65 rc=942005 chunks=6 trained_queries=295710 trained_events=510176 mean_loss=2.006622 lr=0.00201833 step=stateful RMSProp step applied
    unit 52/65 rc=988604 chunks=4 trained_queries=190096 trained_events=338304 mean_loss=1.956976 lr=0.00201764 step=stateful RMSProp step applied
    unit 53/65 rc=1019500 chunks=9 trained_queries=413444 trained_events=737802 mean_loss=1.990607 lr=0.00201696 step=stateful RMSProp step applied
    unit 54/65 rc=1087047 chunks=12 trained_queries=553466 trained_events=1002752 mean_loss=2.012267 lr=0.00201628 step=stateful RMSProp step applied
    unit 55/65 rc=1178720 chunks=2 trained_queries=96605 trained_events=164880 mean_loss=2.005688 lr=0.0020156 step=stateful RMSProp step applied
    unit 56/65 rc=1193882 chunks=1 trained_queries=5343 trained_events=9456 mean_loss=1.727952 lr=0.00201492 step=stateful RMSProp step applied
    unit 57/65 rc=1194732 chunks=9 trained_queries=426507 trained_events=745745 mean_loss=2.038653 lr=0.00201424 step=stateful RMSProp step applied
    unit 58/65 rc=1262782 chunks=9 trained_queries=420566 trained_events=755486 mean_loss=2.011987 lr=0.00201356 step=stateful RMSProp step applied
    unit 59/65 rc=1332021 chunks=11 trained_queries=535061 trained_events=1019376 mean_loss=1.966838 lr=0.00201288 step=stateful RMSProp step applied
    unit 60/65 rc=1425400 chunks=5 trained_queries=235017 trained_events=405880 mean_loss=2.010522 lr=0.0020122 step=stateful RMSProp step applied
    unit 61/65 rc=1462524 chunks=2 trained_queries=68054 trained_events=119056 mean_loss=1.909655 lr=0.00201152 step=stateful RMSProp step applied
    unit 62/65 rc=1473469 chunks=3 trained_queries=147152 trained_events=266576 mean_loss=1.969654 lr=0.00201083 step=stateful RMSProp step applied
    unit 63/65 rc=1497733 chunks=1 trained_queries=5204 trained_events=8048 mean_loss=1.956831 lr=0.00201015 step=stateful RMSProp step applied
    unit 64/65 rc=1498502 chunks=4 trained_queries=165699 trained_events=311920 mean_loss=1.912099 lr=0.00200947 step=stateful RMSProp step applied
    unit 65/65 rc=1526829 chunks=1 trained_queries=3594 trained_events=5440 mean_loss=1.726583 lr=0.00200879 step=stateful RMSProp step applied
  train-epoch: epoch 39 summary trained_queries=8880122 trained_events=16953844 mean_loss=1.959516
  train-epoch: epoch 40/100
    unit 1/65 rc=1 chunks=5 trained_queries=235411 trained_events=602672 mean_loss=1.795774 lr=0.00200811 step=stateful RMSProp step applied
    unit 2/65 rc=47811 chunks=25 trained_queries=1209056 trained_events=2588009 mean_loss=1.991456 lr=0.00200742 step=stateful RMSProp step applied
    unit 3/65 rc=282625 chunks=1 trained_queries=17780 trained_events=32192 mean_loss=1.739147 lr=0.00200674 step=stateful RMSProp step applied
    unit 4/65 rc=285382 chunks=1 trained_queries=16 trained_events=16 mean_loss=0.463676 lr=0.00200606 step=stateful RMSProp step applied
    unit 5/65 rc=285383 chunks=1 trained_queries=41 trained_events=48 mean_loss=0.726831 lr=0.00200538 step=stateful RMSProp step applied
    unit 6/65 rc=285388 chunks=2 trained_queries=54875 trained_events=94080 mean_loss=2.198756 lr=0.00200469 step=stateful RMSProp step applied
    unit 7/65 rc=294043 chunks=3 trained_queries=146903 trained_events=301856 mean_loss=1.924803 lr=0.00200401 step=stateful RMSProp step applied
    unit 8/65 rc=321434 chunks=1 trained_queries=19351 trained_events=28624 mean_loss=2.074214 lr=0.00200333 step=stateful RMSProp step applied
    unit 9/65 rc=324057 chunks=1 trained_queries=35110 trained_events=118240 mean_loss=1.549320 lr=0.00200265 step=stateful RMSProp step applied
    unit 10/65 rc=331740 chunks=1 trained_queries=16 trained_events=432 mean_loss=0.052243 lr=0.00200196 step=stateful RMSProp step applied
    unit 11/65 rc=331741 chunks=2 trained_queries=74861 trained_events=154864 mean_loss=1.778142 lr=0.00200128 step=stateful RMSProp step applied
    unit 12/65 rc=345687 chunks=1 trained_queries=30300 trained_events=55216 mean_loss=1.770176 lr=0.0020006 step=stateful RMSProp step applied
    unit 13/65 rc=350763 chunks=1 trained_queries=15923 trained_events=37200 mean_loss=1.673587 lr=0.00199991 step=stateful RMSProp step applied
    unit 14/65 rc=353625 chunks=2 trained_queries=55670 trained_events=115472 mean_loss=1.807414 lr=0.00199923 step=stateful RMSProp step applied
    unit 15/65 rc=364135 chunks=1 trained_queries=19324 trained_events=41184 mean_loss=1.808905 lr=0.00199855 step=stateful RMSProp step applied
    unit 16/65 rc=367786 chunks=1 trained_queries=22956 trained_events=58432 mean_loss=1.642921 lr=0.00199786 step=stateful RMSProp step applied
    unit 17/65 rc=372767 chunks=1 trained_queries=12887 trained_events=31552 mean_loss=1.559550 lr=0.00199718 step=stateful RMSProp step applied
    unit 18/65 rc=375106 chunks=1 trained_queries=37224 trained_events=92032 mean_loss=1.577104 lr=0.00199649 step=stateful RMSProp step applied
    unit 19/65 rc=382687 chunks=1 trained_queries=11903 trained_events=27856 mean_loss=1.739917 lr=0.00199581 step=stateful RMSProp step applied
    unit 20/65 rc=384937 chunks=1 trained_queries=13922 trained_events=37200 mean_loss=1.534781 lr=0.00199513 step=stateful RMSProp step applied
    unit 21/65 rc=387825 chunks=1 trained_queries=20966 trained_events=46224 mean_loss=1.722071 lr=0.00199444 step=stateful RMSProp step applied
    unit 22/65 rc=391753 chunks=2 trained_queries=80510 trained_events=178352 mean_loss=1.751171 lr=0.00199376 step=stateful RMSProp step applied
    unit 23/65 rc=407234 chunks=1 trained_queries=2379 trained_events=5104 mean_loss=1.571499 lr=0.00199307 step=stateful RMSProp step applied
    unit 24/65 rc=407680 chunks=1 trained_queries=6700 trained_events=24672 mean_loss=1.189005 lr=0.00199239 step=stateful RMSProp step applied
    unit 25/65 rc=409029 chunks=1 trained_queries=26203 trained_events=59152 mean_loss=1.708033 lr=0.0019917 step=stateful RMSProp step applied
    unit 26/65 rc=414232 chunks=1 trained_queries=20070 trained_events=43728 mean_loss=1.760147 lr=0.00199102 step=stateful RMSProp step applied
    unit 27/65 rc=418109 chunks=1 trained_queries=30344 trained_events=74160 mean_loss=1.540251 lr=0.00199033 step=stateful RMSProp step applied
    unit 28/65 rc=424071 chunks=1 trained_queries=37398 trained_events=78688 mean_loss=1.720819 lr=0.00198965 step=stateful RMSProp step applied
    unit 29/65 rc=431070 chunks=1 trained_queries=9984 trained_events=22352 mean_loss=1.796038 lr=0.00198896 step=stateful RMSProp step applied
    unit 30/65 rc=433017 chunks=1 trained_queries=368 trained_events=3696 mean_loss=0.434334 lr=0.00198828 step=stateful RMSProp step applied
    unit 31/65 rc=433081 chunks=1 trained_queries=31432 trained_events=72896 mean_loss=1.686045 lr=0.00198759 step=stateful RMSProp step applied
    unit 32/65 rc=439253 chunks=1 trained_queries=32416 trained_events=67744 mean_loss=1.822850 lr=0.00198691 step=stateful RMSProp step applied
    unit 33/65 rc=445065 chunks=2 trained_queries=52575 trained_events=104160 mean_loss=1.810444 lr=0.00198622 step=stateful RMSProp step applied
    unit 34/65 rc=454440 chunks=1 trained_queries=18981 trained_events=51680 mean_loss=1.409572 lr=0.00198553 step=stateful RMSProp step applied
    unit 35/65 rc=458387 chunks=1 trained_queries=5199 trained_events=12224 mean_loss=1.533275 lr=0.00198485 step=stateful RMSProp step applied
    unit 36/65 rc=459434 chunks=1 trained_queries=25529 trained_events=53568 mean_loss=1.702517 lr=0.00198416 step=stateful RMSProp step applied
    unit 37/65 rc=464285 chunks=1 trained_queries=944 trained_events=1792 mean_loss=1.291428 lr=0.00198347 step=stateful RMSProp step applied
    unit 38/65 rc=464449 chunks=1 trained_queries=13111 trained_events=27072 mean_loss=1.615371 lr=0.00198279 step=stateful RMSProp step applied
    unit 39/65 rc=466777 chunks=1 trained_queries=1172 trained_events=2576 mean_loss=1.209220 lr=0.0019821 step=stateful RMSProp step applied
    unit 40/65 rc=467002 chunks=10 trained_queries=476268 trained_events=843008 mean_loss=2.048963 lr=0.00198142 step=stateful RMSProp step applied
    unit 41/65 rc=544108 chunks=2 trained_queries=98499 trained_events=172032 mean_loss=2.005030 lr=0.00198073 step=stateful RMSProp step applied
    unit 42/65 rc=559920 chunks=3 trained_queries=136044 trained_events=238517 mean_loss=1.988770 lr=0.00198004 step=stateful RMSProp step applied
    unit 43/65 rc=581652 chunks=6 trained_queries=267495 trained_events=477697 mean_loss=1.974781 lr=0.00197936 step=stateful RMSProp step applied
    unit 44/65 rc=625299 chunks=16 trained_queries=787430 trained_events=1441440 mean_loss=2.007737 lr=0.00197867 step=stateful RMSProp step applied
    unit 45/65 rc=756698 chunks=3 trained_queries=135019 trained_events=240624 mean_loss=1.964347 lr=0.00197798 step=stateful RMSProp step applied
    unit 46/65 rc=778776 chunks=3 trained_queries=120415 trained_events=203264 mean_loss=1.970391 lr=0.00197729 step=stateful RMSProp step applied
    unit 47/65 rc=797238 chunks=9 trained_queries=409632 trained_events=780452 mean_loss=1.972332 lr=0.00197661 step=stateful RMSProp step applied
    unit 48/65 rc=868544 chunks=8 trained_queries=388601 trained_events=691328 mean_loss=1.999388 lr=0.00197592 step=stateful RMSProp step applied
    unit 49/65 rc=931357 chunks=1 trained_queries=5910 trained_events=9744 mean_loss=1.822831 lr=0.00197523 step=stateful RMSProp step applied
    unit 50/65 rc=932241 chunks=2 trained_queries=63481 trained_events=107824 mean_loss=1.899524 lr=0.00197454 step=stateful RMSProp step applied
    unit 51/65 rc=942005 chunks=6 trained_queries=295710 trained_events=510176 mean_loss=1.999714 lr=0.00197386 step=stateful RMSProp step applied
    unit 52/65 rc=988604 chunks=4 trained_queries=190096 trained_events=338304 mean_loss=1.950137 lr=0.00197317 step=stateful RMSProp step applied
    unit 53/65 rc=1019500 chunks=9 trained_queries=413444 trained_events=737802 mean_loss=1.985849 lr=0.00197248 step=stateful RMSProp step applied
    unit 54/65 rc=1087047 chunks=12 trained_queries=553466 trained_events=1002752 mean_loss=2.004986 lr=0.00197179 step=stateful RMSProp step applied
    unit 55/65 rc=1178720 chunks=2 trained_queries=96605 trained_events=164880 mean_loss=1.997349 lr=0.0019711 step=stateful RMSProp step applied
    unit 56/65 rc=1193882 chunks=1 trained_queries=5343 trained_events=9456 mean_loss=1.722047 lr=0.00197042 step=stateful RMSProp step applied
    unit 57/65 rc=1194732 chunks=9 trained_queries=426507 trained_events=745745 mean_loss=2.026958 lr=0.00196973 step=stateful RMSProp step applied
    unit 58/65 rc=1262782 chunks=9 trained_queries=420566 trained_events=755486 mean_loss=1.994991 lr=0.00196904 step=stateful RMSProp step applied
    unit 59/65 rc=1332021 chunks=11 trained_queries=535061 trained_events=1019376 mean_loss=1.953015 lr=0.00196835 step=stateful RMSProp step applied
    unit 60/65 rc=1425400 chunks=5 trained_queries=235017 trained_events=405880 mean_loss=2.002101 lr=0.00196766 step=stateful RMSProp step applied
    unit 61/65 rc=1462524 chunks=2 trained_queries=68054 trained_events=119056 mean_loss=1.883849 lr=0.00196697 step=stateful RMSProp step applied
    unit 62/65 rc=1473469 chunks=3 trained_queries=147152 trained_events=266576 mean_loss=1.938155 lr=0.00196628 step=stateful RMSProp step applied
    unit 63/65 rc=1497733 chunks=1 trained_queries=5204 trained_events=8048 mean_loss=1.957594 lr=0.00196559 step=stateful RMSProp step applied
    unit 64/65 rc=1498502 chunks=4 trained_queries=165699 trained_events=311920 mean_loss=1.913213 lr=0.0019649 step=stateful RMSProp step applied
    unit 65/65 rc=1526829 chunks=1 trained_queries=3594 trained_events=5440 mean_loss=1.729967 lr=0.00196421 step=stateful RMSProp step applied
  train-epoch: epoch 40 summary trained_queries=8880122 trained_events=16953844 mean_loss=1.951790
  train-epoch: epoch 41/100
    unit 1/65 rc=1 chunks=5 trained_queries=235411 trained_events=602672 mean_loss=1.800758 lr=0.00196353 step=stateful RMSProp step applied
    unit 2/65 rc=47811 chunks=25 trained_queries=1209056 trained_events=2588009 mean_loss=1.991467 lr=0.00196284 step=stateful RMSProp step applied
    unit 3/65 rc=282625 chunks=1 trained_queries=17780 trained_events=32192 mean_loss=1.741321 lr=0.00196215 step=stateful RMSProp step applied
    unit 4/65 rc=285382 chunks=1 trained_queries=16 trained_events=16 mean_loss=0.465044 lr=0.00196146 step=stateful RMSProp step applied
    unit 5/65 rc=285383 chunks=1 trained_queries=41 trained_events=48 mean_loss=0.681499 lr=0.00196077 step=stateful RMSProp step applied
    unit 6/65 rc=285388 chunks=2 trained_queries=54875 trained_events=94080 mean_loss=2.166326 lr=0.00196008 step=stateful RMSProp step applied
    unit 7/65 rc=294043 chunks=3 trained_queries=146903 trained_events=301856 mean_loss=1.880610 lr=0.00195939 step=stateful RMSProp step applied
    unit 8/65 rc=321434 chunks=1 trained_queries=19351 trained_events=28624 mean_loss=2.035100 lr=0.0019587 step=stateful RMSProp step applied
    unit 9/65 rc=324057 chunks=1 trained_queries=35110 trained_events=118240 mean_loss=1.511675 lr=0.00195801 step=stateful RMSProp step applied
    unit 10/65 rc=331740 chunks=1 trained_queries=16 trained_events=432 mean_loss=0.038652 lr=0.00195732 step=stateful RMSProp step applied
    unit 11/65 rc=331741 chunks=2 trained_queries=74861 trained_events=154864 mean_loss=1.744870 lr=0.00195662 step=stateful RMSProp step applied
    unit 12/65 rc=345687 chunks=1 trained_queries=30300 trained_events=55216 mean_loss=1.744031 lr=0.00195593 step=stateful RMSProp step applied
    unit 13/65 rc=350763 chunks=1 trained_queries=15923 trained_events=37200 mean_loss=1.635489 lr=0.00195524 step=stateful RMSProp step applied
    unit 14/65 rc=353625 chunks=2 trained_queries=55670 trained_events=115472 mean_loss=1.807203 lr=0.00195455 step=stateful RMSProp step applied
    unit 15/65 rc=364135 chunks=1 trained_queries=19324 trained_events=41184 mean_loss=1.784014 lr=0.00195386 step=stateful RMSProp step applied
    unit 16/65 rc=367786 chunks=1 trained_queries=22956 trained_events=58432 mean_loss=1.624235 lr=0.00195317 step=stateful RMSProp step applied
    unit 17/65 rc=372767 chunks=1 trained_queries=12887 trained_events=31552 mean_loss=1.512637 lr=0.00195248 step=stateful RMSProp step applied
    unit 18/65 rc=375106 chunks=1 trained_queries=37224 trained_events=92032 mean_loss=1.561924 lr=0.00195179 step=stateful RMSProp step applied
    unit 19/65 rc=382687 chunks=1 trained_queries=11903 trained_events=27856 mean_loss=1.723390 lr=0.0019511 step=stateful RMSProp step applied
    unit 20/65 rc=384937 chunks=1 trained_queries=13922 trained_events=37200 mean_loss=1.519043 lr=0.00195041 step=stateful RMSProp step applied
    unit 21/65 rc=387825 chunks=1 trained_queries=20966 trained_events=46224 mean_loss=1.700935 lr=0.00194971 step=stateful RMSProp step applied
    unit 22/65 rc=391753 chunks=2 trained_queries=80510 trained_events=178352 mean_loss=1.725132 lr=0.00194902 step=stateful RMSProp step applied
    unit 23/65 rc=407234 chunks=1 trained_queries=2379 trained_events=5104 mean_loss=1.551236 lr=0.00194833 step=stateful RMSProp step applied
    unit 24/65 rc=407680 chunks=1 trained_queries=6700 trained_events=24672 mean_loss=1.196987 lr=0.00194764 step=stateful RMSProp step applied
    unit 25/65 rc=409029 chunks=1 trained_queries=26203 trained_events=59152 mean_loss=1.692175 lr=0.00194695 step=stateful RMSProp step applied
    unit 26/65 rc=414232 chunks=1 trained_queries=20070 trained_events=43728 mean_loss=1.734933 lr=0.00194625 step=stateful RMSProp step applied
    unit 27/65 rc=418109 chunks=1 trained_queries=30344 trained_events=74160 mean_loss=1.530534 lr=0.00194556 step=stateful RMSProp step applied
    unit 28/65 rc=424071 chunks=1 trained_queries=37398 trained_events=78688 mean_loss=1.704623 lr=0.00194487 step=stateful RMSProp step applied
    unit 29/65 rc=431070 chunks=1 trained_queries=9984 trained_events=22352 mean_loss=1.752773 lr=0.00194418 step=stateful RMSProp step applied
    unit 30/65 rc=433017 chunks=1 trained_queries=368 trained_events=3696 mean_loss=0.421463 lr=0.00194349 step=stateful RMSProp step applied
    unit 31/65 rc=433081 chunks=1 trained_queries=31432 trained_events=72896 mean_loss=1.673882 lr=0.00194279 step=stateful RMSProp step applied
    unit 32/65 rc=439253 chunks=1 trained_queries=32416 trained_events=67744 mean_loss=1.810597 lr=0.0019421 step=stateful RMSProp step applied
    unit 33/65 rc=445065 chunks=2 trained_queries=52575 trained_events=104160 mean_loss=1.802149 lr=0.00194141 step=stateful RMSProp step applied
    unit 34/65 rc=454440 chunks=1 trained_queries=18981 trained_events=51680 mean_loss=1.402360 lr=0.00194071 step=stateful RMSProp step applied
    unit 35/65 rc=458387 chunks=1 trained_queries=5199 trained_events=12224 mean_loss=1.509409 lr=0.00194002 step=stateful RMSProp step applied
    unit 36/65 rc=459434 chunks=1 trained_queries=25529 trained_events=53568 mean_loss=1.689851 lr=0.00193933 step=stateful RMSProp step applied
    unit 37/65 rc=464285 chunks=1 trained_queries=944 trained_events=1792 mean_loss=1.281717 lr=0.00193863 step=stateful RMSProp step applied
    unit 38/65 rc=464449 chunks=1 trained_queries=13111 trained_events=27072 mean_loss=1.576221 lr=0.00193794 step=stateful RMSProp step applied
    unit 39/65 rc=466777 chunks=1 trained_queries=1172 trained_events=2576 mean_loss=1.190555 lr=0.00193725 step=stateful RMSProp step applied
    unit 40/65 rc=467002 chunks=10 trained_queries=476268 trained_events=843008 mean_loss=2.035347 lr=0.00193655 step=stateful RMSProp step applied
    unit 41/65 rc=544108 chunks=2 trained_queries=98499 trained_events=172032 mean_loss=1.983425 lr=0.00193586 step=stateful RMSProp step applied
    unit 42/65 rc=559920 chunks=3 trained_queries=136044 trained_events=238517 mean_loss=1.971786 lr=0.00193517 step=stateful RMSProp step applied
    unit 43/65 rc=581652 chunks=6 trained_queries=267495 trained_events=477697 mean_loss=1.962985 lr=0.00193447 step=stateful RMSProp step applied
    unit 44/65 rc=625299 chunks=16 trained_queries=787430 trained_events=1441440 mean_loss=1.998392 lr=0.00193378 step=stateful RMSProp step applied
    unit 45/65 rc=756698 chunks=3 trained_queries=135019 trained_events=240624 mean_loss=1.949658 lr=0.00193309 step=stateful RMSProp step applied
    unit 46/65 rc=778776 chunks=3 trained_queries=120415 trained_events=203264 mean_loss=1.953270 lr=0.00193239 step=stateful RMSProp step applied
    unit 47/65 rc=797238 chunks=9 trained_queries=409632 trained_events=780452 mean_loss=1.956452 lr=0.0019317 step=stateful RMSProp step applied
    unit 48/65 rc=868544 chunks=8 trained_queries=388601 trained_events=691328 mean_loss=1.986252 lr=0.001931 step=stateful RMSProp step applied
    unit 49/65 rc=931357 chunks=1 trained_queries=5910 trained_events=9744 mean_loss=1.807174 lr=0.00193031 step=stateful RMSProp step applied
    unit 50/65 rc=932241 chunks=2 trained_queries=63481 trained_events=107824 mean_loss=1.887130 lr=0.00192961 step=stateful RMSProp step applied
    unit 51/65 rc=942005 chunks=6 trained_queries=295710 trained_events=510176 mean_loss=1.992865 lr=0.00192892 step=stateful RMSProp step applied
    unit 52/65 rc=988604 chunks=4 trained_queries=190096 trained_events=338304 mean_loss=1.939759 lr=0.00192822 step=stateful RMSProp step applied
    unit 53/65 rc=1019500 chunks=9 trained_queries=413444 trained_events=737802 mean_loss=1.973440 lr=0.00192753 step=stateful RMSProp step applied
    unit 54/65 rc=1087047 chunks=12 trained_queries=553466 trained_events=1002752 mean_loss=1.993652 lr=0.00192683 step=stateful RMSProp step applied
    unit 55/65 rc=1178720 chunks=2 trained_queries=96605 trained_events=164880 mean_loss=1.992988 lr=0.00192614 step=stateful RMSProp step applied
    unit 56/65 rc=1193882 chunks=1 trained_queries=5343 trained_events=9456 mean_loss=1.707236 lr=0.00192544 step=stateful RMSProp step applied
    unit 57/65 rc=1194732 chunks=9 trained_queries=426507 trained_events=745745 mean_loss=2.021048 lr=0.00192475 step=stateful RMSProp step applied
    unit 58/65 rc=1262782 chunks=9 trained_queries=420566 trained_events=755486 mean_loss=1.989689 lr=0.00192405 step=stateful RMSProp step applied
    unit 59/65 rc=1332021 chunks=11 trained_queries=535061 trained_events=1019376 mean_loss=1.936776 lr=0.00192336 step=stateful RMSProp step applied
    unit 60/65 rc=1425400 chunks=5 trained_queries=235017 trained_events=405880 mean_loss=1.981296 lr=0.00192266 step=stateful RMSProp step applied
    unit 61/65 rc=1462524 chunks=2 trained_queries=68054 trained_events=119056 mean_loss=1.870636 lr=0.00192197 step=stateful RMSProp step applied
    unit 62/65 rc=1473469 chunks=3 trained_queries=147152 trained_events=266576 mean_loss=1.908876 lr=0.00192127 step=stateful RMSProp step applied
    unit 63/65 rc=1497733 chunks=1 trained_queries=5204 trained_events=8048 mean_loss=1.930348 lr=0.00192057 step=stateful RMSProp step applied
    unit 64/65 rc=1498502 chunks=4 trained_queries=165699 trained_events=311920 mean_loss=1.885736 lr=0.00191988 step=stateful RMSProp step applied
    unit 65/65 rc=1526829 chunks=1 trained_queries=3594 trained_events=5440 mean_loss=1.706859 lr=0.00191918 step=stateful RMSProp step applied
  train-epoch: epoch 41 summary trained_queries=8880122 trained_events=16953844 mean_loss=1.940170
  train-epoch: epoch 42/100
    unit 1/65 rc=1 chunks=5 trained_queries=235411 trained_events=602672 mean_loss=1.767440 lr=0.00191849 step=stateful RMSProp step applied
    unit 2/65 rc=47811 chunks=25 trained_queries=1209056 trained_events=2588009 mean_loss=1.988059 lr=0.00191779 step=stateful RMSProp step applied
    unit 3/65 rc=282625 chunks=1 trained_queries=17780 trained_events=32192 mean_loss=1.716724 lr=0.00191709 step=stateful RMSProp step applied
    unit 4/65 rc=285382 chunks=1 trained_queries=16 trained_events=16 mean_loss=0.436243 lr=0.0019164 step=stateful RMSProp step applied
    unit 5/65 rc=285383 chunks=1 trained_queries=41 trained_events=48 mean_loss=0.644291 lr=0.0019157 step=stateful RMSProp step applied
    unit 6/65 rc=285388 chunks=2 trained_queries=54875 trained_events=94080 mean_loss=2.286933 lr=0.001915 step=stateful RMSProp step applied
    unit 7/65 rc=294043 chunks=3 trained_queries=146903 trained_events=301856 mean_loss=1.956824 lr=0.00191431 step=stateful RMSProp step applied
    unit 8/65 rc=321434 chunks=1 trained_queries=19351 trained_events=28624 mean_loss=2.094573 lr=0.00191361 step=stateful RMSProp step applied
    unit 9/65 rc=324057 chunks=1 trained_queries=35110 trained_events=118240 mean_loss=1.559469 lr=0.00191291 step=stateful RMSProp step applied
    unit 10/65 rc=331740 chunks=1 trained_queries=16 trained_events=432 mean_loss=0.034807 lr=0.00191222 step=stateful RMSProp step applied
    unit 11/65 rc=331741 chunks=2 trained_queries=74861 trained_events=154864 mean_loss=1.794901 lr=0.00191152 step=stateful RMSProp step applied
    unit 12/65 rc=345687 chunks=1 trained_queries=30300 trained_events=55216 mean_loss=1.789849 lr=0.00191082 step=stateful RMSProp step applied
    unit 13/65 rc=350763 chunks=1 trained_queries=15923 trained_events=37200 mean_loss=1.654495 lr=0.00191013 step=stateful RMSProp step applied
    unit 14/65 rc=353625 chunks=2 trained_queries=55670 trained_events=115472 mean_loss=1.807553 lr=0.00190943 step=stateful RMSProp step applied
    unit 15/65 rc=364135 chunks=1 trained_queries=19324 trained_events=41184 mean_loss=1.794381 lr=0.00190873 step=stateful RMSProp step applied
    unit 16/65 rc=367786 chunks=1 trained_queries=22956 trained_events=58432 mean_loss=1.620499 lr=0.00190803 step=stateful RMSProp step applied
    unit 17/65 rc=372767 chunks=1 trained_queries=12887 trained_events=31552 mean_loss=1.527448 lr=0.00190733 step=stateful RMSProp step applied
    unit 18/65 rc=375106 chunks=1 trained_queries=37224 trained_events=92032 mean_loss=1.566324 lr=0.00190664 step=stateful RMSProp step applied
    unit 19/65 rc=382687 chunks=1 trained_queries=11903 trained_events=27856 mean_loss=1.766923 lr=0.00190594 step=stateful RMSProp step applied
    unit 20/65 rc=384937 chunks=1 trained_queries=13922 trained_events=37200 mean_loss=1.521439 lr=0.00190524 step=stateful RMSProp step applied
    unit 21/65 rc=387825 chunks=1 trained_queries=20966 trained_events=46224 mean_loss=1.696592 lr=0.00190454 step=stateful RMSProp step applied
    unit 22/65 rc=391753 chunks=2 trained_queries=80510 trained_events=178352 mean_loss=1.737601 lr=0.00190385 step=stateful RMSProp step applied
    unit 23/65 rc=407234 chunks=1 trained_queries=2379 trained_events=5104 mean_loss=1.562701 lr=0.00190315 step=stateful RMSProp step applied
    unit 24/65 rc=407680 chunks=1 trained_queries=6700 trained_events=24672 mean_loss=1.164533 lr=0.00190245 step=stateful RMSProp step applied
    unit 25/65 rc=409029 chunks=1 trained_queries=26203 trained_events=59152 mean_loss=1.670063 lr=0.00190175 step=stateful RMSProp step applied
    unit 26/65 rc=414232 chunks=1 trained_queries=20070 trained_events=43728 mean_loss=1.739533 lr=0.00190105 step=stateful RMSProp step applied
    unit 27/65 rc=418109 chunks=1 trained_queries=30344 trained_events=74160 mean_loss=1.528166 lr=0.00190035 step=stateful RMSProp step applied
    unit 28/65 rc=424071 chunks=1 trained_queries=37398 trained_events=78688 mean_loss=1.711267 lr=0.00189965 step=stateful RMSProp step applied
    unit 29/65 rc=431070 chunks=1 trained_queries=9984 trained_events=22352 mean_loss=1.754409 lr=0.00189896 step=stateful RMSProp step applied
    unit 30/65 rc=433017 chunks=1 trained_queries=368 trained_events=3696 mean_loss=0.412829 lr=0.00189826 step=stateful RMSProp step applied
    unit 31/65 rc=433081 chunks=1 trained_queries=31432 trained_events=72896 mean_loss=1.660752 lr=0.00189756 step=stateful RMSProp step applied
    unit 32/65 rc=439253 chunks=1 trained_queries=32416 trained_events=67744 mean_loss=1.815297 lr=0.00189686 step=stateful RMSProp step applied
    unit 33/65 rc=445065 chunks=2 trained_queries=52575 trained_events=104160 mean_loss=1.805521 lr=0.00189616 step=stateful RMSProp step applied
    unit 34/65 rc=454440 chunks=1 trained_queries=18981 trained_events=51680 mean_loss=1.402293 lr=0.00189546 step=stateful RMSProp step applied
    unit 35/65 rc=458387 chunks=1 trained_queries=5199 trained_events=12224 mean_loss=1.512902 lr=0.00189476 step=stateful RMSProp step applied
    unit 36/65 rc=459434 chunks=1 trained_queries=25529 trained_events=53568 mean_loss=1.698941 lr=0.00189406 step=stateful RMSProp step applied
    unit 37/65 rc=464285 chunks=1 trained_queries=944 trained_events=1792 mean_loss=1.267616 lr=0.00189336 step=stateful RMSProp step applied
    unit 38/65 rc=464449 chunks=1 trained_queries=13111 trained_events=27072 mean_loss=1.584439 lr=0.00189266 step=stateful RMSProp step applied
    unit 39/65 rc=466777 chunks=1 trained_queries=1172 trained_events=2576 mean_loss=1.201975 lr=0.00189196 step=stateful RMSProp step applied
    unit 40/65 rc=467002 chunks=10 trained_queries=476268 trained_events=843008 mean_loss=2.049356 lr=0.00189126 step=stateful RMSProp step applied
    unit 41/65 rc=544108 chunks=2 trained_queries=98499 trained_events=172032 mean_loss=1.998949 lr=0.00189056 step=stateful RMSProp step applied
    unit 42/65 rc=559920 chunks=3 trained_queries=136044 trained_events=238517 mean_loss=1.981116 lr=0.00188986 step=stateful RMSProp step applied
    unit 43/65 rc=581652 chunks=6 trained_queries=267495 trained_events=477697 mean_loss=1.968721 lr=0.00188916 step=stateful RMSProp step applied
    unit 44/65 rc=625299 chunks=16 trained_queries=787430 trained_events=1441440 mean_loss=2.006846 lr=0.00188846 step=stateful RMSProp step applied
    unit 45/65 rc=756698 chunks=3 trained_queries=135019 trained_events=240624 mean_loss=1.953755 lr=0.00188776 step=stateful RMSProp step applied
    unit 46/65 rc=778776 chunks=3 trained_queries=120415 trained_events=203264 mean_loss=1.959715 lr=0.00188706 step=stateful RMSProp step applied
    unit 47/65 rc=797238 chunks=9 trained_queries=409632 trained_events=780452 mean_loss=1.965213 lr=0.00188636 step=stateful RMSProp step applied
    unit 48/65 rc=868544 chunks=8 trained_queries=388601 trained_events=691328 mean_loss=1.990568 lr=0.00188566 step=stateful RMSProp step applied
    unit 49/65 rc=931357 chunks=1 trained_queries=5910 trained_events=9744 mean_loss=1.809760 lr=0.00188496 step=stateful RMSProp step applied
    unit 50/65 rc=932241 chunks=2 trained_queries=63481 trained_events=107824 mean_loss=1.879464 lr=0.00188426 step=stateful RMSProp step applied
    unit 51/65 rc=942005 chunks=6 trained_queries=295710 trained_events=510176 mean_loss=1.993512 lr=0.00188356 step=stateful RMSProp step applied
    unit 52/65 rc=988604 chunks=4 trained_queries=190096 trained_events=338304 mean_loss=1.946425 lr=0.00188286 step=stateful RMSProp step applied
    unit 53/65 rc=1019500 chunks=9 trained_queries=413444 trained_events=737802 mean_loss=1.973787 lr=0.00188216 step=stateful RMSProp step applied
    unit 54/65 rc=1087047 chunks=12 trained_queries=553466 trained_events=1002752 mean_loss=1.991947 lr=0.00188145 step=stateful RMSProp step applied
    unit 55/65 rc=1178720 chunks=2 trained_queries=96605 trained_events=164880 mean_loss=1.987271 lr=0.00188075 step=stateful RMSProp step applied
    unit 56/65 rc=1193882 chunks=1 trained_queries=5343 trained_events=9456 mean_loss=1.728540 lr=0.00188005 step=stateful RMSProp step applied
    unit 57/65 rc=1194732 chunks=9 trained_queries=426507 trained_events=745745 mean_loss=2.031022 lr=0.00187935 step=stateful RMSProp step applied
    unit 58/65 rc=1262782 chunks=9 trained_queries=420566 trained_events=755486 mean_loss=2.007030 lr=0.00187865 step=stateful RMSProp step applied
    unit 59/65 rc=1332021 chunks=11 trained_queries=535061 trained_events=1019376 mean_loss=1.957023 lr=0.00187795 step=stateful RMSProp step applied
    unit 60/65 rc=1425400 chunks=5 trained_queries=235017 trained_events=405880 mean_loss=1.999226 lr=0.00187725 step=stateful RMSProp step applied
    unit 61/65 rc=1462524 chunks=2 trained_queries=68054 trained_events=119056 mean_loss=1.875954 lr=0.00187654 step=stateful RMSProp step applied
    unit 62/65 rc=1473469 chunks=3 trained_queries=147152 trained_events=266576 mean_loss=1.913766 lr=0.00187584 step=stateful RMSProp step applied
    unit 63/65 rc=1497733 chunks=1 trained_queries=5204 trained_events=8048 mean_loss=1.946121 lr=0.00187514 step=stateful RMSProp step applied
    unit 64/65 rc=1498502 chunks=4 trained_queries=165699 trained_events=311920 mean_loss=1.877211 lr=0.00187444 step=stateful RMSProp step applied
    unit 65/65 rc=1526829 chunks=1 trained_queries=3594 trained_events=5440 mean_loss=1.703095 lr=0.00187374 step=stateful RMSProp step applied
  train-epoch: epoch 42 summary trained_queries=8880122 trained_events=16953844 mean_loss=1.947106
  train-epoch: epoch 43/100
    unit 1/65 rc=1 chunks=5 trained_queries=235411 trained_events=602672 mean_loss=1.767586 lr=0.00187303 step=stateful RMSProp step applied
    unit 2/65 rc=47811 chunks=25 trained_queries=1209056 trained_events=2588009 mean_loss=1.976392 lr=0.00187233 step=stateful RMSProp step applied
    unit 3/65 rc=282625 chunks=1 trained_queries=17780 trained_events=32192 mean_loss=1.717149 lr=0.00187163 step=stateful RMSProp step applied
    unit 4/65 rc=285382 chunks=1 trained_queries=16 trained_events=16 mean_loss=0.504409 lr=0.00187093 step=stateful RMSProp step applied
    unit 5/65 rc=285383 chunks=1 trained_queries=41 trained_events=48 mean_loss=0.705406 lr=0.00187023 step=stateful RMSProp step applied
    unit 6/65 rc=285388 chunks=2 trained_queries=54875 trained_events=94080 mean_loss=2.171879 lr=0.00186952 step=stateful RMSProp step applied
    unit 7/65 rc=294043 chunks=3 trained_queries=146903 trained_events=301856 mean_loss=1.882958 lr=0.00186882 step=stateful RMSProp step applied
    unit 8/65 rc=321434 chunks=1 trained_queries=19351 trained_events=28624 mean_loss=2.027612 lr=0.00186812 step=stateful RMSProp step applied
    unit 9/65 rc=324057 chunks=1 trained_queries=35110 trained_events=118240 mean_loss=1.484338 lr=0.00186741 step=stateful RMSProp step applied
    unit 10/65 rc=331740 chunks=1 trained_queries=16 trained_events=432 mean_loss=0.028617 lr=0.00186671 step=stateful RMSProp step applied
    unit 11/65 rc=331741 chunks=2 trained_queries=74861 trained_events=154864 mean_loss=1.749487 lr=0.00186601 step=stateful RMSProp step applied
    unit 12/65 rc=345687 chunks=1 trained_queries=30300 trained_events=55216 mean_loss=1.750302 lr=0.00186531 step=stateful RMSProp step applied
    unit 13/65 rc=350763 chunks=1 trained_queries=15923 trained_events=37200 mean_loss=1.598627 lr=0.0018646 step=stateful RMSProp step applied
    unit 14/65 rc=353625 chunks=2 trained_queries=55670 trained_events=115472 mean_loss=1.775090 lr=0.0018639 step=stateful RMSProp step applied
    unit 15/65 rc=364135 chunks=1 trained_queries=19324 trained_events=41184 mean_loss=1.750952 lr=0.0018632 step=stateful RMSProp step applied
    unit 16/65 rc=367786 chunks=1 trained_queries=22956 trained_events=58432 mean_loss=1.598663 lr=0.00186249 step=stateful RMSProp step applied
    unit 17/65 rc=372767 chunks=1 trained_queries=12887 trained_events=31552 mean_loss=1.489933 lr=0.00186179 step=stateful RMSProp step applied
    unit 18/65 rc=375106 chunks=1 trained_queries=37224 trained_events=92032 mean_loss=1.537125 lr=0.00186108 step=stateful RMSProp step applied
    unit 19/65 rc=382687 chunks=1 trained_queries=11903 trained_events=27856 mean_loss=1.683210 lr=0.00186038 step=stateful RMSProp step applied
    unit 20/65 rc=384937 chunks=1 trained_queries=13922 trained_events=37200 mean_loss=1.498098 lr=0.00185968 step=stateful RMSProp step applied
    unit 21/65 rc=387825 chunks=1 trained_queries=20966 trained_events=46224 mean_loss=1.671385 lr=0.00185897 step=stateful RMSProp step applied
    unit 22/65 rc=391753 chunks=2 trained_queries=80510 trained_events=178352 mean_loss=1.711234 lr=0.00185827 step=stateful RMSProp step applied
    unit 23/65 rc=407234 chunks=1 trained_queries=2379 trained_events=5104 mean_loss=1.520572 lr=0.00185757 step=stateful RMSProp step applied
    unit 24/65 rc=407680 chunks=1 trained_queries=6700 trained_events=24672 mean_loss=1.117189 lr=0.00185686 step=stateful RMSProp step applied
    unit 25/65 rc=409029 chunks=1 trained_queries=26203 trained_events=59152 mean_loss=1.644349 lr=0.00185616 step=stateful RMSProp step applied
    unit 26/65 rc=414232 chunks=1 trained_queries=20070 trained_events=43728 mean_loss=1.725157 lr=0.00185545 step=stateful RMSProp step applied
    unit 27/65 rc=418109 chunks=1 trained_queries=30344 trained_events=74160 mean_loss=1.521057 lr=0.00185475 step=stateful RMSProp step applied
    unit 28/65 rc=424071 chunks=1 trained_queries=37398 trained_events=78688 mean_loss=1.697394 lr=0.00185404 step=stateful RMSProp step applied
    unit 29/65 rc=431070 chunks=1 trained_queries=9984 trained_events=22352 mean_loss=1.745249 lr=0.00185334 step=stateful RMSProp step applied
    unit 30/65 rc=433017 chunks=1 trained_queries=368 trained_events=3696 mean_loss=0.405202 lr=0.00185263 step=stateful RMSProp step applied
    unit 31/65 rc=433081 chunks=1 trained_queries=31432 trained_events=72896 mean_loss=1.645637 lr=0.00185193 step=stateful RMSProp step applied
    unit 32/65 rc=439253 chunks=1 trained_queries=32416 trained_events=67744 mean_loss=1.795488 lr=0.00185123 step=stateful RMSProp step applied
    unit 33/65 rc=445065 chunks=2 trained_queries=52575 trained_events=104160 mean_loss=1.797019 lr=0.00185052 step=stateful RMSProp step applied
    unit 34/65 rc=454440 chunks=1 trained_queries=18981 trained_events=51680 mean_loss=1.386939 lr=0.00184982 step=stateful RMSProp step applied
    unit 35/65 rc=458387 chunks=1 trained_queries=5199 trained_events=12224 mean_loss=1.487870 lr=0.00184911 step=stateful RMSProp step applied
    unit 36/65 rc=459434 chunks=1 trained_queries=25529 trained_events=53568 mean_loss=1.682658 lr=0.00184841 step=stateful RMSProp step applied
    unit 37/65 rc=464285 chunks=1 trained_queries=944 trained_events=1792 mean_loss=1.268917 lr=0.0018477 step=stateful RMSProp step applied
    unit 38/65 rc=464449 chunks=1 trained_queries=13111 trained_events=27072 mean_loss=1.563961 lr=0.00184699 step=stateful RMSProp step applied
    unit 39/65 rc=466777 chunks=1 trained_queries=1172 trained_events=2576 mean_loss=1.186305 lr=0.00184629 step=stateful RMSProp step applied
    unit 40/65 rc=467002 chunks=10 trained_queries=476268 trained_events=843008 mean_loss=2.032909 lr=0.00184558 step=stateful RMSProp step applied
    unit 41/65 rc=544108 chunks=2 trained_queries=98499 trained_events=172032 mean_loss=1.979603 lr=0.00184488 step=stateful RMSProp step applied
    unit 42/65 rc=559920 chunks=3 trained_queries=136044 trained_events=238517 mean_loss=1.968925 lr=0.00184417 step=stateful RMSProp step applied
    unit 43/65 rc=581652 chunks=6 trained_queries=267495 trained_events=477697 mean_loss=1.951751 lr=0.00184347 step=stateful RMSProp step applied
    unit 44/65 rc=625299 chunks=16 trained_queries=787430 trained_events=1441440 mean_loss=1.989895 lr=0.00184276 step=stateful RMSProp step applied
    unit 45/65 rc=756698 chunks=3 trained_queries=135019 trained_events=240624 mean_loss=1.944043 lr=0.00184206 step=stateful RMSProp step applied
    unit 46/65 rc=778776 chunks=3 trained_queries=120415 trained_events=203264 mean_loss=1.964961 lr=0.00184135 step=stateful RMSProp step applied
    unit 47/65 rc=797238 chunks=9 trained_queries=409632 trained_events=780452 mean_loss=1.959186 lr=0.00184064 step=stateful RMSProp step applied
    unit 48/65 rc=868544 chunks=8 trained_queries=388601 trained_events=691328 mean_loss=1.982257 lr=0.00183994 step=stateful RMSProp step applied
    unit 49/65 rc=931357 chunks=1 trained_queries=5910 trained_events=9744 mean_loss=1.801376 lr=0.00183923 step=stateful RMSProp step applied
    unit 50/65 rc=932241 chunks=2 trained_queries=63481 trained_events=107824 mean_loss=1.887404 lr=0.00183853 step=stateful RMSProp step applied
    unit 51/65 rc=942005 chunks=6 trained_queries=295710 trained_events=510176 mean_loss=1.991960 lr=0.00183782 step=stateful RMSProp step applied
    unit 52/65 rc=988604 chunks=4 trained_queries=190096 trained_events=338304 mean_loss=1.937355 lr=0.00183711 step=stateful RMSProp step applied
    unit 53/65 rc=1019500 chunks=9 trained_queries=413444 trained_events=737802 mean_loss=1.966317 lr=0.00183641 step=stateful RMSProp step applied
    unit 54/65 rc=1087047 chunks=12 trained_queries=553466 trained_events=1002752 mean_loss=1.988555 lr=0.0018357 step=stateful RMSProp step applied
    unit 55/65 rc=1178720 chunks=2 trained_queries=96605 trained_events=164880 mean_loss=1.984489 lr=0.00183499 step=stateful RMSProp step applied
    unit 56/65 rc=1193882 chunks=1 trained_queries=5343 trained_events=9456 mean_loss=1.698595 lr=0.00183429 step=stateful RMSProp step applied
    unit 57/65 rc=1194732 chunks=9 trained_queries=426507 trained_events=745745 mean_loss=1.999182 lr=0.00183358 step=stateful RMSProp step applied
    unit 58/65 rc=1262782 chunks=9 trained_queries=420566 trained_events=755486 mean_loss=1.979637 lr=0.00183287 step=stateful RMSProp step applied
    unit 59/65 rc=1332021 chunks=11 trained_queries=535061 trained_events=1019376 mean_loss=1.925905 lr=0.00183217 step=stateful RMSProp step applied
    unit 60/65 rc=1425400 chunks=5 trained_queries=235017 trained_events=405880 mean_loss=1.970498 lr=0.00183146 step=stateful RMSProp step applied
    unit 61/65 rc=1462524 chunks=2 trained_queries=68054 trained_events=119056 mean_loss=1.849059 lr=0.00183075 step=stateful RMSProp step applied
    unit 62/65 rc=1473469 chunks=3 trained_queries=147152 trained_events=266576 mean_loss=1.937707 lr=0.00183004 step=stateful RMSProp step applied
    unit 63/65 rc=1497733 chunks=1 trained_queries=5204 trained_events=8048 mean_loss=1.944097 lr=0.00182934 step=stateful RMSProp step applied
    unit 64/65 rc=1498502 chunks=4 trained_queries=165699 trained_events=311920 mean_loss=1.883321 lr=0.00182863 step=stateful RMSProp step applied
    unit 65/65 rc=1526829 chunks=1 trained_queries=3594 trained_events=5440 mean_loss=1.702371 lr=0.00182792 step=stateful RMSProp step applied
  train-epoch: epoch 43 summary trained_queries=8880122 trained_events=16953844 mean_loss=1.930815
  train-epoch: epoch 44/100
    unit 1/65 rc=1 chunks=5 trained_queries=235411 trained_events=602672 mean_loss=1.756808 lr=0.00182721 step=stateful RMSProp step applied
    unit 2/65 rc=47811 chunks=25 trained_queries=1209056 trained_events=2588009 mean_loss=1.976487 lr=0.00182651 step=stateful RMSProp step applied
    unit 3/65 rc=282625 chunks=1 trained_queries=17780 trained_events=32192 mean_loss=1.704574 lr=0.0018258 step=stateful RMSProp step applied
    unit 4/65 rc=285382 chunks=1 trained_queries=16 trained_events=16 mean_loss=0.401781 lr=0.00182509 step=stateful RMSProp step applied
    unit 5/65 rc=285383 chunks=1 trained_queries=41 trained_events=48 mean_loss=0.619896 lr=0.00182438 step=stateful RMSProp step applied
    unit 6/65 rc=285388 chunks=2 trained_queries=54875 trained_events=94080 mean_loss=2.102966 lr=0.00182368 step=stateful RMSProp step applied
    unit 7/65 rc=294043 chunks=3 trained_queries=146903 trained_events=301856 mean_loss=1.856874 lr=0.00182297 step=stateful RMSProp step applied
    unit 8/65 rc=321434 chunks=1 trained_queries=19351 trained_events=28624 mean_loss=2.013858 lr=0.00182226 step=stateful RMSProp step applied
    unit 9/65 rc=324057 chunks=1 trained_queries=35110 trained_events=118240 mean_loss=1.455539 lr=0.00182155 step=stateful RMSProp step applied
    unit 10/65 rc=331740 chunks=1 trained_queries=16 trained_events=432 mean_loss=0.024907 lr=0.00182084 step=stateful RMSProp step applied
    unit 11/65 rc=331741 chunks=2 trained_queries=74861 trained_events=154864 mean_loss=1.729490 lr=0.00182014 step=stateful RMSProp step applied
    unit 12/65 rc=345687 chunks=1 trained_queries=30300 trained_events=55216 mean_loss=1.733827 lr=0.00181943 step=stateful RMSProp step applied
    unit 13/65 rc=350763 chunks=1 trained_queries=15923 trained_events=37200 mean_loss=1.574393 lr=0.00181872 step=stateful RMSProp step applied
    unit 14/65 rc=353625 chunks=2 trained_queries=55670 trained_events=115472 mean_loss=1.757654 lr=0.00181801 step=stateful RMSProp step applied
    unit 15/65 rc=364135 chunks=1 trained_queries=19324 trained_events=41184 mean_loss=1.749780 lr=0.0018173 step=stateful RMSProp step applied
    unit 16/65 rc=367786 chunks=1 trained_queries=22956 trained_events=58432 mean_loss=1.582510 lr=0.00181659 step=stateful RMSProp step applied
    unit 17/65 rc=372767 chunks=1 trained_queries=12887 trained_events=31552 mean_loss=1.479890 lr=0.00181588 step=stateful RMSProp step applied
    unit 18/65 rc=375106 chunks=1 trained_queries=37224 trained_events=92032 mean_loss=1.518693 lr=0.00181518 step=stateful RMSProp step applied
    unit 19/65 rc=382687 chunks=1 trained_queries=11903 trained_events=27856 mean_loss=1.664308 lr=0.00181447 step=stateful RMSProp step applied
    unit 20/65 rc=384937 chunks=1 trained_queries=13922 trained_events=37200 mean_loss=1.492670 lr=0.00181376 step=stateful RMSProp step applied
    unit 21/65 rc=387825 chunks=1 trained_queries=20966 trained_events=46224 mean_loss=1.674741 lr=0.00181305 step=stateful RMSProp step applied
    unit 22/65 rc=391753 chunks=2 trained_queries=80510 trained_events=178352 mean_loss=1.696373 lr=0.00181234 step=stateful RMSProp step applied
    unit 23/65 rc=407234 chunks=1 trained_queries=2379 trained_events=5104 mean_loss=1.502224 lr=0.00181163 step=stateful RMSProp step applied
    unit 24/65 rc=407680 chunks=1 trained_queries=6700 trained_events=24672 mean_loss=1.211860 lr=0.00181092 step=stateful RMSProp step applied
    unit 25/65 rc=409029 chunks=1 trained_queries=26203 trained_events=59152 mean_loss=1.627437 lr=0.00181021 step=stateful RMSProp step applied
    unit 26/65 rc=414232 chunks=1 trained_queries=20070 trained_events=43728 mean_loss=1.699420 lr=0.0018095 step=stateful RMSProp step applied
    unit 27/65 rc=418109 chunks=1 trained_queries=30344 trained_events=74160 mean_loss=1.505027 lr=0.00180879 step=stateful RMSProp step applied
    unit 28/65 rc=424071 chunks=1 trained_queries=37398 trained_events=78688 mean_loss=1.685379 lr=0.00180808 step=stateful RMSProp step applied
    unit 29/65 rc=431070 chunks=1 trained_queries=9984 trained_events=22352 mean_loss=1.736133 lr=0.00180737 step=stateful RMSProp step applied
    unit 30/65 rc=433017 chunks=1 trained_queries=368 trained_events=3696 mean_loss=0.432649 lr=0.00180667 step=stateful RMSProp step applied
    unit 31/65 rc=433081 chunks=1 trained_queries=31432 trained_events=72896 mean_loss=1.695907 lr=0.00180596 step=stateful RMSProp step applied
    unit 32/65 rc=439253 chunks=1 trained_queries=32416 trained_events=67744 mean_loss=1.787273 lr=0.00180525 step=stateful RMSProp step applied
    unit 33/65 rc=445065 chunks=2 trained_queries=52575 trained_events=104160 mean_loss=1.791252 lr=0.00180454 step=stateful RMSProp step applied
    unit 34/65 rc=454440 chunks=1 trained_queries=18981 trained_events=51680 mean_loss=1.391593 lr=0.00180383 step=stateful RMSProp step applied
    unit 35/65 rc=458387 chunks=1 trained_queries=5199 trained_events=12224 mean_loss=1.485201 lr=0.00180312 step=stateful RMSProp step applied
    unit 36/65 rc=459434 chunks=1 trained_queries=25529 trained_events=53568 mean_loss=1.683392 lr=0.00180241 step=stateful RMSProp step applied
    unit 37/65 rc=464285 chunks=1 trained_queries=944 trained_events=1792 mean_loss=1.243609 lr=0.0018017 step=stateful RMSProp step applied
    unit 38/65 rc=464449 chunks=1 trained_queries=13111 trained_events=27072 mean_loss=1.581548 lr=0.00180099 step=stateful RMSProp step applied
    unit 39/65 rc=466777 chunks=1 trained_queries=1172 trained_events=2576 mean_loss=1.190843 lr=0.00180028 step=stateful RMSProp step applied
    unit 40/65 rc=467002 chunks=10 trained_queries=476268 trained_events=843008 mean_loss=2.024257 lr=0.00179957 step=stateful RMSProp step applied
    unit 41/65 rc=544108 chunks=2 trained_queries=98499 trained_events=172032 mean_loss=1.971165 lr=0.00179885 step=stateful RMSProp step applied
    unit 42/65 rc=559920 chunks=3 trained_queries=136044 trained_events=238517 mean_loss=1.958008 lr=0.00179814 step=stateful RMSProp step applied
    unit 43/65 rc=581652 chunks=6 trained_queries=267495 trained_events=477697 mean_loss=1.949453 lr=0.00179743 step=stateful RMSProp step applied
    unit 44/65 rc=625299 chunks=16 trained_queries=787430 trained_events=1441440 mean_loss=1.987458 lr=0.00179672 step=stateful RMSProp step applied
    unit 45/65 rc=756698 chunks=3 trained_queries=135019 trained_events=240624 mean_loss=1.937359 lr=0.00179601 step=stateful RMSProp step applied
    unit 46/65 rc=778776 chunks=3 trained_queries=120415 trained_events=203264 mean_loss=1.956643 lr=0.0017953 step=stateful RMSProp step applied
    unit 47/65 rc=797238 chunks=9 trained_queries=409632 trained_events=780452 mean_loss=1.964884 lr=0.00179459 step=stateful RMSProp step applied
    unit 48/65 rc=868544 chunks=8 trained_queries=388601 trained_events=691328 mean_loss=1.988749 lr=0.00179388 step=stateful RMSProp step applied
    unit 49/65 rc=931357 chunks=1 trained_queries=5910 trained_events=9744 mean_loss=1.792327 lr=0.00179317 step=stateful RMSProp step applied
    unit 50/65 rc=932241 chunks=2 trained_queries=63481 trained_events=107824 mean_loss=1.867421 lr=0.00179246 step=stateful RMSProp step applied
    unit 51/65 rc=942005 chunks=6 trained_queries=295710 trained_events=510176 mean_loss=1.979202 lr=0.00179175 step=stateful RMSProp step applied
    unit 52/65 rc=988604 chunks=4 trained_queries=190096 trained_events=338304 mean_loss=1.924886 lr=0.00179104 step=stateful RMSProp step applied
    unit 53/65 rc=1019500 chunks=9 trained_queries=413444 trained_events=737802 mean_loss=1.961438 lr=0.00179032 step=stateful RMSProp step applied
    unit 54/65 rc=1087047 chunks=12 trained_queries=553466 trained_events=1002752 mean_loss=1.978354 lr=0.00178961 step=stateful RMSProp step applied
    unit 55/65 rc=1178720 chunks=2 trained_queries=96605 trained_events=164880 mean_loss=1.979458 lr=0.0017889 step=stateful RMSProp step applied
    unit 56/65 rc=1193882 chunks=1 trained_queries=5343 trained_events=9456 mean_loss=1.690488 lr=0.00178819 step=stateful RMSProp step applied
    unit 57/65 rc=1194732 chunks=9 trained_queries=426507 trained_events=745745 mean_loss=1.998402 lr=0.00178748 step=stateful RMSProp step applied
    unit 58/65 rc=1262782 chunks=9 trained_queries=420566 trained_events=755486 mean_loss=1.976013 lr=0.00178677 step=stateful RMSProp step applied
    unit 59/65 rc=1332021 chunks=11 trained_queries=535061 trained_events=1019376 mean_loss=1.921771 lr=0.00178606 step=stateful RMSProp step applied
    unit 60/65 rc=1425400 chunks=5 trained_queries=235017 trained_events=405880 mean_loss=1.965577 lr=0.00178534 step=stateful RMSProp step applied
    unit 61/65 rc=1462524 chunks=2 trained_queries=68054 trained_events=119056 mean_loss=1.846984 lr=0.00178463 step=stateful RMSProp step applied
    unit 62/65 rc=1473469 chunks=3 trained_queries=147152 trained_events=266576 mean_loss=1.889352 lr=0.00178392 step=stateful RMSProp step applied
    unit 63/65 rc=1497733 chunks=1 trained_queries=5204 trained_events=8048 mean_loss=1.914225 lr=0.00178321 step=stateful RMSProp step applied
    unit 64/65 rc=1498502 chunks=4 trained_queries=165699 trained_events=311920 mean_loss=1.862137 lr=0.0017825 step=stateful RMSProp step applied
    unit 65/65 rc=1526829 chunks=1 trained_queries=3594 trained_events=5440 mean_loss=1.687498 lr=0.00178178 step=stateful RMSProp step applied
  train-epoch: epoch 44 summary trained_queries=8880122 trained_events=16953844 mean_loss=1.924650
  train-epoch: epoch 45/100
    unit 1/65 rc=1 chunks=5 trained_queries=235411 trained_events=602672 mean_loss=1.747597 lr=0.00178107 step=stateful RMSProp step applied
    unit 2/65 rc=47811 chunks=25 trained_queries=1209056 trained_events=2588009 mean_loss=1.973326 lr=0.00178036 step=stateful RMSProp step applied
    unit 3/65 rc=282625 chunks=1 trained_queries=17780 trained_events=32192 mean_loss=1.700893 lr=0.00177965 step=stateful RMSProp step applied
    unit 4/65 rc=285382 chunks=1 trained_queries=16 trained_events=16 mean_loss=0.396280 lr=0.00177894 step=stateful RMSProp step applied
    unit 5/65 rc=285383 chunks=1 trained_queries=41 trained_events=48 mean_loss=0.588946 lr=0.00177822 step=stateful RMSProp step applied
    unit 6/65 rc=285388 chunks=2 trained_queries=54875 trained_events=94080 mean_loss=2.087768 lr=0.00177751 step=stateful RMSProp step applied
    unit 7/65 rc=294043 chunks=3 trained_queries=146903 trained_events=301856 mean_loss=1.838073 lr=0.0017768 step=stateful RMSProp step applied
    unit 8/65 rc=321434 chunks=1 trained_queries=19351 trained_events=28624 mean_loss=1.992093 lr=0.00177609 step=stateful RMSProp step applied
    unit 9/65 rc=324057 chunks=1 trained_queries=35110 trained_events=118240 mean_loss=1.453966 lr=0.00177537 step=stateful RMSProp step applied
    unit 10/65 rc=331740 chunks=1 trained_queries=16 trained_events=432 mean_loss=0.019601 lr=0.00177466 step=stateful RMSProp step applied
    unit 11/65 rc=331741 chunks=2 trained_queries=74861 trained_events=154864 mean_loss=1.715088 lr=0.00177395 step=stateful RMSProp step applied
    unit 12/65 rc=345687 chunks=1 trained_queries=30300 trained_events=55216 mean_loss=1.719668 lr=0.00177323 step=stateful RMSProp step applied
    unit 13/65 rc=350763 chunks=1 trained_queries=15923 trained_events=37200 mean_loss=1.564515 lr=0.00177252 step=stateful RMSProp step applied
    unit 14/65 rc=353625 chunks=2 trained_queries=55670 trained_events=115472 mean_loss=1.746341 lr=0.00177181 step=stateful RMSProp step applied
    unit 15/65 rc=364135 chunks=1 trained_queries=19324 trained_events=41184 mean_loss=1.723789 lr=0.0017711 step=stateful RMSProp step applied
    unit 16/65 rc=367786 chunks=1 trained_queries=22956 trained_events=58432 mean_loss=1.584087 lr=0.00177038 step=stateful RMSProp step applied
    unit 17/65 rc=372767 chunks=1 trained_queries=12887 trained_events=31552 mean_loss=1.502515 lr=0.00176967 step=stateful RMSProp step applied
    unit 18/65 rc=375106 chunks=1 trained_queries=37224 trained_events=92032 mean_loss=1.518978 lr=0.00176896 step=stateful RMSProp step applied
    unit 19/65 rc=382687 chunks=1 trained_queries=11903 trained_events=27856 mean_loss=1.672517 lr=0.00176824 step=stateful RMSProp step applied
    unit 20/65 rc=384937 chunks=1 trained_queries=13922 trained_events=37200 mean_loss=1.489927 lr=0.00176753 step=stateful RMSProp step applied
    unit 21/65 rc=387825 chunks=1 trained_queries=20966 trained_events=46224 mean_loss=1.668209 lr=0.00176682 step=stateful RMSProp step applied
    unit 22/65 rc=391753 chunks=2 trained_queries=80510 trained_events=178352 mean_loss=1.685109 lr=0.0017661 step=stateful RMSProp step applied
    unit 23/65 rc=407234 chunks=1 trained_queries=2379 trained_events=5104 mean_loss=1.534416 lr=0.00176539 step=stateful RMSProp step applied
    unit 24/65 rc=407680 chunks=1 trained_queries=6700 trained_events=24672 mean_loss=1.123874 lr=0.00176468 step=stateful RMSProp step applied
    unit 25/65 rc=409029 chunks=1 trained_queries=26203 trained_events=59152 mean_loss=1.657176 lr=0.00176396 step=stateful RMSProp step applied
    unit 26/65 rc=414232 chunks=1 trained_queries=20070 trained_events=43728 mean_loss=1.697498 lr=0.00176325 step=stateful RMSProp step applied
    unit 27/65 rc=418109 chunks=1 trained_queries=30344 trained_events=74160 mean_loss=1.507345 lr=0.00176253 step=stateful RMSProp step applied
    unit 28/65 rc=424071 chunks=1 trained_queries=37398 trained_events=78688 mean_loss=1.684165 lr=0.00176182 step=stateful RMSProp step applied
    unit 29/65 rc=431070 chunks=1 trained_queries=9984 trained_events=22352 mean_loss=1.739932 lr=0.00176111 step=stateful RMSProp step applied
    unit 30/65 rc=433017 chunks=1 trained_queries=368 trained_events=3696 mean_loss=0.401606 lr=0.00176039 step=stateful RMSProp step applied
    unit 31/65 rc=433081 chunks=1 trained_queries=31432 trained_events=72896 mean_loss=1.677137 lr=0.00175968 step=stateful RMSProp step applied
    unit 32/65 rc=439253 chunks=1 trained_queries=32416 trained_events=67744 mean_loss=1.778078 lr=0.00175896 step=stateful RMSProp step applied
    unit 33/65 rc=445065 chunks=2 trained_queries=52575 trained_events=104160 mean_loss=1.783850 lr=0.00175825 step=stateful RMSProp step applied
    unit 34/65 rc=454440 chunks=1 trained_queries=18981 trained_events=51680 mean_loss=1.380433 lr=0.00175754 step=stateful RMSProp step applied
    unit 35/65 rc=458387 chunks=1 trained_queries=5199 trained_events=12224 mean_loss=1.477902 lr=0.00175682 step=stateful RMSProp step applied
    unit 36/65 rc=459434 chunks=1 trained_queries=25529 trained_events=53568 mean_loss=1.685018 lr=0.00175611 step=stateful RMSProp step applied
    unit 37/65 rc=464285 chunks=1 trained_queries=944 trained_events=1792 mean_loss=1.232337 lr=0.00175539 step=stateful RMSProp step applied
    unit 38/65 rc=464449 chunks=1 trained_queries=13111 trained_events=27072 mean_loss=1.578460 lr=0.00175468 step=stateful RMSProp step applied
    unit 39/65 rc=466777 chunks=1 trained_queries=1172 trained_events=2576 mean_loss=1.163165 lr=0.00175396 step=stateful RMSProp step applied
    unit 40/65 rc=467002 chunks=10 trained_queries=476268 trained_events=843008 mean_loss=2.017889 lr=0.00175325 step=stateful RMSProp step applied
    unit 41/65 rc=544108 chunks=2 trained_queries=98499 trained_events=172032 mean_loss=1.973612 lr=0.00175254 step=stateful RMSProp step applied
    unit 42/65 rc=559920 chunks=3 trained_queries=136044 trained_events=238517 mean_loss=1.958406 lr=0.00175182 step=stateful RMSProp step applied
    unit 43/65 rc=581652 chunks=6 trained_queries=267495 trained_events=477697 mean_loss=1.944375 lr=0.00175111 step=stateful RMSProp step applied
    unit 44/65 rc=625299 chunks=16 trained_queries=787430 trained_events=1441440 mean_loss=1.981496 lr=0.00175039 step=stateful RMSProp step applied
    unit 45/65 rc=756698 chunks=3 trained_queries=135019 trained_events=240624 mean_loss=1.929225 lr=0.00174968 step=stateful RMSProp step applied
    unit 46/65 rc=778776 chunks=3 trained_queries=120415 trained_events=203264 mean_loss=1.953287 lr=0.00174896 step=stateful RMSProp step applied
    unit 47/65 rc=797238 chunks=9 trained_queries=409632 trained_events=780452 mean_loss=1.945107 lr=0.00174825 step=stateful RMSProp step applied
    unit 48/65 rc=868544 chunks=8 trained_queries=388601 trained_events=691328 mean_loss=1.970157 lr=0.00174753 step=stateful RMSProp step applied
    unit 49/65 rc=931357 chunks=1 trained_queries=5910 trained_events=9744 mean_loss=1.774778 lr=0.00174682 step=stateful RMSProp step applied
    unit 50/65 rc=932241 chunks=2 trained_queries=63481 trained_events=107824 mean_loss=1.866711 lr=0.0017461 step=stateful RMSProp step applied
    unit 51/65 rc=942005 chunks=6 trained_queries=295710 trained_events=510176 mean_loss=1.979672 lr=0.00174539 step=stateful RMSProp step applied
    unit 52/65 rc=988604 chunks=4 trained_queries=190096 trained_events=338304 mean_loss=1.927880 lr=0.00174467 step=stateful RMSProp step applied
    unit 53/65 rc=1019500 chunks=9 trained_queries=413444 trained_events=737802 mean_loss=1.962577 lr=0.00174396 step=stateful RMSProp step applied
    unit 54/65 rc=1087047 chunks=12 trained_queries=553466 trained_events=1002752 mean_loss=1.976602 lr=0.00174324 step=stateful RMSProp step applied
    unit 55/65 rc=1178720 chunks=2 trained_queries=96605 trained_events=164880 mean_loss=1.976914 lr=0.00174253 step=stateful RMSProp step applied
    unit 56/65 rc=1193882 chunks=1 trained_queries=5343 trained_events=9456 mean_loss=1.684322 lr=0.00174181 step=stateful RMSProp step applied
    unit 57/65 rc=1194732 chunks=9 trained_queries=426507 trained_events=745745 mean_loss=1.990337 lr=0.00174109 step=stateful RMSProp step applied
    unit 58/65 rc=1262782 chunks=9 trained_queries=420566 trained_events=755486 mean_loss=1.967442 lr=0.00174038 step=stateful RMSProp step applied
    unit 59/65 rc=1332021 chunks=11 trained_queries=535061 trained_events=1019376 mean_loss=1.914492 lr=0.00173966 step=stateful RMSProp step applied
    unit 60/65 rc=1425400 chunks=5 trained_queries=235017 trained_events=405880 mean_loss=1.959159 lr=0.00173895 step=stateful RMSProp step applied
    unit 61/65 rc=1462524 chunks=2 trained_queries=68054 trained_events=119056 mean_loss=1.840762 lr=0.00173823 step=stateful RMSProp step applied
    unit 62/65 rc=1473469 chunks=3 trained_queries=147152 trained_events=266576 mean_loss=1.892294 lr=0.00173752 step=stateful RMSProp step applied
    unit 63/65 rc=1497733 chunks=1 trained_queries=5204 trained_events=8048 mean_loss=1.913853 lr=0.0017368 step=stateful RMSProp step applied
    unit 64/65 rc=1498502 chunks=4 trained_queries=165699 trained_events=311920 mean_loss=1.858107 lr=0.00173608 step=stateful RMSProp step applied
    unit 65/65 rc=1526829 chunks=1 trained_queries=3594 trained_events=5440 mean_loss=1.679142 lr=0.00173537 step=stateful RMSProp step applied
  train-epoch: epoch 45 summary trained_queries=8880122 trained_events=16953844 mean_loss=1.918537
  train-epoch: epoch 46/100
    unit 1/65 rc=1 chunks=5 trained_queries=235411 trained_events=602672 mean_loss=1.747313 lr=0.00173465 step=stateful RMSProp step applied
    unit 2/65 rc=47811 chunks=25 trained_queries=1209056 trained_events=2588009 mean_loss=1.953859 lr=0.00173394 step=stateful RMSProp step applied
    unit 3/65 rc=282625 chunks=1 trained_queries=17780 trained_events=32192 mean_loss=1.692941 lr=0.00173322 step=stateful RMSProp step applied
    unit 4/65 rc=285382 chunks=1 trained_queries=16 trained_events=16 mean_loss=0.392857 lr=0.0017325 step=stateful RMSProp step applied
    unit 5/65 rc=285383 chunks=1 trained_queries=41 trained_events=48 mean_loss=0.671714 lr=0.00173179 step=stateful RMSProp step applied
    unit 6/65 rc=285388 chunks=2 trained_queries=54875 trained_events=94080 mean_loss=2.070280 lr=0.00173107 step=stateful RMSProp step applied
    unit 7/65 rc=294043 chunks=3 trained_queries=146903 trained_events=301856 mean_loss=1.832718 lr=0.00173035 step=stateful RMSProp step applied
    unit 8/65 rc=321434 chunks=1 trained_queries=19351 trained_events=28624 mean_loss=1.985239 lr=0.00172964 step=stateful RMSProp step applied
    unit 9/65 rc=324057 chunks=1 trained_queries=35110 trained_events=118240 mean_loss=1.471637 lr=0.00172892 step=stateful RMSProp step applied
    unit 10/65 rc=331740 chunks=1 trained_queries=16 trained_events=432 mean_loss=0.023195 lr=0.0017282 step=stateful RMSProp step applied
    unit 11/65 rc=331741 chunks=2 trained_queries=74861 trained_events=154864 mean_loss=1.709057 lr=0.00172749 step=stateful RMSProp step applied
    unit 12/65 rc=345687 chunks=1 trained_queries=30300 trained_events=55216 mean_loss=1.719356 lr=0.00172677 step=stateful RMSProp step applied
    unit 13/65 rc=350763 chunks=1 trained_queries=15923 trained_events=37200 mean_loss=1.576959 lr=0.00172606 step=stateful RMSProp step applied
    unit 14/65 rc=353625 chunks=2 trained_queries=55670 trained_events=115472 mean_loss=1.751351 lr=0.00172534 step=stateful RMSProp step applied
    unit 15/65 rc=364135 chunks=1 trained_queries=19324 trained_events=41184 mean_loss=1.741494 lr=0.00172462 step=stateful RMSProp step applied
    unit 16/65 rc=367786 chunks=1 trained_queries=22956 trained_events=58432 mean_loss=1.616531 lr=0.0017239 step=stateful RMSProp step applied
    unit 17/65 rc=372767 chunks=1 trained_queries=12887 trained_events=31552 mean_loss=1.491228 lr=0.00172319 step=stateful RMSProp step applied
    unit 18/65 rc=375106 chunks=1 trained_queries=37224 trained_events=92032 mean_loss=1.525573 lr=0.00172247 step=stateful RMSProp step applied
    unit 19/65 rc=382687 chunks=1 trained_queries=11903 trained_events=27856 mean_loss=1.657066 lr=0.00172175 step=stateful RMSProp step applied
    unit 20/65 rc=384937 chunks=1 trained_queries=13922 trained_events=37200 mean_loss=1.493456 lr=0.00172104 step=stateful RMSProp step applied
    unit 21/65 rc=387825 chunks=1 trained_queries=20966 trained_events=46224 mean_loss=1.672800 lr=0.00172032 step=stateful RMSProp step applied
    unit 22/65 rc=391753 chunks=2 trained_queries=80510 trained_events=178352 mean_loss=1.685762 lr=0.0017196 step=stateful RMSProp step applied
    unit 23/65 rc=407234 chunks=1 trained_queries=2379 trained_events=5104 mean_loss=1.519917 lr=0.00171889 step=stateful RMSProp step applied
    unit 24/65 rc=407680 chunks=1 trained_queries=6700 trained_events=24672 mean_loss=1.106586 lr=0.00171817 step=stateful RMSProp step applied
    unit 25/65 rc=409029 chunks=1 trained_queries=26203 trained_events=59152 mean_loss=1.665738 lr=0.00171745 step=stateful RMSProp step applied
    unit 26/65 rc=414232 chunks=1 trained_queries=20070 trained_events=43728 mean_loss=1.696263 lr=0.00171673 step=stateful RMSProp step applied
    unit 27/65 rc=418109 chunks=1 trained_queries=30344 trained_events=74160 mean_loss=1.499179 lr=0.00171602 step=stateful RMSProp step applied
    unit 28/65 rc=424071 chunks=1 trained_queries=37398 trained_events=78688 mean_loss=1.680822 lr=0.0017153 step=stateful RMSProp step applied
    unit 29/65 rc=431070 chunks=1 trained_queries=9984 trained_events=22352 mean_loss=1.754655 lr=0.00171458 step=stateful RMSProp step applied
    unit 30/65 rc=433017 chunks=1 trained_queries=368 trained_events=3696 mean_loss=0.412028 lr=0.00171386 step=stateful RMSProp step applied
    unit 31/65 rc=433081 chunks=1 trained_queries=31432 trained_events=72896 mean_loss=1.655702 lr=0.00171315 step=stateful RMSProp step applied
    unit 32/65 rc=439253 chunks=1 trained_queries=32416 trained_events=67744 mean_loss=1.777713 lr=0.00171243 step=stateful RMSProp step applied
    unit 33/65 rc=445065 chunks=2 trained_queries=52575 trained_events=104160 mean_loss=1.762448 lr=0.00171171 step=stateful RMSProp step applied
    unit 34/65 rc=454440 chunks=1 trained_queries=18981 trained_events=51680 mean_loss=1.360919 lr=0.00171099 step=stateful RMSProp step applied
    unit 35/65 rc=458387 chunks=1 trained_queries=5199 trained_events=12224 mean_loss=1.464092 lr=0.00171028 step=stateful RMSProp step applied
    unit 36/65 rc=459434 chunks=1 trained_queries=25529 trained_events=53568 mean_loss=1.664154 lr=0.00170956 step=stateful RMSProp step applied
    unit 37/65 rc=464285 chunks=1 trained_queries=944 trained_events=1792 mean_loss=1.256170 lr=0.00170884 step=stateful RMSProp step applied
    unit 38/65 rc=464449 chunks=1 trained_queries=13111 trained_events=27072 mean_loss=1.558623 lr=0.00170812 step=stateful RMSProp step applied
    unit 39/65 rc=466777 chunks=1 trained_queries=1172 trained_events=2576 mean_loss=1.174622 lr=0.0017074 step=stateful RMSProp step applied
    unit 40/65 rc=467002 chunks=10 trained_queries=476268 trained_events=843008 mean_loss=2.021457 lr=0.00170669 step=stateful RMSProp step applied
    unit 41/65 rc=544108 chunks=2 trained_queries=98499 trained_events=172032 mean_loss=1.968912 lr=0.00170597 step=stateful RMSProp step applied
    unit 42/65 rc=559920 chunks=3 trained_queries=136044 trained_events=238517 mean_loss=1.950837 lr=0.00170525 step=stateful RMSProp step applied
    unit 43/65 rc=581652 chunks=6 trained_queries=267495 trained_events=477697 mean_loss=1.940968 lr=0.00170453 step=stateful RMSProp step applied
    unit 44/65 rc=625299 chunks=16 trained_queries=787430 trained_events=1441440 mean_loss=1.978511 lr=0.00170381 step=stateful RMSProp step applied
    unit 45/65 rc=756698 chunks=3 trained_queries=135019 trained_events=240624 mean_loss=1.928075 lr=0.00170309 step=stateful RMSProp step applied
    unit 46/65 rc=778776 chunks=3 trained_queries=120415 trained_events=203264 mean_loss=1.943747 lr=0.00170238 step=stateful RMSProp step applied
    unit 47/65 rc=797238 chunks=9 trained_queries=409632 trained_events=780452 mean_loss=1.948061 lr=0.00170166 step=stateful RMSProp step applied
    unit 48/65 rc=868544 chunks=8 trained_queries=388601 trained_events=691328 mean_loss=1.974082 lr=0.00170094 step=stateful RMSProp step applied
    unit 49/65 rc=931357 chunks=1 trained_queries=5910 trained_events=9744 mean_loss=1.772313 lr=0.00170022 step=stateful RMSProp step applied
    unit 50/65 rc=932241 chunks=2 trained_queries=63481 trained_events=107824 mean_loss=1.861912 lr=0.0016995 step=stateful RMSProp step applied
    unit 51/65 rc=942005 chunks=6 trained_queries=295710 trained_events=510176 mean_loss=1.978410 lr=0.00169878 step=stateful RMSProp step applied
    unit 52/65 rc=988604 chunks=4 trained_queries=190096 trained_events=338304 mean_loss=1.923032 lr=0.00169807 step=stateful RMSProp step applied
    unit 53/65 rc=1019500 chunks=9 trained_queries=413444 trained_events=737802 mean_loss=1.957192 lr=0.00169735 step=stateful RMSProp step applied
    unit 54/65 rc=1087047 chunks=12 trained_queries=553466 trained_events=1002752 mean_loss=1.974053 lr=0.00169663 step=stateful RMSProp step applied
    unit 55/65 rc=1178720 chunks=2 trained_queries=96605 trained_events=164880 mean_loss=1.974890 lr=0.00169591 step=stateful RMSProp step applied
    unit 56/65 rc=1193882 chunks=1 trained_queries=5343 trained_events=9456 mean_loss=1.674821 lr=0.00169519 step=stateful RMSProp step applied
    unit 57/65 rc=1194732 chunks=9 trained_queries=426507 trained_events=745745 mean_loss=1.988005 lr=0.00169447 step=stateful RMSProp step applied
    unit 58/65 rc=1262782 chunks=9 trained_queries=420566 trained_events=755486 mean_loss=1.967379 lr=0.00169375 step=stateful RMSProp step applied
    unit 59/65 rc=1332021 chunks=11 trained_queries=535061 trained_events=1019376 mean_loss=1.916525 lr=0.00169303 step=stateful RMSProp step applied
    unit 60/65 rc=1425400 chunks=5 trained_queries=235017 trained_events=405880 mean_loss=1.960661 lr=0.00169231 step=stateful RMSProp step applied
    unit 61/65 rc=1462524 chunks=2 trained_queries=68054 trained_events=119056 mean_loss=1.836530 lr=0.0016916 step=stateful RMSProp step applied
    unit 62/65 rc=1473469 chunks=3 trained_queries=147152 trained_events=266576 mean_loss=1.887495 lr=0.00169088 step=stateful RMSProp step applied
    unit 63/65 rc=1497733 chunks=1 trained_queries=5204 trained_events=8048 mean_loss=1.912118 lr=0.00169016 step=stateful RMSProp step applied
    unit 64/65 rc=1498502 chunks=4 trained_queries=165699 trained_events=311920 mean_loss=1.860251 lr=0.00168944 step=stateful RMSProp step applied
    unit 65/65 rc=1526829 chunks=1 trained_queries=3594 trained_events=5440 mean_loss=1.688744 lr=0.00168872 step=stateful RMSProp step applied
  train-epoch: epoch 46 summary trained_queries=8880122 trained_events=16953844 mean_loss=1.914467
  train-epoch: epoch 47/100
    unit 1/65 rc=1 chunks=5 trained_queries=235411 trained_events=602672 mean_loss=1.767957 lr=0.001688 step=stateful RMSProp step applied
    unit 2/65 rc=47811 chunks=25 trained_queries=1209056 trained_events=2588009 mean_loss=1.957376 lr=0.00168728 step=stateful RMSProp step applied
    unit 3/65 rc=282625 chunks=1 trained_queries=17780 trained_events=32192 mean_loss=1.705861 lr=0.00168656 step=stateful RMSProp step applied
    unit 4/65 rc=285382 chunks=1 trained_queries=16 trained_events=16 mean_loss=0.381177 lr=0.00168584 step=stateful RMSProp step applied
    unit 5/65 rc=285383 chunks=1 trained_queries=41 trained_events=48 mean_loss=0.574567 lr=0.00168512 step=stateful RMSProp step applied
    unit 6/65 rc=285388 chunks=2 trained_queries=54875 trained_events=94080 mean_loss=2.091202 lr=0.0016844 step=stateful RMSProp step applied
    unit 7/65 rc=294043 chunks=3 trained_queries=146903 trained_events=301856 mean_loss=1.843328 lr=0.00168368 step=stateful RMSProp step applied
    unit 8/65 rc=321434 chunks=1 trained_queries=19351 trained_events=28624 mean_loss=2.000386 lr=0.00168296 step=stateful RMSProp step applied
    unit 9/65 rc=324057 chunks=1 trained_queries=35110 trained_events=118240 mean_loss=1.503809 lr=0.00168224 step=stateful RMSProp step applied
    unit 10/65 rc=331740 chunks=1 trained_queries=16 trained_events=432 mean_loss=0.021664 lr=0.00168152 step=stateful RMSProp step applied
    unit 11/65 rc=331741 chunks=2 trained_queries=74861 trained_events=154864 mean_loss=1.723644 lr=0.0016808 step=stateful RMSProp step applied
    unit 12/65 rc=345687 chunks=1 trained_queries=30300 trained_events=55216 mean_loss=1.713850 lr=0.00168009 step=stateful RMSProp step applied
    unit 13/65 rc=350763 chunks=1 trained_queries=15923 trained_events=37200 mean_loss=1.652414 lr=0.00167937 step=stateful RMSProp step applied
    unit 14/65 rc=353625 chunks=2 trained_queries=55670 trained_events=115472 mean_loss=1.786404 lr=0.00167865 step=stateful RMSProp step applied
    unit 15/65 rc=364135 chunks=1 trained_queries=19324 trained_events=41184 mean_loss=1.763497 lr=0.00167793 step=stateful RMSProp step applied
    unit 16/65 rc=367786 chunks=1 trained_queries=22956 trained_events=58432 mean_loss=1.618410 lr=0.00167721 step=stateful RMSProp step applied
    unit 17/65 rc=372767 chunks=1 trained_queries=12887 trained_events=31552 mean_loss=1.576527 lr=0.00167649 step=stateful RMSProp step applied
    unit 18/65 rc=375106 chunks=1 trained_queries=37224 trained_events=92032 mean_loss=1.555480 lr=0.00167577 step=stateful RMSProp step applied
    unit 19/65 rc=382687 chunks=1 trained_queries=11903 trained_events=27856 mean_loss=1.718491 lr=0.00167505 step=stateful RMSProp step applied
    unit 20/65 rc=384937 chunks=1 trained_queries=13922 trained_events=37200 mean_loss=1.527993 lr=0.00167433 step=stateful RMSProp step applied
    unit 21/65 rc=387825 chunks=1 trained_queries=20966 trained_events=46224 mean_loss=1.675406 lr=0.00167361 step=stateful RMSProp step applied
    unit 22/65 rc=391753 chunks=2 trained_queries=80510 trained_events=178352 mean_loss=1.695259 lr=0.00167289 step=stateful RMSProp step applied
    unit 23/65 rc=407234 chunks=1 trained_queries=2379 trained_events=5104 mean_loss=1.627604 lr=0.00167217 step=stateful RMSProp step applied
    unit 24/65 rc=407680 chunks=1 trained_queries=6700 trained_events=24672 mean_loss=1.380527 lr=0.00167145 step=stateful RMSProp step applied
    unit 25/65 rc=409029 chunks=1 trained_queries=26203 trained_events=59152 mean_loss=1.759787 lr=0.00167073 step=stateful RMSProp step applied
    unit 26/65 rc=414232 chunks=1 trained_queries=20070 trained_events=43728 mean_loss=1.795834 lr=0.00167 step=stateful RMSProp step applied
    unit 27/65 rc=418109 chunks=1 trained_queries=30344 trained_events=74160 mean_loss=1.554350 lr=0.00166928 step=stateful RMSProp step applied
    unit 28/65 rc=424071 chunks=1 trained_queries=37398 trained_events=78688 mean_loss=1.724731 lr=0.00166856 step=stateful RMSProp step applied
    unit 29/65 rc=431070 chunks=1 trained_queries=9984 trained_events=22352 mean_loss=1.779213 lr=0.00166784 step=stateful RMSProp step applied
    unit 30/65 rc=433017 chunks=1 trained_queries=368 trained_events=3696 mean_loss=0.477637 lr=0.00166712 step=stateful RMSProp step applied
    unit 31/65 rc=433081 chunks=1 trained_queries=31432 trained_events=72896 mean_loss=1.709790 lr=0.0016664 step=stateful RMSProp step applied
    unit 32/65 rc=439253 chunks=1 trained_queries=32416 trained_events=67744 mean_loss=1.795048 lr=0.00166568 step=stateful RMSProp step applied
    unit 33/65 rc=445065 chunks=2 trained_queries=52575 trained_events=104160 mean_loss=1.785831 lr=0.00166496 step=stateful RMSProp step applied
    unit 34/65 rc=454440 chunks=1 trained_queries=18981 trained_events=51680 mean_loss=1.446258 lr=0.00166424 step=stateful RMSProp step applied
    unit 35/65 rc=458387 chunks=1 trained_queries=5199 trained_events=12224 mean_loss=1.483454 lr=0.00166352 step=stateful RMSProp step applied
    unit 36/65 rc=459434 chunks=1 trained_queries=25529 trained_events=53568 mean_loss=1.672687 lr=0.0016628 step=stateful RMSProp step applied
    unit 37/65 rc=464285 chunks=1 trained_queries=944 trained_events=1792 mean_loss=1.269922 lr=0.00166208 step=stateful RMSProp step applied
    unit 38/65 rc=464449 chunks=1 trained_queries=13111 trained_events=27072 mean_loss=1.581998 lr=0.00166136 step=stateful RMSProp step applied
    unit 39/65 rc=466777 chunks=1 trained_queries=1172 trained_events=2576 mean_loss=1.224351 lr=0.00166064 step=stateful RMSProp step applied
    unit 40/65 rc=467002 chunks=10 trained_queries=476268 trained_events=843008 mean_loss=2.027159 lr=0.00165992 step=stateful RMSProp step applied
    unit 41/65 rc=544108 chunks=2 trained_queries=98499 trained_events=172032 mean_loss=1.977396 lr=0.0016592 step=stateful RMSProp step applied
    unit 42/65 rc=559920 chunks=3 trained_queries=136044 trained_events=238517 mean_loss=1.965778 lr=0.00165847 step=stateful RMSProp step applied
    unit 43/65 rc=581652 chunks=6 trained_queries=267495 trained_events=477697 mean_loss=1.955121 lr=0.00165775 step=stateful RMSProp step applied
    unit 44/65 rc=625299 chunks=16 trained_queries=787430 trained_events=1441440 mean_loss=1.991760 lr=0.00165703 step=stateful RMSProp step applied
    unit 45/65 rc=756698 chunks=3 trained_queries=135019 trained_events=240624 mean_loss=1.931956 lr=0.00165631 step=stateful RMSProp step applied
    unit 46/65 rc=778776 chunks=3 trained_queries=120415 trained_events=203264 mean_loss=1.945781 lr=0.00165559 step=stateful RMSProp step applied
    unit 47/65 rc=797238 chunks=9 trained_queries=409632 trained_events=780452 mean_loss=1.946531 lr=0.00165487 step=stateful RMSProp step applied
    unit 48/65 rc=868544 chunks=8 trained_queries=388601 trained_events=691328 mean_loss=1.974592 lr=0.00165415 step=stateful RMSProp step applied
    unit 49/65 rc=931357 chunks=1 trained_queries=5910 trained_events=9744 mean_loss=1.771904 lr=0.00165343 step=stateful RMSProp step applied
    unit 50/65 rc=932241 chunks=2 trained_queries=63481 trained_events=107824 mean_loss=1.884987 lr=0.00165271 step=stateful RMSProp step applied
    unit 51/65 rc=942005 chunks=6 trained_queries=295710 trained_events=510176 mean_loss=1.986847 lr=0.00165199 step=stateful RMSProp step applied
    unit 52/65 rc=988604 chunks=4 trained_queries=190096 trained_events=338304 mean_loss=1.933068 lr=0.00165126 step=stateful RMSProp step applied
    unit 53/65 rc=1019500 chunks=9 trained_queries=413444 trained_events=737802 mean_loss=1.958450 lr=0.00165054 step=stateful RMSProp step applied
    unit 54/65 rc=1087047 chunks=12 trained_queries=553466 trained_events=1002752 mean_loss=1.978693 lr=0.00164982 step=stateful RMSProp step applied
    unit 55/65 rc=1178720 chunks=2 trained_queries=96605 trained_events=164880 mean_loss=1.971604 lr=0.0016491 step=stateful RMSProp step applied
    unit 56/65 rc=1193882 chunks=1 trained_queries=5343 trained_events=9456 mean_loss=1.688154 lr=0.00164838 step=stateful RMSProp step applied
    unit 57/65 rc=1194732 chunks=9 trained_queries=426507 trained_events=745745 mean_loss=1.994319 lr=0.00164766 step=stateful RMSProp step applied
    unit 58/65 rc=1262782 chunks=9 trained_queries=420566 trained_events=755486 mean_loss=1.974127 lr=0.00164694 step=stateful RMSProp step applied
    unit 59/65 rc=1332021 chunks=11 trained_queries=535061 trained_events=1019376 mean_loss=1.923209 lr=0.00164621 step=stateful RMSProp step applied
    unit 60/65 rc=1425400 chunks=5 trained_queries=235017 trained_events=405880 mean_loss=1.970060 lr=0.00164549 step=stateful RMSProp step applied
    unit 61/65 rc=1462524 chunks=2 trained_queries=68054 trained_events=119056 mean_loss=1.844610 lr=0.00164477 step=stateful RMSProp step applied
    unit 62/65 rc=1473469 chunks=3 trained_queries=147152 trained_events=266576 mean_loss=1.910520 lr=0.00164405 step=stateful RMSProp step applied
    unit 63/65 rc=1497733 chunks=1 trained_queries=5204 trained_events=8048 mean_loss=1.934124 lr=0.00164333 step=stateful RMSProp step applied
    unit 64/65 rc=1498502 chunks=4 trained_queries=165699 trained_events=311920 mean_loss=1.885602 lr=0.00164261 step=stateful RMSProp step applied
    unit 65/65 rc=1526829 chunks=1 trained_queries=3594 trained_events=5440 mean_loss=1.707275 lr=0.00164188 step=stateful RMSProp step applied
  train-epoch: epoch 47 summary trained_queries=8880122 trained_events=16953844 mean_loss=1.924950
  train-epoch: epoch 48/100
    unit 1/65 rc=1 chunks=5 trained_queries=235411 trained_events=602672 mean_loss=1.757843 lr=0.00164116 step=stateful RMSProp step applied
    unit 2/65 rc=47811 chunks=25 trained_queries=1209056 trained_events=2588009 mean_loss=1.962963 lr=0.00164044 step=stateful RMSProp step applied
    unit 3/65 rc=282625 chunks=1 trained_queries=17780 trained_events=32192 mean_loss=1.726159 lr=0.00163972 step=stateful RMSProp step applied
    unit 4/65 rc=285382 chunks=1 trained_queries=16 trained_events=16 mean_loss=0.385178 lr=0.001639 step=stateful RMSProp step applied
    unit 5/65 rc=285383 chunks=1 trained_queries=41 trained_events=48 mean_loss=0.651210 lr=0.00163827 step=stateful RMSProp step applied
    unit 6/65 rc=285388 chunks=2 trained_queries=54875 trained_events=94080 mean_loss=2.134921 lr=0.00163755 step=stateful RMSProp step applied
    unit 7/65 rc=294043 chunks=3 trained_queries=146903 trained_events=301856 mean_loss=1.884168 lr=0.00163683 step=stateful RMSProp step applied
    unit 8/65 rc=321434 chunks=1 trained_queries=19351 trained_events=28624 mean_loss=2.039926 lr=0.00163611 step=stateful RMSProp step applied
    unit 9/65 rc=324057 chunks=1 trained_queries=35110 trained_events=118240 mean_loss=1.622578 lr=0.00163539 step=stateful RMSProp step applied
    unit 10/65 rc=331740 chunks=1 trained_queries=16 trained_events=432 mean_loss=0.063765 lr=0.00163467 step=stateful RMSProp step applied
    unit 11/65 rc=331741 chunks=2 trained_queries=74861 trained_events=154864 mean_loss=1.804961 lr=0.00163394 step=stateful RMSProp step applied
    unit 12/65 rc=345687 chunks=1 trained_queries=30300 trained_events=55216 mean_loss=1.746807 lr=0.00163322 step=stateful RMSProp step applied
    unit 13/65 rc=350763 chunks=1 trained_queries=15923 trained_events=37200 mean_loss=1.679263 lr=0.0016325 step=stateful RMSProp step applied
    unit 14/65 rc=353625 chunks=2 trained_queries=55670 trained_events=115472 mean_loss=1.785756 lr=0.00163178 step=stateful RMSProp step applied
    unit 15/65 rc=364135 chunks=1 trained_queries=19324 trained_events=41184 mean_loss=1.769517 lr=0.00163105 step=stateful RMSProp step applied
    unit 16/65 rc=367786 chunks=1 trained_queries=22956 trained_events=58432 mean_loss=1.611470 lr=0.00163033 step=stateful RMSProp step applied
    unit 17/65 rc=372767 chunks=1 trained_queries=12887 trained_events=31552 mean_loss=1.528682 lr=0.00162961 step=stateful RMSProp step applied
    unit 18/65 rc=375106 chunks=1 trained_queries=37224 trained_events=92032 mean_loss=1.577036 lr=0.00162889 step=stateful RMSProp step applied
    unit 19/65 rc=382687 chunks=1 trained_queries=11903 trained_events=27856 mean_loss=1.744570 lr=0.00162817 step=stateful RMSProp step applied
    unit 20/65 rc=384937 chunks=1 trained_queries=13922 trained_events=37200 mean_loss=1.518274 lr=0.00162744 step=stateful RMSProp step applied
    unit 21/65 rc=387825 chunks=1 trained_queries=20966 trained_events=46224 mean_loss=1.684509 lr=0.00162672 step=stateful RMSProp step applied
    unit 22/65 rc=391753 chunks=2 trained_queries=80510 trained_events=178352 mean_loss=1.700560 lr=0.001626 step=stateful RMSProp step applied
    unit 23/65 rc=407234 chunks=1 trained_queries=2379 trained_events=5104 mean_loss=1.516578 lr=0.00162528 step=stateful RMSProp step applied
    unit 24/65 rc=407680 chunks=1 trained_queries=6700 trained_events=24672 mean_loss=1.162188 lr=0.00162455 step=stateful RMSProp step applied
    unit 25/65 rc=409029 chunks=1 trained_queries=26203 trained_events=59152 mean_loss=1.664658 lr=0.00162383 step=stateful RMSProp step applied
    unit 26/65 rc=414232 chunks=1 trained_queries=20070 trained_events=43728 mean_loss=1.766444 lr=0.00162311 step=stateful RMSProp step applied
    unit 27/65 rc=418109 chunks=1 trained_queries=30344 trained_events=74160 mean_loss=1.512376 lr=0.00162239 step=stateful RMSProp step applied
    unit 28/65 rc=424071 chunks=1 trained_queries=37398 trained_events=78688 mean_loss=1.715611 lr=0.00162166 step=stateful RMSProp step applied
    unit 29/65 rc=431070 chunks=1 trained_queries=9984 trained_events=22352 mean_loss=1.712593 lr=0.00162094 step=stateful RMSProp step applied
    unit 30/65 rc=433017 chunks=1 trained_queries=368 trained_events=3696 mean_loss=0.446274 lr=0.00162022 step=stateful RMSProp step applied
    unit 31/65 rc=433081 chunks=1 trained_queries=31432 trained_events=72896 mean_loss=1.665923 lr=0.0016195 step=stateful RMSProp step applied
    unit 32/65 rc=439253 chunks=1 trained_queries=32416 trained_events=67744 mean_loss=1.771619 lr=0.00161877 step=stateful RMSProp step applied
    unit 33/65 rc=445065 chunks=2 trained_queries=52575 trained_events=104160 mean_loss=1.781982 lr=0.00161805 step=stateful RMSProp step applied
    unit 34/65 rc=454440 chunks=1 trained_queries=18981 trained_events=51680 mean_loss=1.393855 lr=0.00161733 step=stateful RMSProp step applied
    unit 35/65 rc=458387 chunks=1 trained_queries=5199 trained_events=12224 mean_loss=1.464072 lr=0.0016166 step=stateful RMSProp step applied
    unit 36/65 rc=459434 chunks=1 trained_queries=25529 trained_events=53568 mean_loss=1.669717 lr=0.00161588 step=stateful RMSProp step applied
    unit 37/65 rc=464285 chunks=1 trained_queries=944 trained_events=1792 mean_loss=1.251498 lr=0.00161516 step=stateful RMSProp step applied
    unit 38/65 rc=464449 chunks=1 trained_queries=13111 trained_events=27072 mean_loss=1.552717 lr=0.00161444 step=stateful RMSProp step applied
    unit 39/65 rc=466777 chunks=1 trained_queries=1172 trained_events=2576 mean_loss=1.195905 lr=0.00161371 step=stateful RMSProp step applied
    unit 40/65 rc=467002 chunks=10 trained_queries=476268 trained_events=843008 mean_loss=2.027031 lr=0.00161299 step=stateful RMSProp step applied
    unit 41/65 rc=544108 chunks=2 trained_queries=98499 trained_events=172032 mean_loss=1.973978 lr=0.00161227 step=stateful RMSProp step applied
    unit 42/65 rc=559920 chunks=3 trained_queries=136044 trained_events=238517 mean_loss=1.957616 lr=0.00161154 step=stateful RMSProp step applied
    unit 43/65 rc=581652 chunks=6 trained_queries=267495 trained_events=477697 mean_loss=1.945270 lr=0.00161082 step=stateful RMSProp step applied
    unit 44/65 rc=625299 chunks=16 trained_queries=787430 trained_events=1441440 mean_loss=1.981536 lr=0.0016101 step=stateful RMSProp step applied
    unit 45/65 rc=756698 chunks=3 trained_queries=135019 trained_events=240624 mean_loss=1.928509 lr=0.00160938 step=stateful RMSProp step applied
    unit 46/65 rc=778776 chunks=3 trained_queries=120415 trained_events=203264 mean_loss=1.940216 lr=0.00160865 step=stateful RMSProp step applied
    unit 47/65 rc=797238 chunks=9 trained_queries=409632 trained_events=780452 mean_loss=1.937917 lr=0.00160793 step=stateful RMSProp step applied
    unit 48/65 rc=868544 chunks=8 trained_queries=388601 trained_events=691328 mean_loss=1.966733 lr=0.00160721 step=stateful RMSProp step applied
    unit 49/65 rc=931357 chunks=1 trained_queries=5910 trained_events=9744 mean_loss=1.765939 lr=0.00160648 step=stateful RMSProp step applied
    unit 50/65 rc=932241 chunks=2 trained_queries=63481 trained_events=107824 mean_loss=1.867942 lr=0.00160576 step=stateful RMSProp step applied
    unit 51/65 rc=942005 chunks=6 trained_queries=295710 trained_events=510176 mean_loss=1.979014 lr=0.00160504 step=stateful RMSProp step applied
    unit 52/65 rc=988604 chunks=4 trained_queries=190096 trained_events=338304 mean_loss=1.923336 lr=0.00160431 step=stateful RMSProp step applied
    unit 53/65 rc=1019500 chunks=9 trained_queries=413444 trained_events=737802 mean_loss=1.953944 lr=0.00160359 step=stateful RMSProp step applied
    unit 54/65 rc=1087047 chunks=12 trained_queries=553466 trained_events=1002752 mean_loss=1.970677 lr=0.00160287 step=stateful RMSProp step applied
    unit 55/65 rc=1178720 chunks=2 trained_queries=96605 trained_events=164880 mean_loss=1.971337 lr=0.00160214 step=stateful RMSProp step applied
    unit 56/65 rc=1193882 chunks=1 trained_queries=5343 trained_events=9456 mean_loss=1.673300 lr=0.00160142 step=stateful RMSProp step applied
    unit 57/65 rc=1194732 chunks=9 trained_queries=426507 trained_events=745745 mean_loss=1.988507 lr=0.0016007 step=stateful RMSProp step applied
    unit 58/65 rc=1262782 chunks=9 trained_queries=420566 trained_events=755486 mean_loss=1.965318 lr=0.00159997 step=stateful RMSProp step applied
    unit 59/65 rc=1332021 chunks=11 trained_queries=535061 trained_events=1019376 mean_loss=1.913457 lr=0.00159925 step=stateful RMSProp step applied
    unit 60/65 rc=1425400 chunks=5 trained_queries=235017 trained_events=405880 mean_loss=1.956849 lr=0.00159853 step=stateful RMSProp step applied
    unit 61/65 rc=1462524 chunks=2 trained_queries=68054 trained_events=119056 mean_loss=1.831934 lr=0.0015978 step=stateful RMSProp step applied
    unit 62/65 rc=1473469 chunks=3 trained_queries=147152 trained_events=266576 mean_loss=1.882513 lr=0.00159708 step=stateful RMSProp step applied
    unit 63/65 rc=1497733 chunks=1 trained_queries=5204 trained_events=8048 mean_loss=1.910344 lr=0.00159636 step=stateful RMSProp step applied
    unit 64/65 rc=1498502 chunks=4 trained_queries=165699 trained_events=311920 mean_loss=1.856952 lr=0.00159563 step=stateful RMSProp step applied
    unit 65/65 rc=1526829 chunks=1 trained_queries=3594 trained_events=5440 mean_loss=1.691861 lr=0.00159491 step=stateful RMSProp step applied
  train-epoch: epoch 48 summary trained_queries=8880122 trained_events=16953844 mean_loss=1.920770
  train-epoch: epoch 49/100
    unit 1/65 rc=1 chunks=5 trained_queries=235411 trained_events=602672 mean_loss=1.732024 lr=0.00159419 step=stateful RMSProp step applied
    unit 2/65 rc=47811 chunks=25 trained_queries=1209056 trained_events=2588009 mean_loss=1.948660 lr=0.00159346 step=stateful RMSProp step applied
    unit 3/65 rc=282625 chunks=1 trained_queries=17780 trained_events=32192 mean_loss=1.700367 lr=0.00159274 step=stateful RMSProp step applied
    unit 4/65 rc=285382 chunks=1 trained_queries=16 trained_events=16 mean_loss=0.411100 lr=0.00159202 step=stateful RMSProp step applied
    unit 5/65 rc=285383 chunks=1 trained_queries=41 trained_events=48 mean_loss=0.861644 lr=0.00159129 step=stateful RMSProp step applied
    unit 6/65 rc=285388 chunks=2 trained_queries=54875 trained_events=94080 mean_loss=2.227637 lr=0.00159057 step=stateful RMSProp step applied
    unit 7/65 rc=294043 chunks=3 trained_queries=146903 trained_events=301856 mean_loss=1.940765 lr=0.00158984 step=stateful RMSProp step applied
    unit 8/65 rc=321434 chunks=1 trained_queries=19351 trained_events=28624 mean_loss=2.056937 lr=0.00158912 step=stateful RMSProp step applied
    unit 9/65 rc=324057 chunks=1 trained_queries=35110 trained_events=118240 mean_loss=1.548864 lr=0.0015884 step=stateful RMSProp step applied
    unit 10/65 rc=331740 chunks=1 trained_queries=16 trained_events=432 mean_loss=0.052222 lr=0.00158767 step=stateful RMSProp step applied
    unit 11/65 rc=331741 chunks=2 trained_queries=74861 trained_events=154864 mean_loss=1.771971 lr=0.00158695 step=stateful RMSProp step applied
    unit 12/65 rc=345687 chunks=1 trained_queries=30300 trained_events=55216 mean_loss=1.805619 lr=0.00158623 step=stateful RMSProp step applied
    unit 13/65 rc=350763 chunks=1 trained_queries=15923 trained_events=37200 mean_loss=1.646524 lr=0.0015855 step=stateful RMSProp step applied
    unit 14/65 rc=353625 chunks=2 trained_queries=55670 trained_events=115472 mean_loss=1.797224 lr=0.00158478 step=stateful RMSProp step applied
    unit 15/65 rc=364135 chunks=1 trained_queries=19324 trained_events=41184 mean_loss=1.755404 lr=0.00158405 step=stateful RMSProp step applied
    unit 16/65 rc=367786 chunks=1 trained_queries=22956 trained_events=58432 mean_loss=1.616854 lr=0.00158333 step=stateful RMSProp step applied
    unit 17/65 rc=372767 chunks=1 trained_queries=12887 trained_events=31552 mean_loss=1.505076 lr=0.00158261 step=stateful RMSProp step applied
    unit 18/65 rc=375106 chunks=1 trained_queries=37224 trained_events=92032 mean_loss=1.536951 lr=0.00158188 step=stateful RMSProp step applied
    unit 19/65 rc=382687 chunks=1 trained_queries=11903 trained_events=27856 mean_loss=1.700734 lr=0.00158116 step=stateful RMSProp step applied
    unit 20/65 rc=384937 chunks=1 trained_queries=13922 trained_events=37200 mean_loss=1.495304 lr=0.00158043 step=stateful RMSProp step applied
    unit 21/65 rc=387825 chunks=1 trained_queries=20966 trained_events=46224 mean_loss=1.682269 lr=0.00157971 step=stateful RMSProp step applied
    unit 22/65 rc=391753 chunks=2 trained_queries=80510 trained_events=178352 mean_loss=1.701910 lr=0.00157899 step=stateful RMSProp step applied
    unit 23/65 rc=407234 chunks=1 trained_queries=2379 trained_events=5104 mean_loss=1.506655 lr=0.00157826 step=stateful RMSProp step applied
    unit 24/65 rc=407680 chunks=1 trained_queries=6700 trained_events=24672 mean_loss=1.225110 lr=0.00157754 step=stateful RMSProp step applied
    unit 25/65 rc=409029 chunks=1 trained_queries=26203 trained_events=59152 mean_loss=1.649981 lr=0.00157681 step=stateful RMSProp step applied
    unit 26/65 rc=414232 chunks=1 trained_queries=20070 trained_events=43728 mean_loss=1.726011 lr=0.00157609 step=stateful RMSProp step applied
    unit 27/65 rc=418109 chunks=1 trained_queries=30344 trained_events=74160 mean_loss=1.484838 lr=0.00157537 step=stateful RMSProp step applied
    unit 28/65 rc=424071 chunks=1 trained_queries=37398 trained_events=78688 mean_loss=1.688585 lr=0.00157464 step=stateful RMSProp step applied
    unit 29/65 rc=431070 chunks=1 trained_queries=9984 trained_events=22352 mean_loss=1.718060 lr=0.00157392 step=stateful RMSProp step applied
    unit 30/65 rc=433017 chunks=1 trained_queries=368 trained_events=3696 mean_loss=0.434008 lr=0.00157319 step=stateful RMSProp step applied
    unit 31/65 rc=433081 chunks=1 trained_queries=31432 trained_events=72896 mean_loss=1.650842 lr=0.00157247 step=stateful RMSProp step applied
    unit 32/65 rc=439253 chunks=1 trained_queries=32416 trained_events=67744 mean_loss=1.790273 lr=0.00157175 step=stateful RMSProp step applied
    unit 33/65 rc=445065 chunks=2 trained_queries=52575 trained_events=104160 mean_loss=1.773132 lr=0.00157102 step=stateful RMSProp step applied
    unit 34/65 rc=454440 chunks=1 trained_queries=18981 trained_events=51680 mean_loss=1.380221 lr=0.0015703 step=stateful RMSProp step applied
    unit 35/65 rc=458387 chunks=1 trained_queries=5199 trained_events=12224 mean_loss=1.446464 lr=0.00156957 step=stateful RMSProp step applied
    unit 36/65 rc=459434 chunks=1 trained_queries=25529 trained_events=53568 mean_loss=1.662270 lr=0.00156885 step=stateful RMSProp step applied
    unit 37/65 rc=464285 chunks=1 trained_queries=944 trained_events=1792 mean_loss=1.241668 lr=0.00156813 step=stateful RMSProp step applied
    unit 38/65 rc=464449 chunks=1 trained_queries=13111 trained_events=27072 mean_loss=1.574979 lr=0.0015674 step=stateful RMSProp step applied
    unit 39/65 rc=466777 chunks=1 trained_queries=1172 trained_events=2576 mean_loss=1.157830 lr=0.00156668 step=stateful RMSProp step applied
    unit 40/65 rc=467002 chunks=10 trained_queries=476268 trained_events=843008 mean_loss=2.021561 lr=0.00156595 step=stateful RMSProp step applied
    unit 41/65 rc=544108 chunks=2 trained_queries=98499 trained_events=172032 mean_loss=1.977199 lr=0.00156523 step=stateful RMSProp step applied
    unit 42/65 rc=559920 chunks=3 trained_queries=136044 trained_events=238517 mean_loss=1.967233 lr=0.0015645 step=stateful RMSProp step applied
    unit 43/65 rc=581652 chunks=6 trained_queries=267495 trained_events=477697 mean_loss=1.957993 lr=0.00156378 step=stateful RMSProp step applied
    unit 44/65 rc=625299 chunks=16 trained_queries=787430 trained_events=1441440 mean_loss=1.990115 lr=0.00156305 step=stateful RMSProp step applied
    unit 45/65 rc=756698 chunks=3 trained_queries=135019 trained_events=240624 mean_loss=1.931199 lr=0.00156233 step=stateful RMSProp step applied
    unit 46/65 rc=778776 chunks=3 trained_queries=120415 trained_events=203264 mean_loss=1.943455 lr=0.00156161 step=stateful RMSProp step applied
    unit 47/65 rc=797238 chunks=9 trained_queries=409632 trained_events=780452 mean_loss=1.937618 lr=0.00156088 step=stateful RMSProp step applied
    unit 48/65 rc=868544 chunks=8 trained_queries=388601 trained_events=691328 mean_loss=1.971091 lr=0.00156016 step=stateful RMSProp step applied
    unit 49/65 rc=931357 chunks=1 trained_queries=5910 trained_events=9744 mean_loss=1.768844 lr=0.00155943 step=stateful RMSProp step applied
    unit 50/65 rc=932241 chunks=2 trained_queries=63481 trained_events=107824 mean_loss=1.869958 lr=0.00155871 step=stateful RMSProp step applied
    unit 51/65 rc=942005 chunks=6 trained_queries=295710 trained_events=510176 mean_loss=1.979506 lr=0.00155798 step=stateful RMSProp step applied
    unit 52/65 rc=988604 chunks=4 trained_queries=190096 trained_events=338304 mean_loss=1.922281 lr=0.00155726 step=stateful RMSProp step applied
    unit 53/65 rc=1019500 chunks=9 trained_queries=413444 trained_events=737802 mean_loss=1.949346 lr=0.00155654 step=stateful RMSProp step applied
    unit 54/65 rc=1087047 chunks=12 trained_queries=553466 trained_events=1002752 mean_loss=1.971440 lr=0.00155581 step=stateful RMSProp step applied
    unit 55/65 rc=1178720 chunks=2 trained_queries=96605 trained_events=164880 mean_loss=1.965359 lr=0.00155509 step=stateful RMSProp step applied
    unit 56/65 rc=1193882 chunks=1 trained_queries=5343 trained_events=9456 mean_loss=1.677405 lr=0.00155436 step=stateful RMSProp step applied
    unit 57/65 rc=1194732 chunks=9 trained_queries=426507 trained_events=745745 mean_loss=1.984601 lr=0.00155364 step=stateful RMSProp step applied
    unit 58/65 rc=1262782 chunks=9 trained_queries=420566 trained_events=755486 mean_loss=1.966840 lr=0.00155291 step=stateful RMSProp step applied
    unit 59/65 rc=1332021 chunks=11 trained_queries=535061 trained_events=1019376 mean_loss=1.915057 lr=0.00155219 step=stateful RMSProp step applied
    unit 60/65 rc=1425400 chunks=5 trained_queries=235017 trained_events=405880 mean_loss=1.958411 lr=0.00155146 step=stateful RMSProp step applied
    unit 61/65 rc=1462524 chunks=2 trained_queries=68054 trained_events=119056 mean_loss=1.830305 lr=0.00155074 step=stateful RMSProp step applied
    unit 62/65 rc=1473469 chunks=3 trained_queries=147152 trained_events=266576 mean_loss=1.877495 lr=0.00155001 step=stateful RMSProp step applied
    unit 63/65 rc=1497733 chunks=1 trained_queries=5204 trained_events=8048 mean_loss=1.903280 lr=0.00154929 step=stateful RMSProp step applied
    unit 64/65 rc=1498502 chunks=4 trained_queries=165699 trained_events=311920 mean_loss=1.860129 lr=0.00154857 step=stateful RMSProp step applied
    unit 65/65 rc=1526829 chunks=1 trained_queries=3594 trained_events=5440 mean_loss=1.697719 lr=0.00154784 step=stateful RMSProp step applied
  train-epoch: epoch 49 summary trained_queries=8880122 trained_events=16953844 mean_loss=1.918778
  train-epoch: epoch 50/100
    unit 1/65 rc=1 chunks=5 trained_queries=235411 trained_events=602672 mean_loss=1.738383 lr=0.00154712 step=stateful RMSProp step applied
    unit 2/65 rc=47811 chunks=25 trained_queries=1209056 trained_events=2588009 mean_loss=1.967094 lr=0.00154639 step=stateful RMSProp step applied
    unit 3/65 rc=282625 chunks=1 trained_queries=17780 trained_events=32192 mean_loss=1.702113 lr=0.00154567 step=stateful RMSProp step applied
    unit 4/65 rc=285382 chunks=1 trained_queries=16 trained_events=16 mean_loss=0.409759 lr=0.00154494 step=stateful RMSProp step applied
    unit 5/65 rc=285383 chunks=1 trained_queries=41 trained_events=48 mean_loss=0.553792 lr=0.00154422 step=stateful RMSProp step applied
    unit 6/65 rc=285388 chunks=2 trained_queries=54875 trained_events=94080 mean_loss=2.044288 lr=0.00154349 step=stateful RMSProp step applied
    unit 7/65 rc=294043 chunks=3 trained_queries=146903 trained_events=301856 mean_loss=1.820038 lr=0.00154277 step=stateful RMSProp step applied
    unit 8/65 rc=321434 chunks=1 trained_queries=19351 trained_events=28624 mean_loss=1.986523 lr=0.00154204 step=stateful RMSProp step applied
    unit 9/65 rc=324057 chunks=1 trained_queries=35110 trained_events=118240 mean_loss=1.509082 lr=0.00154132 step=stateful RMSProp step applied
    unit 10/65 rc=331740 chunks=1 trained_queries=16 trained_events=432 mean_loss=0.312972 lr=0.00154059 step=stateful RMSProp step applied
    unit 11/65 rc=331741 chunks=2 trained_queries=74861 trained_events=154864 mean_loss=1.751064 lr=0.00153987 step=stateful RMSProp step applied
    unit 12/65 rc=345687 chunks=1 trained_queries=30300 trained_events=55216 mean_loss=1.730687 lr=0.00153914 step=stateful RMSProp step applied
    unit 13/65 rc=350763 chunks=1 trained_queries=15923 trained_events=37200 mean_loss=1.674981 lr=0.00153842 step=stateful RMSProp step applied
    unit 14/65 rc=353625 chunks=2 trained_queries=55670 trained_events=115472 mean_loss=1.745955 lr=0.00153769 step=stateful RMSProp step applied
    unit 15/65 rc=364135 chunks=1 trained_queries=19324 trained_events=41184 mean_loss=1.781031 lr=0.00153697 step=stateful RMSProp step applied
    unit 16/65 rc=367786 chunks=1 trained_queries=22956 trained_events=58432 mean_loss=1.589229 lr=0.00153625 step=stateful RMSProp step applied
    unit 17/65 rc=372767 chunks=1 trained_queries=12887 trained_events=31552 mean_loss=1.486669 lr=0.00153552 step=stateful RMSProp step applied
    unit 18/65 rc=375106 chunks=1 trained_queries=37224 trained_events=92032 mean_loss=1.607204 lr=0.0015348 step=stateful RMSProp step applied
    unit 19/65 rc=382687 chunks=1 trained_queries=11903 trained_events=27856 mean_loss=1.673285 lr=0.00153407 step=stateful RMSProp step applied
    unit 20/65 rc=384937 chunks=1 trained_queries=13922 trained_events=37200 mean_loss=1.502848 lr=0.00153335 step=stateful RMSProp step applied
    unit 21/65 rc=387825 chunks=1 trained_queries=20966 trained_events=46224 mean_loss=1.645651 lr=0.00153262 step=stateful RMSProp step applied
    unit 22/65 rc=391753 chunks=2 trained_queries=80510 trained_events=178352 mean_loss=1.679767 lr=0.0015319 step=stateful RMSProp step applied
    unit 23/65 rc=407234 chunks=1 trained_queries=2379 trained_events=5104 mean_loss=1.491285 lr=0.00153117 step=stateful RMSProp step applied
    unit 24/65 rc=407680 chunks=1 trained_queries=6700 trained_events=24672 mean_loss=1.140843 lr=0.00153045 step=stateful RMSProp step applied
    unit 25/65 rc=409029 chunks=1 trained_queries=26203 trained_events=59152 mean_loss=1.619008 lr=0.00152972 step=stateful RMSProp step applied
    unit 26/65 rc=414232 chunks=1 trained_queries=20070 trained_events=43728 mean_loss=1.719411 lr=0.001529 step=stateful RMSProp step applied
    unit 27/65 rc=418109 chunks=1 trained_queries=30344 trained_events=74160 mean_loss=1.489689 lr=0.00152827 step=stateful RMSProp step applied
    unit 28/65 rc=424071 chunks=1 trained_queries=37398 trained_events=78688 mean_loss=1.679953 lr=0.00152755 step=stateful RMSProp step applied
    unit 29/65 rc=431070 chunks=1 trained_queries=9984 trained_events=22352 mean_loss=1.711527 lr=0.00152682 step=stateful RMSProp step applied
    unit 30/65 rc=433017 chunks=1 trained_queries=368 trained_events=3696 mean_loss=0.422563 lr=0.0015261 step=stateful RMSProp step applied
    unit 31/65 rc=433081 chunks=1 trained_queries=31432 trained_events=72896 mean_loss=1.624058 lr=0.00152537 step=stateful RMSProp step applied
    unit 32/65 rc=439253 chunks=1 trained_queries=32416 trained_events=67744 mean_loss=1.779972 lr=0.00152465 step=stateful RMSProp step applied
    unit 33/65 rc=445065 chunks=2 trained_queries=52575 trained_events=104160 mean_loss=1.761758 lr=0.00152392 step=stateful RMSProp step applied
    unit 34/65 rc=454440 chunks=1 trained_queries=18981 trained_events=51680 mean_loss=1.386782 lr=0.0015232 step=stateful RMSProp step applied
    unit 35/65 rc=458387 chunks=1 trained_queries=5199 trained_events=12224 mean_loss=1.480316 lr=0.00152247 step=stateful RMSProp step applied
    unit 36/65 rc=459434 chunks=1 trained_queries=25529 trained_events=53568 mean_loss=1.646933 lr=0.00152175 step=stateful RMSProp step applied
    unit 37/65 rc=464285 chunks=1 trained_queries=944 trained_events=1792 mean_loss=1.222999 lr=0.00152102 step=stateful RMSProp step applied
    unit 38/65 rc=464449 chunks=1 trained_queries=13111 trained_events=27072 mean_loss=1.534610 lr=0.0015203 step=stateful RMSProp step applied
    unit 39/65 rc=466777 chunks=1 trained_queries=1172 trained_events=2576 mean_loss=1.149299 lr=0.00151957 step=stateful RMSProp step applied
    unit 40/65 rc=467002 chunks=10 trained_queries=476268 trained_events=843008 mean_loss=1.999015 lr=0.00151885 step=stateful RMSProp step applied
    unit 41/65 rc=544108 chunks=2 trained_queries=98499 trained_events=172032 mean_loss=1.953728 lr=0.00151812 step=stateful RMSProp step applied
    unit 42/65 rc=559920 chunks=3 trained_queries=136044 trained_events=238517 mean_loss=1.941338 lr=0.0015174 step=stateful RMSProp step applied
    unit 43/65 rc=581652 chunks=6 trained_queries=267495 trained_events=477697 mean_loss=1.929044 lr=0.00151667 step=stateful RMSProp step applied
    unit 44/65 rc=625299 chunks=16 trained_queries=787430 trained_events=1441440 mean_loss=1.964560 lr=0.00151595 step=stateful RMSProp step applied
    unit 45/65 rc=756698 chunks=3 trained_queries=135019 trained_events=240624 mean_loss=1.912618 lr=0.00151522 step=stateful RMSProp step applied
    unit 46/65 rc=778776 chunks=3 trained_queries=120415 trained_events=203264 mean_loss=1.923147 lr=0.0015145 step=stateful RMSProp step applied
    unit 47/65 rc=797238 chunks=9 trained_queries=409632 trained_events=780452 mean_loss=1.934094 lr=0.00151377 step=stateful RMSProp step applied
    unit 48/65 rc=868544 chunks=8 trained_queries=388601 trained_events=691328 mean_loss=1.957570 lr=0.00151305 step=stateful RMSProp step applied
    unit 49/65 rc=931357 chunks=1 trained_queries=5910 trained_events=9744 mean_loss=1.744093 lr=0.00151232 step=stateful RMSProp step applied
    unit 50/65 rc=932241 chunks=2 trained_queries=63481 trained_events=107824 mean_loss=1.844788 lr=0.0015116 step=stateful RMSProp step applied
    unit 51/65 rc=942005 chunks=6 trained_queries=295710 trained_events=510176 mean_loss=1.962169 lr=0.00151087 step=stateful RMSProp step applied
    unit 52/65 rc=988604 chunks=4 trained_queries=190096 trained_events=338304 mean_loss=1.908876 lr=0.00151015 step=stateful RMSProp step applied
    unit 53/65 rc=1019500 chunks=9 trained_queries=413444 trained_events=737802 mean_loss=1.942490 lr=0.00150942 step=stateful RMSProp step applied
    unit 54/65 rc=1087047 chunks=12 trained_queries=553466 trained_events=1002752 mean_loss=1.959811 lr=0.0015087 step=stateful RMSProp step applied
    unit 55/65 rc=1178720 chunks=2 trained_queries=96605 trained_events=164880 mean_loss=1.952263 lr=0.00150797 step=stateful RMSProp step applied
    unit 56/65 rc=1193882 chunks=1 trained_queries=5343 trained_events=9456 mean_loss=1.656206 lr=0.00150725 step=stateful RMSProp step applied
    unit 57/65 rc=1194732 chunks=9 trained_queries=426507 trained_events=745745 mean_loss=1.975872 lr=0.00150652 step=stateful RMSProp step applied
    unit 58/65 rc=1262782 chunks=9 trained_queries=420566 trained_events=755486 mean_loss=1.957505 lr=0.0015058 step=stateful RMSProp step applied
    unit 59/65 rc=1332021 chunks=11 trained_queries=535061 trained_events=1019376 mean_loss=1.907436 lr=0.00150507 step=stateful RMSProp step applied
    unit 60/65 rc=1425400 chunks=5 trained_queries=235017 trained_events=405880 mean_loss=1.949026 lr=0.00150435 step=stateful RMSProp step applied
    unit 61/65 rc=1462524 chunks=2 trained_queries=68054 trained_events=119056 mean_loss=1.822251 lr=0.00150362 step=stateful RMSProp step applied
    unit 62/65 rc=1473469 chunks=3 trained_queries=147152 trained_events=266576 mean_loss=1.888415 lr=0.0015029 step=stateful RMSProp step applied
    unit 63/65 rc=1497733 chunks=1 trained_queries=5204 trained_events=8048 mean_loss=1.889175 lr=0.00150217 step=stateful RMSProp step applied
    unit 64/65 rc=1498502 chunks=4 trained_queries=165699 trained_events=311920 mean_loss=1.840319 lr=0.00150145 step=stateful RMSProp step applied
    unit 65/65 rc=1526829 chunks=1 trained_queries=3594 trained_events=5440 mean_loss=1.675710 lr=0.00150072 step=stateful RMSProp step applied
  train-epoch: epoch 50 summary trained_queries=8880122 trained_events=16953844 mean_loss=1.907147
  train-epoch: epoch 51/100
    unit 1/65 rc=1 chunks=5 trained_queries=235411 trained_events=602672 mean_loss=1.715490 lr=0.0015 step=stateful RMSProp step applied
    unit 2/65 rc=47811 chunks=25 trained_queries=1209056 trained_events=2588009 mean_loss=1.941612 lr=0.00149927 step=stateful RMSProp step applied
    unit 3/65 rc=282625 chunks=1 trained_queries=17780 trained_events=32192 mean_loss=1.671644 lr=0.00149855 step=stateful RMSProp step applied
    unit 4/65 rc=285382 chunks=1 trained_queries=16 trained_events=16 mean_loss=0.365487 lr=0.00149783 step=stateful RMSProp step applied
    unit 5/65 rc=285383 chunks=1 trained_queries=41 trained_events=48 mean_loss=0.547218 lr=0.0014971 step=stateful RMSProp step applied
    unit 6/65 rc=285388 chunks=2 trained_queries=54875 trained_events=94080 mean_loss=2.041772 lr=0.00149637 step=stateful RMSProp step applied
    unit 7/65 rc=294043 chunks=3 trained_queries=146903 trained_events=301856 mean_loss=1.814446 lr=0.00149565 step=stateful RMSProp step applied
    unit 8/65 rc=321434 chunks=1 trained_queries=19351 trained_events=28624 mean_loss=1.972828 lr=0.00149493 step=stateful RMSProp step applied
    unit 9/65 rc=324057 chunks=1 trained_queries=35110 trained_events=118240 mean_loss=1.484868 lr=0.0014942 step=stateful RMSProp step applied
    unit 10/65 rc=331740 chunks=1 trained_queries=16 trained_events=432 mean_loss=0.028685 lr=0.00149348 step=stateful RMSProp step applied
    unit 11/65 rc=331741 chunks=2 trained_queries=74861 trained_events=154864 mean_loss=1.695934 lr=0.00149275 step=stateful RMSProp step applied
    unit 12/65 rc=345687 chunks=1 trained_queries=30300 trained_events=55216 mean_loss=1.707228 lr=0.00149203 step=stateful RMSProp step applied
    unit 13/65 rc=350763 chunks=1 trained_queries=15923 trained_events=37200 mean_loss=1.579519 lr=0.0014913 step=stateful RMSProp step applied
    unit 14/65 rc=353625 chunks=2 trained_queries=55670 trained_events=115472 mean_loss=1.737486 lr=0.00149058 step=stateful RMSProp step applied
    unit 15/65 rc=364135 chunks=1 trained_queries=19324 trained_events=41184 mean_loss=1.732879 lr=0.00148985 step=stateful RMSProp step applied
    unit 16/65 rc=367786 chunks=1 trained_queries=22956 trained_events=58432 mean_loss=1.555789 lr=0.00148913 step=stateful RMSProp step applied
    unit 17/65 rc=372767 chunks=1 trained_queries=12887 trained_events=31552 mean_loss=1.458135 lr=0.0014884 step=stateful RMSProp step applied
    unit 18/65 rc=375106 chunks=1 trained_queries=37224 trained_events=92032 mean_loss=1.513188 lr=0.00148768 step=stateful RMSProp step applied
    unit 19/65 rc=382687 chunks=1 trained_queries=11903 trained_events=27856 mean_loss=1.635174 lr=0.00148695 step=stateful RMSProp step applied
    unit 20/65 rc=384937 chunks=1 trained_queries=13922 trained_events=37200 mean_loss=1.466198 lr=0.00148623 step=stateful RMSProp step applied
    unit 21/65 rc=387825 chunks=1 trained_queries=20966 trained_events=46224 mean_loss=1.637858 lr=0.0014855 step=stateful RMSProp step applied
    unit 22/65 rc=391753 chunks=2 trained_queries=80510 trained_events=178352 mean_loss=1.670070 lr=0.00148478 step=stateful RMSProp step applied
    unit 23/65 rc=407234 chunks=1 trained_queries=2379 trained_events=5104 mean_loss=1.471716 lr=0.00148405 step=stateful RMSProp step applied
    unit 24/65 rc=407680 chunks=1 trained_queries=6700 trained_events=24672 mean_loss=1.157678 lr=0.00148333 step=stateful RMSProp step applied
    unit 25/65 rc=409029 chunks=1 trained_queries=26203 trained_events=59152 mean_loss=1.615289 lr=0.0014826 step=stateful RMSProp step applied
    unit 26/65 rc=414232 chunks=1 trained_queries=20070 trained_events=43728 mean_loss=1.695229 lr=0.00148188 step=stateful RMSProp step applied
    unit 27/65 rc=418109 chunks=1 trained_queries=30344 trained_events=74160 mean_loss=1.481076 lr=0.00148115 step=stateful RMSProp step applied
    unit 28/65 rc=424071 chunks=1 trained_queries=37398 trained_events=78688 mean_loss=1.664034 lr=0.00148043 step=stateful RMSProp step applied
    unit 29/65 rc=431070 chunks=1 trained_queries=9984 trained_events=22352 mean_loss=1.691427 lr=0.0014797 step=stateful RMSProp step applied
    unit 30/65 rc=433017 chunks=1 trained_queries=368 trained_events=3696 mean_loss=0.403321 lr=0.00147898 step=stateful RMSProp step applied
    unit 31/65 rc=433081 chunks=1 trained_queries=31432 trained_events=72896 mean_loss=1.610681 lr=0.00147825 step=stateful RMSProp step applied
    unit 32/65 rc=439253 chunks=1 trained_queries=32416 trained_events=67744 mean_loss=1.744157 lr=0.00147753 step=stateful RMSProp step applied
    unit 33/65 rc=445065 chunks=2 trained_queries=52575 trained_events=104160 mean_loss=1.752404 lr=0.0014768 step=stateful RMSProp step applied
    unit 34/65 rc=454440 chunks=1 trained_queries=18981 trained_events=51680 mean_loss=1.356661 lr=0.00147608 step=stateful RMSProp step applied
    unit 35/65 rc=458387 chunks=1 trained_queries=5199 trained_events=12224 mean_loss=1.514103 lr=0.00147535 step=stateful RMSProp step applied
    unit 36/65 rc=459434 chunks=1 trained_queries=25529 trained_events=53568 mean_loss=1.636132 lr=0.00147463 step=stateful RMSProp step applied
    unit 37/65 rc=464285 chunks=1 trained_queries=944 trained_events=1792 mean_loss=1.228621 lr=0.0014739 step=stateful RMSProp step applied
    unit 38/65 rc=464449 chunks=1 trained_queries=13111 trained_events=27072 mean_loss=1.531426 lr=0.00147318 step=stateful RMSProp step applied
    unit 39/65 rc=466777 chunks=1 trained_queries=1172 trained_events=2576 mean_loss=1.141713 lr=0.00147245 step=stateful RMSProp step applied
    unit 40/65 rc=467002 chunks=10 trained_queries=476268 trained_events=843008 mean_loss=2.004381 lr=0.00147173 step=stateful RMSProp step applied
    unit 41/65 rc=544108 chunks=2 trained_queries=98499 trained_events=172032 mean_loss=1.951260 lr=0.001471 step=stateful RMSProp step applied
    unit 42/65 rc=559920 chunks=3 trained_queries=136044 trained_events=238517 mean_loss=1.934467 lr=0.00147028 step=stateful RMSProp step applied
    unit 43/65 rc=581652 chunks=6 trained_queries=267495 trained_events=477697 mean_loss=1.933263 lr=0.00146955 step=stateful RMSProp step applied
    unit 44/65 rc=625299 chunks=16 trained_queries=787430 trained_events=1441440 mean_loss=1.964307 lr=0.00146883 step=stateful RMSProp step applied
    unit 45/65 rc=756698 chunks=3 trained_queries=135019 trained_events=240624 mean_loss=1.908262 lr=0.0014681 step=stateful RMSProp step applied
    unit 46/65 rc=778776 chunks=3 trained_queries=120415 trained_events=203264 mean_loss=1.917439 lr=0.00146738 step=stateful RMSProp step applied
    unit 47/65 rc=797238 chunks=9 trained_queries=409632 trained_events=780452 mean_loss=1.919917 lr=0.00146665 step=stateful RMSProp step applied
    unit 48/65 rc=868544 chunks=8 trained_queries=388601 trained_events=691328 mean_loss=1.951334 lr=0.00146593 step=stateful RMSProp step applied
    unit 49/65 rc=931357 chunks=1 trained_queries=5910 trained_events=9744 mean_loss=1.739185 lr=0.0014652 step=stateful RMSProp step applied
    unit 50/65 rc=932241 chunks=2 trained_queries=63481 trained_events=107824 mean_loss=1.845863 lr=0.00146448 step=stateful RMSProp step applied
    unit 51/65 rc=942005 chunks=6 trained_queries=295710 trained_events=510176 mean_loss=1.964451 lr=0.00146375 step=stateful RMSProp step applied
    unit 52/65 rc=988604 chunks=4 trained_queries=190096 trained_events=338304 mean_loss=1.904398 lr=0.00146303 step=stateful RMSProp step applied
    unit 53/65 rc=1019500 chunks=9 trained_queries=413444 trained_events=737802 mean_loss=1.935621 lr=0.0014623 step=stateful RMSProp step applied
    unit 54/65 rc=1087047 chunks=12 trained_queries=553466 trained_events=1002752 mean_loss=1.957064 lr=0.00146158 step=stateful RMSProp step applied
    unit 55/65 rc=1178720 chunks=2 trained_queries=96605 trained_events=164880 mean_loss=1.956537 lr=0.00146086 step=stateful RMSProp step applied
    unit 56/65 rc=1193882 chunks=1 trained_queries=5343 trained_events=9456 mean_loss=1.656453 lr=0.00146013 step=stateful RMSProp step applied
    unit 57/65 rc=1194732 chunks=9 trained_queries=426507 trained_events=745745 mean_loss=1.968367 lr=0.00145941 step=stateful RMSProp step applied
    unit 58/65 rc=1262782 chunks=9 trained_queries=420566 trained_events=755486 mean_loss=1.950447 lr=0.00145868 step=stateful RMSProp step applied
    unit 59/65 rc=1332021 chunks=11 trained_queries=535061 trained_events=1019376 mean_loss=1.901158 lr=0.00145796 step=stateful RMSProp step applied
    unit 60/65 rc=1425400 chunks=5 trained_queries=235017 trained_events=405880 mean_loss=1.945222 lr=0.00145723 step=stateful RMSProp step applied
    unit 61/65 rc=1462524 chunks=2 trained_queries=68054 trained_events=119056 mean_loss=1.819993 lr=0.00145651 step=stateful RMSProp step applied
    unit 62/65 rc=1473469 chunks=3 trained_queries=147152 trained_events=266576 mean_loss=1.865010 lr=0.00145578 step=stateful RMSProp step applied
    unit 63/65 rc=1497733 chunks=1 trained_queries=5204 trained_events=8048 mean_loss=1.891639 lr=0.00145506 step=stateful RMSProp step applied
    unit 64/65 rc=1498502 chunks=4 trained_queries=165699 trained_events=311920 mean_loss=1.849595 lr=0.00145433 step=stateful RMSProp step applied
    unit 65/65 rc=1526829 chunks=1 trained_queries=3594 trained_events=5440 mean_loss=1.669616 lr=0.00145361 step=stateful RMSProp step applied
  train-epoch: epoch 51 summary trained_queries=8880122 trained_events=16953844 mean_loss=1.897041
  train-epoch: epoch 52/100
    unit 1/65 rc=1 chunks=5 trained_queries=235411 trained_events=602672 mean_loss=1.709466 lr=0.00145288 step=stateful RMSProp step applied
    unit 2/65 rc=47811 chunks=25 trained_queries=1209056 trained_events=2588009 mean_loss=1.935944 lr=0.00145216 step=stateful RMSProp step applied
    unit 3/65 rc=282625 chunks=1 trained_queries=17780 trained_events=32192 mean_loss=1.671301 lr=0.00145143 step=stateful RMSProp step applied
    unit 4/65 rc=285382 chunks=1 trained_queries=16 trained_events=16 mean_loss=0.363113 lr=0.00145071 step=stateful RMSProp step applied
    unit 5/65 rc=285383 chunks=1 trained_queries=41 trained_events=48 mean_loss=0.536345 lr=0.00144999 step=stateful RMSProp step applied
    unit 6/65 rc=285388 chunks=2 trained_queries=54875 trained_events=94080 mean_loss=2.085731 lr=0.00144926 step=stateful RMSProp step applied
    unit 7/65 rc=294043 chunks=3 trained_queries=146903 trained_events=301856 mean_loss=1.845670 lr=0.00144854 step=stateful RMSProp step applied
    unit 8/65 rc=321434 chunks=1 trained_queries=19351 trained_events=28624 mean_loss=1.990216 lr=0.00144781 step=stateful RMSProp step applied
    unit 9/65 rc=324057 chunks=1 trained_queries=35110 trained_events=118240 mean_loss=1.446705 lr=0.00144709 step=stateful RMSProp step applied
    unit 10/65 rc=331740 chunks=1 trained_queries=16 trained_events=432 mean_loss=0.026319 lr=0.00144636 step=stateful RMSProp step applied
    unit 11/65 rc=331741 chunks=2 trained_queries=74861 trained_events=154864 mean_loss=1.716363 lr=0.00144564 step=stateful RMSProp step applied
    unit 12/65 rc=345687 chunks=1 trained_queries=30300 trained_events=55216 mean_loss=1.718392 lr=0.00144491 step=stateful RMSProp step applied
    unit 13/65 rc=350763 chunks=1 trained_queries=15923 trained_events=37200 mean_loss=1.565780 lr=0.00144419 step=stateful RMSProp step applied
    unit 14/65 rc=353625 chunks=2 trained_queries=55670 trained_events=115472 mean_loss=1.741719 lr=0.00144346 step=stateful RMSProp step applied
    unit 15/65 rc=364135 chunks=1 trained_queries=19324 trained_events=41184 mean_loss=1.725609 lr=0.00144274 step=stateful RMSProp step applied
    unit 16/65 rc=367786 chunks=1 trained_queries=22956 trained_events=58432 mean_loss=1.545130 lr=0.00144202 step=stateful RMSProp step applied
    unit 17/65 rc=372767 chunks=1 trained_queries=12887 trained_events=31552 mean_loss=1.449700 lr=0.00144129 step=stateful RMSProp step applied
    unit 18/65 rc=375106 chunks=1 trained_queries=37224 trained_events=92032 mean_loss=1.500211 lr=0.00144057 step=stateful RMSProp step applied
    unit 19/65 rc=382687 chunks=1 trained_queries=11903 trained_events=27856 mean_loss=1.648092 lr=0.00143984 step=stateful RMSProp step applied
    unit 20/65 rc=384937 chunks=1 trained_queries=13922 trained_events=37200 mean_loss=1.462228 lr=0.00143912 step=stateful RMSProp step applied
    unit 21/65 rc=387825 chunks=1 trained_queries=20966 trained_events=46224 mean_loss=1.640601 lr=0.00143839 step=stateful RMSProp step applied
    unit 22/65 rc=391753 chunks=2 trained_queries=80510 trained_events=178352 mean_loss=1.655952 lr=0.00143767 step=stateful RMSProp step applied
    unit 23/65 rc=407234 chunks=1 trained_queries=2379 trained_events=5104 mean_loss=1.454747 lr=0.00143694 step=stateful RMSProp step applied
    unit 24/65 rc=407680 chunks=1 trained_queries=6700 trained_events=24672 mean_loss=1.074896 lr=0.00143622 step=stateful RMSProp step applied
    unit 25/65 rc=409029 chunks=1 trained_queries=26203 trained_events=59152 mean_loss=1.586140 lr=0.0014355 step=stateful RMSProp step applied
    unit 26/65 rc=414232 chunks=1 trained_queries=20070 trained_events=43728 mean_loss=1.677459 lr=0.00143477 step=stateful RMSProp step applied
    unit 27/65 rc=418109 chunks=1 trained_queries=30344 trained_events=74160 mean_loss=1.459518 lr=0.00143405 step=stateful RMSProp step applied
    unit 28/65 rc=424071 chunks=1 trained_queries=37398 trained_events=78688 mean_loss=1.659449 lr=0.00143332 step=stateful RMSProp step applied
    unit 29/65 rc=431070 chunks=1 trained_queries=9984 trained_events=22352 mean_loss=1.686614 lr=0.0014326 step=stateful RMSProp step applied
    unit 30/65 rc=433017 chunks=1 trained_queries=368 trained_events=3696 mean_loss=0.394316 lr=0.00143188 step=stateful RMSProp step applied
    unit 31/65 rc=433081 chunks=1 trained_queries=31432 trained_events=72896 mean_loss=1.631111 lr=0.00143115 step=stateful RMSProp step applied
    unit 32/65 rc=439253 chunks=1 trained_queries=32416 trained_events=67744 mean_loss=1.746676 lr=0.00143043 step=stateful RMSProp step applied
    unit 33/65 rc=445065 chunks=2 trained_queries=52575 trained_events=104160 mean_loss=1.753447 lr=0.0014297 step=stateful RMSProp step applied
    unit 34/65 rc=454440 chunks=1 trained_queries=18981 trained_events=51680 mean_loss=1.338883 lr=0.00142898 step=stateful RMSProp step applied
    unit 35/65 rc=458387 chunks=1 trained_queries=5199 trained_events=12224 mean_loss=1.419566 lr=0.00142825 step=stateful RMSProp step applied
    unit 36/65 rc=459434 chunks=1 trained_queries=25529 trained_events=53568 mean_loss=1.634067 lr=0.00142753 step=stateful RMSProp step applied
    unit 37/65 rc=464285 chunks=1 trained_queries=944 trained_events=1792 mean_loss=1.197704 lr=0.00142681 step=stateful RMSProp step applied
    unit 38/65 rc=464449 chunks=1 trained_queries=13111 trained_events=27072 mean_loss=1.517248 lr=0.00142608 step=stateful RMSProp step applied
    unit 39/65 rc=466777 chunks=1 trained_queries=1172 trained_events=2576 mean_loss=1.138099 lr=0.00142536 step=stateful RMSProp step applied
    unit 40/65 rc=467002 chunks=10 trained_queries=476268 trained_events=843008 mean_loss=1.992251 lr=0.00142463 step=stateful RMSProp step applied
    unit 41/65 rc=544108 chunks=2 trained_queries=98499 trained_events=172032 mean_loss=1.940704 lr=0.00142391 step=stateful RMSProp step applied
    unit 42/65 rc=559920 chunks=3 trained_queries=136044 trained_events=238517 mean_loss=1.932182 lr=0.00142319 step=stateful RMSProp step applied
    unit 43/65 rc=581652 chunks=6 trained_queries=267495 trained_events=477697 mean_loss=1.921091 lr=0.00142246 step=stateful RMSProp step applied
    unit 44/65 rc=625299 chunks=16 trained_queries=787430 trained_events=1441440 mean_loss=1.954882 lr=0.00142174 step=stateful RMSProp step applied
    unit 45/65 rc=756698 chunks=3 trained_queries=135019 trained_events=240624 mean_loss=1.899442 lr=0.00142101 step=stateful RMSProp step applied
    unit 46/65 rc=778776 chunks=3 trained_queries=120415 trained_events=203264 mean_loss=1.907543 lr=0.00142029 step=stateful RMSProp step applied
    unit 47/65 rc=797238 chunks=9 trained_queries=409632 trained_events=780452 mean_loss=1.918090 lr=0.00141957 step=stateful RMSProp step applied
    unit 48/65 rc=868544 chunks=8 trained_queries=388601 trained_events=691328 mean_loss=1.943443 lr=0.00141884 step=stateful RMSProp step applied
    unit 49/65 rc=931357 chunks=1 trained_queries=5910 trained_events=9744 mean_loss=1.728551 lr=0.00141812 step=stateful RMSProp step applied
    unit 50/65 rc=932241 chunks=2 trained_queries=63481 trained_events=107824 mean_loss=1.842448 lr=0.00141739 step=stateful RMSProp step applied
    unit 51/65 rc=942005 chunks=6 trained_queries=295710 trained_events=510176 mean_loss=1.955997 lr=0.00141667 step=stateful RMSProp step applied
    unit 52/65 rc=988604 chunks=4 trained_queries=190096 trained_events=338304 mean_loss=1.909427 lr=0.00141595 step=stateful RMSProp step applied
    unit 53/65 rc=1019500 chunks=9 trained_queries=413444 trained_events=737802 mean_loss=1.936347 lr=0.00141522 step=stateful RMSProp step applied
    unit 54/65 rc=1087047 chunks=12 trained_queries=553466 trained_events=1002752 mean_loss=1.951705 lr=0.0014145 step=stateful RMSProp step applied
    unit 55/65 rc=1178720 chunks=2 trained_queries=96605 trained_events=164880 mean_loss=1.938731 lr=0.00141377 step=stateful RMSProp step applied
    unit 56/65 rc=1193882 chunks=1 trained_queries=5343 trained_events=9456 mean_loss=1.652201 lr=0.00141305 step=stateful RMSProp step applied
    unit 57/65 rc=1194732 chunks=9 trained_queries=426507 trained_events=745745 mean_loss=1.969123 lr=0.00141233 step=stateful RMSProp step applied
    unit 58/65 rc=1262782 chunks=9 trained_queries=420566 trained_events=755486 mean_loss=1.945785 lr=0.0014116 step=stateful RMSProp step applied
    unit 59/65 rc=1332021 chunks=11 trained_queries=535061 trained_events=1019376 mean_loss=1.895290 lr=0.00141088 step=stateful RMSProp step applied
    unit 60/65 rc=1425400 chunks=5 trained_queries=235017 trained_events=405880 mean_loss=1.938113 lr=0.00141016 step=stateful RMSProp step applied
    unit 61/65 rc=1462524 chunks=2 trained_queries=68054 trained_events=119056 mean_loss=1.820585 lr=0.00140943 step=stateful RMSProp step applied
    unit 62/65 rc=1473469 chunks=3 trained_queries=147152 trained_events=266576 mean_loss=1.875618 lr=0.00140871 step=stateful RMSProp step applied
    unit 63/65 rc=1497733 chunks=1 trained_queries=5204 trained_events=8048 mean_loss=1.899524 lr=0.00140798 step=stateful RMSProp step applied
    unit 64/65 rc=1498502 chunks=4 trained_queries=165699 trained_events=311920 mean_loss=1.837393 lr=0.00140726 step=stateful RMSProp step applied
    unit 65/65 rc=1526829 chunks=1 trained_queries=3594 trained_events=5440 mean_loss=1.656823 lr=0.00140654 step=stateful RMSProp step applied
  train-epoch: epoch 52 summary trained_queries=8880122 trained_events=16953844 mean_loss=1.892098
  train-epoch: epoch 53/100
    unit 1/65 rc=1 chunks=5 trained_queries=235411 trained_events=602672 mean_loss=1.699803 lr=0.00140581 step=stateful RMSProp step applied
    unit 2/65 rc=47811 chunks=25 trained_queries=1209056 trained_events=2588009 mean_loss=1.931849 lr=0.00140509 step=stateful RMSProp step applied
    unit 3/65 rc=282625 chunks=1 trained_queries=17780 trained_events=32192 mean_loss=1.656496 lr=0.00140437 step=stateful RMSProp step applied
    unit 4/65 rc=285382 chunks=1 trained_queries=16 trained_events=16 mean_loss=0.348108 lr=0.00140364 step=stateful RMSProp step applied
    unit 5/65 rc=285383 chunks=1 trained_queries=41 trained_events=48 mean_loss=0.552742 lr=0.00140292 step=stateful RMSProp step applied
    unit 6/65 rc=285388 chunks=2 trained_queries=54875 trained_events=94080 mean_loss=1.991302 lr=0.0014022 step=stateful RMSProp step applied
    unit 7/65 rc=294043 chunks=3 trained_queries=146903 trained_events=301856 mean_loss=1.794811 lr=0.00140147 step=stateful RMSProp step applied
    unit 8/65 rc=321434 chunks=1 trained_queries=19351 trained_events=28624 mean_loss=1.952992 lr=0.00140075 step=stateful RMSProp step applied
    unit 9/65 rc=324057 chunks=1 trained_queries=35110 trained_events=118240 mean_loss=1.413890 lr=0.00140003 step=stateful RMSProp step applied
    unit 10/65 rc=331740 chunks=1 trained_queries=16 trained_events=432 mean_loss=0.019302 lr=0.0013993 step=stateful RMSProp step applied
    unit 11/65 rc=331741 chunks=2 trained_queries=74861 trained_events=154864 mean_loss=1.684190 lr=0.00139858 step=stateful RMSProp step applied
    unit 12/65 rc=345687 chunks=1 trained_queries=30300 trained_events=55216 mean_loss=1.695362 lr=0.00139786 step=stateful RMSProp step applied
    unit 13/65 rc=350763 chunks=1 trained_queries=15923 trained_events=37200 mean_loss=1.533147 lr=0.00139713 step=stateful RMSProp step applied
    unit 14/65 rc=353625 chunks=2 trained_queries=55670 trained_events=115472 mean_loss=1.710721 lr=0.00139641 step=stateful RMSProp step applied
    unit 15/65 rc=364135 chunks=1 trained_queries=19324 trained_events=41184 mean_loss=1.701464 lr=0.00139569 step=stateful RMSProp step applied
    unit 16/65 rc=367786 chunks=1 trained_queries=22956 trained_events=58432 mean_loss=1.517768 lr=0.00139496 step=stateful RMSProp step applied
    unit 17/65 rc=372767 chunks=1 trained_queries=12887 trained_events=31552 mean_loss=1.429886 lr=0.00139424 step=stateful RMSProp step applied
    unit 18/65 rc=375106 chunks=1 trained_queries=37224 trained_events=92032 mean_loss=1.468097 lr=0.00139352 step=stateful RMSProp step applied
    unit 19/65 rc=382687 chunks=1 trained_queries=11903 trained_events=27856 mean_loss=1.604003 lr=0.00139279 step=stateful RMSProp step applied
    unit 20/65 rc=384937 chunks=1 trained_queries=13922 trained_events=37200 mean_loss=1.434937 lr=0.00139207 step=stateful RMSProp step applied
    unit 21/65 rc=387825 chunks=1 trained_queries=20966 trained_events=46224 mean_loss=1.617953 lr=0.00139135 step=stateful RMSProp step applied
    unit 22/65 rc=391753 chunks=2 trained_queries=80510 trained_events=178352 mean_loss=1.645981 lr=0.00139062 step=stateful RMSProp step applied
    unit 23/65 rc=407234 chunks=1 trained_queries=2379 trained_events=5104 mean_loss=1.436774 lr=0.0013899 step=stateful RMSProp step applied
    unit 24/65 rc=407680 chunks=1 trained_queries=6700 trained_events=24672 mean_loss=1.056733 lr=0.00138918 step=stateful RMSProp step applied
    unit 25/65 rc=409029 chunks=1 trained_queries=26203 trained_events=59152 mean_loss=1.566672 lr=0.00138846 step=stateful RMSProp step applied
    unit 26/65 rc=414232 chunks=1 trained_queries=20070 trained_events=43728 mean_loss=1.661202 lr=0.00138773 step=stateful RMSProp step applied
    unit 27/65 rc=418109 chunks=1 trained_queries=30344 trained_events=74160 mean_loss=1.434638 lr=0.00138701 step=stateful RMSProp step applied
    unit 28/65 rc=424071 chunks=1 trained_queries=37398 trained_events=78688 mean_loss=1.630118 lr=0.00138629 step=stateful RMSProp step applied
    unit 29/65 rc=431070 chunks=1 trained_queries=9984 trained_events=22352 mean_loss=1.643383 lr=0.00138556 step=stateful RMSProp step applied
    unit 30/65 rc=433017 chunks=1 trained_queries=368 trained_events=3696 mean_loss=0.387409 lr=0.00138484 step=stateful RMSProp step applied
    unit 31/65 rc=433081 chunks=1 trained_queries=31432 trained_events=72896 mean_loss=1.583054 lr=0.00138412 step=stateful RMSProp step applied
    unit 32/65 rc=439253 chunks=1 trained_queries=32416 trained_events=67744 mean_loss=1.723675 lr=0.0013834 step=stateful RMSProp step applied
    unit 33/65 rc=445065 chunks=2 trained_queries=52575 trained_events=104160 mean_loss=1.740344 lr=0.00138267 step=stateful RMSProp step applied
    unit 34/65 rc=454440 chunks=1 trained_queries=18981 trained_events=51680 mean_loss=1.326409 lr=0.00138195 step=stateful RMSProp step applied
    unit 35/65 rc=458387 chunks=1 trained_queries=5199 trained_events=12224 mean_loss=1.397263 lr=0.00138123 step=stateful RMSProp step applied
    unit 36/65 rc=459434 chunks=1 trained_queries=25529 trained_events=53568 mean_loss=1.617916 lr=0.0013805 step=stateful RMSProp step applied
    unit 37/65 rc=464285 chunks=1 trained_queries=944 trained_events=1792 mean_loss=1.187184 lr=0.00137978 step=stateful RMSProp step applied
    unit 38/65 rc=464449 chunks=1 trained_queries=13111 trained_events=27072 mean_loss=1.504979 lr=0.00137906 step=stateful RMSProp step applied
    unit 39/65 rc=466777 chunks=1 trained_queries=1172 trained_events=2576 mean_loss=1.123039 lr=0.00137834 step=stateful RMSProp step applied
    unit 40/65 rc=467002 chunks=10 trained_queries=476268 trained_events=843008 mean_loss=1.980629 lr=0.00137761 step=stateful RMSProp step applied
    unit 41/65 rc=544108 chunks=2 trained_queries=98499 trained_events=172032 mean_loss=1.933786 lr=0.00137689 step=stateful RMSProp step applied
    unit 42/65 rc=559920 chunks=3 trained_queries=136044 trained_events=238517 mean_loss=1.922683 lr=0.00137617 step=stateful RMSProp step applied
    unit 43/65 rc=581652 chunks=6 trained_queries=267495 trained_events=477697 mean_loss=1.915243 lr=0.00137545 step=stateful RMSProp step applied
    unit 44/65 rc=625299 chunks=16 trained_queries=787430 trained_events=1441440 mean_loss=1.950538 lr=0.00137472 step=stateful RMSProp step applied
    unit 45/65 rc=756698 chunks=3 trained_queries=135019 trained_events=240624 mean_loss=1.892107 lr=0.001374 step=stateful RMSProp step applied
    unit 46/65 rc=778776 chunks=3 trained_queries=120415 trained_events=203264 mean_loss=1.901057 lr=0.00137328 step=stateful RMSProp step applied
    unit 47/65 rc=797238 chunks=9 trained_queries=409632 trained_events=780452 mean_loss=1.911662 lr=0.00137256 step=stateful RMSProp step applied
    unit 48/65 rc=868544 chunks=8 trained_queries=388601 trained_events=691328 mean_loss=1.938623 lr=0.00137183 step=stateful RMSProp step applied
    unit 49/65 rc=931357 chunks=1 trained_queries=5910 trained_events=9744 mean_loss=1.720700 lr=0.00137111 step=stateful RMSProp step applied
    unit 50/65 rc=932241 chunks=2 trained_queries=63481 trained_events=107824 mean_loss=1.828799 lr=0.00137039 step=stateful RMSProp step applied
    unit 51/65 rc=942005 chunks=6 trained_queries=295710 trained_events=510176 mean_loss=1.949682 lr=0.00136967 step=stateful RMSProp step applied
    unit 52/65 rc=988604 chunks=4 trained_queries=190096 trained_events=338304 mean_loss=1.886863 lr=0.00136895 step=stateful RMSProp step applied
    unit 53/65 rc=1019500 chunks=9 trained_queries=413444 trained_events=737802 mean_loss=1.921830 lr=0.00136822 step=stateful RMSProp step applied
    unit 54/65 rc=1087047 chunks=12 trained_queries=553466 trained_events=1002752 mean_loss=1.939191 lr=0.0013675 step=stateful RMSProp step applied
    unit 55/65 rc=1178720 chunks=2 trained_queries=96605 trained_events=164880 mean_loss=1.932017 lr=0.00136678 step=stateful RMSProp step applied
    unit 56/65 rc=1193882 chunks=1 trained_queries=5343 trained_events=9456 mean_loss=1.637759 lr=0.00136606 step=stateful RMSProp step applied
    unit 57/65 rc=1194732 chunks=9 trained_queries=426507 trained_events=745745 mean_loss=1.958578 lr=0.00136533 step=stateful RMSProp step applied
    unit 58/65 rc=1262782 chunks=9 trained_queries=420566 trained_events=755486 mean_loss=1.935479 lr=0.00136461 step=stateful RMSProp step applied
    unit 59/65 rc=1332021 chunks=11 trained_queries=535061 trained_events=1019376 mean_loss=1.888549 lr=0.00136389 step=stateful RMSProp step applied
    unit 60/65 rc=1425400 chunks=5 trained_queries=235017 trained_events=405880 mean_loss=1.930047 lr=0.00136317 step=stateful RMSProp step applied
    unit 61/65 rc=1462524 chunks=2 trained_queries=68054 trained_events=119056 mean_loss=1.806649 lr=0.00136245 step=stateful RMSProp step applied
    unit 62/65 rc=1473469 chunks=3 trained_queries=147152 trained_events=266576 mean_loss=1.852129 lr=0.00136172 step=stateful RMSProp step applied
    unit 63/65 rc=1497733 chunks=1 trained_queries=5204 trained_events=8048 mean_loss=1.869692 lr=0.001361 step=stateful RMSProp step applied
    unit 64/65 rc=1498502 chunks=4 trained_queries=165699 trained_events=311920 mean_loss=1.830013 lr=0.00136028 step=stateful RMSProp step applied
    unit 65/65 rc=1526829 chunks=1 trained_queries=3594 trained_events=5440 mean_loss=1.651291 lr=0.00135956 step=stateful RMSProp step applied
  train-epoch: epoch 53 summary trained_queries=8880122 trained_events=16953844 mean_loss=1.880806
  train-epoch: epoch 54/100
    unit 1/65 rc=1 chunks=5 trained_queries=235411 trained_events=602672 mean_loss=1.690387 lr=0.00135884 step=stateful RMSProp step applied
    unit 2/65 rc=47811 chunks=25 trained_queries=1209056 trained_events=2588009 mean_loss=1.925516 lr=0.00135812 step=stateful RMSProp step applied
    unit 3/65 rc=282625 chunks=1 trained_queries=17780 trained_events=32192 mean_loss=1.655063 lr=0.00135739 step=stateful RMSProp step applied
    unit 4/65 rc=285382 chunks=1 trained_queries=16 trained_events=16 mean_loss=0.353237 lr=0.00135667 step=stateful RMSProp step applied
    unit 5/65 rc=285383 chunks=1 trained_queries=41 trained_events=48 mean_loss=0.568892 lr=0.00135595 step=stateful RMSProp step applied
    unit 6/65 rc=285388 chunks=2 trained_queries=54875 trained_events=94080 mean_loss=2.045822 lr=0.00135523 step=stateful RMSProp step applied
    unit 7/65 rc=294043 chunks=3 trained_queries=146903 trained_events=301856 mean_loss=1.817556 lr=0.00135451 step=stateful RMSProp step applied
    unit 8/65 rc=321434 chunks=1 trained_queries=19351 trained_events=28624 mean_loss=1.956418 lr=0.00135379 step=stateful RMSProp step applied
    unit 9/65 rc=324057 chunks=1 trained_queries=35110 trained_events=118240 mean_loss=1.404374 lr=0.00135306 step=stateful RMSProp step applied
    unit 10/65 rc=331740 chunks=1 trained_queries=16 trained_events=432 mean_loss=0.017560 lr=0.00135234 step=stateful RMSProp step applied
    unit 11/65 rc=331741 chunks=2 trained_queries=74861 trained_events=154864 mean_loss=1.687202 lr=0.00135162 step=stateful RMSProp step applied
    unit 12/65 rc=345687 chunks=1 trained_queries=30300 trained_events=55216 mean_loss=1.701230 lr=0.0013509 step=stateful RMSProp step applied
    unit 13/65 rc=350763 chunks=1 trained_queries=15923 trained_events=37200 mean_loss=1.527023 lr=0.00135018 step=stateful RMSProp step applied
    unit 14/65 rc=353625 chunks=2 trained_queries=55670 trained_events=115472 mean_loss=1.707139 lr=0.00134946 step=stateful RMSProp step applied
    unit 15/65 rc=364135 chunks=1 trained_queries=19324 trained_events=41184 mean_loss=1.697176 lr=0.00134874 step=stateful RMSProp step applied
    unit 16/65 rc=367786 chunks=1 trained_queries=22956 trained_events=58432 mean_loss=1.534174 lr=0.00134801 step=stateful RMSProp step applied
    unit 17/65 rc=372767 chunks=1 trained_queries=12887 trained_events=31552 mean_loss=1.420937 lr=0.00134729 step=stateful RMSProp step applied
    unit 18/65 rc=375106 chunks=1 trained_queries=37224 trained_events=92032 mean_loss=1.467183 lr=0.00134657 step=stateful RMSProp step applied
    unit 19/65 rc=382687 chunks=1 trained_queries=11903 trained_events=27856 mean_loss=1.598360 lr=0.00134585 step=stateful RMSProp step applied
    unit 20/65 rc=384937 chunks=1 trained_queries=13922 trained_events=37200 mean_loss=1.428180 lr=0.00134513 step=stateful RMSProp step applied
    unit 21/65 rc=387825 chunks=1 trained_queries=20966 trained_events=46224 mean_loss=1.603455 lr=0.00134441 step=stateful RMSProp step applied
    unit 22/65 rc=391753 chunks=2 trained_queries=80510 trained_events=178352 mean_loss=1.648990 lr=0.00134369 step=stateful RMSProp step applied
    unit 23/65 rc=407234 chunks=1 trained_queries=2379 trained_events=5104 mean_loss=1.437508 lr=0.00134297 step=stateful RMSProp step applied
    unit 24/65 rc=407680 chunks=1 trained_queries=6700 trained_events=24672 mean_loss=1.075324 lr=0.00134225 step=stateful RMSProp step applied
    unit 25/65 rc=409029 chunks=1 trained_queries=26203 trained_events=59152 mean_loss=1.555511 lr=0.00134152 step=stateful RMSProp step applied
    unit 26/65 rc=414232 chunks=1 trained_queries=20070 trained_events=43728 mean_loss=1.649336 lr=0.0013408 step=stateful RMSProp step applied
    unit 27/65 rc=418109 chunks=1 trained_queries=30344 trained_events=74160 mean_loss=1.424058 lr=0.00134008 step=stateful RMSProp step applied
    unit 28/65 rc=424071 chunks=1 trained_queries=37398 trained_events=78688 mean_loss=1.623955 lr=0.00133936 step=stateful RMSProp step applied
    unit 29/65 rc=431070 chunks=1 trained_queries=9984 trained_events=22352 mean_loss=1.661529 lr=0.00133864 step=stateful RMSProp step applied
    unit 30/65 rc=433017 chunks=1 trained_queries=368 trained_events=3696 mean_loss=0.388775 lr=0.00133792 step=stateful RMSProp step applied
    unit 31/65 rc=433081 chunks=1 trained_queries=31432 trained_events=72896 mean_loss=1.567772 lr=0.0013372 step=stateful RMSProp step applied
    unit 32/65 rc=439253 chunks=1 trained_queries=32416 trained_events=67744 mean_loss=1.718523 lr=0.00133648 step=stateful RMSProp step applied
    unit 33/65 rc=445065 chunks=2 trained_queries=52575 trained_events=104160 mean_loss=1.754013 lr=0.00133576 step=stateful RMSProp step applied
    unit 34/65 rc=454440 chunks=1 trained_queries=18981 trained_events=51680 mean_loss=1.314644 lr=0.00133504 step=stateful RMSProp step applied
    unit 35/65 rc=458387 chunks=1 trained_queries=5199 trained_events=12224 mean_loss=1.394393 lr=0.00133432 step=stateful RMSProp step applied
    unit 36/65 rc=459434 chunks=1 trained_queries=25529 trained_events=53568 mean_loss=1.623119 lr=0.0013336 step=stateful RMSProp step applied
    unit 37/65 rc=464285 chunks=1 trained_queries=944 trained_events=1792 mean_loss=1.176348 lr=0.00133288 step=stateful RMSProp step applied
    unit 38/65 rc=464449 chunks=1 trained_queries=13111 trained_events=27072 mean_loss=1.497242 lr=0.00133216 step=stateful RMSProp step applied
    unit 39/65 rc=466777 chunks=1 trained_queries=1172 trained_events=2576 mean_loss=1.122733 lr=0.00133144 step=stateful RMSProp step applied
    unit 40/65 rc=467002 chunks=10 trained_queries=476268 trained_events=843008 mean_loss=1.976862 lr=0.00133072 step=stateful RMSProp step applied
    unit 41/65 rc=544108 chunks=2 trained_queries=98499 trained_events=172032 mean_loss=1.929290 lr=0.00132999 step=stateful RMSProp step applied
    unit 42/65 rc=559920 chunks=3 trained_queries=136044 trained_events=238517 mean_loss=1.916523 lr=0.00132927 step=stateful RMSProp step applied
    unit 43/65 rc=581652 chunks=6 trained_queries=267495 trained_events=477697 mean_loss=1.909751 lr=0.00132855 step=stateful RMSProp step applied
    unit 44/65 rc=625299 chunks=16 trained_queries=787430 trained_events=1441440 mean_loss=1.946847 lr=0.00132783 step=stateful RMSProp step applied
    unit 45/65 rc=756698 chunks=3 trained_queries=135019 trained_events=240624 mean_loss=1.886591 lr=0.00132711 step=stateful RMSProp step applied
    unit 46/65 rc=778776 chunks=3 trained_queries=120415 trained_events=203264 mean_loss=1.894541 lr=0.00132639 step=stateful RMSProp step applied
    unit 47/65 rc=797238 chunks=9 trained_queries=409632 trained_events=780452 mean_loss=1.904996 lr=0.00132567 step=stateful RMSProp step applied
    unit 48/65 rc=868544 chunks=8 trained_queries=388601 trained_events=691328 mean_loss=1.932059 lr=0.00132495 step=stateful RMSProp step applied
    unit 49/65 rc=931357 chunks=1 trained_queries=5910 trained_events=9744 mean_loss=1.703923 lr=0.00132423 step=stateful RMSProp step applied
    unit 50/65 rc=932241 chunks=2 trained_queries=63481 trained_events=107824 mean_loss=1.822469 lr=0.00132351 step=stateful RMSProp step applied
    unit 51/65 rc=942005 chunks=6 trained_queries=295710 trained_events=510176 mean_loss=1.944858 lr=0.00132279 step=stateful RMSProp step applied
    unit 52/65 rc=988604 chunks=4 trained_queries=190096 trained_events=338304 mean_loss=1.885293 lr=0.00132207 step=stateful RMSProp step applied
    unit 53/65 rc=1019500 chunks=9 trained_queries=413444 trained_events=737802 mean_loss=1.916964 lr=0.00132135 step=stateful RMSProp step applied
    unit 54/65 rc=1087047 chunks=12 trained_queries=553466 trained_events=1002752 mean_loss=1.936214 lr=0.00132063 step=stateful RMSProp step applied
    unit 55/65 rc=1178720 chunks=2 trained_queries=96605 trained_events=164880 mean_loss=1.925171 lr=0.00131991 step=stateful RMSProp step applied
    unit 56/65 rc=1193882 chunks=1 trained_queries=5343 trained_events=9456 mean_loss=1.629282 lr=0.00131919 step=stateful RMSProp step applied
    unit 57/65 rc=1194732 chunks=9 trained_queries=426507 trained_events=745745 mean_loss=1.951504 lr=0.00131848 step=stateful RMSProp step applied
    unit 58/65 rc=1262782 chunks=9 trained_queries=420566 trained_events=755486 mean_loss=1.934031 lr=0.00131776 step=stateful RMSProp step applied
    unit 59/65 rc=1332021 chunks=11 trained_queries=535061 trained_events=1019376 mean_loss=1.884463 lr=0.00131704 step=stateful RMSProp step applied
    unit 60/65 rc=1425400 chunks=5 trained_queries=235017 trained_events=405880 mean_loss=1.927225 lr=0.00131632 step=stateful RMSProp step applied
    unit 61/65 rc=1462524 chunks=2 trained_queries=68054 trained_events=119056 mean_loss=1.803419 lr=0.0013156 step=stateful RMSProp step applied
    unit 62/65 rc=1473469 chunks=3 trained_queries=147152 trained_events=266576 mean_loss=1.847913 lr=0.00131488 step=stateful RMSProp step applied
    unit 63/65 rc=1497733 chunks=1 trained_queries=5204 trained_events=8048 mean_loss=1.867756 lr=0.00131416 step=stateful RMSProp step applied
    unit 64/65 rc=1498502 chunks=4 trained_queries=165699 trained_events=311920 mean_loss=1.824524 lr=0.00131344 step=stateful RMSProp step applied
    unit 65/65 rc=1526829 chunks=1 trained_queries=3594 trained_events=5440 mean_loss=1.644111 lr=0.00131272 step=stateful RMSProp step applied
  train-epoch: epoch 54 summary trained_queries=8880122 trained_events=16953844 mean_loss=1.876933
  train-epoch: epoch 55/100
    unit 1/65 rc=1 chunks=5 trained_queries=235411 trained_events=602672 mean_loss=1.685868 lr=0.001312 step=stateful RMSProp step applied
    unit 2/65 rc=47811 chunks=25 trained_queries=1209056 trained_events=2588009 mean_loss=1.923510 lr=0.00131128 step=stateful RMSProp step applied
    unit 3/65 rc=282625 chunks=1 trained_queries=17780 trained_events=32192 mean_loss=1.644531 lr=0.00131056 step=stateful RMSProp step applied
    unit 4/65 rc=285382 chunks=1 trained_queries=16 trained_events=16 mean_loss=0.339264 lr=0.00130984 step=stateful RMSProp step applied
    unit 5/65 rc=285383 chunks=1 trained_queries=41 trained_events=48 mean_loss=0.510079 lr=0.00130912 step=stateful RMSProp step applied
    unit 6/65 rc=285388 chunks=2 trained_queries=54875 trained_events=94080 mean_loss=1.972758 lr=0.0013084 step=stateful RMSProp step applied
    unit 7/65 rc=294043 chunks=3 trained_queries=146903 trained_events=301856 mean_loss=1.782549 lr=0.00130769 step=stateful RMSProp step applied
    unit 8/65 rc=321434 chunks=1 trained_queries=19351 trained_events=28624 mean_loss=1.934369 lr=0.00130697 step=stateful RMSProp step applied
    unit 9/65 rc=324057 chunks=1 trained_queries=35110 trained_events=118240 mean_loss=1.395140 lr=0.00130625 step=stateful RMSProp step applied
    unit 10/65 rc=331740 chunks=1 trained_queries=16 trained_events=432 mean_loss=0.015082 lr=0.00130553 step=stateful RMSProp step applied
    unit 11/65 rc=331741 chunks=2 trained_queries=74861 trained_events=154864 mean_loss=1.673171 lr=0.00130481 step=stateful RMSProp step applied
    unit 12/65 rc=345687 chunks=1 trained_queries=30300 trained_events=55216 mean_loss=1.700528 lr=0.00130409 step=stateful RMSProp step applied
    unit 13/65 rc=350763 chunks=1 trained_queries=15923 trained_events=37200 mean_loss=1.505327 lr=0.00130337 step=stateful RMSProp step applied
    unit 14/65 rc=353625 chunks=2 trained_queries=55670 trained_events=115472 mean_loss=1.698821 lr=0.00130265 step=stateful RMSProp step applied
    unit 15/65 rc=364135 chunks=1 trained_queries=19324 trained_events=41184 mean_loss=1.691062 lr=0.00130193 step=stateful RMSProp step applied
    unit 16/65 rc=367786 chunks=1 trained_queries=22956 trained_events=58432 mean_loss=1.514630 lr=0.00130122 step=stateful RMSProp step applied
    unit 17/65 rc=372767 chunks=1 trained_queries=12887 trained_events=31552 mean_loss=1.417789 lr=0.0013005 step=stateful RMSProp step applied
    unit 18/65 rc=375106 chunks=1 trained_queries=37224 trained_events=92032 mean_loss=1.450785 lr=0.00129978 step=stateful RMSProp step applied
    unit 19/65 rc=382687 chunks=1 trained_queries=11903 trained_events=27856 mean_loss=1.624938 lr=0.00129906 step=stateful RMSProp step applied
    unit 20/65 rc=384937 chunks=1 trained_queries=13922 trained_events=37200 mean_loss=1.423302 lr=0.00129834 step=stateful RMSProp step applied
    unit 21/65 rc=387825 chunks=1 trained_queries=20966 trained_events=46224 mean_loss=1.602140 lr=0.00129762 step=stateful RMSProp step applied
    unit 22/65 rc=391753 chunks=2 trained_queries=80510 trained_events=178352 mean_loss=1.652236 lr=0.00129691 step=stateful RMSProp step applied
    unit 23/65 rc=407234 chunks=1 trained_queries=2379 trained_events=5104 mean_loss=1.430963 lr=0.00129619 step=stateful RMSProp step applied
    unit 24/65 rc=407680 chunks=1 trained_queries=6700 trained_events=24672 mean_loss=1.055851 lr=0.00129547 step=stateful RMSProp step applied
    unit 25/65 rc=409029 chunks=1 trained_queries=26203 trained_events=59152 mean_loss=1.550451 lr=0.00129475 step=stateful RMSProp step applied
    unit 26/65 rc=414232 chunks=1 trained_queries=20070 trained_events=43728 mean_loss=1.645243 lr=0.00129403 step=stateful RMSProp step applied
    unit 27/65 rc=418109 chunks=1 trained_queries=30344 trained_events=74160 mean_loss=1.423435 lr=0.00129331 step=stateful RMSProp step applied
    unit 28/65 rc=424071 chunks=1 trained_queries=37398 trained_events=78688 mean_loss=1.620625 lr=0.0012926 step=stateful RMSProp step applied
    unit 29/65 rc=431070 chunks=1 trained_queries=9984 trained_events=22352 mean_loss=1.640660 lr=0.00129188 step=stateful RMSProp step applied
    unit 30/65 rc=433017 chunks=1 trained_queries=368 trained_events=3696 mean_loss=0.383554 lr=0.00129116 step=stateful RMSProp step applied
    unit 31/65 rc=433081 chunks=1 trained_queries=31432 trained_events=72896 mean_loss=1.590113 lr=0.00129044 step=stateful RMSProp step applied
    unit 32/65 rc=439253 chunks=1 trained_queries=32416 trained_events=67744 mean_loss=1.705058 lr=0.00128972 step=stateful RMSProp step applied
    unit 33/65 rc=445065 chunks=2 trained_queries=52575 trained_events=104160 mean_loss=1.727463 lr=0.00128901 step=stateful RMSProp step applied
    unit 34/65 rc=454440 chunks=1 trained_queries=18981 trained_events=51680 mean_loss=1.315428 lr=0.00128829 step=stateful RMSProp step applied
    unit 35/65 rc=458387 chunks=1 trained_queries=5199 trained_events=12224 mean_loss=1.376213 lr=0.00128757 step=stateful RMSProp step applied
    unit 36/65 rc=459434 chunks=1 trained_queries=25529 trained_events=53568 mean_loss=1.614464 lr=0.00128685 step=stateful RMSProp step applied
    unit 37/65 rc=464285 chunks=1 trained_queries=944 trained_events=1792 mean_loss=1.177869 lr=0.00128614 step=stateful RMSProp step applied
    unit 38/65 rc=464449 chunks=1 trained_queries=13111 trained_events=27072 mean_loss=1.504628 lr=0.00128542 step=stateful RMSProp step applied
    unit 39/65 rc=466777 chunks=1 trained_queries=1172 trained_events=2576 mean_loss=1.114346 lr=0.0012847 step=stateful RMSProp step applied
    unit 40/65 rc=467002 chunks=10 trained_queries=476268 trained_events=843008 mean_loss=1.972562 lr=0.00128398 step=stateful RMSProp step applied
    unit 41/65 rc=544108 chunks=2 trained_queries=98499 trained_events=172032 mean_loss=1.926494 lr=0.00128327 step=stateful RMSProp step applied
    unit 42/65 rc=559920 chunks=3 trained_queries=136044 trained_events=238517 mean_loss=1.914643 lr=0.00128255 step=stateful RMSProp step applied
    unit 43/65 rc=581652 chunks=6 trained_queries=267495 trained_events=477697 mean_loss=1.906693 lr=0.00128183 step=stateful RMSProp step applied
    unit 44/65 rc=625299 chunks=16 trained_queries=787430 trained_events=1441440 mean_loss=1.945107 lr=0.00128111 step=stateful RMSProp step applied
    unit 45/65 rc=756698 chunks=3 trained_queries=135019 trained_events=240624 mean_loss=1.883414 lr=0.0012804 step=stateful RMSProp step applied
    unit 46/65 rc=778776 chunks=3 trained_queries=120415 trained_events=203264 mean_loss=1.896101 lr=0.00127968 step=stateful RMSProp step applied
    unit 47/65 rc=797238 chunks=9 trained_queries=409632 trained_events=780452 mean_loss=1.908533 lr=0.00127896 step=stateful RMSProp step applied
    unit 48/65 rc=868544 chunks=8 trained_queries=388601 trained_events=691328 mean_loss=1.931149 lr=0.00127825 step=stateful RMSProp step applied
    unit 49/65 rc=931357 chunks=1 trained_queries=5910 trained_events=9744 mean_loss=1.699984 lr=0.00127753 step=stateful RMSProp step applied
    unit 50/65 rc=932241 chunks=2 trained_queries=63481 trained_events=107824 mean_loss=1.821102 lr=0.00127681 step=stateful RMSProp step applied
    unit 51/65 rc=942005 chunks=6 trained_queries=295710 trained_events=510176 mean_loss=1.941714 lr=0.0012761 step=stateful RMSProp step applied
    unit 52/65 rc=988604 chunks=4 trained_queries=190096 trained_events=338304 mean_loss=1.882891 lr=0.00127538 step=stateful RMSProp step applied
    unit 53/65 rc=1019500 chunks=9 trained_queries=413444 trained_events=737802 mean_loss=1.918972 lr=0.00127466 step=stateful RMSProp step applied
    unit 54/65 rc=1087047 chunks=12 trained_queries=553466 trained_events=1002752 mean_loss=1.933765 lr=0.00127394 step=stateful RMSProp step applied
    unit 55/65 rc=1178720 chunks=2 trained_queries=96605 trained_events=164880 mean_loss=1.927191 lr=0.00127323 step=stateful RMSProp step applied
    unit 56/65 rc=1193882 chunks=1 trained_queries=5343 trained_events=9456 mean_loss=1.623390 lr=0.00127251 step=stateful RMSProp step applied
    unit 57/65 rc=1194732 chunks=9 trained_queries=426507 trained_events=745745 mean_loss=1.946237 lr=0.0012718 step=stateful RMSProp step applied
    unit 58/65 rc=1262782 chunks=9 trained_queries=420566 trained_events=755486 mean_loss=1.928187 lr=0.00127108 step=stateful RMSProp step applied
    unit 59/65 rc=1332021 chunks=11 trained_queries=535061 trained_events=1019376 mean_loss=1.880410 lr=0.00127036 step=stateful RMSProp step applied
    unit 60/65 rc=1425400 chunks=5 trained_queries=235017 trained_events=405880 mean_loss=1.922975 lr=0.00126965 step=stateful RMSProp step applied
    unit 61/65 rc=1462524 chunks=2 trained_queries=68054 trained_events=119056 mean_loss=1.796810 lr=0.00126893 step=stateful RMSProp step applied
    unit 62/65 rc=1473469 chunks=3 trained_queries=147152 trained_events=266576 mean_loss=1.868199 lr=0.00126821 step=stateful RMSProp step applied
    unit 63/65 rc=1497733 chunks=1 trained_queries=5204 trained_events=8048 mean_loss=1.860607 lr=0.0012675 step=stateful RMSProp step applied
    unit 64/65 rc=1498502 chunks=4 trained_queries=165699 trained_events=311920 mean_loss=1.821323 lr=0.00126678 step=stateful RMSProp step applied
    unit 65/65 rc=1526829 chunks=1 trained_queries=3594 trained_events=5440 mean_loss=1.638423 lr=0.00126606 step=stateful RMSProp step applied
  train-epoch: epoch 55 summary trained_queries=8880122 trained_events=16953844 mean_loss=1.873486
  train-epoch: epoch 56/100
    unit 1/65 rc=1 chunks=5 trained_queries=235411 trained_events=602672 mean_loss=1.680032 lr=0.00126535 step=stateful RMSProp step applied
    unit 2/65 rc=47811 chunks=25 trained_queries=1209056 trained_events=2588009 mean_loss=1.917754 lr=0.00126463 step=stateful RMSProp step applied
    unit 3/65 rc=282625 chunks=1 trained_queries=17780 trained_events=32192 mean_loss=1.639076 lr=0.00126392 step=stateful RMSProp step applied
    unit 4/65 rc=285382 chunks=1 trained_queries=16 trained_events=16 mean_loss=0.331922 lr=0.0012632 step=stateful RMSProp step applied
    unit 5/65 rc=285383 chunks=1 trained_queries=41 trained_events=48 mean_loss=0.439182 lr=0.00126248 step=stateful RMSProp step applied
    unit 6/65 rc=285388 chunks=2 trained_queries=54875 trained_events=94080 mean_loss=1.962970 lr=0.00126177 step=stateful RMSProp step applied
    unit 7/65 rc=294043 chunks=3 trained_queries=146903 trained_events=301856 mean_loss=1.774193 lr=0.00126105 step=stateful RMSProp step applied
    unit 8/65 rc=321434 chunks=1 trained_queries=19351 trained_events=28624 mean_loss=1.930666 lr=0.00126034 step=stateful RMSProp step applied
    unit 9/65 rc=324057 chunks=1 trained_queries=35110 trained_events=118240 mean_loss=1.362616 lr=0.00125962 step=stateful RMSProp step applied
    unit 10/65 rc=331740 chunks=1 trained_queries=16 trained_events=432 mean_loss=0.013816 lr=0.00125891 step=stateful RMSProp step applied
    unit 11/65 rc=331741 chunks=2 trained_queries=74861 trained_events=154864 mean_loss=1.664565 lr=0.00125819 step=stateful RMSProp step applied
    unit 12/65 rc=345687 chunks=1 trained_queries=30300 trained_events=55216 mean_loss=1.678468 lr=0.00125747 step=stateful RMSProp step applied
    unit 13/65 rc=350763 chunks=1 trained_queries=15923 trained_events=37200 mean_loss=1.491653 lr=0.00125676 step=stateful RMSProp step applied
    unit 14/65 rc=353625 chunks=2 trained_queries=55670 trained_events=115472 mean_loss=1.693118 lr=0.00125604 step=stateful RMSProp step applied
    unit 15/65 rc=364135 chunks=1 trained_queries=19324 trained_events=41184 mean_loss=1.675195 lr=0.00125533 step=stateful RMSProp step applied
    unit 16/65 rc=367786 chunks=1 trained_queries=22956 trained_events=58432 mean_loss=1.498799 lr=0.00125461 step=stateful RMSProp step applied
    unit 17/65 rc=372767 chunks=1 trained_queries=12887 trained_events=31552 mean_loss=1.449551 lr=0.0012539 step=stateful RMSProp step applied
    unit 18/65 rc=375106 chunks=1 trained_queries=37224 trained_events=92032 mean_loss=1.452015 lr=0.00125318 step=stateful RMSProp step applied
    unit 19/65 rc=382687 chunks=1 trained_queries=11903 trained_events=27856 mean_loss=1.586720 lr=0.00125247 step=stateful RMSProp step applied
    unit 20/65 rc=384937 chunks=1 trained_queries=13922 trained_events=37200 mean_loss=1.419328 lr=0.00125175 step=stateful RMSProp step applied
    unit 21/65 rc=387825 chunks=1 trained_queries=20966 trained_events=46224 mean_loss=1.605026 lr=0.00125104 step=stateful RMSProp step applied
    unit 22/65 rc=391753 chunks=2 trained_queries=80510 trained_events=178352 mean_loss=1.635817 lr=0.00125032 step=stateful RMSProp step applied
    unit 23/65 rc=407234 chunks=1 trained_queries=2379 trained_events=5104 mean_loss=1.421156 lr=0.00124961 step=stateful RMSProp step applied
    unit 24/65 rc=407680 chunks=1 trained_queries=6700 trained_events=24672 mean_loss=1.043108 lr=0.00124889 step=stateful RMSProp step applied
    unit 25/65 rc=409029 chunks=1 trained_queries=26203 trained_events=59152 mean_loss=1.549259 lr=0.00124818 step=stateful RMSProp step applied
    unit 26/65 rc=414232 chunks=1 trained_queries=20070 trained_events=43728 mean_loss=1.626588 lr=0.00124746 step=stateful RMSProp step applied
    unit 27/65 rc=418109 chunks=1 trained_queries=30344 trained_events=74160 mean_loss=1.419532 lr=0.00124675 step=stateful RMSProp step applied
    unit 28/65 rc=424071 chunks=1 trained_queries=37398 trained_events=78688 mean_loss=1.620157 lr=0.00124604 step=stateful RMSProp step applied
    unit 29/65 rc=431070 chunks=1 trained_queries=9984 trained_events=22352 mean_loss=1.635707 lr=0.00124532 step=stateful RMSProp step applied
    unit 30/65 rc=433017 chunks=1 trained_queries=368 trained_events=3696 mean_loss=0.389032 lr=0.00124461 step=stateful RMSProp step applied
    unit 31/65 rc=433081 chunks=1 trained_queries=31432 trained_events=72896 mean_loss=1.559146 lr=0.00124389 step=stateful RMSProp step applied
    unit 32/65 rc=439253 chunks=1 trained_queries=32416 trained_events=67744 mean_loss=1.708135 lr=0.00124318 step=stateful RMSProp step applied
    unit 33/65 rc=445065 chunks=2 trained_queries=52575 trained_events=104160 mean_loss=1.728248 lr=0.00124246 step=stateful RMSProp step applied
    unit 34/65 rc=454440 chunks=1 trained_queries=18981 trained_events=51680 mean_loss=1.306022 lr=0.00124175 step=stateful RMSProp step applied
    unit 35/65 rc=458387 chunks=1 trained_queries=5199 trained_events=12224 mean_loss=1.375660 lr=0.00124103 step=stateful RMSProp step applied
    unit 36/65 rc=459434 chunks=1 trained_queries=25529 trained_events=53568 mean_loss=1.613017 lr=0.00124032 step=stateful RMSProp step applied
    unit 37/65 rc=464285 chunks=1 trained_queries=944 trained_events=1792 mean_loss=1.169737 lr=0.00123961 step=stateful RMSProp step applied
    unit 38/65 rc=464449 chunks=1 trained_queries=13111 trained_events=27072 mean_loss=1.484120 lr=0.00123889 step=stateful RMSProp step applied
    unit 39/65 rc=466777 chunks=1 trained_queries=1172 trained_events=2576 mean_loss=1.104522 lr=0.00123818 step=stateful RMSProp step applied
    unit 40/65 rc=467002 chunks=10 trained_queries=476268 trained_events=843008 mean_loss=1.963345 lr=0.00123747 step=stateful RMSProp step applied
    unit 41/65 rc=544108 chunks=2 trained_queries=98499 trained_events=172032 mean_loss=1.919467 lr=0.00123675 step=stateful RMSProp step applied
    unit 42/65 rc=559920 chunks=3 trained_queries=136044 trained_events=238517 mean_loss=1.908676 lr=0.00123604 step=stateful RMSProp step applied
    unit 43/65 rc=581652 chunks=6 trained_queries=267495 trained_events=477697 mean_loss=1.900625 lr=0.00123532 step=stateful RMSProp step applied
    unit 44/65 rc=625299 chunks=16 trained_queries=787430 trained_events=1441440 mean_loss=1.938928 lr=0.00123461 step=stateful RMSProp step applied
    unit 45/65 rc=756698 chunks=3 trained_queries=135019 trained_events=240624 mean_loss=1.877385 lr=0.0012339 step=stateful RMSProp step applied
    unit 46/65 rc=778776 chunks=3 trained_queries=120415 trained_events=203264 mean_loss=1.885307 lr=0.00123318 step=stateful RMSProp step applied
    unit 47/65 rc=797238 chunks=9 trained_queries=409632 trained_events=780452 mean_loss=1.898770 lr=0.00123247 step=stateful RMSProp step applied
    unit 48/65 rc=868544 chunks=8 trained_queries=388601 trained_events=691328 mean_loss=1.923627 lr=0.00123176 step=stateful RMSProp step applied
    unit 49/65 rc=931357 chunks=1 trained_queries=5910 trained_events=9744 mean_loss=1.688727 lr=0.00123104 step=stateful RMSProp step applied
    unit 50/65 rc=932241 chunks=2 trained_queries=63481 trained_events=107824 mean_loss=1.814463 lr=0.00123033 step=stateful RMSProp step applied
    unit 51/65 rc=942005 chunks=6 trained_queries=295710 trained_events=510176 mean_loss=1.943048 lr=0.00122962 step=stateful RMSProp step applied
    unit 52/65 rc=988604 chunks=4 trained_queries=190096 trained_events=338304 mean_loss=1.878991 lr=0.0012289 step=stateful RMSProp step applied
    unit 53/65 rc=1019500 chunks=9 trained_queries=413444 trained_events=737802 mean_loss=1.909656 lr=0.00122819 step=stateful RMSProp step applied
    unit 54/65 rc=1087047 chunks=12 trained_queries=553466 trained_events=1002752 mean_loss=1.929606 lr=0.00122748 step=stateful RMSProp step applied
    unit 55/65 rc=1178720 chunks=2 trained_queries=96605 trained_events=164880 mean_loss=1.917320 lr=0.00122677 step=stateful RMSProp step applied
    unit 56/65 rc=1193882 chunks=1 trained_queries=5343 trained_events=9456 mean_loss=1.623470 lr=0.00122605 step=stateful RMSProp step applied
    unit 57/65 rc=1194732 chunks=9 trained_queries=426507 trained_events=745745 mean_loss=1.946204 lr=0.00122534 step=stateful RMSProp step applied
    unit 58/65 rc=1262782 chunks=9 trained_queries=420566 trained_events=755486 mean_loss=1.926236 lr=0.00122463 step=stateful RMSProp step applied
    unit 59/65 rc=1332021 chunks=11 trained_queries=535061 trained_events=1019376 mean_loss=1.877550 lr=0.00122391 step=stateful RMSProp step applied
    unit 60/65 rc=1425400 chunks=5 trained_queries=235017 trained_events=405880 mean_loss=1.921095 lr=0.0012232 step=stateful RMSProp step applied
    unit 61/65 rc=1462524 chunks=2 trained_queries=68054 trained_events=119056 mean_loss=1.795812 lr=0.00122249 step=stateful RMSProp step applied
    unit 62/65 rc=1473469 chunks=3 trained_queries=147152 trained_events=266576 mean_loss=1.839372 lr=0.00122178 step=stateful RMSProp step applied
    unit 63/65 rc=1497733 chunks=1 trained_queries=5204 trained_events=8048 mean_loss=1.859748 lr=0.00122106 step=stateful RMSProp step applied
    unit 64/65 rc=1498502 chunks=4 trained_queries=165699 trained_events=311920 mean_loss=1.815278 lr=0.00122035 step=stateful RMSProp step applied
    unit 65/65 rc=1526829 chunks=1 trained_queries=3594 trained_events=5440 mean_loss=1.634208 lr=0.00121964 step=stateful RMSProp step applied
  train-epoch: epoch 56 summary trained_queries=8880122 trained_events=16953844 mean_loss=1.867194
  train-epoch: epoch 57/100
    unit 1/65 rc=1 chunks=5 trained_queries=235411 trained_events=602672 mean_loss=1.670734 lr=0.00121893 step=stateful RMSProp step applied
    unit 2/65 rc=47811 chunks=25 trained_queries=1209056 trained_events=2588009 mean_loss=1.912983 lr=0.00121822 step=stateful RMSProp step applied
    unit 3/65 rc=282625 chunks=1 trained_queries=17780 trained_events=32192 mean_loss=1.629563 lr=0.0012175 step=stateful RMSProp step applied
    unit 4/65 rc=285382 chunks=1 trained_queries=16 trained_events=16 mean_loss=0.322416 lr=0.00121679 step=stateful RMSProp step applied
    unit 5/65 rc=285383 chunks=1 trained_queries=41 trained_events=48 mean_loss=0.488360 lr=0.00121608 step=stateful RMSProp step applied
    unit 6/65 rc=285388 chunks=2 trained_queries=54875 trained_events=94080 mean_loss=1.964092 lr=0.00121537 step=stateful RMSProp step applied
    unit 7/65 rc=294043 chunks=3 trained_queries=146903 trained_events=301856 mean_loss=1.778759 lr=0.00121466 step=stateful RMSProp step applied
    unit 8/65 rc=321434 chunks=1 trained_queries=19351 trained_events=28624 mean_loss=1.923533 lr=0.00121394 step=stateful RMSProp step applied
    unit 9/65 rc=324057 chunks=1 trained_queries=35110 trained_events=118240 mean_loss=1.360361 lr=0.00121323 step=stateful RMSProp step applied
    unit 10/65 rc=331740 chunks=1 trained_queries=16 trained_events=432 mean_loss=0.010979 lr=0.00121252 step=stateful RMSProp step applied
    unit 11/65 rc=331741 chunks=2 trained_queries=74861 trained_events=154864 mean_loss=1.661052 lr=0.00121181 step=stateful RMSProp step applied
    unit 12/65 rc=345687 chunks=1 trained_queries=30300 trained_events=55216 mean_loss=1.676487 lr=0.0012111 step=stateful RMSProp step applied
    unit 13/65 rc=350763 chunks=1 trained_queries=15923 trained_events=37200 mean_loss=1.480725 lr=0.00121039 step=stateful RMSProp step applied
    unit 14/65 rc=353625 chunks=2 trained_queries=55670 trained_events=115472 mean_loss=1.686613 lr=0.00120968 step=stateful RMSProp step applied
    unit 15/65 rc=364135 chunks=1 trained_queries=19324 trained_events=41184 mean_loss=1.668857 lr=0.00120896 step=stateful RMSProp step applied
    unit 16/65 rc=367786 chunks=1 trained_queries=22956 trained_events=58432 mean_loss=1.516409 lr=0.00120825 step=stateful RMSProp step applied
    unit 17/65 rc=372767 chunks=1 trained_queries=12887 trained_events=31552 mean_loss=1.399191 lr=0.00120754 step=stateful RMSProp step applied
    unit 18/65 rc=375106 chunks=1 trained_queries=37224 trained_events=92032 mean_loss=1.442657 lr=0.00120683 step=stateful RMSProp step applied
    unit 19/65 rc=382687 chunks=1 trained_queries=11903 trained_events=27856 mean_loss=1.568972 lr=0.00120612 step=stateful RMSProp step applied
    unit 20/65 rc=384937 chunks=1 trained_queries=13922 trained_events=37200 mean_loss=1.402733 lr=0.00120541 step=stateful RMSProp step applied
    unit 21/65 rc=387825 chunks=1 trained_queries=20966 trained_events=46224 mean_loss=1.584747 lr=0.0012047 step=stateful RMSProp step applied
    unit 22/65 rc=391753 chunks=2 trained_queries=80510 trained_events=178352 mean_loss=1.632690 lr=0.00120399 step=stateful RMSProp step applied
    unit 23/65 rc=407234 chunks=1 trained_queries=2379 trained_events=5104 mean_loss=1.416173 lr=0.00120328 step=stateful RMSProp step applied
    unit 24/65 rc=407680 chunks=1 trained_queries=6700 trained_events=24672 mean_loss=1.033736 lr=0.00120257 step=stateful RMSProp step applied
    unit 25/65 rc=409029 chunks=1 trained_queries=26203 trained_events=59152 mean_loss=1.536991 lr=0.00120186 step=stateful RMSProp step applied
    unit 26/65 rc=414232 chunks=1 trained_queries=20070 trained_events=43728 mean_loss=1.627836 lr=0.00120115 step=stateful RMSProp step applied
    unit 27/65 rc=418109 chunks=1 trained_queries=30344 trained_events=74160 mean_loss=1.410553 lr=0.00120043 step=stateful RMSProp step applied
    unit 28/65 rc=424071 chunks=1 trained_queries=37398 trained_events=78688 mean_loss=1.616240 lr=0.00119972 step=stateful RMSProp step applied
    unit 29/65 rc=431070 chunks=1 trained_queries=9984 trained_events=22352 mean_loss=1.643332 lr=0.00119901 step=stateful RMSProp step applied
    unit 30/65 rc=433017 chunks=1 trained_queries=368 trained_events=3696 mean_loss=0.381095 lr=0.0011983 step=stateful RMSProp step applied
    unit 31/65 rc=433081 chunks=1 trained_queries=31432 trained_events=72896 mean_loss=1.548311 lr=0.00119759 step=stateful RMSProp step applied
    unit 32/65 rc=439253 chunks=1 trained_queries=32416 trained_events=67744 mean_loss=1.697417 lr=0.00119688 step=stateful RMSProp step applied
    unit 33/65 rc=445065 chunks=2 trained_queries=52575 trained_events=104160 mean_loss=1.718530 lr=0.00119617 step=stateful RMSProp step applied
    unit 34/65 rc=454440 chunks=1 trained_queries=18981 trained_events=51680 mean_loss=1.317749 lr=0.00119546 step=stateful RMSProp step applied
    unit 35/65 rc=458387 chunks=1 trained_queries=5199 trained_events=12224 mean_loss=1.380366 lr=0.00119475 step=stateful RMSProp step applied
    unit 36/65 rc=459434 chunks=1 trained_queries=25529 trained_events=53568 mean_loss=1.611560 lr=0.00119404 step=stateful RMSProp step applied
    unit 37/65 rc=464285 chunks=1 trained_queries=944 trained_events=1792 mean_loss=1.168776 lr=0.00119333 step=stateful RMSProp step applied
    unit 38/65 rc=464449 chunks=1 trained_queries=13111 trained_events=27072 mean_loss=1.481167 lr=0.00119263 step=stateful RMSProp step applied
    unit 39/65 rc=466777 chunks=1 trained_queries=1172 trained_events=2576 mean_loss=1.103301 lr=0.00119192 step=stateful RMSProp step applied
    unit 40/65 rc=467002 chunks=10 trained_queries=476268 trained_events=843008 mean_loss=1.960821 lr=0.00119121 step=stateful RMSProp step applied
    unit 41/65 rc=544108 chunks=2 trained_queries=98499 trained_events=172032 mean_loss=1.912710 lr=0.0011905 step=stateful RMSProp step applied
    unit 42/65 rc=559920 chunks=3 trained_queries=136044 trained_events=238517 mean_loss=1.907008 lr=0.00118979 step=stateful RMSProp step applied
    unit 43/65 rc=581652 chunks=6 trained_queries=267495 trained_events=477697 mean_loss=1.898305 lr=0.00118908 step=stateful RMSProp step applied
    unit 44/65 rc=625299 chunks=16 trained_queries=787430 trained_events=1441440 mean_loss=1.935618 lr=0.00118837 step=stateful RMSProp step applied
    unit 45/65 rc=756698 chunks=3 trained_queries=135019 trained_events=240624 mean_loss=1.875509 lr=0.00118766 step=stateful RMSProp step applied
    unit 46/65 rc=778776 chunks=3 trained_queries=120415 trained_events=203264 mean_loss=1.880684 lr=0.00118695 step=stateful RMSProp step applied
    unit 47/65 rc=797238 chunks=9 trained_queries=409632 trained_events=780452 mean_loss=1.895196 lr=0.00118624 step=stateful RMSProp step applied
    unit 48/65 rc=868544 chunks=8 trained_queries=388601 trained_events=691328 mean_loss=1.921044 lr=0.00118553 step=stateful RMSProp step applied
    unit 49/65 rc=931357 chunks=1 trained_queries=5910 trained_events=9744 mean_loss=1.686826 lr=0.00118482 step=stateful RMSProp step applied
    unit 50/65 rc=932241 chunks=2 trained_queries=63481 trained_events=107824 mean_loss=1.810761 lr=0.00118412 step=stateful RMSProp step applied
    unit 51/65 rc=942005 chunks=6 trained_queries=295710 trained_events=510176 mean_loss=1.938336 lr=0.00118341 step=stateful RMSProp step applied
    unit 52/65 rc=988604 chunks=4 trained_queries=190096 trained_events=338304 mean_loss=1.873011 lr=0.0011827 step=stateful RMSProp step applied
    unit 53/65 rc=1019500 chunks=9 trained_queries=413444 trained_events=737802 mean_loss=1.915089 lr=0.00118199 step=stateful RMSProp step applied
    unit 54/65 rc=1087047 chunks=12 trained_queries=553466 trained_events=1002752 mean_loss=1.924491 lr=0.00118128 step=stateful RMSProp step applied
    unit 55/65 rc=1178720 chunks=2 trained_queries=96605 trained_events=164880 mean_loss=1.920209 lr=0.00118057 step=stateful RMSProp step applied
    unit 56/65 rc=1193882 chunks=1 trained_queries=5343 trained_events=9456 mean_loss=1.625715 lr=0.00117986 step=stateful RMSProp step applied
    unit 57/65 rc=1194732 chunks=9 trained_queries=426507 trained_events=745745 mean_loss=1.941209 lr=0.00117916 step=stateful RMSProp step applied
    unit 58/65 rc=1262782 chunks=9 trained_queries=420566 trained_events=755486 mean_loss=1.921927 lr=0.00117845 step=stateful RMSProp step applied
    unit 59/65 rc=1332021 chunks=11 trained_queries=535061 trained_events=1019376 mean_loss=1.875872 lr=0.00117774 step=stateful RMSProp step applied
    unit 60/65 rc=1425400 chunks=5 trained_queries=235017 trained_events=405880 mean_loss=1.916155 lr=0.00117703 step=stateful RMSProp step applied
    unit 61/65 rc=1462524 chunks=2 trained_queries=68054 trained_events=119056 mean_loss=1.790940 lr=0.00117632 step=stateful RMSProp step applied
    unit 62/65 rc=1473469 chunks=3 trained_queries=147152 trained_events=266576 mean_loss=1.837116 lr=0.00117562 step=stateful RMSProp step applied
    unit 63/65 rc=1497733 chunks=1 trained_queries=5204 trained_events=8048 mean_loss=1.848890 lr=0.00117491 step=stateful RMSProp step applied
    unit 64/65 rc=1498502 chunks=4 trained_queries=165699 trained_events=311920 mean_loss=1.809310 lr=0.0011742 step=stateful RMSProp step applied
    unit 65/65 rc=1526829 chunks=1 trained_queries=3594 trained_events=5440 mean_loss=1.629629 lr=0.00117349 step=stateful RMSProp step applied
  train-epoch: epoch 57 summary trained_queries=8880122 trained_events=16953844 mean_loss=1.863538
  train-epoch: epoch 58/100
    unit 1/65 rc=1 chunks=5 trained_queries=235411 trained_events=602672 mean_loss=1.666778 lr=0.00117279 step=stateful RMSProp step applied
    unit 2/65 rc=47811 chunks=25 trained_queries=1209056 trained_events=2588009 mean_loss=1.911078 lr=0.00117208 step=stateful RMSProp step applied
    unit 3/65 rc=282625 chunks=1 trained_queries=17780 trained_events=32192 mean_loss=1.627601 lr=0.00117137 step=stateful RMSProp step applied
    unit 4/65 rc=285382 chunks=1 trained_queries=16 trained_events=16 mean_loss=0.325234 lr=0.00117066 step=stateful RMSProp step applied
    unit 5/65 rc=285383 chunks=1 trained_queries=41 trained_events=48 mean_loss=0.437633 lr=0.00116996 step=stateful RMSProp step applied
    unit 6/65 rc=285388 chunks=2 trained_queries=54875 trained_events=94080 mean_loss=1.969635 lr=0.00116925 step=stateful RMSProp step applied
    unit 7/65 rc=294043 chunks=3 trained_queries=146903 trained_events=301856 mean_loss=1.773029 lr=0.00116854 step=stateful RMSProp step applied
    unit 8/65 rc=321434 chunks=1 trained_queries=19351 trained_events=28624 mean_loss=1.926864 lr=0.00116783 step=stateful RMSProp step applied
    unit 9/65 rc=324057 chunks=1 trained_queries=35110 trained_events=118240 mean_loss=1.347873 lr=0.00116713 step=stateful RMSProp step applied
    unit 10/65 rc=331740 chunks=1 trained_queries=16 trained_events=432 mean_loss=0.011976 lr=0.00116642 step=stateful RMSProp step applied
    unit 11/65 rc=331741 chunks=2 trained_queries=74861 trained_events=154864 mean_loss=1.658556 lr=0.00116571 step=stateful RMSProp step applied
    unit 12/65 rc=345687 chunks=1 trained_queries=30300 trained_events=55216 mean_loss=1.678101 lr=0.00116501 step=stateful RMSProp step applied
    unit 13/65 rc=350763 chunks=1 trained_queries=15923 trained_events=37200 mean_loss=1.480277 lr=0.0011643 step=stateful RMSProp step applied
    unit 14/65 rc=353625 chunks=2 trained_queries=55670 trained_events=115472 mean_loss=1.679617 lr=0.00116359 step=stateful RMSProp step applied
    unit 15/65 rc=364135 chunks=1 trained_queries=19324 trained_events=41184 mean_loss=1.657452 lr=0.00116289 step=stateful RMSProp step applied
    unit 16/65 rc=367786 chunks=1 trained_queries=22956 trained_events=58432 mean_loss=1.482218 lr=0.00116218 step=stateful RMSProp step applied
    unit 17/65 rc=372767 chunks=1 trained_queries=12887 trained_events=31552 mean_loss=1.399630 lr=0.00116147 step=stateful RMSProp step applied
    unit 18/65 rc=375106 chunks=1 trained_queries=37224 trained_events=92032 mean_loss=1.429024 lr=0.00116077 step=stateful RMSProp step applied
    unit 19/65 rc=382687 chunks=1 trained_queries=11903 trained_events=27856 mean_loss=1.558593 lr=0.00116006 step=stateful RMSProp step applied
    unit 20/65 rc=384937 chunks=1 trained_queries=13922 trained_events=37200 mean_loss=1.389504 lr=0.00115936 step=stateful RMSProp step applied
    unit 21/65 rc=387825 chunks=1 trained_queries=20966 trained_events=46224 mean_loss=1.580136 lr=0.00115865 step=stateful RMSProp step applied
    unit 22/65 rc=391753 chunks=2 trained_queries=80510 trained_events=178352 mean_loss=1.622507 lr=0.00115794 step=stateful RMSProp step applied
    unit 23/65 rc=407234 chunks=1 trained_queries=2379 trained_events=5104 mean_loss=1.408137 lr=0.00115724 step=stateful RMSProp step applied
    unit 24/65 rc=407680 chunks=1 trained_queries=6700 trained_events=24672 mean_loss=1.073530 lr=0.00115653 step=stateful RMSProp step applied
    unit 25/65 rc=409029 chunks=1 trained_queries=26203 trained_events=59152 mean_loss=1.546647 lr=0.00115583 step=stateful RMSProp step applied
    unit 26/65 rc=414232 chunks=1 trained_queries=20070 trained_events=43728 mean_loss=1.608163 lr=0.00115512 step=stateful RMSProp step applied
    unit 27/65 rc=418109 chunks=1 trained_queries=30344 trained_events=74160 mean_loss=1.409485 lr=0.00115442 step=stateful RMSProp step applied
    unit 28/65 rc=424071 chunks=1 trained_queries=37398 trained_events=78688 mean_loss=1.605071 lr=0.00115371 step=stateful RMSProp step applied
    unit 29/65 rc=431070 chunks=1 trained_queries=9984 trained_events=22352 mean_loss=1.619645 lr=0.00115301 step=stateful RMSProp step applied
    unit 30/65 rc=433017 chunks=1 trained_queries=368 trained_events=3696 mean_loss=0.382914 lr=0.0011523 step=stateful RMSProp step applied
    unit 31/65 rc=433081 chunks=1 trained_queries=31432 trained_events=72896 mean_loss=1.535656 lr=0.00115159 step=stateful RMSProp step applied
    unit 32/65 rc=439253 chunks=1 trained_queries=32416 trained_events=67744 mean_loss=1.688843 lr=0.00115089 step=stateful RMSProp step applied
    unit 33/65 rc=445065 chunks=2 trained_queries=52575 trained_events=104160 mean_loss=1.718211 lr=0.00115018 step=stateful RMSProp step applied
    unit 34/65 rc=454440 chunks=1 trained_queries=18981 trained_events=51680 mean_loss=1.303734 lr=0.00114948 step=stateful RMSProp step applied
    unit 35/65 rc=458387 chunks=1 trained_queries=5199 trained_events=12224 mean_loss=1.366726 lr=0.00114877 step=stateful RMSProp step applied
    unit 36/65 rc=459434 chunks=1 trained_queries=25529 trained_events=53568 mean_loss=1.603776 lr=0.00114807 step=stateful RMSProp step applied
    unit 37/65 rc=464285 chunks=1 trained_queries=944 trained_events=1792 mean_loss=1.160147 lr=0.00114736 step=stateful RMSProp step applied
    unit 38/65 rc=464449 chunks=1 trained_queries=13111 trained_events=27072 mean_loss=1.481750 lr=0.00114666 step=stateful RMSProp step applied
    unit 39/65 rc=466777 chunks=1 trained_queries=1172 trained_events=2576 mean_loss=1.103340 lr=0.00114596 step=stateful RMSProp step applied
    unit 40/65 rc=467002 chunks=10 trained_queries=476268 trained_events=843008 mean_loss=1.963667 lr=0.00114525 step=stateful RMSProp step applied
    unit 41/65 rc=544108 chunks=2 trained_queries=98499 trained_events=172032 mean_loss=1.910231 lr=0.00114455 step=stateful RMSProp step applied
    unit 42/65 rc=559920 chunks=3 trained_queries=136044 trained_events=238517 mean_loss=1.900496 lr=0.00114384 step=stateful RMSProp step applied
    unit 43/65 rc=581652 chunks=6 trained_queries=267495 trained_events=477697 mean_loss=1.895209 lr=0.00114314 step=stateful RMSProp step applied
    unit 44/65 rc=625299 chunks=16 trained_queries=787430 trained_events=1441440 mean_loss=1.933805 lr=0.00114243 step=stateful RMSProp step applied
    unit 45/65 rc=756698 chunks=3 trained_queries=135019 trained_events=240624 mean_loss=1.872066 lr=0.00114173 step=stateful RMSProp step applied
    unit 46/65 rc=778776 chunks=3 trained_queries=120415 trained_events=203264 mean_loss=1.876994 lr=0.00114103 step=stateful RMSProp step applied
    unit 47/65 rc=797238 chunks=9 trained_queries=409632 trained_events=780452 mean_loss=1.893416 lr=0.00114032 step=stateful RMSProp step applied
    unit 48/65 rc=868544 chunks=8 trained_queries=388601 trained_events=691328 mean_loss=1.918915 lr=0.00113962 step=stateful RMSProp step applied
    unit 49/65 rc=931357 chunks=1 trained_queries=5910 trained_events=9744 mean_loss=1.682458 lr=0.00113892 step=stateful RMSProp step applied
    unit 50/65 rc=932241 chunks=2 trained_queries=63481 trained_events=107824 mean_loss=1.811583 lr=0.00113821 step=stateful RMSProp step applied
    unit 51/65 rc=942005 chunks=6 trained_queries=295710 trained_events=510176 mean_loss=1.935437 lr=0.00113751 step=stateful RMSProp step applied
    unit 52/65 rc=988604 chunks=4 trained_queries=190096 trained_events=338304 mean_loss=1.872408 lr=0.0011368 step=stateful RMSProp step applied
    unit 53/65 rc=1019500 chunks=9 trained_queries=413444 trained_events=737802 mean_loss=1.906504 lr=0.0011361 step=stateful RMSProp step applied
    unit 54/65 rc=1087047 chunks=12 trained_queries=553466 trained_events=1002752 mean_loss=1.922507 lr=0.0011354 step=stateful RMSProp step applied
    unit 55/65 rc=1178720 chunks=2 trained_queries=96605 trained_events=164880 mean_loss=1.911828 lr=0.00113469 step=stateful RMSProp step applied
    unit 56/65 rc=1193882 chunks=1 trained_queries=5343 trained_events=9456 mean_loss=1.614698 lr=0.00113399 step=stateful RMSProp step applied
    unit 57/65 rc=1194732 chunks=9 trained_queries=426507 trained_events=745745 mean_loss=1.936958 lr=0.00113329 step=stateful RMSProp step applied
    unit 58/65 rc=1262782 chunks=9 trained_queries=420566 trained_events=755486 mean_loss=1.921163 lr=0.00113259 step=stateful RMSProp step applied
    unit 59/65 rc=1332021 chunks=11 trained_queries=535061 trained_events=1019376 mean_loss=1.871449 lr=0.00113188 step=stateful RMSProp step applied
    unit 60/65 rc=1425400 chunks=5 trained_queries=235017 trained_events=405880 mean_loss=1.912997 lr=0.00113118 step=stateful RMSProp step applied
    unit 61/65 rc=1462524 chunks=2 trained_queries=68054 trained_events=119056 mean_loss=1.795446 lr=0.00113048 step=stateful RMSProp step applied
    unit 62/65 rc=1473469 chunks=3 trained_queries=147152 trained_events=266576 mean_loss=1.842798 lr=0.00112977 step=stateful RMSProp step applied
    unit 63/65 rc=1497733 chunks=1 trained_queries=5204 trained_events=8048 mean_loss=1.849033 lr=0.00112907 step=stateful RMSProp step applied
    unit 64/65 rc=1498502 chunks=4 trained_queries=165699 trained_events=311920 mean_loss=1.811829 lr=0.00112837 step=stateful RMSProp step applied
    unit 65/65 rc=1526829 chunks=1 trained_queries=3594 trained_events=5440 mean_loss=1.627711 lr=0.00112767 step=stateful RMSProp step applied
  train-epoch: epoch 58 summary trained_queries=8880122 trained_events=16953844 mean_loss=1.860733
  train-epoch: epoch 59/100
    unit 1/65 rc=1 chunks=5 trained_queries=235411 trained_events=602672 mean_loss=1.671892 lr=0.00112697 step=stateful RMSProp step applied
    unit 2/65 rc=47811 chunks=25 trained_queries=1209056 trained_events=2588009 mean_loss=1.908209 lr=0.00112626 step=stateful RMSProp step applied
    unit 3/65 rc=282625 chunks=1 trained_queries=17780 trained_events=32192 mean_loss=1.622612 lr=0.00112556 step=stateful RMSProp step applied
    unit 4/65 rc=285382 chunks=1 trained_queries=16 trained_events=16 mean_loss=0.314655 lr=0.00112486 step=stateful RMSProp step applied
    unit 5/65 rc=285383 chunks=1 trained_queries=41 trained_events=48 mean_loss=0.470499 lr=0.00112416 step=stateful RMSProp step applied
    unit 6/65 rc=285388 chunks=2 trained_queries=54875 trained_events=94080 mean_loss=1.948182 lr=0.00112346 step=stateful RMSProp step applied
    unit 7/65 rc=294043 chunks=3 trained_queries=146903 trained_events=301856 mean_loss=1.767597 lr=0.00112275 step=stateful RMSProp step applied
    unit 8/65 rc=321434 chunks=1 trained_queries=19351 trained_events=28624 mean_loss=1.918319 lr=0.00112205 step=stateful RMSProp step applied
    unit 9/65 rc=324057 chunks=1 trained_queries=35110 trained_events=118240 mean_loss=1.349193 lr=0.00112135 step=stateful RMSProp step applied
    unit 10/65 rc=331740 chunks=1 trained_queries=16 trained_events=432 mean_loss=0.097614 lr=0.00112065 step=stateful RMSProp step applied
    unit 11/65 rc=331741 chunks=2 trained_queries=74861 trained_events=154864 mean_loss=1.686495 lr=0.00111995 step=stateful RMSProp step applied
    unit 12/65 rc=345687 chunks=1 trained_queries=30300 trained_events=55216 mean_loss=1.682104 lr=0.00111925 step=stateful RMSProp step applied
    unit 13/65 rc=350763 chunks=1 trained_queries=15923 trained_events=37200 mean_loss=1.494984 lr=0.00111854 step=stateful RMSProp step applied
    unit 14/65 rc=353625 chunks=2 trained_queries=55670 trained_events=115472 mean_loss=1.688870 lr=0.00111784 step=stateful RMSProp step applied
    unit 15/65 rc=364135 chunks=1 trained_queries=19324 trained_events=41184 mean_loss=1.649146 lr=0.00111714 step=stateful RMSProp step applied
    unit 16/65 rc=367786 chunks=1 trained_queries=22956 trained_events=58432 mean_loss=1.489515 lr=0.00111644 step=stateful RMSProp step applied
    unit 17/65 rc=372767 chunks=1 trained_queries=12887 trained_events=31552 mean_loss=1.403550 lr=0.00111574 step=stateful RMSProp step applied
    unit 18/65 rc=375106 chunks=1 trained_queries=37224 trained_events=92032 mean_loss=1.432669 lr=0.00111504 step=stateful RMSProp step applied
    unit 19/65 rc=382687 chunks=1 trained_queries=11903 trained_events=27856 mean_loss=1.569674 lr=0.00111434 step=stateful RMSProp step applied
    unit 20/65 rc=384937 chunks=1 trained_queries=13922 trained_events=37200 mean_loss=1.388421 lr=0.00111364 step=stateful RMSProp step applied
    unit 21/65 rc=387825 chunks=1 trained_queries=20966 trained_events=46224 mean_loss=1.607344 lr=0.00111294 step=stateful RMSProp step applied
    unit 22/65 rc=391753 chunks=2 trained_queries=80510 trained_events=178352 mean_loss=1.619207 lr=0.00111224 step=stateful RMSProp step applied
    unit 23/65 rc=407234 chunks=1 trained_queries=2379 trained_events=5104 mean_loss=1.416470 lr=0.00111154 step=stateful RMSProp step applied
    unit 24/65 rc=407680 chunks=1 trained_queries=6700 trained_events=24672 mean_loss=1.050867 lr=0.00111084 step=stateful RMSProp step applied
    unit 25/65 rc=409029 chunks=1 trained_queries=26203 trained_events=59152 mean_loss=1.560038 lr=0.00111014 step=stateful RMSProp step applied
    unit 26/65 rc=414232 chunks=1 trained_queries=20070 trained_events=43728 mean_loss=1.617933 lr=0.00110944 step=stateful RMSProp step applied
    unit 27/65 rc=418109 chunks=1 trained_queries=30344 trained_events=74160 mean_loss=1.412563 lr=0.00110874 step=stateful RMSProp step applied
    unit 28/65 rc=424071 chunks=1 trained_queries=37398 trained_events=78688 mean_loss=1.591055 lr=0.00110804 step=stateful RMSProp step applied
    unit 29/65 rc=431070 chunks=1 trained_queries=9984 trained_events=22352 mean_loss=1.618633 lr=0.00110734 step=stateful RMSProp step applied
    unit 30/65 rc=433017 chunks=1 trained_queries=368 trained_events=3696 mean_loss=0.375840 lr=0.00110664 step=stateful RMSProp step applied
    unit 31/65 rc=433081 chunks=1 trained_queries=31432 trained_events=72896 mean_loss=1.538611 lr=0.00110594 step=stateful RMSProp step applied
    unit 32/65 rc=439253 chunks=1 trained_queries=32416 trained_events=67744 mean_loss=1.680456 lr=0.00110524 step=stateful RMSProp step applied
    unit 33/65 rc=445065 chunks=2 trained_queries=52575 trained_events=104160 mean_loss=1.706221 lr=0.00110454 step=stateful RMSProp step applied
    unit 34/65 rc=454440 chunks=1 trained_queries=18981 trained_events=51680 mean_loss=1.285842 lr=0.00110384 step=stateful RMSProp step applied
    unit 35/65 rc=458387 chunks=1 trained_queries=5199 trained_events=12224 mean_loss=1.362809 lr=0.00110314 step=stateful RMSProp step applied
    unit 36/65 rc=459434 chunks=1 trained_queries=25529 trained_events=53568 mean_loss=1.601425 lr=0.00110244 step=stateful RMSProp step applied
    unit 37/65 rc=464285 chunks=1 trained_queries=944 trained_events=1792 mean_loss=1.161653 lr=0.00110174 step=stateful RMSProp step applied
    unit 38/65 rc=464449 chunks=1 trained_queries=13111 trained_events=27072 mean_loss=1.472599 lr=0.00110104 step=stateful RMSProp step applied
    unit 39/65 rc=466777 chunks=1 trained_queries=1172 trained_events=2576 mean_loss=1.095894 lr=0.00110035 step=stateful RMSProp step applied
    unit 40/65 rc=467002 chunks=10 trained_queries=476268 trained_events=843008 mean_loss=1.963989 lr=0.00109965 step=stateful RMSProp step applied
    unit 41/65 rc=544108 chunks=2 trained_queries=98499 trained_events=172032 mean_loss=1.906510 lr=0.00109895 step=stateful RMSProp step applied
    unit 42/65 rc=559920 chunks=3 trained_queries=136044 trained_events=238517 mean_loss=1.899343 lr=0.00109825 step=stateful RMSProp step applied
    unit 43/65 rc=581652 chunks=6 trained_queries=267495 trained_events=477697 mean_loss=1.891715 lr=0.00109755 step=stateful RMSProp step applied
    unit 44/65 rc=625299 chunks=16 trained_queries=787430 trained_events=1441440 mean_loss=1.930263 lr=0.00109685 step=stateful RMSProp step applied
    unit 45/65 rc=756698 chunks=3 trained_queries=135019 trained_events=240624 mean_loss=1.869317 lr=0.00109615 step=stateful RMSProp step applied
    unit 46/65 rc=778776 chunks=3 trained_queries=120415 trained_events=203264 mean_loss=1.872814 lr=0.00109546 step=stateful RMSProp step applied
    unit 47/65 rc=797238 chunks=9 trained_queries=409632 trained_events=780452 mean_loss=1.890507 lr=0.00109476 step=stateful RMSProp step applied
    unit 48/65 rc=868544 chunks=8 trained_queries=388601 trained_events=691328 mean_loss=1.915074 lr=0.00109406 step=stateful RMSProp step applied
    unit 49/65 rc=931357 chunks=1 trained_queries=5910 trained_events=9744 mean_loss=1.673654 lr=0.00109336 step=stateful RMSProp step applied
    unit 50/65 rc=932241 chunks=2 trained_queries=63481 trained_events=107824 mean_loss=1.808060 lr=0.00109266 step=stateful RMSProp step applied
    unit 51/65 rc=942005 chunks=6 trained_queries=295710 trained_events=510176 mean_loss=1.929341 lr=0.00109197 step=stateful RMSProp step applied
    unit 52/65 rc=988604 chunks=4 trained_queries=190096 trained_events=338304 mean_loss=1.874710 lr=0.00109127 step=stateful RMSProp step applied
    unit 53/65 rc=1019500 chunks=9 trained_queries=413444 trained_events=737802 mean_loss=1.902339 lr=0.00109057 step=stateful RMSProp step applied
    unit 54/65 rc=1087047 chunks=12 trained_queries=553466 trained_events=1002752 mean_loss=1.918021 lr=0.00108987 step=stateful RMSProp step applied
    unit 55/65 rc=1178720 chunks=2 trained_queries=96605 trained_events=164880 mean_loss=1.922773 lr=0.00108918 step=stateful RMSProp step applied
    unit 56/65 rc=1193882 chunks=1 trained_queries=5343 trained_events=9456 mean_loss=1.610514 lr=0.00108848 step=stateful RMSProp step applied
    unit 57/65 rc=1194732 chunks=9 trained_queries=426507 trained_events=745745 mean_loss=1.934055 lr=0.00108778 step=stateful RMSProp step applied
    unit 58/65 rc=1262782 chunks=9 trained_queries=420566 trained_events=755486 mean_loss=1.918401 lr=0.00108709 step=stateful RMSProp step applied
    unit 59/65 rc=1332021 chunks=11 trained_queries=535061 trained_events=1019376 mean_loss=1.868968 lr=0.00108639 step=stateful RMSProp step applied
    unit 60/65 rc=1425400 chunks=5 trained_queries=235017 trained_events=405880 mean_loss=1.908976 lr=0.00108569 step=stateful RMSProp step applied
    unit 61/65 rc=1462524 chunks=2 trained_queries=68054 trained_events=119056 mean_loss=1.785066 lr=0.001085 step=stateful RMSProp step applied
    unit 62/65 rc=1473469 chunks=3 trained_queries=147152 trained_events=266576 mean_loss=1.831316 lr=0.0010843 step=stateful RMSProp step applied
    unit 63/65 rc=1497733 chunks=1 trained_queries=5204 trained_events=8048 mean_loss=1.841599 lr=0.0010836 step=stateful RMSProp step applied
    unit 64/65 rc=1498502 chunks=4 trained_queries=165699 trained_events=311920 mean_loss=1.802163 lr=0.00108291 step=stateful RMSProp step applied
    unit 65/65 rc=1526829 chunks=1 trained_queries=3594 trained_events=5440 mean_loss=1.625021 lr=0.00108221 step=stateful RMSProp step applied
  train-epoch: epoch 59 summary trained_queries=8880122 trained_events=16953844 mean_loss=1.858255
  train-epoch: epoch 60/100
    unit 1/65 rc=1 chunks=5 trained_queries=235411 trained_events=602672 mean_loss=1.662057 lr=0.00108151 step=stateful RMSProp step applied
    unit 2/65 rc=47811 chunks=25 trained_queries=1209056 trained_events=2588009 mean_loss=1.904915 lr=0.00108082 step=stateful RMSProp step applied
    unit 3/65 rc=282625 chunks=1 trained_queries=17780 trained_events=32192 mean_loss=1.613469 lr=0.00108012 step=stateful RMSProp step applied
    unit 4/65 rc=285382 chunks=1 trained_queries=16 trained_events=16 mean_loss=0.312086 lr=0.00107942 step=stateful RMSProp step applied
    unit 5/65 rc=285383 chunks=1 trained_queries=41 trained_events=48 mean_loss=0.415209 lr=0.00107873 step=stateful RMSProp step applied
    unit 6/65 rc=285388 chunks=2 trained_queries=54875 trained_events=94080 mean_loss=1.941325 lr=0.00107803 step=stateful RMSProp step applied
    unit 7/65 rc=294043 chunks=3 trained_queries=146903 trained_events=301856 mean_loss=1.761441 lr=0.00107734 step=stateful RMSProp step applied
    unit 8/65 rc=321434 chunks=1 trained_queries=19351 trained_events=28624 mean_loss=1.915006 lr=0.00107664 step=stateful RMSProp step applied
    unit 9/65 rc=324057 chunks=1 trained_queries=35110 trained_events=118240 mean_loss=1.336897 lr=0.00107595 step=stateful RMSProp step applied
    unit 10/65 rc=331740 chunks=1 trained_queries=16 trained_events=432 mean_loss=0.008863 lr=0.00107525 step=stateful RMSProp step applied
    unit 11/65 rc=331741 chunks=2 trained_queries=74861 trained_events=154864 mean_loss=1.656880 lr=0.00107456 step=stateful RMSProp step applied
    unit 12/65 rc=345687 chunks=1 trained_queries=30300 trained_events=55216 mean_loss=1.673212 lr=0.00107386 step=stateful RMSProp step applied
    unit 13/65 rc=350763 chunks=1 trained_queries=15923 trained_events=37200 mean_loss=1.462364 lr=0.00107317 step=stateful RMSProp step applied
    unit 14/65 rc=353625 chunks=2 trained_queries=55670 trained_events=115472 mean_loss=1.671548 lr=0.00107247 step=stateful RMSProp step applied
    unit 15/65 rc=364135 chunks=1 trained_queries=19324 trained_events=41184 mean_loss=1.633734 lr=0.00107178 step=stateful RMSProp step applied
    unit 16/65 rc=367786 chunks=1 trained_queries=22956 trained_events=58432 mean_loss=1.474871 lr=0.00107108 step=stateful RMSProp step applied
    unit 17/65 rc=372767 chunks=1 trained_queries=12887 trained_events=31552 mean_loss=1.385695 lr=0.00107039 step=stateful RMSProp step applied
    unit 18/65 rc=375106 chunks=1 trained_queries=37224 trained_events=92032 mean_loss=1.420127 lr=0.00106969 step=stateful RMSProp step applied
    unit 19/65 rc=382687 chunks=1 trained_queries=11903 trained_events=27856 mean_loss=1.560152 lr=0.001069 step=stateful RMSProp step applied
    unit 20/65 rc=384937 chunks=1 trained_queries=13922 trained_events=37200 mean_loss=1.386035 lr=0.0010683 step=stateful RMSProp step applied
    unit 21/65 rc=387825 chunks=1 trained_queries=20966 trained_events=46224 mean_loss=1.582276 lr=0.00106761 step=stateful RMSProp step applied
    unit 22/65 rc=391753 chunks=2 trained_queries=80510 trained_events=178352 mean_loss=1.614391 lr=0.00106691 step=stateful RMSProp step applied
    unit 23/65 rc=407234 chunks=1 trained_queries=2379 trained_events=5104 mean_loss=1.396183 lr=0.00106622 step=stateful RMSProp step applied
    unit 24/65 rc=407680 chunks=1 trained_queries=6700 trained_events=24672 mean_loss=1.032649 lr=0.00106553 step=stateful RMSProp step applied
    unit 25/65 rc=409029 chunks=1 trained_queries=26203 trained_events=59152 mean_loss=1.530251 lr=0.00106483 step=stateful RMSProp step applied
    unit 26/65 rc=414232 chunks=1 trained_queries=20070 trained_events=43728 mean_loss=1.611819 lr=0.00106414 step=stateful RMSProp step applied
    unit 27/65 rc=418109 chunks=1 trained_queries=30344 trained_events=74160 mean_loss=1.397678 lr=0.00106345 step=stateful RMSProp step applied
    unit 28/65 rc=424071 chunks=1 trained_queries=37398 trained_events=78688 mean_loss=1.592345 lr=0.00106275 step=stateful RMSProp step applied
    unit 29/65 rc=431070 chunks=1 trained_queries=9984 trained_events=22352 mean_loss=1.609403 lr=0.00106206 step=stateful RMSProp step applied
    unit 30/65 rc=433017 chunks=1 trained_queries=368 trained_events=3696 mean_loss=0.378182 lr=0.00106137 step=stateful RMSProp step applied
    unit 31/65 rc=433081 chunks=1 trained_queries=31432 trained_events=72896 mean_loss=1.539206 lr=0.00106067 step=stateful RMSProp step applied
    unit 32/65 rc=439253 chunks=1 trained_queries=32416 trained_events=67744 mean_loss=1.678235 lr=0.00105998 step=stateful RMSProp step applied
    unit 33/65 rc=445065 chunks=2 trained_queries=52575 trained_events=104160 mean_loss=1.704241 lr=0.00105929 step=stateful RMSProp step applied
    unit 34/65 rc=454440 chunks=1 trained_queries=18981 trained_events=51680 mean_loss=1.295734 lr=0.00105859 step=stateful RMSProp step applied
    unit 35/65 rc=458387 chunks=1 trained_queries=5199 trained_events=12224 mean_loss=1.357693 lr=0.0010579 step=stateful RMSProp step applied
    unit 36/65 rc=459434 chunks=1 trained_queries=25529 trained_events=53568 mean_loss=1.597299 lr=0.00105721 step=stateful RMSProp step applied
    unit 37/65 rc=464285 chunks=1 trained_queries=944 trained_events=1792 mean_loss=1.151372 lr=0.00105651 step=stateful RMSProp step applied
    unit 38/65 rc=464449 chunks=1 trained_queries=13111 trained_events=27072 mean_loss=1.479909 lr=0.00105582 step=stateful RMSProp step applied
    unit 39/65 rc=466777 chunks=1 trained_queries=1172 trained_events=2576 mean_loss=1.096953 lr=0.00105513 step=stateful RMSProp step applied
    unit 40/65 rc=467002 chunks=10 trained_queries=476268 trained_events=843008 mean_loss=1.952197 lr=0.00105444 step=stateful RMSProp step applied
    unit 41/65 rc=544108 chunks=2 trained_queries=98499 trained_events=172032 mean_loss=1.903636 lr=0.00105375 step=stateful RMSProp step applied
    unit 42/65 rc=559920 chunks=3 trained_queries=136044 trained_events=238517 mean_loss=1.895429 lr=0.00105305 step=stateful RMSProp step applied
    unit 43/65 rc=581652 chunks=6 trained_queries=267495 trained_events=477697 mean_loss=1.891567 lr=0.00105236 step=stateful RMSProp step applied
    unit 44/65 rc=625299 chunks=16 trained_queries=787430 trained_events=1441440 mean_loss=1.926067 lr=0.00105167 step=stateful RMSProp step applied
    unit 45/65 rc=756698 chunks=3 trained_queries=135019 trained_events=240624 mean_loss=1.867208 lr=0.00105098 step=stateful RMSProp step applied
    unit 46/65 rc=778776 chunks=3 trained_queries=120415 trained_events=203264 mean_loss=1.870485 lr=0.00105029 step=stateful RMSProp step applied
    unit 47/65 rc=797238 chunks=9 trained_queries=409632 trained_events=780452 mean_loss=1.886346 lr=0.00104959 step=stateful RMSProp step applied
    unit 48/65 rc=868544 chunks=8 trained_queries=388601 trained_events=691328 mean_loss=1.910730 lr=0.0010489 step=stateful RMSProp step applied
    unit 49/65 rc=931357 chunks=1 trained_queries=5910 trained_events=9744 mean_loss=1.671005 lr=0.00104821 step=stateful RMSProp step applied
    unit 50/65 rc=932241 chunks=2 trained_queries=63481 trained_events=107824 mean_loss=1.801204 lr=0.00104752 step=stateful RMSProp step applied
    unit 51/65 rc=942005 chunks=6 trained_queries=295710 trained_events=510176 mean_loss=1.925953 lr=0.00104683 step=stateful RMSProp step applied
    unit 52/65 rc=988604 chunks=4 trained_queries=190096 trained_events=338304 mean_loss=1.867783 lr=0.00104614 step=stateful RMSProp step applied
    unit 53/65 rc=1019500 chunks=9 trained_queries=413444 trained_events=737802 mean_loss=1.900048 lr=0.00104545 step=stateful RMSProp step applied
    unit 54/65 rc=1087047 chunks=12 trained_queries=553466 trained_events=1002752 mean_loss=1.916187 lr=0.00104476 step=stateful RMSProp step applied
    unit 55/65 rc=1178720 chunks=2 trained_queries=96605 trained_events=164880 mean_loss=1.904271 lr=0.00104407 step=stateful RMSProp step applied
    unit 56/65 rc=1193882 chunks=1 trained_queries=5343 trained_events=9456 mean_loss=1.606579 lr=0.00104337 step=stateful RMSProp step applied
    unit 57/65 rc=1194732 chunks=9 trained_queries=426507 trained_events=745745 mean_loss=1.931586 lr=0.00104268 step=stateful RMSProp step applied
    unit 58/65 rc=1262782 chunks=9 trained_queries=420566 trained_events=755486 mean_loss=1.913437 lr=0.00104199 step=stateful RMSProp step applied
    unit 59/65 rc=1332021 chunks=11 trained_queries=535061 trained_events=1019376 mean_loss=1.865473 lr=0.0010413 step=stateful RMSProp step applied
    unit 60/65 rc=1425400 chunks=5 trained_queries=235017 trained_events=405880 mean_loss=1.906344 lr=0.00104061 step=stateful RMSProp step applied
    unit 61/65 rc=1462524 chunks=2 trained_queries=68054 trained_events=119056 mean_loss=1.789118 lr=0.00103992 step=stateful RMSProp step applied
    unit 62/65 rc=1473469 chunks=3 trained_queries=147152 trained_events=266576 mean_loss=1.835635 lr=0.00103923 step=stateful RMSProp step applied
    unit 63/65 rc=1497733 chunks=1 trained_queries=5204 trained_events=8048 mean_loss=1.850180 lr=0.00103854 step=stateful RMSProp step applied
    unit 64/65 rc=1498502 chunks=4 trained_queries=165699 trained_events=311920 mean_loss=1.804469 lr=0.00103785 step=stateful RMSProp step applied
    unit 65/65 rc=1526829 chunks=1 trained_queries=3594 trained_events=5440 mean_loss=1.624463 lr=0.00103716 step=stateful RMSProp step applied
  train-epoch: epoch 60 summary trained_queries=8880122 trained_events=16953844 mean_loss=1.853514
  train-epoch: epoch 61/100
    unit 1/65 rc=1 chunks=5 trained_queries=235411 trained_events=602672 mean_loss=1.658712 lr=0.00103647 step=stateful RMSProp step applied
    unit 2/65 rc=47811 chunks=25 trained_queries=1209056 trained_events=2588009 mean_loss=1.907066 lr=0.00103578 step=stateful RMSProp step applied
    unit 3/65 rc=282625 chunks=1 trained_queries=17780 trained_events=32192 mean_loss=1.611864 lr=0.0010351 step=stateful RMSProp step applied
    unit 4/65 rc=285382 chunks=1 trained_queries=16 trained_events=16 mean_loss=0.305145 lr=0.00103441 step=stateful RMSProp step applied
    unit 5/65 rc=285383 chunks=1 trained_queries=41 trained_events=48 mean_loss=0.443876 lr=0.00103372 step=stateful RMSProp step applied
    unit 6/65 rc=285388 chunks=2 trained_queries=54875 trained_events=94080 mean_loss=1.943962 lr=0.00103303 step=stateful RMSProp step applied
    unit 7/65 rc=294043 chunks=3 trained_queries=146903 trained_events=301856 mean_loss=1.761231 lr=0.00103234 step=stateful RMSProp step applied
    unit 8/65 rc=321434 chunks=1 trained_queries=19351 trained_events=28624 mean_loss=1.913134 lr=0.00103165 step=stateful RMSProp step applied
    unit 9/65 rc=324057 chunks=1 trained_queries=35110 trained_events=118240 mean_loss=1.350869 lr=0.00103096 step=stateful RMSProp step applied
    unit 10/65 rc=331740 chunks=1 trained_queries=16 trained_events=432 mean_loss=0.009722 lr=0.00103027 step=stateful RMSProp step applied
    unit 11/65 rc=331741 chunks=2 trained_queries=74861 trained_events=154864 mean_loss=1.648676 lr=0.00102958 step=stateful RMSProp step applied
    unit 12/65 rc=345687 chunks=1 trained_queries=30300 trained_events=55216 mean_loss=1.666163 lr=0.0010289 step=stateful RMSProp step applied
    unit 13/65 rc=350763 chunks=1 trained_queries=15923 trained_events=37200 mean_loss=1.464654 lr=0.00102821 step=stateful RMSProp step applied
    unit 14/65 rc=353625 chunks=2 trained_queries=55670 trained_events=115472 mean_loss=1.669839 lr=0.00102752 step=stateful RMSProp step applied
    unit 15/65 rc=364135 chunks=1 trained_queries=19324 trained_events=41184 mean_loss=1.655140 lr=0.00102683 step=stateful RMSProp step applied
    unit 16/65 rc=367786 chunks=1 trained_queries=22956 trained_events=58432 mean_loss=1.526936 lr=0.00102614 step=stateful RMSProp step applied
    unit 17/65 rc=372767 chunks=1 trained_queries=12887 trained_events=31552 mean_loss=1.397663 lr=0.00102546 step=stateful RMSProp step applied
    unit 18/65 rc=375106 chunks=1 trained_queries=37224 trained_events=92032 mean_loss=1.421786 lr=0.00102477 step=stateful RMSProp step applied
    unit 19/65 rc=382687 chunks=1 trained_queries=11903 trained_events=27856 mean_loss=1.553254 lr=0.00102408 step=stateful RMSProp step applied
    unit 20/65 rc=384937 chunks=1 trained_queries=13922 trained_events=37200 mean_loss=1.382539 lr=0.00102339 step=stateful RMSProp step applied
    unit 21/65 rc=387825 chunks=1 trained_queries=20966 trained_events=46224 mean_loss=1.573866 lr=0.00102271 step=stateful RMSProp step applied
    unit 22/65 rc=391753 chunks=2 trained_queries=80510 trained_events=178352 mean_loss=1.613089 lr=0.00102202 step=stateful RMSProp step applied
    unit 23/65 rc=407234 chunks=1 trained_queries=2379 trained_events=5104 mean_loss=1.405834 lr=0.00102133 step=stateful RMSProp step applied
    unit 24/65 rc=407680 chunks=1 trained_queries=6700 trained_events=24672 mean_loss=1.042757 lr=0.00102064 step=stateful RMSProp step applied
    unit 25/65 rc=409029 chunks=1 trained_queries=26203 trained_events=59152 mean_loss=1.523928 lr=0.00101996 step=stateful RMSProp step applied
    unit 26/65 rc=414232 chunks=1 trained_queries=20070 trained_events=43728 mean_loss=1.607771 lr=0.00101927 step=stateful RMSProp step applied
    unit 27/65 rc=418109 chunks=1 trained_queries=30344 trained_events=74160 mean_loss=1.393088 lr=0.00101858 step=stateful RMSProp step applied
    unit 28/65 rc=424071 chunks=1 trained_queries=37398 trained_events=78688 mean_loss=1.584832 lr=0.0010179 step=stateful RMSProp step applied
    unit 29/65 rc=431070 chunks=1 trained_queries=9984 trained_events=22352 mean_loss=1.611923 lr=0.00101721 step=stateful RMSProp step applied
    unit 30/65 rc=433017 chunks=1 trained_queries=368 trained_events=3696 mean_loss=0.376417 lr=0.00101653 step=stateful RMSProp step applied
    unit 31/65 rc=433081 chunks=1 trained_queries=31432 trained_events=72896 mean_loss=1.507142 lr=0.00101584 step=stateful RMSProp step applied
    unit 32/65 rc=439253 chunks=1 trained_queries=32416 trained_events=67744 mean_loss=1.672645 lr=0.00101515 step=stateful RMSProp step applied
    unit 33/65 rc=445065 chunks=2 trained_queries=52575 trained_events=104160 mean_loss=1.702226 lr=0.00101447 step=stateful RMSProp step applied
    unit 34/65 rc=454440 chunks=1 trained_queries=18981 trained_events=51680 mean_loss=1.282600 lr=0.00101378 step=stateful RMSProp step applied
    unit 35/65 rc=458387 chunks=1 trained_queries=5199 trained_events=12224 mean_loss=1.366446 lr=0.0010131 step=stateful RMSProp step applied
    unit 36/65 rc=459434 chunks=1 trained_queries=25529 trained_events=53568 mean_loss=1.598152 lr=0.00101241 step=stateful RMSProp step applied
    unit 37/65 rc=464285 chunks=1 trained_queries=944 trained_events=1792 mean_loss=1.146699 lr=0.00101172 step=stateful RMSProp step applied
    unit 38/65 rc=464449 chunks=1 trained_queries=13111 trained_events=27072 mean_loss=1.463499 lr=0.00101104 step=stateful RMSProp step applied
    unit 39/65 rc=466777 chunks=1 trained_queries=1172 trained_events=2576 mean_loss=1.090851 lr=0.00101035 step=stateful RMSProp step applied
    unit 40/65 rc=467002 chunks=10 trained_queries=476268 trained_events=843008 mean_loss=1.950776 lr=0.00100967 step=stateful RMSProp step applied
    unit 41/65 rc=544108 chunks=2 trained_queries=98499 trained_events=172032 mean_loss=1.902004 lr=0.00100898 step=stateful RMSProp step applied
    unit 42/65 rc=559920 chunks=3 trained_queries=136044 trained_events=238517 mean_loss=1.892484 lr=0.0010083 step=stateful RMSProp step applied
    unit 43/65 rc=581652 chunks=6 trained_queries=267495 trained_events=477697 mean_loss=1.887476 lr=0.00100761 step=stateful RMSProp step applied
    unit 44/65 rc=625299 chunks=16 trained_queries=787430 trained_events=1441440 mean_loss=1.924643 lr=0.00100693 step=stateful RMSProp step applied
    unit 45/65 rc=756698 chunks=3 trained_queries=135019 trained_events=240624 mean_loss=1.863637 lr=0.00100624 step=stateful RMSProp step applied
    unit 46/65 rc=778776 chunks=3 trained_queries=120415 trained_events=203264 mean_loss=1.866672 lr=0.00100556 step=stateful RMSProp step applied
    unit 47/65 rc=797238 chunks=9 trained_queries=409632 trained_events=780452 mean_loss=1.884215 lr=0.00100487 step=stateful RMSProp step applied
    unit 48/65 rc=868544 chunks=8 trained_queries=388601 trained_events=691328 mean_loss=1.909026 lr=0.00100419 step=stateful RMSProp step applied
    unit 49/65 rc=931357 chunks=1 trained_queries=5910 trained_events=9744 mean_loss=1.671121 lr=0.00100351 step=stateful RMSProp step applied
    unit 50/65 rc=932241 chunks=2 trained_queries=63481 trained_events=107824 mean_loss=1.798608 lr=0.00100282 step=stateful RMSProp step applied
    unit 51/65 rc=942005 chunks=6 trained_queries=295710 trained_events=510176 mean_loss=1.923110 lr=0.00100214 step=stateful RMSProp step applied
    unit 52/65 rc=988604 chunks=4 trained_queries=190096 trained_events=338304 mean_loss=1.864622 lr=0.00100145 step=stateful RMSProp step applied
    unit 53/65 rc=1019500 chunks=9 trained_queries=413444 trained_events=737802 mean_loss=1.903579 lr=0.00100077 step=stateful RMSProp step applied
    unit 54/65 rc=1087047 chunks=12 trained_queries=553466 trained_events=1002752 mean_loss=1.913244 lr=0.00100009 step=stateful RMSProp step applied
    unit 55/65 rc=1178720 chunks=2 trained_queries=96605 trained_events=164880 mean_loss=1.906717 lr=0.000999403 step=stateful RMSProp step applied
    unit 56/65 rc=1193882 chunks=1 trained_queries=5343 trained_events=9456 mean_loss=1.602269 lr=0.00099872 step=stateful RMSProp step applied
    unit 57/65 rc=1194732 chunks=9 trained_queries=426507 trained_events=745745 mean_loss=1.926674 lr=0.000998037 step=stateful RMSProp step applied
    unit 58/65 rc=1262782 chunks=9 trained_queries=420566 trained_events=755486 mean_loss=1.910419 lr=0.000997354 step=stateful RMSProp step applied
    unit 59/65 rc=1332021 chunks=11 trained_queries=535061 trained_events=1019376 mean_loss=1.863878 lr=0.000996671 step=stateful RMSProp step applied
    unit 60/65 rc=1425400 chunks=5 trained_queries=235017 trained_events=405880 mean_loss=1.902506 lr=0.000995988 step=stateful RMSProp step applied
    unit 61/65 rc=1462524 chunks=2 trained_queries=68054 trained_events=119056 mean_loss=1.776578 lr=0.000995305 step=stateful RMSProp step applied
    unit 62/65 rc=1473469 chunks=3 trained_queries=147152 trained_events=266576 mean_loss=1.828078 lr=0.000994622 step=stateful RMSProp step applied
    unit 63/65 rc=1497733 chunks=1 trained_queries=5204 trained_events=8048 mean_loss=1.838838 lr=0.00099394 step=stateful RMSProp step applied
    unit 64/65 rc=1498502 chunks=4 trained_queries=165699 trained_events=311920 mean_loss=1.800539 lr=0.000993257 step=stateful RMSProp step applied
    unit 65/65 rc=1526829 chunks=1 trained_queries=3594 trained_events=5440 mean_loss=1.622995 lr=0.000992575 step=stateful RMSProp step applied
  train-epoch: epoch 61 summary trained_queries=8880122 trained_events=16953844 mean_loss=1.852014
  train-epoch: epoch 62/100
    unit 1/65 rc=1 chunks=5 trained_queries=235411 trained_events=602672 mean_loss=1.654744 lr=0.000991893 step=stateful RMSProp step applied
    unit 2/65 rc=47811 chunks=25 trained_queries=1209056 trained_events=2588009 mean_loss=1.905108 lr=0.000991211 step=stateful RMSProp step applied
    unit 3/65 rc=282625 chunks=1 trained_queries=17780 trained_events=32192 mean_loss=1.606034 lr=0.000990529 step=stateful RMSProp step applied
    unit 4/65 rc=285382 chunks=1 trained_queries=16 trained_events=16 mean_loss=0.301461 lr=0.000989847 step=stateful RMSProp step applied
    unit 5/65 rc=285383 chunks=1 trained_queries=41 trained_events=48 mean_loss=0.418557 lr=0.000989166 step=stateful RMSProp step applied
    unit 6/65 rc=285388 chunks=2 trained_queries=54875 trained_events=94080 mean_loss=1.923911 lr=0.000988484 step=stateful RMSProp step applied
    unit 7/65 rc=294043 chunks=3 trained_queries=146903 trained_events=301856 mean_loss=1.754545 lr=0.000987803 step=stateful RMSProp step applied
    unit 8/65 rc=321434 chunks=1 trained_queries=19351 trained_events=28624 mean_loss=1.914592 lr=0.000987121 step=stateful RMSProp step applied
    unit 9/65 rc=324057 chunks=1 trained_queries=35110 trained_events=118240 mean_loss=1.319670 lr=0.00098644 step=stateful RMSProp step applied
    unit 10/65 rc=331740 chunks=1 trained_queries=16 trained_events=432 mean_loss=0.008827 lr=0.000985759 step=stateful RMSProp step applied
    unit 11/65 rc=331741 chunks=2 trained_queries=74861 trained_events=154864 mean_loss=1.652657 lr=0.000985078 step=stateful RMSProp step applied
    unit 12/65 rc=345687 chunks=1 trained_queries=30300 trained_events=55216 mean_loss=1.664961 lr=0.000984397 step=stateful RMSProp step applied
    unit 13/65 rc=350763 chunks=1 trained_queries=15923 trained_events=37200 mean_loss=1.453518 lr=0.000983716 step=stateful RMSProp step applied
    unit 14/65 rc=353625 chunks=2 trained_queries=55670 trained_events=115472 mean_loss=1.662622 lr=0.000983036 step=stateful RMSProp step applied
    unit 15/65 rc=364135 chunks=1 trained_queries=19324 trained_events=41184 mean_loss=1.630198 lr=0.000982355 step=stateful RMSProp step applied
    unit 16/65 rc=367786 chunks=1 trained_queries=22956 trained_events=58432 mean_loss=1.461807 lr=0.000981675 step=stateful RMSProp step applied
    unit 17/65 rc=372767 chunks=1 trained_queries=12887 trained_events=31552 mean_loss=1.375079 lr=0.000980994 step=stateful RMSProp step applied
    unit 18/65 rc=375106 chunks=1 trained_queries=37224 trained_events=92032 mean_loss=1.411762 lr=0.000980314 step=stateful RMSProp step applied
    unit 19/65 rc=382687 chunks=1 trained_queries=11903 trained_events=27856 mean_loss=1.540334 lr=0.000979634 step=stateful RMSProp step applied
    unit 20/65 rc=384937 chunks=1 trained_queries=13922 trained_events=37200 mean_loss=1.370801 lr=0.000978954 step=stateful RMSProp step applied
    unit 21/65 rc=387825 chunks=1 trained_queries=20966 trained_events=46224 mean_loss=1.564076 lr=0.000978275 step=stateful RMSProp step applied
    unit 22/65 rc=391753 chunks=2 trained_queries=80510 trained_events=178352 mean_loss=1.605799 lr=0.000977595 step=stateful RMSProp step applied
    unit 23/65 rc=407234 chunks=1 trained_queries=2379 trained_events=5104 mean_loss=1.393858 lr=0.000976915 step=stateful RMSProp step applied
    unit 24/65 rc=407680 chunks=1 trained_queries=6700 trained_events=24672 mean_loss=1.014742 lr=0.000976236 step=stateful RMSProp step applied
    unit 25/65 rc=409029 chunks=1 trained_queries=26203 trained_events=59152 mean_loss=1.514867 lr=0.000975557 step=stateful RMSProp step applied
    unit 26/65 rc=414232 chunks=1 trained_queries=20070 trained_events=43728 mean_loss=1.588629 lr=0.000974877 step=stateful RMSProp step applied
    unit 27/65 rc=418109 chunks=1 trained_queries=30344 trained_events=74160 mean_loss=1.390222 lr=0.000974198 step=stateful RMSProp step applied
    unit 28/65 rc=424071 chunks=1 trained_queries=37398 trained_events=78688 mean_loss=1.584103 lr=0.000973519 step=stateful RMSProp step applied
    unit 29/65 rc=431070 chunks=1 trained_queries=9984 trained_events=22352 mean_loss=1.605214 lr=0.000972841 step=stateful RMSProp step applied
    unit 30/65 rc=433017 chunks=1 trained_queries=368 trained_events=3696 mean_loss=0.379167 lr=0.000972162 step=stateful RMSProp step applied
    unit 31/65 rc=433081 chunks=1 trained_queries=31432 trained_events=72896 mean_loss=1.514909 lr=0.000971483 step=stateful RMSProp step applied
    unit 32/65 rc=439253 chunks=1 trained_queries=32416 trained_events=67744 mean_loss=1.675341 lr=0.000970805 step=stateful RMSProp step applied
    unit 33/65 rc=445065 chunks=2 trained_queries=52575 trained_events=104160 mean_loss=1.693057 lr=0.000970127 step=stateful RMSProp step applied
    unit 34/65 rc=454440 chunks=1 trained_queries=18981 trained_events=51680 mean_loss=1.270558 lr=0.000969449 step=stateful RMSProp step applied
    unit 35/65 rc=458387 chunks=1 trained_queries=5199 trained_events=12224 mean_loss=1.345682 lr=0.00096877 step=stateful RMSProp step applied
    unit 36/65 rc=459434 chunks=1 trained_queries=25529 trained_events=53568 mean_loss=1.591212 lr=0.000968093 step=stateful RMSProp step applied
    unit 37/65 rc=464285 chunks=1 trained_queries=944 trained_events=1792 mean_loss=1.142824 lr=0.000967415 step=stateful RMSProp step applied
    unit 38/65 rc=464449 chunks=1 trained_queries=13111 trained_events=27072 mean_loss=1.459989 lr=0.000966737 step=stateful RMSProp step applied
    unit 39/65 rc=466777 chunks=1 trained_queries=1172 trained_events=2576 mean_loss=1.085344 lr=0.00096606 step=stateful RMSProp step applied
    unit 40/65 rc=467002 chunks=10 trained_queries=476268 trained_events=843008 mean_loss=1.945885 lr=0.000965382 step=stateful RMSProp step applied
    unit 41/65 rc=544108 chunks=2 trained_queries=98499 trained_events=172032 mean_loss=1.898375 lr=0.000964705 step=stateful RMSProp step applied
    unit 42/65 rc=559920 chunks=3 trained_queries=136044 trained_events=238517 mean_loss=1.887732 lr=0.000964028 step=stateful RMSProp step applied
    unit 43/65 rc=581652 chunks=6 trained_queries=267495 trained_events=477697 mean_loss=1.883539 lr=0.000963351 step=stateful RMSProp step applied
    unit 44/65 rc=625299 chunks=16 trained_queries=787430 trained_events=1441440 mean_loss=1.922680 lr=0.000962674 step=stateful RMSProp step applied
    unit 45/65 rc=756698 chunks=3 trained_queries=135019 trained_events=240624 mean_loss=1.858743 lr=0.000961997 step=stateful RMSProp step applied
    unit 46/65 rc=778776 chunks=3 trained_queries=120415 trained_events=203264 mean_loss=1.863049 lr=0.00096132 step=stateful RMSProp step applied
    unit 47/65 rc=797238 chunks=9 trained_queries=409632 trained_events=780452 mean_loss=1.882081 lr=0.000960643 step=stateful RMSProp step applied
    unit 48/65 rc=868544 chunks=8 trained_queries=388601 trained_events=691328 mean_loss=1.905825 lr=0.000959967 step=stateful RMSProp step applied
    unit 49/65 rc=931357 chunks=1 trained_queries=5910 trained_events=9744 mean_loss=1.658911 lr=0.000959291 step=stateful RMSProp step applied
    unit 50/65 rc=932241 chunks=2 trained_queries=63481 trained_events=107824 mean_loss=1.802735 lr=0.000958615 step=stateful RMSProp step applied
    unit 51/65 rc=942005 chunks=6 trained_queries=295710 trained_events=510176 mean_loss=1.924132 lr=0.000957939 step=stateful RMSProp step applied
    unit 52/65 rc=988604 chunks=4 trained_queries=190096 trained_events=338304 mean_loss=1.871276 lr=0.000957263 step=stateful RMSProp step applied
    unit 53/65 rc=1019500 chunks=9 trained_queries=413444 trained_events=737802 mean_loss=1.895466 lr=0.000956587 step=stateful RMSProp step applied
    unit 54/65 rc=1087047 chunks=12 trained_queries=553466 trained_events=1002752 mean_loss=1.916970 lr=0.000955911 step=stateful RMSProp step applied
    unit 55/65 rc=1178720 chunks=2 trained_queries=96605 trained_events=164880 mean_loss=1.900944 lr=0.000955236 step=stateful RMSProp step applied
    unit 56/65 rc=1193882 chunks=1 trained_queries=5343 trained_events=9456 mean_loss=1.605752 lr=0.00095456 step=stateful RMSProp step applied
    unit 57/65 rc=1194732 chunks=9 trained_queries=426507 trained_events=745745 mean_loss=1.933395 lr=0.000953885 step=stateful RMSProp step applied
    unit 58/65 rc=1262782 chunks=9 trained_queries=420566 trained_events=755486 mean_loss=1.908781 lr=0.00095321 step=stateful RMSProp step applied
    unit 59/65 rc=1332021 chunks=11 trained_queries=535061 trained_events=1019376 mean_loss=1.861788 lr=0.000952535 step=stateful RMSProp step applied
    unit 60/65 rc=1425400 chunks=5 trained_queries=235017 trained_events=405880 mean_loss=1.902447 lr=0.00095186 step=stateful RMSProp step applied
    unit 61/65 rc=1462524 chunks=2 trained_queries=68054 trained_events=119056 mean_loss=1.777120 lr=0.000951185 step=stateful RMSProp step applied
    unit 62/65 rc=1473469 chunks=3 trained_queries=147152 trained_events=266576 mean_loss=1.825933 lr=0.000950511 step=stateful RMSProp step applied
    unit 63/65 rc=1497733 chunks=1 trained_queries=5204 trained_events=8048 mean_loss=1.834145 lr=0.000949836 step=stateful RMSProp step applied
    unit 64/65 rc=1498502 chunks=4 trained_queries=165699 trained_events=311920 mean_loss=1.793130 lr=0.000949162 step=stateful RMSProp step applied
    unit 65/65 rc=1526829 chunks=1 trained_queries=3594 trained_events=5440 mean_loss=1.609313 lr=0.000948487 step=stateful RMSProp step applied
  train-epoch: epoch 62 summary trained_queries=8880122 trained_events=16953844 mean_loss=1.849255
  train-epoch: epoch 63/100
    unit 1/65 rc=1 chunks=5 trained_queries=235411 trained_events=602672 mean_loss=1.649937 lr=0.000947813 step=stateful RMSProp step applied
    unit 2/65 rc=47811 chunks=25 trained_queries=1209056 trained_events=2588009 mean_loss=1.897700 lr=0.000947139 step=stateful RMSProp step applied
    unit 3/65 rc=282625 chunks=1 trained_queries=17780 trained_events=32192 mean_loss=1.604080 lr=0.000946465 step=stateful RMSProp step applied
    unit 4/65 rc=285382 chunks=1 trained_queries=16 trained_events=16 mean_loss=0.293503 lr=0.000945791 step=stateful RMSProp step applied
    unit 5/65 rc=285383 chunks=1 trained_queries=41 trained_events=48 mean_loss=0.450438 lr=0.000945118 step=stateful RMSProp step applied
    unit 6/65 rc=285388 chunks=2 trained_queries=54875 trained_events=94080 mean_loss=1.928256 lr=0.000944444 step=stateful RMSProp step applied
    unit 7/65 rc=294043 chunks=3 trained_queries=146903 trained_events=301856 mean_loss=1.754112 lr=0.000943771 step=stateful RMSProp step applied
    unit 8/65 rc=321434 chunks=1 trained_queries=19351 trained_events=28624 mean_loss=1.906598 lr=0.000943098 step=stateful RMSProp step applied
    unit 9/65 rc=324057 chunks=1 trained_queries=35110 trained_events=118240 mean_loss=1.319973 lr=0.000942425 step=stateful RMSProp step applied
    unit 10/65 rc=331740 chunks=1 trained_queries=16 trained_events=432 mean_loss=0.007510 lr=0.000941752 step=stateful RMSProp step applied
    unit 11/65 rc=331741 chunks=2 trained_queries=74861 trained_events=154864 mean_loss=1.642953 lr=0.000941079 step=stateful RMSProp step applied
    unit 12/65 rc=345687 chunks=1 trained_queries=30300 trained_events=55216 mean_loss=1.661123 lr=0.000940406 step=stateful RMSProp step applied
    unit 13/65 rc=350763 chunks=1 trained_queries=15923 trained_events=37200 mean_loss=1.449486 lr=0.000939734 step=stateful RMSProp step applied
    unit 14/65 rc=353625 chunks=2 trained_queries=55670 trained_events=115472 mean_loss=1.682652 lr=0.000939061 step=stateful RMSProp step applied
    unit 15/65 rc=364135 chunks=1 trained_queries=19324 trained_events=41184 mean_loss=1.636614 lr=0.000938389 step=stateful RMSProp step applied
    unit 16/65 rc=367786 chunks=1 trained_queries=22956 trained_events=58432 mean_loss=1.472755 lr=0.000937717 step=stateful RMSProp step applied
    unit 17/65 rc=372767 chunks=1 trained_queries=12887 trained_events=31552 mean_loss=1.374561 lr=0.000937044 step=stateful RMSProp step applied
    unit 18/65 rc=375106 chunks=1 trained_queries=37224 trained_events=92032 mean_loss=1.408711 lr=0.000936373 step=stateful RMSProp step applied
    unit 19/65 rc=382687 chunks=1 trained_queries=11903 trained_events=27856 mean_loss=1.548398 lr=0.000935701 step=stateful RMSProp step applied
    unit 20/65 rc=384937 chunks=1 trained_queries=13922 trained_events=37200 mean_loss=1.367016 lr=0.000935029 step=stateful RMSProp step applied
    unit 21/65 rc=387825 chunks=1 trained_queries=20966 trained_events=46224 mean_loss=1.558809 lr=0.000934358 step=stateful RMSProp step applied
    unit 22/65 rc=391753 chunks=2 trained_queries=80510 trained_events=178352 mean_loss=1.602226 lr=0.000933686 step=stateful RMSProp step applied
    unit 23/65 rc=407234 chunks=1 trained_queries=2379 trained_events=5104 mean_loss=1.388785 lr=0.000933015 step=stateful RMSProp step applied
    unit 24/65 rc=407680 chunks=1 trained_queries=6700 trained_events=24672 mean_loss=1.008165 lr=0.000932344 step=stateful RMSProp step applied
    unit 25/65 rc=409029 chunks=1 trained_queries=26203 trained_events=59152 mean_loss=1.509097 lr=0.000931673 step=stateful RMSProp step applied
    unit 26/65 rc=414232 chunks=1 trained_queries=20070 trained_events=43728 mean_loss=1.586365 lr=0.000931002 step=stateful RMSProp step applied
    unit 27/65 rc=418109 chunks=1 trained_queries=30344 trained_events=74160 mean_loss=1.379116 lr=0.000930331 step=stateful RMSProp step applied
    unit 28/65 rc=424071 chunks=1 trained_queries=37398 trained_events=78688 mean_loss=1.577612 lr=0.000929661 step=stateful RMSProp step applied
    unit 29/65 rc=431070 chunks=1 trained_queries=9984 trained_events=22352 mean_loss=1.588554 lr=0.00092899 step=stateful RMSProp step applied
    unit 30/65 rc=433017 chunks=1 trained_queries=368 trained_events=3696 mean_loss=0.377081 lr=0.00092832 step=stateful RMSProp step applied
    unit 31/65 rc=433081 chunks=1 trained_queries=31432 trained_events=72896 mean_loss=1.519235 lr=0.00092765 step=stateful RMSProp step applied
    unit 32/65 rc=439253 chunks=1 trained_queries=32416 trained_events=67744 mean_loss=1.659289 lr=0.00092698 step=stateful RMSProp step applied
    unit 33/65 rc=445065 chunks=2 trained_queries=52575 trained_events=104160 mean_loss=1.687898 lr=0.00092631 step=stateful RMSProp step applied
    unit 34/65 rc=454440 chunks=1 trained_queries=18981 trained_events=51680 mean_loss=1.268190 lr=0.00092564 step=stateful RMSProp step applied
    unit 35/65 rc=458387 chunks=1 trained_queries=5199 trained_events=12224 mean_loss=1.363866 lr=0.00092497 step=stateful RMSProp step applied
    unit 36/65 rc=459434 chunks=1 trained_queries=25529 trained_events=53568 mean_loss=1.585774 lr=0.000924301 step=stateful RMSProp step applied
    unit 37/65 rc=464285 chunks=1 trained_queries=944 trained_events=1792 mean_loss=1.140099 lr=0.000923631 step=stateful RMSProp step applied
    unit 38/65 rc=464449 chunks=1 trained_queries=13111 trained_events=27072 mean_loss=1.458697 lr=0.000922962 step=stateful RMSProp step applied
    unit 39/65 rc=466777 chunks=1 trained_queries=1172 trained_events=2576 mean_loss=1.092542 lr=0.000922293 step=stateful RMSProp step applied
    unit 40/65 rc=467002 chunks=10 trained_queries=476268 trained_events=843008 mean_loss=1.950217 lr=0.000921624 step=stateful RMSProp step applied
    unit 41/65 rc=544108 chunks=2 trained_queries=98499 trained_events=172032 mean_loss=1.895251 lr=0.000920955 step=stateful RMSProp step applied
    unit 42/65 rc=559920 chunks=3 trained_queries=136044 trained_events=238517 mean_loss=1.885381 lr=0.000920287 step=stateful RMSProp step applied
    unit 43/65 rc=581652 chunks=6 trained_queries=267495 trained_events=477697 mean_loss=1.884256 lr=0.000919618 step=stateful RMSProp step applied
    unit 44/65 rc=625299 chunks=16 trained_queries=787430 trained_events=1441440 mean_loss=1.920014 lr=0.000918949 step=stateful RMSProp step applied
    unit 45/65 rc=756698 chunks=3 trained_queries=135019 trained_events=240624 mean_loss=1.863812 lr=0.000918281 step=stateful RMSProp step applied
    unit 46/65 rc=778776 chunks=3 trained_queries=120415 trained_events=203264 mean_loss=1.864182 lr=0.000917613 step=stateful RMSProp step applied
    unit 47/65 rc=797238 chunks=9 trained_queries=409632 trained_events=780452 mean_loss=1.881852 lr=0.000916945 step=stateful RMSProp step applied
    unit 48/65 rc=868544 chunks=8 trained_queries=388601 trained_events=691328 mean_loss=1.903925 lr=0.000916277 step=stateful RMSProp step applied
    unit 49/65 rc=931357 chunks=1 trained_queries=5910 trained_events=9744 mean_loss=1.658254 lr=0.000915609 step=stateful RMSProp step applied
    unit 50/65 rc=932241 chunks=2 trained_queries=63481 trained_events=107824 mean_loss=1.792959 lr=0.000914942 step=stateful RMSProp step applied
    unit 51/65 rc=942005 chunks=6 trained_queries=295710 trained_events=510176 mean_loss=1.917782 lr=0.000914274 step=stateful RMSProp step applied
    unit 52/65 rc=988604 chunks=4 trained_queries=190096 trained_events=338304 mean_loss=1.854102 lr=0.000913607 step=stateful RMSProp step applied
    unit 53/65 rc=1019500 chunks=9 trained_queries=413444 trained_events=737802 mean_loss=1.891973 lr=0.000912939 step=stateful RMSProp step applied
    unit 54/65 rc=1087047 chunks=12 trained_queries=553466 trained_events=1002752 mean_loss=1.908170 lr=0.000912272 step=stateful RMSProp step applied
    unit 55/65 rc=1178720 chunks=2 trained_queries=96605 trained_events=164880 mean_loss=1.897156 lr=0.000911605 step=stateful RMSProp step applied
    unit 56/65 rc=1193882 chunks=1 trained_queries=5343 trained_events=9456 mean_loss=1.595512 lr=0.000910939 step=stateful RMSProp step applied
    unit 57/65 rc=1194732 chunks=9 trained_queries=426507 trained_events=745745 mean_loss=1.920990 lr=0.000910272 step=stateful RMSProp step applied
    unit 58/65 rc=1262782 chunks=9 trained_queries=420566 trained_events=755486 mean_loss=1.905419 lr=0.000909605 step=stateful RMSProp step applied
    unit 59/65 rc=1332021 chunks=11 trained_queries=535061 trained_events=1019376 mean_loss=1.859784 lr=0.000908939 step=stateful RMSProp step applied
    unit 60/65 rc=1425400 chunks=5 trained_queries=235017 trained_events=405880 mean_loss=1.897352 lr=0.000908273 step=stateful RMSProp step applied
    unit 61/65 rc=1462524 chunks=2 trained_queries=68054 trained_events=119056 mean_loss=1.771832 lr=0.000907607 step=stateful RMSProp step applied
    unit 62/65 rc=1473469 chunks=3 trained_queries=147152 trained_events=266576 mean_loss=1.822869 lr=0.000906941 step=stateful RMSProp step applied
    unit 63/65 rc=1497733 chunks=1 trained_queries=5204 trained_events=8048 mean_loss=1.823784 lr=0.000906275 step=stateful RMSProp step applied
    unit 64/65 rc=1498502 chunks=4 trained_queries=165699 trained_events=311920 mean_loss=1.790543 lr=0.000905609 step=stateful RMSProp step applied
    unit 65/65 rc=1526829 chunks=1 trained_queries=3594 trained_events=5440 mean_loss=1.608565 lr=0.000904944 step=stateful RMSProp step applied
  train-epoch: epoch 63 summary trained_queries=8880122 trained_events=16953844 mean_loss=1.845296
  train-epoch: epoch 64/100
    unit 1/65 rc=1 chunks=5 trained_queries=235411 trained_events=602672 mean_loss=1.642706 lr=0.000904278 step=stateful RMSProp step applied
    unit 2/65 rc=47811 chunks=25 trained_queries=1209056 trained_events=2588009 mean_loss=1.898998 lr=0.000903613 step=stateful RMSProp step applied
    unit 3/65 rc=282625 chunks=1 trained_queries=17780 trained_events=32192 mean_loss=1.594634 lr=0.000902948 step=stateful RMSProp step applied
    unit 4/65 rc=285382 chunks=1 trained_queries=16 trained_events=16 mean_loss=0.292467 lr=0.000902283 step=stateful RMSProp step applied
    unit 5/65 rc=285383 chunks=1 trained_queries=41 trained_events=48 mean_loss=0.403898 lr=0.000901618 step=stateful RMSProp step applied
    unit 6/65 rc=285388 chunks=2 trained_queries=54875 trained_events=94080 mean_loss=1.908640 lr=0.000900953 step=stateful RMSProp step applied
    unit 7/65 rc=294043 chunks=3 trained_queries=146903 trained_events=301856 mean_loss=1.746093 lr=0.000900288 step=stateful RMSProp step applied
    unit 8/65 rc=321434 chunks=1 trained_queries=19351 trained_events=28624 mean_loss=1.900385 lr=0.000899624 step=stateful RMSProp step applied
    unit 9/65 rc=324057 chunks=1 trained_queries=35110 trained_events=118240 mean_loss=1.305146 lr=0.00089896 step=stateful RMSProp step applied
    unit 10/65 rc=331740 chunks=1 trained_queries=16 trained_events=432 mean_loss=0.007483 lr=0.000898296 step=stateful RMSProp step applied
    unit 11/65 rc=331741 chunks=2 trained_queries=74861 trained_events=154864 mean_loss=1.638887 lr=0.000897632 step=stateful RMSProp step applied
    unit 12/65 rc=345687 chunks=1 trained_queries=30300 trained_events=55216 mean_loss=1.659515 lr=0.000896968 step=stateful RMSProp step applied
    unit 13/65 rc=350763 chunks=1 trained_queries=15923 trained_events=37200 mean_loss=1.446228 lr=0.000896304 step=stateful RMSProp step applied
    unit 14/65 rc=353625 chunks=2 trained_queries=55670 trained_events=115472 mean_loss=1.655808 lr=0.00089564 step=stateful RMSProp step applied
    unit 15/65 rc=364135 chunks=1 trained_queries=19324 trained_events=41184 mean_loss=1.629565 lr=0.000894977 step=stateful RMSProp step applied
    unit 16/65 rc=367786 chunks=1 trained_queries=22956 trained_events=58432 mean_loss=1.462131 lr=0.000894313 step=stateful RMSProp step applied
    unit 17/65 rc=372767 chunks=1 trained_queries=12887 trained_events=31552 mean_loss=1.367837 lr=0.00089365 step=stateful RMSProp step applied
    unit 18/65 rc=375106 chunks=1 trained_queries=37224 trained_events=92032 mean_loss=1.408808 lr=0.000892987 step=stateful RMSProp step applied
    unit 19/65 rc=382687 chunks=1 trained_queries=11903 trained_events=27856 mean_loss=1.540051 lr=0.000892324 step=stateful RMSProp step applied
    unit 20/65 rc=384937 chunks=1 trained_queries=13922 trained_events=37200 mean_loss=1.367965 lr=0.000891662 step=stateful RMSProp step applied
    unit 21/65 rc=387825 chunks=1 trained_queries=20966 trained_events=46224 mean_loss=1.558554 lr=0.000890999 step=stateful RMSProp step applied
    unit 22/65 rc=391753 chunks=2 trained_queries=80510 trained_events=178352 mean_loss=1.599304 lr=0.000890337 step=stateful RMSProp step applied
    unit 23/65 rc=407234 chunks=1 trained_queries=2379 trained_events=5104 mean_loss=1.383050 lr=0.000889674 step=stateful RMSProp step applied
    unit 24/65 rc=407680 chunks=1 trained_queries=6700 trained_events=24672 mean_loss=1.008867 lr=0.000889012 step=stateful RMSProp step applied
    unit 25/65 rc=409029 chunks=1 trained_queries=26203 trained_events=59152 mean_loss=1.505698 lr=0.00088835 step=stateful RMSProp step applied
    unit 26/65 rc=414232 chunks=1 trained_queries=20070 trained_events=43728 mean_loss=1.580264 lr=0.000887688 step=stateful RMSProp step applied
    unit 27/65 rc=418109 chunks=1 trained_queries=30344 trained_events=74160 mean_loss=1.382220 lr=0.000887026 step=stateful RMSProp step applied
    unit 28/65 rc=424071 chunks=1 trained_queries=37398 trained_events=78688 mean_loss=1.582591 lr=0.000886365 step=stateful RMSProp step applied
    unit 29/65 rc=431070 chunks=1 trained_queries=9984 trained_events=22352 mean_loss=1.583032 lr=0.000885703 step=stateful RMSProp step applied
    unit 30/65 rc=433017 chunks=1 trained_queries=368 trained_events=3696 mean_loss=0.372717 lr=0.000885042 step=stateful RMSProp step applied
    unit 31/65 rc=433081 chunks=1 trained_queries=31432 trained_events=72896 mean_loss=1.500785 lr=0.000884381 step=stateful RMSProp step applied
    unit 32/65 rc=439253 chunks=1 trained_queries=32416 trained_events=67744 mean_loss=1.657959 lr=0.00088372 step=stateful RMSProp step applied
    unit 33/65 rc=445065 chunks=2 trained_queries=52575 trained_events=104160 mean_loss=1.688747 lr=0.000883059 step=stateful RMSProp step applied
    unit 34/65 rc=454440 chunks=1 trained_queries=18981 trained_events=51680 mean_loss=1.270331 lr=0.000882398 step=stateful RMSProp step applied
    unit 35/65 rc=458387 chunks=1 trained_queries=5199 trained_events=12224 mean_loss=1.335399 lr=0.000881737 step=stateful RMSProp step applied
    unit 36/65 rc=459434 chunks=1 trained_queries=25529 trained_events=53568 mean_loss=1.579887 lr=0.000881077 step=stateful RMSProp step applied
    unit 37/65 rc=464285 chunks=1 trained_queries=944 trained_events=1792 mean_loss=1.127448 lr=0.000880417 step=stateful RMSProp step applied
    unit 38/65 rc=464449 chunks=1 trained_queries=13111 trained_events=27072 mean_loss=1.455356 lr=0.000879757 step=stateful RMSProp step applied
    unit 39/65 rc=466777 chunks=1 trained_queries=1172 trained_events=2576 mean_loss=1.087259 lr=0.000879097 step=stateful RMSProp step applied
    unit 40/65 rc=467002 chunks=10 trained_queries=476268 trained_events=843008 mean_loss=1.940106 lr=0.000878437 step=stateful RMSProp step applied
    unit 41/65 rc=544108 chunks=2 trained_queries=98499 trained_events=172032 mean_loss=1.887546 lr=0.000877777 step=stateful RMSProp step applied
    unit 42/65 rc=559920 chunks=3 trained_queries=136044 trained_events=238517 mean_loss=1.882204 lr=0.000877117 step=stateful RMSProp step applied
    unit 43/65 rc=581652 chunks=6 trained_queries=267495 trained_events=477697 mean_loss=1.884964 lr=0.000876458 step=stateful RMSProp step applied
    unit 44/65 rc=625299 chunks=16 trained_queries=787430 trained_events=1441440 mean_loss=1.915088 lr=0.000875798 step=stateful RMSProp step applied
    unit 45/65 rc=756698 chunks=3 trained_queries=135019 trained_events=240624 mean_loss=1.853066 lr=0.000875139 step=stateful RMSProp step applied
    unit 46/65 rc=778776 chunks=3 trained_queries=120415 trained_events=203264 mean_loss=1.858772 lr=0.00087448 step=stateful RMSProp step applied
    unit 47/65 rc=797238 chunks=9 trained_queries=409632 trained_events=780452 mean_loss=1.876463 lr=0.000873821 step=stateful RMSProp step applied
    unit 48/65 rc=868544 chunks=8 trained_queries=388601 trained_events=691328 mean_loss=1.901331 lr=0.000873163 step=stateful RMSProp step applied
    unit 49/65 rc=931357 chunks=1 trained_queries=5910 trained_events=9744 mean_loss=1.652693 lr=0.000872504 step=stateful RMSProp step applied
    unit 50/65 rc=932241 chunks=2 trained_queries=63481 trained_events=107824 mean_loss=1.789970 lr=0.000871846 step=stateful RMSProp step applied
    unit 51/65 rc=942005 chunks=6 trained_queries=295710 trained_events=510176 mean_loss=1.917259 lr=0.000871187 step=stateful RMSProp step applied
    unit 52/65 rc=988604 chunks=4 trained_queries=190096 trained_events=338304 mean_loss=1.851281 lr=0.000870529 step=stateful RMSProp step applied
    unit 53/65 rc=1019500 chunks=9 trained_queries=413444 trained_events=737802 mean_loss=1.888851 lr=0.000869871 step=stateful RMSProp step applied
    unit 54/65 rc=1087047 chunks=12 trained_queries=553466 trained_events=1002752 mean_loss=1.905954 lr=0.000869214 step=stateful RMSProp step applied
    unit 55/65 rc=1178720 chunks=2 trained_queries=96605 trained_events=164880 mean_loss=1.895182 lr=0.000868556 step=stateful RMSProp step applied
    unit 56/65 rc=1193882 chunks=1 trained_queries=5343 trained_events=9456 mean_loss=1.590768 lr=0.000867898 step=stateful RMSProp step applied
    unit 57/65 rc=1194732 chunks=9 trained_queries=426507 trained_events=745745 mean_loss=1.923680 lr=0.000867241 step=stateful RMSProp step applied
    unit 58/65 rc=1262782 chunks=9 trained_queries=420566 trained_events=755486 mean_loss=1.905615 lr=0.000866584 step=stateful RMSProp step applied
    unit 59/65 rc=1332021 chunks=11 trained_queries=535061 trained_events=1019376 mean_loss=1.857179 lr=0.000865927 step=stateful RMSProp step applied
    unit 60/65 rc=1425400 chunks=5 trained_queries=235017 trained_events=405880 mean_loss=1.897142 lr=0.000865269 step=stateful RMSProp step applied
    unit 61/65 rc=1462524 chunks=2 trained_queries=68054 trained_events=119056 mean_loss=1.775123 lr=0.000864613 step=stateful RMSProp step applied
    unit 62/65 rc=1473469 chunks=3 trained_queries=147152 trained_events=266576 mean_loss=1.822716 lr=0.000863956 step=stateful RMSProp step applied
    unit 63/65 rc=1497733 chunks=1 trained_queries=5204 trained_events=8048 mean_loss=1.831333 lr=0.0008633 step=stateful RMSProp step applied
    unit 64/65 rc=1498502 chunks=4 trained_queries=165699 trained_events=311920 mean_loss=1.792060 lr=0.000862643 step=stateful RMSProp step applied
    unit 65/65 rc=1526829 chunks=1 trained_queries=3594 trained_events=5440 mean_loss=1.607323 lr=0.000861987 step=stateful RMSProp step applied
  train-epoch: epoch 64 summary trained_queries=8880122 trained_events=16953844 mean_loss=1.842431
  train-epoch: epoch 65/100
    unit 1/65 rc=1 chunks=5 trained_queries=235411 trained_events=602672 mean_loss=1.644475 lr=0.000861331 step=stateful RMSProp step applied
    unit 2/65 rc=47811 chunks=25 trained_queries=1209056 trained_events=2588009 mean_loss=1.894951 lr=0.000860675 step=stateful RMSProp step applied
    unit 3/65 rc=282625 chunks=1 trained_queries=17780 trained_events=32192 mean_loss=1.600781 lr=0.000860019 step=stateful RMSProp step applied
    unit 4/65 rc=285382 chunks=1 trained_queries=16 trained_events=16 mean_loss=0.284346 lr=0.000859364 step=stateful RMSProp step applied
    unit 5/65 rc=285383 chunks=1 trained_queries=41 trained_events=48 mean_loss=0.435145 lr=0.000858708 step=stateful RMSProp step applied
    unit 6/65 rc=285388 chunks=2 trained_queries=54875 trained_events=94080 mean_loss=1.919350 lr=0.000858053 step=stateful RMSProp step applied
    unit 7/65 rc=294043 chunks=3 trained_queries=146903 trained_events=301856 mean_loss=1.747631 lr=0.000857398 step=stateful RMSProp step applied
    unit 8/65 rc=321434 chunks=1 trained_queries=19351 trained_events=28624 mean_loss=1.903347 lr=0.000856743 step=stateful RMSProp step applied
    unit 9/65 rc=324057 chunks=1 trained_queries=35110 trained_events=118240 mean_loss=1.305918 lr=0.000856088 step=stateful RMSProp step applied
    unit 10/65 rc=331740 chunks=1 trained_queries=16 trained_events=432 mean_loss=0.007458 lr=0.000855433 step=stateful RMSProp step applied
    unit 11/65 rc=331741 chunks=2 trained_queries=74861 trained_events=154864 mean_loss=1.640174 lr=0.000854779 step=stateful RMSProp step applied
    unit 12/65 rc=345687 chunks=1 trained_queries=30300 trained_events=55216 mean_loss=1.662527 lr=0.000854124 step=stateful RMSProp step applied
    unit 13/65 rc=350763 chunks=1 trained_queries=15923 trained_events=37200 mean_loss=1.444087 lr=0.00085347 step=stateful RMSProp step applied
    unit 14/65 rc=353625 chunks=2 trained_queries=55670 trained_events=115472 mean_loss=1.675098 lr=0.000852816 step=stateful RMSProp step applied
    unit 15/65 rc=364135 chunks=1 trained_queries=19324 trained_events=41184 mean_loss=1.630121 lr=0.000852162 step=stateful RMSProp step applied
    unit 16/65 rc=367786 chunks=1 trained_queries=22956 trained_events=58432 mean_loss=1.484998 lr=0.000851508 step=stateful RMSProp step applied
    unit 17/65 rc=372767 chunks=1 trained_queries=12887 trained_events=31552 mean_loss=1.365773 lr=0.000850854 step=stateful RMSProp step applied
    unit 18/65 rc=375106 chunks=1 trained_queries=37224 trained_events=92032 mean_loss=1.400989 lr=0.000850201 step=stateful RMSProp step applied
    unit 19/65 rc=382687 chunks=1 trained_queries=11903 trained_events=27856 mean_loss=1.531231 lr=0.000849548 step=stateful RMSProp step applied
    unit 20/65 rc=384937 chunks=1 trained_queries=13922 trained_events=37200 mean_loss=1.369119 lr=0.000848895 step=stateful RMSProp step applied
    unit 21/65 rc=387825 chunks=1 trained_queries=20966 trained_events=46224 mean_loss=1.552670 lr=0.000848242 step=stateful RMSProp step applied
    unit 22/65 rc=391753 chunks=2 trained_queries=80510 trained_events=178352 mean_loss=1.594851 lr=0.000847588 step=stateful RMSProp step applied
    unit 23/65 rc=407234 chunks=1 trained_queries=2379 trained_events=5104 mean_loss=1.381931 lr=0.000846936 step=stateful RMSProp step applied
    unit 24/65 rc=407680 chunks=1 trained_queries=6700 trained_events=24672 mean_loss=1.003492 lr=0.000846283 step=stateful RMSProp step applied
    unit 25/65 rc=409029 chunks=1 trained_queries=26203 trained_events=59152 mean_loss=1.503207 lr=0.000845631 step=stateful RMSProp step applied
    unit 26/65 rc=414232 chunks=1 trained_queries=20070 trained_events=43728 mean_loss=1.580629 lr=0.000844978 step=stateful RMSProp step applied
    unit 27/65 rc=418109 chunks=1 trained_queries=30344 trained_events=74160 mean_loss=1.379198 lr=0.000844326 step=stateful RMSProp step applied
    unit 28/65 rc=424071 chunks=1 trained_queries=37398 trained_events=78688 mean_loss=1.571182 lr=0.000843674 step=stateful RMSProp step applied
    unit 29/65 rc=431070 chunks=1 trained_queries=9984 trained_events=22352 mean_loss=1.576847 lr=0.000843023 step=stateful RMSProp step applied
    unit 30/65 rc=433017 chunks=1 trained_queries=368 trained_events=3696 mean_loss=0.372760 lr=0.000842371 step=stateful RMSProp step applied
    unit 31/65 rc=433081 chunks=1 trained_queries=31432 trained_events=72896 mean_loss=1.484163 lr=0.000841719 step=stateful RMSProp step applied
    unit 32/65 rc=439253 chunks=1 trained_queries=32416 trained_events=67744 mean_loss=1.652030 lr=0.000841068 step=stateful RMSProp step applied
    unit 33/65 rc=445065 chunks=2 trained_queries=52575 trained_events=104160 mean_loss=1.686822 lr=0.000840417 step=stateful RMSProp step applied
    unit 34/65 rc=454440 chunks=1 trained_queries=18981 trained_events=51680 mean_loss=1.271150 lr=0.000839766 step=stateful RMSProp step applied
    unit 35/65 rc=458387 chunks=1 trained_queries=5199 trained_events=12224 mean_loss=1.333833 lr=0.000839115 step=stateful RMSProp step applied
    unit 36/65 rc=459434 chunks=1 trained_queries=25529 trained_events=53568 mean_loss=1.577342 lr=0.000838464 step=stateful RMSProp step applied
    unit 37/65 rc=464285 chunks=1 trained_queries=944 trained_events=1792 mean_loss=1.124780 lr=0.000837813 step=stateful RMSProp step applied
    unit 38/65 rc=464449 chunks=1 trained_queries=13111 trained_events=27072 mean_loss=1.460794 lr=0.000837163 step=stateful RMSProp step applied
    unit 39/65 rc=466777 chunks=1 trained_queries=1172 trained_events=2576 mean_loss=1.088498 lr=0.000836513 step=stateful RMSProp step applied
    unit 40/65 rc=467002 chunks=10 trained_queries=476268 trained_events=843008 mean_loss=1.937412 lr=0.000835862 step=stateful RMSProp step applied
    unit 41/65 rc=544108 chunks=2 trained_queries=98499 trained_events=172032 mean_loss=1.888058 lr=0.000835213 step=stateful RMSProp step applied
    unit 42/65 rc=559920 chunks=3 trained_queries=136044 trained_events=238517 mean_loss=1.882641 lr=0.000834563 step=stateful RMSProp step applied
    unit 43/65 rc=581652 chunks=6 trained_queries=267495 trained_events=477697 mean_loss=1.876310 lr=0.000833913 step=stateful RMSProp step applied
    unit 44/65 rc=625299 chunks=16 trained_queries=787430 trained_events=1441440 mean_loss=1.914627 lr=0.000833264 step=stateful RMSProp step applied
    unit 45/65 rc=756698 chunks=3 trained_queries=135019 trained_events=240624 mean_loss=1.855759 lr=0.000832614 step=stateful RMSProp step applied
    unit 46/65 rc=778776 chunks=3 trained_queries=120415 trained_events=203264 mean_loss=1.857816 lr=0.000831965 step=stateful RMSProp step applied
    unit 47/65 rc=797238 chunks=9 trained_queries=409632 trained_events=780452 mean_loss=1.876262 lr=0.000831316 step=stateful RMSProp step applied
    unit 48/65 rc=868544 chunks=8 trained_queries=388601 trained_events=691328 mean_loss=1.898940 lr=0.000830667 step=stateful RMSProp step applied
    unit 49/65 rc=931357 chunks=1 trained_queries=5910 trained_events=9744 mean_loss=1.645451 lr=0.000830018 step=stateful RMSProp step applied
    unit 50/65 rc=932241 chunks=2 trained_queries=63481 trained_events=107824 mean_loss=1.789858 lr=0.00082937 step=stateful RMSProp step applied
    unit 51/65 rc=942005 chunks=6 trained_queries=295710 trained_events=510176 mean_loss=1.916132 lr=0.000828721 step=stateful RMSProp step applied
    unit 52/65 rc=988604 chunks=4 trained_queries=190096 trained_events=338304 mean_loss=1.848128 lr=0.000828073 step=stateful RMSProp step applied
    unit 53/65 rc=1019500 chunks=9 trained_queries=413444 trained_events=737802 mean_loss=1.887834 lr=0.000827425 step=stateful RMSProp step applied
    unit 54/65 rc=1087047 chunks=12 trained_queries=553466 trained_events=1002752 mean_loss=1.903252 lr=0.000826777 step=stateful RMSProp step applied
    unit 55/65 rc=1178720 chunks=2 trained_queries=96605 trained_events=164880 mean_loss=1.891907 lr=0.00082613 step=stateful RMSProp step applied
    unit 56/65 rc=1193882 chunks=1 trained_queries=5343 trained_events=9456 mean_loss=1.589681 lr=0.000825482 step=stateful RMSProp step applied
    unit 57/65 rc=1194732 chunks=9 trained_queries=426507 trained_events=745745 mean_loss=1.916044 lr=0.000824834 step=stateful RMSProp step applied
    unit 58/65 rc=1262782 chunks=9 trained_queries=420566 trained_events=755486 mean_loss=1.901064 lr=0.000824187 step=stateful RMSProp step applied
    unit 59/65 rc=1332021 chunks=11 trained_queries=535061 trained_events=1019376 mean_loss=1.854457 lr=0.00082354 step=stateful RMSProp step applied
    unit 60/65 rc=1425400 chunks=5 trained_queries=235017 trained_events=405880 mean_loss=1.893263 lr=0.000822893 step=stateful RMSProp step applied
    unit 61/65 rc=1462524 chunks=2 trained_queries=68054 trained_events=119056 mean_loss=1.768562 lr=0.000822246 step=stateful RMSProp step applied
    unit 62/65 rc=1473469 chunks=3 trained_queries=147152 trained_events=266576 mean_loss=1.822347 lr=0.000821599 step=stateful RMSProp step applied
    unit 63/65 rc=1497733 chunks=1 trained_queries=5204 trained_events=8048 mean_loss=1.825149 lr=0.000820953 step=stateful RMSProp step applied
    unit 64/65 rc=1498502 chunks=4 trained_queries=165699 trained_events=311920 mean_loss=1.785216 lr=0.000820307 step=stateful RMSProp step applied
    unit 65/65 rc=1526829 chunks=1 trained_queries=3594 trained_events=5440 mean_loss=1.603358 lr=0.00081966 step=stateful RMSProp step applied
  train-epoch: epoch 65 summary trained_queries=8880122 trained_events=16953844 mean_loss=1.840096
  train-epoch: epoch 66/100
    unit 1/65 rc=1 chunks=5 trained_queries=235411 trained_events=602672 mean_loss=1.636508 lr=0.000819014 step=stateful RMSProp step applied
    unit 2/65 rc=47811 chunks=25 trained_queries=1209056 trained_events=2588009 mean_loss=1.892177 lr=0.000818368 step=stateful RMSProp step applied
    unit 3/65 rc=282625 chunks=1 trained_queries=17780 trained_events=32192 mean_loss=1.598470 lr=0.000817723 step=stateful RMSProp step applied
    unit 4/65 rc=285382 chunks=1 trained_queries=16 trained_events=16 mean_loss=0.285399 lr=0.000817077 step=stateful RMSProp step applied
    unit 5/65 rc=285383 chunks=1 trained_queries=41 trained_events=48 mean_loss=0.378124 lr=0.000816431 step=stateful RMSProp step applied
    unit 6/65 rc=285388 chunks=2 trained_queries=54875 trained_events=94080 mean_loss=1.887458 lr=0.000815786 step=stateful RMSProp step applied
    unit 7/65 rc=294043 chunks=3 trained_queries=146903 trained_events=301856 mean_loss=1.741406 lr=0.000815141 step=stateful RMSProp step applied
    unit 8/65 rc=321434 chunks=1 trained_queries=19351 trained_events=28624 mean_loss=1.903696 lr=0.000814496 step=stateful RMSProp step applied
    unit 9/65 rc=324057 chunks=1 trained_queries=35110 trained_events=118240 mean_loss=1.297206 lr=0.000813852 step=stateful RMSProp step applied
    unit 10/65 rc=331740 chunks=1 trained_queries=16 trained_events=432 mean_loss=0.006906 lr=0.000813207 step=stateful RMSProp step applied
    unit 11/65 rc=331741 chunks=2 trained_queries=74861 trained_events=154864 mean_loss=1.635729 lr=0.000812562 step=stateful RMSProp step applied
    unit 12/65 rc=345687 chunks=1 trained_queries=30300 trained_events=55216 mean_loss=1.660063 lr=0.000811918 step=stateful RMSProp step applied
    unit 13/65 rc=350763 chunks=1 trained_queries=15923 trained_events=37200 mean_loss=1.434901 lr=0.000811274 step=stateful RMSProp step applied
    unit 14/65 rc=353625 chunks=2 trained_queries=55670 trained_events=115472 mean_loss=1.647122 lr=0.00081063 step=stateful RMSProp step applied
    unit 15/65 rc=364135 chunks=1 trained_queries=19324 trained_events=41184 mean_loss=1.620958 lr=0.000809986 step=stateful RMSProp step applied
    unit 16/65 rc=367786 chunks=1 trained_queries=22956 trained_events=58432 mean_loss=1.453602 lr=0.000809343 step=stateful RMSProp step applied
    unit 17/65 rc=372767 chunks=1 trained_queries=12887 trained_events=31552 mean_loss=1.401397 lr=0.000808699 step=stateful RMSProp step applied
    unit 18/65 rc=375106 chunks=1 trained_queries=37224 trained_events=92032 mean_loss=1.395724 lr=0.000808056 step=stateful RMSProp step applied
    unit 19/65 rc=382687 chunks=1 trained_queries=11903 trained_events=27856 mean_loss=1.538523 lr=0.000807413 step=stateful RMSProp step applied
    unit 20/65 rc=384937 chunks=1 trained_queries=13922 trained_events=37200 mean_loss=1.359584 lr=0.00080677 step=stateful RMSProp step applied
    unit 21/65 rc=387825 chunks=1 trained_queries=20966 trained_events=46224 mean_loss=1.545830 lr=0.000806127 step=stateful RMSProp step applied
    unit 22/65 rc=391753 chunks=2 trained_queries=80510 trained_events=178352 mean_loss=1.594142 lr=0.000805484 step=stateful RMSProp step applied
    unit 23/65 rc=407234 chunks=1 trained_queries=2379 trained_events=5104 mean_loss=1.375009 lr=0.000804842 step=stateful RMSProp step applied
    unit 24/65 rc=407680 chunks=1 trained_queries=6700 trained_events=24672 mean_loss=1.019608 lr=0.000804199 step=stateful RMSProp step applied
    unit 25/65 rc=409029 chunks=1 trained_queries=26203 trained_events=59152 mean_loss=1.501581 lr=0.000803557 step=stateful RMSProp step applied
    unit 26/65 rc=414232 chunks=1 trained_queries=20070 trained_events=43728 mean_loss=1.582654 lr=0.000802915 step=stateful RMSProp step applied
    unit 27/65 rc=418109 chunks=1 trained_queries=30344 trained_events=74160 mean_loss=1.368750 lr=0.000802273 step=stateful RMSProp step applied
    unit 28/65 rc=424071 chunks=1 trained_queries=37398 trained_events=78688 mean_loss=1.567829 lr=0.000801632 step=stateful RMSProp step applied
    unit 29/65 rc=431070 chunks=1 trained_queries=9984 trained_events=22352 mean_loss=1.587838 lr=0.00080099 step=stateful RMSProp step applied
    unit 30/65 rc=433017 chunks=1 trained_queries=368 trained_events=3696 mean_loss=0.368150 lr=0.000800349 step=stateful RMSProp step applied
    unit 31/65 rc=433081 chunks=1 trained_queries=31432 trained_events=72896 mean_loss=1.479650 lr=0.000799707 step=stateful RMSProp step applied
    unit 32/65 rc=439253 chunks=1 trained_queries=32416 trained_events=67744 mean_loss=1.652577 lr=0.000799066 step=stateful RMSProp step applied
    unit 33/65 rc=445065 chunks=2 trained_queries=52575 trained_events=104160 mean_loss=1.679222 lr=0.000798426 step=stateful RMSProp step applied
    unit 34/65 rc=454440 chunks=1 trained_queries=18981 trained_events=51680 mean_loss=1.258681 lr=0.000797785 step=stateful RMSProp step applied
    unit 35/65 rc=458387 chunks=1 trained_queries=5199 trained_events=12224 mean_loss=1.326352 lr=0.000797144 step=stateful RMSProp step applied
    unit 36/65 rc=459434 chunks=1 trained_queries=25529 trained_events=53568 mean_loss=1.573312 lr=0.000796504 step=stateful RMSProp step applied
    unit 37/65 rc=464285 chunks=1 trained_queries=944 trained_events=1792 mean_loss=1.122496 lr=0.000795864 step=stateful RMSProp step applied
    unit 38/65 rc=464449 chunks=1 trained_queries=13111 trained_events=27072 mean_loss=1.446073 lr=0.000795224 step=stateful RMSProp step applied
    unit 39/65 rc=466777 chunks=1 trained_queries=1172 trained_events=2576 mean_loss=1.075304 lr=0.000794584 step=stateful RMSProp step applied
    unit 40/65 rc=467002 chunks=10 trained_queries=476268 trained_events=843008 mean_loss=1.932411 lr=0.000793944 step=stateful RMSProp step applied
    unit 41/65 rc=544108 chunks=2 trained_queries=98499 trained_events=172032 mean_loss=1.883371 lr=0.000793304 step=stateful RMSProp step applied
    unit 42/65 rc=559920 chunks=3 trained_queries=136044 trained_events=238517 mean_loss=1.877039 lr=0.000792665 step=stateful RMSProp step applied
    unit 43/65 rc=581652 chunks=6 trained_queries=267495 trained_events=477697 mean_loss=1.875464 lr=0.000792026 step=stateful RMSProp step applied
    unit 44/65 rc=625299 chunks=16 trained_queries=787430 trained_events=1441440 mean_loss=1.912553 lr=0.000791387 step=stateful RMSProp step applied
    unit 45/65 rc=756698 chunks=3 trained_queries=135019 trained_events=240624 mean_loss=1.849217 lr=0.000790748 step=stateful RMSProp step applied
    unit 46/65 rc=778776 chunks=3 trained_queries=120415 trained_events=203264 mean_loss=1.852969 lr=0.000790109 step=stateful RMSProp step applied
    unit 47/65 rc=797238 chunks=9 trained_queries=409632 trained_events=780452 mean_loss=1.872660 lr=0.000789471 step=stateful RMSProp step applied
    unit 48/65 rc=868544 chunks=8 trained_queries=388601 trained_events=691328 mean_loss=1.897129 lr=0.000788832 step=stateful RMSProp step applied
    unit 49/65 rc=931357 chunks=1 trained_queries=5910 trained_events=9744 mean_loss=1.643317 lr=0.000788194 step=stateful RMSProp step applied
    unit 50/65 rc=932241 chunks=2 trained_queries=63481 trained_events=107824 mean_loss=1.788762 lr=0.000787556 step=stateful RMSProp step applied
    unit 51/65 rc=942005 chunks=6 trained_queries=295710 trained_events=510176 mean_loss=1.913514 lr=0.000786918 step=stateful RMSProp step applied
    unit 52/65 rc=988604 chunks=4 trained_queries=190096 trained_events=338304 mean_loss=1.847049 lr=0.00078628 step=stateful RMSProp step applied
    unit 53/65 rc=1019500 chunks=9 trained_queries=413444 trained_events=737802 mean_loss=1.884433 lr=0.000785643 step=stateful RMSProp step applied
    unit 54/65 rc=1087047 chunks=12 trained_queries=553466 trained_events=1002752 mean_loss=1.907516 lr=0.000785005 step=stateful RMSProp step applied
    unit 55/65 rc=1178720 chunks=2 trained_queries=96605 trained_events=164880 mean_loss=1.890653 lr=0.000784368 step=stateful RMSProp step applied
    unit 56/65 rc=1193882 chunks=1 trained_queries=5343 trained_events=9456 mean_loss=1.592414 lr=0.000783731 step=stateful RMSProp step applied
    unit 57/65 rc=1194732 chunks=9 trained_queries=426507 trained_events=745745 mean_loss=1.913238 lr=0.000783094 step=stateful RMSProp step applied
    unit 58/65 rc=1262782 chunks=9 trained_queries=420566 trained_events=755486 mean_loss=1.899298 lr=0.000782457 step=stateful RMSProp step applied
    unit 59/65 rc=1332021 chunks=11 trained_queries=535061 trained_events=1019376 mean_loss=1.852973 lr=0.000781821 step=stateful RMSProp step applied
    unit 60/65 rc=1425400 chunks=5 trained_queries=235017 trained_events=405880 mean_loss=1.892308 lr=0.000781184 step=stateful RMSProp step applied
    unit 61/65 rc=1462524 chunks=2 trained_queries=68054 trained_events=119056 mean_loss=1.767909 lr=0.000780548 step=stateful RMSProp step applied
    unit 62/65 rc=1473469 chunks=3 trained_queries=147152 trained_events=266576 mean_loss=1.816997 lr=0.000779912 step=stateful RMSProp step applied
    unit 63/65 rc=1497733 chunks=1 trained_queries=5204 trained_events=8048 mean_loss=1.810472 lr=0.000779276 step=stateful RMSProp step applied
    unit 64/65 rc=1498502 chunks=4 trained_queries=165699 trained_events=311920 mean_loss=1.780950 lr=0.00077864 step=stateful RMSProp step applied
    unit 65/65 rc=1526829 chunks=1 trained_queries=3594 trained_events=5440 mean_loss=1.600311 lr=0.000778005 step=stateful RMSProp step applied
  train-epoch: epoch 66 summary trained_queries=8880122 trained_events=16953844 mean_loss=1.837007
  train-epoch: epoch 67/100
    unit 1/65 rc=1 chunks=5 trained_queries=235411 trained_events=602672 mean_loss=1.634428 lr=0.000777369 step=stateful RMSProp step applied
    unit 2/65 rc=47811 chunks=25 trained_queries=1209056 trained_events=2588009 mean_loss=1.888900 lr=0.000776734 step=stateful RMSProp step applied
    unit 3/65 rc=282625 chunks=1 trained_queries=17780 trained_events=32192 mean_loss=1.587961 lr=0.000776099 step=stateful RMSProp step applied
    unit 4/65 rc=285382 chunks=1 trained_queries=16 trained_events=16 mean_loss=0.276461 lr=0.000775464 step=stateful RMSProp step applied
    unit 5/65 rc=285383 chunks=1 trained_queries=41 trained_events=48 mean_loss=0.430079 lr=0.00077483 step=stateful RMSProp step applied
    unit 6/65 rc=285388 chunks=2 trained_queries=54875 trained_events=94080 mean_loss=1.897721 lr=0.000774195 step=stateful RMSProp step applied
    unit 7/65 rc=294043 chunks=3 trained_queries=146903 trained_events=301856 mean_loss=1.738602 lr=0.000773561 step=stateful RMSProp step applied
    unit 8/65 rc=321434 chunks=1 trained_queries=19351 trained_events=28624 mean_loss=1.893348 lr=0.000772926 step=stateful RMSProp step applied
    unit 9/65 rc=324057 chunks=1 trained_queries=35110 trained_events=118240 mean_loss=1.310180 lr=0.000772292 step=stateful RMSProp step applied
    unit 10/65 rc=331740 chunks=1 trained_queries=16 trained_events=432 mean_loss=0.006889 lr=0.000771658 step=stateful RMSProp step applied
    unit 11/65 rc=331741 chunks=2 trained_queries=74861 trained_events=154864 mean_loss=1.632212 lr=0.000771025 step=stateful RMSProp step applied
    unit 12/65 rc=345687 chunks=1 trained_queries=30300 trained_events=55216 mean_loss=1.654785 lr=0.000770391 step=stateful RMSProp step applied
    unit 13/65 rc=350763 chunks=1 trained_queries=15923 trained_events=37200 mean_loss=1.442783 lr=0.000769758 step=stateful RMSProp step applied
    unit 14/65 rc=353625 chunks=2 trained_queries=55670 trained_events=115472 mean_loss=1.641515 lr=0.000769125 step=stateful RMSProp step applied
    unit 15/65 rc=364135 chunks=1 trained_queries=19324 trained_events=41184 mean_loss=1.610221 lr=0.000768492 step=stateful RMSProp step applied
    unit 16/65 rc=367786 chunks=1 trained_queries=22956 trained_events=58432 mean_loss=1.445131 lr=0.000767859 step=stateful RMSProp step applied
    unit 17/65 rc=372767 chunks=1 trained_queries=12887 trained_events=31552 mean_loss=1.357158 lr=0.000767226 step=stateful RMSProp step applied
    unit 18/65 rc=375106 chunks=1 trained_queries=37224 trained_events=92032 mean_loss=1.392340 lr=0.000766594 step=stateful RMSProp step applied
    unit 19/65 rc=382687 chunks=1 trained_queries=11903 trained_events=27856 mean_loss=1.527276 lr=0.000765961 step=stateful RMSProp step applied
    unit 20/65 rc=384937 chunks=1 trained_queries=13922 trained_events=37200 mean_loss=1.350583 lr=0.000765329 step=stateful RMSProp step applied
    unit 21/65 rc=387825 chunks=1 trained_queries=20966 trained_events=46224 mean_loss=1.543249 lr=0.000764697 step=stateful RMSProp step applied
    unit 22/65 rc=391753 chunks=2 trained_queries=80510 trained_events=178352 mean_loss=1.587708 lr=0.000764065 step=stateful RMSProp step applied
    unit 23/65 rc=407234 chunks=1 trained_queries=2379 trained_events=5104 mean_loss=1.377758 lr=0.000763434 step=stateful RMSProp step applied
    unit 24/65 rc=407680 chunks=1 trained_queries=6700 trained_events=24672 mean_loss=1.011788 lr=0.000762802 step=stateful RMSProp step applied
    unit 25/65 rc=409029 chunks=1 trained_queries=26203 trained_events=59152 mean_loss=1.498443 lr=0.000762171 step=stateful RMSProp step applied
    unit 26/65 rc=414232 chunks=1 trained_queries=20070 trained_events=43728 mean_loss=1.578312 lr=0.00076154 step=stateful RMSProp step applied
    unit 27/65 rc=418109 chunks=1 trained_queries=30344 trained_events=74160 mean_loss=1.368587 lr=0.000760909 step=stateful RMSProp step applied
    unit 28/65 rc=424071 chunks=1 trained_queries=37398 trained_events=78688 mean_loss=1.562426 lr=0.000760278 step=stateful RMSProp step applied
    unit 29/65 rc=431070 chunks=1 trained_queries=9984 trained_events=22352 mean_loss=1.569682 lr=0.000759647 step=stateful RMSProp step applied
    unit 30/65 rc=433017 chunks=1 trained_queries=368 trained_events=3696 mean_loss=0.368644 lr=0.000759017 step=stateful RMSProp step applied
    unit 31/65 rc=433081 chunks=1 trained_queries=31432 trained_events=72896 mean_loss=1.478529 lr=0.000758387 step=stateful RMSProp step applied
    unit 32/65 rc=439253 chunks=1 trained_queries=32416 trained_events=67744 mean_loss=1.646397 lr=0.000757757 step=stateful RMSProp step applied
    unit 33/65 rc=445065 chunks=2 trained_queries=52575 trained_events=104160 mean_loss=1.676693 lr=0.000757127 step=stateful RMSProp step applied
    unit 34/65 rc=454440 chunks=1 trained_queries=18981 trained_events=51680 mean_loss=1.260419 lr=0.000756497 step=stateful RMSProp step applied
    unit 35/65 rc=458387 chunks=1 trained_queries=5199 trained_events=12224 mean_loss=1.327012 lr=0.000755868 step=stateful RMSProp step applied
    unit 36/65 rc=459434 chunks=1 trained_queries=25529 trained_events=53568 mean_loss=1.575050 lr=0.000755238 step=stateful RMSProp step applied
    unit 37/65 rc=464285 chunks=1 trained_queries=944 trained_events=1792 mean_loss=1.123102 lr=0.000754609 step=stateful RMSProp step applied
    unit 38/65 rc=464449 chunks=1 trained_queries=13111 trained_events=27072 mean_loss=1.443689 lr=0.00075398 step=stateful RMSProp step applied
    unit 39/65 rc=466777 chunks=1 trained_queries=1172 trained_events=2576 mean_loss=1.076492 lr=0.000753351 step=stateful RMSProp step applied
    unit 40/65 rc=467002 chunks=10 trained_queries=476268 trained_events=843008 mean_loss=1.934359 lr=0.000752722 step=stateful RMSProp step applied
    unit 41/65 rc=544108 chunks=2 trained_queries=98499 trained_events=172032 mean_loss=1.882272 lr=0.000752094 step=stateful RMSProp step applied
    unit 42/65 rc=559920 chunks=3 trained_queries=136044 trained_events=238517 mean_loss=1.876345 lr=0.000751465 step=stateful RMSProp step applied
    unit 43/65 rc=581652 chunks=6 trained_queries=267495 trained_events=477697 mean_loss=1.872828 lr=0.000750837 step=stateful RMSProp step applied
    unit 44/65 rc=625299 chunks=16 trained_queries=787430 trained_events=1441440 mean_loss=1.909694 lr=0.000750209 step=stateful RMSProp step applied
    unit 45/65 rc=756698 chunks=3 trained_queries=135019 trained_events=240624 mean_loss=1.853981 lr=0.000749582 step=stateful RMSProp step applied
    unit 46/65 rc=778776 chunks=3 trained_queries=120415 trained_events=203264 mean_loss=1.854195 lr=0.000748954 step=stateful RMSProp step applied
    unit 47/65 rc=797238 chunks=9 trained_queries=409632 trained_events=780452 mean_loss=1.872138 lr=0.000748326 step=stateful RMSProp step applied
    unit 48/65 rc=868544 chunks=8 trained_queries=388601 trained_events=691328 mean_loss=1.895410 lr=0.000747699 step=stateful RMSProp step applied
    unit 49/65 rc=931357 chunks=1 trained_queries=5910 trained_events=9744 mean_loss=1.641591 lr=0.000747072 step=stateful RMSProp step applied
    unit 50/65 rc=932241 chunks=2 trained_queries=63481 trained_events=107824 mean_loss=1.782435 lr=0.000746445 step=stateful RMSProp step applied
    unit 51/65 rc=942005 chunks=6 trained_queries=295710 trained_events=510176 mean_loss=1.913264 lr=0.000745818 step=stateful RMSProp step applied
    unit 52/65 rc=988604 chunks=4 trained_queries=190096 trained_events=338304 mean_loss=1.844315 lr=0.000745192 step=stateful RMSProp step applied
    unit 53/65 rc=1019500 chunks=9 trained_queries=413444 trained_events=737802 mean_loss=1.890402 lr=0.000744565 step=stateful RMSProp step applied
    unit 54/65 rc=1087047 chunks=12 trained_queries=553466 trained_events=1002752 mean_loss=1.899919 lr=0.000743939 step=stateful RMSProp step applied
    unit 55/65 rc=1178720 chunks=2 trained_queries=96605 trained_events=164880 mean_loss=1.891253 lr=0.000743313 step=stateful RMSProp step applied
    unit 56/65 rc=1193882 chunks=1 trained_queries=5343 trained_events=9456 mean_loss=1.582256 lr=0.000742687 step=stateful RMSProp step applied
    unit 57/65 rc=1194732 chunks=9 trained_queries=426507 trained_events=745745 mean_loss=1.912147 lr=0.000742061 step=stateful RMSProp step applied
    unit 58/65 rc=1262782 chunks=9 trained_queries=420566 trained_events=755486 mean_loss=1.897561 lr=0.000741436 step=stateful RMSProp step applied
    unit 59/65 rc=1332021 chunks=11 trained_queries=535061 trained_events=1019376 mean_loss=1.851853 lr=0.00074081 step=stateful RMSProp step applied
    unit 60/65 rc=1425400 chunks=5 trained_queries=235017 trained_events=405880 mean_loss=1.892375 lr=0.000740185 step=stateful RMSProp step applied
    unit 61/65 rc=1462524 chunks=2 trained_queries=68054 trained_events=119056 mean_loss=1.764557 lr=0.00073956 step=stateful RMSProp step applied
    unit 62/65 rc=1473469 chunks=3 trained_queries=147152 trained_events=266576 mean_loss=1.814342 lr=0.000738935 step=stateful RMSProp step applied
    unit 63/65 rc=1497733 chunks=1 trained_queries=5204 trained_events=8048 mean_loss=1.813411 lr=0.000738311 step=stateful RMSProp step applied
    unit 64/65 rc=1498502 chunks=4 trained_queries=165699 trained_events=311920 mean_loss=1.783521 lr=0.000737686 step=stateful RMSProp step applied
    unit 65/65 rc=1526829 chunks=1 trained_queries=3594 trained_events=5440 mean_loss=1.599808 lr=0.000737062 step=stateful RMSProp step applied
  train-epoch: epoch 67 summary trained_queries=8880122 trained_events=16953844 mean_loss=1.835281
  train-epoch: epoch 68/100
    unit 1/65 rc=1 chunks=5 trained_queries=235411 trained_events=602672 mean_loss=1.631986 lr=0.000736438 step=stateful RMSProp step applied
    unit 2/65 rc=47811 chunks=25 trained_queries=1209056 trained_events=2588009 mean_loss=1.886210 lr=0.000735814 step=stateful RMSProp step applied
    unit 3/65 rc=282625 chunks=1 trained_queries=17780 trained_events=32192 mean_loss=1.584422 lr=0.00073519 step=stateful RMSProp step applied
    unit 4/65 rc=285382 chunks=1 trained_queries=16 trained_events=16 mean_loss=0.277213 lr=0.000734567 step=stateful RMSProp step applied
    unit 5/65 rc=285383 chunks=1 trained_queries=41 trained_events=48 mean_loss=0.427515 lr=0.000733943 step=stateful RMSProp step applied
    unit 6/65 rc=285388 chunks=2 trained_queries=54875 trained_events=94080 mean_loss=1.884965 lr=0.00073332 step=stateful RMSProp step applied
    unit 7/65 rc=294043 chunks=3 trained_queries=146903 trained_events=301856 mean_loss=1.733491 lr=0.000732697 step=stateful RMSProp step applied
    unit 8/65 rc=321434 chunks=1 trained_queries=19351 trained_events=28624 mean_loss=1.888759 lr=0.000732074 step=stateful RMSProp step applied
    unit 9/65 rc=324057 chunks=1 trained_queries=35110 trained_events=118240 mean_loss=1.295949 lr=0.000731451 step=stateful RMSProp step applied
    unit 10/65 rc=331740 chunks=1 trained_queries=16 trained_events=432 mean_loss=0.007629 lr=0.000730829 step=stateful RMSProp step applied
    unit 11/65 rc=331741 chunks=2 trained_queries=74861 trained_events=154864 mean_loss=1.629709 lr=0.000730206 step=stateful RMSProp step applied
    unit 12/65 rc=345687 chunks=1 trained_queries=30300 trained_events=55216 mean_loss=1.650299 lr=0.000729584 step=stateful RMSProp step applied
    unit 13/65 rc=350763 chunks=1 trained_queries=15923 trained_events=37200 mean_loss=1.424845 lr=0.000728962 step=stateful RMSProp step applied
    unit 14/65 rc=353625 chunks=2 trained_queries=55670 trained_events=115472 mean_loss=1.660871 lr=0.000728341 step=stateful RMSProp step applied
    unit 15/65 rc=364135 chunks=1 trained_queries=19324 trained_events=41184 mean_loss=1.606865 lr=0.000727719 step=stateful RMSProp step applied
    unit 16/65 rc=367786 chunks=1 trained_queries=22956 trained_events=58432 mean_loss=1.443483 lr=0.000727098 step=stateful RMSProp step applied
    unit 17/65 rc=372767 chunks=1 trained_queries=12887 trained_events=31552 mean_loss=1.354888 lr=0.000726477 step=stateful RMSProp step applied
    unit 18/65 rc=375106 chunks=1 trained_queries=37224 trained_events=92032 mean_loss=1.395041 lr=0.000725855 step=stateful RMSProp step applied
    unit 19/65 rc=382687 chunks=1 trained_queries=11903 trained_events=27856 mean_loss=1.523747 lr=0.000725235 step=stateful RMSProp step applied
    unit 20/65 rc=384937 chunks=1 trained_queries=13922 trained_events=37200 mean_loss=1.362338 lr=0.000724614 step=stateful RMSProp step applied
    unit 21/65 rc=387825 chunks=1 trained_queries=20966 trained_events=46224 mean_loss=1.552687 lr=0.000723993 step=stateful RMSProp step applied
    unit 22/65 rc=391753 chunks=2 trained_queries=80510 trained_events=178352 mean_loss=1.586509 lr=0.000723373 step=stateful RMSProp step applied
    unit 23/65 rc=407234 chunks=1 trained_queries=2379 trained_events=5104 mean_loss=1.370913 lr=0.000722753 step=stateful RMSProp step applied
    unit 24/65 rc=407680 chunks=1 trained_queries=6700 trained_events=24672 mean_loss=1.055896 lr=0.000722133 step=stateful RMSProp step applied
    unit 25/65 rc=409029 chunks=1 trained_queries=26203 trained_events=59152 mean_loss=1.498794 lr=0.000721513 step=stateful RMSProp step applied
    unit 26/65 rc=414232 chunks=1 trained_queries=20070 trained_events=43728 mean_loss=1.565512 lr=0.000720894 step=stateful RMSProp step applied
    unit 27/65 rc=418109 chunks=1 trained_queries=30344 trained_events=74160 mean_loss=1.372734 lr=0.000720274 step=stateful RMSProp step applied
    unit 28/65 rc=424071 chunks=1 trained_queries=37398 trained_events=78688 mean_loss=1.558650 lr=0.000719655 step=stateful RMSProp step applied
    unit 29/65 rc=431070 chunks=1 trained_queries=9984 trained_events=22352 mean_loss=1.571600 lr=0.000719036 step=stateful RMSProp step applied
    unit 30/65 rc=433017 chunks=1 trained_queries=368 trained_events=3696 mean_loss=0.367217 lr=0.000718417 step=stateful RMSProp step applied
    unit 31/65 rc=433081 chunks=1 trained_queries=31432 trained_events=72896 mean_loss=1.481208 lr=0.000717798 step=stateful RMSProp step applied
    unit 32/65 rc=439253 chunks=1 trained_queries=32416 trained_events=67744 mean_loss=1.642029 lr=0.000717179 step=stateful RMSProp step applied
    unit 33/65 rc=445065 chunks=2 trained_queries=52575 trained_events=104160 mean_loss=1.671899 lr=0.000716561 step=stateful RMSProp step applied
    unit 34/65 rc=454440 chunks=1 trained_queries=18981 trained_events=51680 mean_loss=1.253838 lr=0.000715943 step=stateful RMSProp step applied
    unit 35/65 rc=458387 chunks=1 trained_queries=5199 trained_events=12224 mean_loss=1.318380 lr=0.000715325 step=stateful RMSProp step applied
    unit 36/65 rc=459434 chunks=1 trained_queries=25529 trained_events=53568 mean_loss=1.571602 lr=0.000714707 step=stateful RMSProp step applied
    unit 37/65 rc=464285 chunks=1 trained_queries=944 trained_events=1792 mean_loss=1.126732 lr=0.00071409 step=stateful RMSProp step applied
    unit 38/65 rc=464449 chunks=1 trained_queries=13111 trained_events=27072 mean_loss=1.439755 lr=0.000713472 step=stateful RMSProp step applied
    unit 39/65 rc=466777 chunks=1 trained_queries=1172 trained_events=2576 mean_loss=1.073671 lr=0.000712855 step=stateful RMSProp step applied
    unit 40/65 rc=467002 chunks=10 trained_queries=476268 trained_events=843008 mean_loss=1.928265 lr=0.000712238 step=stateful RMSProp step applied
    unit 41/65 rc=544108 chunks=2 trained_queries=98499 trained_events=172032 mean_loss=1.881357 lr=0.000711621 step=stateful RMSProp step applied
    unit 42/65 rc=559920 chunks=3 trained_queries=136044 trained_events=238517 mean_loss=1.873837 lr=0.000711004 step=stateful RMSProp step applied
    unit 43/65 rc=581652 chunks=6 trained_queries=267495 trained_events=477697 mean_loss=1.870607 lr=0.000710388 step=stateful RMSProp step applied
    unit 44/65 rc=625299 chunks=16 trained_queries=787430 trained_events=1441440 mean_loss=1.906473 lr=0.000709772 step=stateful RMSProp step applied
    unit 45/65 rc=756698 chunks=3 trained_queries=135019 trained_events=240624 mean_loss=1.845373 lr=0.000709155 step=stateful RMSProp step applied
    unit 46/65 rc=778776 chunks=3 trained_queries=120415 trained_events=203264 mean_loss=1.848403 lr=0.00070854 step=stateful RMSProp step applied
    unit 47/65 rc=797238 chunks=9 trained_queries=409632 trained_events=780452 mean_loss=1.868320 lr=0.000707924 step=stateful RMSProp step applied
    unit 48/65 rc=868544 chunks=8 trained_queries=388601 trained_events=691328 mean_loss=1.893124 lr=0.000707308 step=stateful RMSProp step applied
    unit 49/65 rc=931357 chunks=1 trained_queries=5910 trained_events=9744 mean_loss=1.633713 lr=0.000706693 step=stateful RMSProp step applied
    unit 50/65 rc=932241 chunks=2 trained_queries=63481 trained_events=107824 mean_loss=1.780388 lr=0.000706078 step=stateful RMSProp step applied
    unit 51/65 rc=942005 chunks=6 trained_queries=295710 trained_events=510176 mean_loss=1.909178 lr=0.000705463 step=stateful RMSProp step applied
    unit 52/65 rc=988604 chunks=4 trained_queries=190096 trained_events=338304 mean_loss=1.842772 lr=0.000704848 step=stateful RMSProp step applied
    unit 53/65 rc=1019500 chunks=9 trained_queries=413444 trained_events=737802 mean_loss=1.881533 lr=0.000704233 step=stateful RMSProp step applied
    unit 54/65 rc=1087047 chunks=12 trained_queries=553466 trained_events=1002752 mean_loss=1.898183 lr=0.000703618 step=stateful RMSProp step applied
    unit 55/65 rc=1178720 chunks=2 trained_queries=96605 trained_events=164880 mean_loss=1.888461 lr=0.000703004 step=stateful RMSProp step applied
    unit 56/65 rc=1193882 chunks=1 trained_queries=5343 trained_events=9456 mean_loss=1.579512 lr=0.00070239 step=stateful RMSProp step applied
    unit 57/65 rc=1194732 chunks=9 trained_queries=426507 trained_events=745745 mean_loss=1.914360 lr=0.000701776 step=stateful RMSProp step applied
    unit 58/65 rc=1262782 chunks=9 trained_queries=420566 trained_events=755486 mean_loss=1.894863 lr=0.000701163 step=stateful RMSProp step applied
    unit 59/65 rc=1332021 chunks=11 trained_queries=535061 trained_events=1019376 mean_loss=1.848687 lr=0.000700549 step=stateful RMSProp step applied
    unit 60/65 rc=1425400 chunks=5 trained_queries=235017 trained_events=405880 mean_loss=1.887699 lr=0.000699936 step=stateful RMSProp step applied
    unit 61/65 rc=1462524 chunks=2 trained_queries=68054 trained_events=119056 mean_loss=1.764157 lr=0.000699323 step=stateful RMSProp step applied
    unit 62/65 rc=1473469 chunks=3 trained_queries=147152 trained_events=266576 mean_loss=1.814632 lr=0.00069871 step=stateful RMSProp step applied
    unit 63/65 rc=1497733 chunks=1 trained_queries=5204 trained_events=8048 mean_loss=1.806110 lr=0.000698097 step=stateful RMSProp step applied
    unit 64/65 rc=1498502 chunks=4 trained_queries=165699 trained_events=311920 mean_loss=1.776941 lr=0.000697484 step=stateful RMSProp step applied
    unit 65/65 rc=1526829 chunks=1 trained_queries=3594 trained_events=5440 mean_loss=1.599838 lr=0.000696872 step=stateful RMSProp step applied
  train-epoch: epoch 68 summary trained_queries=8880122 trained_events=16953844 mean_loss=1.832265
  train-epoch: epoch 69/100
    unit 1/65 rc=1 chunks=5 trained_queries=235411 trained_events=602672 mean_loss=1.624962 lr=0.00069626 step=stateful RMSProp step applied
    unit 2/65 rc=47811 chunks=25 trained_queries=1209056 trained_events=2588009 mean_loss=1.883961 lr=0.000695648 step=stateful RMSProp step applied
    unit 3/65 rc=282625 chunks=1 trained_queries=17780 trained_events=32192 mean_loss=1.581440 lr=0.000695036 step=stateful RMSProp step applied
    unit 4/65 rc=285382 chunks=1 trained_queries=16 trained_events=16 mean_loss=0.275703 lr=0.000694424 step=stateful RMSProp step applied
    unit 5/65 rc=285383 chunks=1 trained_queries=41 trained_events=48 mean_loss=0.406074 lr=0.000693813 step=stateful RMSProp step applied
    unit 6/65 rc=285388 chunks=2 trained_queries=54875 trained_events=94080 mean_loss=1.883961 lr=0.000693202 step=stateful RMSProp step applied
    unit 7/65 rc=294043 chunks=3 trained_queries=146903 trained_events=301856 mean_loss=1.732395 lr=0.00069259 step=stateful RMSProp step applied
    unit 8/65 rc=321434 chunks=1 trained_queries=19351 trained_events=28624 mean_loss=1.887195 lr=0.000691979 step=stateful RMSProp step applied
    unit 9/65 rc=324057 chunks=1 trained_queries=35110 trained_events=118240 mean_loss=1.289480 lr=0.000691369 step=stateful RMSProp step applied
    unit 10/65 rc=331740 chunks=1 trained_queries=16 trained_events=432 mean_loss=0.006399 lr=0.000690758 step=stateful RMSProp step applied
    unit 11/65 rc=331741 chunks=2 trained_queries=74861 trained_events=154864 mean_loss=1.627146 lr=0.000690148 step=stateful RMSProp step applied
    unit 12/65 rc=345687 chunks=1 trained_queries=30300 trained_events=55216 mean_loss=1.660252 lr=0.000689538 step=stateful RMSProp step applied
    unit 13/65 rc=350763 chunks=1 trained_queries=15923 trained_events=37200 mean_loss=1.428073 lr=0.000688928 step=stateful RMSProp step applied
    unit 14/65 rc=353625 chunks=2 trained_queries=55670 trained_events=115472 mean_loss=1.638700 lr=0.000688318 step=stateful RMSProp step applied
    unit 15/65 rc=364135 chunks=1 trained_queries=19324 trained_events=41184 mean_loss=1.601727 lr=0.000687709 step=stateful RMSProp step applied
    unit 16/65 rc=367786 chunks=1 trained_queries=22956 trained_events=58432 mean_loss=1.440675 lr=0.000687099 step=stateful RMSProp step applied
    unit 17/65 rc=372767 chunks=1 trained_queries=12887 trained_events=31552 mean_loss=1.354304 lr=0.00068649 step=stateful RMSProp step applied
    unit 18/65 rc=375106 chunks=1 trained_queries=37224 trained_events=92032 mean_loss=1.389267 lr=0.000685881 step=stateful RMSProp step applied
    unit 19/65 rc=382687 chunks=1 trained_queries=11903 trained_events=27856 mean_loss=1.523346 lr=0.000685272 step=stateful RMSProp step applied
    unit 20/65 rc=384937 chunks=1 trained_queries=13922 trained_events=37200 mean_loss=1.343894 lr=0.000684664 step=stateful RMSProp step applied
    unit 21/65 rc=387825 chunks=1 trained_queries=20966 trained_events=46224 mean_loss=1.533880 lr=0.000684055 step=stateful RMSProp step applied
    unit 22/65 rc=391753 chunks=2 trained_queries=80510 trained_events=178352 mean_loss=1.586451 lr=0.000683447 step=stateful RMSProp step applied
    unit 23/65 rc=407234 chunks=1 trained_queries=2379 trained_events=5104 mean_loss=1.368669 lr=0.000682839 step=stateful RMSProp step applied
    unit 24/65 rc=407680 chunks=1 trained_queries=6700 trained_events=24672 mean_loss=0.987441 lr=0.000682231 step=stateful RMSProp step applied
    unit 25/65 rc=409029 chunks=1 trained_queries=26203 trained_events=59152 mean_loss=1.487878 lr=0.000681623 step=stateful RMSProp step applied
    unit 26/65 rc=414232 chunks=1 trained_queries=20070 trained_events=43728 mean_loss=1.562476 lr=0.000681016 step=stateful RMSProp step applied
    unit 27/65 rc=418109 chunks=1 trained_queries=30344 trained_events=74160 mean_loss=1.361466 lr=0.000680408 step=stateful RMSProp step applied
    unit 28/65 rc=424071 chunks=1 trained_queries=37398 trained_events=78688 mean_loss=1.560063 lr=0.000679801 step=stateful RMSProp step applied
    unit 29/65 rc=431070 chunks=1 trained_queries=9984 trained_events=22352 mean_loss=1.559918 lr=0.000679194 step=stateful RMSProp step applied
    unit 30/65 rc=433017 chunks=1 trained_queries=368 trained_events=3696 mean_loss=0.367010 lr=0.000678588 step=stateful RMSProp step applied
    unit 31/65 rc=433081 chunks=1 trained_queries=31432 trained_events=72896 mean_loss=1.471930 lr=0.000677981 step=stateful RMSProp step applied
    unit 32/65 rc=439253 chunks=1 trained_queries=32416 trained_events=67744 mean_loss=1.650740 lr=0.000677375 step=stateful RMSProp step applied
    unit 33/65 rc=445065 chunks=2 trained_queries=52575 trained_events=104160 mean_loss=1.669649 lr=0.000676769 step=stateful RMSProp step applied
    unit 34/65 rc=454440 chunks=1 trained_queries=18981 trained_events=51680 mean_loss=1.247914 lr=0.000676163 step=stateful RMSProp step applied
    unit 35/65 rc=458387 chunks=1 trained_queries=5199 trained_events=12224 mean_loss=1.347006 lr=0.000675557 step=stateful RMSProp step applied
    unit 36/65 rc=459434 chunks=1 trained_queries=25529 trained_events=53568 mean_loss=1.569231 lr=0.000674951 step=stateful RMSProp step applied
    unit 37/65 rc=464285 chunks=1 trained_queries=944 trained_events=1792 mean_loss=1.115094 lr=0.000674346 step=stateful RMSProp step applied
    unit 38/65 rc=464449 chunks=1 trained_queries=13111 trained_events=27072 mean_loss=1.437388 lr=0.000673741 step=stateful RMSProp step applied
    unit 39/65 rc=466777 chunks=1 trained_queries=1172 trained_events=2576 mean_loss=1.070866 lr=0.000673136 step=stateful RMSProp step applied
    unit 40/65 rc=467002 chunks=10 trained_queries=476268 trained_events=843008 mean_loss=1.924434 lr=0.000672531 step=stateful RMSProp step applied
    unit 41/65 rc=544108 chunks=2 trained_queries=98499 trained_events=172032 mean_loss=1.875390 lr=0.000671927 step=stateful RMSProp step applied
    unit 42/65 rc=559920 chunks=3 trained_queries=136044 trained_events=238517 mean_loss=1.869793 lr=0.000671322 step=stateful RMSProp step applied
    unit 43/65 rc=581652 chunks=6 trained_queries=267495 trained_events=477697 mean_loss=1.868542 lr=0.000670718 step=stateful RMSProp step applied
    unit 44/65 rc=625299 chunks=16 trained_queries=787430 trained_events=1441440 mean_loss=1.906130 lr=0.000670114 step=stateful RMSProp step applied
    unit 45/65 rc=756698 chunks=3 trained_queries=135019 trained_events=240624 mean_loss=1.844521 lr=0.00066951 step=stateful RMSProp step applied
    unit 46/65 rc=778776 chunks=3 trained_queries=120415 trained_events=203264 mean_loss=1.850107 lr=0.000668906 step=stateful RMSProp step applied
    unit 47/65 rc=797238 chunks=9 trained_queries=409632 trained_events=780452 mean_loss=1.867921 lr=0.000668303 step=stateful RMSProp step applied
    unit 48/65 rc=868544 chunks=8 trained_queries=388601 trained_events=691328 mean_loss=1.891676 lr=0.0006677 step=stateful RMSProp step applied
    unit 49/65 rc=931357 chunks=1 trained_queries=5910 trained_events=9744 mean_loss=1.633733 lr=0.000667097 step=stateful RMSProp step applied
    unit 50/65 rc=932241 chunks=2 trained_queries=63481 trained_events=107824 mean_loss=1.781599 lr=0.000666494 step=stateful RMSProp step applied
    unit 51/65 rc=942005 chunks=6 trained_queries=295710 trained_events=510176 mean_loss=1.909314 lr=0.000665891 step=stateful RMSProp step applied
    unit 52/65 rc=988604 chunks=4 trained_queries=190096 trained_events=338304 mean_loss=1.840238 lr=0.000665289 step=stateful RMSProp step applied
    unit 53/65 rc=1019500 chunks=9 trained_queries=413444 trained_events=737802 mean_loss=1.880049 lr=0.000664687 step=stateful RMSProp step applied
    unit 54/65 rc=1087047 chunks=12 trained_queries=553466 trained_events=1002752 mean_loss=1.897434 lr=0.000664084 step=stateful RMSProp step applied
    unit 55/65 rc=1178720 chunks=2 trained_queries=96605 trained_events=164880 mean_loss=1.883191 lr=0.000663483 step=stateful RMSProp step applied
    unit 56/65 rc=1193882 chunks=1 trained_queries=5343 trained_events=9456 mean_loss=1.578652 lr=0.000662881 step=stateful RMSProp step applied
    unit 57/65 rc=1194732 chunks=9 trained_queries=426507 trained_events=745745 mean_loss=1.908522 lr=0.000662279 step=stateful RMSProp step applied
    unit 58/65 rc=1262782 chunks=9 trained_queries=420566 trained_events=755486 mean_loss=1.892826 lr=0.000661678 step=stateful RMSProp step applied
    unit 59/65 rc=1332021 chunks=11 trained_queries=535061 trained_events=1019376 mean_loss=1.847171 lr=0.000661077 step=stateful RMSProp step applied
    unit 60/65 rc=1425400 chunks=5 trained_queries=235017 trained_events=405880 mean_loss=1.885614 lr=0.000660476 step=stateful RMSProp step applied
    unit 61/65 rc=1462524 chunks=2 trained_queries=68054 trained_events=119056 mean_loss=1.760151 lr=0.000659876 step=stateful RMSProp step applied
    unit 62/65 rc=1473469 chunks=3 trained_queries=147152 trained_events=266576 mean_loss=1.810987 lr=0.000659275 step=stateful RMSProp step applied
    unit 63/65 rc=1497733 chunks=1 trained_queries=5204 trained_events=8048 mean_loss=1.811887 lr=0.000658675 step=stateful RMSProp step applied
    unit 64/65 rc=1498502 chunks=4 trained_queries=165699 trained_events=311920 mean_loss=1.773981 lr=0.000658075 step=stateful RMSProp step applied
    unit 65/65 rc=1526829 chunks=1 trained_queries=3594 trained_events=5440 mean_loss=1.597732 lr=0.000657475 step=stateful RMSProp step applied
  train-epoch: epoch 69 summary trained_queries=8880122 trained_events=16953844 mean_loss=1.829788
  train-epoch: epoch 70/100
    unit 1/65 rc=1 chunks=5 trained_queries=235411 trained_events=602672 mean_loss=1.627247 lr=0.000656875 step=stateful RMSProp step applied
    unit 2/65 rc=47811 chunks=25 trained_queries=1209056 trained_events=2588009 mean_loss=1.899236 lr=0.000656275 step=stateful RMSProp step applied
    unit 3/65 rc=282625 chunks=1 trained_queries=17780 trained_events=32192 mean_loss=1.588130 lr=0.000655676 step=stateful RMSProp step applied
    unit 4/65 rc=285382 chunks=1 trained_queries=16 trained_events=16 mean_loss=0.274245 lr=0.000655077 step=stateful RMSProp step applied
    unit 5/65 rc=285383 chunks=1 trained_queries=41 trained_events=48 mean_loss=0.388903 lr=0.000654478 step=stateful RMSProp step applied
    unit 6/65 rc=285388 chunks=2 trained_queries=54875 trained_events=94080 mean_loss=1.873206 lr=0.000653879 step=stateful RMSProp step applied
    unit 7/65 rc=294043 chunks=3 trained_queries=146903 trained_events=301856 mean_loss=1.727182 lr=0.000653281 step=stateful RMSProp step applied
    unit 8/65 rc=321434 chunks=1 trained_queries=19351 trained_events=28624 mean_loss=1.886235 lr=0.000652682 step=stateful RMSProp step applied
    unit 9/65 rc=324057 chunks=1 trained_queries=35110 trained_events=118240 mean_loss=1.302920 lr=0.000652084 step=stateful RMSProp step applied
    unit 10/65 rc=331740 chunks=1 trained_queries=16 trained_events=432 mean_loss=0.006853 lr=0.000651486 step=stateful RMSProp step applied
    unit 11/65 rc=331741 chunks=2 trained_queries=74861 trained_events=154864 mean_loss=1.629316 lr=0.000650889 step=stateful RMSProp step applied
    unit 12/65 rc=345687 chunks=1 trained_queries=30300 trained_events=55216 mean_loss=1.650146 lr=0.000650291 step=stateful RMSProp step applied
    unit 13/65 rc=350763 chunks=1 trained_queries=15923 trained_events=37200 mean_loss=1.424339 lr=0.000649694 step=stateful RMSProp step applied
    unit 14/65 rc=353625 chunks=2 trained_queries=55670 trained_events=115472 mean_loss=1.634696 lr=0.000649097 step=stateful RMSProp step applied
    unit 15/65 rc=364135 chunks=1 trained_queries=19324 trained_events=41184 mean_loss=1.598809 lr=0.000648499 step=stateful RMSProp step applied
    unit 16/65 rc=367786 chunks=1 trained_queries=22956 trained_events=58432 mean_loss=1.444862 lr=0.000647903 step=stateful RMSProp step applied
    unit 17/65 rc=372767 chunks=1 trained_queries=12887 trained_events=31552 mean_loss=1.383910 lr=0.000647306 step=stateful RMSProp step applied
    unit 18/65 rc=375106 chunks=1 trained_queries=37224 trained_events=92032 mean_loss=1.384082 lr=0.00064671 step=stateful RMSProp step applied
    unit 19/65 rc=382687 chunks=1 trained_queries=11903 trained_events=27856 mean_loss=1.531777 lr=0.000646114 step=stateful RMSProp step applied
    unit 20/65 rc=384937 chunks=1 trained_queries=13922 trained_events=37200 mean_loss=1.368595 lr=0.000645518 step=stateful RMSProp step applied
    unit 21/65 rc=387825 chunks=1 trained_queries=20966 trained_events=46224 mean_loss=1.535097 lr=0.000644922 step=stateful RMSProp step applied
    unit 22/65 rc=391753 chunks=2 trained_queries=80510 trained_events=178352 mean_loss=1.583066 lr=0.000644327 step=stateful RMSProp step applied
    unit 23/65 rc=407234 chunks=1 trained_queries=2379 trained_events=5104 mean_loss=1.365349 lr=0.000643731 step=stateful RMSProp step applied
    unit 24/65 rc=407680 chunks=1 trained_queries=6700 trained_events=24672 mean_loss=0.987448 lr=0.000643136 step=stateful RMSProp step applied
    unit 25/65 rc=409029 chunks=1 trained_queries=26203 trained_events=59152 mean_loss=1.488562 lr=0.000642541 step=stateful RMSProp step applied
    unit 26/65 rc=414232 chunks=1 trained_queries=20070 trained_events=43728 mean_loss=1.571880 lr=0.000641946 step=stateful RMSProp step applied
    unit 27/65 rc=418109 chunks=1 trained_queries=30344 trained_events=74160 mean_loss=1.358874 lr=0.000641352 step=stateful RMSProp step applied
    unit 28/65 rc=424071 chunks=1 trained_queries=37398 trained_events=78688 mean_loss=1.554706 lr=0.000640757 step=stateful RMSProp step applied
    unit 29/65 rc=431070 chunks=1 trained_queries=9984 trained_events=22352 mean_loss=1.559002 lr=0.000640163 step=stateful RMSProp step applied
    unit 30/65 rc=433017 chunks=1 trained_queries=368 trained_events=3696 mean_loss=0.366170 lr=0.000639569 step=stateful RMSProp step applied
    unit 31/65 rc=433081 chunks=1 trained_queries=31432 trained_events=72896 mean_loss=1.472861 lr=0.000638976 step=stateful RMSProp step applied
    unit 32/65 rc=439253 chunks=1 trained_queries=32416 trained_events=67744 mean_loss=1.636955 lr=0.000638382 step=stateful RMSProp step applied
    unit 33/65 rc=445065 chunks=2 trained_queries=52575 trained_events=104160 mean_loss=1.666284 lr=0.000637789 step=stateful RMSProp step applied
    unit 34/65 rc=454440 chunks=1 trained_queries=18981 trained_events=51680 mean_loss=1.245609 lr=0.000637195 step=stateful RMSProp step applied
    unit 35/65 rc=458387 chunks=1 trained_queries=5199 trained_events=12224 mean_loss=1.335358 lr=0.000636603 step=stateful RMSProp step applied
    unit 36/65 rc=459434 chunks=1 trained_queries=25529 trained_events=53568 mean_loss=1.566481 lr=0.00063601 step=stateful RMSProp step applied
    unit 37/65 rc=464285 chunks=1 trained_queries=944 trained_events=1792 mean_loss=1.113657 lr=0.000635417 step=stateful RMSProp step applied
    unit 38/65 rc=464449 chunks=1 trained_queries=13111 trained_events=27072 mean_loss=1.435558 lr=0.000634825 step=stateful RMSProp step applied
    unit 39/65 rc=466777 chunks=1 trained_queries=1172 trained_events=2576 mean_loss=1.075468 lr=0.000634233 step=stateful RMSProp step applied
    unit 40/65 rc=467002 chunks=10 trained_queries=476268 trained_events=843008 mean_loss=1.927298 lr=0.000633641 step=stateful RMSProp step applied
    unit 41/65 rc=544108 chunks=2 trained_queries=98499 trained_events=172032 mean_loss=1.872864 lr=0.000633049 step=stateful RMSProp step applied
    unit 42/65 rc=559920 chunks=3 trained_queries=136044 trained_events=238517 mean_loss=1.868662 lr=0.000632458 step=stateful RMSProp step applied
    unit 43/65 rc=581652 chunks=6 trained_queries=267495 trained_events=477697 mean_loss=1.867064 lr=0.000631866 step=stateful RMSProp step applied
    unit 44/65 rc=625299 chunks=16 trained_queries=787430 trained_events=1441440 mean_loss=1.907206 lr=0.000631275 step=stateful RMSProp step applied
    unit 45/65 rc=756698 chunks=3 trained_queries=135019 trained_events=240624 mean_loss=1.842778 lr=0.000630684 step=stateful RMSProp step applied
    unit 46/65 rc=778776 chunks=3 trained_queries=120415 trained_events=203264 mean_loss=1.849629 lr=0.000630093 step=stateful RMSProp step applied
    unit 47/65 rc=797238 chunks=9 trained_queries=409632 trained_events=780452 mean_loss=1.866130 lr=0.000629503 step=stateful RMSProp step applied
    unit 48/65 rc=868544 chunks=8 trained_queries=388601 trained_events=691328 mean_loss=1.890511 lr=0.000628913 step=stateful RMSProp step applied
    unit 49/65 rc=931357 chunks=1 trained_queries=5910 trained_events=9744 mean_loss=1.628080 lr=0.000628323 step=stateful RMSProp step applied
    unit 50/65 rc=932241 chunks=2 trained_queries=63481 trained_events=107824 mean_loss=1.776508 lr=0.000627733 step=stateful RMSProp step applied
    unit 51/65 rc=942005 chunks=6 trained_queries=295710 trained_events=510176 mean_loss=1.907631 lr=0.000627143 step=stateful RMSProp step applied
    unit 52/65 rc=988604 chunks=4 trained_queries=190096 trained_events=338304 mean_loss=1.839225 lr=0.000626553 step=stateful RMSProp step applied
    unit 53/65 rc=1019500 chunks=9 trained_queries=413444 trained_events=737802 mean_loss=1.879364 lr=0.000625964 step=stateful RMSProp step applied
    unit 54/65 rc=1087047 chunks=12 trained_queries=553466 trained_events=1002752 mean_loss=1.895111 lr=0.000625375 step=stateful RMSProp step applied
    unit 55/65 rc=1178720 chunks=2 trained_queries=96605 trained_events=164880 mean_loss=1.883167 lr=0.000624786 step=stateful RMSProp step applied
    unit 56/65 rc=1193882 chunks=1 trained_queries=5343 trained_events=9456 mean_loss=1.574390 lr=0.000624198 step=stateful RMSProp step applied
    unit 57/65 rc=1194732 chunks=9 trained_queries=426507 trained_events=745745 mean_loss=1.906288 lr=0.000623609 step=stateful RMSProp step applied
    unit 58/65 rc=1262782 chunks=9 trained_queries=420566 trained_events=755486 mean_loss=1.892584 lr=0.000623021 step=stateful RMSProp step applied
    unit 59/65 rc=1332021 chunks=11 trained_queries=535061 trained_events=1019376 mean_loss=1.846591 lr=0.000622433 step=stateful RMSProp step applied
    unit 60/65 rc=1425400 chunks=5 trained_queries=235017 trained_events=405880 mean_loss=1.884426 lr=0.000621845 step=stateful RMSProp step applied
    unit 61/65 rc=1462524 chunks=2 trained_queries=68054 trained_events=119056 mean_loss=1.760361 lr=0.000621257 step=stateful RMSProp step applied
    unit 62/65 rc=1473469 chunks=3 trained_queries=147152 trained_events=266576 mean_loss=1.809399 lr=0.00062067 step=stateful RMSProp step applied
    unit 63/65 rc=1497733 chunks=1 trained_queries=5204 trained_events=8048 mean_loss=1.803807 lr=0.000620083 step=stateful RMSProp step applied
    unit 64/65 rc=1498502 chunks=4 trained_queries=165699 trained_events=311920 mean_loss=1.774481 lr=0.000619496 step=stateful RMSProp step applied
    unit 65/65 rc=1526829 chunks=1 trained_queries=3594 trained_events=5440 mean_loss=1.595940 lr=0.000618909 step=stateful RMSProp step applied
  train-epoch: epoch 70 summary trained_queries=8880122 trained_events=16953844 mean_loss=1.831587
  train-epoch: epoch 71/100
    unit 1/65 rc=1 chunks=5 trained_queries=235411 trained_events=602672 mean_loss=1.619606 lr=0.000618322 step=stateful RMSProp step applied
    unit 2/65 rc=47811 chunks=25 trained_queries=1209056 trained_events=2588009 mean_loss=1.880683 lr=0.000617736 step=stateful RMSProp step applied
    unit 3/65 rc=282625 chunks=1 trained_queries=17780 trained_events=32192 mean_loss=1.579886 lr=0.000617149 step=stateful RMSProp step applied
    unit 4/65 rc=285382 chunks=1 trained_queries=16 trained_events=16 mean_loss=0.266385 lr=0.000616563 step=stateful RMSProp step applied
    unit 5/65 rc=285383 chunks=1 trained_queries=41 trained_events=48 mean_loss=0.392605 lr=0.000615977 step=stateful RMSProp step applied
    unit 6/65 rc=285388 chunks=2 trained_queries=54875 trained_events=94080 mean_loss=1.873425 lr=0.000615392 step=stateful RMSProp step applied
    unit 7/65 rc=294043 chunks=3 trained_queries=146903 trained_events=301856 mean_loss=1.722395 lr=0.000614807 step=stateful RMSProp step applied
    unit 8/65 rc=321434 chunks=1 trained_queries=19351 trained_events=28624 mean_loss=1.880194 lr=0.000614221 step=stateful RMSProp step applied
    unit 9/65 rc=324057 chunks=1 trained_queries=35110 trained_events=118240 mean_loss=1.297222 lr=0.000613637 step=stateful RMSProp step applied
    unit 10/65 rc=331740 chunks=1 trained_queries=16 trained_events=432 mean_loss=0.007056 lr=0.000613052 step=stateful RMSProp step applied
    unit 11/65 rc=331741 chunks=2 trained_queries=74861 trained_events=154864 mean_loss=1.626807 lr=0.000612467 step=stateful RMSProp step applied
    unit 12/65 rc=345687 chunks=1 trained_queries=30300 trained_events=55216 mean_loss=1.646265 lr=0.000611883 step=stateful RMSProp step applied
    unit 13/65 rc=350763 chunks=1 trained_queries=15923 trained_events=37200 mean_loss=1.415159 lr=0.000611299 step=stateful RMSProp step applied
    unit 14/65 rc=353625 chunks=2 trained_queries=55670 trained_events=115472 mean_loss=1.631985 lr=0.000610715 step=stateful RMSProp step applied
    unit 15/65 rc=364135 chunks=1 trained_queries=19324 trained_events=41184 mean_loss=1.598110 lr=0.000610131 step=stateful RMSProp step applied
    unit 16/65 rc=367786 chunks=1 trained_queries=22956 trained_events=58432 mean_loss=1.433195 lr=0.000609547 step=stateful RMSProp step applied
    unit 17/65 rc=372767 chunks=1 trained_queries=12887 trained_events=31552 mean_loss=1.349518 lr=0.000608964 step=stateful RMSProp step applied
    unit 18/65 rc=375106 chunks=1 trained_queries=37224 trained_events=92032 mean_loss=1.385681 lr=0.000608381 step=stateful RMSProp step applied
    unit 19/65 rc=382687 chunks=1 trained_queries=11903 trained_events=27856 mean_loss=1.515727 lr=0.000607798 step=stateful RMSProp step applied
    unit 20/65 rc=384937 chunks=1 trained_queries=13922 trained_events=37200 mean_loss=1.343636 lr=0.000607216 step=stateful RMSProp step applied
    unit 21/65 rc=387825 chunks=1 trained_queries=20966 trained_events=46224 mean_loss=1.543206 lr=0.000606633 step=stateful RMSProp step applied
    unit 22/65 rc=391753 chunks=2 trained_queries=80510 trained_events=178352 mean_loss=1.587101 lr=0.000606051 step=stateful RMSProp step applied
    unit 23/65 rc=407234 chunks=1 trained_queries=2379 trained_events=5104 mean_loss=1.362328 lr=0.000605469 step=stateful RMSProp step applied
    unit 24/65 rc=407680 chunks=1 trained_queries=6700 trained_events=24672 mean_loss=1.093692 lr=0.000604887 step=stateful RMSProp step applied
    unit 25/65 rc=409029 chunks=1 trained_queries=26203 trained_events=59152 mean_loss=1.486409 lr=0.000604305 step=stateful RMSProp step applied
    unit 26/65 rc=414232 chunks=1 trained_queries=20070 trained_events=43728 mean_loss=1.562520 lr=0.000603724 step=stateful RMSProp step applied
    unit 27/65 rc=418109 chunks=1 trained_queries=30344 trained_events=74160 mean_loss=1.357022 lr=0.000603142 step=stateful RMSProp step applied
    unit 28/65 rc=424071 chunks=1 trained_queries=37398 trained_events=78688 mean_loss=1.552063 lr=0.000602561 step=stateful RMSProp step applied
    unit 29/65 rc=431070 chunks=1 trained_queries=9984 trained_events=22352 mean_loss=1.580193 lr=0.000601981 step=stateful RMSProp step applied
    unit 30/65 rc=433017 chunks=1 trained_queries=368 trained_events=3696 mean_loss=0.366204 lr=0.0006014 step=stateful RMSProp step applied
    unit 31/65 rc=433081 chunks=1 trained_queries=31432 trained_events=72896 mean_loss=1.457741 lr=0.000600819 step=stateful RMSProp step applied
    unit 32/65 rc=439253 chunks=1 trained_queries=32416 trained_events=67744 mean_loss=1.634149 lr=0.000600239 step=stateful RMSProp step applied
    unit 33/65 rc=445065 chunks=2 trained_queries=52575 trained_events=104160 mean_loss=1.663979 lr=0.000599659 step=stateful RMSProp step applied
    unit 34/65 rc=454440 chunks=1 trained_queries=18981 trained_events=51680 mean_loss=1.243754 lr=0.00059908 step=stateful RMSProp step applied
    unit 35/65 rc=458387 chunks=1 trained_queries=5199 trained_events=12224 mean_loss=1.328745 lr=0.0005985 step=stateful RMSProp step applied
    unit 36/65 rc=459434 chunks=1 trained_queries=25529 trained_events=53568 mean_loss=1.565939 lr=0.000597921 step=stateful RMSProp step applied
    unit 37/65 rc=464285 chunks=1 trained_queries=944 trained_events=1792 mean_loss=1.109661 lr=0.000597342 step=stateful RMSProp step applied
    unit 38/65 rc=464449 chunks=1 trained_queries=13111 trained_events=27072 mean_loss=1.436265 lr=0.000596763 step=stateful RMSProp step applied
    unit 39/65 rc=466777 chunks=1 trained_queries=1172 trained_events=2576 mean_loss=1.065755 lr=0.000596184 step=stateful RMSProp step applied
    unit 40/65 rc=467002 chunks=10 trained_queries=476268 trained_events=843008 mean_loss=1.920979 lr=0.000595606 step=stateful RMSProp step applied
    unit 41/65 rc=544108 chunks=2 trained_queries=98499 trained_events=172032 mean_loss=1.871594 lr=0.000595027 step=stateful RMSProp step applied
    unit 42/65 rc=559920 chunks=3 trained_queries=136044 trained_events=238517 mean_loss=1.867158 lr=0.000594449 step=stateful RMSProp step applied
    unit 43/65 rc=581652 chunks=6 trained_queries=267495 trained_events=477697 mean_loss=1.866934 lr=0.000593871 step=stateful RMSProp step applied
    unit 44/65 rc=625299 chunks=16 trained_queries=787430 trained_events=1441440 mean_loss=1.903602 lr=0.000593294 step=stateful RMSProp step applied
    unit 45/65 rc=756698 chunks=3 trained_queries=135019 trained_events=240624 mean_loss=1.844963 lr=0.000592716 step=stateful RMSProp step applied
    unit 46/65 rc=778776 chunks=3 trained_queries=120415 trained_events=203264 mean_loss=1.851141 lr=0.000592139 step=stateful RMSProp step applied
    unit 47/65 rc=797238 chunks=9 trained_queries=409632 trained_events=780452 mean_loss=1.864820 lr=0.000591562 step=stateful RMSProp step applied
    unit 48/65 rc=868544 chunks=8 trained_queries=388601 trained_events=691328 mean_loss=1.889076 lr=0.000590985 step=stateful RMSProp step applied
    unit 49/65 rc=931357 chunks=1 trained_queries=5910 trained_events=9744 mean_loss=1.627679 lr=0.000590409 step=stateful RMSProp step applied
    unit 50/65 rc=932241 chunks=2 trained_queries=63481 trained_events=107824 mean_loss=1.774856 lr=0.000589832 step=stateful RMSProp step applied
    unit 51/65 rc=942005 chunks=6 trained_queries=295710 trained_events=510176 mean_loss=1.905251 lr=0.000589256 step=stateful RMSProp step applied
    unit 52/65 rc=988604 chunks=4 trained_queries=190096 trained_events=338304 mean_loss=1.837185 lr=0.00058868 step=stateful RMSProp step applied
    unit 53/65 rc=1019500 chunks=9 trained_queries=413444 trained_events=737802 mean_loss=1.877027 lr=0.000588104 step=stateful RMSProp step applied
    unit 54/65 rc=1087047 chunks=12 trained_queries=553466 trained_events=1002752 mean_loss=1.893646 lr=0.000587529 step=stateful RMSProp step applied
    unit 55/65 rc=1178720 chunks=2 trained_queries=96605 trained_events=164880 mean_loss=1.882991 lr=0.000586954 step=stateful RMSProp step applied
    unit 56/65 rc=1193882 chunks=1 trained_queries=5343 trained_events=9456 mean_loss=1.570283 lr=0.000586379 step=stateful RMSProp step applied
    unit 57/65 rc=1194732 chunks=9 trained_queries=426507 trained_events=745745 mean_loss=1.902715 lr=0.000585804 step=stateful RMSProp step applied
    unit 58/65 rc=1262782 chunks=9 trained_queries=420566 trained_events=755486 mean_loss=1.890086 lr=0.000585229 step=stateful RMSProp step applied
    unit 59/65 rc=1332021 chunks=11 trained_queries=535061 trained_events=1019376 mean_loss=1.845604 lr=0.000584655 step=stateful RMSProp step applied
    unit 60/65 rc=1425400 chunks=5 trained_queries=235017 trained_events=405880 mean_loss=1.883603 lr=0.00058408 step=stateful RMSProp step applied
    unit 61/65 rc=1462524 chunks=2 trained_queries=68054 trained_events=119056 mean_loss=1.758019 lr=0.000583506 step=stateful RMSProp step applied
    unit 62/65 rc=1473469 chunks=3 trained_queries=147152 trained_events=266576 mean_loss=1.814977 lr=0.000582932 step=stateful RMSProp step applied
    unit 63/65 rc=1497733 chunks=1 trained_queries=5204 trained_events=8048 mean_loss=1.801020 lr=0.000582359 step=stateful RMSProp step applied
    unit 64/65 rc=1498502 chunks=4 trained_queries=165699 trained_events=311920 mean_loss=1.772423 lr=0.000581786 step=stateful RMSProp step applied
    unit 65/65 rc=1526829 chunks=1 trained_queries=3594 trained_events=5440 mean_loss=1.594797 lr=0.000581212 step=stateful RMSProp step applied
  train-epoch: epoch 71 summary trained_queries=8880122 trained_events=16953844 mean_loss=1.826813
  train-epoch: epoch 72/100
    unit 1/65 rc=1 chunks=5 trained_queries=235411 trained_events=602672 mean_loss=1.618248 lr=0.00058064 step=stateful RMSProp step applied
    unit 2/65 rc=47811 chunks=25 trained_queries=1209056 trained_events=2588009 mean_loss=1.880070 lr=0.000580067 step=stateful RMSProp step applied
    unit 3/65 rc=282625 chunks=1 trained_queries=17780 trained_events=32192 mean_loss=1.572494 lr=0.000579494 step=stateful RMSProp step applied
    unit 4/65 rc=285382 chunks=1 trained_queries=16 trained_events=16 mean_loss=0.264666 lr=0.000578922 step=stateful RMSProp step applied
    unit 5/65 rc=285383 chunks=1 trained_queries=41 trained_events=48 mean_loss=0.375961 lr=0.00057835 step=stateful RMSProp step applied
    unit 6/65 rc=285388 chunks=2 trained_queries=54875 trained_events=94080 mean_loss=1.860521 lr=0.000577778 step=stateful RMSProp step applied
    unit 7/65 rc=294043 chunks=3 trained_queries=146903 trained_events=301856 mean_loss=1.725668 lr=0.000577206 step=stateful RMSProp step applied
    unit 8/65 rc=321434 chunks=1 trained_queries=19351 trained_events=28624 mean_loss=1.883156 lr=0.000576635 step=stateful RMSProp step applied
    unit 9/65 rc=324057 chunks=1 trained_queries=35110 trained_events=118240 mean_loss=1.271764 lr=0.000576063 step=stateful RMSProp step applied
    unit 10/65 rc=331740 chunks=1 trained_queries=16 trained_events=432 mean_loss=0.006360 lr=0.000575493 step=stateful RMSProp step applied
    unit 11/65 rc=331741 chunks=2 trained_queries=74861 trained_events=154864 mean_loss=1.624201 lr=0.000574922 step=stateful RMSProp step applied
    unit 12/65 rc=345687 chunks=1 trained_queries=30300 trained_events=55216 mean_loss=1.647805 lr=0.000574351 step=stateful RMSProp step applied
    unit 13/65 rc=350763 chunks=1 trained_queries=15923 trained_events=37200 mean_loss=1.414351 lr=0.000573781 step=stateful RMSProp step applied
    unit 14/65 rc=353625 chunks=2 trained_queries=55670 trained_events=115472 mean_loss=1.629468 lr=0.000573211 step=stateful RMSProp step applied
    unit 15/65 rc=364135 chunks=1 trained_queries=19324 trained_events=41184 mean_loss=1.590221 lr=0.000572641 step=stateful RMSProp step applied
    unit 16/65 rc=367786 chunks=1 trained_queries=22956 trained_events=58432 mean_loss=1.429530 lr=0.000572071 step=stateful RMSProp step applied
    unit 17/65 rc=372767 chunks=1 trained_queries=12887 trained_events=31552 mean_loss=1.346268 lr=0.000571501 step=stateful RMSProp step applied
    unit 18/65 rc=375106 chunks=1 trained_queries=37224 trained_events=92032 mean_loss=1.379016 lr=0.000570932 step=stateful RMSProp step applied
    unit 19/65 rc=382687 chunks=1 trained_queries=11903 trained_events=27856 mean_loss=1.511443 lr=0.000570363 step=stateful RMSProp step applied
    unit 20/65 rc=384937 chunks=1 trained_queries=13922 trained_events=37200 mean_loss=1.336953 lr=0.000569794 step=stateful RMSProp step applied
    unit 21/65 rc=387825 chunks=1 trained_queries=20966 trained_events=46224 mean_loss=1.529103 lr=0.000569225 step=stateful RMSProp step applied
    unit 22/65 rc=391753 chunks=2 trained_queries=80510 trained_events=178352 mean_loss=1.580323 lr=0.000568657 step=stateful RMSProp step applied
    unit 23/65 rc=407234 chunks=1 trained_queries=2379 trained_events=5104 mean_loss=1.366735 lr=0.000568089 step=stateful RMSProp step applied
    unit 24/65 rc=407680 chunks=1 trained_queries=6700 trained_events=24672 mean_loss=0.985208 lr=0.000567521 step=stateful RMSProp step applied
    unit 25/65 rc=409029 chunks=1 trained_queries=26203 trained_events=59152 mean_loss=1.483164 lr=0.000566953 step=stateful RMSProp step applied
    unit 26/65 rc=414232 chunks=1 trained_queries=20070 trained_events=43728 mean_loss=1.553000 lr=0.000566386 step=stateful RMSProp step applied
    unit 27/65 rc=418109 chunks=1 trained_queries=30344 trained_events=74160 mean_loss=1.358567 lr=0.000565818 step=stateful RMSProp step applied
    unit 28/65 rc=424071 chunks=1 trained_queries=37398 trained_events=78688 mean_loss=1.549288 lr=0.000565251 step=stateful RMSProp step applied
    unit 29/65 rc=431070 chunks=1 trained_queries=9984 trained_events=22352 mean_loss=1.550434 lr=0.000564684 step=stateful RMSProp step applied
    unit 30/65 rc=433017 chunks=1 trained_queries=368 trained_events=3696 mean_loss=0.364490 lr=0.000564117 step=stateful RMSProp step applied
    unit 31/65 rc=433081 chunks=1 trained_queries=31432 trained_events=72896 mean_loss=1.471968 lr=0.000563551 step=stateful RMSProp step applied
    unit 32/65 rc=439253 chunks=1 trained_queries=32416 trained_events=67744 mean_loss=1.634676 lr=0.000562985 step=stateful RMSProp step applied
    unit 33/65 rc=445065 chunks=2 trained_queries=52575 trained_events=104160 mean_loss=1.665928 lr=0.000562419 step=stateful RMSProp step applied
    unit 34/65 rc=454440 chunks=1 trained_queries=18981 trained_events=51680 mean_loss=1.246229 lr=0.000561853 step=stateful RMSProp step applied
    unit 35/65 rc=458387 chunks=1 trained_queries=5199 trained_events=12224 mean_loss=1.324384 lr=0.000561288 step=stateful RMSProp step applied
    unit 36/65 rc=459434 chunks=1 trained_queries=25529 trained_events=53568 mean_loss=1.563974 lr=0.000560722 step=stateful RMSProp step applied
    unit 37/65 rc=464285 chunks=1 trained_queries=944 trained_events=1792 mean_loss=1.115097 lr=0.000560157 step=stateful RMSProp step applied
    unit 38/65 rc=464449 chunks=1 trained_queries=13111 trained_events=27072 mean_loss=1.428338 lr=0.000559592 step=stateful RMSProp step applied
    unit 39/65 rc=466777 chunks=1 trained_queries=1172 trained_events=2576 mean_loss=1.064712 lr=0.000559027 step=stateful RMSProp step applied
    unit 40/65 rc=467002 chunks=10 trained_queries=476268 trained_events=843008 mean_loss=1.921409 lr=0.000558463 step=stateful RMSProp step applied
    unit 41/65 rc=544108 chunks=2 trained_queries=98499 trained_events=172032 mean_loss=1.873395 lr=0.000557898 step=stateful RMSProp step applied
    unit 42/65 rc=559920 chunks=3 trained_queries=136044 trained_events=238517 mean_loss=1.864516 lr=0.000557335 step=stateful RMSProp step applied
    unit 43/65 rc=581652 chunks=6 trained_queries=267495 trained_events=477697 mean_loss=1.864069 lr=0.000556771 step=stateful RMSProp step applied
    unit 44/65 rc=625299 chunks=16 trained_queries=787430 trained_events=1441440 mean_loss=1.901753 lr=0.000556207 step=stateful RMSProp step applied
    unit 45/65 rc=756698 chunks=3 trained_queries=135019 trained_events=240624 mean_loss=1.840989 lr=0.000555644 step=stateful RMSProp step applied
    unit 46/65 rc=778776 chunks=3 trained_queries=120415 trained_events=203264 mean_loss=1.842059 lr=0.000555081 step=stateful RMSProp step applied
    unit 47/65 rc=797238 chunks=9 trained_queries=409632 trained_events=780452 mean_loss=1.863642 lr=0.000554518 step=stateful RMSProp step applied
    unit 48/65 rc=868544 chunks=8 trained_queries=388601 trained_events=691328 mean_loss=1.887316 lr=0.000553955 step=stateful RMSProp step applied
    unit 49/65 rc=931357 chunks=1 trained_queries=5910 trained_events=9744 mean_loss=1.625464 lr=0.000553392 step=stateful RMSProp step applied
    unit 50/65 rc=932241 chunks=2 trained_queries=63481 trained_events=107824 mean_loss=1.773382 lr=0.00055283 step=stateful RMSProp step applied
    unit 51/65 rc=942005 chunks=6 trained_queries=295710 trained_events=510176 mean_loss=1.903804 lr=0.000552268 step=stateful RMSProp step applied
    unit 52/65 rc=988604 chunks=4 trained_queries=190096 trained_events=338304 mean_loss=1.834510 lr=0.000551706 step=stateful RMSProp step applied
    unit 53/65 rc=1019500 chunks=9 trained_queries=413444 trained_events=737802 mean_loss=1.875693 lr=0.000551145 step=stateful RMSProp step applied
    unit 54/65 rc=1087047 chunks=12 trained_queries=553466 trained_events=1002752 mean_loss=1.898148 lr=0.000550583 step=stateful RMSProp step applied
    unit 55/65 rc=1178720 chunks=2 trained_queries=96605 trained_events=164880 mean_loss=1.878975 lr=0.000550022 step=stateful RMSProp step applied
    unit 56/65 rc=1193882 chunks=1 trained_queries=5343 trained_events=9456 mean_loss=1.576646 lr=0.000549461 step=stateful RMSProp step applied
    unit 57/65 rc=1194732 chunks=9 trained_queries=426507 trained_events=745745 mean_loss=1.905125 lr=0.0005489 step=stateful RMSProp step applied
    unit 58/65 rc=1262782 chunks=9 trained_queries=420566 trained_events=755486 mean_loss=1.891225 lr=0.00054834 step=stateful RMSProp step applied
    unit 59/65 rc=1332021 chunks=11 trained_queries=535061 trained_events=1019376 mean_loss=1.844296 lr=0.00054778 step=stateful RMSProp step applied
    unit 60/65 rc=1425400 chunks=5 trained_queries=235017 trained_events=405880 mean_loss=1.881374 lr=0.00054722 step=stateful RMSProp step applied
    unit 61/65 rc=1462524 chunks=2 trained_queries=68054 trained_events=119056 mean_loss=1.758032 lr=0.00054666 step=stateful RMSProp step applied
    unit 62/65 rc=1473469 chunks=3 trained_queries=147152 trained_events=266576 mean_loss=1.806884 lr=0.0005461 step=stateful RMSProp step applied
    unit 63/65 rc=1497733 chunks=1 trained_queries=5204 trained_events=8048 mean_loss=1.797910 lr=0.000545541 step=stateful RMSProp step applied
    unit 64/65 rc=1498502 chunks=4 trained_queries=165699 trained_events=311920 mean_loss=1.767754 lr=0.000544982 step=stateful RMSProp step applied
    unit 65/65 rc=1526829 chunks=1 trained_queries=3594 trained_events=5440 mean_loss=1.597365 lr=0.000544423 step=stateful RMSProp step applied
  train-epoch: epoch 72 summary trained_queries=8880122 trained_events=16953844 mean_loss=1.825400
  train-epoch: epoch 73/100
    unit 1/65 rc=1 chunks=5 trained_queries=235411 trained_events=602672 mean_loss=1.617758 lr=0.000543864 step=stateful RMSProp step applied
    unit 2/65 rc=47811 chunks=25 trained_queries=1209056 trained_events=2588009 mean_loss=1.878457 lr=0.000543305 step=stateful RMSProp step applied
    unit 3/65 rc=282625 chunks=1 trained_queries=17780 trained_events=32192 mean_loss=1.570998 lr=0.000542747 step=stateful RMSProp step applied
    unit 4/65 rc=285382 chunks=1 trained_queries=16 trained_events=16 mean_loss=0.261650 lr=0.000542189 step=stateful RMSProp step applied
    unit 5/65 rc=285383 chunks=1 trained_queries=41 trained_events=48 mean_loss=0.388397 lr=0.000541631 step=stateful RMSProp step applied
    unit 6/65 rc=285388 chunks=2 trained_queries=54875 trained_events=94080 mean_loss=1.877965 lr=0.000541074 step=stateful RMSProp step applied
    unit 7/65 rc=294043 chunks=3 trained_queries=146903 trained_events=301856 mean_loss=1.719075 lr=0.000540516 step=stateful RMSProp step applied
    unit 8/65 rc=321434 chunks=1 trained_queries=19351 trained_events=28624 mean_loss=1.879849 lr=0.000539959 step=stateful RMSProp step applied
    unit 9/65 rc=324057 chunks=1 trained_queries=35110 trained_events=118240 mean_loss=1.268893 lr=0.000539402 step=stateful RMSProp step applied
    unit 10/65 rc=331740 chunks=1 trained_queries=16 trained_events=432 mean_loss=0.005981 lr=0.000538845 step=stateful RMSProp step applied
    unit 11/65 rc=331741 chunks=2 trained_queries=74861 trained_events=154864 mean_loss=1.624177 lr=0.000538289 step=stateful RMSProp step applied
    unit 12/65 rc=345687 chunks=1 trained_queries=30300 trained_events=55216 mean_loss=1.670057 lr=0.000537733 step=stateful RMSProp step applied
    unit 13/65 rc=350763 chunks=1 trained_queries=15923 trained_events=37200 mean_loss=1.412626 lr=0.000537177 step=stateful RMSProp step applied
    unit 14/65 rc=353625 chunks=2 trained_queries=55670 trained_events=115472 mean_loss=1.628632 lr=0.000536621 step=stateful RMSProp step applied
    unit 15/65 rc=364135 chunks=1 trained_queries=19324 trained_events=41184 mean_loss=1.605832 lr=0.000536065 step=stateful RMSProp step applied
    unit 16/65 rc=367786 chunks=1 trained_queries=22956 trained_events=58432 mean_loss=1.477418 lr=0.00053551 step=stateful RMSProp step applied
    unit 17/65 rc=372767 chunks=1 trained_queries=12887 trained_events=31552 mean_loss=1.344693 lr=0.000534955 step=stateful RMSProp step applied
    unit 18/65 rc=375106 chunks=1 trained_queries=37224 trained_events=92032 mean_loss=1.379880 lr=0.0005344 step=stateful RMSProp step applied
    unit 19/65 rc=382687 chunks=1 trained_queries=11903 trained_events=27856 mean_loss=1.503574 lr=0.000533845 step=stateful RMSProp step applied
    unit 20/65 rc=384937 chunks=1 trained_queries=13922 trained_events=37200 mean_loss=1.336815 lr=0.000533291 step=stateful RMSProp step applied
    unit 21/65 rc=387825 chunks=1 trained_queries=20966 trained_events=46224 mean_loss=1.528471 lr=0.000532736 step=stateful RMSProp step applied
    unit 22/65 rc=391753 chunks=2 trained_queries=80510 trained_events=178352 mean_loss=1.577296 lr=0.000532182 step=stateful RMSProp step applied
    unit 23/65 rc=407234 chunks=1 trained_queries=2379 trained_events=5104 mean_loss=1.363302 lr=0.000531629 step=stateful RMSProp step applied
    unit 24/65 rc=407680 chunks=1 trained_queries=6700 trained_events=24672 mean_loss=0.979214 lr=0.000531075 step=stateful RMSProp step applied
    unit 25/65 rc=409029 chunks=1 trained_queries=26203 trained_events=59152 mean_loss=1.482317 lr=0.000530522 step=stateful RMSProp step applied
    unit 26/65 rc=414232 chunks=1 trained_queries=20070 trained_events=43728 mean_loss=1.555613 lr=0.000529969 step=stateful RMSProp step applied
    unit 27/65 rc=418109 chunks=1 trained_queries=30344 trained_events=74160 mean_loss=1.351672 lr=0.000529416 step=stateful RMSProp step applied
    unit 28/65 rc=424071 chunks=1 trained_queries=37398 trained_events=78688 mean_loss=1.549400 lr=0.000528864 step=stateful RMSProp step applied
    unit 29/65 rc=431070 chunks=1 trained_queries=9984 trained_events=22352 mean_loss=1.550523 lr=0.000528311 step=stateful RMSProp step applied
    unit 30/65 rc=433017 chunks=1 trained_queries=368 trained_events=3696 mean_loss=0.366093 lr=0.000527759 step=stateful RMSProp step applied
    unit 31/65 rc=433081 chunks=1 trained_queries=31432 trained_events=72896 mean_loss=1.467353 lr=0.000527207 step=stateful RMSProp step applied
    unit 32/65 rc=439253 chunks=1 trained_queries=32416 trained_events=67744 mean_loss=1.629797 lr=0.000526655 step=stateful RMSProp step applied
    unit 33/65 rc=445065 chunks=2 trained_queries=52575 trained_events=104160 mean_loss=1.661333 lr=0.000526103 step=stateful RMSProp step applied
    unit 34/65 rc=454440 chunks=1 trained_queries=18981 trained_events=51680 mean_loss=1.239429 lr=0.000525552 step=stateful RMSProp step applied
    unit 35/65 rc=458387 chunks=1 trained_queries=5199 trained_events=12224 mean_loss=1.307780 lr=0.000525001 step=stateful RMSProp step applied
    unit 36/65 rc=459434 chunks=1 trained_queries=25529 trained_events=53568 mean_loss=1.561593 lr=0.00052445 step=stateful RMSProp step applied
    unit 37/65 rc=464285 chunks=1 trained_queries=944 trained_events=1792 mean_loss=1.105687 lr=0.0005239 step=stateful RMSProp step applied
    unit 38/65 rc=464449 chunks=1 trained_queries=13111 trained_events=27072 mean_loss=1.428220 lr=0.000523349 step=stateful RMSProp step applied
    unit 39/65 rc=466777 chunks=1 trained_queries=1172 trained_events=2576 mean_loss=1.064132 lr=0.000522799 step=stateful RMSProp step applied
    unit 40/65 rc=467002 chunks=10 trained_queries=476268 trained_events=843008 mean_loss=1.916673 lr=0.000522249 step=stateful RMSProp step applied
    unit 41/65 rc=544108 chunks=2 trained_queries=98499 trained_events=172032 mean_loss=1.868190 lr=0.0005217 step=stateful RMSProp step applied
    unit 42/65 rc=559920 chunks=3 trained_queries=136044 trained_events=238517 mean_loss=1.863187 lr=0.00052115 step=stateful RMSProp step applied
    unit 43/65 rc=581652 chunks=6 trained_queries=267495 trained_events=477697 mean_loss=1.862445 lr=0.000520601 step=stateful RMSProp step applied
    unit 44/65 rc=625299 chunks=16 trained_queries=787430 trained_events=1441440 mean_loss=1.902239 lr=0.000520052 step=stateful RMSProp step applied
    unit 45/65 rc=756698 chunks=3 trained_queries=135019 trained_events=240624 mean_loss=1.840641 lr=0.000519503 step=stateful RMSProp step applied
    unit 46/65 rc=778776 chunks=3 trained_queries=120415 trained_events=203264 mean_loss=1.841623 lr=0.000518955 step=stateful RMSProp step applied
    unit 47/65 rc=797238 chunks=9 trained_queries=409632 trained_events=780452 mean_loss=1.863484 lr=0.000518406 step=stateful RMSProp step applied
    unit 48/65 rc=868544 chunks=8 trained_queries=388601 trained_events=691328 mean_loss=1.886271 lr=0.000517858 step=stateful RMSProp step applied
    unit 49/65 rc=931357 chunks=1 trained_queries=5910 trained_events=9744 mean_loss=1.625764 lr=0.00051731 step=stateful RMSProp step applied
    unit 50/65 rc=932241 chunks=2 trained_queries=63481 trained_events=107824 mean_loss=1.771558 lr=0.000516763 step=stateful RMSProp step applied
    unit 51/65 rc=942005 chunks=6 trained_queries=295710 trained_events=510176 mean_loss=1.905200 lr=0.000516215 step=stateful RMSProp step applied
    unit 52/65 rc=988604 chunks=4 trained_queries=190096 trained_events=338304 mean_loss=1.834348 lr=0.000515668 step=stateful RMSProp step applied
    unit 53/65 rc=1019500 chunks=9 trained_queries=413444 trained_events=737802 mean_loss=1.874441 lr=0.000515121 step=stateful RMSProp step applied
    unit 54/65 rc=1087047 chunks=12 trained_queries=553466 trained_events=1002752 mean_loss=1.891028 lr=0.000514575 step=stateful RMSProp step applied
    unit 55/65 rc=1178720 chunks=2 trained_queries=96605 trained_events=164880 mean_loss=1.877916 lr=0.000514028 step=stateful RMSProp step applied
    unit 56/65 rc=1193882 chunks=1 trained_queries=5343 trained_events=9456 mean_loss=1.572236 lr=0.000513482 step=stateful RMSProp step applied
    unit 57/65 rc=1194732 chunks=9 trained_queries=426507 trained_events=745745 mean_loss=1.900310 lr=0.000512936 step=stateful RMSProp step applied
    unit 58/65 rc=1262782 chunks=9 trained_queries=420566 trained_events=755486 mean_loss=1.890171 lr=0.00051239 step=stateful RMSProp step applied
    unit 59/65 rc=1332021 chunks=11 trained_queries=535061 trained_events=1019376 mean_loss=1.842690 lr=0.000511845 step=stateful RMSProp step applied
    unit 60/65 rc=1425400 chunks=5 trained_queries=235017 trained_events=405880 mean_loss=1.881096 lr=0.000511299 step=stateful RMSProp step applied
    unit 61/65 rc=1462524 chunks=2 trained_queries=68054 trained_events=119056 mean_loss=1.755765 lr=0.000510754 step=stateful RMSProp step applied
    unit 62/65 rc=1473469 chunks=3 trained_queries=147152 trained_events=266576 mean_loss=1.804625 lr=0.000510209 step=stateful RMSProp step applied
    unit 63/65 rc=1497733 chunks=1 trained_queries=5204 trained_events=8048 mean_loss=1.799386 lr=0.000509665 step=stateful RMSProp step applied
    unit 64/65 rc=1498502 chunks=4 trained_queries=165699 trained_events=311920 mean_loss=1.766185 lr=0.00050912 step=stateful RMSProp step applied
    unit 65/65 rc=1526829 chunks=1 trained_queries=3594 trained_events=5440 mean_loss=1.592716 lr=0.000508576 step=stateful RMSProp step applied
  train-epoch: epoch 73 summary trained_queries=8880122 trained_events=16953844 mean_loss=1.823889
  train-epoch: epoch 74/100
    unit 1/65 rc=1 chunks=5 trained_queries=235411 trained_events=602672 mean_loss=1.615216 lr=0.000508032 step=stateful RMSProp step applied
    unit 2/65 rc=47811 chunks=25 trained_queries=1209056 trained_events=2588009 mean_loss=1.888961 lr=0.000507488 step=stateful RMSProp step applied
    unit 3/65 rc=282625 chunks=1 trained_queries=17780 trained_events=32192 mean_loss=1.575575 lr=0.000506945 step=stateful RMSProp step applied
    unit 4/65 rc=285382 chunks=1 trained_queries=16 trained_events=16 mean_loss=0.260000 lr=0.000506402 step=stateful RMSProp step applied
    unit 5/65 rc=285383 chunks=1 trained_queries=41 trained_events=48 mean_loss=0.376999 lr=0.000505859 step=stateful RMSProp step applied
    unit 6/65 rc=285388 chunks=2 trained_queries=54875 trained_events=94080 mean_loss=1.853222 lr=0.000505316 step=stateful RMSProp step applied
    unit 7/65 rc=294043 chunks=3 trained_queries=146903 trained_events=301856 mean_loss=1.719654 lr=0.000504774 step=stateful RMSProp step applied
    unit 8/65 rc=321434 chunks=1 trained_queries=19351 trained_events=28624 mean_loss=1.877411 lr=0.000504231 step=stateful RMSProp step applied
    unit 9/65 rc=324057 chunks=1 trained_queries=35110 trained_events=118240 mean_loss=1.266957 lr=0.000503689 step=stateful RMSProp step applied
    unit 10/65 rc=331740 chunks=1 trained_queries=16 trained_events=432 mean_loss=0.006239 lr=0.000503147 step=stateful RMSProp step applied
    unit 11/65 rc=331741 chunks=2 trained_queries=74861 trained_events=154864 mean_loss=1.618842 lr=0.000502605 step=stateful RMSProp step applied
    unit 12/65 rc=345687 chunks=1 trained_queries=30300 trained_events=55216 mean_loss=1.644734 lr=0.000502064 step=stateful RMSProp step applied
    unit 13/65 rc=350763 chunks=1 trained_queries=15923 trained_events=37200 mean_loss=1.409807 lr=0.000501523 step=stateful RMSProp step applied
    unit 14/65 rc=353625 chunks=2 trained_queries=55670 trained_events=115472 mean_loss=1.624347 lr=0.000500982 step=stateful RMSProp step applied
    unit 15/65 rc=364135 chunks=1 trained_queries=19324 trained_events=41184 mean_loss=1.584409 lr=0.000500441 step=stateful RMSProp step applied
    unit 16/65 rc=367786 chunks=1 trained_queries=22956 trained_events=58432 mean_loss=1.424764 lr=0.000499901 step=stateful RMSProp step applied
    unit 17/65 rc=372767 chunks=1 trained_queries=12887 trained_events=31552 mean_loss=1.342496 lr=0.000499361 step=stateful RMSProp step applied
    unit 18/65 rc=375106 chunks=1 trained_queries=37224 trained_events=92032 mean_loss=1.379180 lr=0.000498821 step=stateful RMSProp step applied
    unit 19/65 rc=382687 chunks=1 trained_queries=11903 trained_events=27856 mean_loss=1.501369 lr=0.000498281 step=stateful RMSProp step applied
    unit 20/65 rc=384937 chunks=1 trained_queries=13922 trained_events=37200 mean_loss=1.339872 lr=0.000497742 step=stateful RMSProp step applied
    unit 21/65 rc=387825 chunks=1 trained_queries=20966 trained_events=46224 mean_loss=1.528715 lr=0.000497202 step=stateful RMSProp step applied
    unit 22/65 rc=391753 chunks=2 trained_queries=80510 trained_events=178352 mean_loss=1.580387 lr=0.000496663 step=stateful RMSProp step applied
    unit 23/65 rc=407234 chunks=1 trained_queries=2379 trained_events=5104 mean_loss=1.360249 lr=0.000496124 step=stateful RMSProp step applied
    unit 24/65 rc=407680 chunks=1 trained_queries=6700 trained_events=24672 mean_loss=1.046195 lr=0.000495586 step=stateful RMSProp step applied
    unit 25/65 rc=409029 chunks=1 trained_queries=26203 trained_events=59152 mean_loss=1.476935 lr=0.000495048 step=stateful RMSProp step applied
    unit 26/65 rc=414232 chunks=1 trained_queries=20070 trained_events=43728 mean_loss=1.554793 lr=0.000494509 step=stateful RMSProp step applied
    unit 27/65 rc=418109 chunks=1 trained_queries=30344 trained_events=74160 mean_loss=1.351267 lr=0.000493971 step=stateful RMSProp step applied
    unit 28/65 rc=424071 chunks=1 trained_queries=37398 trained_events=78688 mean_loss=1.546272 lr=0.000493434 step=stateful RMSProp step applied
    unit 29/65 rc=431070 chunks=1 trained_queries=9984 trained_events=22352 mean_loss=1.556913 lr=0.000492896 step=stateful RMSProp step applied
    unit 30/65 rc=433017 chunks=1 trained_queries=368 trained_events=3696 mean_loss=0.363383 lr=0.000492359 step=stateful RMSProp step applied
    unit 31/65 rc=433081 chunks=1 trained_queries=31432 trained_events=72896 mean_loss=1.449645 lr=0.000491823 step=stateful RMSProp step applied
    unit 32/65 rc=439253 chunks=1 trained_queries=32416 trained_events=67744 mean_loss=1.649281 lr=0.000491286 step=stateful RMSProp step applied
    unit 33/65 rc=445065 chunks=2 trained_queries=52575 trained_events=104160 mean_loss=1.660881 lr=0.000490749 step=stateful RMSProp step applied
    unit 34/65 rc=454440 chunks=1 trained_queries=18981 trained_events=51680 mean_loss=1.237687 lr=0.000490213 step=stateful RMSProp step applied
    unit 35/65 rc=458387 chunks=1 trained_queries=5199 trained_events=12224 mean_loss=1.390643 lr=0.000489677 step=stateful RMSProp step applied
    unit 36/65 rc=459434 chunks=1 trained_queries=25529 trained_events=53568 mean_loss=1.578186 lr=0.000489141 step=stateful RMSProp step applied
    unit 37/65 rc=464285 chunks=1 trained_queries=944 trained_events=1792 mean_loss=1.124149 lr=0.000488606 step=stateful RMSProp step applied
    unit 38/65 rc=464449 chunks=1 trained_queries=13111 trained_events=27072 mean_loss=1.440829 lr=0.00048807 step=stateful RMSProp step applied
    unit 39/65 rc=466777 chunks=1 trained_queries=1172 trained_events=2576 mean_loss=1.068256 lr=0.000487535 step=stateful RMSProp step applied
    unit 40/65 rc=467002 chunks=10 trained_queries=476268 trained_events=843008 mean_loss=1.934846 lr=0.000487001 step=stateful RMSProp step applied
    unit 41/65 rc=544108 chunks=2 trained_queries=98499 trained_events=172032 mean_loss=1.878342 lr=0.000486466 step=stateful RMSProp step applied
    unit 42/65 rc=559920 chunks=3 trained_queries=136044 trained_events=238517 mean_loss=1.875400 lr=0.000485932 step=stateful RMSProp step applied
    unit 43/65 rc=581652 chunks=6 trained_queries=267495 trained_events=477697 mean_loss=1.870208 lr=0.000485398 step=stateful RMSProp step applied
    unit 44/65 rc=625299 chunks=16 trained_queries=787430 trained_events=1441440 mean_loss=1.911234 lr=0.000484864 step=stateful RMSProp step applied
    unit 45/65 rc=756698 chunks=3 trained_queries=135019 trained_events=240624 mean_loss=1.844827 lr=0.00048433 step=stateful RMSProp step applied
    unit 46/65 rc=778776 chunks=3 trained_queries=120415 trained_events=203264 mean_loss=1.848066 lr=0.000483797 step=stateful RMSProp step applied
    unit 47/65 rc=797238 chunks=9 trained_queries=409632 trained_events=780452 mean_loss=1.867297 lr=0.000483264 step=stateful RMSProp step applied
    unit 48/65 rc=868544 chunks=8 trained_queries=388601 trained_events=691328 mean_loss=1.891911 lr=0.000482731 step=stateful RMSProp step applied
    unit 49/65 rc=931357 chunks=1 trained_queries=5910 trained_events=9744 mean_loss=1.631191 lr=0.000482198 step=stateful RMSProp step applied
    unit 50/65 rc=932241 chunks=2 trained_queries=63481 trained_events=107824 mean_loss=1.776617 lr=0.000481666 step=stateful RMSProp step applied
    unit 51/65 rc=942005 chunks=6 trained_queries=295710 trained_events=510176 mean_loss=1.908689 lr=0.000481134 step=stateful RMSProp step applied
    unit 52/65 rc=988604 chunks=4 trained_queries=190096 trained_events=338304 mean_loss=1.836575 lr=0.000480602 step=stateful RMSProp step applied
    unit 53/65 rc=1019500 chunks=9 trained_queries=413444 trained_events=737802 mean_loss=1.878285 lr=0.00048007 step=stateful RMSProp step applied
    unit 54/65 rc=1087047 chunks=12 trained_queries=553466 trained_events=1002752 mean_loss=1.909576 lr=0.000479538 step=stateful RMSProp step applied
    unit 55/65 rc=1178720 chunks=2 trained_queries=96605 trained_events=164880 mean_loss=1.884634 lr=0.000479007 step=stateful RMSProp step applied
    unit 56/65 rc=1193882 chunks=1 trained_queries=5343 trained_events=9456 mean_loss=1.576802 lr=0.000478476 step=stateful RMSProp step applied
    unit 57/65 rc=1194732 chunks=9 trained_queries=426507 trained_events=745745 mean_loss=1.905260 lr=0.000477945 step=stateful RMSProp step applied
    unit 58/65 rc=1262782 chunks=9 trained_queries=420566 trained_events=755486 mean_loss=1.892251 lr=0.000477415 step=stateful RMSProp step applied
    unit 59/65 rc=1332021 chunks=11 trained_queries=535061 trained_events=1019376 mean_loss=1.845807 lr=0.000476885 step=stateful RMSProp step applied
    unit 60/65 rc=1425400 chunks=5 trained_queries=235017 trained_events=405880 mean_loss=1.888706 lr=0.000476355 step=stateful RMSProp step applied
    unit 61/65 rc=1462524 chunks=2 trained_queries=68054 trained_events=119056 mean_loss=1.760249 lr=0.000475825 step=stateful RMSProp step applied
    unit 62/65 rc=1473469 chunks=3 trained_queries=147152 trained_events=266576 mean_loss=1.811503 lr=0.000475295 step=stateful RMSProp step applied
    unit 63/65 rc=1497733 chunks=1 trained_queries=5204 trained_events=8048 mean_loss=1.796301 lr=0.000474766 step=stateful RMSProp step applied
    unit 64/65 rc=1498502 chunks=4 trained_queries=165699 trained_events=311920 mean_loss=1.770410 lr=0.000474237 step=stateful RMSProp step applied
    unit 65/65 rc=1526829 chunks=1 trained_queries=3594 trained_events=5440 mean_loss=1.592699 lr=0.000473708 step=stateful RMSProp step applied
  train-epoch: epoch 74 summary trained_queries=8880122 trained_events=16953844 mean_loss=1.830207
  train-epoch: epoch 75/100
    unit 1/65 rc=1 chunks=5 trained_queries=235411 trained_events=602672 mean_loss=1.627873 lr=0.000473179 step=stateful RMSProp step applied
    unit 2/65 rc=47811 chunks=25 trained_queries=1209056 trained_events=2588009 mean_loss=1.879164 lr=0.000472651 step=stateful RMSProp step applied
    unit 3/65 rc=282625 chunks=1 trained_queries=17780 trained_events=32192 mean_loss=1.575137 lr=0.000472123 step=stateful RMSProp step applied
    unit 4/65 rc=285382 chunks=1 trained_queries=16 trained_events=16 mean_loss=0.259716 lr=0.000471595 step=stateful RMSProp step applied
    unit 5/65 rc=285383 chunks=1 trained_queries=41 trained_events=48 mean_loss=0.405906 lr=0.000471067 step=stateful RMSProp step applied
    unit 6/65 rc=285388 chunks=2 trained_queries=54875 trained_events=94080 mean_loss=1.869556 lr=0.00047054 step=stateful RMSProp step applied
    unit 7/65 rc=294043 chunks=3 trained_queries=146903 trained_events=301856 mean_loss=1.724702 lr=0.000470013 step=stateful RMSProp step applied
    unit 8/65 rc=321434 chunks=1 trained_queries=19351 trained_events=28624 mean_loss=1.881473 lr=0.000469486 step=stateful RMSProp step applied
    unit 9/65 rc=324057 chunks=1 trained_queries=35110 trained_events=118240 mean_loss=1.294849 lr=0.000468959 step=stateful RMSProp step applied
    unit 10/65 rc=331740 chunks=1 trained_queries=16 trained_events=432 mean_loss=0.005922 lr=0.000468433 step=stateful RMSProp step applied
    unit 11/65 rc=331741 chunks=2 trained_queries=74861 trained_events=154864 mean_loss=1.623395 lr=0.000467906 step=stateful RMSProp step applied
    unit 12/65 rc=345687 chunks=1 trained_queries=30300 trained_events=55216 mean_loss=1.645929 lr=0.000467381 step=stateful RMSProp step applied
    unit 13/65 rc=350763 chunks=1 trained_queries=15923 trained_events=37200 mean_loss=1.426609 lr=0.000466855 step=stateful RMSProp step applied
    unit 14/65 rc=353625 chunks=2 trained_queries=55670 trained_events=115472 mean_loss=1.644848 lr=0.000466329 step=stateful RMSProp step applied
    unit 15/65 rc=364135 chunks=1 trained_queries=19324 trained_events=41184 mean_loss=1.597738 lr=0.000465804 step=stateful RMSProp step applied
    unit 16/65 rc=367786 chunks=1 trained_queries=22956 trained_events=58432 mean_loss=1.427050 lr=0.000465279 step=stateful RMSProp step applied
    unit 17/65 rc=372767 chunks=1 trained_queries=12887 trained_events=31552 mean_loss=1.363761 lr=0.000464754 step=stateful RMSProp step applied
    unit 18/65 rc=375106 chunks=1 trained_queries=37224 trained_events=92032 mean_loss=1.391046 lr=0.00046423 step=stateful RMSProp step applied
    unit 19/65 rc=382687 chunks=1 trained_queries=11903 trained_events=27856 mean_loss=1.512147 lr=0.000463705 step=stateful RMSProp step applied
    unit 20/65 rc=384937 chunks=1 trained_queries=13922 trained_events=37200 mean_loss=1.343111 lr=0.000463181 step=stateful RMSProp step applied
    unit 21/65 rc=387825 chunks=1 trained_queries=20966 trained_events=46224 mean_loss=1.541684 lr=0.000462658 step=stateful RMSProp step applied
    unit 22/65 rc=391753 chunks=2 trained_queries=80510 trained_events=178352 mean_loss=1.578588 lr=0.000462134 step=stateful RMSProp step applied
    unit 23/65 rc=407234 chunks=1 trained_queries=2379 trained_events=5104 mean_loss=1.363191 lr=0.000461611 step=stateful RMSProp step applied
    unit 24/65 rc=407680 chunks=1 trained_queries=6700 trained_events=24672 mean_loss=1.112221 lr=0.000461088 step=stateful RMSProp step applied
    unit 25/65 rc=409029 chunks=1 trained_queries=26203 trained_events=59152 mean_loss=1.490929 lr=0.000460565 step=stateful RMSProp step applied
    unit 26/65 rc=414232 chunks=1 trained_queries=20070 trained_events=43728 mean_loss=1.551125 lr=0.000460042 step=stateful RMSProp step applied
    unit 27/65 rc=418109 chunks=1 trained_queries=30344 trained_events=74160 mean_loss=1.361245 lr=0.00045952 step=stateful RMSProp step applied
    unit 28/65 rc=424071 chunks=1 trained_queries=37398 trained_events=78688 mean_loss=1.559781 lr=0.000458998 step=stateful RMSProp step applied
    unit 29/65 rc=431070 chunks=1 trained_queries=9984 trained_events=22352 mean_loss=1.563299 lr=0.000458476 step=stateful RMSProp step applied
    unit 30/65 rc=433017 chunks=1 trained_queries=368 trained_events=3696 mean_loss=0.373607 lr=0.000457954 step=stateful RMSProp step applied
    unit 31/65 rc=433081 chunks=1 trained_queries=31432 trained_events=72896 mean_loss=1.474370 lr=0.000457433 step=stateful RMSProp step applied
    unit 32/65 rc=439253 chunks=1 trained_queries=32416 trained_events=67744 mean_loss=1.651910 lr=0.000456912 step=stateful RMSProp step applied
    unit 33/65 rc=445065 chunks=2 trained_queries=52575 trained_events=104160 mean_loss=1.677595 lr=0.000456391 step=stateful RMSProp step applied
    unit 34/65 rc=454440 chunks=1 trained_queries=18981 trained_events=51680 mean_loss=1.272882 lr=0.00045587 step=stateful RMSProp step applied
    unit 35/65 rc=458387 chunks=1 trained_queries=5199 trained_events=12224 mean_loss=1.308108 lr=0.00045535 step=stateful RMSProp step applied
    unit 36/65 rc=459434 chunks=1 trained_queries=25529 trained_events=53568 mean_loss=1.569878 lr=0.00045483 step=stateful RMSProp step applied
    unit 37/65 rc=464285 chunks=1 trained_queries=944 trained_events=1792 mean_loss=1.127699 lr=0.00045431 step=stateful RMSProp step applied
    unit 38/65 rc=464449 chunks=1 trained_queries=13111 trained_events=27072 mean_loss=1.442423 lr=0.00045379 step=stateful RMSProp step applied
    unit 39/65 rc=466777 chunks=1 trained_queries=1172 trained_events=2576 mean_loss=1.077435 lr=0.000453271 step=stateful RMSProp step applied
    unit 40/65 rc=467002 chunks=10 trained_queries=476268 trained_events=843008 mean_loss=1.918769 lr=0.000452752 step=stateful RMSProp step applied
    unit 41/65 rc=544108 chunks=2 trained_queries=98499 trained_events=172032 mean_loss=1.871577 lr=0.000452233 step=stateful RMSProp step applied
    unit 42/65 rc=559920 chunks=3 trained_queries=136044 trained_events=238517 mean_loss=1.867366 lr=0.000451714 step=stateful RMSProp step applied
    unit 43/65 rc=581652 chunks=6 trained_queries=267495 trained_events=477697 mean_loss=1.866516 lr=0.000451196 step=stateful RMSProp step applied
    unit 44/65 rc=625299 chunks=16 trained_queries=787430 trained_events=1441440 mean_loss=1.904730 lr=0.000450678 step=stateful RMSProp step applied
    unit 45/65 rc=756698 chunks=3 trained_queries=135019 trained_events=240624 mean_loss=1.842211 lr=0.00045016 step=stateful RMSProp step applied
    unit 46/65 rc=778776 chunks=3 trained_queries=120415 trained_events=203264 mean_loss=1.845549 lr=0.000449642 step=stateful RMSProp step applied
    unit 47/65 rc=797238 chunks=9 trained_queries=409632 trained_events=780452 mean_loss=1.865142 lr=0.000449124 step=stateful RMSProp step applied
    unit 48/65 rc=868544 chunks=8 trained_queries=388601 trained_events=691328 mean_loss=1.891229 lr=0.000448607 step=stateful RMSProp step applied
    unit 49/65 rc=931357 chunks=1 trained_queries=5910 trained_events=9744 mean_loss=1.623685 lr=0.00044809 step=stateful RMSProp step applied
    unit 50/65 rc=932241 chunks=2 trained_queries=63481 trained_events=107824 mean_loss=1.773479 lr=0.000447574 step=stateful RMSProp step applied
    unit 51/65 rc=942005 chunks=6 trained_queries=295710 trained_events=510176 mean_loss=1.906021 lr=0.000447057 step=stateful RMSProp step applied
    unit 52/65 rc=988604 chunks=4 trained_queries=190096 trained_events=338304 mean_loss=1.835438 lr=0.000446541 step=stateful RMSProp step applied
    unit 53/65 rc=1019500 chunks=9 trained_queries=413444 trained_events=737802 mean_loss=1.877320 lr=0.000446025 step=stateful RMSProp step applied
    unit 54/65 rc=1087047 chunks=12 trained_queries=553466 trained_events=1002752 mean_loss=1.893306 lr=0.000445509 step=stateful RMSProp step applied
    unit 55/65 rc=1178720 chunks=2 trained_queries=96605 trained_events=164880 mean_loss=1.883189 lr=0.000444994 step=stateful RMSProp step applied
    unit 56/65 rc=1193882 chunks=1 trained_queries=5343 trained_events=9456 mean_loss=1.568858 lr=0.000444479 step=stateful RMSProp step applied
    unit 57/65 rc=1194732 chunks=9 trained_queries=426507 trained_events=745745 mean_loss=1.901703 lr=0.000443964 step=stateful RMSProp step applied
    unit 58/65 rc=1262782 chunks=9 trained_queries=420566 trained_events=755486 mean_loss=1.890445 lr=0.000443449 step=stateful RMSProp step applied
    unit 59/65 rc=1332021 chunks=11 trained_queries=535061 trained_events=1019376 mean_loss=1.844324 lr=0.000442934 step=stateful RMSProp step applied
    unit 60/65 rc=1425400 chunks=5 trained_queries=235017 trained_events=405880 mean_loss=1.885373 lr=0.00044242 step=stateful RMSProp step applied
    unit 61/65 rc=1462524 chunks=2 trained_queries=68054 trained_events=119056 mean_loss=1.757588 lr=0.000441906 step=stateful RMSProp step applied
    unit 62/65 rc=1473469 chunks=3 trained_queries=147152 trained_events=266576 mean_loss=1.815481 lr=0.000441392 step=stateful RMSProp step applied
    unit 63/65 rc=1497733 chunks=1 trained_queries=5204 trained_events=8048 mean_loss=1.794243 lr=0.000440879 step=stateful RMSProp step applied
    unit 64/65 rc=1498502 chunks=4 trained_queries=165699 trained_events=311920 mean_loss=1.766722 lr=0.000440366 step=stateful RMSProp step applied
    unit 65/65 rc=1526829 chunks=1 trained_queries=3594 trained_events=5440 mean_loss=1.588915 lr=0.000439853 step=stateful RMSProp step applied
  train-epoch: epoch 75 summary trained_queries=8880122 trained_events=16953844 mean_loss=1.827034
  train-epoch: epoch 76/100
    unit 1/65 rc=1 chunks=5 trained_queries=235411 trained_events=602672 mean_loss=1.626869 lr=0.00043934 step=stateful RMSProp step applied
    unit 2/65 rc=47811 chunks=25 trained_queries=1209056 trained_events=2588009 mean_loss=1.876890 lr=0.000438827 step=stateful RMSProp step applied
    unit 3/65 rc=282625 chunks=1 trained_queries=17780 trained_events=32192 mean_loss=1.578423 lr=0.000438315 step=stateful RMSProp step applied
    unit 4/65 rc=285382 chunks=1 trained_queries=16 trained_events=16 mean_loss=0.255606 lr=0.000437803 step=stateful RMSProp step applied
    unit 5/65 rc=285383 chunks=1 trained_queries=41 trained_events=48 mean_loss=0.392443 lr=0.000437291 step=stateful RMSProp step applied
    unit 6/65 rc=285388 chunks=2 trained_queries=54875 trained_events=94080 mean_loss=1.847724 lr=0.000436779 step=stateful RMSProp step applied
    unit 7/65 rc=294043 chunks=3 trained_queries=146903 trained_events=301856 mean_loss=1.717297 lr=0.000436268 step=stateful RMSProp step applied
    unit 8/65 rc=321434 chunks=1 trained_queries=19351 trained_events=28624 mean_loss=1.876100 lr=0.000435757 step=stateful RMSProp step applied
    unit 9/65 rc=324057 chunks=1 trained_queries=35110 trained_events=118240 mean_loss=1.274306 lr=0.000435247 step=stateful RMSProp step applied
    unit 10/65 rc=331740 chunks=1 trained_queries=16 trained_events=432 mean_loss=0.006314 lr=0.000434736 step=stateful RMSProp step applied
    unit 11/65 rc=331741 chunks=2 trained_queries=74861 trained_events=154864 mean_loss=1.619432 lr=0.000434226 step=stateful RMSProp step applied
    unit 12/65 rc=345687 chunks=1 trained_queries=30300 trained_events=55216 mean_loss=1.647384 lr=0.000433716 step=stateful RMSProp step applied
    unit 13/65 rc=350763 chunks=1 trained_queries=15923 trained_events=37200 mean_loss=1.429554 lr=0.000433206 step=stateful RMSProp step applied
    unit 14/65 rc=353625 chunks=2 trained_queries=55670 trained_events=115472 mean_loss=1.634241 lr=0.000432696 step=stateful RMSProp step applied
    unit 15/65 rc=364135 chunks=1 trained_queries=19324 trained_events=41184 mean_loss=1.586580 lr=0.000432187 step=stateful RMSProp step applied
    unit 16/65 rc=367786 chunks=1 trained_queries=22956 trained_events=58432 mean_loss=1.429960 lr=0.000431678 step=stateful RMSProp step applied
    unit 17/65 rc=372767 chunks=1 trained_queries=12887 trained_events=31552 mean_loss=1.359408 lr=0.000431169 step=stateful RMSProp step applied
    unit 18/65 rc=375106 chunks=1 trained_queries=37224 trained_events=92032 mean_loss=1.376866 lr=0.000430661 step=stateful RMSProp step applied
    unit 19/65 rc=382687 chunks=1 trained_queries=11903 trained_events=27856 mean_loss=1.505789 lr=0.000430152 step=stateful RMSProp step applied
    unit 20/65 rc=384937 chunks=1 trained_queries=13922 trained_events=37200 mean_loss=1.338857 lr=0.000429644 step=stateful RMSProp step applied
    unit 21/65 rc=387825 chunks=1 trained_queries=20966 trained_events=46224 mean_loss=1.535508 lr=0.000429137 step=stateful RMSProp step applied
    unit 22/65 rc=391753 chunks=2 trained_queries=80510 trained_events=178352 mean_loss=1.577194 lr=0.000428629 step=stateful RMSProp step applied
    unit 23/65 rc=407234 chunks=1 trained_queries=2379 trained_events=5104 mean_loss=1.354980 lr=0.000428122 step=stateful RMSProp step applied
    unit 24/65 rc=407680 chunks=1 trained_queries=6700 trained_events=24672 mean_loss=0.986050 lr=0.000427615 step=stateful RMSProp step applied
    unit 25/65 rc=409029 chunks=1 trained_queries=26203 trained_events=59152 mean_loss=1.486024 lr=0.000427108 step=stateful RMSProp step applied
    unit 26/65 rc=414232 chunks=1 trained_queries=20070 trained_events=43728 mean_loss=1.548597 lr=0.000426602 step=stateful RMSProp step applied
    unit 27/65 rc=418109 chunks=1 trained_queries=30344 trained_events=74160 mean_loss=1.355307 lr=0.000426095 step=stateful RMSProp step applied
    unit 28/65 rc=424071 chunks=1 trained_queries=37398 trained_events=78688 mean_loss=1.552831 lr=0.000425589 step=stateful RMSProp step applied
    unit 29/65 rc=431070 chunks=1 trained_queries=9984 trained_events=22352 mean_loss=1.551926 lr=0.000425083 step=stateful RMSProp step applied
    unit 30/65 rc=433017 chunks=1 trained_queries=368 trained_events=3696 mean_loss=0.364741 lr=0.000424578 step=stateful RMSProp step applied
    unit 31/65 rc=433081 chunks=1 trained_queries=31432 trained_events=72896 mean_loss=1.454427 lr=0.000424073 step=stateful RMSProp step applied
    unit 32/65 rc=439253 chunks=1 trained_queries=32416 trained_events=67744 mean_loss=1.629964 lr=0.000423568 step=stateful RMSProp step applied
    unit 33/65 rc=445065 chunks=2 trained_queries=52575 trained_events=104160 mean_loss=1.665748 lr=0.000423063 step=stateful RMSProp step applied
    unit 34/65 rc=454440 chunks=1 trained_queries=18981 trained_events=51680 mean_loss=1.242764 lr=0.000422558 step=stateful RMSProp step applied
    unit 35/65 rc=458387 chunks=1 trained_queries=5199 trained_events=12224 mean_loss=1.314738 lr=0.000422054 step=stateful RMSProp step applied
    unit 36/65 rc=459434 chunks=1 trained_queries=25529 trained_events=53568 mean_loss=1.561267 lr=0.00042155 step=stateful RMSProp step applied
    unit 37/65 rc=464285 chunks=1 trained_queries=944 trained_events=1792 mean_loss=1.111622 lr=0.000421046 step=stateful RMSProp step applied
    unit 38/65 rc=464449 chunks=1 trained_queries=13111 trained_events=27072 mean_loss=1.430789 lr=0.000420543 step=stateful RMSProp step applied
    unit 39/65 rc=466777 chunks=1 trained_queries=1172 trained_events=2576 mean_loss=1.069868 lr=0.000420039 step=stateful RMSProp step applied
    unit 40/65 rc=467002 chunks=10 trained_queries=476268 trained_events=843008 mean_loss=1.914093 lr=0.000419536 step=stateful RMSProp step applied
    unit 41/65 rc=544108 chunks=2 trained_queries=98499 trained_events=172032 mean_loss=1.868228 lr=0.000419034 step=stateful RMSProp step applied
    unit 42/65 rc=559920 chunks=3 trained_queries=136044 trained_events=238517 mean_loss=1.868005 lr=0.000418531 step=stateful RMSProp step applied
    unit 43/65 rc=581652 chunks=6 trained_queries=267495 trained_events=477697 mean_loss=1.862311 lr=0.000418029 step=stateful RMSProp step applied
    unit 44/65 rc=625299 chunks=16 trained_queries=787430 trained_events=1441440 mean_loss=1.900458 lr=0.000417527 step=stateful RMSProp step applied
    unit 45/65 rc=756698 chunks=3 trained_queries=135019 trained_events=240624 mean_loss=1.840571 lr=0.000417025 step=stateful RMSProp step applied
    unit 46/65 rc=778776 chunks=3 trained_queries=120415 trained_events=203264 mean_loss=1.857834 lr=0.000416524 step=stateful RMSProp step applied
    unit 47/65 rc=797238 chunks=9 trained_queries=409632 trained_events=780452 mean_loss=1.862096 lr=0.000416023 step=stateful RMSProp step applied
    unit 48/65 rc=868544 chunks=8 trained_queries=388601 trained_events=691328 mean_loss=1.886077 lr=0.000415522 step=stateful RMSProp step applied
    unit 49/65 rc=931357 chunks=1 trained_queries=5910 trained_events=9744 mean_loss=1.619306 lr=0.000415021 step=stateful RMSProp step applied
    unit 50/65 rc=932241 chunks=2 trained_queries=63481 trained_events=107824 mean_loss=1.772616 lr=0.00041452 step=stateful RMSProp step applied
    unit 51/65 rc=942005 chunks=6 trained_queries=295710 trained_events=510176 mean_loss=1.903408 lr=0.00041402 step=stateful RMSProp step applied
    unit 52/65 rc=988604 chunks=4 trained_queries=190096 trained_events=338304 mean_loss=1.832186 lr=0.00041352 step=stateful RMSProp step applied
    unit 53/65 rc=1019500 chunks=9 trained_queries=413444 trained_events=737802 mean_loss=1.873459 lr=0.00041302 step=stateful RMSProp step applied
    unit 54/65 rc=1087047 chunks=12 trained_queries=553466 trained_events=1002752 mean_loss=1.889977 lr=0.000412521 step=stateful RMSProp step applied
    unit 55/65 rc=1178720 chunks=2 trained_queries=96605 trained_events=164880 mean_loss=1.875485 lr=0.000412022 step=stateful RMSProp step applied
    unit 56/65 rc=1193882 chunks=1 trained_queries=5343 trained_events=9456 mean_loss=1.565031 lr=0.000411523 step=stateful RMSProp step applied
    unit 57/65 rc=1194732 chunks=9 trained_queries=426507 trained_events=745745 mean_loss=1.900246 lr=0.000411024 step=stateful RMSProp step applied
    unit 58/65 rc=1262782 chunks=9 trained_queries=420566 trained_events=755486 mean_loss=1.887172 lr=0.000410526 step=stateful RMSProp step applied
    unit 59/65 rc=1332021 chunks=11 trained_queries=535061 trained_events=1019376 mean_loss=1.841805 lr=0.000410027 step=stateful RMSProp step applied
    unit 60/65 rc=1425400 chunks=5 trained_queries=235017 trained_events=405880 mean_loss=1.879559 lr=0.000409529 step=stateful RMSProp step applied
    unit 61/65 rc=1462524 chunks=2 trained_queries=68054 trained_events=119056 mean_loss=1.756588 lr=0.000409031 step=stateful RMSProp step applied
    unit 62/65 rc=1473469 chunks=3 trained_queries=147152 trained_events=266576 mean_loss=1.808660 lr=0.000408534 step=stateful RMSProp step applied
    unit 63/65 rc=1497733 chunks=1 trained_queries=5204 trained_events=8048 mean_loss=1.793237 lr=0.000408037 step=stateful RMSProp step applied
    unit 64/65 rc=1498502 chunks=4 trained_queries=165699 trained_events=311920 mean_loss=1.763277 lr=0.00040754 step=stateful RMSProp step applied
    unit 65/65 rc=1526829 chunks=1 trained_queries=3594 trained_events=5440 mean_loss=1.587411 lr=0.000407043 step=stateful RMSProp step applied
  train-epoch: epoch 76 summary trained_queries=8880122 trained_events=16953844 mean_loss=1.823096
  train-epoch: epoch 77/100
    unit 1/65 rc=1 chunks=5 trained_queries=235411 trained_events=602672 mean_loss=1.623254 lr=0.000406547 step=stateful RMSProp step applied
    unit 2/65 rc=47811 chunks=25 trained_queries=1209056 trained_events=2588009 mean_loss=1.879210 lr=0.000406051 step=stateful RMSProp step applied
    unit 3/65 rc=282625 chunks=1 trained_queries=17780 trained_events=32192 mean_loss=1.572972 lr=0.000405555 step=stateful RMSProp step applied
    unit 4/65 rc=285382 chunks=1 trained_queries=16 trained_events=16 mean_loss=0.254495 lr=0.00040506 step=stateful RMSProp step applied
    unit 5/65 rc=285383 chunks=1 trained_queries=41 trained_events=48 mean_loss=0.398536 lr=0.000404564 step=stateful RMSProp step applied
    unit 6/65 rc=285388 chunks=2 trained_queries=54875 trained_events=94080 mean_loss=1.842932 lr=0.000404069 step=stateful RMSProp step applied
    unit 7/65 rc=294043 chunks=3 trained_queries=146903 trained_events=301856 mean_loss=1.713614 lr=0.000403574 step=stateful RMSProp step applied
    unit 8/65 rc=321434 chunks=1 trained_queries=19351 trained_events=28624 mean_loss=1.871966 lr=0.000403079 step=stateful RMSProp step applied
    unit 9/65 rc=324057 chunks=1 trained_queries=35110 trained_events=118240 mean_loss=1.267901 lr=0.000402585 step=stateful RMSProp step applied
    unit 10/65 rc=331740 chunks=1 trained_queries=16 trained_events=432 mean_loss=0.005161 lr=0.000402091 step=stateful RMSProp step applied
    unit 11/65 rc=331741 chunks=2 trained_queries=74861 trained_events=154864 mean_loss=1.617907 lr=0.000401597 step=stateful RMSProp step applied
    unit 12/65 rc=345687 chunks=1 trained_queries=30300 trained_events=55216 mean_loss=1.640659 lr=0.000401103 step=stateful RMSProp step applied
    unit 13/65 rc=350763 chunks=1 trained_queries=15923 trained_events=37200 mean_loss=1.413884 lr=0.00040061 step=stateful RMSProp step applied
    unit 14/65 rc=353625 chunks=2 trained_queries=55670 trained_events=115472 mean_loss=1.623036 lr=0.000400117 step=stateful RMSProp step applied
    unit 15/65 rc=364135 chunks=1 trained_queries=19324 trained_events=41184 mean_loss=1.589854 lr=0.000399624 step=stateful RMSProp step applied
    unit 16/65 rc=367786 chunks=1 trained_queries=22956 trained_events=58432 mean_loss=1.424267 lr=0.000399132 step=stateful RMSProp step applied
    unit 17/65 rc=372767 chunks=1 trained_queries=12887 trained_events=31552 mean_loss=1.347569 lr=0.000398639 step=stateful RMSProp step applied
    unit 18/65 rc=375106 chunks=1 trained_queries=37224 trained_events=92032 mean_loss=1.376022 lr=0.000398147 step=stateful RMSProp step applied
    unit 19/65 rc=382687 chunks=1 trained_queries=11903 trained_events=27856 mean_loss=1.549632 lr=0.000397655 step=stateful RMSProp step applied
    unit 20/65 rc=384937 chunks=1 trained_queries=13922 trained_events=37200 mean_loss=1.356389 lr=0.000397164 step=stateful RMSProp step applied
    unit 21/65 rc=387825 chunks=1 trained_queries=20966 trained_events=46224 mean_loss=1.533329 lr=0.000396673 step=stateful RMSProp step applied
    unit 22/65 rc=391753 chunks=2 trained_queries=80510 trained_events=178352 mean_loss=1.571465 lr=0.000396182 step=stateful RMSProp step applied
    unit 23/65 rc=407234 chunks=1 trained_queries=2379 trained_events=5104 mean_loss=1.359264 lr=0.000395691 step=stateful RMSProp step applied
    unit 24/65 rc=407680 chunks=1 trained_queries=6700 trained_events=24672 mean_loss=1.030608 lr=0.0003952 step=stateful RMSProp step applied
    unit 25/65 rc=409029 chunks=1 trained_queries=26203 trained_events=59152 mean_loss=1.477851 lr=0.00039471 step=stateful RMSProp step applied
    unit 26/65 rc=414232 chunks=1 trained_queries=20070 trained_events=43728 mean_loss=1.543791 lr=0.00039422 step=stateful RMSProp step applied
    unit 27/65 rc=418109 chunks=1 trained_queries=30344 trained_events=74160 mean_loss=1.349841 lr=0.00039373 step=stateful RMSProp step applied
    unit 28/65 rc=424071 chunks=1 trained_queries=37398 trained_events=78688 mean_loss=1.545001 lr=0.000393241 step=stateful RMSProp step applied
    unit 29/65 rc=431070 chunks=1 trained_queries=9984 trained_events=22352 mean_loss=1.549982 lr=0.000392751 step=stateful RMSProp step applied
    unit 30/65 rc=433017 chunks=1 trained_queries=368 trained_events=3696 mean_loss=0.365202 lr=0.000392263 step=stateful RMSProp step applied
    unit 31/65 rc=433081 chunks=1 trained_queries=31432 trained_events=72896 mean_loss=1.460959 lr=0.000391774 step=stateful RMSProp step applied
    unit 32/65 rc=439253 chunks=1 trained_queries=32416 trained_events=67744 mean_loss=1.627064 lr=0.000391285 step=stateful RMSProp step applied
    unit 33/65 rc=445065 chunks=2 trained_queries=52575 trained_events=104160 mean_loss=1.661607 lr=0.000390797 step=stateful RMSProp step applied
    unit 34/65 rc=454440 chunks=1 trained_queries=18981 trained_events=51680 mean_loss=1.241404 lr=0.000390309 step=stateful RMSProp step applied
    unit 35/65 rc=458387 chunks=1 trained_queries=5199 trained_events=12224 mean_loss=1.317398 lr=0.000389822 step=stateful RMSProp step applied
    unit 36/65 rc=459434 chunks=1 trained_queries=25529 trained_events=53568 mean_loss=1.561648 lr=0.000389334 step=stateful RMSProp step applied
    unit 37/65 rc=464285 chunks=1 trained_queries=944 trained_events=1792 mean_loss=1.110694 lr=0.000388847 step=stateful RMSProp step applied
    unit 38/65 rc=464449 chunks=1 trained_queries=13111 trained_events=27072 mean_loss=1.422717 lr=0.00038836 step=stateful RMSProp step applied
    unit 39/65 rc=466777 chunks=1 trained_queries=1172 trained_events=2576 mean_loss=1.072109 lr=0.000387874 step=stateful RMSProp step applied
    unit 40/65 rc=467002 chunks=10 trained_queries=476268 trained_events=843008 mean_loss=1.910300 lr=0.000387387 step=stateful RMSProp step applied
    unit 41/65 rc=544108 chunks=2 trained_queries=98499 trained_events=172032 mean_loss=1.863776 lr=0.000386901 step=stateful RMSProp step applied
    unit 42/65 rc=559920 chunks=3 trained_queries=136044 trained_events=238517 mean_loss=1.865018 lr=0.000386415 step=stateful RMSProp step applied
    unit 43/65 rc=581652 chunks=6 trained_queries=267495 trained_events=477697 mean_loss=1.860429 lr=0.00038593 step=stateful RMSProp step applied
    unit 44/65 rc=625299 chunks=16 trained_queries=787430 trained_events=1441440 mean_loss=1.898191 lr=0.000385444 step=stateful RMSProp step applied
    unit 45/65 rc=756698 chunks=3 trained_queries=135019 trained_events=240624 mean_loss=1.836003 lr=0.000384959 step=stateful RMSProp step applied
    unit 46/65 rc=778776 chunks=3 trained_queries=120415 trained_events=203264 mean_loss=1.838469 lr=0.000384475 step=stateful RMSProp step applied
    unit 47/65 rc=797238 chunks=9 trained_queries=409632 trained_events=780452 mean_loss=1.859948 lr=0.00038399 step=stateful RMSProp step applied
    unit 48/65 rc=868544 chunks=8 trained_queries=388601 trained_events=691328 mean_loss=1.884270 lr=0.000383506 step=stateful RMSProp step applied
    unit 49/65 rc=931357 chunks=1 trained_queries=5910 trained_events=9744 mean_loss=1.619668 lr=0.000383022 step=stateful RMSProp step applied
    unit 50/65 rc=932241 chunks=2 trained_queries=63481 trained_events=107824 mean_loss=1.773623 lr=0.000382538 step=stateful RMSProp step applied
    unit 51/65 rc=942005 chunks=6 trained_queries=295710 trained_events=510176 mean_loss=1.900903 lr=0.000382054 step=stateful RMSProp step applied
    unit 52/65 rc=988604 chunks=4 trained_queries=190096 trained_events=338304 mean_loss=1.830264 lr=0.000381571 step=stateful RMSProp step applied
    unit 53/65 rc=1019500 chunks=9 trained_queries=413444 trained_events=737802 mean_loss=1.872185 lr=0.000381088 step=stateful RMSProp step applied
    unit 54/65 rc=1087047 chunks=12 trained_queries=553466 trained_events=1002752 mean_loss=1.887834 lr=0.000380605 step=stateful RMSProp step applied
    unit 55/65 rc=1178720 chunks=2 trained_queries=96605 trained_events=164880 mean_loss=1.877972 lr=0.000380123 step=stateful RMSProp step applied
    unit 56/65 rc=1193882 chunks=1 trained_queries=5343 trained_events=9456 mean_loss=1.563362 lr=0.000379641 step=stateful RMSProp step applied
    unit 57/65 rc=1194732 chunks=9 trained_queries=426507 trained_events=745745 mean_loss=1.895635 lr=0.000379159 step=stateful RMSProp step applied
    unit 58/65 rc=1262782 chunks=9 trained_queries=420566 trained_events=755486 mean_loss=1.885334 lr=0.000378677 step=stateful RMSProp step applied
    unit 59/65 rc=1332021 chunks=11 trained_queries=535061 trained_events=1019376 mean_loss=1.840297 lr=0.000378196 step=stateful RMSProp step applied
    unit 60/65 rc=1425400 chunks=5 trained_queries=235017 trained_events=405880 mean_loss=1.879483 lr=0.000377715 step=stateful RMSProp step applied
    unit 61/65 rc=1462524 chunks=2 trained_queries=68054 trained_events=119056 mean_loss=1.752463 lr=0.000377234 step=stateful RMSProp step applied
    unit 62/65 rc=1473469 chunks=3 trained_queries=147152 trained_events=266576 mean_loss=1.802552 lr=0.000376753 step=stateful RMSProp step applied
    unit 63/65 rc=1497733 chunks=1 trained_queries=5204 trained_events=8048 mean_loss=1.790810 lr=0.000376273 step=stateful RMSProp step applied
    unit 64/65 rc=1498502 chunks=4 trained_queries=165699 trained_events=311920 mean_loss=1.761407 lr=0.000375793 step=stateful RMSProp step applied
    unit 65/65 rc=1526829 chunks=1 trained_queries=3594 trained_events=5440 mean_loss=1.584367 lr=0.000375313 step=stateful RMSProp step applied
  train-epoch: epoch 77 summary trained_queries=8880122 trained_events=16953844 mean_loss=1.821171
  train-epoch: epoch 78/100
    unit 1/65 rc=1 chunks=5 trained_queries=235411 trained_events=602672 mean_loss=1.612189 lr=0.000374833 step=stateful RMSProp step applied
    unit 2/65 rc=47811 chunks=25 trained_queries=1209056 trained_events=2588009 mean_loss=1.872873 lr=0.000374354 step=stateful RMSProp step applied
    unit 3/65 rc=282625 chunks=1 trained_queries=17780 trained_events=32192 mean_loss=1.569529 lr=0.000373875 step=stateful RMSProp step applied
    unit 4/65 rc=285382 chunks=1 trained_queries=16 trained_events=16 mean_loss=0.251633 lr=0.000373396 step=stateful RMSProp step applied
    unit 5/65 rc=285383 chunks=1 trained_queries=41 trained_events=48 mean_loss=0.383980 lr=0.000372918 step=stateful RMSProp step applied
    unit 6/65 rc=285388 chunks=2 trained_queries=54875 trained_events=94080 mean_loss=1.834735 lr=0.000372439 step=stateful RMSProp step applied
    unit 7/65 rc=294043 chunks=3 trained_queries=146903 trained_events=301856 mean_loss=1.710310 lr=0.000371962 step=stateful RMSProp step applied
    unit 8/65 rc=321434 chunks=1 trained_queries=19351 trained_events=28624 mean_loss=1.870382 lr=0.000371484 step=stateful RMSProp step applied
    unit 9/65 rc=324057 chunks=1 trained_queries=35110 trained_events=118240 mean_loss=1.259774 lr=0.000371006 step=stateful RMSProp step applied
    unit 10/65 rc=331740 chunks=1 trained_queries=16 trained_events=432 mean_loss=0.005072 lr=0.000370529 step=stateful RMSProp step applied
    unit 11/65 rc=331741 chunks=2 trained_queries=74861 trained_events=154864 mean_loss=1.614742 lr=0.000370052 step=stateful RMSProp step applied
    unit 12/65 rc=345687 chunks=1 trained_queries=30300 trained_events=55216 mean_loss=1.639849 lr=0.000369575 step=stateful RMSProp step applied
    unit 13/65 rc=350763 chunks=1 trained_queries=15923 trained_events=37200 mean_loss=1.404719 lr=0.000369099 step=stateful RMSProp step applied
    unit 14/65 rc=353625 chunks=2 trained_queries=55670 trained_events=115472 mean_loss=1.620435 lr=0.000368623 step=stateful RMSProp step applied
    unit 15/65 rc=364135 chunks=1 trained_queries=19324 trained_events=41184 mean_loss=1.584785 lr=0.000368147 step=stateful RMSProp step applied
    unit 16/65 rc=367786 chunks=1 trained_queries=22956 trained_events=58432 mean_loss=1.421624 lr=0.000367671 step=stateful RMSProp step applied
    unit 17/65 rc=372767 chunks=1 trained_queries=12887 trained_events=31552 mean_loss=1.348006 lr=0.000367196 step=stateful RMSProp step applied
    unit 18/65 rc=375106 chunks=1 trained_queries=37224 trained_events=92032 mean_loss=1.369096 lr=0.000366721 step=stateful RMSProp step applied
    unit 19/65 rc=382687 chunks=1 trained_queries=11903 trained_events=27856 mean_loss=1.505128 lr=0.000366246 step=stateful RMSProp step applied
    unit 20/65 rc=384937 chunks=1 trained_queries=13922 trained_events=37200 mean_loss=1.342577 lr=0.000365771 step=stateful RMSProp step applied
    unit 21/65 rc=387825 chunks=1 trained_queries=20966 trained_events=46224 mean_loss=1.519176 lr=0.000365297 step=stateful RMSProp step applied
    unit 22/65 rc=391753 chunks=2 trained_queries=80510 trained_events=178352 mean_loss=1.568810 lr=0.000364823 step=stateful RMSProp step applied
    unit 23/65 rc=407234 chunks=1 trained_queries=2379 trained_events=5104 mean_loss=1.350817 lr=0.000364349 step=stateful RMSProp step applied
    unit 24/65 rc=407680 chunks=1 trained_queries=6700 trained_events=24672 mean_loss=0.977667 lr=0.000363876 step=stateful RMSProp step applied
    unit 25/65 rc=409029 chunks=1 trained_queries=26203 trained_events=59152 mean_loss=1.474719 lr=0.000363403 step=stateful RMSProp step applied
    unit 26/65 rc=414232 chunks=1 trained_queries=20070 trained_events=43728 mean_loss=1.552922 lr=0.00036293 step=stateful RMSProp step applied
    unit 27/65 rc=418109 chunks=1 trained_queries=30344 trained_events=74160 mean_loss=1.347927 lr=0.000362457 step=stateful RMSProp step applied
    unit 28/65 rc=424071 chunks=1 trained_queries=37398 trained_events=78688 mean_loss=1.542719 lr=0.000361985 step=stateful RMSProp step applied
    unit 29/65 rc=431070 chunks=1 trained_queries=9984 trained_events=22352 mean_loss=1.574235 lr=0.000361513 step=stateful RMSProp step applied
    unit 30/65 rc=433017 chunks=1 trained_queries=368 trained_events=3696 mean_loss=0.363768 lr=0.000361041 step=stateful RMSProp step applied
    unit 31/65 rc=433081 chunks=1 trained_queries=31432 trained_events=72896 mean_loss=1.447132 lr=0.000360569 step=stateful RMSProp step applied
    unit 32/65 rc=439253 chunks=1 trained_queries=32416 trained_events=67744 mean_loss=1.621922 lr=0.000360097 step=stateful RMSProp step applied
    unit 33/65 rc=445065 chunks=2 trained_queries=52575 trained_events=104160 mean_loss=1.655522 lr=0.000359626 step=stateful RMSProp step applied
    unit 34/65 rc=454440 chunks=1 trained_queries=18981 trained_events=51680 mean_loss=1.235533 lr=0.000359156 step=stateful RMSProp step applied
    unit 35/65 rc=458387 chunks=1 trained_queries=5199 trained_events=12224 mean_loss=1.309323 lr=0.000358685 step=stateful RMSProp step applied
    unit 36/65 rc=459434 chunks=1 trained_queries=25529 trained_events=53568 mean_loss=1.556098 lr=0.000358215 step=stateful RMSProp step applied
    unit 37/65 rc=464285 chunks=1 trained_queries=944 trained_events=1792 mean_loss=1.106697 lr=0.000357745 step=stateful RMSProp step applied
    unit 38/65 rc=464449 chunks=1 trained_queries=13111 trained_events=27072 mean_loss=1.419038 lr=0.000357275 step=stateful RMSProp step applied
    unit 39/65 rc=466777 chunks=1 trained_queries=1172 trained_events=2576 mean_loss=1.065450 lr=0.000356805 step=stateful RMSProp step applied
    unit 40/65 rc=467002 chunks=10 trained_queries=476268 trained_events=843008 mean_loss=1.907957 lr=0.000356336 step=stateful RMSProp step applied
    unit 41/65 rc=544108 chunks=2 trained_queries=98499 trained_events=172032 mean_loss=1.867819 lr=0.000355867 step=stateful RMSProp step applied
    unit 42/65 rc=559920 chunks=3 trained_queries=136044 trained_events=238517 mean_loss=1.858388 lr=0.000355399 step=stateful RMSProp step applied
    unit 43/65 rc=581652 chunks=6 trained_queries=267495 trained_events=477697 mean_loss=1.858303 lr=0.00035493 step=stateful RMSProp step applied
    unit 44/65 rc=625299 chunks=16 trained_queries=787430 trained_events=1441440 mean_loss=1.896915 lr=0.000354462 step=stateful RMSProp step applied
    unit 45/65 rc=756698 chunks=3 trained_queries=135019 trained_events=240624 mean_loss=1.834970 lr=0.000353994 step=stateful RMSProp step applied
    unit 46/65 rc=778776 chunks=3 trained_queries=120415 trained_events=203264 mean_loss=1.838186 lr=0.000353526 step=stateful RMSProp step applied
    unit 47/65 rc=797238 chunks=9 trained_queries=409632 trained_events=780452 mean_loss=1.858778 lr=0.000353059 step=stateful RMSProp step applied
    unit 48/65 rc=868544 chunks=8 trained_queries=388601 trained_events=691328 mean_loss=1.882381 lr=0.000352592 step=stateful RMSProp step applied
    unit 49/65 rc=931357 chunks=1 trained_queries=5910 trained_events=9744 mean_loss=1.615012 lr=0.000352125 step=stateful RMSProp step applied
    unit 50/65 rc=932241 chunks=2 trained_queries=63481 trained_events=107824 mean_loss=1.767008 lr=0.000351659 step=stateful RMSProp step applied
    unit 51/65 rc=942005 chunks=6 trained_queries=295710 trained_events=510176 mean_loss=1.900581 lr=0.000351192 step=stateful RMSProp step applied
    unit 52/65 rc=988604 chunks=4 trained_queries=190096 trained_events=338304 mean_loss=1.827964 lr=0.000350726 step=stateful RMSProp step applied
    unit 53/65 rc=1019500 chunks=9 trained_queries=413444 trained_events=737802 mean_loss=1.869958 lr=0.000350261 step=stateful RMSProp step applied
    unit 54/65 rc=1087047 chunks=12 trained_queries=553466 trained_events=1002752 mean_loss=1.886918 lr=0.000349795 step=stateful RMSProp step applied
    unit 55/65 rc=1178720 chunks=2 trained_queries=96605 trained_events=164880 mean_loss=1.874379 lr=0.00034933 step=stateful RMSProp step applied
    unit 56/65 rc=1193882 chunks=1 trained_queries=5343 trained_events=9456 mean_loss=1.565802 lr=0.000348865 step=stateful RMSProp step applied
    unit 57/65 rc=1194732 chunks=9 trained_queries=426507 trained_events=745745 mean_loss=1.895526 lr=0.0003484 step=stateful RMSProp step applied
    unit 58/65 rc=1262782 chunks=9 trained_queries=420566 trained_events=755486 mean_loss=1.883832 lr=0.000347936 step=stateful RMSProp step applied
    unit 59/65 rc=1332021 chunks=11 trained_queries=535061 trained_events=1019376 mean_loss=1.838927 lr=0.000347472 step=stateful RMSProp step applied
    unit 60/65 rc=1425400 chunks=5 trained_queries=235017 trained_events=405880 mean_loss=1.877503 lr=0.000347008 step=stateful RMSProp step applied
    unit 61/65 rc=1462524 chunks=2 trained_queries=68054 trained_events=119056 mean_loss=1.753783 lr=0.000346544 step=stateful RMSProp step applied
    unit 62/65 rc=1473469 chunks=3 trained_queries=147152 trained_events=266576 mean_loss=1.800722 lr=0.000346081 step=stateful RMSProp step applied
    unit 63/65 rc=1497733 chunks=1 trained_queries=5204 trained_events=8048 mean_loss=1.790100 lr=0.000345618 step=stateful RMSProp step applied
    unit 64/65 rc=1498502 chunks=4 trained_queries=165699 trained_events=311920 mean_loss=1.759853 lr=0.000345155 step=stateful RMSProp step applied
    unit 65/65 rc=1526829 chunks=1 trained_queries=3594 trained_events=5440 mean_loss=1.581567 lr=0.000344692 step=stateful RMSProp step applied
  train-epoch: epoch 78 summary trained_queries=8880122 trained_events=16953844 mean_loss=1.818101
  train-epoch: epoch 79/100
    unit 1/65 rc=1 chunks=5 trained_queries=235411 trained_events=602672 mean_loss=1.612456 lr=0.00034423 step=stateful RMSProp step applied
    unit 2/65 rc=47811 chunks=25 trained_queries=1209056 trained_events=2588009 mean_loss=1.872103 lr=0.000343768 step=stateful RMSProp step applied
    unit 3/65 rc=282625 chunks=1 trained_queries=17780 trained_events=32192 mean_loss=1.564695 lr=0.000343306 step=stateful RMSProp step applied
    unit 4/65 rc=285382 chunks=1 trained_queries=16 trained_events=16 mean_loss=0.247629 lr=0.000342845 step=stateful RMSProp step applied
    unit 5/65 rc=285383 chunks=1 trained_queries=41 trained_events=48 mean_loss=0.383693 lr=0.000342384 step=stateful RMSProp step applied
    unit 6/65 rc=285388 chunks=2 trained_queries=54875 trained_events=94080 mean_loss=1.834479 lr=0.000341923 step=stateful RMSProp step applied
    unit 7/65 rc=294043 chunks=3 trained_queries=146903 trained_events=301856 mean_loss=1.708677 lr=0.000341462 step=stateful RMSProp step applied
    unit 8/65 rc=321434 chunks=1 trained_queries=19351 trained_events=28624 mean_loss=1.867579 lr=0.000341002 step=stateful RMSProp step applied
    unit 9/65 rc=324057 chunks=1 trained_queries=35110 trained_events=118240 mean_loss=1.261764 lr=0.000340542 step=stateful RMSProp step applied
    unit 10/65 rc=331740 chunks=1 trained_queries=16 trained_events=432 mean_loss=0.005086 lr=0.000340082 step=stateful RMSProp step applied
    unit 11/65 rc=331741 chunks=2 trained_queries=74861 trained_events=154864 mean_loss=1.612743 lr=0.000339622 step=stateful RMSProp step applied
    unit 12/65 rc=345687 chunks=1 trained_queries=30300 trained_events=55216 mean_loss=1.659011 lr=0.000339163 step=stateful RMSProp step applied
    unit 13/65 rc=350763 chunks=1 trained_queries=15923 trained_events=37200 mean_loss=1.400313 lr=0.000338704 step=stateful RMSProp step applied
    unit 14/65 rc=353625 chunks=2 trained_queries=55670 trained_events=115472 mean_loss=1.617526 lr=0.000338245 step=stateful RMSProp step applied
    unit 15/65 rc=364135 chunks=1 trained_queries=19324 trained_events=41184 mean_loss=1.585812 lr=0.000337787 step=stateful RMSProp step applied
    unit 16/65 rc=367786 chunks=1 trained_queries=22956 trained_events=58432 mean_loss=1.416687 lr=0.000337329 step=stateful RMSProp step applied
    unit 17/65 rc=372767 chunks=1 trained_queries=12887 trained_events=31552 mean_loss=1.339871 lr=0.000336871 step=stateful RMSProp step applied
    unit 18/65 rc=375106 chunks=1 trained_queries=37224 trained_events=92032 mean_loss=1.377174 lr=0.000336413 step=stateful RMSProp step applied
    unit 19/65 rc=382687 chunks=1 trained_queries=11903 trained_events=27856 mean_loss=1.511731 lr=0.000335956 step=stateful RMSProp step applied
    unit 20/65 rc=384937 chunks=1 trained_queries=13922 trained_events=37200 mean_loss=1.338883 lr=0.000335499 step=stateful RMSProp step applied
    unit 21/65 rc=387825 chunks=1 trained_queries=20966 trained_events=46224 mean_loss=1.516790 lr=0.000335042 step=stateful RMSProp step applied
    unit 22/65 rc=391753 chunks=2 trained_queries=80510 trained_events=178352 mean_loss=1.566681 lr=0.000334585 step=stateful RMSProp step applied
    unit 23/65 rc=407234 chunks=1 trained_queries=2379 trained_events=5104 mean_loss=1.350687 lr=0.000334129 step=stateful RMSProp step applied
    unit 24/65 rc=407680 chunks=1 trained_queries=6700 trained_events=24672 mean_loss=0.975583 lr=0.000333673 step=stateful RMSProp step applied
    unit 25/65 rc=409029 chunks=1 trained_queries=26203 trained_events=59152 mean_loss=1.470288 lr=0.000333217 step=stateful RMSProp step applied
    unit 26/65 rc=414232 chunks=1 trained_queries=20070 trained_events=43728 mean_loss=1.538891 lr=0.000332762 step=stateful RMSProp step applied
    unit 27/65 rc=418109 chunks=1 trained_queries=30344 trained_events=74160 mean_loss=1.345461 lr=0.000332307 step=stateful RMSProp step applied
    unit 28/65 rc=424071 chunks=1 trained_queries=37398 trained_events=78688 mean_loss=1.538111 lr=0.000331852 step=stateful RMSProp step applied
    unit 29/65 rc=431070 chunks=1 trained_queries=9984 trained_events=22352 mean_loss=1.535370 lr=0.000331397 step=stateful RMSProp step applied
    unit 30/65 rc=433017 chunks=1 trained_queries=368 trained_events=3696 mean_loss=0.364664 lr=0.000330942 step=stateful RMSProp step applied
    unit 31/65 rc=433081 chunks=1 trained_queries=31432 trained_events=72896 mean_loss=1.452101 lr=0.000330488 step=stateful RMSProp step applied
    unit 32/65 rc=439253 chunks=1 trained_queries=32416 trained_events=67744 mean_loss=1.620866 lr=0.000330035 step=stateful RMSProp step applied
    unit 33/65 rc=445065 chunks=2 trained_queries=52575 trained_events=104160 mean_loss=1.654598 lr=0.000329581 step=stateful RMSProp step applied
    unit 34/65 rc=454440 chunks=1 trained_queries=18981 trained_events=51680 mean_loss=1.230225 lr=0.000329128 step=stateful RMSProp step applied
    unit 35/65 rc=458387 chunks=1 trained_queries=5199 trained_events=12224 mean_loss=1.322902 lr=0.000328675 step=stateful RMSProp step applied
    unit 36/65 rc=459434 chunks=1 trained_queries=25529 trained_events=53568 mean_loss=1.555036 lr=0.000328222 step=stateful RMSProp step applied
    unit 37/65 rc=464285 chunks=1 trained_queries=944 trained_events=1792 mean_loss=1.109210 lr=0.00032777 step=stateful RMSProp step applied
    unit 38/65 rc=464449 chunks=1 trained_queries=13111 trained_events=27072 mean_loss=1.418747 lr=0.000327317 step=stateful RMSProp step applied
    unit 39/65 rc=466777 chunks=1 trained_queries=1172 trained_events=2576 mean_loss=1.065277 lr=0.000326865 step=stateful RMSProp step applied
    unit 40/65 rc=467002 chunks=10 trained_queries=476268 trained_events=843008 mean_loss=1.905702 lr=0.000326414 step=stateful RMSProp step applied
    unit 41/65 rc=544108 chunks=2 trained_queries=98499 trained_events=172032 mean_loss=1.859613 lr=0.000325962 step=stateful RMSProp step applied
    unit 42/65 rc=559920 chunks=3 trained_queries=136044 trained_events=238517 mean_loss=1.862814 lr=0.000325511 step=stateful RMSProp step applied
    unit 43/65 rc=581652 chunks=6 trained_queries=267495 trained_events=477697 mean_loss=1.857138 lr=0.00032506 step=stateful RMSProp step applied
    unit 44/65 rc=625299 chunks=16 trained_queries=787430 trained_events=1441440 mean_loss=1.896163 lr=0.00032461 step=stateful RMSProp step applied
    unit 45/65 rc=756698 chunks=3 trained_queries=135019 trained_events=240624 mean_loss=1.835541 lr=0.00032416 step=stateful RMSProp step applied
    unit 46/65 rc=778776 chunks=3 trained_queries=120415 trained_events=203264 mean_loss=1.835250 lr=0.00032371 step=stateful RMSProp step applied
    unit 47/65 rc=797238 chunks=9 trained_queries=409632 trained_events=780452 mean_loss=1.858115 lr=0.00032326 step=stateful RMSProp step applied
    unit 48/65 rc=868544 chunks=8 trained_queries=388601 trained_events=691328 mean_loss=1.881852 lr=0.00032281 step=stateful RMSProp step applied
    unit 49/65 rc=931357 chunks=1 trained_queries=5910 trained_events=9744 mean_loss=1.611787 lr=0.000322361 step=stateful RMSProp step applied
    unit 50/65 rc=932241 chunks=2 trained_queries=63481 trained_events=107824 mean_loss=1.768251 lr=0.000321912 step=stateful RMSProp step applied
    unit 51/65 rc=942005 chunks=6 trained_queries=295710 trained_events=510176 mean_loss=1.899677 lr=0.000321464 step=stateful RMSProp step applied
    unit 52/65 rc=988604 chunks=4 trained_queries=190096 trained_events=338304 mean_loss=1.828749 lr=0.000321015 step=stateful RMSProp step applied
    unit 53/65 rc=1019500 chunks=9 trained_queries=413444 trained_events=737802 mean_loss=1.869795 lr=0.000320567 step=stateful RMSProp step applied
    unit 54/65 rc=1087047 chunks=12 trained_queries=553466 trained_events=1002752 mean_loss=1.892584 lr=0.00032012 step=stateful RMSProp step applied
    unit 55/65 rc=1178720 chunks=2 trained_queries=96605 trained_events=164880 mean_loss=1.873838 lr=0.000319672 step=stateful RMSProp step applied
    unit 56/65 rc=1193882 chunks=1 trained_queries=5343 trained_events=9456 mean_loss=1.558890 lr=0.000319225 step=stateful RMSProp step applied
    unit 57/65 rc=1194732 chunks=9 trained_queries=426507 trained_events=745745 mean_loss=1.893404 lr=0.000318778 step=stateful RMSProp step applied
    unit 58/65 rc=1262782 chunks=9 trained_queries=420566 trained_events=755486 mean_loss=1.883045 lr=0.000318331 step=stateful RMSProp step applied
    unit 59/65 rc=1332021 chunks=11 trained_queries=535061 trained_events=1019376 mean_loss=1.838501 lr=0.000317885 step=stateful RMSProp step applied
    unit 60/65 rc=1425400 chunks=5 trained_queries=235017 trained_events=405880 mean_loss=1.877569 lr=0.000317438 step=stateful RMSProp step applied
    unit 61/65 rc=1462524 chunks=2 trained_queries=68054 trained_events=119056 mean_loss=1.751441 lr=0.000316993 step=stateful RMSProp step applied
    unit 62/65 rc=1473469 chunks=3 trained_queries=147152 trained_events=266576 mean_loss=1.799775 lr=0.000316547 step=stateful RMSProp step applied
    unit 63/65 rc=1497733 chunks=1 trained_queries=5204 trained_events=8048 mean_loss=1.783430 lr=0.000316102 step=stateful RMSProp step applied
    unit 64/65 rc=1498502 chunks=4 trained_queries=165699 trained_events=311920 mean_loss=1.760307 lr=0.000315657 step=stateful RMSProp step applied
    unit 65/65 rc=1526829 chunks=1 trained_queries=3594 trained_events=5440 mean_loss=1.580732 lr=0.000315212 step=stateful RMSProp step applied
  train-epoch: epoch 79 summary trained_queries=8880122 trained_events=16953844 mean_loss=1.817654
  train-epoch: epoch 80/100
    unit 1/65 rc=1 chunks=5 trained_queries=235411 trained_events=602672 mean_loss=1.607478 lr=0.000314767 step=stateful RMSProp step applied
    unit 2/65 rc=47811 chunks=25 trained_queries=1209056 trained_events=2588009 mean_loss=1.872073 lr=0.000314323 step=stateful RMSProp step applied
    unit 3/65 rc=282625 chunks=1 trained_queries=17780 trained_events=32192 mean_loss=1.566788 lr=0.000313879 step=stateful RMSProp step applied
    unit 4/65 rc=285382 chunks=1 trained_queries=16 trained_events=16 mean_loss=0.245622 lr=0.000313436 step=stateful RMSProp step applied
    unit 5/65 rc=285383 chunks=1 trained_queries=41 trained_events=48 mean_loss=0.372175 lr=0.000312992 step=stateful RMSProp step applied
    unit 6/65 rc=285388 chunks=2 trained_queries=54875 trained_events=94080 mean_loss=1.830910 lr=0.000312549 step=stateful RMSProp step applied
    unit 7/65 rc=294043 chunks=3 trained_queries=146903 trained_events=301856 mean_loss=1.707669 lr=0.000312106 step=stateful RMSProp step applied
    unit 8/65 rc=321434 chunks=1 trained_queries=19351 trained_events=28624 mean_loss=1.867067 lr=0.000311664 step=stateful RMSProp step applied
    unit 9/65 rc=324057 chunks=1 trained_queries=35110 trained_events=118240 mean_loss=1.262681 lr=0.000311221 step=stateful RMSProp step applied
    unit 10/65 rc=331740 chunks=1 trained_queries=16 trained_events=432 mean_loss=0.005039 lr=0.00031078 step=stateful RMSProp step applied
    unit 11/65 rc=331741 chunks=2 trained_queries=74861 trained_events=154864 mean_loss=1.611062 lr=0.000310338 step=stateful RMSProp step applied
    unit 12/65 rc=345687 chunks=1 trained_queries=30300 trained_events=55216 mean_loss=1.646601 lr=0.000309896 step=stateful RMSProp step applied
    unit 13/65 rc=350763 chunks=1 trained_queries=15923 trained_events=37200 mean_loss=1.403180 lr=0.000309455 step=stateful RMSProp step applied
    unit 14/65 rc=353625 chunks=2 trained_queries=55670 trained_events=115472 mean_loss=1.615130 lr=0.000309014 step=stateful RMSProp step applied
    unit 15/65 rc=364135 chunks=1 trained_queries=19324 trained_events=41184 mean_loss=1.578127 lr=0.000308574 step=stateful RMSProp step applied
    unit 16/65 rc=367786 chunks=1 trained_queries=22956 trained_events=58432 mean_loss=1.444347 lr=0.000308133 step=stateful RMSProp step applied
    unit 17/65 rc=372767 chunks=1 trained_queries=12887 trained_events=31552 mean_loss=1.337789 lr=0.000307693 step=stateful RMSProp step applied
    unit 18/65 rc=375106 chunks=1 trained_queries=37224 trained_events=92032 mean_loss=1.367597 lr=0.000307253 step=stateful RMSProp step applied
    unit 19/65 rc=382687 chunks=1 trained_queries=11903 trained_events=27856 mean_loss=1.511124 lr=0.000306814 step=stateful RMSProp step applied
    unit 20/65 rc=384937 chunks=1 trained_queries=13922 trained_events=37200 mean_loss=1.332715 lr=0.000306375 step=stateful RMSProp step applied
    unit 21/65 rc=387825 chunks=1 trained_queries=20966 trained_events=46224 mean_loss=1.515351 lr=0.000305936 step=stateful RMSProp step applied
    unit 22/65 rc=391753 chunks=2 trained_queries=80510 trained_events=178352 mean_loss=1.566065 lr=0.000305497 step=stateful RMSProp step applied
    unit 23/65 rc=407234 chunks=1 trained_queries=2379 trained_events=5104 mean_loss=1.348571 lr=0.000305059 step=stateful RMSProp step applied
    unit 24/65 rc=407680 chunks=1 trained_queries=6700 trained_events=24672 mean_loss=1.053155 lr=0.000304621 step=stateful RMSProp step applied
    unit 25/65 rc=409029 chunks=1 trained_queries=26203 trained_events=59152 mean_loss=1.470315 lr=0.000304183 step=stateful RMSProp step applied
    unit 26/65 rc=414232 chunks=1 trained_queries=20070 trained_events=43728 mean_loss=1.552577 lr=0.000303746 step=stateful RMSProp step applied
    unit 27/65 rc=418109 chunks=1 trained_queries=30344 trained_events=74160 mean_loss=1.358879 lr=0.000303308 step=stateful RMSProp step applied
    unit 28/65 rc=424071 chunks=1 trained_queries=37398 trained_events=78688 mean_loss=1.540653 lr=0.000302871 step=stateful RMSProp step applied
    unit 29/65 rc=431070 chunks=1 trained_queries=9984 trained_events=22352 mean_loss=1.532166 lr=0.000302435 step=stateful RMSProp step applied
    unit 30/65 rc=433017 chunks=1 trained_queries=368 trained_events=3696 mean_loss=0.362322 lr=0.000301998 step=stateful RMSProp step applied
    unit 31/65 rc=433081 chunks=1 trained_queries=31432 trained_events=72896 mean_loss=1.452623 lr=0.000301562 step=stateful RMSProp step applied
    unit 32/65 rc=439253 chunks=1 trained_queries=32416 trained_events=67744 mean_loss=1.620097 lr=0.000301126 step=stateful RMSProp step applied
    unit 33/65 rc=445065 chunks=2 trained_queries=52575 trained_events=104160 mean_loss=1.652533 lr=0.000300691 step=stateful RMSProp step applied
    unit 34/65 rc=454440 chunks=1 trained_queries=18981 trained_events=51680 mean_loss=1.238810 lr=0.000300256 step=stateful RMSProp step applied
    unit 35/65 rc=458387 chunks=1 trained_queries=5199 trained_events=12224 mean_loss=1.290179 lr=0.00029982 step=stateful RMSProp step applied
    unit 36/65 rc=459434 chunks=1 trained_queries=25529 trained_events=53568 mean_loss=1.555248 lr=0.000299386 step=stateful RMSProp step applied
    unit 37/65 rc=464285 chunks=1 trained_queries=944 trained_events=1792 mean_loss=1.107058 lr=0.000298951 step=stateful RMSProp step applied
    unit 38/65 rc=464449 chunks=1 trained_queries=13111 trained_events=27072 mean_loss=1.417711 lr=0.000298517 step=stateful RMSProp step applied
    unit 39/65 rc=466777 chunks=1 trained_queries=1172 trained_events=2576 mean_loss=1.066226 lr=0.000298083 step=stateful RMSProp step applied
    unit 40/65 rc=467002 chunks=10 trained_queries=476268 trained_events=843008 mean_loss=1.903746 lr=0.000297649 step=stateful RMSProp step applied
    unit 41/65 rc=544108 chunks=2 trained_queries=98499 trained_events=172032 mean_loss=1.859232 lr=0.000297216 step=stateful RMSProp step applied
    unit 42/65 rc=559920 chunks=3 trained_queries=136044 trained_events=238517 mean_loss=1.858032 lr=0.000296783 step=stateful RMSProp step applied
    unit 43/65 rc=581652 chunks=6 trained_queries=267495 trained_events=477697 mean_loss=1.856376 lr=0.00029635 step=stateful RMSProp step applied
    unit 44/65 rc=625299 chunks=16 trained_queries=787430 trained_events=1441440 mean_loss=1.894640 lr=0.000295918 step=stateful RMSProp step applied
    unit 45/65 rc=756698 chunks=3 trained_queries=135019 trained_events=240624 mean_loss=1.833220 lr=0.000295486 step=stateful RMSProp step applied
    unit 46/65 rc=778776 chunks=3 trained_queries=120415 trained_events=203264 mean_loss=1.834452 lr=0.000295054 step=stateful RMSProp step applied
    unit 47/65 rc=797238 chunks=9 trained_queries=409632 trained_events=780452 mean_loss=1.857009 lr=0.000294622 step=stateful RMSProp step applied
    unit 48/65 rc=868544 chunks=8 trained_queries=388601 trained_events=691328 mean_loss=1.880281 lr=0.000294191 step=stateful RMSProp step applied
    unit 49/65 rc=931357 chunks=1 trained_queries=5910 trained_events=9744 mean_loss=1.610313 lr=0.00029376 step=stateful RMSProp step applied
    unit 50/65 rc=932241 chunks=2 trained_queries=63481 trained_events=107824 mean_loss=1.763845 lr=0.000293329 step=stateful RMSProp step applied
    unit 51/65 rc=942005 chunks=6 trained_queries=295710 trained_events=510176 mean_loss=1.898246 lr=0.000292898 step=stateful RMSProp step applied
    unit 52/65 rc=988604 chunks=4 trained_queries=190096 trained_events=338304 mean_loss=1.832935 lr=0.000292468 step=stateful RMSProp step applied
    unit 53/65 rc=1019500 chunks=9 trained_queries=413444 trained_events=737802 mean_loss=1.868114 lr=0.000292038 step=stateful RMSProp step applied
    unit 54/65 rc=1087047 chunks=12 trained_queries=553466 trained_events=1002752 mean_loss=1.885611 lr=0.000291609 step=stateful RMSProp step applied
    unit 55/65 rc=1178720 chunks=2 trained_queries=96605 trained_events=164880 mean_loss=1.871351 lr=0.000291179 step=stateful RMSProp step applied
    unit 56/65 rc=1193882 chunks=1 trained_queries=5343 trained_events=9456 mean_loss=1.559071 lr=0.00029075 step=stateful RMSProp step applied
    unit 57/65 rc=1194732 chunks=9 trained_queries=426507 trained_events=745745 mean_loss=1.892046 lr=0.000290321 step=stateful RMSProp step applied
    unit 58/65 rc=1262782 chunks=9 trained_queries=420566 trained_events=755486 mean_loss=1.882360 lr=0.000289893 step=stateful RMSProp step applied
    unit 59/65 rc=1332021 chunks=11 trained_queries=535061 trained_events=1019376 mean_loss=1.837990 lr=0.000289464 step=stateful RMSProp step applied
    unit 60/65 rc=1425400 chunks=5 trained_queries=235017 trained_events=405880 mean_loss=1.875652 lr=0.000289036 step=stateful RMSProp step applied
    unit 61/65 rc=1462524 chunks=2 trained_queries=68054 trained_events=119056 mean_loss=1.750964 lr=0.000288609 step=stateful RMSProp step applied
    unit 62/65 rc=1473469 chunks=3 trained_queries=147152 trained_events=266576 mean_loss=1.799617 lr=0.000288181 step=stateful RMSProp step applied
    unit 63/65 rc=1497733 chunks=1 trained_queries=5204 trained_events=8048 mean_loss=1.786018 lr=0.000287754 step=stateful RMSProp step applied
    unit 64/65 rc=1498502 chunks=4 trained_queries=165699 trained_events=311920 mean_loss=1.756702 lr=0.000287327 step=stateful RMSProp step applied
    unit 65/65 rc=1526829 chunks=1 trained_queries=3594 trained_events=5440 mean_loss=1.581275 lr=0.000286901 step=stateful RMSProp step applied
  train-epoch: epoch 80 summary trained_queries=8880122 trained_events=16953844 mean_loss=1.816363
  train-epoch: epoch 81/100
    unit 1/65 rc=1 chunks=5 trained_queries=235411 trained_events=602672 mean_loss=1.608508 lr=0.000286474 step=stateful RMSProp step applied
    unit 2/65 rc=47811 chunks=25 trained_queries=1209056 trained_events=2588009 mean_loss=1.875443 lr=0.000286048 step=stateful RMSProp step applied
    unit 3/65 rc=282625 chunks=1 trained_queries=17780 trained_events=32192 mean_loss=1.567421 lr=0.000285623 step=stateful RMSProp step applied
    unit 4/65 rc=285382 chunks=1 trained_queries=16 trained_events=16 mean_loss=0.243242 lr=0.000285197 step=stateful RMSProp step applied
    unit 5/65 rc=285383 chunks=1 trained_queries=41 trained_events=48 mean_loss=0.382198 lr=0.000284772 step=stateful RMSProp step applied
    unit 6/65 rc=285388 chunks=2 trained_queries=54875 trained_events=94080 mean_loss=1.828857 lr=0.000284347 step=stateful RMSProp step applied
    unit 7/65 rc=294043 chunks=3 trained_queries=146903 trained_events=301856 mean_loss=1.704062 lr=0.000283923 step=stateful RMSProp step applied
    unit 8/65 rc=321434 chunks=1 trained_queries=19351 trained_events=28624 mean_loss=1.863196 lr=0.000283498 step=stateful RMSProp step applied
    unit 9/65 rc=324057 chunks=1 trained_queries=35110 trained_events=118240 mean_loss=1.253127 lr=0.000283074 step=stateful RMSProp step applied
    unit 10/65 rc=331740 chunks=1 trained_queries=16 trained_events=432 mean_loss=0.005216 lr=0.000282651 step=stateful RMSProp step applied
    unit 11/65 rc=331741 chunks=2 trained_queries=74861 trained_events=154864 mean_loss=1.610305 lr=0.000282227 step=stateful RMSProp step applied
    unit 12/65 rc=345687 chunks=1 trained_queries=30300 trained_events=55216 mean_loss=1.639042 lr=0.000281804 step=stateful RMSProp step applied
    unit 13/65 rc=350763 chunks=1 trained_queries=15923 trained_events=37200 mean_loss=1.402148 lr=0.000281381 step=stateful RMSProp step applied
    unit 14/65 rc=353625 chunks=2 trained_queries=55670 trained_events=115472 mean_loss=1.613370 lr=0.000280959 step=stateful RMSProp step applied
    unit 15/65 rc=364135 chunks=1 trained_queries=19324 trained_events=41184 mean_loss=1.577835 lr=0.000280536 step=stateful RMSProp step applied
    unit 16/65 rc=367786 chunks=1 trained_queries=22956 trained_events=58432 mean_loss=1.427830 lr=0.000280114 step=stateful RMSProp step applied
    unit 17/65 rc=372767 chunks=1 trained_queries=12887 trained_events=31552 mean_loss=1.336717 lr=0.000279692 step=stateful RMSProp step applied
    unit 18/65 rc=375106 chunks=1 trained_queries=37224 trained_events=92032 mean_loss=1.371216 lr=0.000279271 step=stateful RMSProp step applied
    unit 19/65 rc=382687 chunks=1 trained_queries=11903 trained_events=27856 mean_loss=1.504229 lr=0.00027885 step=stateful RMSProp step applied
    unit 20/65 rc=384937 chunks=1 trained_queries=13922 trained_events=37200 mean_loss=1.325050 lr=0.000278429 step=stateful RMSProp step applied
    unit 21/65 rc=387825 chunks=1 trained_queries=20966 trained_events=46224 mean_loss=1.526742 lr=0.000278009 step=stateful RMSProp step applied
    unit 22/65 rc=391753 chunks=2 trained_queries=80510 trained_events=178352 mean_loss=1.566370 lr=0.000277588 step=stateful RMSProp step applied
    unit 23/65 rc=407234 chunks=1 trained_queries=2379 trained_events=5104 mean_loss=1.350073 lr=0.000277168 step=stateful RMSProp step applied
    unit 24/65 rc=407680 chunks=1 trained_queries=6700 trained_events=24672 mean_loss=0.973885 lr=0.000276749 step=stateful RMSProp step applied
    unit 25/65 rc=409029 chunks=1 trained_queries=26203 trained_events=59152 mean_loss=1.474774 lr=0.000276329 step=stateful RMSProp step applied
    unit 26/65 rc=414232 chunks=1 trained_queries=20070 trained_events=43728 mean_loss=1.539297 lr=0.00027591 step=stateful RMSProp step applied
    unit 27/65 rc=418109 chunks=1 trained_queries=30344 trained_events=74160 mean_loss=1.343322 lr=0.000275491 step=stateful RMSProp step applied
    unit 28/65 rc=424071 chunks=1 trained_queries=37398 trained_events=78688 mean_loss=1.536013 lr=0.000275072 step=stateful RMSProp step applied
    unit 29/65 rc=431070 chunks=1 trained_queries=9984 trained_events=22352 mean_loss=1.531347 lr=0.000274654 step=stateful RMSProp step applied
    unit 30/65 rc=433017 chunks=1 trained_queries=368 trained_events=3696 mean_loss=0.362121 lr=0.000274236 step=stateful RMSProp step applied
    unit 31/65 rc=433081 chunks=1 trained_queries=31432 trained_events=72896 mean_loss=1.444123 lr=0.000273818 step=stateful RMSProp step applied
    unit 32/65 rc=439253 chunks=1 trained_queries=32416 trained_events=67744 mean_loss=1.617964 lr=0.000273401 step=stateful RMSProp step applied
    unit 33/65 rc=445065 chunks=2 trained_queries=52575 trained_events=104160 mean_loss=1.652894 lr=0.000272984 step=stateful RMSProp step applied
    unit 34/65 rc=454440 chunks=1 trained_queries=18981 trained_events=51680 mean_loss=1.228081 lr=0.000272567 step=stateful RMSProp step applied
    unit 35/65 rc=458387 chunks=1 trained_queries=5199 trained_events=12224 mean_loss=1.291211 lr=0.00027215 step=stateful RMSProp step applied
    unit 36/65 rc=459434 chunks=1 trained_queries=25529 trained_events=53568 mean_loss=1.560049 lr=0.000271734 step=stateful RMSProp step applied
    unit 37/65 rc=464285 chunks=1 trained_queries=944 trained_events=1792 mean_loss=1.104101 lr=0.000271318 step=stateful RMSProp step applied
    unit 38/65 rc=464449 chunks=1 trained_queries=13111 trained_events=27072 mean_loss=1.420063 lr=0.000270902 step=stateful RMSProp step applied
    unit 39/65 rc=466777 chunks=1 trained_queries=1172 trained_events=2576 mean_loss=1.064204 lr=0.000270487 step=stateful RMSProp step applied
    unit 40/65 rc=467002 chunks=10 trained_queries=476268 trained_events=843008 mean_loss=1.901606 lr=0.000270072 step=stateful RMSProp step applied
    unit 41/65 rc=544108 chunks=2 trained_queries=98499 trained_events=172032 mean_loss=1.858013 lr=0.000269657 step=stateful RMSProp step applied
    unit 42/65 rc=559920 chunks=3 trained_queries=136044 trained_events=238517 mean_loss=1.855331 lr=0.000269242 step=stateful RMSProp step applied
    unit 43/65 rc=581652 chunks=6 trained_queries=267495 trained_events=477697 mean_loss=1.855846 lr=0.000268828 step=stateful RMSProp step applied
    unit 44/65 rc=625299 chunks=16 trained_queries=787430 trained_events=1441440 mean_loss=1.894006 lr=0.000268414 step=stateful RMSProp step applied
    unit 45/65 rc=756698 chunks=3 trained_queries=135019 trained_events=240624 mean_loss=1.833809 lr=0.000268 step=stateful RMSProp step applied
    unit 46/65 rc=778776 chunks=3 trained_queries=120415 trained_events=203264 mean_loss=1.833384 lr=0.000267587 step=stateful RMSProp step applied
    unit 47/65 rc=797238 chunks=9 trained_queries=409632 trained_events=780452 mean_loss=1.856364 lr=0.000267174 step=stateful RMSProp step applied
    unit 48/65 rc=868544 chunks=8 trained_queries=388601 trained_events=691328 mean_loss=1.879861 lr=0.000266761 step=stateful RMSProp step applied
    unit 49/65 rc=931357 chunks=1 trained_queries=5910 trained_events=9744 mean_loss=1.611340 lr=0.000266349 step=stateful RMSProp step applied
    unit 50/65 rc=932241 chunks=2 trained_queries=63481 trained_events=107824 mean_loss=1.764301 lr=0.000265936 step=stateful RMSProp step applied
    unit 51/65 rc=942005 chunks=6 trained_queries=295710 trained_events=510176 mean_loss=1.898101 lr=0.000265524 step=stateful RMSProp step applied
    unit 52/65 rc=988604 chunks=4 trained_queries=190096 trained_events=338304 mean_loss=1.825545 lr=0.000265112 step=stateful RMSProp step applied
    unit 53/65 rc=1019500 chunks=9 trained_queries=413444 trained_events=737802 mean_loss=1.867783 lr=0.000264701 step=stateful RMSProp step applied
    unit 54/65 rc=1087047 chunks=12 trained_queries=553466 trained_events=1002752 mean_loss=1.885397 lr=0.00026429 step=stateful RMSProp step applied
    unit 55/65 rc=1178720 chunks=2 trained_queries=96605 trained_events=164880 mean_loss=1.872743 lr=0.000263879 step=stateful RMSProp step applied
    unit 56/65 rc=1193882 chunks=1 trained_queries=5343 trained_events=9456 mean_loss=1.559106 lr=0.000263469 step=stateful RMSProp step applied
    unit 57/65 rc=1194732 chunks=9 trained_queries=426507 trained_events=745745 mean_loss=1.891645 lr=0.000263058 step=stateful RMSProp step applied
    unit 58/65 rc=1262782 chunks=9 trained_queries=420566 trained_events=755486 mean_loss=1.881445 lr=0.000262648 step=stateful RMSProp step applied
    unit 59/65 rc=1332021 chunks=11 trained_queries=535061 trained_events=1019376 mean_loss=1.837156 lr=0.000262239 step=stateful RMSProp step applied
    unit 60/65 rc=1425400 chunks=5 trained_queries=235017 trained_events=405880 mean_loss=1.875725 lr=0.000261829 step=stateful RMSProp step applied
    unit 61/65 rc=1462524 chunks=2 trained_queries=68054 trained_events=119056 mean_loss=1.750678 lr=0.00026142 step=stateful RMSProp step applied
    unit 62/65 rc=1473469 chunks=3 trained_queries=147152 trained_events=266576 mean_loss=1.798025 lr=0.000261011 step=stateful RMSProp step applied
    unit 63/65 rc=1497733 chunks=1 trained_queries=5204 trained_events=8048 mean_loss=1.780975 lr=0.000260603 step=stateful RMSProp step applied
    unit 64/65 rc=1498502 chunks=4 trained_queries=165699 trained_events=311920 mean_loss=1.755822 lr=0.000260195 step=stateful RMSProp step applied
    unit 65/65 rc=1526829 chunks=1 trained_queries=3594 trained_events=5440 mean_loss=1.576161 lr=0.000259787 step=stateful RMSProp step applied
  train-epoch: epoch 81 summary trained_queries=8880122 trained_events=16953844 mean_loss=1.815813
  train-epoch: epoch 82/100
    unit 1/65 rc=1 chunks=5 trained_queries=235411 trained_events=602672 mean_loss=1.603957 lr=0.000259379 step=stateful RMSProp step applied
    unit 2/65 rc=47811 chunks=25 trained_queries=1209056 trained_events=2588009 mean_loss=1.870529 lr=0.000258972 step=stateful RMSProp step applied
    unit 3/65 rc=282625 chunks=1 trained_queries=17780 trained_events=32192 mean_loss=1.566123 lr=0.000258565 step=stateful RMSProp step applied
    unit 4/65 rc=285382 chunks=1 trained_queries=16 trained_events=16 mean_loss=0.240481 lr=0.000258158 step=stateful RMSProp step applied
    unit 5/65 rc=285383 chunks=1 trained_queries=41 trained_events=48 mean_loss=0.378532 lr=0.000257752 step=stateful RMSProp step applied
    unit 6/65 rc=285388 chunks=2 trained_queries=54875 trained_events=94080 mean_loss=1.821555 lr=0.000257345 step=stateful RMSProp step applied
    unit 7/65 rc=294043 chunks=3 trained_queries=146903 trained_events=301856 mean_loss=1.702124 lr=0.000256939 step=stateful RMSProp step applied
    unit 8/65 rc=321434 chunks=1 trained_queries=19351 trained_events=28624 mean_loss=1.860005 lr=0.000256534 step=stateful RMSProp step applied
    unit 9/65 rc=324057 chunks=1 trained_queries=35110 trained_events=118240 mean_loss=1.264411 lr=0.000256128 step=stateful RMSProp step applied
    unit 10/65 rc=331740 chunks=1 trained_queries=16 trained_events=432 mean_loss=0.005288 lr=0.000255723 step=stateful RMSProp step applied
    unit 11/65 rc=331741 chunks=2 trained_queries=74861 trained_events=154864 mean_loss=1.608664 lr=0.000255319 step=stateful RMSProp step applied
    unit 12/65 rc=345687 chunks=1 trained_queries=30300 trained_events=55216 mean_loss=1.633872 lr=0.000254914 step=stateful RMSProp step applied
    unit 13/65 rc=350763 chunks=1 trained_queries=15923 trained_events=37200 mean_loss=1.398004 lr=0.00025451 step=stateful RMSProp step applied
    unit 14/65 rc=353625 chunks=2 trained_queries=55670 trained_events=115472 mean_loss=1.613110 lr=0.000254106 step=stateful RMSProp step applied
    unit 15/65 rc=364135 chunks=1 trained_queries=19324 trained_events=41184 mean_loss=1.573954 lr=0.000253702 step=stateful RMSProp step applied
    unit 16/65 rc=367786 chunks=1 trained_queries=22956 trained_events=58432 mean_loss=1.414458 lr=0.000253299 step=stateful RMSProp step applied
    unit 17/65 rc=372767 chunks=1 trained_queries=12887 trained_events=31552 mean_loss=1.333557 lr=0.000252896 step=stateful RMSProp step applied
    unit 18/65 rc=375106 chunks=1 trained_queries=37224 trained_events=92032 mean_loss=1.369954 lr=0.000252494 step=stateful RMSProp step applied
    unit 19/65 rc=382687 chunks=1 trained_queries=11903 trained_events=27856 mean_loss=1.490997 lr=0.000252091 step=stateful RMSProp step applied
    unit 20/65 rc=384937 chunks=1 trained_queries=13922 trained_events=37200 mean_loss=1.335943 lr=0.000251689 step=stateful RMSProp step applied
    unit 21/65 rc=387825 chunks=1 trained_queries=20966 trained_events=46224 mean_loss=1.515493 lr=0.000251287 step=stateful RMSProp step applied
    unit 22/65 rc=391753 chunks=2 trained_queries=80510 trained_events=178352 mean_loss=1.565512 lr=0.000250886 step=stateful RMSProp step applied
    unit 23/65 rc=407234 chunks=1 trained_queries=2379 trained_events=5104 mean_loss=1.343493 lr=0.000250484 step=stateful RMSProp step applied
    unit 24/65 rc=407680 chunks=1 trained_queries=6700 trained_events=24672 mean_loss=1.059065 lr=0.000250084 step=stateful RMSProp step applied
    unit 25/65 rc=409029 chunks=1 trained_queries=26203 trained_events=59152 mean_loss=1.469203 lr=0.000249683 step=stateful RMSProp step applied
    unit 26/65 rc=414232 chunks=1 trained_queries=20070 trained_events=43728 mean_loss=1.549141 lr=0.000249282 step=stateful RMSProp step applied
    unit 27/65 rc=418109 chunks=1 trained_queries=30344 trained_events=74160 mean_loss=1.342703 lr=0.000248882 step=stateful RMSProp step applied
    unit 28/65 rc=424071 chunks=1 trained_queries=37398 trained_events=78688 mean_loss=1.535431 lr=0.000248483 step=stateful RMSProp step applied
    unit 29/65 rc=431070 chunks=1 trained_queries=9984 trained_events=22352 mean_loss=1.529991 lr=0.000248083 step=stateful RMSProp step applied
    unit 30/65 rc=433017 chunks=1 trained_queries=368 trained_events=3696 mean_loss=0.361469 lr=0.000247684 step=stateful RMSProp step applied
    unit 31/65 rc=433081 chunks=1 trained_queries=31432 trained_events=72896 mean_loss=1.443811 lr=0.000247285 step=stateful RMSProp step applied
    unit 32/65 rc=439253 chunks=1 trained_queries=32416 trained_events=67744 mean_loss=1.618378 lr=0.000246886 step=stateful RMSProp step applied
    unit 33/65 rc=445065 chunks=2 trained_queries=52575 trained_events=104160 mean_loss=1.650144 lr=0.000246488 step=stateful RMSProp step applied
    unit 34/65 rc=454440 chunks=1 trained_queries=18981 trained_events=51680 mean_loss=1.229113 lr=0.00024609 step=stateful RMSProp step applied
    unit 35/65 rc=458387 chunks=1 trained_queries=5199 trained_events=12224 mean_loss=1.288900 lr=0.000245692 step=stateful RMSProp step applied
    unit 36/65 rc=459434 chunks=1 trained_queries=25529 trained_events=53568 mean_loss=1.552865 lr=0.000245295 step=stateful RMSProp step applied
    unit 37/65 rc=464285 chunks=1 trained_queries=944 trained_events=1792 mean_loss=1.107053 lr=0.000244898 step=stateful RMSProp step applied
    unit 38/65 rc=464449 chunks=1 trained_queries=13111 trained_events=27072 mean_loss=1.414721 lr=0.000244501 step=stateful RMSProp step applied
    unit 39/65 rc=466777 chunks=1 trained_queries=1172 trained_events=2576 mean_loss=1.065864 lr=0.000244104 step=stateful RMSProp step applied
    unit 40/65 rc=467002 chunks=10 trained_queries=476268 trained_events=843008 mean_loss=1.900249 lr=0.000243708 step=stateful RMSProp step applied
    unit 41/65 rc=544108 chunks=2 trained_queries=98499 trained_events=172032 mean_loss=1.854406 lr=0.000243312 step=stateful RMSProp step applied
    unit 42/65 rc=559920 chunks=3 trained_queries=136044 trained_events=238517 mean_loss=1.856636 lr=0.000242916 step=stateful RMSProp step applied
    unit 43/65 rc=581652 chunks=6 trained_queries=267495 trained_events=477697 mean_loss=1.854679 lr=0.000242521 step=stateful RMSProp step applied
    unit 44/65 rc=625299 chunks=16 trained_queries=787430 trained_events=1441440 mean_loss=1.893157 lr=0.000242126 step=stateful RMSProp step applied
    unit 45/65 rc=756698 chunks=3 trained_queries=135019 trained_events=240624 mean_loss=1.836236 lr=0.000241731 step=stateful RMSProp step applied
    unit 46/65 rc=778776 chunks=3 trained_queries=120415 trained_events=203264 mean_loss=1.833945 lr=0.000241336 step=stateful RMSProp step applied
    unit 47/65 rc=797238 chunks=9 trained_queries=409632 trained_events=780452 mean_loss=1.855345 lr=0.000240942 step=stateful RMSProp step applied
    unit 48/65 rc=868544 chunks=8 trained_queries=388601 trained_events=691328 mean_loss=1.880882 lr=0.000240548 step=stateful RMSProp step applied
    unit 49/65 rc=931357 chunks=1 trained_queries=5910 trained_events=9744 mean_loss=1.607113 lr=0.000240155 step=stateful RMSProp step applied
    unit 50/65 rc=932241 chunks=2 trained_queries=63481 trained_events=107824 mean_loss=1.762399 lr=0.000239761 step=stateful RMSProp step applied
    unit 51/65 rc=942005 chunks=6 trained_queries=295710 trained_events=510176 mean_loss=1.898361 lr=0.000239368 step=stateful RMSProp step applied
    unit 52/65 rc=988604 chunks=4 trained_queries=190096 trained_events=338304 mean_loss=1.825852 lr=0.000238976 step=stateful RMSProp step applied
    unit 53/65 rc=1019500 chunks=9 trained_queries=413444 trained_events=737802 mean_loss=1.866653 lr=0.000238583 step=stateful RMSProp step applied
    unit 54/65 rc=1087047 chunks=12 trained_queries=553466 trained_events=1002752 mean_loss=1.884836 lr=0.000238191 step=stateful RMSProp step applied
    unit 55/65 rc=1178720 chunks=2 trained_queries=96605 trained_events=164880 mean_loss=1.870404 lr=0.000237799 step=stateful RMSProp step applied
    unit 56/65 rc=1193882 chunks=1 trained_queries=5343 trained_events=9456 mean_loss=1.557258 lr=0.000237408 step=stateful RMSProp step applied
    unit 57/65 rc=1194732 chunks=9 trained_queries=426507 trained_events=745745 mean_loss=1.890356 lr=0.000237016 step=stateful RMSProp step applied
    unit 58/65 rc=1262782 chunks=9 trained_queries=420566 trained_events=755486 mean_loss=1.881540 lr=0.000236625 step=stateful RMSProp step applied
    unit 59/65 rc=1332021 chunks=11 trained_queries=535061 trained_events=1019376 mean_loss=1.836137 lr=0.000236235 step=stateful RMSProp step applied
    unit 60/65 rc=1425400 chunks=5 trained_queries=235017 trained_events=405880 mean_loss=1.874604 lr=0.000235844 step=stateful RMSProp step applied
    unit 61/65 rc=1462524 chunks=2 trained_queries=68054 trained_events=119056 mean_loss=1.749353 lr=0.000235454 step=stateful RMSProp step applied
    unit 62/65 rc=1473469 chunks=3 trained_queries=147152 trained_events=266576 mean_loss=1.796684 lr=0.000235064 step=stateful RMSProp step applied
    unit 63/65 rc=1497733 chunks=1 trained_queries=5204 trained_events=8048 mean_loss=1.778552 lr=0.000234675 step=stateful RMSProp step applied
    unit 64/65 rc=1498502 chunks=4 trained_queries=165699 trained_events=311920 mean_loss=1.755221 lr=0.000234286 step=stateful RMSProp step applied
    unit 65/65 rc=1526829 chunks=1 trained_queries=3594 trained_events=5440 mean_loss=1.578869 lr=0.000233897 step=stateful RMSProp step applied
  train-epoch: epoch 82 summary trained_queries=8880122 trained_events=16953844 mean_loss=1.814380
  train-epoch: epoch 83/100
    unit 1/65 rc=1 chunks=5 trained_queries=235411 trained_events=602672 mean_loss=1.600070 lr=0.000233508 step=stateful RMSProp step applied
    unit 2/65 rc=47811 chunks=25 trained_queries=1209056 trained_events=2588009 mean_loss=1.869911 lr=0.00023312 step=stateful RMSProp step applied
    unit 3/65 rc=282625 chunks=1 trained_queries=17780 trained_events=32192 mean_loss=1.559012 lr=0.000232732 step=stateful RMSProp step applied
    unit 4/65 rc=285382 chunks=1 trained_queries=16 trained_events=16 mean_loss=0.238913 lr=0.000232344 step=stateful RMSProp step applied
    unit 5/65 rc=285383 chunks=1 trained_queries=41 trained_events=48 mean_loss=0.375181 lr=0.000231957 step=stateful RMSProp step applied
    unit 6/65 rc=285388 chunks=2 trained_queries=54875 trained_events=94080 mean_loss=1.821247 lr=0.000231569 step=stateful RMSProp step applied
    unit 7/65 rc=294043 chunks=3 trained_queries=146903 trained_events=301856 mean_loss=1.702532 lr=0.000231183 step=stateful RMSProp step applied
    unit 8/65 rc=321434 chunks=1 trained_queries=19351 trained_events=28624 mean_loss=1.859325 lr=0.000230796 step=stateful RMSProp step applied
    unit 9/65 rc=324057 chunks=1 trained_queries=35110 trained_events=118240 mean_loss=1.246835 lr=0.00023041 step=stateful RMSProp step applied
    unit 10/65 rc=331740 chunks=1 trained_queries=16 trained_events=432 mean_loss=0.004846 lr=0.000230024 step=stateful RMSProp step applied
    unit 11/65 rc=331741 chunks=2 trained_queries=74861 trained_events=154864 mean_loss=1.608327 lr=0.000229638 step=stateful RMSProp step applied
    unit 12/65 rc=345687 chunks=1 trained_queries=30300 trained_events=55216 mean_loss=1.635835 lr=0.000229253 step=stateful RMSProp step applied
    unit 13/65 rc=350763 chunks=1 trained_queries=15923 trained_events=37200 mean_loss=1.393095 lr=0.000228868 step=stateful RMSProp step applied
    unit 14/65 rc=353625 chunks=2 trained_queries=55670 trained_events=115472 mean_loss=1.612066 lr=0.000228483 step=stateful RMSProp step applied
    unit 15/65 rc=364135 chunks=1 trained_queries=19324 trained_events=41184 mean_loss=1.573828 lr=0.000228099 step=stateful RMSProp step applied
    unit 16/65 rc=367786 chunks=1 trained_queries=22956 trained_events=58432 mean_loss=1.447392 lr=0.000227714 step=stateful RMSProp step applied
    unit 17/65 rc=372767 chunks=1 trained_queries=12887 trained_events=31552 mean_loss=1.338905 lr=0.000227331 step=stateful RMSProp step applied
    unit 18/65 rc=375106 chunks=1 trained_queries=37224 trained_events=92032 mean_loss=1.368850 lr=0.000226947 step=stateful RMSProp step applied
    unit 19/65 rc=382687 chunks=1 trained_queries=11903 trained_events=27856 mean_loss=1.525235 lr=0.000226564 step=stateful RMSProp step applied
    unit 20/65 rc=384937 chunks=1 trained_queries=13922 trained_events=37200 mean_loss=1.322465 lr=0.000226181 step=stateful RMSProp step applied
    unit 21/65 rc=387825 chunks=1 trained_queries=20966 trained_events=46224 mean_loss=1.516759 lr=0.000225798 step=stateful RMSProp step applied
    unit 22/65 rc=391753 chunks=2 trained_queries=80510 trained_events=178352 mean_loss=1.571281 lr=0.000225416 step=stateful RMSProp step applied
    unit 23/65 rc=407234 chunks=1 trained_queries=2379 trained_events=5104 mean_loss=1.347361 lr=0.000225033 step=stateful RMSProp step applied
    unit 24/65 rc=407680 chunks=1 trained_queries=6700 trained_events=24672 mean_loss=0.988734 lr=0.000224652 step=stateful RMSProp step applied
    unit 25/65 rc=409029 chunks=1 trained_queries=26203 trained_events=59152 mean_loss=1.465935 lr=0.00022427 step=stateful RMSProp step applied
    unit 26/65 rc=414232 chunks=1 trained_queries=20070 trained_events=43728 mean_loss=1.533883 lr=0.000223889 step=stateful RMSProp step applied
    unit 27/65 rc=418109 chunks=1 trained_queries=30344 trained_events=74160 mean_loss=1.340908 lr=0.000223508 step=stateful RMSProp step applied
    unit 28/65 rc=424071 chunks=1 trained_queries=37398 trained_events=78688 mean_loss=1.531528 lr=0.000223128 step=stateful RMSProp step applied
    unit 29/65 rc=431070 chunks=1 trained_queries=9984 trained_events=22352 mean_loss=1.528463 lr=0.000222747 step=stateful RMSProp step applied
    unit 30/65 rc=433017 chunks=1 trained_queries=368 trained_events=3696 mean_loss=0.361954 lr=0.000222367 step=stateful RMSProp step applied
    unit 31/65 rc=433081 chunks=1 trained_queries=31432 trained_events=72896 mean_loss=1.445697 lr=0.000221988 step=stateful RMSProp step applied
    unit 32/65 rc=439253 chunks=1 trained_queries=32416 trained_events=67744 mean_loss=1.615553 lr=0.000221608 step=stateful RMSProp step applied
    unit 33/65 rc=445065 chunks=2 trained_queries=52575 trained_events=104160 mean_loss=1.650800 lr=0.000221229 step=stateful RMSProp step applied
    unit 34/65 rc=454440 chunks=1 trained_queries=18981 trained_events=51680 mean_loss=1.231876 lr=0.00022085 step=stateful RMSProp step applied
    unit 35/65 rc=458387 chunks=1 trained_queries=5199 trained_events=12224 mean_loss=1.308899 lr=0.000220472 step=stateful RMSProp step applied
    unit 36/65 rc=459434 chunks=1 trained_queries=25529 trained_events=53568 mean_loss=1.553130 lr=0.000220094 step=stateful RMSProp step applied
    unit 37/65 rc=464285 chunks=1 trained_queries=944 trained_events=1792 mean_loss=1.101984 lr=0.000219716 step=stateful RMSProp step applied
    unit 38/65 rc=464449 chunks=1 trained_queries=13111 trained_events=27072 mean_loss=1.414197 lr=0.000219338 step=stateful RMSProp step applied
    unit 39/65 rc=466777 chunks=1 trained_queries=1172 trained_events=2576 mean_loss=1.066914 lr=0.000218961 step=stateful RMSProp step applied
    unit 40/65 rc=467002 chunks=10 trained_queries=476268 trained_events=843008 mean_loss=1.898603 lr=0.000218584 step=stateful RMSProp step applied
    unit 41/65 rc=544108 chunks=2 trained_queries=98499 trained_events=172032 mean_loss=1.852374 lr=0.000218207 step=stateful RMSProp step applied
    unit 42/65 rc=559920 chunks=3 trained_queries=136044 trained_events=238517 mean_loss=1.852092 lr=0.000217831 step=stateful RMSProp step applied
    unit 43/65 rc=581652 chunks=6 trained_queries=267495 trained_events=477697 mean_loss=1.853793 lr=0.000217455 step=stateful RMSProp step applied
    unit 44/65 rc=625299 chunks=16 trained_queries=787430 trained_events=1441440 mean_loss=1.894009 lr=0.000217079 step=stateful RMSProp step applied
    unit 45/65 rc=756698 chunks=3 trained_queries=135019 trained_events=240624 mean_loss=1.831466 lr=0.000216703 step=stateful RMSProp step applied
    unit 46/65 rc=778776 chunks=3 trained_queries=120415 trained_events=203264 mean_loss=1.831667 lr=0.000216328 step=stateful RMSProp step applied
    unit 47/65 rc=797238 chunks=9 trained_queries=409632 trained_events=780452 mean_loss=1.855477 lr=0.000215953 step=stateful RMSProp step applied
    unit 48/65 rc=868544 chunks=8 trained_queries=388601 trained_events=691328 mean_loss=1.880297 lr=0.000215579 step=stateful RMSProp step applied
    unit 49/65 rc=931357 chunks=1 trained_queries=5910 trained_events=9744 mean_loss=1.607767 lr=0.000215204 step=stateful RMSProp step applied
    unit 50/65 rc=932241 chunks=2 trained_queries=63481 trained_events=107824 mean_loss=1.761512 lr=0.00021483 step=stateful RMSProp step applied
    unit 51/65 rc=942005 chunks=6 trained_queries=295710 trained_events=510176 mean_loss=1.897502 lr=0.000214456 step=stateful RMSProp step applied
    unit 52/65 rc=988604 chunks=4 trained_queries=190096 trained_events=338304 mean_loss=1.824472 lr=0.000214083 step=stateful RMSProp step applied
    unit 53/65 rc=1019500 chunks=9 trained_queries=413444 trained_events=737802 mean_loss=1.868646 lr=0.00021371 step=stateful RMSProp step applied
    unit 54/65 rc=1087047 chunks=12 trained_queries=553466 trained_events=1002752 mean_loss=1.884571 lr=0.000213337 step=stateful RMSProp step applied
    unit 55/65 rc=1178720 chunks=2 trained_queries=96605 trained_events=164880 mean_loss=1.872476 lr=0.000212965 step=stateful RMSProp step applied
    unit 56/65 rc=1193882 chunks=1 trained_queries=5343 trained_events=9456 mean_loss=1.556280 lr=0.000212592 step=stateful RMSProp step applied
    unit 57/65 rc=1194732 chunks=9 trained_queries=426507 trained_events=745745 mean_loss=1.891003 lr=0.000212221 step=stateful RMSProp step applied
    unit 58/65 rc=1262782 chunks=9 trained_queries=420566 trained_events=755486 mean_loss=1.880305 lr=0.000211849 step=stateful RMSProp step applied
    unit 59/65 rc=1332021 chunks=11 trained_queries=535061 trained_events=1019376 mean_loss=1.835913 lr=0.000211478 step=stateful RMSProp step applied
    unit 60/65 rc=1425400 chunks=5 trained_queries=235017 trained_events=405880 mean_loss=1.874477 lr=0.000211107 step=stateful RMSProp step applied
    unit 61/65 rc=1462524 chunks=2 trained_queries=68054 trained_events=119056 mean_loss=1.748739 lr=0.000210736 step=stateful RMSProp step applied
    unit 62/65 rc=1473469 chunks=3 trained_queries=147152 trained_events=266576 mean_loss=1.801207 lr=0.000210365 step=stateful RMSProp step applied
    unit 63/65 rc=1497733 chunks=1 trained_queries=5204 trained_events=8048 mean_loss=1.781469 lr=0.000209995 step=stateful RMSProp step applied
    unit 64/65 rc=1498502 chunks=4 trained_queries=165699 trained_events=311920 mean_loss=1.756173 lr=0.000209626 step=stateful RMSProp step applied
    unit 65/65 rc=1526829 chunks=1 trained_queries=3594 trained_events=5440 mean_loss=1.580093 lr=0.000209256 step=stateful RMSProp step applied
  train-epoch: epoch 83 summary trained_queries=8880122 trained_events=16953844 mean_loss=1.813895
  train-epoch: epoch 84/100
    unit 1/65 rc=1 chunks=5 trained_queries=235411 trained_events=602672 mean_loss=1.601608 lr=0.000208887 step=stateful RMSProp step applied
    unit 2/65 rc=47811 chunks=25 trained_queries=1209056 trained_events=2588009 mean_loss=1.867951 lr=0.000208518 step=stateful RMSProp step applied
    unit 3/65 rc=282625 chunks=1 trained_queries=17780 trained_events=32192 mean_loss=1.557248 lr=0.000208149 step=stateful RMSProp step applied
    unit 4/65 rc=285382 chunks=1 trained_queries=16 trained_events=16 mean_loss=0.236663 lr=0.000207781 step=stateful RMSProp step applied
    unit 5/65 rc=285383 chunks=1 trained_queries=41 trained_events=48 mean_loss=0.371093 lr=0.000207413 step=stateful RMSProp step applied
    unit 6/65 rc=285388 chunks=2 trained_queries=54875 trained_events=94080 mean_loss=1.817831 lr=0.000207045 step=stateful RMSProp step applied
    unit 7/65 rc=294043 chunks=3 trained_queries=146903 trained_events=301856 mean_loss=1.699286 lr=0.000206678 step=stateful RMSProp step applied
    unit 8/65 rc=321434 chunks=1 trained_queries=19351 trained_events=28624 mean_loss=1.857284 lr=0.000206311 step=stateful RMSProp step applied
    unit 9/65 rc=324057 chunks=1 trained_queries=35110 trained_events=118240 mean_loss=1.244418 lr=0.000205944 step=stateful RMSProp step applied
    unit 10/65 rc=331740 chunks=1 trained_queries=16 trained_events=432 mean_loss=0.004869 lr=0.000205578 step=stateful RMSProp step applied
    unit 11/65 rc=331741 chunks=2 trained_queries=74861 trained_events=154864 mean_loss=1.607556 lr=0.000205212 step=stateful RMSProp step applied
    unit 12/65 rc=345687 chunks=1 trained_queries=30300 trained_events=55216 mean_loss=1.636657 lr=0.000204846 step=stateful RMSProp step applied
    unit 13/65 rc=350763 chunks=1 trained_queries=15923 trained_events=37200 mean_loss=1.398702 lr=0.00020448 step=stateful RMSProp step applied
    unit 14/65 rc=353625 chunks=2 trained_queries=55670 trained_events=115472 mean_loss=1.609555 lr=0.000204115 step=stateful RMSProp step applied
    unit 15/65 rc=364135 chunks=1 trained_queries=19324 trained_events=41184 mean_loss=1.577063 lr=0.00020375 step=stateful RMSProp step applied
    unit 16/65 rc=367786 chunks=1 trained_queries=22956 trained_events=58432 mean_loss=1.432549 lr=0.000203385 step=stateful RMSProp step applied
    unit 17/65 rc=372767 chunks=1 trained_queries=12887 trained_events=31552 mean_loss=1.340887 lr=0.000203021 step=stateful RMSProp step applied
    unit 18/65 rc=375106 chunks=1 trained_queries=37224 trained_events=92032 mean_loss=1.367330 lr=0.000202657 step=stateful RMSProp step applied
    unit 19/65 rc=382687 chunks=1 trained_queries=11903 trained_events=27856 mean_loss=1.504974 lr=0.000202293 step=stateful RMSProp step applied
    unit 20/65 rc=384937 chunks=1 trained_queries=13922 trained_events=37200 mean_loss=1.321321 lr=0.00020193 step=stateful RMSProp step applied
    unit 21/65 rc=387825 chunks=1 trained_queries=20966 trained_events=46224 mean_loss=1.513416 lr=0.000201567 step=stateful RMSProp step applied
    unit 22/65 rc=391753 chunks=2 trained_queries=80510 trained_events=178352 mean_loss=1.563441 lr=0.000201204 step=stateful RMSProp step applied
    unit 23/65 rc=407234 chunks=1 trained_queries=2379 trained_events=5104 mean_loss=1.343421 lr=0.000200841 step=stateful RMSProp step applied
    unit 24/65 rc=407680 chunks=1 trained_queries=6700 trained_events=24672 mean_loss=1.043676 lr=0.000200479 step=stateful RMSProp step applied
    unit 25/65 rc=409029 chunks=1 trained_queries=26203 trained_events=59152 mean_loss=1.464611 lr=0.000200117 step=stateful RMSProp step applied
    unit 26/65 rc=414232 chunks=1 trained_queries=20070 trained_events=43728 mean_loss=1.532229 lr=0.000199755 step=stateful RMSProp step applied
    unit 27/65 rc=418109 chunks=1 trained_queries=30344 trained_events=74160 mean_loss=1.342784 lr=0.000199394 step=stateful RMSProp step applied
    unit 28/65 rc=424071 chunks=1 trained_queries=37398 trained_events=78688 mean_loss=1.533067 lr=0.000199033 step=stateful RMSProp step applied
    unit 29/65 rc=431070 chunks=1 trained_queries=9984 trained_events=22352 mean_loss=1.530166 lr=0.000198672 step=stateful RMSProp step applied
    unit 30/65 rc=433017 chunks=1 trained_queries=368 trained_events=3696 mean_loss=0.361040 lr=0.000198312 step=stateful RMSProp step applied
    unit 31/65 rc=433081 chunks=1 trained_queries=31432 trained_events=72896 mean_loss=1.449279 lr=0.000197952 step=stateful RMSProp step applied
    unit 32/65 rc=439253 chunks=1 trained_queries=32416 trained_events=67744 mean_loss=1.616844 lr=0.000197592 step=stateful RMSProp step applied
    unit 33/65 rc=445065 chunks=2 trained_queries=52575 trained_events=104160 mean_loss=1.650457 lr=0.000197232 step=stateful RMSProp step applied
    unit 34/65 rc=454440 chunks=1 trained_queries=18981 trained_events=51680 mean_loss=1.225906 lr=0.000196873 step=stateful RMSProp step applied
    unit 35/65 rc=458387 chunks=1 trained_queries=5199 trained_events=12224 mean_loss=1.302146 lr=0.000196514 step=stateful RMSProp step applied
    unit 36/65 rc=459434 chunks=1 trained_queries=25529 trained_events=53568 mean_loss=1.552693 lr=0.000196156 step=stateful RMSProp step applied
    unit 37/65 rc=464285 chunks=1 trained_queries=944 trained_events=1792 mean_loss=1.103637 lr=0.000195797 step=stateful RMSProp step applied
    unit 38/65 rc=464449 chunks=1 trained_queries=13111 trained_events=27072 mean_loss=1.428141 lr=0.000195439 step=stateful RMSProp step applied
    unit 39/65 rc=466777 chunks=1 trained_queries=1172 trained_events=2576 mean_loss=1.059053 lr=0.000195082 step=stateful RMSProp step applied
    unit 40/65 rc=467002 chunks=10 trained_queries=476268 trained_events=843008 mean_loss=1.896835 lr=0.000194724 step=stateful RMSProp step applied
    unit 41/65 rc=544108 chunks=2 trained_queries=98499 trained_events=172032 mean_loss=1.855292 lr=0.000194367 step=stateful RMSProp step applied
    unit 42/65 rc=559920 chunks=3 trained_queries=136044 trained_events=238517 mean_loss=1.852746 lr=0.000194011 step=stateful RMSProp step applied
    unit 43/65 rc=581652 chunks=6 trained_queries=267495 trained_events=477697 mean_loss=1.852626 lr=0.000193654 step=stateful RMSProp step applied
    unit 44/65 rc=625299 chunks=16 trained_queries=787430 trained_events=1441440 mean_loss=1.892214 lr=0.000193298 step=stateful RMSProp step applied
    unit 45/65 rc=756698 chunks=3 trained_queries=135019 trained_events=240624 mean_loss=1.832348 lr=0.000192942 step=stateful RMSProp step applied
    unit 46/65 rc=778776 chunks=3 trained_queries=120415 trained_events=203264 mean_loss=1.834759 lr=0.000192586 step=stateful RMSProp step applied
    unit 47/65 rc=797238 chunks=9 trained_queries=409632 trained_events=780452 mean_loss=1.854623 lr=0.000192231 step=stateful RMSProp step applied
    unit 48/65 rc=868544 chunks=8 trained_queries=388601 trained_events=691328 mean_loss=1.878075 lr=0.000191876 step=stateful RMSProp step applied
    unit 49/65 rc=931357 chunks=1 trained_queries=5910 trained_events=9744 mean_loss=1.608202 lr=0.000191522 step=stateful RMSProp step applied
    unit 50/65 rc=932241 chunks=2 trained_queries=63481 trained_events=107824 mean_loss=1.760932 lr=0.000191167 step=stateful RMSProp step applied
    unit 51/65 rc=942005 chunks=6 trained_queries=295710 trained_events=510176 mean_loss=1.896693 lr=0.000190813 step=stateful RMSProp step applied
    unit 52/65 rc=988604 chunks=4 trained_queries=190096 trained_events=338304 mean_loss=1.824789 lr=0.00019046 step=stateful RMSProp step applied
    unit 53/65 rc=1019500 chunks=9 trained_queries=413444 trained_events=737802 mean_loss=1.865839 lr=0.000190106 step=stateful RMSProp step applied
    unit 54/65 rc=1087047 chunks=12 trained_queries=553466 trained_events=1002752 mean_loss=1.884281 lr=0.000189753 step=stateful RMSProp step applied
    unit 55/65 rc=1178720 chunks=2 trained_queries=96605 trained_events=164880 mean_loss=1.870458 lr=0.000189401 step=stateful RMSProp step applied
    unit 56/65 rc=1193882 chunks=1 trained_queries=5343 trained_events=9456 mean_loss=1.556137 lr=0.000189048 step=stateful RMSProp step applied
    unit 57/65 rc=1194732 chunks=9 trained_queries=426507 trained_events=745745 mean_loss=1.889527 lr=0.000188696 step=stateful RMSProp step applied
    unit 58/65 rc=1262782 chunks=9 trained_queries=420566 trained_events=755486 mean_loss=1.880359 lr=0.000188344 step=stateful RMSProp step applied
    unit 59/65 rc=1332021 chunks=11 trained_queries=535061 trained_events=1019376 mean_loss=1.835720 lr=0.000187992 step=stateful RMSProp step applied
    unit 60/65 rc=1425400 chunks=5 trained_queries=235017 trained_events=405880 mean_loss=1.873266 lr=0.000187641 step=stateful RMSProp step applied
    unit 61/65 rc=1462524 chunks=2 trained_queries=68054 trained_events=119056 mean_loss=1.748093 lr=0.00018729 step=stateful RMSProp step applied
    unit 62/65 rc=1473469 chunks=3 trained_queries=147152 trained_events=266576 mean_loss=1.796838 lr=0.000186939 step=stateful RMSProp step applied
    unit 63/65 rc=1497733 chunks=1 trained_queries=5204 trained_events=8048 mean_loss=1.777618 lr=0.000186589 step=stateful RMSProp step applied
    unit 64/65 rc=1498502 chunks=4 trained_queries=165699 trained_events=311920 mean_loss=1.754245 lr=0.000186239 step=stateful RMSProp step applied
    unit 65/65 rc=1526829 chunks=1 trained_queries=3594 trained_events=5440 mean_loss=1.577964 lr=0.000185889 step=stateful RMSProp step applied
  train-epoch: epoch 84 summary trained_queries=8880122 trained_events=16953844 mean_loss=1.812759
  train-epoch: epoch 85/100
    unit 1/65 rc=1 chunks=5 trained_queries=235411 trained_events=602672 mean_loss=1.600569 lr=0.00018554 step=stateful RMSProp step applied
    unit 2/65 rc=47811 chunks=25 trained_queries=1209056 trained_events=2588009 mean_loss=1.867314 lr=0.000185191 step=stateful RMSProp step applied
    unit 3/65 rc=282625 chunks=1 trained_queries=17780 trained_events=32192 mean_loss=1.556016 lr=0.000184842 step=stateful RMSProp step applied
    unit 4/65 rc=285382 chunks=1 trained_queries=16 trained_events=16 mean_loss=0.234549 lr=0.000184493 step=stateful RMSProp step applied
    unit 5/65 rc=285383 chunks=1 trained_queries=41 trained_events=48 mean_loss=0.371533 lr=0.000184145 step=stateful RMSProp step applied
    unit 6/65 rc=285388 chunks=2 trained_queries=54875 trained_events=94080 mean_loss=1.815258 lr=0.000183797 step=stateful RMSProp step applied
    unit 7/65 rc=294043 chunks=3 trained_queries=146903 trained_events=301856 mean_loss=1.698449 lr=0.00018345 step=stateful RMSProp step applied
    unit 8/65 rc=321434 chunks=1 trained_queries=19351 trained_events=28624 mean_loss=1.855803 lr=0.000183103 step=stateful RMSProp step applied
    unit 9/65 rc=324057 chunks=1 trained_queries=35110 trained_events=118240 mean_loss=1.249910 lr=0.000182756 step=stateful RMSProp step applied
    unit 10/65 rc=331740 chunks=1 trained_queries=16 trained_events=432 mean_loss=0.004878 lr=0.000182409 step=stateful RMSProp step applied
    unit 11/65 rc=331741 chunks=2 trained_queries=74861 trained_events=154864 mean_loss=1.613723 lr=0.000182063 step=stateful RMSProp step applied
    unit 12/65 rc=345687 chunks=1 trained_queries=30300 trained_events=55216 mean_loss=1.634621 lr=0.000181717 step=stateful RMSProp step applied
    unit 13/65 rc=350763 chunks=1 trained_queries=15923 trained_events=37200 mean_loss=1.392266 lr=0.000181371 step=stateful RMSProp step applied
    unit 14/65 rc=353625 chunks=2 trained_queries=55670 trained_events=115472 mean_loss=1.609430 lr=0.000181026 step=stateful RMSProp step applied
    unit 15/65 rc=364135 chunks=1 trained_queries=19324 trained_events=41184 mean_loss=1.567435 lr=0.00018068 step=stateful RMSProp step applied
    unit 16/65 rc=367786 chunks=1 trained_queries=22956 trained_events=58432 mean_loss=1.408408 lr=0.000180336 step=stateful RMSProp step applied
    unit 17/65 rc=372767 chunks=1 trained_queries=12887 trained_events=31552 mean_loss=1.369270 lr=0.000179991 step=stateful RMSProp step applied
    unit 18/65 rc=375106 chunks=1 trained_queries=37224 trained_events=92032 mean_loss=1.371938 lr=0.000179647 step=stateful RMSProp step applied
    unit 19/65 rc=382687 chunks=1 trained_queries=11903 trained_events=27856 mean_loss=1.513289 lr=0.000179303 step=stateful RMSProp step applied
    unit 20/65 rc=384937 chunks=1 trained_queries=13922 trained_events=37200 mean_loss=1.322322 lr=0.000178959 step=stateful RMSProp step applied
    unit 21/65 rc=387825 chunks=1 trained_queries=20966 trained_events=46224 mean_loss=1.514084 lr=0.000178616 step=stateful RMSProp step applied
    unit 22/65 rc=391753 chunks=2 trained_queries=80510 trained_events=178352 mean_loss=1.567707 lr=0.000178273 step=stateful RMSProp step applied
    unit 23/65 rc=407234 chunks=1 trained_queries=2379 trained_events=5104 mean_loss=1.342385 lr=0.000177931 step=stateful RMSProp step applied
    unit 24/65 rc=407680 chunks=1 trained_queries=6700 trained_events=24672 mean_loss=0.969780 lr=0.000177588 step=stateful RMSProp step applied
    unit 25/65 rc=409029 chunks=1 trained_queries=26203 trained_events=59152 mean_loss=1.462529 lr=0.000177246 step=stateful RMSProp step applied
    unit 26/65 rc=414232 chunks=1 trained_queries=20070 trained_events=43728 mean_loss=1.529557 lr=0.000176904 step=stateful RMSProp step applied
    unit 27/65 rc=418109 chunks=1 trained_queries=30344 trained_events=74160 mean_loss=1.341340 lr=0.000176563 step=stateful RMSProp step applied
    unit 28/65 rc=424071 chunks=1 trained_queries=37398 trained_events=78688 mean_loss=1.537364 lr=0.000176222 step=stateful RMSProp step applied
    unit 29/65 rc=431070 chunks=1 trained_queries=9984 trained_events=22352 mean_loss=1.526944 lr=0.000175881 step=stateful RMSProp step applied
    unit 30/65 rc=433017 chunks=1 trained_queries=368 trained_events=3696 mean_loss=0.361121 lr=0.000175541 step=stateful RMSProp step applied
    unit 31/65 rc=433081 chunks=1 trained_queries=31432 trained_events=72896 mean_loss=1.448667 lr=0.000175201 step=stateful RMSProp step applied
    unit 32/65 rc=439253 chunks=1 trained_queries=32416 trained_events=67744 mean_loss=1.616699 lr=0.000174861 step=stateful RMSProp step applied
    unit 33/65 rc=445065 chunks=2 trained_queries=52575 trained_events=104160 mean_loss=1.652696 lr=0.000174521 step=stateful RMSProp step applied
    unit 34/65 rc=454440 chunks=1 trained_queries=18981 trained_events=51680 mean_loss=1.229286 lr=0.000174182 step=stateful RMSProp step applied
    unit 35/65 rc=458387 chunks=1 trained_queries=5199 trained_events=12224 mean_loss=1.317835 lr=0.000173843 step=stateful RMSProp step applied
    unit 36/65 rc=459434 chunks=1 trained_queries=25529 trained_events=53568 mean_loss=1.551406 lr=0.000173504 step=stateful RMSProp step applied
    unit 37/65 rc=464285 chunks=1 trained_queries=944 trained_events=1792 mean_loss=1.100199 lr=0.000173166 step=stateful RMSProp step applied
    unit 38/65 rc=464449 chunks=1 trained_queries=13111 trained_events=27072 mean_loss=1.414100 lr=0.000172828 step=stateful RMSProp step applied
    unit 39/65 rc=466777 chunks=1 trained_queries=1172 trained_events=2576 mean_loss=1.061565 lr=0.00017249 step=stateful RMSProp step applied
    unit 40/65 rc=467002 chunks=10 trained_queries=476268 trained_events=843008 mean_loss=1.895283 lr=0.000172153 step=stateful RMSProp step applied
    unit 41/65 rc=544108 chunks=2 trained_queries=98499 trained_events=172032 mean_loss=1.853042 lr=0.000171816 step=stateful RMSProp step applied
    unit 42/65 rc=559920 chunks=3 trained_queries=136044 trained_events=238517 mean_loss=1.852557 lr=0.000171479 step=stateful RMSProp step applied
    unit 43/65 rc=581652 chunks=6 trained_queries=267495 trained_events=477697 mean_loss=1.851609 lr=0.000171143 step=stateful RMSProp step applied
    unit 44/65 rc=625299 chunks=16 trained_queries=787430 trained_events=1441440 mean_loss=1.891590 lr=0.000170807 step=stateful RMSProp step applied
    unit 45/65 rc=756698 chunks=3 trained_queries=135019 trained_events=240624 mean_loss=1.828443 lr=0.000170471 step=stateful RMSProp step applied
    unit 46/65 rc=778776 chunks=3 trained_queries=120415 trained_events=203264 mean_loss=1.830363 lr=0.000170135 step=stateful RMSProp step applied
    unit 47/65 rc=797238 chunks=9 trained_queries=409632 trained_events=780452 mean_loss=1.854232 lr=0.0001698 step=stateful RMSProp step applied
    unit 48/65 rc=868544 chunks=8 trained_queries=388601 trained_events=691328 mean_loss=1.879205 lr=0.000169465 step=stateful RMSProp step applied
    unit 49/65 rc=931357 chunks=1 trained_queries=5910 trained_events=9744 mean_loss=1.608665 lr=0.00016913 step=stateful RMSProp step applied
    unit 50/65 rc=932241 chunks=2 trained_queries=63481 trained_events=107824 mean_loss=1.760753 lr=0.000168796 step=stateful RMSProp step applied
    unit 51/65 rc=942005 chunks=6 trained_queries=295710 trained_events=510176 mean_loss=1.896799 lr=0.000168462 step=stateful RMSProp step applied
    unit 52/65 rc=988604 chunks=4 trained_queries=190096 trained_events=338304 mean_loss=1.823446 lr=0.000168129 step=stateful RMSProp step applied
    unit 53/65 rc=1019500 chunks=9 trained_queries=413444 trained_events=737802 mean_loss=1.865611 lr=0.000167795 step=stateful RMSProp step applied
    unit 54/65 rc=1087047 chunks=12 trained_queries=553466 trained_events=1002752 mean_loss=1.883467 lr=0.000167462 step=stateful RMSProp step applied
    unit 55/65 rc=1178720 chunks=2 trained_queries=96605 trained_events=164880 mean_loss=1.869060 lr=0.00016713 step=stateful RMSProp step applied
    unit 56/65 rc=1193882 chunks=1 trained_queries=5343 trained_events=9456 mean_loss=1.551324 lr=0.000166797 step=stateful RMSProp step applied
    unit 57/65 rc=1194732 chunks=9 trained_queries=426507 trained_events=745745 mean_loss=1.889999 lr=0.000166465 step=stateful RMSProp step applied
    unit 58/65 rc=1262782 chunks=9 trained_queries=420566 trained_events=755486 mean_loss=1.879621 lr=0.000166133 step=stateful RMSProp step applied
    unit 59/65 rc=1332021 chunks=11 trained_queries=535061 trained_events=1019376 mean_loss=1.835131 lr=0.000165802 step=stateful RMSProp step applied
    unit 60/65 rc=1425400 chunks=5 trained_queries=235017 trained_events=405880 mean_loss=1.873281 lr=0.00016547 step=stateful RMSProp step applied
    unit 61/65 rc=1462524 chunks=2 trained_queries=68054 trained_events=119056 mean_loss=1.748726 lr=0.00016514 step=stateful RMSProp step applied
    unit 62/65 rc=1473469 chunks=3 trained_queries=147152 trained_events=266576 mean_loss=1.797681 lr=0.000164809 step=stateful RMSProp step applied
    unit 63/65 rc=1497733 chunks=1 trained_queries=5204 trained_events=8048 mean_loss=1.775881 lr=0.000164479 step=stateful RMSProp step applied
    unit 64/65 rc=1498502 chunks=4 trained_queries=165699 trained_events=311920 mean_loss=1.752284 lr=0.000164149 step=stateful RMSProp step applied
    unit 65/65 rc=1526829 chunks=1 trained_queries=3594 trained_events=5440 mean_loss=1.573660 lr=0.00016382 step=stateful RMSProp step applied
  train-epoch: epoch 85 summary trained_queries=8880122 trained_events=16953844 mean_loss=1.812160
  train-epoch: epoch 86/100
    unit 1/65 rc=1 chunks=5 trained_queries=235411 trained_events=602672 mean_loss=1.603556 lr=0.00016349 step=stateful RMSProp step applied
    unit 2/65 rc=47811 chunks=25 trained_queries=1209056 trained_events=2588009 mean_loss=1.867904 lr=0.000163161 step=stateful RMSProp step applied
    unit 3/65 rc=282625 chunks=1 trained_queries=17780 trained_events=32192 mean_loss=1.557045 lr=0.000162833 step=stateful RMSProp step applied
    unit 4/65 rc=285382 chunks=1 trained_queries=16 trained_events=16 mean_loss=0.231873 lr=0.000162504 step=stateful RMSProp step applied
    unit 5/65 rc=285383 chunks=1 trained_queries=41 trained_events=48 mean_loss=0.369166 lr=0.000162176 step=stateful RMSProp step applied
    unit 6/65 rc=285388 chunks=2 trained_queries=54875 trained_events=94080 mean_loss=1.815667 lr=0.000161848 step=stateful RMSProp step applied
    unit 7/65 rc=294043 chunks=3 trained_queries=146903 trained_events=301856 mean_loss=1.698648 lr=0.000161521 step=stateful RMSProp step applied
    unit 8/65 rc=321434 chunks=1 trained_queries=19351 trained_events=28624 mean_loss=1.856755 lr=0.000161194 step=stateful RMSProp step applied
    unit 9/65 rc=324057 chunks=1 trained_queries=35110 trained_events=118240 mean_loss=1.258491 lr=0.000160867 step=stateful RMSProp step applied
    unit 10/65 rc=331740 chunks=1 trained_queries=16 trained_events=432 mean_loss=0.004575 lr=0.00016054 step=stateful RMSProp step applied
    unit 11/65 rc=331741 chunks=2 trained_queries=74861 trained_events=154864 mean_loss=1.604042 lr=0.000160214 step=stateful RMSProp step applied
    unit 12/65 rc=345687 chunks=1 trained_queries=30300 trained_events=55216 mean_loss=1.632056 lr=0.000159889 step=stateful RMSProp step applied
    unit 13/65 rc=350763 chunks=1 trained_queries=15923 trained_events=37200 mean_loss=1.392720 lr=0.000159563 step=stateful RMSProp step applied
    unit 14/65 rc=353625 chunks=2 trained_queries=55670 trained_events=115472 mean_loss=1.607452 lr=0.000159238 step=stateful RMSProp step applied
    unit 15/65 rc=364135 chunks=1 trained_queries=19324 trained_events=41184 mean_loss=1.572507 lr=0.000158913 step=stateful RMSProp step applied
    unit 16/65 rc=367786 chunks=1 trained_queries=22956 trained_events=58432 mean_loss=1.427432 lr=0.000158588 step=stateful RMSProp step applied
    unit 17/65 rc=372767 chunks=1 trained_queries=12887 trained_events=31552 mean_loss=1.348309 lr=0.000158264 step=stateful RMSProp step applied
    unit 18/65 rc=375106 chunks=1 trained_queries=37224 trained_events=92032 mean_loss=1.359066 lr=0.00015794 step=stateful RMSProp step applied
    unit 19/65 rc=382687 chunks=1 trained_queries=11903 trained_events=27856 mean_loss=1.487330 lr=0.000157616 step=stateful RMSProp step applied
    unit 20/65 rc=384937 chunks=1 trained_queries=13922 trained_events=37200 mean_loss=1.322108 lr=0.000157293 step=stateful RMSProp step applied
    unit 21/65 rc=387825 chunks=1 trained_queries=20966 trained_events=46224 mean_loss=1.513203 lr=0.00015697 step=stateful RMSProp step applied
    unit 22/65 rc=391753 chunks=2 trained_queries=80510 trained_events=178352 mean_loss=1.560860 lr=0.000156647 step=stateful RMSProp step applied
    unit 23/65 rc=407234 chunks=1 trained_queries=2379 trained_events=5104 mean_loss=1.338211 lr=0.000156325 step=stateful RMSProp step applied
    unit 24/65 rc=407680 chunks=1 trained_queries=6700 trained_events=24672 mean_loss=1.043793 lr=0.000156003 step=stateful RMSProp step applied
    unit 25/65 rc=409029 chunks=1 trained_queries=26203 trained_events=59152 mean_loss=1.462740 lr=0.000155681 step=stateful RMSProp step applied
    unit 26/65 rc=414232 chunks=1 trained_queries=20070 trained_events=43728 mean_loss=1.531119 lr=0.00015536 step=stateful RMSProp step applied
    unit 27/65 rc=418109 chunks=1 trained_queries=30344 trained_events=74160 mean_loss=1.340753 lr=0.000155038 step=stateful RMSProp step applied
    unit 28/65 rc=424071 chunks=1 trained_queries=37398 trained_events=78688 mean_loss=1.528305 lr=0.000154718 step=stateful RMSProp step applied
    unit 29/65 rc=431070 chunks=1 trained_queries=9984 trained_events=22352 mean_loss=1.524053 lr=0.000154397 step=stateful RMSProp step applied
    unit 30/65 rc=433017 chunks=1 trained_queries=368 trained_events=3696 mean_loss=0.360599 lr=0.000154077 step=stateful RMSProp step applied
    unit 31/65 rc=433081 chunks=1 trained_queries=31432 trained_events=72896 mean_loss=1.453471 lr=0.000153757 step=stateful RMSProp step applied
    unit 32/65 rc=439253 chunks=1 trained_queries=32416 trained_events=67744 mean_loss=1.616352 lr=0.000153437 step=stateful RMSProp step applied
    unit 33/65 rc=445065 chunks=2 trained_queries=52575 trained_events=104160 mean_loss=1.647747 lr=0.000153118 step=stateful RMSProp step applied
    unit 34/65 rc=454440 chunks=1 trained_queries=18981 trained_events=51680 mean_loss=1.231825 lr=0.000152799 step=stateful RMSProp step applied
    unit 35/65 rc=458387 chunks=1 trained_queries=5199 trained_events=12224 mean_loss=1.369197 lr=0.000152481 step=stateful RMSProp step applied
    unit 36/65 rc=459434 chunks=1 trained_queries=25529 trained_events=53568 mean_loss=1.557767 lr=0.000152162 step=stateful RMSProp step applied
    unit 37/65 rc=464285 chunks=1 trained_queries=944 trained_events=1792 mean_loss=1.099323 lr=0.000151844 step=stateful RMSProp step applied
    unit 38/65 rc=464449 chunks=1 trained_queries=13111 trained_events=27072 mean_loss=1.411180 lr=0.000151527 step=stateful RMSProp step applied
    unit 39/65 rc=466777 chunks=1 trained_queries=1172 trained_events=2576 mean_loss=1.060799 lr=0.000151209 step=stateful RMSProp step applied
    unit 40/65 rc=467002 chunks=10 trained_queries=476268 trained_events=843008 mean_loss=1.900167 lr=0.000150892 step=stateful RMSProp step applied
    unit 41/65 rc=544108 chunks=2 trained_queries=98499 trained_events=172032 mean_loss=1.849149 lr=0.000150575 step=stateful RMSProp step applied
    unit 42/65 rc=559920 chunks=3 trained_queries=136044 trained_events=238517 mean_loss=1.852455 lr=0.000150259 step=stateful RMSProp step applied
    unit 43/65 rc=581652 chunks=6 trained_queries=267495 trained_events=477697 mean_loss=1.850777 lr=0.000149943 step=stateful RMSProp step applied
    unit 44/65 rc=625299 chunks=16 trained_queries=787430 trained_events=1441440 mean_loss=1.899618 lr=0.000149627 step=stateful RMSProp step applied
    unit 45/65 rc=756698 chunks=3 trained_queries=135019 trained_events=240624 mean_loss=1.829410 lr=0.000149312 step=stateful RMSProp step applied
    unit 46/65 rc=778776 chunks=3 trained_queries=120415 trained_events=203264 mean_loss=1.831769 lr=0.000148996 step=stateful RMSProp step applied
    unit 47/65 rc=797238 chunks=9 trained_queries=409632 trained_events=780452 mean_loss=1.853303 lr=0.000148681 step=stateful RMSProp step applied
    unit 48/65 rc=868544 chunks=8 trained_queries=388601 trained_events=691328 mean_loss=1.876873 lr=0.000148367 step=stateful RMSProp step applied
    unit 49/65 rc=931357 chunks=1 trained_queries=5910 trained_events=9744 mean_loss=1.604396 lr=0.000148053 step=stateful RMSProp step applied
    unit 50/65 rc=932241 chunks=2 trained_queries=63481 trained_events=107824 mean_loss=1.759917 lr=0.000147739 step=stateful RMSProp step applied
    unit 51/65 rc=942005 chunks=6 trained_queries=295710 trained_events=510176 mean_loss=1.896545 lr=0.000147425 step=stateful RMSProp step applied
    unit 52/65 rc=988604 chunks=4 trained_queries=190096 trained_events=338304 mean_loss=1.822948 lr=0.000147112 step=stateful RMSProp step applied
    unit 53/65 rc=1019500 chunks=9 trained_queries=413444 trained_events=737802 mean_loss=1.865302 lr=0.000146799 step=stateful RMSProp step applied
    unit 54/65 rc=1087047 chunks=12 trained_queries=553466 trained_events=1002752 mean_loss=1.883001 lr=0.000146486 step=stateful RMSProp step applied
    unit 55/65 rc=1178720 chunks=2 trained_queries=96605 trained_events=164880 mean_loss=1.869592 lr=0.000146174 step=stateful RMSProp step applied
    unit 56/65 rc=1193882 chunks=1 trained_queries=5343 trained_events=9456 mean_loss=1.553114 lr=0.000145862 step=stateful RMSProp step applied
    unit 57/65 rc=1194732 chunks=9 trained_queries=426507 trained_events=745745 mean_loss=1.888358 lr=0.00014555 step=stateful RMSProp step applied
    unit 58/65 rc=1262782 chunks=9 trained_queries=420566 trained_events=755486 mean_loss=1.884839 lr=0.000145239 step=stateful RMSProp step applied
    unit 59/65 rc=1332021 chunks=11 trained_queries=535061 trained_events=1019376 mean_loss=1.834867 lr=0.000144928 step=stateful RMSProp step applied
    unit 60/65 rc=1425400 chunks=5 trained_queries=235017 trained_events=405880 mean_loss=1.872479 lr=0.000144617 step=stateful RMSProp step applied
    unit 61/65 rc=1462524 chunks=2 trained_queries=68054 trained_events=119056 mean_loss=1.747305 lr=0.000144307 step=stateful RMSProp step applied
    unit 62/65 rc=1473469 chunks=3 trained_queries=147152 trained_events=266576 mean_loss=1.797481 lr=0.000143997 step=stateful RMSProp step applied
    unit 63/65 rc=1497733 chunks=1 trained_queries=5204 trained_events=8048 mean_loss=1.774478 lr=0.000143687 step=stateful RMSProp step applied
    unit 64/65 rc=1498502 chunks=4 trained_queries=165699 trained_events=311920 mean_loss=1.751823 lr=0.000143377 step=stateful RMSProp step applied
    unit 65/65 rc=1526829 chunks=1 trained_queries=3594 trained_events=5440 mean_loss=1.573367 lr=0.000143068 step=stateful RMSProp step applied
  train-epoch: epoch 86 summary trained_queries=8880122 trained_events=16953844 mean_loss=1.813075
  train-epoch: epoch 87/100
    unit 1/65 rc=1 chunks=5 trained_queries=235411 trained_events=602672 mean_loss=1.599914 lr=0.000142759 step=stateful RMSProp step applied
    unit 2/65 rc=47811 chunks=25 trained_queries=1209056 trained_events=2588009 mean_loss=1.867386 lr=0.000142451 step=stateful RMSProp step applied
    unit 3/65 rc=282625 chunks=1 trained_queries=17780 trained_events=32192 mean_loss=1.556580 lr=0.000142143 step=stateful RMSProp step applied
    unit 4/65 rc=285382 chunks=1 trained_queries=16 trained_events=16 mean_loss=0.230400 lr=0.000141835 step=stateful RMSProp step applied
    unit 5/65 rc=285383 chunks=1 trained_queries=41 trained_events=48 mean_loss=0.369305 lr=0.000141527 step=stateful RMSProp step applied
    unit 6/65 rc=285388 chunks=2 trained_queries=54875 trained_events=94080 mean_loss=1.813863 lr=0.00014122 step=stateful RMSProp step applied
    unit 7/65 rc=294043 chunks=3 trained_queries=146903 trained_events=301856 mean_loss=1.700593 lr=0.000140913 step=stateful RMSProp step applied
    unit 8/65 rc=321434 chunks=1 trained_queries=19351 trained_events=28624 mean_loss=1.856563 lr=0.000140606 step=stateful RMSProp step applied
    unit 9/65 rc=324057 chunks=1 trained_queries=35110 trained_events=118240 mean_loss=1.244307 lr=0.0001403 step=stateful RMSProp step applied
    unit 10/65 rc=331740 chunks=1 trained_queries=16 trained_events=432 mean_loss=0.004627 lr=0.000139994 step=stateful RMSProp step applied
    unit 11/65 rc=331741 chunks=2 trained_queries=74861 trained_events=154864 mean_loss=1.604282 lr=0.000139688 step=stateful RMSProp step applied
    unit 12/65 rc=345687 chunks=1 trained_queries=30300 trained_events=55216 mean_loss=1.632051 lr=0.000139383 step=stateful RMSProp step applied
    unit 13/65 rc=350763 chunks=1 trained_queries=15923 trained_events=37200 mean_loss=1.404779 lr=0.000139078 step=stateful RMSProp step applied
    unit 14/65 rc=353625 chunks=2 trained_queries=55670 trained_events=115472 mean_loss=1.629788 lr=0.000138773 step=stateful RMSProp step applied
    unit 15/65 rc=364135 chunks=1 trained_queries=19324 trained_events=41184 mean_loss=1.575779 lr=0.000138469 step=stateful RMSProp step applied
    unit 16/65 rc=367786 chunks=1 trained_queries=22956 trained_events=58432 mean_loss=1.424824 lr=0.000138165 step=stateful RMSProp step applied
    unit 17/65 rc=372767 chunks=1 trained_queries=12887 trained_events=31552 mean_loss=1.330394 lr=0.000137861 step=stateful RMSProp step applied
    unit 18/65 rc=375106 chunks=1 trained_queries=37224 trained_events=92032 mean_loss=1.358176 lr=0.000137558 step=stateful RMSProp step applied
    unit 19/65 rc=382687 chunks=1 trained_queries=11903 trained_events=27856 mean_loss=1.484883 lr=0.000137255 step=stateful RMSProp step applied
    unit 20/65 rc=384937 chunks=1 trained_queries=13922 trained_events=37200 mean_loss=1.321348 lr=0.000136952 step=stateful RMSProp step applied
    unit 21/65 rc=387825 chunks=1 trained_queries=20966 trained_events=46224 mean_loss=1.519212 lr=0.000136649 step=stateful RMSProp step applied
    unit 22/65 rc=391753 chunks=2 trained_queries=80510 trained_events=178352 mean_loss=1.564572 lr=0.000136347 step=stateful RMSProp step applied
    unit 23/65 rc=407234 chunks=1 trained_queries=2379 trained_events=5104 mean_loss=1.338198 lr=0.000136045 step=stateful RMSProp step applied
    unit 24/65 rc=407680 chunks=1 trained_queries=6700 trained_events=24672 mean_loss=1.005312 lr=0.000135744 step=stateful RMSProp step applied
    unit 25/65 rc=409029 chunks=1 trained_queries=26203 trained_events=59152 mean_loss=1.461844 lr=0.000135443 step=stateful RMSProp step applied
    unit 26/65 rc=414232 chunks=1 trained_queries=20070 trained_events=43728 mean_loss=1.533025 lr=0.000135141 step=stateful RMSProp step applied
    unit 27/65 rc=418109 chunks=1 trained_queries=30344 trained_events=74160 mean_loss=1.340116 lr=0.000134841 step=stateful RMSProp step applied
    unit 28/65 rc=424071 chunks=1 trained_queries=37398 trained_events=78688 mean_loss=1.529622 lr=0.000134541 step=stateful RMSProp step applied
    unit 29/65 rc=431070 chunks=1 trained_queries=9984 trained_events=22352 mean_loss=1.524768 lr=0.000134241 step=stateful RMSProp step applied
    unit 30/65 rc=433017 chunks=1 trained_queries=368 trained_events=3696 mean_loss=0.360689 lr=0.000133941 step=stateful RMSProp step applied
    unit 31/65 rc=433081 chunks=1 trained_queries=31432 trained_events=72896 mean_loss=1.433734 lr=0.000133642 step=stateful RMSProp step applied
    unit 32/65 rc=439253 chunks=1 trained_queries=32416 trained_events=67744 mean_loss=1.614489 lr=0.000133343 step=stateful RMSProp step applied
    unit 33/65 rc=445065 chunks=2 trained_queries=52575 trained_events=104160 mean_loss=1.646191 lr=0.000133044 step=stateful RMSProp step applied
    unit 34/65 rc=454440 chunks=1 trained_queries=18981 trained_events=51680 mean_loss=1.224415 lr=0.000132746 step=stateful RMSProp step applied
    unit 35/65 rc=458387 chunks=1 trained_queries=5199 trained_events=12224 mean_loss=1.287074 lr=0.000132448 step=stateful RMSProp step applied
    unit 36/65 rc=459434 chunks=1 trained_queries=25529 trained_events=53568 mean_loss=1.549822 lr=0.00013215 step=stateful RMSProp step applied
    unit 37/65 rc=464285 chunks=1 trained_queries=944 trained_events=1792 mean_loss=1.105747 lr=0.000131853 step=stateful RMSProp step applied
    unit 38/65 rc=464449 chunks=1 trained_queries=13111 trained_events=27072 mean_loss=1.413872 lr=0.000131556 step=stateful RMSProp step applied
    unit 39/65 rc=466777 chunks=1 trained_queries=1172 trained_events=2576 mean_loss=1.061197 lr=0.000131259 step=stateful RMSProp step applied
    unit 40/65 rc=467002 chunks=10 trained_queries=476268 trained_events=843008 mean_loss=1.897631 lr=0.000130963 step=stateful RMSProp step applied
    unit 41/65 rc=544108 chunks=2 trained_queries=98499 trained_events=172032 mean_loss=1.849067 lr=0.000130666 step=stateful RMSProp step applied
    unit 42/65 rc=559920 chunks=3 trained_queries=136044 trained_events=238517 mean_loss=1.852304 lr=0.000130371 step=stateful RMSProp step applied
    unit 43/65 rc=581652 chunks=6 trained_queries=267495 trained_events=477697 mean_loss=1.850383 lr=0.000130075 step=stateful RMSProp step applied
    unit 44/65 rc=625299 chunks=16 trained_queries=787430 trained_events=1441440 mean_loss=1.890886 lr=0.00012978 step=stateful RMSProp step applied
    unit 45/65 rc=756698 chunks=3 trained_queries=135019 trained_events=240624 mean_loss=1.829432 lr=0.000129485 step=stateful RMSProp step applied
    unit 46/65 rc=778776 chunks=3 trained_queries=120415 trained_events=203264 mean_loss=1.830020 lr=0.000129191 step=stateful RMSProp step applied
    unit 47/65 rc=797238 chunks=9 trained_queries=409632 trained_events=780452 mean_loss=1.853059 lr=0.000128896 step=stateful RMSProp step applied
    unit 48/65 rc=868544 chunks=8 trained_queries=388601 trained_events=691328 mean_loss=1.876740 lr=0.000128603 step=stateful RMSProp step applied
    unit 49/65 rc=931357 chunks=1 trained_queries=5910 trained_events=9744 mean_loss=1.604462 lr=0.000128309 step=stateful RMSProp step applied
    unit 50/65 rc=932241 chunks=2 trained_queries=63481 trained_events=107824 mean_loss=1.765551 lr=0.000128016 step=stateful RMSProp step applied
    unit 51/65 rc=942005 chunks=6 trained_queries=295710 trained_events=510176 mean_loss=1.896367 lr=0.000127723 step=stateful RMSProp step applied
    unit 52/65 rc=988604 chunks=4 trained_queries=190096 trained_events=338304 mean_loss=1.822712 lr=0.00012743 step=stateful RMSProp step applied
    unit 53/65 rc=1019500 chunks=9 trained_queries=413444 trained_events=737802 mean_loss=1.867126 lr=0.000127138 step=stateful RMSProp step applied
    unit 54/65 rc=1087047 chunks=12 trained_queries=553466 trained_events=1002752 mean_loss=1.883592 lr=0.000126846 step=stateful RMSProp step applied
    unit 55/65 rc=1178720 chunks=2 trained_queries=96605 trained_events=164880 mean_loss=1.868632 lr=0.000126555 step=stateful RMSProp step applied
    unit 56/65 rc=1193882 chunks=1 trained_queries=5343 trained_events=9456 mean_loss=1.558511 lr=0.000126263 step=stateful RMSProp step applied
    unit 57/65 rc=1194732 chunks=9 trained_queries=426507 trained_events=745745 mean_loss=1.891607 lr=0.000125972 step=stateful RMSProp step applied
    unit 58/65 rc=1262782 chunks=9 trained_queries=420566 trained_events=755486 mean_loss=1.879511 lr=0.000125682 step=stateful RMSProp step applied
    unit 59/65 rc=1332021 chunks=11 trained_queries=535061 trained_events=1019376 mean_loss=1.834736 lr=0.000125391 step=stateful RMSProp step applied
    unit 60/65 rc=1425400 chunks=5 trained_queries=235017 trained_events=405880 mean_loss=1.872422 lr=0.000125101 step=stateful RMSProp step applied
    unit 61/65 rc=1462524 chunks=2 trained_queries=68054 trained_events=119056 mean_loss=1.746788 lr=0.000124812 step=stateful RMSProp step applied
    unit 62/65 rc=1473469 chunks=3 trained_queries=147152 trained_events=266576 mean_loss=1.804190 lr=0.000124522 step=stateful RMSProp step applied
    unit 63/65 rc=1497733 chunks=1 trained_queries=5204 trained_events=8048 mean_loss=1.778091 lr=0.000124233 step=stateful RMSProp step applied
    unit 64/65 rc=1498502 chunks=4 trained_queries=165699 trained_events=311920 mean_loss=1.751821 lr=0.000123945 step=stateful RMSProp step applied
    unit 65/65 rc=1526829 chunks=1 trained_queries=3594 trained_events=5440 mean_loss=1.574214 lr=0.000123656 step=stateful RMSProp step applied
  train-epoch: epoch 87 summary trained_queries=8880122 trained_events=16953844 mean_loss=1.811943
  train-epoch: epoch 88/100
    unit 1/65 rc=1 chunks=5 trained_queries=235411 trained_events=602672 mean_loss=1.599419 lr=0.000123368 step=stateful RMSProp step applied
    unit 2/65 rc=47811 chunks=25 trained_queries=1209056 trained_events=2588009 mean_loss=1.866098 lr=0.00012308 step=stateful RMSProp step applied
    unit 3/65 rc=282625 chunks=1 trained_queries=17780 trained_events=32192 mean_loss=1.554943 lr=0.000122793 step=stateful RMSProp step applied
    unit 4/65 rc=285382 chunks=1 trained_queries=16 trained_events=16 mean_loss=0.227395 lr=0.000122506 step=stateful RMSProp step applied
    unit 5/65 rc=285383 chunks=1 trained_queries=41 trained_events=48 mean_loss=0.367064 lr=0.000122219 step=stateful RMSProp step applied
    unit 6/65 rc=285388 chunks=2 trained_queries=54875 trained_events=94080 mean_loss=1.809080 lr=0.000121933 step=stateful RMSProp step applied
    unit 7/65 rc=294043 chunks=3 trained_queries=146903 trained_events=301856 mean_loss=1.694249 lr=0.000121646 step=stateful RMSProp step applied
    unit 8/65 rc=321434 chunks=1 trained_queries=19351 trained_events=28624 mean_loss=1.853168 lr=0.00012136 step=stateful RMSProp step applied
    unit 9/65 rc=324057 chunks=1 trained_queries=35110 trained_events=118240 mean_loss=1.243788 lr=0.000121075 step=stateful RMSProp step applied
    unit 10/65 rc=331740 chunks=1 trained_queries=16 trained_events=432 mean_loss=0.004564 lr=0.00012079 step=stateful RMSProp step applied
    unit 11/65 rc=331741 chunks=2 trained_queries=74861 trained_events=154864 mean_loss=1.602288 lr=0.000120505 step=stateful RMSProp step applied
    unit 12/65 rc=345687 chunks=1 trained_queries=30300 trained_events=55216 mean_loss=1.631013 lr=0.00012022 step=stateful RMSProp step applied
    unit 13/65 rc=350763 chunks=1 trained_queries=15923 trained_events=37200 mean_loss=1.390619 lr=0.000119936 step=stateful RMSProp step applied
    unit 14/65 rc=353625 chunks=2 trained_queries=55670 trained_events=115472 mean_loss=1.606675 lr=0.000119652 step=stateful RMSProp step applied
    unit 15/65 rc=364135 chunks=1 trained_queries=19324 trained_events=41184 mean_loss=1.567416 lr=0.000119369 step=stateful RMSProp step applied
    unit 16/65 rc=367786 chunks=1 trained_queries=22956 trained_events=58432 mean_loss=1.407067 lr=0.000119085 step=stateful RMSProp step applied
    unit 17/65 rc=372767 chunks=1 trained_queries=12887 trained_events=31552 mean_loss=1.372502 lr=0.000118802 step=stateful RMSProp step applied
    unit 18/65 rc=375106 chunks=1 trained_queries=37224 trained_events=92032 mean_loss=1.357201 lr=0.00011852 step=stateful RMSProp step applied
    unit 19/65 rc=382687 chunks=1 trained_queries=11903 trained_events=27856 mean_loss=1.505319 lr=0.000118238 step=stateful RMSProp step applied
    unit 20/65 rc=384937 chunks=1 trained_queries=13922 trained_events=37200 mean_loss=1.326014 lr=0.000117956 step=stateful RMSProp step applied
    unit 21/65 rc=387825 chunks=1 trained_queries=20966 trained_events=46224 mean_loss=1.509313 lr=0.000117674 step=stateful RMSProp step applied
    unit 22/65 rc=391753 chunks=2 trained_queries=80510 trained_events=178352 mean_loss=1.560154 lr=0.000117393 step=stateful RMSProp step applied
    unit 23/65 rc=407234 chunks=1 trained_queries=2379 trained_events=5104 mean_loss=1.337323 lr=0.000117112 step=stateful RMSProp step applied
    unit 24/65 rc=407680 chunks=1 trained_queries=6700 trained_events=24672 mean_loss=0.969177 lr=0.000116831 step=stateful RMSProp step applied
    unit 25/65 rc=409029 chunks=1 trained_queries=26203 trained_events=59152 mean_loss=1.461708 lr=0.00011655 step=stateful RMSProp step applied
    unit 26/65 rc=414232 chunks=1 trained_queries=20070 trained_events=43728 mean_loss=1.530575 lr=0.000116271 step=stateful RMSProp step applied
    unit 27/65 rc=418109 chunks=1 trained_queries=30344 trained_events=74160 mean_loss=1.339625 lr=0.000115991 step=stateful RMSProp step applied
    unit 28/65 rc=424071 chunks=1 trained_queries=37398 trained_events=78688 mean_loss=1.526942 lr=0.000115711 step=stateful RMSProp step applied
    unit 29/65 rc=431070 chunks=1 trained_queries=9984 trained_events=22352 mean_loss=1.523011 lr=0.000115432 step=stateful RMSProp step applied
    unit 30/65 rc=433017 chunks=1 trained_queries=368 trained_events=3696 mean_loss=0.360268 lr=0.000115154 step=stateful RMSProp step applied
    unit 31/65 rc=433081 chunks=1 trained_queries=31432 trained_events=72896 mean_loss=1.433221 lr=0.000114875 step=stateful RMSProp step applied
    unit 32/65 rc=439253 chunks=1 trained_queries=32416 trained_events=67744 mean_loss=1.613252 lr=0.000114597 step=stateful RMSProp step applied
    unit 33/65 rc=445065 chunks=2 trained_queries=52575 trained_events=104160 mean_loss=1.656203 lr=0.000114319 step=stateful RMSProp step applied
    unit 34/65 rc=454440 chunks=1 trained_queries=18981 trained_events=51680 mean_loss=1.236277 lr=0.000114042 step=stateful RMSProp step applied
    unit 35/65 rc=458387 chunks=1 trained_queries=5199 trained_events=12224 mean_loss=1.304724 lr=0.000113765 step=stateful RMSProp step applied
    unit 36/65 rc=459434 chunks=1 trained_queries=25529 trained_events=53568 mean_loss=1.551911 lr=0.000113488 step=stateful RMSProp step applied
    unit 37/65 rc=464285 chunks=1 trained_queries=944 trained_events=1792 mean_loss=1.102399 lr=0.000113212 step=stateful RMSProp step applied
    unit 38/65 rc=464449 chunks=1 trained_queries=13111 trained_events=27072 mean_loss=1.410646 lr=0.000112935 step=stateful RMSProp step applied
    unit 39/65 rc=466777 chunks=1 trained_queries=1172 trained_events=2576 mean_loss=1.057637 lr=0.00011266 step=stateful RMSProp step applied
    unit 40/65 rc=467002 chunks=10 trained_queries=476268 trained_events=843008 mean_loss=1.902861 lr=0.000112384 step=stateful RMSProp step applied
    unit 41/65 rc=544108 chunks=2 trained_queries=98499 trained_events=172032 mean_loss=1.852336 lr=0.000112109 step=stateful RMSProp step applied
    unit 42/65 rc=559920 chunks=3 trained_queries=136044 trained_events=238517 mean_loss=1.850034 lr=0.000111834 step=stateful RMSProp step applied
    unit 43/65 rc=581652 chunks=6 trained_queries=267495 trained_events=477697 mean_loss=1.849988 lr=0.00011156 step=stateful RMSProp step applied
    unit 44/65 rc=625299 chunks=16 trained_queries=787430 trained_events=1441440 mean_loss=1.891663 lr=0.000111285 step=stateful RMSProp step applied
    unit 45/65 rc=756698 chunks=3 trained_queries=135019 trained_events=240624 mean_loss=1.830353 lr=0.000111011 step=stateful RMSProp step applied
    unit 46/65 rc=778776 chunks=3 trained_queries=120415 trained_events=203264 mean_loss=1.829249 lr=0.000110738 step=stateful RMSProp step applied
    unit 47/65 rc=797238 chunks=9 trained_queries=409632 trained_events=780452 mean_loss=1.853070 lr=0.000110465 step=stateful RMSProp step applied
    unit 48/65 rc=868544 chunks=8 trained_queries=388601 trained_events=691328 mean_loss=1.877164 lr=0.000110192 step=stateful RMSProp step applied
    unit 49/65 rc=931357 chunks=1 trained_queries=5910 trained_events=9744 mean_loss=1.604086 lr=0.000109919 step=stateful RMSProp step applied
    unit 50/65 rc=932241 chunks=2 trained_queries=63481 trained_events=107824 mean_loss=1.762852 lr=0.000109647 step=stateful RMSProp step applied
    unit 51/65 rc=942005 chunks=6 trained_queries=295710 trained_events=510176 mean_loss=1.896620 lr=0.000109375 step=stateful RMSProp step applied
    unit 52/65 rc=988604 chunks=4 trained_queries=190096 trained_events=338304 mean_loss=1.823200 lr=0.000109104 step=stateful RMSProp step applied
    unit 53/65 rc=1019500 chunks=9 trained_queries=413444 trained_events=737802 mean_loss=1.864629 lr=0.000108832 step=stateful RMSProp step applied
    unit 54/65 rc=1087047 chunks=12 trained_queries=553466 trained_events=1002752 mean_loss=1.882686 lr=0.000108561 step=stateful RMSProp step applied
    unit 55/65 rc=1178720 chunks=2 trained_queries=96605 trained_events=164880 mean_loss=1.868470 lr=0.000108291 step=stateful RMSProp step applied
    unit 56/65 rc=1193882 chunks=1 trained_queries=5343 trained_events=9456 mean_loss=1.558809 lr=0.00010802 step=stateful RMSProp step applied
    unit 57/65 rc=1194732 chunks=9 trained_queries=426507 trained_events=745745 mean_loss=1.888755 lr=0.00010775 step=stateful RMSProp step applied
    unit 58/65 rc=1262782 chunks=9 trained_queries=420566 trained_events=755486 mean_loss=1.879064 lr=0.000107481 step=stateful RMSProp step applied
    unit 59/65 rc=1332021 chunks=11 trained_queries=535061 trained_events=1019376 mean_loss=1.834658 lr=0.000107211 step=stateful RMSProp step applied
    unit 60/65 rc=1425400 chunks=5 trained_queries=235017 trained_events=405880 mean_loss=1.873193 lr=0.000106942 step=stateful RMSProp step applied
    unit 61/65 rc=1462524 chunks=2 trained_queries=68054 trained_events=119056 mean_loss=1.747353 lr=0.000106674 step=stateful RMSProp step applied
    unit 62/65 rc=1473469 chunks=3 trained_queries=147152 trained_events=266576 mean_loss=1.796004 lr=0.000106405 step=stateful RMSProp step applied
    unit 63/65 rc=1497733 chunks=1 trained_queries=5204 trained_events=8048 mean_loss=1.773110 lr=0.000106137 step=stateful RMSProp step applied
    unit 64/65 rc=1498502 chunks=4 trained_queries=165699 trained_events=311920 mean_loss=1.750908 lr=0.00010587 step=stateful RMSProp step applied
    unit 65/65 rc=1526829 chunks=1 trained_queries=3594 trained_events=5440 mean_loss=1.571748 lr=0.000105602 step=stateful RMSProp step applied
  train-epoch: epoch 88 summary trained_queries=8880122 trained_events=16953844 mean_loss=1.811253
  train-epoch: epoch 89/100
    unit 1/65 rc=1 chunks=5 trained_queries=235411 trained_events=602672 mean_loss=1.601373 lr=0.000105335 step=stateful RMSProp step applied
    unit 2/65 rc=47811 chunks=25 trained_queries=1209056 trained_events=2588009 mean_loss=1.866133 lr=0.000105068 step=stateful RMSProp step applied
    unit 3/65 rc=282625 chunks=1 trained_queries=17780 trained_events=32192 mean_loss=1.553109 lr=0.000104802 step=stateful RMSProp step applied
    unit 4/65 rc=285382 chunks=1 trained_queries=16 trained_events=16 mean_loss=0.226061 lr=0.000104536 step=stateful RMSProp step applied
    unit 5/65 rc=285383 chunks=1 trained_queries=41 trained_events=48 mean_loss=0.364922 lr=0.00010427 step=stateful RMSProp step applied
    unit 6/65 rc=285388 chunks=2 trained_queries=54875 trained_events=94080 mean_loss=1.809187 lr=0.000104005 step=stateful RMSProp step applied
    unit 7/65 rc=294043 chunks=3 trained_queries=146903 trained_events=301856 mean_loss=1.693223 lr=0.00010374 step=stateful RMSProp step applied
    unit 8/65 rc=321434 chunks=1 trained_queries=19351 trained_events=28624 mean_loss=1.852883 lr=0.000103475 step=stateful RMSProp step applied
    unit 9/65 rc=324057 chunks=1 trained_queries=35110 trained_events=118240 mean_loss=1.239702 lr=0.000103211 step=stateful RMSProp step applied
    unit 10/65 rc=331740 chunks=1 trained_queries=16 trained_events=432 mean_loss=0.004518 lr=0.000102946 step=stateful RMSProp step applied
    unit 11/65 rc=331741 chunks=2 trained_queries=74861 trained_events=154864 mean_loss=1.602193 lr=0.000102683 step=stateful RMSProp step applied
    unit 12/65 rc=345687 chunks=1 trained_queries=30300 trained_events=55216 mean_loss=1.631751 lr=0.000102419 step=stateful RMSProp step applied
    unit 13/65 rc=350763 chunks=1 trained_queries=15923 trained_events=37200 mean_loss=1.398715 lr=0.000102156 step=stateful RMSProp step applied
    unit 14/65 rc=353625 chunks=2 trained_queries=55670 trained_events=115472 mean_loss=1.606750 lr=0.000101893 step=stateful RMSProp step applied
    unit 15/65 rc=364135 chunks=1 trained_queries=19324 trained_events=41184 mean_loss=1.574288 lr=0.000101631 step=stateful RMSProp step applied
    unit 16/65 rc=367786 chunks=1 trained_queries=22956 trained_events=58432 mean_loss=1.413082 lr=0.000101369 step=stateful RMSProp step applied
    unit 17/65 rc=372767 chunks=1 trained_queries=12887 trained_events=31552 mean_loss=1.331714 lr=0.000101107 step=stateful RMSProp step applied
    unit 18/65 rc=375106 chunks=1 trained_queries=37224 trained_events=92032 mean_loss=1.366467 lr=0.000100845 step=stateful RMSProp step applied
    unit 19/65 rc=382687 chunks=1 trained_queries=11903 trained_events=27856 mean_loss=1.494072 lr=0.000100584 step=stateful RMSProp step applied
    unit 20/65 rc=384937 chunks=1 trained_queries=13922 trained_events=37200 mean_loss=1.324243 lr=0.000100323 step=stateful RMSProp step applied
    unit 21/65 rc=387825 chunks=1 trained_queries=20966 trained_events=46224 mean_loss=1.509096 lr=0.000100063 step=stateful RMSProp step applied
    unit 22/65 rc=391753 chunks=2 trained_queries=80510 trained_events=178352 mean_loss=1.559019 lr=9.98027e-05 step=stateful RMSProp step applied
    unit 23/65 rc=407234 chunks=1 trained_queries=2379 trained_events=5104 mean_loss=1.336848 lr=9.95428e-05 step=stateful RMSProp step applied
    unit 24/65 rc=407680 chunks=1 trained_queries=6700 trained_events=24672 mean_loss=0.998417 lr=9.92832e-05 step=stateful RMSProp step applied
    unit 25/65 rc=409029 chunks=1 trained_queries=26203 trained_events=59152 mean_loss=1.463681 lr=9.90239e-05 step=stateful RMSProp step applied
    unit 26/65 rc=414232 chunks=1 trained_queries=20070 trained_events=43728 mean_loss=1.533804 lr=9.8765e-05 step=stateful RMSProp step applied
    unit 27/65 rc=418109 chunks=1 trained_queries=30344 trained_events=74160 mean_loss=1.340642 lr=9.85065e-05 step=stateful RMSProp step applied
    unit 28/65 rc=424071 chunks=1 trained_queries=37398 trained_events=78688 mean_loss=1.528883 lr=9.82483e-05 step=stateful RMSProp step applied
    unit 29/65 rc=431070 chunks=1 trained_queries=9984 trained_events=22352 mean_loss=1.523009 lr=9.79904e-05 step=stateful RMSProp step applied
    unit 30/65 rc=433017 chunks=1 trained_queries=368 trained_events=3696 mean_loss=0.360456 lr=9.77329e-05 step=stateful RMSProp step applied
    unit 31/65 rc=433081 chunks=1 trained_queries=31432 trained_events=72896 mean_loss=1.438063 lr=9.74757e-05 step=stateful RMSProp step applied
    unit 32/65 rc=439253 chunks=1 trained_queries=32416 trained_events=67744 mean_loss=1.615836 lr=9.72188e-05 step=stateful RMSProp step applied
    unit 33/65 rc=445065 chunks=2 trained_queries=52575 trained_events=104160 mean_loss=1.645982 lr=9.69621e-05 step=stateful RMSProp step applied
    unit 34/65 rc=454440 chunks=1 trained_queries=18981 trained_events=51680 mean_loss=1.236142 lr=9.67059e-05 step=stateful RMSProp step applied
    unit 35/65 rc=458387 chunks=1 trained_queries=5199 trained_events=12224 mean_loss=1.284463 lr=9.64498e-05 step=stateful RMSProp step applied
    unit 36/65 rc=459434 chunks=1 trained_queries=25529 trained_events=53568 mean_loss=1.555990 lr=9.61942e-05 step=stateful RMSProp step applied
    unit 37/65 rc=464285 chunks=1 trained_queries=944 trained_events=1792 mean_loss=1.097493 lr=9.5939e-05 step=stateful RMSProp step applied
    unit 38/65 rc=464449 chunks=1 trained_queries=13111 trained_events=27072 mean_loss=1.411373 lr=9.56841e-05 step=stateful RMSProp step applied
    unit 39/65 rc=466777 chunks=1 trained_queries=1172 trained_events=2576 mean_loss=1.059180 lr=9.54294e-05 step=stateful RMSProp step applied
    unit 40/65 rc=467002 chunks=10 trained_queries=476268 trained_events=843008 mean_loss=1.890225 lr=9.51751e-05 step=stateful RMSProp step applied
    unit 41/65 rc=544108 chunks=2 trained_queries=98499 trained_events=172032 mean_loss=1.846132 lr=9.49212e-05 step=stateful RMSProp step applied
    unit 42/65 rc=559920 chunks=3 trained_queries=136044 trained_events=238517 mean_loss=1.854268 lr=9.46675e-05 step=stateful RMSProp step applied
    unit 43/65 rc=581652 chunks=6 trained_queries=267495 trained_events=477697 mean_loss=1.850944 lr=9.44142e-05 step=stateful RMSProp step applied
    unit 44/65 rc=625299 chunks=16 trained_queries=787430 trained_events=1441440 mean_loss=1.889731 lr=9.41613e-05 step=stateful RMSProp step applied
    unit 45/65 rc=756698 chunks=3 trained_queries=135019 trained_events=240624 mean_loss=1.827475 lr=9.39086e-05 step=stateful RMSProp step applied
    unit 46/65 rc=778776 chunks=3 trained_queries=120415 trained_events=203264 mean_loss=1.829071 lr=9.36562e-05 step=stateful RMSProp step applied
    unit 47/65 rc=797238 chunks=9 trained_queries=409632 trained_events=780452 mean_loss=1.852401 lr=9.34043e-05 step=stateful RMSProp step applied
    unit 48/65 rc=868544 chunks=8 trained_queries=388601 trained_events=691328 mean_loss=1.875963 lr=9.31526e-05 step=stateful RMSProp step applied
    unit 49/65 rc=931357 chunks=1 trained_queries=5910 trained_events=9744 mean_loss=1.603804 lr=9.29013e-05 step=stateful RMSProp step applied
    unit 50/65 rc=932241 chunks=2 trained_queries=63481 trained_events=107824 mean_loss=1.758907 lr=9.26503e-05 step=stateful RMSProp step applied
    unit 51/65 rc=942005 chunks=6 trained_queries=295710 trained_events=510176 mean_loss=1.896166 lr=9.23995e-05 step=stateful RMSProp step applied
    unit 52/65 rc=988604 chunks=4 trained_queries=190096 trained_events=338304 mean_loss=1.824271 lr=9.21492e-05 step=stateful RMSProp step applied
    unit 53/65 rc=1019500 chunks=9 trained_queries=413444 trained_events=737802 mean_loss=1.864885 lr=9.18992e-05 step=stateful RMSProp step applied
    unit 54/65 rc=1087047 chunks=12 trained_queries=553466 trained_events=1002752 mean_loss=1.882790 lr=9.16495e-05 step=stateful RMSProp step applied
    unit 55/65 rc=1178720 chunks=2 trained_queries=96605 trained_events=164880 mean_loss=1.868427 lr=9.14001e-05 step=stateful RMSProp step applied
    unit 56/65 rc=1193882 chunks=1 trained_queries=5343 trained_events=9456 mean_loss=1.550033 lr=9.11511e-05 step=stateful RMSProp step applied
    unit 57/65 rc=1194732 chunks=9 trained_queries=426507 trained_events=745745 mean_loss=1.890488 lr=9.09023e-05 step=stateful RMSProp step applied
    unit 58/65 rc=1262782 chunks=9 trained_queries=420566 trained_events=755486 mean_loss=1.878724 lr=9.0654e-05 step=stateful RMSProp step applied
    unit 59/65 rc=1332021 chunks=11 trained_queries=535061 trained_events=1019376 mean_loss=1.834623 lr=9.04059e-05 step=stateful RMSProp step applied
    unit 60/65 rc=1425400 chunks=5 trained_queries=235017 trained_events=405880 mean_loss=1.872544 lr=9.01582e-05 step=stateful RMSProp step applied
    unit 61/65 rc=1462524 chunks=2 trained_queries=68054 trained_events=119056 mean_loss=1.748301 lr=8.99108e-05 step=stateful RMSProp step applied
    unit 62/65 rc=1473469 chunks=3 trained_queries=147152 trained_events=266576 mean_loss=1.798786 lr=8.96637e-05 step=stateful RMSProp step applied
    unit 63/65 rc=1497733 chunks=1 trained_queries=5204 trained_events=8048 mean_loss=1.773408 lr=8.9417e-05 step=stateful RMSProp step applied
    unit 64/65 rc=1498502 chunks=4 trained_queries=165699 trained_events=311920 mean_loss=1.750595 lr=8.91707e-05 step=stateful RMSProp step applied
    unit 65/65 rc=1526829 chunks=1 trained_queries=3594 trained_events=5440 mean_loss=1.573120 lr=8.89246e-05 step=stateful RMSProp step applied
  train-epoch: epoch 89 summary trained_queries=8880122 trained_events=16953844 mean_loss=1.810504
  train-epoch: epoch 90/100
    unit 1/65 rc=1 chunks=5 trained_queries=235411 trained_events=602672 mean_loss=1.594609 lr=8.86788e-05 step=stateful RMSProp step applied
    unit 2/65 rc=47811 chunks=25 trained_queries=1209056 trained_events=2588009 mean_loss=1.870146 lr=8.84335e-05 step=stateful RMSProp step applied
    unit 3/65 rc=282625 chunks=1 trained_queries=17780 trained_events=32192 mean_loss=1.555614 lr=8.81883e-05 step=stateful RMSProp step applied
    unit 4/65 rc=285382 chunks=1 trained_queries=16 trained_events=16 mean_loss=0.223476 lr=8.79436e-05 step=stateful RMSProp step applied
    unit 5/65 rc=285383 chunks=1 trained_queries=41 trained_events=48 mean_loss=0.362564 lr=8.7699e-05 step=stateful RMSProp step applied
    unit 6/65 rc=285388 chunks=2 trained_queries=54875 trained_events=94080 mean_loss=1.808041 lr=8.74549e-05 step=stateful RMSProp step applied
    unit 7/65 rc=294043 chunks=3 trained_queries=146903 trained_events=301856 mean_loss=1.693542 lr=8.72112e-05 step=stateful RMSProp step applied
    unit 8/65 rc=321434 chunks=1 trained_queries=19351 trained_events=28624 mean_loss=1.853547 lr=8.69679e-05 step=stateful RMSProp step applied
    unit 9/65 rc=324057 chunks=1 trained_queries=35110 trained_events=118240 mean_loss=1.239647 lr=8.67248e-05 step=stateful RMSProp step applied
    unit 10/65 rc=331740 chunks=1 trained_queries=16 trained_events=432 mean_loss=0.004344 lr=8.6482e-05 step=stateful RMSProp step applied
    unit 11/65 rc=331741 chunks=2 trained_queries=74861 trained_events=154864 mean_loss=1.605690 lr=8.62395e-05 step=stateful RMSProp step applied
    unit 12/65 rc=345687 chunks=1 trained_queries=30300 trained_events=55216 mean_loss=1.632508 lr=8.59975e-05 step=stateful RMSProp step applied
    unit 13/65 rc=350763 chunks=1 trained_queries=15923 trained_events=37200 mean_loss=1.390556 lr=8.57556e-05 step=stateful RMSProp step applied
    unit 14/65 rc=353625 chunks=2 trained_queries=55670 trained_events=115472 mean_loss=1.604526 lr=8.55142e-05 step=stateful RMSProp step applied
    unit 15/65 rc=364135 chunks=1 trained_queries=19324 trained_events=41184 mean_loss=1.567365 lr=8.5273e-05 step=stateful RMSProp step applied
    unit 16/65 rc=367786 chunks=1 trained_queries=22956 trained_events=58432 mean_loss=1.426006 lr=8.50322e-05 step=stateful RMSProp step applied
    unit 17/65 rc=372767 chunks=1 trained_queries=12887 trained_events=31552 mean_loss=1.342678 lr=8.47918e-05 step=stateful RMSProp step applied
    unit 18/65 rc=375106 chunks=1 trained_queries=37224 trained_events=92032 mean_loss=1.358049 lr=8.45516e-05 step=stateful RMSProp step applied
    unit 19/65 rc=382687 chunks=1 trained_queries=11903 trained_events=27856 mean_loss=1.519260 lr=8.43118e-05 step=stateful RMSProp step applied
    unit 20/65 rc=384937 chunks=1 trained_queries=13922 trained_events=37200 mean_loss=1.318153 lr=8.40724e-05 step=stateful RMSProp step applied
    unit 21/65 rc=387825 chunks=1 trained_queries=20966 trained_events=46224 mean_loss=1.508673 lr=8.38333e-05 step=stateful RMSProp step applied
    unit 22/65 rc=391753 chunks=2 trained_queries=80510 trained_events=178352 mean_loss=1.563143 lr=8.35944e-05 step=stateful RMSProp step applied
    unit 23/65 rc=407234 chunks=1 trained_queries=2379 trained_events=5104 mean_loss=1.337451 lr=8.33559e-05 step=stateful RMSProp step applied
    unit 24/65 rc=407680 chunks=1 trained_queries=6700 trained_events=24672 mean_loss=0.969453 lr=8.31178e-05 step=stateful RMSProp step applied
    unit 25/65 rc=409029 chunks=1 trained_queries=26203 trained_events=59152 mean_loss=1.463319 lr=8.288e-05 step=stateful RMSProp step applied
    unit 26/65 rc=414232 chunks=1 trained_queries=20070 trained_events=43728 mean_loss=1.539896 lr=8.26424e-05 step=stateful RMSProp step applied
    unit 27/65 rc=418109 chunks=1 trained_queries=30344 trained_events=74160 mean_loss=1.338632 lr=8.24053e-05 step=stateful RMSProp step applied
    unit 28/65 rc=424071 chunks=1 trained_queries=37398 trained_events=78688 mean_loss=1.533989 lr=8.21685e-05 step=stateful RMSProp step applied
    unit 29/65 rc=431070 chunks=1 trained_queries=9984 trained_events=22352 mean_loss=1.524190 lr=8.1932e-05 step=stateful RMSProp step applied
    unit 30/65 rc=433017 chunks=1 trained_queries=368 trained_events=3696 mean_loss=0.360379 lr=8.16959e-05 step=stateful RMSProp step applied
    unit 31/65 rc=433081 chunks=1 trained_queries=31432 trained_events=72896 mean_loss=1.433401 lr=8.146e-05 step=stateful RMSProp step applied
    unit 32/65 rc=439253 chunks=1 trained_queries=32416 trained_events=67744 mean_loss=1.614170 lr=8.12245e-05 step=stateful RMSProp step applied
    unit 33/65 rc=445065 chunks=2 trained_queries=52575 trained_events=104160 mean_loss=1.644775 lr=8.09894e-05 step=stateful RMSProp step applied
    unit 34/65 rc=454440 chunks=1 trained_queries=18981 trained_events=51680 mean_loss=1.225416 lr=8.07545e-05 step=stateful RMSProp step applied
    unit 35/65 rc=458387 chunks=1 trained_queries=5199 trained_events=12224 mean_loss=1.308914 lr=8.05201e-05 step=stateful RMSProp step applied
    unit 36/65 rc=459434 chunks=1 trained_queries=25529 trained_events=53568 mean_loss=1.548728 lr=8.02859e-05 step=stateful RMSProp step applied
    unit 37/65 rc=464285 chunks=1 trained_queries=944 trained_events=1792 mean_loss=1.103038 lr=8.0052e-05 step=stateful RMSProp step applied
    unit 38/65 rc=464449 chunks=1 trained_queries=13111 trained_events=27072 mean_loss=1.411035 lr=7.98185e-05 step=stateful RMSProp step applied
    unit 39/65 rc=466777 chunks=1 trained_queries=1172 trained_events=2576 mean_loss=1.057828 lr=7.95853e-05 step=stateful RMSProp step applied
    unit 40/65 rc=467002 chunks=10 trained_queries=476268 trained_events=843008 mean_loss=1.889075 lr=7.93524e-05 step=stateful RMSProp step applied
    unit 41/65 rc=544108 chunks=2 trained_queries=98499 trained_events=172032 mean_loss=1.851086 lr=7.912e-05 step=stateful RMSProp step applied
    unit 42/65 rc=559920 chunks=3 trained_queries=136044 trained_events=238517 mean_loss=1.848337 lr=7.88878e-05 step=stateful RMSProp step applied
    unit 43/65 rc=581652 chunks=6 trained_queries=267495 trained_events=477697 mean_loss=1.848417 lr=7.8656e-05 step=stateful RMSProp step applied
    unit 44/65 rc=625299 chunks=16 trained_queries=787430 trained_events=1441440 mean_loss=1.888805 lr=7.84245e-05 step=stateful RMSProp step applied
    unit 45/65 rc=756698 chunks=3 trained_queries=135019 trained_events=240624 mean_loss=1.827361 lr=7.81933e-05 step=stateful RMSProp step applied
    unit 46/65 rc=778776 chunks=3 trained_queries=120415 trained_events=203264 mean_loss=1.828400 lr=7.79624e-05 step=stateful RMSProp step applied
    unit 47/65 rc=797238 chunks=9 trained_queries=409632 trained_events=780452 mean_loss=1.852031 lr=7.77319e-05 step=stateful RMSProp step applied
    unit 48/65 rc=868544 chunks=8 trained_queries=388601 trained_events=691328 mean_loss=1.876032 lr=7.75017e-05 step=stateful RMSProp step applied
    unit 49/65 rc=931357 chunks=1 trained_queries=5910 trained_events=9744 mean_loss=1.603364 lr=7.72718e-05 step=stateful RMSProp step applied
    unit 50/65 rc=932241 chunks=2 trained_queries=63481 trained_events=107824 mean_loss=1.758367 lr=7.70423e-05 step=stateful RMSProp step applied
    unit 51/65 rc=942005 chunks=6 trained_queries=295710 trained_events=510176 mean_loss=1.896135 lr=7.68131e-05 step=stateful RMSProp step applied
    unit 52/65 rc=988604 chunks=4 trained_queries=190096 trained_events=338304 mean_loss=1.837391 lr=7.65842e-05 step=stateful RMSProp step applied
    unit 53/65 rc=1019500 chunks=9 trained_queries=413444 trained_events=737802 mean_loss=1.864209 lr=7.63557e-05 step=stateful RMSProp step applied
    unit 54/65 rc=1087047 chunks=12 trained_queries=553466 trained_events=1002752 mean_loss=1.882899 lr=7.61275e-05 step=stateful RMSProp step applied
    unit 55/65 rc=1178720 chunks=2 trained_queries=96605 trained_events=164880 mean_loss=1.868349 lr=7.58997e-05 step=stateful RMSProp step applied
    unit 56/65 rc=1193882 chunks=1 trained_queries=5343 trained_events=9456 mean_loss=1.550120 lr=7.56722e-05 step=stateful RMSProp step applied
    unit 57/65 rc=1194732 chunks=9 trained_queries=426507 trained_events=745745 mean_loss=1.887182 lr=7.54451e-05 step=stateful RMSProp step applied
    unit 58/65 rc=1262782 chunks=9 trained_queries=420566 trained_events=755486 mean_loss=1.879552 lr=7.52181e-05 step=stateful RMSProp step applied
    unit 59/65 rc=1332021 chunks=11 trained_queries=535061 trained_events=1019376 mean_loss=1.834435 lr=7.49916e-05 step=stateful RMSProp step applied
    unit 60/65 rc=1425400 chunks=5 trained_queries=235017 trained_events=405880 mean_loss=1.872124 lr=7.47653e-05 step=stateful RMSProp step applied
    unit 61/65 rc=1462524 chunks=2 trained_queries=68054 trained_events=119056 mean_loss=1.746929 lr=7.45395e-05 step=stateful RMSProp step applied
    unit 62/65 rc=1473469 chunks=3 trained_queries=147152 trained_events=266576 mean_loss=1.793792 lr=7.43139e-05 step=stateful RMSProp step applied
    unit 63/65 rc=1497733 chunks=1 trained_queries=5204 trained_events=8048 mean_loss=1.781223 lr=7.40888e-05 step=stateful RMSProp step applied
    unit 64/65 rc=1498502 chunks=4 trained_queries=165699 trained_events=311920 mean_loss=1.750667 lr=7.38639e-05 step=stateful RMSProp step applied
    unit 65/65 rc=1526829 chunks=1 trained_queries=3594 trained_events=5440 mean_loss=1.573595 lr=7.36394e-05 step=stateful RMSProp step applied
  train-epoch: epoch 90 summary trained_queries=8880122 trained_events=16953844 mean_loss=1.810628
  train-epoch: epoch 91/100
    unit 1/65 rc=1 chunks=5 trained_queries=235411 trained_events=602672 mean_loss=1.602498 lr=7.34153e-05 step=stateful RMSProp step applied
    unit 2/65 rc=47811 chunks=25 trained_queries=1209056 trained_events=2588009 mean_loss=1.865718 lr=7.31913e-05 step=stateful RMSProp step applied
    unit 3/65 rc=282625 chunks=1 trained_queries=17780 trained_events=32192 mean_loss=1.557272 lr=7.29678e-05 step=stateful RMSProp step applied
    unit 4/65 rc=285382 chunks=1 trained_queries=16 trained_events=16 mean_loss=0.222167 lr=7.27446e-05 step=stateful RMSProp step applied
    unit 5/65 rc=285383 chunks=1 trained_queries=41 trained_events=48 mean_loss=0.360730 lr=7.25217e-05 step=stateful RMSProp step applied
    unit 6/65 rc=285388 chunks=2 trained_queries=54875 trained_events=94080 mean_loss=1.806942 lr=7.22991e-05 step=stateful RMSProp step applied
    unit 7/65 rc=294043 chunks=3 trained_queries=146903 trained_events=301856 mean_loss=1.691773 lr=7.20769e-05 step=stateful RMSProp step applied
    unit 8/65 rc=321434 chunks=1 trained_queries=19351 trained_events=28624 mean_loss=1.851834 lr=7.18551e-05 step=stateful RMSProp step applied
    unit 9/65 rc=324057 chunks=1 trained_queries=35110 trained_events=118240 mean_loss=1.236847 lr=7.16336e-05 step=stateful RMSProp step applied
    unit 10/65 rc=331740 chunks=1 trained_queries=16 trained_events=432 mean_loss=0.004334 lr=7.14125e-05 step=stateful RMSProp step applied
    unit 11/65 rc=331741 chunks=2 trained_queries=74861 trained_events=154864 mean_loss=1.603507 lr=7.11915e-05 step=stateful RMSProp step applied
    unit 12/65 rc=345687 chunks=1 trained_queries=30300 trained_events=55216 mean_loss=1.633598 lr=7.0971e-05 step=stateful RMSProp step applied
    unit 13/65 rc=350763 chunks=1 trained_queries=15923 trained_events=37200 mean_loss=1.393324 lr=7.07508e-05 step=stateful RMSProp step applied
    unit 14/65 rc=353625 chunks=2 trained_queries=55670 trained_events=115472 mean_loss=1.623721 lr=7.05309e-05 step=stateful RMSProp step applied
    unit 15/65 rc=364135 chunks=1 trained_queries=19324 trained_events=41184 mean_loss=1.574674 lr=7.03114e-05 step=stateful RMSProp step applied
    unit 16/65 rc=367786 chunks=1 trained_queries=22956 trained_events=58432 mean_loss=1.407840 lr=7.00923e-05 step=stateful RMSProp step applied
    unit 17/65 rc=372767 chunks=1 trained_queries=12887 trained_events=31552 mean_loss=1.328699 lr=6.98733e-05 step=stateful RMSProp step applied
    unit 18/65 rc=375106 chunks=1 trained_queries=37224 trained_events=92032 mean_loss=1.376521 lr=6.96548e-05 step=stateful RMSProp step applied
    unit 19/65 rc=382687 chunks=1 trained_queries=11903 trained_events=27856 mean_loss=1.486512 lr=6.94367e-05 step=stateful RMSProp step applied
    unit 20/65 rc=384937 chunks=1 trained_queries=13922 trained_events=37200 mean_loss=1.332147 lr=6.92188e-05 step=stateful RMSProp step applied
    unit 21/65 rc=387825 chunks=1 trained_queries=20966 trained_events=46224 mean_loss=1.509128 lr=6.90013e-05 step=stateful RMSProp step applied
    unit 22/65 rc=391753 chunks=2 trained_queries=80510 trained_events=178352 mean_loss=1.561032 lr=6.87841e-05 step=stateful RMSProp step applied
    unit 23/65 rc=407234 chunks=1 trained_queries=2379 trained_events=5104 mean_loss=1.339280 lr=6.85672e-05 step=stateful RMSProp step applied
    unit 24/65 rc=407680 chunks=1 trained_queries=6700 trained_events=24672 mean_loss=0.980082 lr=6.83507e-05 step=stateful RMSProp step applied
    unit 25/65 rc=409029 chunks=1 trained_queries=26203 trained_events=59152 mean_loss=1.461132 lr=6.81345e-05 step=stateful RMSProp step applied
    unit 26/65 rc=414232 chunks=1 trained_queries=20070 trained_events=43728 mean_loss=1.541287 lr=6.79187e-05 step=stateful RMSProp step applied
    unit 27/65 rc=418109 chunks=1 trained_queries=30344 trained_events=74160 mean_loss=1.338607 lr=6.77033e-05 step=stateful RMSProp step applied
    unit 28/65 rc=424071 chunks=1 trained_queries=37398 trained_events=78688 mean_loss=1.526021 lr=6.7488e-05 step=stateful RMSProp step applied
    unit 29/65 rc=431070 chunks=1 trained_queries=9984 trained_events=22352 mean_loss=1.520809 lr=6.72731e-05 step=stateful RMSProp step applied
    unit 30/65 rc=433017 chunks=1 trained_queries=368 trained_events=3696 mean_loss=0.360179 lr=6.70585e-05 step=stateful RMSProp step applied
    unit 31/65 rc=433081 chunks=1 trained_queries=31432 trained_events=72896 mean_loss=1.437066 lr=6.68444e-05 step=stateful RMSProp step applied
    unit 32/65 rc=439253 chunks=1 trained_queries=32416 trained_events=67744 mean_loss=1.613464 lr=6.66305e-05 step=stateful RMSProp step applied
    unit 33/65 rc=445065 chunks=2 trained_queries=52575 trained_events=104160 mean_loss=1.648966 lr=6.6417e-05 step=stateful RMSProp step applied
    unit 34/65 rc=454440 chunks=1 trained_queries=18981 trained_events=51680 mean_loss=1.225024 lr=6.62039e-05 step=stateful RMSProp step applied
    unit 35/65 rc=458387 chunks=1 trained_queries=5199 trained_events=12224 mean_loss=1.285192 lr=6.59911e-05 step=stateful RMSProp step applied
    unit 36/65 rc=459434 chunks=1 trained_queries=25529 trained_events=53568 mean_loss=1.548627 lr=6.57786e-05 step=stateful RMSProp step applied
    unit 37/65 rc=464285 chunks=1 trained_queries=944 trained_events=1792 mean_loss=1.096369 lr=6.55664e-05 step=stateful RMSProp step applied
    unit 38/65 rc=464449 chunks=1 trained_queries=13111 trained_events=27072 mean_loss=1.411485 lr=6.53546e-05 step=stateful RMSProp step applied
    unit 39/65 rc=466777 chunks=1 trained_queries=1172 trained_events=2576 mean_loss=1.056109 lr=6.51431e-05 step=stateful RMSProp step applied
    unit 40/65 rc=467002 chunks=10 trained_queries=476268 trained_events=843008 mean_loss=1.887913 lr=6.49318e-05 step=stateful RMSProp step applied
    unit 41/65 rc=544108 chunks=2 trained_queries=98499 trained_events=172032 mean_loss=1.846018 lr=6.4721e-05 step=stateful RMSProp step applied
    unit 42/65 rc=559920 chunks=3 trained_queries=136044 trained_events=238517 mean_loss=1.848143 lr=6.45105e-05 step=stateful RMSProp step applied
    unit 43/65 rc=581652 chunks=6 trained_queries=267495 trained_events=477697 mean_loss=1.847795 lr=6.43004e-05 step=stateful RMSProp step applied
    unit 44/65 rc=625299 chunks=16 trained_queries=787430 trained_events=1441440 mean_loss=1.888958 lr=6.40906e-05 step=stateful RMSProp step applied
    unit 45/65 rc=756698 chunks=3 trained_queries=135019 trained_events=240624 mean_loss=1.826292 lr=6.38811e-05 step=stateful RMSProp step applied
    unit 46/65 rc=778776 chunks=3 trained_queries=120415 trained_events=203264 mean_loss=1.827727 lr=6.3672e-05 step=stateful RMSProp step applied
    unit 47/65 rc=797238 chunks=9 trained_queries=409632 trained_events=780452 mean_loss=1.851233 lr=6.34632e-05 step=stateful RMSProp step applied
    unit 48/65 rc=868544 chunks=8 trained_queries=388601 trained_events=691328 mean_loss=1.875211 lr=6.32546e-05 step=stateful RMSProp step applied
    unit 49/65 rc=931357 chunks=1 trained_queries=5910 trained_events=9744 mean_loss=1.602469 lr=6.30465e-05 step=stateful RMSProp step applied
    unit 50/65 rc=932241 chunks=2 trained_queries=63481 trained_events=107824 mean_loss=1.765902 lr=6.28387e-05 step=stateful RMSProp step applied
    unit 51/65 rc=942005 chunks=6 trained_queries=295710 trained_events=510176 mean_loss=1.895909 lr=6.26312e-05 step=stateful RMSProp step applied
    unit 52/65 rc=988604 chunks=4 trained_queries=190096 trained_events=338304 mean_loss=1.821966 lr=6.2424e-05 step=stateful RMSProp step applied
    unit 53/65 rc=1019500 chunks=9 trained_queries=413444 trained_events=737802 mean_loss=1.863974 lr=6.22172e-05 step=stateful RMSProp step applied
    unit 54/65 rc=1087047 chunks=12 trained_queries=553466 trained_events=1002752 mean_loss=1.888122 lr=6.20108e-05 step=stateful RMSProp step applied
    unit 55/65 rc=1178720 chunks=2 trained_queries=96605 trained_events=164880 mean_loss=1.869656 lr=6.18047e-05 step=stateful RMSProp step applied
    unit 56/65 rc=1193882 chunks=1 trained_queries=5343 trained_events=9456 mean_loss=1.549708 lr=6.15989e-05 step=stateful RMSProp step applied
    unit 57/65 rc=1194732 chunks=9 trained_queries=426507 trained_events=745745 mean_loss=1.886844 lr=6.13934e-05 step=stateful RMSProp step applied
    unit 58/65 rc=1262782 chunks=9 trained_queries=420566 trained_events=755486 mean_loss=1.878977 lr=6.11883e-05 step=stateful RMSProp step applied
    unit 59/65 rc=1332021 chunks=11 trained_queries=535061 trained_events=1019376 mean_loss=1.835386 lr=6.09835e-05 step=stateful RMSProp step applied
    unit 60/65 rc=1425400 chunks=5 trained_queries=235017 trained_events=405880 mean_loss=1.872086 lr=6.07791e-05 step=stateful RMSProp step applied
    unit 61/65 rc=1462524 chunks=2 trained_queries=68054 trained_events=119056 mean_loss=1.746866 lr=6.0575e-05 step=stateful RMSProp step applied
    unit 62/65 rc=1473469 chunks=3 trained_queries=147152 trained_events=266576 mean_loss=1.795051 lr=6.03712e-05 step=stateful RMSProp step applied
    unit 63/65 rc=1497733 chunks=1 trained_queries=5204 trained_events=8048 mean_loss=1.774156 lr=6.01678e-05 step=stateful RMSProp step applied
    unit 64/65 rc=1498502 chunks=4 trained_queries=165699 trained_events=311920 mean_loss=1.752874 lr=5.99646e-05 step=stateful RMSProp step applied
    unit 65/65 rc=1526829 chunks=1 trained_queries=3594 trained_events=5440 mean_loss=1.576715 lr=5.97619e-05 step=stateful RMSProp step applied
  train-epoch: epoch 91 summary trained_queries=8880122 trained_events=16953844 mean_loss=1.810180
  train-epoch: epoch 92/100
    unit 1/65 rc=1 chunks=5 trained_queries=235411 trained_events=602672 mean_loss=1.595876 lr=5.95593e-05 step=stateful RMSProp step applied
    unit 2/65 rc=47811 chunks=25 trained_queries=1209056 trained_events=2588009 mean_loss=1.869715 lr=5.93573e-05 step=stateful RMSProp step applied
    unit 3/65 rc=282625 chunks=1 trained_queries=17780 trained_events=32192 mean_loss=1.558611 lr=5.91556e-05 step=stateful RMSProp step applied
    unit 4/65 rc=285382 chunks=1 trained_queries=16 trained_events=16 mean_loss=0.220028 lr=5.89541e-05 step=stateful RMSProp step applied
    unit 5/65 rc=285383 chunks=1 trained_queries=41 trained_events=48 mean_loss=0.357974 lr=5.87531e-05 step=stateful RMSProp step applied
    unit 6/65 rc=285388 chunks=2 trained_queries=54875 trained_events=94080 mean_loss=1.809200 lr=5.85524e-05 step=stateful RMSProp step applied
    unit 7/65 rc=294043 chunks=3 trained_queries=146903 trained_events=301856 mean_loss=1.691165 lr=5.8352e-05 step=stateful RMSProp step applied
    unit 8/65 rc=321434 chunks=1 trained_queries=19351 trained_events=28624 mean_loss=1.851559 lr=5.81518e-05 step=stateful RMSProp step applied
    unit 9/65 rc=324057 chunks=1 trained_queries=35110 trained_events=118240 mean_loss=1.245584 lr=5.79521e-05 step=stateful RMSProp step applied
    unit 10/65 rc=331740 chunks=1 trained_queries=16 trained_events=432 mean_loss=0.004274 lr=5.77526e-05 step=stateful RMSProp step applied
    unit 11/65 rc=331741 chunks=2 trained_queries=74861 trained_events=154864 mean_loss=1.599299 lr=5.75536e-05 step=stateful RMSProp step applied
    unit 12/65 rc=345687 chunks=1 trained_queries=30300 trained_events=55216 mean_loss=1.633981 lr=5.73548e-05 step=stateful RMSProp step applied
    unit 13/65 rc=350763 chunks=1 trained_queries=15923 trained_events=37200 mean_loss=1.387099 lr=5.71565e-05 step=stateful RMSProp step applied
    unit 14/65 rc=353625 chunks=2 trained_queries=55670 trained_events=115472 mean_loss=1.604677 lr=5.69585e-05 step=stateful RMSProp step applied
    unit 15/65 rc=364135 chunks=1 trained_queries=19324 trained_events=41184 mean_loss=1.565933 lr=5.67607e-05 step=stateful RMSProp step applied
    unit 16/65 rc=367786 chunks=1 trained_queries=22956 trained_events=58432 mean_loss=1.407111 lr=5.65634e-05 step=stateful RMSProp step applied
    unit 17/65 rc=372767 chunks=1 trained_queries=12887 trained_events=31552 mean_loss=1.340310 lr=5.63664e-05 step=stateful RMSProp step applied
    unit 18/65 rc=375106 chunks=1 trained_queries=37224 trained_events=92032 mean_loss=1.359659 lr=5.61697e-05 step=stateful RMSProp step applied
    unit 19/65 rc=382687 chunks=1 trained_queries=11903 trained_events=27856 mean_loss=1.486517 lr=5.59732e-05 step=stateful RMSProp step applied
    unit 20/65 rc=384937 chunks=1 trained_queries=13922 trained_events=37200 mean_loss=1.318629 lr=5.57772e-05 step=stateful RMSProp step applied
    unit 21/65 rc=387825 chunks=1 trained_queries=20966 trained_events=46224 mean_loss=1.509932 lr=5.55815e-05 step=stateful RMSProp step applied
    unit 22/65 rc=391753 chunks=2 trained_queries=80510 trained_events=178352 mean_loss=1.560610 lr=5.53861e-05 step=stateful RMSProp step applied
    unit 23/65 rc=407234 chunks=1 trained_queries=2379 trained_events=5104 mean_loss=1.338047 lr=5.51911e-05 step=stateful RMSProp step applied
    unit 24/65 rc=407680 chunks=1 trained_queries=6700 trained_events=24672 mean_loss=0.967344 lr=5.49965e-05 step=stateful RMSProp step applied
    unit 25/65 rc=409029 chunks=1 trained_queries=26203 trained_events=59152 mean_loss=1.465956 lr=5.48022e-05 step=stateful RMSProp step applied
    unit 26/65 rc=414232 chunks=1 trained_queries=20070 trained_events=43728 mean_loss=1.528231 lr=5.46082e-05 step=stateful RMSProp step applied
    unit 27/65 rc=418109 chunks=1 trained_queries=30344 trained_events=74160 mean_loss=1.338756 lr=5.44145e-05 step=stateful RMSProp step applied
    unit 28/65 rc=424071 chunks=1 trained_queries=37398 trained_events=78688 mean_loss=1.533557 lr=5.42211e-05 step=stateful RMSProp step applied
    unit 29/65 rc=431070 chunks=1 trained_queries=9984 trained_events=22352 mean_loss=1.519354 lr=5.40281e-05 step=stateful RMSProp step applied
    unit 30/65 rc=433017 chunks=1 trained_queries=368 trained_events=3696 mean_loss=0.360240 lr=5.38355e-05 step=stateful RMSProp step applied
    unit 31/65 rc=433081 chunks=1 trained_queries=31432 trained_events=72896 mean_loss=1.438950 lr=5.36431e-05 step=stateful RMSProp step applied
    unit 32/65 rc=439253 chunks=1 trained_queries=32416 trained_events=67744 mean_loss=1.611440 lr=5.34512e-05 step=stateful RMSProp step applied
    unit 33/65 rc=445065 chunks=2 trained_queries=52575 trained_events=104160 mean_loss=1.645043 lr=5.32596e-05 step=stateful RMSProp step applied
    unit 34/65 rc=454440 chunks=1 trained_queries=18981 trained_events=51680 mean_loss=1.224282 lr=5.30682e-05 step=stateful RMSProp step applied
    unit 35/65 rc=458387 chunks=1 trained_queries=5199 trained_events=12224 mean_loss=1.283922 lr=5.28772e-05 step=stateful RMSProp step applied
    unit 36/65 rc=459434 chunks=1 trained_queries=25529 trained_events=53568 mean_loss=1.549096 lr=5.26867e-05 step=stateful RMSProp step applied
    unit 37/65 rc=464285 chunks=1 trained_queries=944 trained_events=1792 mean_loss=1.096005 lr=5.24963e-05 step=stateful RMSProp step applied
    unit 38/65 rc=464449 chunks=1 trained_queries=13111 trained_events=27072 mean_loss=1.413381 lr=5.23064e-05 step=stateful RMSProp step applied
    unit 39/65 rc=466777 chunks=1 trained_queries=1172 trained_events=2576 mean_loss=1.055873 lr=5.21168e-05 step=stateful RMSProp step applied
    unit 40/65 rc=467002 chunks=10 trained_queries=476268 trained_events=843008 mean_loss=1.887854 lr=5.19276e-05 step=stateful RMSProp step applied
    unit 41/65 rc=544108 chunks=2 trained_queries=98499 trained_events=172032 mean_loss=1.842398 lr=5.17387e-05 step=stateful RMSProp step applied
    unit 42/65 rc=559920 chunks=3 trained_queries=136044 trained_events=238517 mean_loss=1.848984 lr=5.15499e-05 step=stateful RMSProp step applied
    unit 43/65 rc=581652 chunks=6 trained_queries=267495 trained_events=477697 mean_loss=1.850978 lr=5.13617e-05 step=stateful RMSProp step applied
    unit 44/65 rc=625299 chunks=16 trained_queries=787430 trained_events=1441440 mean_loss=1.887497 lr=5.11738e-05 step=stateful RMSProp step applied
    unit 45/65 rc=756698 chunks=3 trained_queries=135019 trained_events=240624 mean_loss=1.830235 lr=5.09862e-05 step=stateful RMSProp step applied
    unit 46/65 rc=778776 chunks=3 trained_queries=120415 trained_events=203264 mean_loss=1.827634 lr=5.07989e-05 step=stateful RMSProp step applied
    unit 47/65 rc=797238 chunks=9 trained_queries=409632 trained_events=780452 mean_loss=1.851700 lr=5.0612e-05 step=stateful RMSProp step applied
    unit 48/65 rc=868544 chunks=8 trained_queries=388601 trained_events=691328 mean_loss=1.874899 lr=5.04254e-05 step=stateful RMSProp step applied
    unit 49/65 rc=931357 chunks=1 trained_queries=5910 trained_events=9744 mean_loss=1.602664 lr=5.02393e-05 step=stateful RMSProp step applied
    unit 50/65 rc=932241 chunks=2 trained_queries=63481 trained_events=107824 mean_loss=1.761198 lr=5.00534e-05 step=stateful RMSProp step applied
    unit 51/65 rc=942005 chunks=6 trained_queries=295710 trained_events=510176 mean_loss=1.895362 lr=4.98679e-05 step=stateful RMSProp step applied
    unit 52/65 rc=988604 chunks=4 trained_queries=190096 trained_events=338304 mean_loss=1.822312 lr=4.96826e-05 step=stateful RMSProp step applied
    unit 53/65 rc=1019500 chunks=9 trained_queries=413444 trained_events=737802 mean_loss=1.864093 lr=4.94978e-05 step=stateful RMSProp step applied
    unit 54/65 rc=1087047 chunks=12 trained_queries=553466 trained_events=1002752 mean_loss=1.883532 lr=4.93132e-05 step=stateful RMSProp step applied
    unit 55/65 rc=1178720 chunks=2 trained_queries=96605 trained_events=164880 mean_loss=1.871118 lr=4.9129e-05 step=stateful RMSProp step applied
    unit 56/65 rc=1193882 chunks=1 trained_queries=5343 trained_events=9456 mean_loss=1.550011 lr=4.89451e-05 step=stateful RMSProp step applied
    unit 57/65 rc=1194732 chunks=9 trained_queries=426507 trained_events=745745 mean_loss=1.886729 lr=4.87616e-05 step=stateful RMSProp step applied
    unit 58/65 rc=1262782 chunks=9 trained_queries=420566 trained_events=755486 mean_loss=1.878609 lr=4.85785e-05 step=stateful RMSProp step applied
    unit 59/65 rc=1332021 chunks=11 trained_queries=535061 trained_events=1019376 mean_loss=1.834618 lr=4.83956e-05 step=stateful RMSProp step applied
    unit 60/65 rc=1425400 chunks=5 trained_queries=235017 trained_events=405880 mean_loss=1.872324 lr=4.82132e-05 step=stateful RMSProp step applied
    unit 61/65 rc=1462524 chunks=2 trained_queries=68054 trained_events=119056 mean_loss=1.757426 lr=4.80309e-05 step=stateful RMSProp step applied
    unit 62/65 rc=1473469 chunks=3 trained_queries=147152 trained_events=266576 mean_loss=1.794590 lr=4.78492e-05 step=stateful RMSProp step applied
    unit 63/65 rc=1497733 chunks=1 trained_queries=5204 trained_events=8048 mean_loss=1.770742 lr=4.76677e-05 step=stateful RMSProp step applied
    unit 64/65 rc=1498502 chunks=4 trained_queries=165699 trained_events=311920 mean_loss=1.757077 lr=4.74865e-05 step=stateful RMSProp step applied
    unit 65/65 rc=1526829 chunks=1 trained_queries=3594 trained_events=5440 mean_loss=1.571685 lr=4.73056e-05 step=stateful RMSProp step applied
  train-epoch: epoch 92 summary trained_queries=8880122 trained_events=16953844 mean_loss=1.810077
  train-epoch: epoch 93/100
    unit 1/65 rc=1 chunks=5 trained_queries=235411 trained_events=602672 mean_loss=1.595444 lr=4.71252e-05 step=stateful RMSProp step applied
    unit 2/65 rc=47811 chunks=25 trained_queries=1209056 trained_events=2588009 mean_loss=1.865924 lr=4.69451e-05 step=stateful RMSProp step applied
    unit 3/65 rc=282625 chunks=1 trained_queries=17780 trained_events=32192 mean_loss=1.551008 lr=4.67653e-05 step=stateful RMSProp step applied
    unit 4/65 rc=285382 chunks=1 trained_queries=16 trained_events=16 mean_loss=0.218403 lr=4.65859e-05 step=stateful RMSProp step applied
    unit 5/65 rc=285383 chunks=1 trained_queries=41 trained_events=48 mean_loss=0.356730 lr=4.64068e-05 step=stateful RMSProp step applied
    unit 6/65 rc=285388 chunks=2 trained_queries=54875 trained_events=94080 mean_loss=1.807925 lr=4.62281e-05 step=stateful RMSProp step applied
    unit 7/65 rc=294043 chunks=3 trained_queries=146903 trained_events=301856 mean_loss=1.695936 lr=4.60496e-05 step=stateful RMSProp step applied
    unit 8/65 rc=321434 chunks=1 trained_queries=19351 trained_events=28624 mean_loss=1.851834 lr=4.58716e-05 step=stateful RMSProp step applied
    unit 9/65 rc=324057 chunks=1 trained_queries=35110 trained_events=118240 mean_loss=1.245658 lr=4.56938e-05 step=stateful RMSProp step applied
    unit 10/65 rc=331740 chunks=1 trained_queries=16 trained_events=432 mean_loss=0.004323 lr=4.55164e-05 step=stateful RMSProp step applied
    unit 11/65 rc=331741 chunks=2 trained_queries=74861 trained_events=154864 mean_loss=1.598830 lr=4.53392e-05 step=stateful RMSProp step applied
    unit 12/65 rc=345687 chunks=1 trained_queries=30300 trained_events=55216 mean_loss=1.634491 lr=4.51625e-05 step=stateful RMSProp step applied
    unit 13/65 rc=350763 chunks=1 trained_queries=15923 trained_events=37200 mean_loss=1.391642 lr=4.49861e-05 step=stateful RMSProp step applied
    unit 14/65 rc=353625 chunks=2 trained_queries=55670 trained_events=115472 mean_loss=1.604794 lr=4.48101e-05 step=stateful RMSProp step applied
    unit 15/65 rc=364135 chunks=1 trained_queries=19324 trained_events=41184 mean_loss=1.563218 lr=4.46344e-05 step=stateful RMSProp step applied
    unit 16/65 rc=367786 chunks=1 trained_queries=22956 trained_events=58432 mean_loss=1.404160 lr=4.4459e-05 step=stateful RMSProp step applied
    unit 17/65 rc=372767 chunks=1 trained_queries=12887 trained_events=31552 mean_loss=1.327278 lr=4.4284e-05 step=stateful RMSProp step applied
    unit 18/65 rc=375106 chunks=1 trained_queries=37224 trained_events=92032 mean_loss=1.364750 lr=4.41093e-05 step=stateful RMSProp step applied
    unit 19/65 rc=382687 chunks=1 trained_queries=11903 trained_events=27856 mean_loss=1.494350 lr=4.39349e-05 step=stateful RMSProp step applied
    unit 20/65 rc=384937 chunks=1 trained_queries=13922 trained_events=37200 mean_loss=1.317024 lr=4.3761e-05 step=stateful RMSProp step applied
    unit 21/65 rc=387825 chunks=1 trained_queries=20966 trained_events=46224 mean_loss=1.507972 lr=4.35872e-05 step=stateful RMSProp step applied
    unit 22/65 rc=391753 chunks=2 trained_queries=80510 trained_events=178352 mean_loss=1.560608 lr=4.34139e-05 step=stateful RMSProp step applied
    unit 23/65 rc=407234 chunks=1 trained_queries=2379 trained_events=5104 mean_loss=1.334675 lr=4.32409e-05 step=stateful RMSProp step applied
    unit 24/65 rc=407680 chunks=1 trained_queries=6700 trained_events=24672 mean_loss=0.970408 lr=4.30683e-05 step=stateful RMSProp step applied
    unit 25/65 rc=409029 chunks=1 trained_queries=26203 trained_events=59152 mean_loss=1.461366 lr=4.28959e-05 step=stateful RMSProp step applied
    unit 26/65 rc=414232 chunks=1 trained_queries=20070 trained_events=43728 mean_loss=1.532069 lr=4.2724e-05 step=stateful RMSProp step applied
    unit 27/65 rc=418109 chunks=1 trained_queries=30344 trained_events=74160 mean_loss=1.339119 lr=4.25524e-05 step=stateful RMSProp step applied
    unit 28/65 rc=424071 chunks=1 trained_queries=37398 trained_events=78688 mean_loss=1.525861 lr=4.2381e-05 step=stateful RMSProp step applied
    unit 29/65 rc=431070 chunks=1 trained_queries=9984 trained_events=22352 mean_loss=1.520768 lr=4.22101e-05 step=stateful RMSProp step applied
    unit 30/65 rc=433017 chunks=1 trained_queries=368 trained_events=3696 mean_loss=0.360180 lr=4.20395e-05 step=stateful RMSProp step applied
    unit 31/65 rc=433081 chunks=1 trained_queries=31432 trained_events=72896 mean_loss=1.465355 lr=4.18693e-05 step=stateful RMSProp step applied
    unit 32/65 rc=439253 chunks=1 trained_queries=32416 trained_events=67744 mean_loss=1.611689 lr=4.16994e-05 step=stateful RMSProp step applied
    unit 33/65 rc=445065 chunks=2 trained_queries=52575 trained_events=104160 mean_loss=1.644083 lr=4.15297e-05 step=stateful RMSProp step applied
    unit 34/65 rc=454440 chunks=1 trained_queries=18981 trained_events=51680 mean_loss=1.234201 lr=4.13605e-05 step=stateful RMSProp step applied
    unit 35/65 rc=458387 chunks=1 trained_queries=5199 trained_events=12224 mean_loss=1.284122 lr=4.11917e-05 step=stateful RMSProp step applied
    unit 36/65 rc=459434 chunks=1 trained_queries=25529 trained_events=53568 mean_loss=1.550117 lr=4.1023e-05 step=stateful RMSProp step applied
    unit 37/65 rc=464285 chunks=1 trained_queries=944 trained_events=1792 mean_loss=1.099761 lr=4.08548e-05 step=stateful RMSProp step applied
    unit 38/65 rc=464449 chunks=1 trained_queries=13111 trained_events=27072 mean_loss=1.422734 lr=4.0687e-05 step=stateful RMSProp step applied
    unit 39/65 rc=466777 chunks=1 trained_queries=1172 trained_events=2576 mean_loss=1.057965 lr=4.05194e-05 step=stateful RMSProp step applied
    unit 40/65 rc=467002 chunks=10 trained_queries=476268 trained_events=843008 mean_loss=1.886320 lr=4.03522e-05 step=stateful RMSProp step applied
    unit 41/65 rc=544108 chunks=2 trained_queries=98499 trained_events=172032 mean_loss=1.842047 lr=4.01854e-05 step=stateful RMSProp step applied
    unit 42/65 rc=559920 chunks=3 trained_queries=136044 trained_events=238517 mean_loss=1.847264 lr=4.00189e-05 step=stateful RMSProp step applied
    unit 43/65 rc=581652 chunks=6 trained_queries=267495 trained_events=477697 mean_loss=1.846917 lr=3.98527e-05 step=stateful RMSProp step applied
    unit 44/65 rc=625299 chunks=16 trained_queries=787430 trained_events=1441440 mean_loss=1.887163 lr=3.96869e-05 step=stateful RMSProp step applied
    unit 45/65 rc=756698 chunks=3 trained_queries=135019 trained_events=240624 mean_loss=1.825905 lr=3.95213e-05 step=stateful RMSProp step applied
    unit 46/65 rc=778776 chunks=3 trained_queries=120415 trained_events=203264 mean_loss=1.828313 lr=3.93561e-05 step=stateful RMSProp step applied
    unit 47/65 rc=797238 chunks=9 trained_queries=409632 trained_events=780452 mean_loss=1.850746 lr=3.91914e-05 step=stateful RMSProp step applied
    unit 48/65 rc=868544 chunks=8 trained_queries=388601 trained_events=691328 mean_loss=1.874986 lr=3.90269e-05 step=stateful RMSProp step applied
    unit 49/65 rc=931357 chunks=1 trained_queries=5910 trained_events=9744 mean_loss=1.601735 lr=3.88628e-05 step=stateful RMSProp step applied
    unit 50/65 rc=932241 chunks=2 trained_queries=63481 trained_events=107824 mean_loss=1.758370 lr=3.8699e-05 step=stateful RMSProp step applied
    unit 51/65 rc=942005 chunks=6 trained_queries=295710 trained_events=510176 mean_loss=1.895219 lr=3.85356e-05 step=stateful RMSProp step applied
    unit 52/65 rc=988604 chunks=4 trained_queries=190096 trained_events=338304 mean_loss=1.821600 lr=3.83725e-05 step=stateful RMSProp step applied
    unit 53/65 rc=1019500 chunks=9 trained_queries=413444 trained_events=737802 mean_loss=1.863928 lr=3.82098e-05 step=stateful RMSProp step applied
    unit 54/65 rc=1087047 chunks=12 trained_queries=553466 trained_events=1002752 mean_loss=1.883325 lr=3.80472e-05 step=stateful RMSProp step applied
    unit 55/65 rc=1178720 chunks=2 trained_queries=96605 trained_events=164880 mean_loss=1.867321 lr=3.78852e-05 step=stateful RMSProp step applied
    unit 56/65 rc=1193882 chunks=1 trained_queries=5343 trained_events=9456 mean_loss=1.553646 lr=3.77234e-05 step=stateful RMSProp step applied
    unit 57/65 rc=1194732 chunks=9 trained_queries=426507 trained_events=745745 mean_loss=1.887681 lr=3.7562e-05 step=stateful RMSProp step applied
    unit 58/65 rc=1262782 chunks=9 trained_queries=420566 trained_events=755486 mean_loss=1.878909 lr=3.7401e-05 step=stateful RMSProp step applied
    unit 59/65 rc=1332021 chunks=11 trained_queries=535061 trained_events=1019376 mean_loss=1.836714 lr=3.72402e-05 step=stateful RMSProp step applied
    unit 60/65 rc=1425400 chunks=5 trained_queries=235017 trained_events=405880 mean_loss=1.872614 lr=3.70799e-05 step=stateful RMSProp step applied
    unit 61/65 rc=1462524 chunks=2 trained_queries=68054 trained_events=119056 mean_loss=1.748014 lr=3.69199e-05 step=stateful RMSProp step applied
    unit 62/65 rc=1473469 chunks=3 trained_queries=147152 trained_events=266576 mean_loss=1.793242 lr=3.67602e-05 step=stateful RMSProp step applied
    unit 63/65 rc=1497733 chunks=1 trained_queries=5204 trained_events=8048 mean_loss=1.774578 lr=3.66008e-05 step=stateful RMSProp step applied
    unit 64/65 rc=1498502 chunks=4 trained_queries=165699 trained_events=311920 mean_loss=1.751839 lr=3.64418e-05 step=stateful RMSProp step applied
    unit 65/65 rc=1526829 chunks=1 trained_queries=3594 trained_events=5440 mean_loss=1.570457 lr=3.62831e-05 step=stateful RMSProp step applied
  train-epoch: epoch 93 summary trained_queries=8880122 trained_events=16953844 mean_loss=1.809243
  train-epoch: epoch 94/100
    unit 1/65 rc=1 chunks=5 trained_queries=235411 trained_events=602672 mean_loss=1.596842 lr=3.61249e-05 step=stateful RMSProp step applied
    unit 2/65 rc=47811 chunks=25 trained_queries=1209056 trained_events=2588009 mean_loss=1.870144 lr=3.59668e-05 step=stateful RMSProp step applied
    unit 3/65 rc=282625 chunks=1 trained_queries=17780 trained_events=32192 mean_loss=1.550300 lr=3.58092e-05 step=stateful RMSProp step applied
    unit 4/65 rc=285382 chunks=1 trained_queries=16 trained_events=16 mean_loss=0.216603 lr=3.56519e-05 step=stateful RMSProp step applied
    unit 5/65 rc=285383 chunks=1 trained_queries=41 trained_events=48 mean_loss=0.354877 lr=3.5495e-05 step=stateful RMSProp step applied
    unit 6/65 rc=285388 chunks=2 trained_queries=54875 trained_events=94080 mean_loss=1.807666 lr=3.53384e-05 step=stateful RMSProp step applied
    unit 7/65 rc=294043 chunks=3 trained_queries=146903 trained_events=301856 mean_loss=1.690679 lr=3.51821e-05 step=stateful RMSProp step applied
    unit 8/65 rc=321434 chunks=1 trained_queries=19351 trained_events=28624 mean_loss=1.851769 lr=3.50262e-05 step=stateful RMSProp step applied
    unit 9/65 rc=324057 chunks=1 trained_queries=35110 trained_events=118240 mean_loss=1.236154 lr=3.48706e-05 step=stateful RMSProp step applied
    unit 10/65 rc=331740 chunks=1 trained_queries=16 trained_events=432 mean_loss=0.004295 lr=3.47154e-05 step=stateful RMSProp step applied
    unit 11/65 rc=331741 chunks=2 trained_queries=74861 trained_events=154864 mean_loss=1.598183 lr=3.45604e-05 step=stateful RMSProp step applied
    unit 12/65 rc=345687 chunks=1 trained_queries=30300 trained_events=55216 mean_loss=1.631441 lr=3.44059e-05 step=stateful RMSProp step applied
    unit 13/65 rc=350763 chunks=1 trained_queries=15923 trained_events=37200 mean_loss=1.385676 lr=3.42516e-05 step=stateful RMSProp step applied
    unit 14/65 rc=353625 chunks=2 trained_queries=55670 trained_events=115472 mean_loss=1.607433 lr=3.40978e-05 step=stateful RMSProp step applied
    unit 15/65 rc=364135 chunks=1 trained_queries=19324 trained_events=41184 mean_loss=1.567093 lr=3.39442e-05 step=stateful RMSProp step applied
    unit 16/65 rc=367786 chunks=1 trained_queries=22956 trained_events=58432 mean_loss=1.404621 lr=3.3791e-05 step=stateful RMSProp step applied
    unit 17/65 rc=372767 chunks=1 trained_queries=12887 trained_events=31552 mean_loss=1.334463 lr=3.36382e-05 step=stateful RMSProp step applied
    unit 18/65 rc=375106 chunks=1 trained_queries=37224 trained_events=92032 mean_loss=1.357498 lr=3.34857e-05 step=stateful RMSProp step applied
    unit 19/65 rc=382687 chunks=1 trained_queries=11903 trained_events=27856 mean_loss=1.486371 lr=3.33336e-05 step=stateful RMSProp step applied
    unit 20/65 rc=384937 chunks=1 trained_queries=13922 trained_events=37200 mean_loss=1.321532 lr=3.31818e-05 step=stateful RMSProp step applied
    unit 21/65 rc=387825 chunks=1 trained_queries=20966 trained_events=46224 mean_loss=1.508870 lr=3.30303e-05 step=stateful RMSProp step applied
    unit 22/65 rc=391753 chunks=2 trained_queries=80510 trained_events=178352 mean_loss=1.557518 lr=3.28791e-05 step=stateful RMSProp step applied
    unit 23/65 rc=407234 chunks=1 trained_queries=2379 trained_events=5104 mean_loss=1.335717 lr=3.27284e-05 step=stateful RMSProp step applied
    unit 24/65 rc=407680 chunks=1 trained_queries=6700 trained_events=24672 mean_loss=1.055640 lr=3.25779e-05 step=stateful RMSProp step applied
    unit 25/65 rc=409029 chunks=1 trained_queries=26203 trained_events=59152 mean_loss=1.459179 lr=3.24277e-05 step=stateful RMSProp step applied
    unit 26/65 rc=414232 chunks=1 trained_queries=20070 trained_events=43728 mean_loss=1.533909 lr=3.2278e-05 step=stateful RMSProp step applied
    unit 27/65 rc=418109 chunks=1 trained_queries=30344 trained_events=74160 mean_loss=1.338122 lr=3.21286e-05 step=stateful RMSProp step applied
    unit 28/65 rc=424071 chunks=1 trained_queries=37398 trained_events=78688 mean_loss=1.527318 lr=3.19795e-05 step=stateful RMSProp step applied
    unit 29/65 rc=431070 chunks=1 trained_queries=9984 trained_events=22352 mean_loss=1.520250 lr=3.18308e-05 step=stateful RMSProp step applied
    unit 30/65 rc=433017 chunks=1 trained_queries=368 trained_events=3696 mean_loss=0.360198 lr=3.16824e-05 step=stateful RMSProp step applied
    unit 31/65 rc=433081 chunks=1 trained_queries=31432 trained_events=72896 mean_loss=1.435306 lr=3.15344e-05 step=stateful RMSProp step applied
    unit 32/65 rc=439253 chunks=1 trained_queries=32416 trained_events=67744 mean_loss=1.620210 lr=3.13867e-05 step=stateful RMSProp step applied
    unit 33/65 rc=445065 chunks=2 trained_queries=52575 trained_events=104160 mean_loss=1.644180 lr=3.12393e-05 step=stateful RMSProp step applied
    unit 34/65 rc=454440 chunks=1 trained_queries=18981 trained_events=51680 mean_loss=1.225981 lr=3.10923e-05 step=stateful RMSProp step applied
    unit 35/65 rc=458387 chunks=1 trained_queries=5199 trained_events=12224 mean_loss=1.283499 lr=3.09456e-05 step=stateful RMSProp step applied
    unit 36/65 rc=459434 chunks=1 trained_queries=25529 trained_events=53568 mean_loss=1.552155 lr=3.07993e-05 step=stateful RMSProp step applied
    unit 37/65 rc=464285 chunks=1 trained_queries=944 trained_events=1792 mean_loss=1.099732 lr=3.06533e-05 step=stateful RMSProp step applied
    unit 38/65 rc=464449 chunks=1 trained_queries=13111 trained_events=27072 mean_loss=1.419232 lr=3.05076e-05 step=stateful RMSProp step applied
    unit 39/65 rc=466777 chunks=1 trained_queries=1172 trained_events=2576 mean_loss=1.058189 lr=3.03623e-05 step=stateful RMSProp step applied
    unit 40/65 rc=467002 chunks=10 trained_queries=476268 trained_events=843008 mean_loss=1.886007 lr=3.02174e-05 step=stateful RMSProp step applied
    unit 41/65 rc=544108 chunks=2 trained_queries=98499 trained_events=172032 mean_loss=1.842235 lr=3.00728e-05 step=stateful RMSProp step applied
    unit 42/65 rc=559920 chunks=3 trained_queries=136044 trained_events=238517 mean_loss=1.845666 lr=2.99285e-05 step=stateful RMSProp step applied
    unit 43/65 rc=581652 chunks=6 trained_queries=267495 trained_events=477697 mean_loss=1.846005 lr=2.97846e-05 step=stateful RMSProp step applied
    unit 44/65 rc=625299 chunks=16 trained_queries=787430 trained_events=1441440 mean_loss=1.887306 lr=2.9641e-05 step=stateful RMSProp step applied
    unit 45/65 rc=756698 chunks=3 trained_queries=135019 trained_events=240624 mean_loss=1.825187 lr=2.94978e-05 step=stateful RMSProp step applied
    unit 46/65 rc=778776 chunks=3 trained_queries=120415 trained_events=203264 mean_loss=1.827022 lr=2.93549e-05 step=stateful RMSProp step applied
    unit 47/65 rc=797238 chunks=9 trained_queries=409632 trained_events=780452 mean_loss=1.850354 lr=2.92123e-05 step=stateful RMSProp step applied
    unit 48/65 rc=868544 chunks=8 trained_queries=388601 trained_events=691328 mean_loss=1.876213 lr=2.90701e-05 step=stateful RMSProp step applied
    unit 49/65 rc=931357 chunks=1 trained_queries=5910 trained_events=9744 mean_loss=1.606883 lr=2.89283e-05 step=stateful RMSProp step applied
    unit 50/65 rc=932241 chunks=2 trained_queries=63481 trained_events=107824 mean_loss=1.761838 lr=2.87867e-05 step=stateful RMSProp step applied
    unit 51/65 rc=942005 chunks=6 trained_queries=295710 trained_events=510176 mean_loss=1.895591 lr=2.86455e-05 step=stateful RMSProp step applied
    unit 52/65 rc=988604 chunks=4 trained_queries=190096 trained_events=338304 mean_loss=1.822870 lr=2.85047e-05 step=stateful RMSProp step applied
    unit 53/65 rc=1019500 chunks=9 trained_queries=413444 trained_events=737802 mean_loss=1.864037 lr=2.83642e-05 step=stateful RMSProp step applied
    unit 54/65 rc=1087047 chunks=12 trained_queries=553466 trained_events=1002752 mean_loss=1.881863 lr=2.82241e-05 step=stateful RMSProp step applied
    unit 55/65 rc=1178720 chunks=2 trained_queries=96605 trained_events=164880 mean_loss=1.870313 lr=2.80842e-05 step=stateful RMSProp step applied
    unit 56/65 rc=1193882 chunks=1 trained_queries=5343 trained_events=9456 mean_loss=1.554510 lr=2.79448e-05 step=stateful RMSProp step applied
    unit 57/65 rc=1194732 chunks=9 trained_queries=426507 trained_events=745745 mean_loss=1.886417 lr=2.78057e-05 step=stateful RMSProp step applied
    unit 58/65 rc=1262782 chunks=9 trained_queries=420566 trained_events=755486 mean_loss=1.878652 lr=2.76669e-05 step=stateful RMSProp step applied
    unit 59/65 rc=1332021 chunks=11 trained_queries=535061 trained_events=1019376 mean_loss=1.834698 lr=2.75285e-05 step=stateful RMSProp step applied
    unit 60/65 rc=1425400 chunks=5 trained_queries=235017 trained_events=405880 mean_loss=1.872456 lr=2.73904e-05 step=stateful RMSProp step applied
    unit 61/65 rc=1462524 chunks=2 trained_queries=68054 trained_events=119056 mean_loss=1.746693 lr=2.72527e-05 step=stateful RMSProp step applied
    unit 62/65 rc=1473469 chunks=3 trained_queries=147152 trained_events=266576 mean_loss=1.796673 lr=2.71153e-05 step=stateful RMSProp step applied
    unit 63/65 rc=1497733 chunks=1 trained_queries=5204 trained_events=8048 mean_loss=1.772320 lr=2.69782e-05 step=stateful RMSProp step applied
    unit 64/65 rc=1498502 chunks=4 trained_queries=165699 trained_events=311920 mean_loss=1.750633 lr=2.68415e-05 step=stateful RMSProp step applied
    unit 65/65 rc=1526829 chunks=1 trained_queries=3594 trained_events=5440 mean_loss=1.571227 lr=2.67051e-05 step=stateful RMSProp step applied
  train-epoch: epoch 94 summary trained_queries=8880122 trained_events=16953844 mean_loss=1.809515
  train-epoch: epoch 95/100
    unit 1/65 rc=1 chunks=5 trained_queries=235411 trained_events=602672 mean_loss=1.596095 lr=2.65692e-05 step=stateful RMSProp step applied
    unit 2/65 rc=47811 chunks=25 trained_queries=1209056 trained_events=2588009 mean_loss=1.865978 lr=2.64334e-05 step=stateful RMSProp step applied
    unit 3/65 rc=282625 chunks=1 trained_queries=17780 trained_events=32192 mean_loss=1.549895 lr=2.62982e-05 step=stateful RMSProp step applied
    unit 4/65 rc=285382 chunks=1 trained_queries=16 trained_events=16 mean_loss=0.214918 lr=2.61631e-05 step=stateful RMSProp step applied
    unit 5/65 rc=285383 chunks=1 trained_queries=41 trained_events=48 mean_loss=0.352976 lr=2.60284e-05 step=stateful RMSProp step applied
    unit 6/65 rc=285388 chunks=2 trained_queries=54875 trained_events=94080 mean_loss=1.806617 lr=2.58941e-05 step=stateful RMSProp step applied
    unit 7/65 rc=294043 chunks=3 trained_queries=146903 trained_events=301856 mean_loss=1.690344 lr=2.57602e-05 step=stateful RMSProp step applied
    unit 8/65 rc=321434 chunks=1 trained_queries=19351 trained_events=28624 mean_loss=1.849950 lr=2.56265e-05 step=stateful RMSProp step applied
    unit 9/65 rc=324057 chunks=1 trained_queries=35110 trained_events=118240 mean_loss=1.242431 lr=2.54933e-05 step=stateful RMSProp step applied
    unit 10/65 rc=331740 chunks=1 trained_queries=16 trained_events=432 mean_loss=0.004323 lr=2.53604e-05 step=stateful RMSProp step applied
    unit 11/65 rc=331741 chunks=2 trained_queries=74861 trained_events=154864 mean_loss=1.597855 lr=2.52279e-05 step=stateful RMSProp step applied
    unit 12/65 rc=345687 chunks=1 trained_queries=30300 trained_events=55216 mean_loss=1.631501 lr=2.50956e-05 step=stateful RMSProp step applied
    unit 13/65 rc=350763 chunks=1 trained_queries=15923 trained_events=37200 mean_loss=1.391991 lr=2.49638e-05 step=stateful RMSProp step applied
    unit 14/65 rc=353625 chunks=2 trained_queries=55670 trained_events=115472 mean_loss=1.603014 lr=2.48322e-05 step=stateful RMSProp step applied
    unit 15/65 rc=364135 chunks=1 trained_queries=19324 trained_events=41184 mean_loss=1.567563 lr=2.4701e-05 step=stateful RMSProp step applied
    unit 16/65 rc=367786 chunks=1 trained_queries=22956 trained_events=58432 mean_loss=1.426396 lr=2.45701e-05 step=stateful RMSProp step applied
    unit 17/65 rc=372767 chunks=1 trained_queries=12887 trained_events=31552 mean_loss=1.325273 lr=2.44396e-05 step=stateful RMSProp step applied
    unit 18/65 rc=375106 chunks=1 trained_queries=37224 trained_events=92032 mean_loss=1.376671 lr=2.43094e-05 step=stateful RMSProp step applied
    unit 19/65 rc=382687 chunks=1 trained_queries=11903 trained_events=27856 mean_loss=1.484963 lr=2.41796e-05 step=stateful RMSProp step applied
    unit 20/65 rc=384937 chunks=1 trained_queries=13922 trained_events=37200 mean_loss=1.318990 lr=2.40501e-05 step=stateful RMSProp step applied
    unit 21/65 rc=387825 chunks=1 trained_queries=20966 trained_events=46224 mean_loss=1.507838 lr=2.3921e-05 step=stateful RMSProp step applied
    unit 22/65 rc=391753 chunks=2 trained_queries=80510 trained_events=178352 mean_loss=1.558586 lr=2.37923e-05 step=stateful RMSProp step applied
    unit 23/65 rc=407234 chunks=1 trained_queries=2379 trained_events=5104 mean_loss=1.335399 lr=2.36639e-05 step=stateful RMSProp step applied
    unit 24/65 rc=407680 chunks=1 trained_queries=6700 trained_events=24672 mean_loss=0.965864 lr=2.35357e-05 step=stateful RMSProp step applied
    unit 25/65 rc=409029 chunks=1 trained_queries=26203 trained_events=59152 mean_loss=1.463914 lr=2.34079e-05 step=stateful RMSProp step applied
    unit 26/65 rc=414232 chunks=1 trained_queries=20070 trained_events=43728 mean_loss=1.529263 lr=2.32806e-05 step=stateful RMSProp step applied
    unit 27/65 rc=418109 chunks=1 trained_queries=30344 trained_events=74160 mean_loss=1.338254 lr=2.31535e-05 step=stateful RMSProp step applied
    unit 28/65 rc=424071 chunks=1 trained_queries=37398 trained_events=78688 mean_loss=1.525526 lr=2.30268e-05 step=stateful RMSProp step applied
    unit 29/65 rc=431070 chunks=1 trained_queries=9984 trained_events=22352 mean_loss=1.530172 lr=2.29003e-05 step=stateful RMSProp step applied
    unit 30/65 rc=433017 chunks=1 trained_queries=368 trained_events=3696 mean_loss=0.360120 lr=2.27744e-05 step=stateful RMSProp step applied
    unit 31/65 rc=433081 chunks=1 trained_queries=31432 trained_events=72896 mean_loss=1.434056 lr=2.26487e-05 step=stateful RMSProp step applied
    unit 32/65 rc=439253 chunks=1 trained_queries=32416 trained_events=67744 mean_loss=1.613021 lr=2.25234e-05 step=stateful RMSProp step applied
    unit 33/65 rc=445065 chunks=2 trained_queries=52575 trained_events=104160 mean_loss=1.648510 lr=2.23983e-05 step=stateful RMSProp step applied
    unit 34/65 rc=454440 chunks=1 trained_queries=18981 trained_events=51680 mean_loss=1.226442 lr=2.22737e-05 step=stateful RMSProp step applied
    unit 35/65 rc=458387 chunks=1 trained_queries=5199 trained_events=12224 mean_loss=1.288431 lr=2.21494e-05 step=stateful RMSProp step applied
    unit 36/65 rc=459434 chunks=1 trained_queries=25529 trained_events=53568 mean_loss=1.551380 lr=2.20255e-05 step=stateful RMSProp step applied
    unit 37/65 rc=464285 chunks=1 trained_queries=944 trained_events=1792 mean_loss=1.096040 lr=2.19018e-05 step=stateful RMSProp step applied
    unit 38/65 rc=464449 chunks=1 trained_queries=13111 trained_events=27072 mean_loss=1.416935 lr=2.17786e-05 step=stateful RMSProp step applied
    unit 39/65 rc=466777 chunks=1 trained_queries=1172 trained_events=2576 mean_loss=1.056756 lr=2.16556e-05 step=stateful RMSProp step applied
    unit 40/65 rc=467002 chunks=10 trained_queries=476268 trained_events=843008 mean_loss=1.886765 lr=2.15331e-05 step=stateful RMSProp step applied
    unit 41/65 rc=544108 chunks=2 trained_queries=98499 trained_events=172032 mean_loss=1.840889 lr=2.14109e-05 step=stateful RMSProp step applied
    unit 42/65 rc=559920 chunks=3 trained_queries=136044 trained_events=238517 mean_loss=1.844945 lr=2.1289e-05 step=stateful RMSProp step applied
    unit 43/65 rc=581652 chunks=6 trained_queries=267495 trained_events=477697 mean_loss=1.845545 lr=2.11675e-05 step=stateful RMSProp step applied
    unit 44/65 rc=625299 chunks=16 trained_queries=787430 trained_events=1441440 mean_loss=1.886758 lr=2.10462e-05 step=stateful RMSProp step applied
    unit 45/65 rc=756698 chunks=3 trained_queries=135019 trained_events=240624 mean_loss=1.824856 lr=2.09254e-05 step=stateful RMSProp step applied
    unit 46/65 rc=778776 chunks=3 trained_queries=120415 trained_events=203264 mean_loss=1.827667 lr=2.08049e-05 step=stateful RMSProp step applied
    unit 47/65 rc=797238 chunks=9 trained_queries=409632 trained_events=780452 mean_loss=1.850155 lr=2.06847e-05 step=stateful RMSProp step applied
    unit 48/65 rc=868544 chunks=8 trained_queries=388601 trained_events=691328 mean_loss=1.873950 lr=2.05649e-05 step=stateful RMSProp step applied
    unit 49/65 rc=931357 chunks=1 trained_queries=5910 trained_events=9744 mean_loss=1.601363 lr=2.04455e-05 step=stateful RMSProp step applied
    unit 50/65 rc=932241 chunks=2 trained_queries=63481 trained_events=107824 mean_loss=1.767855 lr=2.03263e-05 step=stateful RMSProp step applied
    unit 51/65 rc=942005 chunks=6 trained_queries=295710 trained_events=510176 mean_loss=1.894887 lr=2.02075e-05 step=stateful RMSProp step applied
    unit 52/65 rc=988604 chunks=4 trained_queries=190096 trained_events=338304 mean_loss=1.833167 lr=2.00891e-05 step=stateful RMSProp step applied
    unit 53/65 rc=1019500 chunks=9 trained_queries=413444 trained_events=737802 mean_loss=1.863562 lr=1.9971e-05 step=stateful RMSProp step applied
    unit 54/65 rc=1087047 chunks=12 trained_queries=553466 trained_events=1002752 mean_loss=1.882380 lr=1.98534e-05 step=stateful RMSProp step applied
    unit 55/65 rc=1178720 chunks=2 trained_queries=96605 trained_events=164880 mean_loss=1.871158 lr=1.9736e-05 step=stateful RMSProp step applied
    unit 56/65 rc=1193882 chunks=1 trained_queries=5343 trained_events=9456 mean_loss=1.547665 lr=1.96189e-05 step=stateful RMSProp step applied
    unit 57/65 rc=1194732 chunks=9 trained_queries=426507 trained_events=745745 mean_loss=1.887203 lr=1.95023e-05 step=stateful RMSProp step applied
    unit 58/65 rc=1262782 chunks=9 trained_queries=420566 trained_events=755486 mean_loss=1.878736 lr=1.93858e-05 step=stateful RMSProp step applied
    unit 59/65 rc=1332021 chunks=11 trained_queries=535061 trained_events=1019376 mean_loss=1.834873 lr=1.92698e-05 step=stateful RMSProp step applied
    unit 60/65 rc=1425400 chunks=5 trained_queries=235017 trained_events=405880 mean_loss=1.872772 lr=1.91542e-05 step=stateful RMSProp step applied
    unit 61/65 rc=1462524 chunks=2 trained_queries=68054 trained_events=119056 mean_loss=1.748120 lr=1.90389e-05 step=stateful RMSProp step applied
    unit 62/65 rc=1473469 chunks=3 trained_queries=147152 trained_events=266576 mean_loss=1.793881 lr=1.89239e-05 step=stateful RMSProp step applied
    unit 63/65 rc=1497733 chunks=1 trained_queries=5204 trained_events=8048 mean_loss=1.772110 lr=1.88093e-05 step=stateful RMSProp step applied
    unit 64/65 rc=1498502 chunks=4 trained_queries=165699 trained_events=311920 mean_loss=1.750791 lr=1.8695e-05 step=stateful RMSProp step applied
    unit 65/65 rc=1526829 chunks=1 trained_queries=3594 trained_events=5440 mean_loss=1.569715 lr=1.85811e-05 step=stateful RMSProp step applied
  train-epoch: epoch 95 summary trained_queries=8880122 trained_events=16953844 mean_loss=1.809009
  train-epoch: epoch 96/100
    unit 1/65 rc=1 chunks=5 trained_queries=235411 trained_events=602672 mean_loss=1.592386 lr=1.84675e-05 step=stateful RMSProp step applied
    unit 2/65 rc=47811 chunks=25 trained_queries=1209056 trained_events=2588009 mean_loss=1.865999 lr=1.83543e-05 step=stateful RMSProp step applied
    unit 3/65 rc=282625 chunks=1 trained_queries=17780 trained_events=32192 mean_loss=1.559976 lr=1.82413e-05 step=stateful RMSProp step applied
    unit 4/65 rc=285382 chunks=1 trained_queries=16 trained_events=16 mean_loss=0.213838 lr=1.81288e-05 step=stateful RMSProp step applied
    unit 5/65 rc=285383 chunks=1 trained_queries=41 trained_events=48 mean_loss=0.351612 lr=1.80166e-05 step=stateful RMSProp step applied
    unit 6/65 rc=285388 chunks=2 trained_queries=54875 trained_events=94080 mean_loss=1.807428 lr=1.79047e-05 step=stateful RMSProp step applied
    unit 7/65 rc=294043 chunks=3 trained_queries=146903 trained_events=301856 mean_loss=1.690027 lr=1.77932e-05 step=stateful RMSProp step applied
    unit 8/65 rc=321434 chunks=1 trained_queries=19351 trained_events=28624 mean_loss=1.849380 lr=1.7682e-05 step=stateful RMSProp step applied
    unit 9/65 rc=324057 chunks=1 trained_queries=35110 trained_events=118240 mean_loss=1.233404 lr=1.75712e-05 step=stateful RMSProp step applied
    unit 10/65 rc=331740 chunks=1 trained_queries=16 trained_events=432 mean_loss=0.004315 lr=1.74608e-05 step=stateful RMSProp step applied
    unit 11/65 rc=331741 chunks=2 trained_queries=74861 trained_events=154864 mean_loss=1.600800 lr=1.73507e-05 step=stateful RMSProp step applied
    unit 12/65 rc=345687 chunks=1 trained_queries=30300 trained_events=55216 mean_loss=1.630890 lr=1.72409e-05 step=stateful RMSProp step applied
    unit 13/65 rc=350763 chunks=1 trained_queries=15923 trained_events=37200 mean_loss=1.387294 lr=1.71314e-05 step=stateful RMSProp step applied
    unit 14/65 rc=353625 chunks=2 trained_queries=55670 trained_events=115472 mean_loss=1.603378 lr=1.70224e-05 step=stateful RMSProp step applied
    unit 15/65 rc=364135 chunks=1 trained_queries=19324 trained_events=41184 mean_loss=1.571344 lr=1.69137e-05 step=stateful RMSProp step applied
    unit 16/65 rc=367786 chunks=1 trained_queries=22956 trained_events=58432 mean_loss=1.402734 lr=1.68053e-05 step=stateful RMSProp step applied
    unit 17/65 rc=372767 chunks=1 trained_queries=12887 trained_events=31552 mean_loss=1.320435 lr=1.66972e-05 step=stateful RMSProp step applied
    unit 18/65 rc=375106 chunks=1 trained_queries=37224 trained_events=92032 mean_loss=1.360374 lr=1.65895e-05 step=stateful RMSProp step applied
    unit 19/65 rc=382687 chunks=1 trained_queries=11903 trained_events=27856 mean_loss=1.487377 lr=1.64822e-05 step=stateful RMSProp step applied
    unit 20/65 rc=384937 chunks=1 trained_queries=13922 trained_events=37200 mean_loss=1.316871 lr=1.63752e-05 step=stateful RMSProp step applied
    unit 21/65 rc=387825 chunks=1 trained_queries=20966 trained_events=46224 mean_loss=1.542847 lr=1.62685e-05 step=stateful RMSProp step applied
    unit 22/65 rc=391753 chunks=2 trained_queries=80510 trained_events=178352 mean_loss=1.564949 lr=1.61621e-05 step=stateful RMSProp step applied
    unit 23/65 rc=407234 chunks=1 trained_queries=2379 trained_events=5104 mean_loss=1.336782 lr=1.60562e-05 step=stateful RMSProp step applied
    unit 24/65 rc=407680 chunks=1 trained_queries=6700 trained_events=24672 mean_loss=0.965105 lr=1.59506e-05 step=stateful RMSProp step applied
    unit 25/65 rc=409029 chunks=1 trained_queries=26203 trained_events=59152 mean_loss=1.461423 lr=1.58453e-05 step=stateful RMSProp step applied
    unit 26/65 rc=414232 chunks=1 trained_queries=20070 trained_events=43728 mean_loss=1.531049 lr=1.57404e-05 step=stateful RMSProp step applied
    unit 27/65 rc=418109 chunks=1 trained_queries=30344 trained_events=74160 mean_loss=1.339603 lr=1.56358e-05 step=stateful RMSProp step applied
    unit 28/65 rc=424071 chunks=1 trained_queries=37398 trained_events=78688 mean_loss=1.528419 lr=1.55316e-05 step=stateful RMSProp step applied
    unit 29/65 rc=431070 chunks=1 trained_queries=9984 trained_events=22352 mean_loss=1.519027 lr=1.54277e-05 step=stateful RMSProp step applied
    unit 30/65 rc=433017 chunks=1 trained_queries=368 trained_events=3696 mean_loss=0.360119 lr=1.53242e-05 step=stateful RMSProp step applied
    unit 31/65 rc=433081 chunks=1 trained_queries=31432 trained_events=72896 mean_loss=1.447386 lr=1.52209e-05 step=stateful RMSProp step applied
    unit 32/65 rc=439253 chunks=1 trained_queries=32416 trained_events=67744 mean_loss=1.613693 lr=1.51181e-05 step=stateful RMSProp step applied
    unit 33/65 rc=445065 chunks=2 trained_queries=52575 trained_events=104160 mean_loss=1.646075 lr=1.50156e-05 step=stateful RMSProp step applied
    unit 34/65 rc=454440 chunks=1 trained_queries=18981 trained_events=51680 mean_loss=1.227294 lr=1.49134e-05 step=stateful RMSProp step applied
    unit 35/65 rc=458387 chunks=1 trained_queries=5199 trained_events=12224 mean_loss=1.287258 lr=1.48117e-05 step=stateful RMSProp step applied
    unit 36/65 rc=459434 chunks=1 trained_queries=25529 trained_events=53568 mean_loss=1.548584 lr=1.47102e-05 step=stateful RMSProp step applied
    unit 37/65 rc=464285 chunks=1 trained_queries=944 trained_events=1792 mean_loss=1.095165 lr=1.46091e-05 step=stateful RMSProp step applied
    unit 38/65 rc=464449 chunks=1 trained_queries=13111 trained_events=27072 mean_loss=1.411648 lr=1.45083e-05 step=stateful RMSProp step applied
    unit 39/65 rc=466777 chunks=1 trained_queries=1172 trained_events=2576 mean_loss=1.060218 lr=1.44079e-05 step=stateful RMSProp step applied
    unit 40/65 rc=467002 chunks=10 trained_queries=476268 trained_events=843008 mean_loss=1.886035 lr=1.43079e-05 step=stateful RMSProp step applied
    unit 41/65 rc=544108 chunks=2 trained_queries=98499 trained_events=172032 mean_loss=1.839580 lr=1.42081e-05 step=stateful RMSProp step applied
    unit 42/65 rc=559920 chunks=3 trained_queries=136044 trained_events=238517 mean_loss=1.846655 lr=1.41087e-05 step=stateful RMSProp step applied
    unit 43/65 rc=581652 chunks=6 trained_queries=267495 trained_events=477697 mean_loss=1.845931 lr=1.40097e-05 step=stateful RMSProp step applied
    unit 44/65 rc=625299 chunks=16 trained_queries=787430 trained_events=1441440 mean_loss=1.886100 lr=1.3911e-05 step=stateful RMSProp step applied
    unit 45/65 rc=756698 chunks=3 trained_queries=135019 trained_events=240624 mean_loss=1.823718 lr=1.38127e-05 step=stateful RMSProp step applied
    unit 46/65 rc=778776 chunks=3 trained_queries=120415 trained_events=203264 mean_loss=1.826426 lr=1.37148e-05 step=stateful RMSProp step applied
    unit 47/65 rc=797238 chunks=9 trained_queries=409632 trained_events=780452 mean_loss=1.850155 lr=1.36171e-05 step=stateful RMSProp step applied
    unit 48/65 rc=868544 chunks=8 trained_queries=388601 trained_events=691328 mean_loss=1.873934 lr=1.35199e-05 step=stateful RMSProp step applied
    unit 49/65 rc=931357 chunks=1 trained_queries=5910 trained_events=9744 mean_loss=1.604356 lr=1.34228e-05 step=stateful RMSProp step applied
    unit 50/65 rc=932241 chunks=2 trained_queries=63481 trained_events=107824 mean_loss=1.758223 lr=1.33263e-05 step=stateful RMSProp step applied
    unit 51/65 rc=942005 chunks=6 trained_queries=295710 trained_events=510176 mean_loss=1.895378 lr=1.323e-05 step=stateful RMSProp step applied
    unit 52/65 rc=988604 chunks=4 trained_queries=190096 trained_events=338304 mean_loss=1.832811 lr=1.31341e-05 step=stateful RMSProp step applied
    unit 53/65 rc=1019500 chunks=9 trained_queries=413444 trained_events=737802 mean_loss=1.863700 lr=1.30385e-05 step=stateful RMSProp step applied
    unit 54/65 rc=1087047 chunks=12 trained_queries=553466 trained_events=1002752 mean_loss=1.881903 lr=1.29434e-05 step=stateful RMSProp step applied
    unit 55/65 rc=1178720 chunks=2 trained_queries=96605 trained_events=164880 mean_loss=1.868467 lr=1.28485e-05 step=stateful RMSProp step applied
    unit 56/65 rc=1193882 chunks=1 trained_queries=5343 trained_events=9456 mean_loss=1.552560 lr=1.2754e-05 step=stateful RMSProp step applied
    unit 57/65 rc=1194732 chunks=9 trained_queries=426507 trained_events=745745 mean_loss=1.889758 lr=1.26598e-05 step=stateful RMSProp step applied
    unit 58/65 rc=1262782 chunks=9 trained_queries=420566 trained_events=755486 mean_loss=1.879255 lr=1.2566e-05 step=stateful RMSProp step applied
    unit 59/65 rc=1332021 chunks=11 trained_queries=535061 trained_events=1019376 mean_loss=1.834878 lr=1.24725e-05 step=stateful RMSProp step applied
    unit 60/65 rc=1425400 chunks=5 trained_queries=235017 trained_events=405880 mean_loss=1.872550 lr=1.23794e-05 step=stateful RMSProp step applied
    unit 61/65 rc=1462524 chunks=2 trained_queries=68054 trained_events=119056 mean_loss=1.747489 lr=1.22866e-05 step=stateful RMSProp step applied
    unit 62/65 rc=1473469 chunks=3 trained_queries=147152 trained_events=266576 mean_loss=1.821224 lr=1.21942e-05 step=stateful RMSProp step applied
    unit 63/65 rc=1497733 chunks=1 trained_queries=5204 trained_events=8048 mean_loss=1.770010 lr=1.2102e-05 step=stateful RMSProp step applied
    unit 64/65 rc=1498502 chunks=4 trained_queries=165699 trained_events=311920 mean_loss=1.750428 lr=1.20103e-05 step=stateful RMSProp step applied
    unit 65/65 rc=1526829 chunks=1 trained_queries=3594 trained_events=5440 mean_loss=1.572070 lr=1.19189e-05 step=stateful RMSProp step applied
  train-epoch: epoch 96 summary trained_queries=8880122 trained_events=16953844 mean_loss=1.809223
  train-epoch: epoch 97/100
    unit 1/65 rc=1 chunks=5 trained_queries=235411 trained_events=602672 mean_loss=1.591759 lr=1.18279e-05 step=stateful RMSProp step applied
    unit 2/65 rc=47811 chunks=25 trained_queries=1209056 trained_events=2588009 mean_loss=1.867741 lr=1.17373e-05 step=stateful RMSProp step applied
    unit 3/65 rc=282625 chunks=1 trained_queries=17780 trained_events=32192 mean_loss=1.551013 lr=1.16469e-05 step=stateful RMSProp step applied
    unit 4/65 rc=285382 chunks=1 trained_queries=16 trained_events=16 mean_loss=0.212888 lr=1.15569e-05 step=stateful RMSProp step applied
    unit 5/65 rc=285383 chunks=1 trained_queries=41 trained_events=48 mean_loss=0.350524 lr=1.14672e-05 step=stateful RMSProp step applied
    unit 6/65 rc=285388 chunks=2 trained_queries=54875 trained_events=94080 mean_loss=1.806567 lr=1.13779e-05 step=stateful RMSProp step applied
    unit 7/65 rc=294043 chunks=3 trained_queries=146903 trained_events=301856 mean_loss=1.690089 lr=1.12891e-05 step=stateful RMSProp step applied
    unit 8/65 rc=321434 chunks=1 trained_queries=19351 trained_events=28624 mean_loss=1.849239 lr=1.12005e-05 step=stateful RMSProp step applied
    unit 9/65 rc=324057 chunks=1 trained_queries=35110 trained_events=118240 mean_loss=1.235335 lr=1.11121e-05 step=stateful RMSProp step applied
    unit 10/65 rc=331740 chunks=1 trained_queries=16 trained_events=432 mean_loss=0.004299 lr=1.10242e-05 step=stateful RMSProp step applied
    unit 11/65 rc=331741 chunks=2 trained_queries=74861 trained_events=154864 mean_loss=1.601201 lr=1.09367e-05 step=stateful RMSProp step applied
    unit 12/65 rc=345687 chunks=1 trained_queries=30300 trained_events=55216 mean_loss=1.630296 lr=1.08494e-05 step=stateful RMSProp step applied
    unit 13/65 rc=350763 chunks=1 trained_queries=15923 trained_events=37200 mean_loss=1.383817 lr=1.07625e-05 step=stateful RMSProp step applied
    unit 14/65 rc=353625 chunks=2 trained_queries=55670 trained_events=115472 mean_loss=1.601280 lr=1.06761e-05 step=stateful RMSProp step applied
    unit 15/65 rc=364135 chunks=1 trained_queries=19324 trained_events=41184 mean_loss=1.568566 lr=1.05899e-05 step=stateful RMSProp step applied
    unit 16/65 rc=367786 chunks=1 trained_queries=22956 trained_events=58432 mean_loss=1.421690 lr=1.05041e-05 step=stateful RMSProp step applied
    unit 17/65 rc=372767 chunks=1 trained_queries=12887 trained_events=31552 mean_loss=1.346126 lr=1.04186e-05 step=stateful RMSProp step applied
    unit 18/65 rc=375106 chunks=1 trained_queries=37224 trained_events=92032 mean_loss=1.354496 lr=1.03335e-05 step=stateful RMSProp step applied
    unit 19/65 rc=382687 chunks=1 trained_queries=11903 trained_events=27856 mean_loss=1.480893 lr=1.02487e-05 step=stateful RMSProp step applied
    unit 20/65 rc=384937 chunks=1 trained_queries=13922 trained_events=37200 mean_loss=1.317030 lr=1.01643e-05 step=stateful RMSProp step applied
    unit 21/65 rc=387825 chunks=1 trained_queries=20966 trained_events=46224 mean_loss=1.510455 lr=1.00802e-05 step=stateful RMSProp step applied
    unit 22/65 rc=391753 chunks=2 trained_queries=80510 trained_events=178352 mean_loss=1.559883 lr=9.99641e-06 step=stateful RMSProp step applied
    unit 23/65 rc=407234 chunks=1 trained_queries=2379 trained_events=5104 mean_loss=1.335423 lr=9.91309e-06 step=stateful RMSProp step applied
    unit 24/65 rc=407680 chunks=1 trained_queries=6700 trained_events=24672 mean_loss=0.967310 lr=9.83003e-06 step=stateful RMSProp step applied
    unit 25/65 rc=409029 chunks=1 trained_queries=26203 trained_events=59152 mean_loss=1.459889 lr=9.74733e-06 step=stateful RMSProp step applied
    unit 26/65 rc=414232 chunks=1 trained_queries=20070 trained_events=43728 mean_loss=1.526250 lr=9.66498e-06 step=stateful RMSProp step applied
    unit 27/65 rc=418109 chunks=1 trained_queries=30344 trained_events=74160 mean_loss=1.346439 lr=9.583e-06 step=stateful RMSProp step applied
    unit 28/65 rc=424071 chunks=1 trained_queries=37398 trained_events=78688 mean_loss=1.526655 lr=9.50137e-06 step=stateful RMSProp step applied
    unit 29/65 rc=431070 chunks=1 trained_queries=9984 trained_events=22352 mean_loss=1.522460 lr=9.4201e-06 step=stateful RMSProp step applied
    unit 30/65 rc=433017 chunks=1 trained_queries=368 trained_events=3696 mean_loss=0.360115 lr=9.33909e-06 step=stateful RMSProp step applied
    unit 31/65 rc=433081 chunks=1 trained_queries=31432 trained_events=72896 mean_loss=1.439817 lr=9.25854e-06 step=stateful RMSProp step applied
    unit 32/65 rc=439253 chunks=1 trained_queries=32416 trained_events=67744 mean_loss=1.622876 lr=9.17825e-06 step=stateful RMSProp step applied
    unit 33/65 rc=445065 chunks=2 trained_queries=52575 trained_events=104160 mean_loss=1.645393 lr=9.09832e-06 step=stateful RMSProp step applied
    unit 34/65 rc=454440 chunks=1 trained_queries=18981 trained_events=51680 mean_loss=1.232107 lr=9.01884e-06 step=stateful RMSProp step applied
    unit 35/65 rc=458387 chunks=1 trained_queries=5199 trained_events=12224 mean_loss=1.285378 lr=8.93962e-06 step=stateful RMSProp step applied
    unit 36/65 rc=459434 chunks=1 trained_queries=25529 trained_events=53568 mean_loss=1.550664 lr=8.86077e-06 step=stateful RMSProp step applied
    unit 37/65 rc=464285 chunks=1 trained_queries=944 trained_events=1792 mean_loss=1.096663 lr=8.78227e-06 step=stateful RMSProp step applied
    unit 38/65 rc=464449 chunks=1 trained_queries=13111 trained_events=27072 mean_loss=1.427687 lr=8.70413e-06 step=stateful RMSProp step applied
    unit 39/65 rc=466777 chunks=1 trained_queries=1172 trained_events=2576 mean_loss=1.058349 lr=8.62625e-06 step=stateful RMSProp step applied
    unit 40/65 rc=467002 chunks=10 trained_queries=476268 trained_events=843008 mean_loss=1.885381 lr=8.54883e-06 step=stateful RMSProp step applied
    unit 41/65 rc=544108 chunks=2 trained_queries=98499 trained_events=172032 mean_loss=1.840798 lr=8.47167e-06 step=stateful RMSProp step applied
    unit 42/65 rc=559920 chunks=3 trained_queries=136044 trained_events=238517 mean_loss=1.844070 lr=8.39496e-06 step=stateful RMSProp step applied
    unit 43/65 rc=581652 chunks=6 trained_queries=267495 trained_events=477697 mean_loss=1.845604 lr=8.31851e-06 step=stateful RMSProp step applied
    unit 44/65 rc=625299 chunks=16 trained_queries=787430 trained_events=1441440 mean_loss=1.885782 lr=8.24243e-06 step=stateful RMSProp step applied
    unit 45/65 rc=756698 chunks=3 trained_queries=135019 trained_events=240624 mean_loss=1.823951 lr=8.1667e-06 step=stateful RMSProp step applied
    unit 46/65 rc=778776 chunks=3 trained_queries=120415 trained_events=203264 mean_loss=1.826573 lr=8.09133e-06 step=stateful RMSProp step applied
    unit 47/65 rc=797238 chunks=9 trained_queries=409632 trained_events=780452 mean_loss=1.849804 lr=8.01632e-06 step=stateful RMSProp step applied
    unit 48/65 rc=868544 chunks=8 trained_queries=388601 trained_events=691328 mean_loss=1.873575 lr=7.94157e-06 step=stateful RMSProp step applied
    unit 49/65 rc=931357 chunks=1 trained_queries=5910 trained_events=9744 mean_loss=1.597420 lr=7.86728e-06 step=stateful RMSProp step applied
    unit 50/65 rc=932241 chunks=2 trained_queries=63481 trained_events=107824 mean_loss=1.761883 lr=7.79334e-06 step=stateful RMSProp step applied
    unit 51/65 rc=942005 chunks=6 trained_queries=295710 trained_events=510176 mean_loss=1.894595 lr=7.71967e-06 step=stateful RMSProp step applied
    unit 52/65 rc=988604 chunks=4 trained_queries=190096 trained_events=338304 mean_loss=1.821869 lr=7.64644e-06 step=stateful RMSProp step applied
    unit 53/65 rc=1019500 chunks=9 trained_queries=413444 trained_events=737802 mean_loss=1.863316 lr=7.57349e-06 step=stateful RMSProp step applied
    unit 54/65 rc=1087047 chunks=12 trained_queries=553466 trained_events=1002752 mean_loss=1.881911 lr=7.50089e-06 step=stateful RMSProp step applied
    unit 55/65 rc=1178720 chunks=2 trained_queries=96605 trained_events=164880 mean_loss=1.867642 lr=7.42865e-06 step=stateful RMSProp step applied
    unit 56/65 rc=1193882 chunks=1 trained_queries=5343 trained_events=9456 mean_loss=1.549468 lr=7.35676e-06 step=stateful RMSProp step applied
    unit 57/65 rc=1194732 chunks=9 trained_queries=426507 trained_events=745745 mean_loss=1.889824 lr=7.28515e-06 step=stateful RMSProp step applied
    unit 58/65 rc=1262782 chunks=9 trained_queries=420566 trained_events=755486 mean_loss=1.879020 lr=7.21398e-06 step=stateful RMSProp step applied
    unit 59/65 rc=1332021 chunks=11 trained_queries=535061 trained_events=1019376 mean_loss=1.835141 lr=7.14317e-06 step=stateful RMSProp step applied
    unit 60/65 rc=1425400 chunks=5 trained_queries=235017 trained_events=405880 mean_loss=1.872880 lr=7.07272e-06 step=stateful RMSProp step applied
    unit 61/65 rc=1462524 chunks=2 trained_queries=68054 trained_events=119056 mean_loss=1.747336 lr=7.00253e-06 step=stateful RMSProp step applied
    unit 62/65 rc=1473469 chunks=3 trained_queries=147152 trained_events=266576 mean_loss=1.795199 lr=6.9328e-06 step=stateful RMSProp step applied
    unit 63/65 rc=1497733 chunks=1 trained_queries=5204 trained_events=8048 mean_loss=1.774341 lr=6.86333e-06 step=stateful RMSProp step applied
    unit 64/65 rc=1498502 chunks=4 trained_queries=165699 trained_events=311920 mean_loss=1.749971 lr=6.79421e-06 step=stateful RMSProp step applied
    unit 65/65 rc=1526829 chunks=1 trained_queries=3594 trained_events=5440 mean_loss=1.568778 lr=6.72546e-06 step=stateful RMSProp step applied
  train-epoch: epoch 97 summary trained_queries=8880122 trained_events=16953844 mean_loss=1.808649
  train-epoch: epoch 98/100
    unit 1/65 rc=1 chunks=5 trained_queries=235411 trained_events=602672 mean_loss=1.594564 lr=6.65697e-06 step=stateful RMSProp step applied
    unit 2/65 rc=47811 chunks=25 trained_queries=1209056 trained_events=2588009 mean_loss=1.866336 lr=6.58894e-06 step=stateful RMSProp step applied
    unit 3/65 rc=282625 chunks=1 trained_queries=17780 trained_events=32192 mean_loss=1.557401 lr=6.52125e-06 step=stateful RMSProp step applied
    unit 4/65 rc=285382 chunks=1 trained_queries=16 trained_events=16 mean_loss=0.211944 lr=6.45393e-06 step=stateful RMSProp step applied
    unit 5/65 rc=285383 chunks=1 trained_queries=41 trained_events=48 mean_loss=0.349574 lr=6.38697e-06 step=stateful RMSProp step applied
    unit 6/65 rc=285388 chunks=2 trained_queries=54875 trained_events=94080 mean_loss=1.808915 lr=6.32027e-06 step=stateful RMSProp step applied
    unit 7/65 rc=294043 chunks=3 trained_queries=146903 trained_events=301856 mean_loss=1.689858 lr=6.25393e-06 step=stateful RMSProp step applied
    unit 8/65 rc=321434 chunks=1 trained_queries=19351 trained_events=28624 mean_loss=1.851090 lr=6.18804e-06 step=stateful RMSProp step applied
    unit 9/65 rc=324057 chunks=1 trained_queries=35110 trained_events=118240 mean_loss=1.237240 lr=6.12241e-06 step=stateful RMSProp step applied
    unit 10/65 rc=331740 chunks=1 trained_queries=16 trained_events=432 mean_loss=0.004296 lr=6.05714e-06 step=stateful RMSProp step applied
    unit 11/65 rc=331741 chunks=2 trained_queries=74861 trained_events=154864 mean_loss=1.596123 lr=5.99223e-06 step=stateful RMSProp step applied
    unit 12/65 rc=345687 chunks=1 trained_queries=30300 trained_events=55216 mean_loss=1.629768 lr=5.92759e-06 step=stateful RMSProp step applied
    unit 13/65 rc=350763 chunks=1 trained_queries=15923 trained_events=37200 mean_loss=1.387726 lr=5.8634e-06 step=stateful RMSProp step applied
    unit 14/65 rc=353625 chunks=2 trained_queries=55670 trained_events=115472 mean_loss=1.601395 lr=5.79956e-06 step=stateful RMSProp step applied
    unit 15/65 rc=364135 chunks=1 trained_queries=19324 trained_events=41184 mean_loss=1.562610 lr=5.73608e-06 step=stateful RMSProp step applied
    unit 16/65 rc=367786 chunks=1 trained_queries=22956 trained_events=58432 mean_loss=1.402211 lr=5.67287e-06 step=stateful RMSProp step applied
    unit 17/65 rc=372767 chunks=1 trained_queries=12887 trained_events=31552 mean_loss=1.333144 lr=5.61011e-06 step=stateful RMSProp step applied
    unit 18/65 rc=375106 chunks=1 trained_queries=37224 trained_events=92032 mean_loss=1.355017 lr=5.54761e-06 step=stateful RMSProp step applied
    unit 19/65 rc=382687 chunks=1 trained_queries=11903 trained_events=27856 mean_loss=1.481926 lr=5.48547e-06 step=stateful RMSProp step applied
    unit 20/65 rc=384937 chunks=1 trained_queries=13922 trained_events=37200 mean_loss=1.315748 lr=5.42369e-06 step=stateful RMSProp step applied
    unit 21/65 rc=387825 chunks=1 trained_queries=20966 trained_events=46224 mean_loss=1.511219 lr=5.36227e-06 step=stateful RMSProp step applied
    unit 22/65 rc=391753 chunks=2 trained_queries=80510 trained_events=178352 mean_loss=1.556498 lr=5.30121e-06 step=stateful RMSProp step applied
    unit 23/65 rc=407234 chunks=1 trained_queries=2379 trained_events=5104 mean_loss=1.332923 lr=5.2405e-06 step=stateful RMSProp step applied
    unit 24/65 rc=407680 chunks=1 trained_queries=6700 trained_events=24672 mean_loss=0.969971 lr=5.18015e-06 step=stateful RMSProp step applied
    unit 25/65 rc=409029 chunks=1 trained_queries=26203 trained_events=59152 mean_loss=1.459435 lr=5.12007e-06 step=stateful RMSProp step applied
    unit 26/65 rc=414232 chunks=1 trained_queries=20070 trained_events=43728 mean_loss=1.540855 lr=5.06043e-06 step=stateful RMSProp step applied
    unit 27/65 rc=418109 chunks=1 trained_queries=30344 trained_events=74160 mean_loss=1.338109 lr=5.00107e-06 step=stateful RMSProp step applied
    unit 28/65 rc=424071 chunks=1 trained_queries=37398 trained_events=78688 mean_loss=1.526139 lr=4.94215e-06 step=stateful RMSProp step applied
    unit 29/65 rc=431070 chunks=1 trained_queries=9984 trained_events=22352 mean_loss=1.520509 lr=4.8835e-06 step=stateful RMSProp step applied
    unit 30/65 rc=433017 chunks=1 trained_queries=368 trained_events=3696 mean_loss=0.361763 lr=4.8252e-06 step=stateful RMSProp step applied
    unit 31/65 rc=433081 chunks=1 trained_queries=31432 trained_events=72896 mean_loss=1.437208 lr=4.76727e-06 step=stateful RMSProp step applied
    unit 32/65 rc=439253 chunks=1 trained_queries=32416 trained_events=67744 mean_loss=1.613207 lr=4.70969e-06 step=stateful RMSProp step applied
    unit 33/65 rc=445065 chunks=2 trained_queries=52575 trained_events=104160 mean_loss=1.649793 lr=4.65247e-06 step=stateful RMSProp step applied
    unit 34/65 rc=454440 chunks=1 trained_queries=18981 trained_events=51680 mean_loss=1.240166 lr=4.59561e-06 step=stateful RMSProp step applied
    unit 35/65 rc=458387 chunks=1 trained_queries=5199 trained_events=12224 mean_loss=1.285929 lr=4.5391e-06 step=stateful RMSProp step applied
    unit 36/65 rc=459434 chunks=1 trained_queries=25529 trained_events=53568 mean_loss=1.549288 lr=4.48287e-06 step=stateful RMSProp step applied
    unit 37/65 rc=464285 chunks=1 trained_queries=944 trained_events=1792 mean_loss=1.095143 lr=4.42708e-06 step=stateful RMSProp step applied
    unit 38/65 rc=464449 chunks=1 trained_queries=13111 trained_events=27072 mean_loss=1.422644 lr=4.37155e-06 step=stateful RMSProp step applied
    unit 39/65 rc=466777 chunks=1 trained_queries=1172 trained_events=2576 mean_loss=1.058745 lr=4.31639e-06 step=stateful RMSProp step applied
    unit 40/65 rc=467002 chunks=10 trained_queries=476268 trained_events=843008 mean_loss=1.883652 lr=4.26167e-06 step=stateful RMSProp step applied
    unit 41/65 rc=544108 chunks=2 trained_queries=98499 trained_events=172032 mean_loss=1.841514 lr=4.20722e-06 step=stateful RMSProp step applied
    unit 42/65 rc=559920 chunks=3 trained_queries=136044 trained_events=238517 mean_loss=1.843426 lr=4.15313e-06 step=stateful RMSProp step applied
    unit 43/65 rc=581652 chunks=6 trained_queries=267495 trained_events=477697 mean_loss=1.844692 lr=4.0994e-06 step=stateful RMSProp step applied
    unit 44/65 rc=625299 chunks=16 trained_queries=787430 trained_events=1441440 mean_loss=1.885476 lr=4.04602e-06 step=stateful RMSProp step applied
    unit 45/65 rc=756698 chunks=3 trained_queries=135019 trained_events=240624 mean_loss=1.823538 lr=3.99292e-06 step=stateful RMSProp step applied
    unit 46/65 rc=778776 chunks=3 trained_queries=120415 trained_events=203264 mean_loss=1.833992 lr=3.94025e-06 step=stateful RMSProp step applied
    unit 47/65 rc=797238 chunks=9 trained_queries=409632 trained_events=780452 mean_loss=1.849287 lr=3.88795e-06 step=stateful RMSProp step applied
    unit 48/65 rc=868544 chunks=8 trained_queries=388601 trained_events=691328 mean_loss=1.873627 lr=3.83592e-06 step=stateful RMSProp step applied
    unit 49/65 rc=931357 chunks=1 trained_queries=5910 trained_events=9744 mean_loss=1.600890 lr=3.78433e-06 step=stateful RMSProp step applied
    unit 50/65 rc=932241 chunks=2 trained_queries=63481 trained_events=107824 mean_loss=1.758485 lr=3.73301e-06 step=stateful RMSProp step applied
    unit 51/65 rc=942005 chunks=6 trained_queries=295710 trained_events=510176 mean_loss=1.894852 lr=3.68205e-06 step=stateful RMSProp step applied
    unit 52/65 rc=988604 chunks=4 trained_queries=190096 trained_events=338304 mean_loss=1.822045 lr=3.63144e-06 step=stateful RMSProp step applied
    unit 53/65 rc=1019500 chunks=9 trained_queries=413444 trained_events=737802 mean_loss=1.870723 lr=3.58129e-06 step=stateful RMSProp step applied
    unit 54/65 rc=1087047 chunks=12 trained_queries=553466 trained_events=1002752 mean_loss=1.881774 lr=3.5314e-06 step=stateful RMSProp step applied
    unit 55/65 rc=1178720 chunks=2 trained_queries=96605 trained_events=164880 mean_loss=1.872031 lr=3.48178e-06 step=stateful RMSProp step applied
    unit 56/65 rc=1193882 chunks=1 trained_queries=5343 trained_events=9456 mean_loss=1.549404 lr=3.4326e-06 step=stateful RMSProp step applied
    unit 57/65 rc=1194732 chunks=9 trained_queries=426507 trained_events=745745 mean_loss=1.890071 lr=3.38379e-06 step=stateful RMSProp step applied
    unit 58/65 rc=1262782 chunks=9 trained_queries=420566 trained_events=755486 mean_loss=1.879835 lr=3.33524e-06 step=stateful RMSProp step applied
    unit 59/65 rc=1332021 chunks=11 trained_queries=535061 trained_events=1019376 mean_loss=1.835069 lr=3.28714e-06 step=stateful RMSProp step applied
    unit 60/65 rc=1425400 chunks=5 trained_queries=235017 trained_events=405880 mean_loss=1.872942 lr=3.2393e-06 step=stateful RMSProp step applied
    unit 61/65 rc=1462524 chunks=2 trained_queries=68054 trained_events=119056 mean_loss=1.747593 lr=3.19192e-06 step=stateful RMSProp step applied
    unit 62/65 rc=1473469 chunks=3 trained_queries=147152 trained_events=266576 mean_loss=1.793313 lr=3.1448e-06 step=stateful RMSProp step applied
    unit 63/65 rc=1497733 chunks=1 trained_queries=5204 trained_events=8048 mean_loss=1.772534 lr=3.09804e-06 step=stateful RMSProp step applied
    unit 64/65 rc=1498502 chunks=4 trained_queries=165699 trained_events=311920 mean_loss=1.751584 lr=3.05164e-06 step=stateful RMSProp step applied
    unit 65/65 rc=1526829 chunks=1 trained_queries=3594 trained_events=5440 mean_loss=1.570955 lr=3.00559e-06 step=stateful RMSProp step applied
  train-epoch: epoch 98 summary trained_queries=8880122 trained_events=16953844 mean_loss=1.808700
  train-epoch: epoch 99/100
    unit 1/65 rc=1 chunks=5 trained_queries=235411 trained_events=602672 mean_loss=1.591357 lr=2.95991e-06 step=stateful RMSProp step applied
    unit 2/65 rc=47811 chunks=25 trained_queries=1209056 trained_events=2588009 mean_loss=1.867057 lr=2.91458e-06 step=stateful RMSProp step applied
    unit 3/65 rc=282625 chunks=1 trained_queries=17780 trained_events=32192 mean_loss=1.547501 lr=2.86952e-06 step=stateful RMSProp step applied
    unit 4/65 rc=285382 chunks=1 trained_queries=16 trained_events=16 mean_loss=0.211198 lr=2.8249e-06 step=stateful RMSProp step applied
    unit 5/65 rc=285383 chunks=1 trained_queries=41 trained_events=48 mean_loss=0.348927 lr=2.78065e-06 step=stateful RMSProp step applied
    unit 6/65 rc=285388 chunks=2 trained_queries=54875 trained_events=94080 mean_loss=1.808364 lr=2.73666e-06 step=stateful RMSProp step applied
    unit 7/65 rc=294043 chunks=3 trained_queries=146903 trained_events=301856 mean_loss=1.689707 lr=2.69303e-06 step=stateful RMSProp step applied
    unit 8/65 rc=321434 chunks=1 trained_queries=19351 trained_events=28624 mean_loss=1.849858 lr=2.64984e-06 step=stateful RMSProp step applied
    unit 9/65 rc=324057 chunks=1 trained_queries=35110 trained_events=118240 mean_loss=1.234681 lr=2.60693e-06 step=stateful RMSProp step applied
    unit 10/65 rc=331740 chunks=1 trained_queries=16 trained_events=432 mean_loss=0.004283 lr=2.56437e-06 step=stateful RMSProp step applied
    unit 11/65 rc=331741 chunks=2 trained_queries=74861 trained_events=154864 mean_loss=1.611080 lr=2.52217e-06 step=stateful RMSProp step applied
    unit 12/65 rc=345687 chunks=1 trained_queries=30300 trained_events=55216 mean_loss=1.629193 lr=2.48033e-06 step=stateful RMSProp step applied
    unit 13/65 rc=350763 chunks=1 trained_queries=15923 trained_events=37200 mean_loss=1.389013 lr=2.43884e-06 step=stateful RMSProp step applied
    unit 14/65 rc=353625 chunks=2 trained_queries=55670 trained_events=115472 mean_loss=1.621374 lr=2.39763e-06 step=stateful RMSProp step applied
    unit 15/65 rc=364135 chunks=1 trained_queries=19324 trained_events=41184 mean_loss=1.562367 lr=2.35686e-06 step=stateful RMSProp step applied
    unit 16/65 rc=367786 chunks=1 trained_queries=22956 trained_events=58432 mean_loss=1.410704 lr=2.31645e-06 step=stateful RMSProp step applied
    unit 17/65 rc=372767 chunks=1 trained_queries=12887 trained_events=31552 mean_loss=1.324902 lr=2.2763e-06 step=stateful RMSProp step applied
    unit 18/65 rc=375106 chunks=1 trained_queries=37224 trained_events=92032 mean_loss=1.357866 lr=2.23652e-06 step=stateful RMSProp step applied
    unit 19/65 rc=382687 chunks=1 trained_queries=11903 trained_events=27856 mean_loss=1.516705 lr=2.19718e-06 step=stateful RMSProp step applied
    unit 20/65 rc=384937 chunks=1 trained_queries=13922 trained_events=37200 mean_loss=1.315392 lr=2.15811e-06 step=stateful RMSProp step applied
    unit 21/65 rc=387825 chunks=1 trained_queries=20966 trained_events=46224 mean_loss=1.509752 lr=2.11939e-06 step=stateful RMSProp step applied
    unit 22/65 rc=391753 chunks=2 trained_queries=80510 trained_events=178352 mean_loss=1.557216 lr=2.08104e-06 step=stateful RMSProp step applied
    unit 23/65 rc=407234 chunks=1 trained_queries=2379 trained_events=5104 mean_loss=1.335749 lr=2.04304e-06 step=stateful RMSProp step applied
    unit 24/65 rc=407680 chunks=1 trained_queries=6700 trained_events=24672 mean_loss=0.976092 lr=2.0054e-06 step=stateful RMSProp step applied
    unit 25/65 rc=409029 chunks=1 trained_queries=26203 trained_events=59152 mean_loss=1.465063 lr=1.96812e-06 step=stateful RMSProp step applied
    unit 26/65 rc=414232 chunks=1 trained_queries=20070 trained_events=43728 mean_loss=1.526055 lr=1.93119e-06 step=stateful RMSProp step applied
    unit 27/65 rc=418109 chunks=1 trained_queries=30344 trained_events=74160 mean_loss=1.351497 lr=1.89453e-06 step=stateful RMSProp step applied
    unit 28/65 rc=424071 chunks=1 trained_queries=37398 trained_events=78688 mean_loss=1.531899 lr=1.85832e-06 step=stateful RMSProp step applied
    unit 29/65 rc=431070 chunks=1 trained_queries=9984 trained_events=22352 mean_loss=1.518884 lr=1.82238e-06 step=stateful RMSProp step applied
    unit 30/65 rc=433017 chunks=1 trained_queries=368 trained_events=3696 mean_loss=0.360104 lr=1.78689e-06 step=stateful RMSProp step applied
    unit 31/65 rc=433081 chunks=1 trained_queries=31432 trained_events=72896 mean_loss=1.438060 lr=1.75166e-06 step=stateful RMSProp step applied
    unit 32/65 rc=439253 chunks=1 trained_queries=32416 trained_events=67744 mean_loss=1.612941 lr=1.71679e-06 step=stateful RMSProp step applied
    unit 33/65 rc=445065 chunks=2 trained_queries=52575 trained_events=104160 mean_loss=1.645401 lr=1.68228e-06 step=stateful RMSProp step applied
    unit 34/65 rc=454440 chunks=1 trained_queries=18981 trained_events=51680 mean_loss=1.227240 lr=1.64813e-06 step=stateful RMSProp step applied
    unit 35/65 rc=458387 chunks=1 trained_queries=5199 trained_events=12224 mean_loss=1.285902 lr=1.61433e-06 step=stateful RMSProp step applied
    unit 36/65 rc=459434 chunks=1 trained_queries=25529 trained_events=53568 mean_loss=1.548458 lr=1.58089e-06 step=stateful RMSProp step applied
    unit 37/65 rc=464285 chunks=1 trained_queries=944 trained_events=1792 mean_loss=1.100013 lr=1.54781e-06 step=stateful RMSProp step applied
    unit 38/65 rc=464449 chunks=1 trained_queries=13111 trained_events=27072 mean_loss=1.412228 lr=1.515e-06 step=stateful RMSProp step applied
    unit 39/65 rc=466777 chunks=1 trained_queries=1172 trained_events=2576 mean_loss=1.057747 lr=1.48264e-06 step=stateful RMSProp step applied
    unit 40/65 rc=467002 chunks=10 trained_queries=476268 trained_events=843008 mean_loss=1.884931 lr=1.45063e-06 step=stateful RMSProp step applied
    unit 41/65 rc=544108 chunks=2 trained_queries=98499 trained_events=172032 mean_loss=1.842823 lr=1.41889e-06 step=stateful RMSProp step applied
    unit 42/65 rc=559920 chunks=3 trained_queries=136044 trained_events=238517 mean_loss=1.843451 lr=1.38751e-06 step=stateful RMSProp step applied
    unit 43/65 rc=581652 chunks=6 trained_queries=267495 trained_events=477697 mean_loss=1.845364 lr=1.35657e-06 step=stateful RMSProp step applied
    unit 44/65 rc=625299 chunks=16 trained_queries=787430 trained_events=1441440 mean_loss=1.885434 lr=1.32591e-06 step=stateful RMSProp step applied
    unit 45/65 rc=756698 chunks=3 trained_queries=135019 trained_events=240624 mean_loss=1.825750 lr=1.2956e-06 step=stateful RMSProp step applied
    unit 46/65 rc=778776 chunks=3 trained_queries=120415 trained_events=203264 mean_loss=1.844281 lr=1.26564e-06 step=stateful RMSProp step applied
    unit 47/65 rc=797238 chunks=9 trained_queries=409632 trained_events=780452 mean_loss=1.849635 lr=1.23605e-06 step=stateful RMSProp step applied
    unit 48/65 rc=868544 chunks=8 trained_queries=388601 trained_events=691328 mean_loss=1.873166 lr=1.20682e-06 step=stateful RMSProp step applied
    unit 49/65 rc=931357 chunks=1 trained_queries=5910 trained_events=9744 mean_loss=1.600983 lr=1.17785e-06 step=stateful RMSProp step applied
    unit 50/65 rc=932241 chunks=2 trained_queries=63481 trained_events=107824 mean_loss=1.757409 lr=1.14933e-06 step=stateful RMSProp step applied
    unit 51/65 rc=942005 chunks=6 trained_queries=295710 trained_events=510176 mean_loss=1.894553 lr=1.12116e-06 step=stateful RMSProp step applied
    unit 52/65 rc=988604 chunks=4 trained_queries=190096 trained_events=338304 mean_loss=1.823470 lr=1.09327e-06 step=stateful RMSProp step applied
    unit 53/65 rc=1019500 chunks=9 trained_queries=413444 trained_events=737802 mean_loss=1.863380 lr=1.06582e-06 step=stateful RMSProp step applied
    unit 54/65 rc=1087047 chunks=12 trained_queries=553466 trained_events=1002752 mean_loss=1.881893 lr=1.03864e-06 step=stateful RMSProp step applied
    unit 55/65 rc=1178720 chunks=2 trained_queries=96605 trained_events=164880 mean_loss=1.868818 lr=1.01182e-06 step=stateful RMSProp step applied
    unit 56/65 rc=1193882 chunks=1 trained_queries=5343 trained_events=9456 mean_loss=1.550882 lr=9.85354e-07 step=stateful RMSProp step applied
    unit 57/65 rc=1194732 chunks=9 trained_queries=426507 trained_events=745745 mean_loss=1.886503 lr=9.59247e-07 step=stateful RMSProp step applied
    unit 58/65 rc=1262782 chunks=9 trained_queries=420566 trained_events=755486 mean_loss=1.878936 lr=9.33588e-07 step=stateful RMSProp step applied
    unit 59/65 rc=1332021 chunks=11 trained_queries=535061 trained_events=1019376 mean_loss=1.835184 lr=9.08107e-07 step=stateful RMSProp step applied
    unit 60/65 rc=1425400 chunks=5 trained_queries=235017 trained_events=405880 mean_loss=1.872927 lr=8.83073e-07 step=stateful RMSProp step applied
    unit 61/65 rc=1462524 chunks=2 trained_queries=68054 trained_events=119056 mean_loss=1.747338 lr=8.58396e-07 step=stateful RMSProp step applied
    unit 62/65 rc=1473469 chunks=3 trained_queries=147152 trained_events=266576 mean_loss=1.794809 lr=8.34078e-07 step=stateful RMSProp step applied
    unit 63/65 rc=1497733 chunks=1 trained_queries=5204 trained_events=8048 mean_loss=1.771375 lr=8.10027e-07 step=stateful RMSProp step applied
    unit 64/65 rc=1498502 chunks=4 trained_queries=165699 trained_events=311920 mean_loss=1.788246 lr=7.86424e-07 step=stateful RMSProp step applied
    unit 65/65 rc=1526829 chunks=1 trained_queries=3594 trained_events=5440 mean_loss=1.573781 lr=7.63088e-07 step=stateful RMSProp step applied
  train-epoch: epoch 99 summary trained_queries=8880122 trained_events=16953844 mean_loss=1.809426
  train-epoch: epoch 100/100
    unit 1/65 rc=1 chunks=5 trained_queries=235411 trained_events=602672 mean_loss=1.596466 lr=7.402e-07 step=stateful RMSProp step applied
    unit 2/65 rc=47811 chunks=25 trained_queries=1209056 trained_events=2588009 mean_loss=1.868187 lr=7.1758e-07 step=stateful RMSProp step applied
    unit 3/65 rc=282625 chunks=1 trained_queries=17780 trained_events=32192 mean_loss=1.548095 lr=6.95318e-07 step=stateful RMSProp step applied
    unit 4/65 rc=285382 chunks=1 trained_queries=16 trained_events=16 mean_loss=0.210808 lr=6.73413e-07 step=stateful RMSProp step applied
    unit 5/65 rc=285383 chunks=1 trained_queries=41 trained_events=48 mean_loss=0.348429 lr=6.51866e-07 step=stateful RMSProp step applied
    unit 6/65 rc=285388 chunks=2 trained_queries=54875 trained_events=94080 mean_loss=1.806672 lr=6.30677e-07 step=stateful RMSProp step applied
    unit 7/65 rc=294043 chunks=3 trained_queries=146903 trained_events=301856 mean_loss=1.689993 lr=6.09845e-07 step=stateful RMSProp step applied
    unit 8/65 rc=321434 chunks=1 trained_queries=19351 trained_events=28624 mean_loss=1.849227 lr=5.89281e-07 step=stateful RMSProp step applied
    unit 9/65 rc=324057 chunks=1 trained_queries=35110 trained_events=118240 mean_loss=1.239954 lr=5.69165e-07 step=stateful RMSProp step applied
    unit 10/65 rc=331740 chunks=1 trained_queries=16 trained_events=432 mean_loss=0.004275 lr=5.49406e-07 step=stateful RMSProp step applied
    unit 11/65 rc=331741 chunks=2 trained_queries=74861 trained_events=154864 mean_loss=1.596144 lr=5.29915e-07 step=stateful RMSProp step applied
    unit 12/65 rc=345687 chunks=1 trained_queries=30300 trained_events=55216 mean_loss=1.629960 lr=5.10871e-07 step=stateful RMSProp step applied
    unit 13/65 rc=350763 chunks=1 trained_queries=15923 trained_events=37200 mean_loss=1.387797 lr=4.92096e-07 step=stateful RMSProp step applied
    unit 14/65 rc=353625 chunks=2 trained_queries=55670 trained_events=115472 mean_loss=1.601136 lr=4.73678e-07 step=stateful RMSProp step applied
    unit 15/65 rc=364135 chunks=1 trained_queries=19324 trained_events=41184 mean_loss=1.570397 lr=4.55707e-07 step=stateful RMSProp step applied
    unit 16/65 rc=367786 chunks=1 trained_queries=22956 trained_events=58432 mean_loss=1.402509 lr=4.38005e-07 step=stateful RMSProp step applied
    unit 17/65 rc=372767 chunks=1 trained_queries=12887 trained_events=31552 mean_loss=1.320613 lr=4.2066e-07 step=stateful RMSProp step applied
    unit 18/65 rc=375106 chunks=1 trained_queries=37224 trained_events=92032 mean_loss=1.354784 lr=4.03672e-07 step=stateful RMSProp step applied
    unit 19/65 rc=382687 chunks=1 trained_queries=11903 trained_events=27856 mean_loss=1.493194 lr=3.86953e-07 step=stateful RMSProp step applied
    unit 20/65 rc=384937 chunks=1 trained_queries=13922 trained_events=37200 mean_loss=1.327464 lr=3.70681e-07 step=stateful RMSProp step applied
    unit 21/65 rc=387825 chunks=1 trained_queries=20966 trained_events=46224 mean_loss=1.511520 lr=3.54767e-07 step=stateful RMSProp step applied
    unit 22/65 rc=391753 chunks=2 trained_queries=80510 trained_events=178352 mean_loss=1.560255 lr=3.3921e-07 step=stateful RMSProp step applied
    unit 23/65 rc=407234 chunks=1 trained_queries=2379 trained_events=5104 mean_loss=1.333952 lr=3.23921e-07 step=stateful RMSProp step applied
    unit 24/65 rc=407680 chunks=1 trained_queries=6700 trained_events=24672 mean_loss=0.966028 lr=3.0908e-07 step=stateful RMSProp step applied
    unit 25/65 rc=409029 chunks=1 trained_queries=26203 trained_events=59152 mean_loss=1.463257 lr=2.94507e-07 step=stateful RMSProp step applied
    unit 26/65 rc=414232 chunks=1 trained_queries=20070 trained_events=43728 mean_loss=1.538458 lr=2.80291e-07 step=stateful RMSProp step applied
    unit 27/65 rc=418109 chunks=1 trained_queries=30344 trained_events=74160 mean_loss=1.337814 lr=2.66433e-07 step=stateful RMSProp step applied
    unit 28/65 rc=424071 chunks=1 trained_queries=37398 trained_events=78688 mean_loss=1.525834 lr=2.52932e-07 step=stateful RMSProp step applied
    unit 29/65 rc=431070 chunks=1 trained_queries=9984 trained_events=22352 mean_loss=1.548963 lr=2.39879e-07 step=stateful RMSProp step applied
    unit 30/65 rc=433017 chunks=1 trained_queries=368 trained_events=3696 mean_loss=0.360092 lr=2.27094e-07 step=stateful RMSProp step applied
    unit 31/65 rc=433081 chunks=1 trained_queries=31432 trained_events=72896 mean_loss=1.441413 lr=2.14577e-07 step=stateful RMSProp step applied
    unit 32/65 rc=439253 chunks=1 trained_queries=32416 trained_events=67744 mean_loss=1.612376 lr=2.02507e-07 step=stateful RMSProp step applied
    unit 33/65 rc=445065 chunks=2 trained_queries=52575 trained_events=104160 mean_loss=1.643651 lr=1.90794e-07 step=stateful RMSProp step applied
    unit 34/65 rc=454440 chunks=1 trained_queries=18981 trained_events=51680 mean_loss=1.228954 lr=1.7944e-07 step=stateful RMSProp step applied
    unit 35/65 rc=458387 chunks=1 trained_queries=5199 trained_events=12224 mean_loss=1.284343 lr=1.68353e-07 step=stateful RMSProp step applied
    unit 36/65 rc=459434 chunks=1 trained_queries=25529 trained_events=53568 mean_loss=1.548426 lr=1.57714e-07 step=stateful RMSProp step applied
    unit 37/65 rc=464285 chunks=1 trained_queries=944 trained_events=1792 mean_loss=1.098923 lr=1.47343e-07 step=stateful RMSProp step applied
    unit 38/65 rc=464449 chunks=1 trained_queries=13111 trained_events=27072 mean_loss=1.415421 lr=1.37329e-07 step=stateful RMSProp step applied
    unit 39/65 rc=466777 chunks=1 trained_queries=1172 trained_events=2576 mean_loss=1.057991 lr=1.27673e-07 step=stateful RMSProp step applied
    unit 40/65 rc=467002 chunks=10 trained_queries=476268 trained_events=843008 mean_loss=1.884067 lr=1.18464e-07 step=stateful RMSProp step applied
    unit 41/65 rc=544108 chunks=2 trained_queries=98499 trained_events=172032 mean_loss=1.838724 lr=1.09524e-07 step=stateful RMSProp step applied
    unit 42/65 rc=559920 chunks=3 trained_queries=136044 trained_events=238517 mean_loss=1.843699 lr=1.0094e-07 step=stateful RMSProp step applied
    unit 43/65 rc=581652 chunks=6 trained_queries=267495 trained_events=477697 mean_loss=1.844494 lr=9.2715e-08 step=stateful RMSProp step applied
    unit 44/65 rc=625299 chunks=16 trained_queries=787430 trained_events=1441440 mean_loss=1.885376 lr=8.47578e-08 step=stateful RMSProp step applied
    unit 45/65 rc=756698 chunks=3 trained_queries=135019 trained_events=240624 mean_loss=1.823659 lr=7.72476e-08 step=stateful RMSProp step applied
    unit 46/65 rc=778776 chunks=3 trained_queries=120415 trained_events=203264 mean_loss=1.826464 lr=7.00951e-08 step=stateful RMSProp step applied
    unit 47/65 rc=797238 chunks=9 trained_queries=409632 trained_events=780452 mean_loss=1.849618 lr=6.32107e-08 step=stateful RMSProp step applied
    unit 48/65 rc=868544 chunks=8 trained_queries=388601 trained_events=691328 mean_loss=1.873055 lr=5.67734e-08 step=stateful RMSProp step applied
    unit 49/65 rc=931357 chunks=1 trained_queries=5910 trained_events=9744 mean_loss=1.603176 lr=5.06043e-08 step=stateful RMSProp step applied
    unit 50/65 rc=932241 chunks=2 trained_queries=63481 trained_events=107824 mean_loss=1.757328 lr=4.48823e-08 step=stateful RMSProp step applied
    unit 51/65 rc=942005 chunks=6 trained_queries=295710 trained_events=510176 mean_loss=1.894083 lr=3.94285e-08 step=stateful RMSProp step applied
    unit 52/65 rc=988604 chunks=4 trained_queries=190096 trained_events=338304 mean_loss=1.834399 lr=3.43323e-08 step=stateful RMSProp step applied
    unit 53/65 rc=1019500 chunks=9 trained_queries=413444 trained_events=737802 mean_loss=1.863284 lr=2.95937e-08 step=stateful RMSProp step applied
    unit 54/65 rc=1087047 chunks=12 trained_queries=553466 trained_events=1002752 mean_loss=1.887834 lr=2.52128e-08 step=stateful RMSProp step applied
    unit 55/65 rc=1178720 chunks=2 trained_queries=96605 trained_events=164880 mean_loss=1.867681 lr=2.11895e-08 step=stateful RMSProp step applied
    unit 56/65 rc=1193882 chunks=1 trained_queries=5343 trained_events=9456 mean_loss=1.546518 lr=1.75238e-08 step=stateful RMSProp step applied
    unit 57/65 rc=1194732 chunks=9 trained_queries=426507 trained_events=745745 mean_loss=1.886860 lr=1.42157e-08 step=stateful RMSProp step applied
    unit 58/65 rc=1262782 chunks=9 trained_queries=420566 trained_events=755486 mean_loss=1.879452 lr=1.11759e-08 step=stateful RMSProp step applied
    unit 59/65 rc=1332021 chunks=11 trained_queries=535061 trained_events=1019376 mean_loss=1.835267 lr=8.58307e-09 step=stateful RMSProp step applied
    unit 60/65 rc=1425400 chunks=5 trained_queries=235017 trained_events=405880 mean_loss=1.872939 lr=6.34789e-09 step=stateful RMSProp step applied
    unit 61/65 rc=1462524 chunks=2 trained_queries=68054 trained_events=119056 mean_loss=1.747486 lr=4.38094e-09 step=stateful RMSProp step applied
    unit 62/65 rc=1473469 chunks=3 trained_queries=147152 trained_events=266576 mean_loss=1.793175 lr=2.77162e-09 step=stateful RMSProp step applied
    unit 63/65 rc=1497733 chunks=1 trained_queries=5204 trained_events=8048 mean_loss=1.773367 lr=1.60933e-09 step=stateful RMSProp step applied
    unit 64/65 rc=1498502 chunks=4 trained_queries=165699 trained_events=311920 mean_loss=1.752905 lr=7.15256e-10 step=stateful RMSProp step applied
    unit 65/65 rc=1526829 chunks=1 trained_queries=3594 trained_events=5440 mean_loss=1.569616 lr=1.78814e-10 step=stateful RMSProp step applied
  train-epoch: epoch 100 summary trained_queries=8880122 trained_events=16953844 mean_loss=1.809050
  train-epoch: saving final weights to rnd/cudax-d16-linear-mass-rerun/20260528T230843-d16-d64l2-static100/checkpoint.model
  train-epoch: saved final weights to rnd/cudax-d16-linear-mass-rerun/20260528T230843-d16-d64l2-static100/checkpoint.model
  chunk upload: freed successfully
  runtime objects: freed successfully
  status: v2 currently validates file formats, plans baseline pd=0/pd=1 execution,
          and exercises the full-depth chunk upload/cache/forward/loss path,
          plus output-head/final-LN backward, train-epoch/train-small accumulation, and one-step SGD/RMSProp/multi-step/save-reload sanity modes when requested.
