AGPT CUDA Trainer V2
  mode: train-growth
  model: d=64 heads=4 layers=2 ff=256 vocab=65 seq=16 head_dim=16
  seq_len reconcile: model header says 128, growth max_depth=16 -> effective 16. Overriding.
  corpus: rnd/cudax-exposure-fix/20260526T183923-static-25ep/train_corpus.txt tokens=1059624 full_starts=1059623
  growth: stages=1 epochs_per_stage=25 min_epochs=25 epoch_schedule=fixed scheduled_epochs=25 optimizer=rmsprop schedule=warmup-cosine materializer=incremental-radix estimated_total_unit_steps=1625
  growth-frontiers: source=generated-divisions divisions=1 train_frac=1.000000 final_frontier=1059623
  config: lr=0.003000 warmup_epochs=0 partition_depth=1 chunk_queries=50000 anc_grad=true
  rope-position: mode=depth
  growth-stage 1/1: frontier_starts=1059623 ingested_starts=1059623 radix_nodes=1527338 edge_chars=8880137 counts=2561796 flat_counts=5252813
  train-growth-stage: epochs=25 units=65 optimizer=rmsprop radix_nodes=1527338 edge_chars=8880137
    stage-epoch 1/25
      unit 1/65 rc=17 chunks=5 trained_queries=235411 mean_loss=4.428808 lr=0.003 step=stateful RMSProp step applied
      unit 2/65 rc=6 chunks=25 trained_queries=1209059 mean_loss=4.832318 lr=0.003 step=stateful RMSProp step applied
      unit 3/65 rc=588 chunks=1 trained_queries=17780 mean_loss=7.057578 lr=0.00299999 step=stateful RMSProp step applied
      unit 4/65 rc=987290 chunks=1 trained_queries=16 mean_loss=5.441744 lr=0.00299997 step=stateful RMSProp step applied
      unit 5/65 rc=109979 chunks=1 trained_queries=41 mean_loss=7.110518 lr=0.00299996 step=stateful RMSProp step applied
      unit 6/65 rc=378 chunks=2 trained_queries=54875 mean_loss=5.363233 lr=0.00299993 step=stateful RMSProp step applied
      unit 7/65 rc=54 chunks=3 trained_queries=146903 mean_loss=3.430327 lr=0.0029999 step=stateful RMSProp step applied
      unit 8/65 rc=2061 chunks=1 trained_queries=19351 mean_loss=3.648454 lr=0.00299986 step=stateful RMSProp step applied
      unit 9/65 rc=74 chunks=1 trained_queries=35110 mean_loss=3.653612 lr=0.00299982 step=stateful RMSProp step applied
      unit 10/65 rc=849363 chunks=1 trained_queries=16 mean_loss=4.343469 lr=0.00299977 step=stateful RMSProp step applied
      unit 11/65 rc=16 chunks=2 trained_queries=74861 mean_loss=3.907693 lr=0.00299972 step=stateful RMSProp step applied
      unit 12/65 rc=547 chunks=1 trained_queries=30300 mean_loss=3.268778 lr=0.00299966 step=stateful RMSProp step applied
      unit 13/65 rc=213 chunks=1 trained_queries=15923 mean_loss=3.562824 lr=0.0029996 step=stateful RMSProp step applied
      unit 14/65 rc=78 chunks=2 trained_queries=55670 mean_loss=3.233044 lr=0.00299953 step=stateful RMSProp step applied
      unit 15/65 rc=18 chunks=1 trained_queries=19324 mean_loss=3.198859 lr=0.00299945 step=stateful RMSProp step applied
      unit 16/65 rc=7 chunks=1 trained_queries=22956 mean_loss=3.224611 lr=0.00299937 step=stateful RMSProp step applied
      unit 17/65 rc=6212 chunks=1 trained_queries=12887 mean_loss=3.375660 lr=0.00299928 step=stateful RMSProp step applied
      unit 18/65 rc=3055 chunks=1 trained_queries=37224 mean_loss=3.183199 lr=0.00299919 step=stateful RMSProp step applied
      unit 19/65 rc=1 chunks=1 trained_queries=11903 mean_loss=3.206698 lr=0.00299909 step=stateful RMSProp step applied
      unit 20/65 rc=14727 chunks=1 trained_queries=13922 mean_loss=3.212380 lr=0.00299899 step=stateful RMSProp step applied
      unit 21/65 rc=2977 chunks=1 trained_queries=20966 mean_loss=3.139171 lr=0.00299888 step=stateful RMSProp step applied
      unit 22/65 rc=497 chunks=2 trained_queries=80510 mean_loss=3.062964 lr=0.00299876 step=stateful RMSProp step applied
      unit 23/65 rc=14349 chunks=1 trained_queries=2379 mean_loss=3.164133 lr=0.00299864 step=stateful RMSProp step applied
      unit 24/65 rc=61678 chunks=1 trained_queries=6700 mean_loss=3.257398 lr=0.00299852 step=stateful RMSProp step applied
      unit 25/65 rc=416 chunks=1 trained_queries=26203 mean_loss=3.085470 lr=0.00299839 step=stateful RMSProp step applied
      unit 26/65 rc=308 chunks=1 trained_queries=20070 mean_loss=2.987061 lr=0.00299825 step=stateful RMSProp step applied
      unit 27/65 rc=522 chunks=1 trained_queries=30344 mean_loss=2.957134 lr=0.00299811 step=stateful RMSProp step applied
      unit 28/65 rc=611 chunks=1 trained_queries=37398 mean_loss=2.940400 lr=0.00299796 step=stateful RMSProp step applied
      unit 29/65 rc=7882 chunks=1 trained_queries=9984 mean_loss=3.052210 lr=0.0029978 step=stateful RMSProp step applied
      unit 30/65 rc=96207 chunks=1 trained_queries=368 mean_loss=3.117931 lr=0.00299764 step=stateful RMSProp step applied
      unit 31/65 rc=226 chunks=1 trained_queries=31432 mean_loss=3.372851 lr=0.00299748 step=stateful RMSProp step applied
      unit 32/65 rc=85 chunks=1 trained_queries=32416 mean_loss=3.019168 lr=0.00299731 step=stateful RMSProp step applied
      unit 33/65 rc=2669 chunks=2 trained_queries=52575 mean_loss=2.922986 lr=0.00299713 step=stateful RMSProp step applied
      unit 34/65 rc=3061 chunks=1 trained_queries=18981 mean_loss=2.862086 lr=0.00299695 step=stateful RMSProp step applied
      unit 35/65 rc=1714 chunks=1 trained_queries=5199 mean_loss=2.831618 lr=0.00299676 step=stateful RMSProp step applied
      unit 36/65 rc=367 chunks=1 trained_queries=25529 mean_loss=2.891052 lr=0.00299657 step=stateful RMSProp step applied
      unit 37/65 rc=435397 chunks=1 trained_queries=944 mean_loss=2.790411 lr=0.00299637 step=stateful RMSProp step applied
      unit 38/65 rc=141 chunks=1 trained_queries=13111 mean_loss=2.989473 lr=0.00299616 step=stateful RMSProp step applied
      unit 39/65 rc=253455 chunks=1 trained_queries=1172 mean_loss=2.840271 lr=0.00299595 step=stateful RMSProp step applied
      unit 40/65 rc=41 chunks=10 trained_queries=476269 mean_loss=2.998779 lr=0.00299574 step=stateful RMSProp step applied
      unit 41/65 rc=560 chunks=2 trained_queries=98499 mean_loss=2.963235 lr=0.00299552 step=stateful RMSProp step applied
      unit 42/65 rc=36 chunks=3 trained_queries=136045 mean_loss=3.006340 lr=0.00299529 step=stateful RMSProp step applied
      unit 43/65 rc=39 chunks=6 trained_queries=267502 mean_loss=3.039198 lr=0.00299506 step=stateful RMSProp step applied
      unit 44/65 rc=14 chunks=16 trained_queries=787429 mean_loss=2.935311 lr=0.00299482 step=stateful RMSProp step applied
      unit 45/65 rc=21 chunks=3 trained_queries=135019 mean_loss=2.883292 lr=0.00299458 step=stateful RMSProp step applied
      unit 46/65 rc=541 chunks=3 trained_queries=120415 mean_loss=2.830940 lr=0.00299433 step=stateful RMSProp step applied
      unit 47/65 rc=51 chunks=9 trained_queries=409633 mean_loss=2.790662 lr=0.00299407 step=stateful RMSProp step applied
      unit 48/65 rc=2 chunks=8 trained_queries=388601 mean_loss=2.793391 lr=0.00299381 step=stateful RMSProp step applied
      unit 49/65 rc=1057 chunks=1 trained_queries=5910 mean_loss=2.821214 lr=0.00299355 step=stateful RMSProp step applied
      unit 50/65 rc=73 chunks=2 trained_queries=63481 mean_loss=2.836995 lr=0.00299327 step=stateful RMSProp step applied
      unit 51/65 rc=79 chunks=6 trained_queries=295710 mean_loss=2.780970 lr=0.002993 step=stateful RMSProp step applied
      unit 52/65 rc=63 chunks=4 trained_queries=190096 mean_loss=2.760625 lr=0.00299271 step=stateful RMSProp step applied
      unit 53/65 rc=15 chunks=9 trained_queries=413445 mean_loss=2.720166 lr=0.00299243 step=stateful RMSProp step applied
      unit 54/65 rc=22 chunks=12 trained_queries=553466 mean_loss=2.726847 lr=0.00299213 step=stateful RMSProp step applied
      unit 55/65 rc=32 chunks=2 trained_queries=96605 mean_loss=2.772170 lr=0.00299183 step=stateful RMSProp step applied
      unit 56/65 rc=8258 chunks=1 trained_queries=5343 mean_loss=2.825807 lr=0.00299153 step=stateful RMSProp step applied
      unit 57/65 rc=3 chunks=9 trained_queries=426507 mean_loss=2.766789 lr=0.00299122 step=stateful RMSProp step applied
      unit 58/65 rc=4 chunks=9 trained_queries=420567 mean_loss=2.692571 lr=0.0029909 step=stateful RMSProp step applied
      unit 59/65 rc=5 chunks=11 trained_queries=535061 mean_loss=2.653433 lr=0.00299058 step=stateful RMSProp step applied
      unit 60/65 rc=48 chunks=5 trained_queries=235018 mean_loss=2.658384 lr=0.00299025 step=stateful RMSProp step applied
      unit 61/65 rc=164 chunks=2 trained_queries=68054 mean_loss=2.556798 lr=0.00298992 step=stateful RMSProp step applied
      unit 62/65 rc=28 chunks=3 trained_queries=147152 mean_loss=2.690473 lr=0.00298958 step=stateful RMSProp step applied
      unit 63/65 rc=9576 chunks=1 trained_queries=5204 mean_loss=2.740719 lr=0.00298924 step=stateful RMSProp step applied
      unit 64/65 rc=44 chunks=4 trained_queries=165699 mean_loss=2.712806 lr=0.00298889 step=stateful RMSProp step applied
      unit 65/65 rc=13 chunks=1 trained_queries=3594 mean_loss=2.591106 lr=0.00298853 step=stateful RMSProp step applied
    stage-epoch 1 summary trained_queries=8880137 mean_loss=3.192473
    stage-epoch 2/25
      unit 1/65 rc=17 chunks=5 trained_queries=235411 mean_loss=2.697750 lr=0.00298817 step=stateful RMSProp step applied
      unit 2/65 rc=6 chunks=25 trained_queries=1209059 mean_loss=2.633229 lr=0.00298781 step=stateful RMSProp step applied
      unit 3/65 rc=588 chunks=1 trained_queries=17780 mean_loss=2.645123 lr=0.00298743 step=stateful RMSProp step applied
      unit 4/65 rc=987290 chunks=1 trained_queries=16 mean_loss=2.848933 lr=0.00298706 step=stateful RMSProp step applied
      unit 5/65 rc=109979 chunks=1 trained_queries=41 mean_loss=3.393629 lr=0.00298667 step=stateful RMSProp step applied
      unit 6/65 rc=378 chunks=2 trained_queries=54875 mean_loss=3.109288 lr=0.00298629 step=stateful RMSProp step applied
      unit 7/65 rc=54 chunks=3 trained_queries=146903 mean_loss=2.769945 lr=0.00298589 step=stateful RMSProp step applied
      unit 8/65 rc=2061 chunks=1 trained_queries=19351 mean_loss=2.899837 lr=0.00298549 step=stateful RMSProp step applied
      unit 9/65 rc=74 chunks=1 trained_queries=35110 mean_loss=2.756530 lr=0.00298509 step=stateful RMSProp step applied
      unit 10/65 rc=849363 chunks=1 trained_queries=16 mean_loss=3.108188 lr=0.00298468 step=stateful RMSProp step applied
      unit 11/65 rc=16 chunks=2 trained_queries=74861 mean_loss=3.281456 lr=0.00298426 step=stateful RMSProp step applied
      unit 12/65 rc=547 chunks=1 trained_queries=30300 mean_loss=2.563259 lr=0.00298384 step=stateful RMSProp step applied
      unit 13/65 rc=213 chunks=1 trained_queries=15923 mean_loss=2.867413 lr=0.00298341 step=stateful RMSProp step applied
      unit 14/65 rc=78 chunks=2 trained_queries=55670 mean_loss=2.737382 lr=0.00298298 step=stateful RMSProp step applied
      unit 15/65 rc=18 chunks=1 trained_queries=19324 mean_loss=2.749969 lr=0.00298254 step=stateful RMSProp step applied
      unit 16/65 rc=7 chunks=1 trained_queries=22956 mean_loss=2.724577 lr=0.0029821 step=stateful RMSProp step applied
      unit 17/65 rc=6212 chunks=1 trained_queries=12887 mean_loss=2.694462 lr=0.00298165 step=stateful RMSProp step applied
      unit 18/65 rc=3055 chunks=1 trained_queries=37224 mean_loss=2.609285 lr=0.00298119 step=stateful RMSProp step applied
      unit 19/65 rc=1 chunks=1 trained_queries=11903 mean_loss=2.667025 lr=0.00298073 step=stateful RMSProp step applied
      unit 20/65 rc=14727 chunks=1 trained_queries=13922 mean_loss=2.706340 lr=0.00298026 step=stateful RMSProp step applied
      unit 21/65 rc=2977 chunks=1 trained_queries=20966 mean_loss=2.655435 lr=0.00297979 step=stateful RMSProp step applied
      unit 22/65 rc=497 chunks=2 trained_queries=80510 mean_loss=2.601135 lr=0.00297932 step=stateful RMSProp step applied
      unit 23/65 rc=14349 chunks=1 trained_queries=2379 mean_loss=2.807143 lr=0.00297883 step=stateful RMSProp step applied
      unit 24/65 rc=61678 chunks=1 trained_queries=6700 mean_loss=2.625390 lr=0.00297834 step=stateful RMSProp step applied
      unit 25/65 rc=416 chunks=1 trained_queries=26203 mean_loss=2.606359 lr=0.00297785 step=stateful RMSProp step applied
      unit 26/65 rc=308 chunks=1 trained_queries=20070 mean_loss=2.588529 lr=0.00297735 step=stateful RMSProp step applied
      unit 27/65 rc=522 chunks=1 trained_queries=30344 mean_loss=2.543433 lr=0.00297685 step=stateful RMSProp step applied
      unit 28/65 rc=611 chunks=1 trained_queries=37398 mean_loss=2.538166 lr=0.00297634 step=stateful RMSProp step applied
      unit 29/65 rc=7882 chunks=1 trained_queries=9984 mean_loss=2.678033 lr=0.00297582 step=stateful RMSProp step applied
      unit 30/65 rc=96207 chunks=1 trained_queries=368 mean_loss=2.602011 lr=0.0029753 step=stateful RMSProp step applied
      unit 31/65 rc=226 chunks=1 trained_queries=31432 mean_loss=2.745497 lr=0.00297477 step=stateful RMSProp step applied
      unit 32/65 rc=85 chunks=1 trained_queries=32416 mean_loss=2.604283 lr=0.00297424 step=stateful RMSProp step applied
      unit 33/65 rc=2669 chunks=2 trained_queries=52575 mean_loss=2.501389 lr=0.0029737 step=stateful RMSProp step applied
      unit 34/65 rc=3061 chunks=1 trained_queries=18981 mean_loss=2.520100 lr=0.00297316 step=stateful RMSProp step applied
      unit 35/65 rc=1714 chunks=1 trained_queries=5199 mean_loss=2.501409 lr=0.00297261 step=stateful RMSProp step applied
      unit 36/65 rc=367 chunks=1 trained_queries=25529 mean_loss=2.437818 lr=0.00297206 step=stateful RMSProp step applied
      unit 37/65 rc=435397 chunks=1 trained_queries=944 mean_loss=2.319620 lr=0.0029715 step=stateful RMSProp step applied
      unit 38/65 rc=141 chunks=1 trained_queries=13111 mean_loss=2.491844 lr=0.00297093 step=stateful RMSProp step applied
      unit 39/65 rc=253455 chunks=1 trained_queries=1172 mean_loss=2.461481 lr=0.00297036 step=stateful RMSProp step applied
      unit 40/65 rc=41 chunks=10 trained_queries=476269 mean_loss=2.677653 lr=0.00296978 step=stateful RMSProp step applied
      unit 41/65 rc=560 chunks=2 trained_queries=98499 mean_loss=2.631107 lr=0.0029692 step=stateful RMSProp step applied
      unit 42/65 rc=36 chunks=3 trained_queries=136045 mean_loss=2.623617 lr=0.00296861 step=stateful RMSProp step applied
      unit 43/65 rc=39 chunks=6 trained_queries=267502 mean_loss=2.591147 lr=0.00296802 step=stateful RMSProp step applied
      unit 44/65 rc=14 chunks=16 trained_queries=787429 mean_loss=2.582806 lr=0.00296742 step=stateful RMSProp step applied
      unit 45/65 rc=21 chunks=3 trained_queries=135019 mean_loss=2.593353 lr=0.00296682 step=stateful RMSProp step applied
      unit 46/65 rc=541 chunks=3 trained_queries=120415 mean_loss=2.610858 lr=0.00296621 step=stateful RMSProp step applied
      unit 47/65 rc=51 chunks=9 trained_queries=409633 mean_loss=2.566679 lr=0.00296559 step=stateful RMSProp step applied
      unit 48/65 rc=2 chunks=8 trained_queries=388601 mean_loss=2.584784 lr=0.00296497 step=stateful RMSProp step applied
      unit 49/65 rc=1057 chunks=1 trained_queries=5910 mean_loss=2.640627 lr=0.00296435 step=stateful RMSProp step applied
      unit 50/65 rc=73 chunks=2 trained_queries=63481 mean_loss=2.597296 lr=0.00296372 step=stateful RMSProp step applied
      unit 51/65 rc=79 chunks=6 trained_queries=295710 mean_loss=2.601828 lr=0.00296308 step=stateful RMSProp step applied
      unit 52/65 rc=63 chunks=4 trained_queries=190096 mean_loss=2.589711 lr=0.00296244 step=stateful RMSProp step applied
      unit 53/65 rc=15 chunks=9 trained_queries=413445 mean_loss=2.574701 lr=0.00296179 step=stateful RMSProp step applied
      unit 54/65 rc=22 chunks=12 trained_queries=553466 mean_loss=2.573878 lr=0.00296114 step=stateful RMSProp step applied
      unit 55/65 rc=32 chunks=2 trained_queries=96605 mean_loss=2.572582 lr=0.00296048 step=stateful RMSProp step applied
      unit 56/65 rc=8258 chunks=1 trained_queries=5343 mean_loss=2.573388 lr=0.00295981 step=stateful RMSProp step applied
      unit 57/65 rc=3 chunks=9 trained_queries=426507 mean_loss=2.704971 lr=0.00295915 step=stateful RMSProp step applied
      unit 58/65 rc=4 chunks=9 trained_queries=420567 mean_loss=2.559571 lr=0.00295847 step=stateful RMSProp step applied
      unit 59/65 rc=5 chunks=11 trained_queries=535061 mean_loss=2.533099 lr=0.00295779 step=stateful RMSProp step applied
      unit 60/65 rc=48 chunks=5 trained_queries=235018 mean_loss=2.544652 lr=0.0029571 step=stateful RMSProp step applied
      unit 61/65 rc=164 chunks=2 trained_queries=68054 mean_loss=2.424716 lr=0.00295641 step=stateful RMSProp step applied
      unit 62/65 rc=28 chunks=3 trained_queries=147152 mean_loss=2.516329 lr=0.00295572 step=stateful RMSProp step applied
      unit 63/65 rc=9576 chunks=1 trained_queries=5204 mean_loss=2.572787 lr=0.00295501 step=stateful RMSProp step applied
      unit 64/65 rc=44 chunks=4 trained_queries=165699 mean_loss=2.548632 lr=0.00295431 step=stateful RMSProp step applied
      unit 65/65 rc=13 chunks=1 trained_queries=3594 mean_loss=2.455772 lr=0.00295359 step=stateful RMSProp step applied
    stage-epoch 2 summary trained_queries=8880137 mean_loss=2.612890
    stage-epoch 3/25
      unit 1/65 rc=17 chunks=5 trained_queries=235411 mean_loss=2.600133 lr=0.00295287 step=stateful RMSProp step applied
      unit 2/65 rc=6 chunks=25 trained_queries=1209059 mean_loss=2.575406 lr=0.00295215 step=stateful RMSProp step applied
      unit 3/65 rc=588 chunks=1 trained_queries=17780 mean_loss=2.495576 lr=0.00295142 step=stateful RMSProp step applied
      unit 4/65 rc=987290 chunks=1 trained_queries=16 mean_loss=2.548172 lr=0.00295069 step=stateful RMSProp step applied
      unit 5/65 rc=109979 chunks=1 trained_queries=41 mean_loss=2.978187 lr=0.00294995 step=stateful RMSProp step applied
      unit 6/65 rc=378 chunks=2 trained_queries=54875 mean_loss=2.926189 lr=0.0029492 step=stateful RMSProp step applied
      unit 7/65 rc=54 chunks=3 trained_queries=146903 mean_loss=2.592033 lr=0.00294845 step=stateful RMSProp step applied
      unit 8/65 rc=2061 chunks=1 trained_queries=19351 mean_loss=2.762801 lr=0.00294769 step=stateful RMSProp step applied
      unit 9/65 rc=74 chunks=1 trained_queries=35110 mean_loss=2.575959 lr=0.00294693 step=stateful RMSProp step applied
      unit 10/65 rc=849363 chunks=1 trained_queries=16 mean_loss=2.693395 lr=0.00294616 step=stateful RMSProp step applied
      unit 11/65 rc=16 chunks=2 trained_queries=74861 mean_loss=2.816083 lr=0.00294539 step=stateful RMSProp step applied
      unit 12/65 rc=547 chunks=1 trained_queries=30300 mean_loss=2.464738 lr=0.00294461 step=stateful RMSProp step applied
      unit 13/65 rc=213 chunks=1 trained_queries=15923 mean_loss=2.653354 lr=0.00294383 step=stateful RMSProp step applied
      unit 14/65 rc=78 chunks=2 trained_queries=55670 mean_loss=2.561344 lr=0.00294304 step=stateful RMSProp step applied
      unit 15/65 rc=18 chunks=1 trained_queries=19324 mean_loss=2.671602 lr=0.00294225 step=stateful RMSProp step applied
      unit 16/65 rc=7 chunks=1 trained_queries=22956 mean_loss=2.533999 lr=0.00294145 step=stateful RMSProp step applied
      unit 17/65 rc=6212 chunks=1 trained_queries=12887 mean_loss=2.574445 lr=0.00294064 step=stateful RMSProp step applied
      unit 18/65 rc=3055 chunks=1 trained_queries=37224 mean_loss=2.437952 lr=0.00293983 step=stateful RMSProp step applied
      unit 19/65 rc=1 chunks=1 trained_queries=11903 mean_loss=2.559518 lr=0.00293902 step=stateful RMSProp step applied
      unit 20/65 rc=14727 chunks=1 trained_queries=13922 mean_loss=2.544092 lr=0.0029382 step=stateful RMSProp step applied
      unit 21/65 rc=2977 chunks=1 trained_queries=20966 mean_loss=2.540857 lr=0.00293737 step=stateful RMSProp step applied
      unit 22/65 rc=497 chunks=2 trained_queries=80510 mean_loss=2.492408 lr=0.00293654 step=stateful RMSProp step applied
      unit 23/65 rc=14349 chunks=1 trained_queries=2379 mean_loss=2.640300 lr=0.0029357 step=stateful RMSProp step applied
      unit 24/65 rc=61678 chunks=1 trained_queries=6700 mean_loss=2.429781 lr=0.00293486 step=stateful RMSProp step applied
      unit 25/65 rc=416 chunks=1 trained_queries=26203 mean_loss=2.444483 lr=0.00293401 step=stateful RMSProp step applied
      unit 26/65 rc=308 chunks=1 trained_queries=20070 mean_loss=2.487741 lr=0.00293316 step=stateful RMSProp step applied
      unit 27/65 rc=522 chunks=1 trained_queries=30344 mean_loss=2.390471 lr=0.0029323 step=stateful RMSProp step applied
      unit 28/65 rc=611 chunks=1 trained_queries=37398 mean_loss=2.414353 lr=0.00293143 step=stateful RMSProp step applied
      unit 29/65 rc=7882 chunks=1 trained_queries=9984 mean_loss=2.582675 lr=0.00293056 step=stateful RMSProp step applied
      unit 30/65 rc=96207 chunks=1 trained_queries=368 mean_loss=2.379369 lr=0.00292969 step=stateful RMSProp step applied
      unit 31/65 rc=226 chunks=1 trained_queries=31432 mean_loss=2.575234 lr=0.00292881 step=stateful RMSProp step applied
      unit 32/65 rc=85 chunks=1 trained_queries=32416 mean_loss=2.516041 lr=0.00292792 step=stateful RMSProp step applied
      unit 33/65 rc=2669 chunks=2 trained_queries=52575 mean_loss=2.433660 lr=0.00292703 step=stateful RMSProp step applied
      unit 34/65 rc=3061 chunks=1 trained_queries=18981 mean_loss=2.403994 lr=0.00292614 step=stateful RMSProp step applied
      unit 35/65 rc=1714 chunks=1 trained_queries=5199 mean_loss=2.368689 lr=0.00292523 step=stateful RMSProp step applied
      unit 36/65 rc=367 chunks=1 trained_queries=25529 mean_loss=2.369714 lr=0.00292433 step=stateful RMSProp step applied
      unit 37/65 rc=435397 chunks=1 trained_queries=944 mean_loss=2.140327 lr=0.00292342 step=stateful RMSProp step applied
      unit 38/65 rc=141 chunks=1 trained_queries=13111 mean_loss=2.417650 lr=0.0029225 step=stateful RMSProp step applied
      unit 39/65 rc=253455 chunks=1 trained_queries=1172 mean_loss=2.154678 lr=0.00292158 step=stateful RMSProp step applied
      unit 40/65 rc=41 chunks=10 trained_queries=476269 mean_loss=2.569339 lr=0.00292065 step=stateful RMSProp step applied
      unit 41/65 rc=560 chunks=2 trained_queries=98499 mean_loss=2.537343 lr=0.00291971 step=stateful RMSProp step applied
      unit 42/65 rc=36 chunks=3 trained_queries=136045 mean_loss=2.541344 lr=0.00291878 step=stateful RMSProp step applied
      unit 43/65 rc=39 chunks=6 trained_queries=267502 mean_loss=2.508339 lr=0.00291783 step=stateful RMSProp step applied
      unit 44/65 rc=14 chunks=16 trained_queries=787429 mean_loss=2.500919 lr=0.00291688 step=stateful RMSProp step applied
      unit 45/65 rc=21 chunks=3 trained_queries=135019 mean_loss=2.511483 lr=0.00291593 step=stateful RMSProp step applied
      unit 46/65 rc=541 chunks=3 trained_queries=120415 mean_loss=2.528017 lr=0.00291497 step=stateful RMSProp step applied
      unit 47/65 rc=51 chunks=9 trained_queries=409633 mean_loss=2.486341 lr=0.002914 step=stateful RMSProp step applied
      unit 48/65 rc=2 chunks=8 trained_queries=388601 mean_loss=2.499754 lr=0.00291303 step=stateful RMSProp step applied
      unit 49/65 rc=1057 chunks=1 trained_queries=5910 mean_loss=2.537624 lr=0.00291206 step=stateful RMSProp step applied
      unit 50/65 rc=73 chunks=2 trained_queries=63481 mean_loss=2.491676 lr=0.00291108 step=stateful RMSProp step applied
      unit 51/65 rc=79 chunks=6 trained_queries=295710 mean_loss=2.520951 lr=0.00291009 step=stateful RMSProp step applied
      unit 52/65 rc=63 chunks=4 trained_queries=190096 mean_loss=2.490542 lr=0.0029091 step=stateful RMSProp step applied
      unit 53/65 rc=15 chunks=9 trained_queries=413445 mean_loss=2.481072 lr=0.0029081 step=stateful RMSProp step applied
      unit 54/65 rc=22 chunks=12 trained_queries=553466 mean_loss=2.480043 lr=0.0029071 step=stateful RMSProp step applied
      unit 55/65 rc=32 chunks=2 trained_queries=96605 mean_loss=2.486890 lr=0.00290609 step=stateful RMSProp step applied
      unit 56/65 rc=8258 chunks=1 trained_queries=5343 mean_loss=2.470353 lr=0.00290508 step=stateful RMSProp step applied
      unit 57/65 rc=3 chunks=9 trained_queries=426507 mean_loss=2.542465 lr=0.00290406 step=stateful RMSProp step applied
      unit 58/65 rc=4 chunks=9 trained_queries=420567 mean_loss=2.490177 lr=0.00290304 step=stateful RMSProp step applied
      unit 59/65 rc=5 chunks=11 trained_queries=535061 mean_loss=2.467454 lr=0.00290201 step=stateful RMSProp step applied
      unit 60/65 rc=48 chunks=5 trained_queries=235018 mean_loss=2.476817 lr=0.00290098 step=stateful RMSProp step applied
      unit 61/65 rc=164 chunks=2 trained_queries=68054 mean_loss=2.364063 lr=0.00289994 step=stateful RMSProp step applied
      unit 62/65 rc=28 chunks=3 trained_queries=147152 mean_loss=2.442492 lr=0.00289889 step=stateful RMSProp step applied
      unit 63/65 rc=9576 chunks=1 trained_queries=5204 mean_loss=2.467684 lr=0.00289784 step=stateful RMSProp step applied
      unit 64/65 rc=44 chunks=4 trained_queries=165699 mean_loss=2.456734 lr=0.00289679 step=stateful RMSProp step applied
      unit 65/65 rc=13 chunks=1 trained_queries=3594 mean_loss=2.338915 lr=0.00289573 step=stateful RMSProp step applied
    stage-epoch 3 summary trained_queries=8880137 mean_loss=2.519152
    stage-epoch 4/25
      unit 1/65 rc=17 chunks=5 trained_queries=235411 mean_loss=2.474679 lr=0.00289466 step=stateful RMSProp step applied
      unit 2/65 rc=6 chunks=25 trained_queries=1209059 mean_loss=2.469166 lr=0.00289359 step=stateful RMSProp step applied
      unit 3/65 rc=588 chunks=1 trained_queries=17780 mean_loss=2.403243 lr=0.00289252 step=stateful RMSProp step applied
      unit 4/65 rc=987290 chunks=1 trained_queries=16 mean_loss=2.337782 lr=0.00289144 step=stateful RMSProp step applied
      unit 5/65 rc=109979 chunks=1 trained_queries=41 mean_loss=2.774104 lr=0.00289035 step=stateful RMSProp step applied
      unit 6/65 rc=378 chunks=2 trained_queries=54875 mean_loss=2.788901 lr=0.00288926 step=stateful RMSProp step applied
      unit 7/65 rc=54 chunks=3 trained_queries=146903 mean_loss=2.512841 lr=0.00288817 step=stateful RMSProp step applied
      unit 8/65 rc=2061 chunks=1 trained_queries=19351 mean_loss=2.665952 lr=0.00288706 step=stateful RMSProp step applied
      unit 9/65 rc=74 chunks=1 trained_queries=35110 mean_loss=2.453794 lr=0.00288596 step=stateful RMSProp step applied
      unit 10/65 rc=849363 chunks=1 trained_queries=16 mean_loss=2.076498 lr=0.00288485 step=stateful RMSProp step applied
      unit 11/65 rc=16 chunks=2 trained_queries=74861 mean_loss=2.463525 lr=0.00288373 step=stateful RMSProp step applied
      unit 12/65 rc=547 chunks=1 trained_queries=30300 mean_loss=2.302112 lr=0.00288261 step=stateful RMSProp step applied
      unit 13/65 rc=213 chunks=1 trained_queries=15923 mean_loss=2.604497 lr=0.00288148 step=stateful RMSProp step applied
      unit 14/65 rc=78 chunks=2 trained_queries=55670 mean_loss=2.448555 lr=0.00288035 step=stateful RMSProp step applied
      unit 15/65 rc=18 chunks=1 trained_queries=19324 mean_loss=2.529606 lr=0.00287921 step=stateful RMSProp step applied
      unit 16/65 rc=7 chunks=1 trained_queries=22956 mean_loss=2.482984 lr=0.00287807 step=stateful RMSProp step applied
      unit 17/65 rc=6212 chunks=1 trained_queries=12887 mean_loss=2.460571 lr=0.00287692 step=stateful RMSProp step applied
      unit 18/65 rc=3055 chunks=1 trained_queries=37224 mean_loss=2.348052 lr=0.00287577 step=stateful RMSProp step applied
      unit 19/65 rc=1 chunks=1 trained_queries=11903 mean_loss=2.464141 lr=0.00287461 step=stateful RMSProp step applied
      unit 20/65 rc=14727 chunks=1 trained_queries=13922 mean_loss=2.429237 lr=0.00287345 step=stateful RMSProp step applied
      unit 21/65 rc=2977 chunks=1 trained_queries=20966 mean_loss=2.411339 lr=0.00287228 step=stateful RMSProp step applied
      unit 22/65 rc=497 chunks=2 trained_queries=80510 mean_loss=2.412721 lr=0.0028711 step=stateful RMSProp step applied
      unit 23/65 rc=14349 chunks=1 trained_queries=2379 mean_loss=2.600597 lr=0.00286992 step=stateful RMSProp step applied
      unit 24/65 rc=61678 chunks=1 trained_queries=6700 mean_loss=2.273733 lr=0.00286874 step=stateful RMSProp step applied
      unit 25/65 rc=416 chunks=1 trained_queries=26203 mean_loss=2.387522 lr=0.00286755 step=stateful RMSProp step applied
      unit 26/65 rc=308 chunks=1 trained_queries=20070 mean_loss=2.393227 lr=0.00286636 step=stateful RMSProp step applied
      unit 27/65 rc=522 chunks=1 trained_queries=30344 mean_loss=2.321993 lr=0.00286516 step=stateful RMSProp step applied
      unit 28/65 rc=611 chunks=1 trained_queries=37398 mean_loss=2.360148 lr=0.00286395 step=stateful RMSProp step applied
      unit 29/65 rc=7882 chunks=1 trained_queries=9984 mean_loss=2.505949 lr=0.00286275 step=stateful RMSProp step applied
      unit 30/65 rc=96207 chunks=1 trained_queries=368 mean_loss=2.195073 lr=0.00286153 step=stateful RMSProp step applied
      unit 31/65 rc=226 chunks=1 trained_queries=31432 mean_loss=2.502201 lr=0.00286031 step=stateful RMSProp step applied
      unit 32/65 rc=85 chunks=1 trained_queries=32416 mean_loss=2.444822 lr=0.00285909 step=stateful RMSProp step applied
      unit 33/65 rc=2669 chunks=2 trained_queries=52575 mean_loss=2.353904 lr=0.00285786 step=stateful RMSProp step applied
      unit 34/65 rc=3061 chunks=1 trained_queries=18981 mean_loss=2.330254 lr=0.00285662 step=stateful RMSProp step applied
      unit 35/65 rc=1714 chunks=1 trained_queries=5199 mean_loss=2.350544 lr=0.00285538 step=stateful RMSProp step applied
      unit 36/65 rc=367 chunks=1 trained_queries=25529 mean_loss=2.291280 lr=0.00285414 step=stateful RMSProp step applied
      unit 37/65 rc=435397 chunks=1 trained_queries=944 mean_loss=2.054606 lr=0.00285289 step=stateful RMSProp step applied
      unit 38/65 rc=141 chunks=1 trained_queries=13111 mean_loss=2.345884 lr=0.00285163 step=stateful RMSProp step applied
      unit 39/65 rc=253455 chunks=1 trained_queries=1172 mean_loss=2.105086 lr=0.00285037 step=stateful RMSProp step applied
      unit 40/65 rc=41 chunks=10 trained_queries=476269 mean_loss=2.508178 lr=0.00284911 step=stateful RMSProp step applied
      unit 41/65 rc=560 chunks=2 trained_queries=98499 mean_loss=2.482332 lr=0.00284784 step=stateful RMSProp step applied
      unit 42/65 rc=36 chunks=3 trained_queries=136045 mean_loss=2.487276 lr=0.00284656 step=stateful RMSProp step applied
      unit 43/65 rc=39 chunks=6 trained_queries=267502 mean_loss=2.450189 lr=0.00284528 step=stateful RMSProp step applied
      unit 44/65 rc=14 chunks=16 trained_queries=787429 mean_loss=2.447210 lr=0.002844 step=stateful RMSProp step applied
      unit 45/65 rc=21 chunks=3 trained_queries=135019 mean_loss=2.459361 lr=0.00284271 step=stateful RMSProp step applied
      unit 46/65 rc=541 chunks=3 trained_queries=120415 mean_loss=2.472923 lr=0.00284141 step=stateful RMSProp step applied
      unit 47/65 rc=51 chunks=9 trained_queries=409633 mean_loss=2.433460 lr=0.00284011 step=stateful RMSProp step applied
      unit 48/65 rc=2 chunks=8 trained_queries=388601 mean_loss=2.446556 lr=0.00283881 step=stateful RMSProp step applied
      unit 49/65 rc=1057 chunks=1 trained_queries=5910 mean_loss=2.480987 lr=0.0028375 step=stateful RMSProp step applied
      unit 50/65 rc=73 chunks=2 trained_queries=63481 mean_loss=2.439321 lr=0.00283618 step=stateful RMSProp step applied
      unit 51/65 rc=79 chunks=6 trained_queries=295710 mean_loss=2.465191 lr=0.00283486 step=stateful RMSProp step applied
      unit 52/65 rc=63 chunks=4 trained_queries=190096 mean_loss=2.439842 lr=0.00283353 step=stateful RMSProp step applied
      unit 53/65 rc=15 chunks=9 trained_queries=413445 mean_loss=2.432770 lr=0.0028322 step=stateful RMSProp step applied
      unit 54/65 rc=22 chunks=12 trained_queries=553466 mean_loss=2.430290 lr=0.00283087 step=stateful RMSProp step applied
      unit 55/65 rc=32 chunks=2 trained_queries=96605 mean_loss=2.440732 lr=0.00282953 step=stateful RMSProp step applied
      unit 56/65 rc=8258 chunks=1 trained_queries=5343 mean_loss=2.419425 lr=0.00282818 step=stateful RMSProp step applied
      unit 57/65 rc=3 chunks=9 trained_queries=426507 mean_loss=2.484538 lr=0.00282683 step=stateful RMSProp step applied
      unit 58/65 rc=4 chunks=9 trained_queries=420567 mean_loss=2.438695 lr=0.00282548 step=stateful RMSProp step applied
      unit 59/65 rc=5 chunks=11 trained_queries=535061 mean_loss=2.420534 lr=0.00282412 step=stateful RMSProp step applied
      unit 60/65 rc=48 chunks=5 trained_queries=235018 mean_loss=2.430467 lr=0.00282275 step=stateful RMSProp step applied
      unit 61/65 rc=164 chunks=2 trained_queries=68054 mean_loss=2.322024 lr=0.00282138 step=stateful RMSProp step applied
      unit 62/65 rc=28 chunks=3 trained_queries=147152 mean_loss=2.395207 lr=0.00282001 step=stateful RMSProp step applied
      unit 63/65 rc=9576 chunks=1 trained_queries=5204 mean_loss=2.423382 lr=0.00281863 step=stateful RMSProp step applied
      unit 64/65 rc=44 chunks=4 trained_queries=165699 mean_loss=2.396779 lr=0.00281724 step=stateful RMSProp step applied
      unit 65/65 rc=13 chunks=1 trained_queries=3594 mean_loss=2.283103 lr=0.00281585 step=stateful RMSProp step applied
    stage-epoch 4 summary trained_queries=8880137 mean_loss=2.450784
    stage-epoch 5/25
      unit 1/65 rc=17 chunks=5 trained_queries=235411 mean_loss=2.435763 lr=0.00281446 step=stateful RMSProp step applied
      unit 2/65 rc=6 chunks=25 trained_queries=1209059 mean_loss=2.442522 lr=0.00281306 step=stateful RMSProp step applied
      unit 3/65 rc=588 chunks=1 trained_queries=17780 mean_loss=2.358222 lr=0.00281166 step=stateful RMSProp step applied
      unit 4/65 rc=987290 chunks=1 trained_queries=16 mean_loss=2.087688 lr=0.00281025 step=stateful RMSProp step applied
      unit 5/65 rc=109979 chunks=1 trained_queries=41 mean_loss=2.575000 lr=0.00280883 step=stateful RMSProp step applied
      unit 6/65 rc=378 chunks=2 trained_queries=54875 mean_loss=2.754462 lr=0.00280741 step=stateful RMSProp step applied
      unit 7/65 rc=54 chunks=3 trained_queries=146903 mean_loss=2.498765 lr=0.00280599 step=stateful RMSProp step applied
      unit 8/65 rc=2061 chunks=1 trained_queries=19351 mean_loss=2.654488 lr=0.00280456 step=stateful RMSProp step applied
      unit 9/65 rc=74 chunks=1 trained_queries=35110 mean_loss=2.372653 lr=0.00280313 step=stateful RMSProp step applied
      unit 10/65 rc=849363 chunks=1 trained_queries=16 mean_loss=1.719398 lr=0.00280169 step=stateful RMSProp step applied
      unit 11/65 rc=16 chunks=2 trained_queries=74861 mean_loss=2.475224 lr=0.00280024 step=stateful RMSProp step applied
      unit 12/65 rc=547 chunks=1 trained_queries=30300 mean_loss=2.352237 lr=0.0027988 step=stateful RMSProp step applied
      unit 13/65 rc=213 chunks=1 trained_queries=15923 mean_loss=2.504531 lr=0.00279734 step=stateful RMSProp step applied
      unit 14/65 rc=78 chunks=2 trained_queries=55670 mean_loss=2.412815 lr=0.00279589 step=stateful RMSProp step applied
      unit 15/65 rc=18 chunks=1 trained_queries=19324 mean_loss=2.461088 lr=0.00279442 step=stateful RMSProp step applied
      unit 16/65 rc=7 chunks=1 trained_queries=22956 mean_loss=2.411322 lr=0.00279295 step=stateful RMSProp step applied
      unit 17/65 rc=6212 chunks=1 trained_queries=12887 mean_loss=2.388220 lr=0.00279148 step=stateful RMSProp step applied
      unit 18/65 rc=3055 chunks=1 trained_queries=37224 mean_loss=2.276137 lr=0.00279 step=stateful RMSProp step applied
      unit 19/65 rc=1 chunks=1 trained_queries=11903 mean_loss=2.419696 lr=0.00278852 step=stateful RMSProp step applied
      unit 20/65 rc=14727 chunks=1 trained_queries=13922 mean_loss=2.421990 lr=0.00278704 step=stateful RMSProp step applied
      unit 21/65 rc=2977 chunks=1 trained_queries=20966 mean_loss=2.358910 lr=0.00278554 step=stateful RMSProp step applied
      unit 22/65 rc=497 chunks=2 trained_queries=80510 mean_loss=2.395944 lr=0.00278405 step=stateful RMSProp step applied
      unit 23/65 rc=14349 chunks=1 trained_queries=2379 mean_loss=2.573850 lr=0.00278255 step=stateful RMSProp step applied
      unit 24/65 rc=61678 chunks=1 trained_queries=6700 mean_loss=2.250876 lr=0.00278104 step=stateful RMSProp step applied
      unit 25/65 rc=416 chunks=1 trained_queries=26203 mean_loss=2.324370 lr=0.00277953 step=stateful RMSProp step applied
      unit 26/65 rc=308 chunks=1 trained_queries=20070 mean_loss=2.361611 lr=0.00277801 step=stateful RMSProp step applied
      unit 27/65 rc=522 chunks=1 trained_queries=30344 mean_loss=2.258589 lr=0.00277649 step=stateful RMSProp step applied
      unit 28/65 rc=611 chunks=1 trained_queries=37398 mean_loss=2.317108 lr=0.00277497 step=stateful RMSProp step applied
      unit 29/65 rc=7882 chunks=1 trained_queries=9984 mean_loss=2.437449 lr=0.00277344 step=stateful RMSProp step applied
      unit 30/65 rc=96207 chunks=1 trained_queries=368 mean_loss=2.183794 lr=0.0027719 step=stateful RMSProp step applied
      unit 31/65 rc=226 chunks=1 trained_queries=31432 mean_loss=2.389836 lr=0.00277036 step=stateful RMSProp step applied
      unit 32/65 rc=85 chunks=1 trained_queries=32416 mean_loss=2.383895 lr=0.00276882 step=stateful RMSProp step applied
      unit 33/65 rc=2669 chunks=2 trained_queries=52575 mean_loss=2.317854 lr=0.00276727 step=stateful RMSProp step applied
      unit 34/65 rc=3061 chunks=1 trained_queries=18981 mean_loss=2.189547 lr=0.00276571 step=stateful RMSProp step applied
      unit 35/65 rc=1714 chunks=1 trained_queries=5199 mean_loss=2.304059 lr=0.00276416 step=stateful RMSProp step applied
      unit 36/65 rc=367 chunks=1 trained_queries=25529 mean_loss=2.265430 lr=0.00276259 step=stateful RMSProp step applied
      unit 37/65 rc=435397 chunks=1 trained_queries=944 mean_loss=2.003043 lr=0.00276102 step=stateful RMSProp step applied
      unit 38/65 rc=141 chunks=1 trained_queries=13111 mean_loss=2.304169 lr=0.00275945 step=stateful RMSProp step applied
      unit 39/65 rc=253455 chunks=1 trained_queries=1172 mean_loss=1.940497 lr=0.00275787 step=stateful RMSProp step applied
      unit 40/65 rc=41 chunks=10 trained_queries=476269 mean_loss=2.461067 lr=0.00275629 step=stateful RMSProp step applied
      unit 41/65 rc=560 chunks=2 trained_queries=98499 mean_loss=2.435491 lr=0.00275471 step=stateful RMSProp step applied
      unit 42/65 rc=36 chunks=3 trained_queries=136045 mean_loss=2.440826 lr=0.00275311 step=stateful RMSProp step applied
      unit 43/65 rc=39 chunks=6 trained_queries=267502 mean_loss=2.407447 lr=0.00275152 step=stateful RMSProp step applied
      unit 44/65 rc=14 chunks=16 trained_queries=787429 mean_loss=2.398451 lr=0.00274992 step=stateful RMSProp step applied
      unit 45/65 rc=21 chunks=3 trained_queries=135019 mean_loss=2.424873 lr=0.00274831 step=stateful RMSProp step applied
      unit 46/65 rc=541 chunks=3 trained_queries=120415 mean_loss=2.432310 lr=0.0027467 step=stateful RMSProp step applied
      unit 47/65 rc=51 chunks=9 trained_queries=409633 mean_loss=2.395225 lr=0.00274509 step=stateful RMSProp step applied
      unit 48/65 rc=2 chunks=8 trained_queries=388601 mean_loss=2.404039 lr=0.00274347 step=stateful RMSProp step applied
      unit 49/65 rc=1057 chunks=1 trained_queries=5910 mean_loss=2.437475 lr=0.00274184 step=stateful RMSProp step applied
      unit 50/65 rc=73 chunks=2 trained_queries=63481 mean_loss=2.402809 lr=0.00274021 step=stateful RMSProp step applied
      unit 51/65 rc=79 chunks=6 trained_queries=295710 mean_loss=2.424178 lr=0.00273858 step=stateful RMSProp step applied
      unit 52/65 rc=63 chunks=4 trained_queries=190096 mean_loss=2.398289 lr=0.00273694 step=stateful RMSProp step applied
      unit 53/65 rc=15 chunks=9 trained_queries=413445 mean_loss=2.394222 lr=0.0027353 step=stateful RMSProp step applied
      unit 54/65 rc=22 chunks=12 trained_queries=553466 mean_loss=2.391744 lr=0.00273365 step=stateful RMSProp step applied
      unit 55/65 rc=32 chunks=2 trained_queries=96605 mean_loss=2.405587 lr=0.002732 step=stateful RMSProp step applied
      unit 56/65 rc=8258 chunks=1 trained_queries=5343 mean_loss=2.341035 lr=0.00273034 step=stateful RMSProp step applied
      unit 57/65 rc=3 chunks=9 trained_queries=426507 mean_loss=2.426334 lr=0.00272868 step=stateful RMSProp step applied
      unit 58/65 rc=4 chunks=9 trained_queries=420567 mean_loss=2.389141 lr=0.00272702 step=stateful RMSProp step applied
      unit 59/65 rc=5 chunks=11 trained_queries=535061 mean_loss=2.380500 lr=0.00272535 step=stateful RMSProp step applied
      unit 60/65 rc=48 chunks=5 trained_queries=235018 mean_loss=2.391710 lr=0.00272367 step=stateful RMSProp step applied
      unit 61/65 rc=164 chunks=2 trained_queries=68054 mean_loss=2.283391 lr=0.00272199 step=stateful RMSProp step applied
      unit 62/65 rc=28 chunks=3 trained_queries=147152 mean_loss=2.352471 lr=0.00272031 step=stateful RMSProp step applied
      unit 63/65 rc=9576 chunks=1 trained_queries=5204 mean_loss=2.394169 lr=0.00271862 step=stateful RMSProp step applied
      unit 64/65 rc=44 chunks=4 trained_queries=165699 mean_loss=2.361942 lr=0.00271693 step=stateful RMSProp step applied
      unit 65/65 rc=13 chunks=1 trained_queries=3594 mean_loss=2.230392 lr=0.00271523 step=stateful RMSProp step applied
    stage-epoch 5 summary trained_queries=8880137 mean_loss=2.410424
    stage-epoch 6/25
      unit 1/65 rc=17 chunks=5 trained_queries=235411 mean_loss=2.374947 lr=0.00271353 step=stateful RMSProp step applied
      unit 2/65 rc=6 chunks=25 trained_queries=1209059 mean_loss=2.390331 lr=0.00271182 step=stateful RMSProp step applied
      unit 3/65 rc=588 chunks=1 trained_queries=17780 mean_loss=2.300738 lr=0.00271011 step=stateful RMSProp step applied
      unit 4/65 rc=987290 chunks=1 trained_queries=16 mean_loss=1.946241 lr=0.00270839 step=stateful RMSProp step applied
      unit 5/65 rc=109979 chunks=1 trained_queries=41 mean_loss=2.437456 lr=0.00270667 step=stateful RMSProp step applied
      unit 6/65 rc=378 chunks=2 trained_queries=54875 mean_loss=2.694368 lr=0.00270495 step=stateful RMSProp step applied
      unit 7/65 rc=54 chunks=3 trained_queries=146903 mean_loss=2.454907 lr=0.00270322 step=stateful RMSProp step applied
      unit 8/65 rc=2061 chunks=1 trained_queries=19351 mean_loss=2.597020 lr=0.00270148 step=stateful RMSProp step applied
      unit 9/65 rc=74 chunks=1 trained_queries=35110 mean_loss=2.298499 lr=0.00269974 step=stateful RMSProp step applied
      unit 10/65 rc=849363 chunks=1 trained_queries=16 mean_loss=1.635589 lr=0.002698 step=stateful RMSProp step applied
      unit 11/65 rc=16 chunks=2 trained_queries=74861 mean_loss=2.384281 lr=0.00269625 step=stateful RMSProp step applied
      unit 12/65 rc=547 chunks=1 trained_queries=30300 mean_loss=2.246471 lr=0.0026945 step=stateful RMSProp step applied
      unit 13/65 rc=213 chunks=1 trained_queries=15923 mean_loss=2.396507 lr=0.00269275 step=stateful RMSProp step applied
      unit 14/65 rc=78 chunks=2 trained_queries=55670 mean_loss=2.381009 lr=0.00269099 step=stateful RMSProp step applied
      unit 15/65 rc=18 chunks=1 trained_queries=19324 mean_loss=2.433350 lr=0.00268922 step=stateful RMSProp step applied
      unit 16/65 rc=7 chunks=1 trained_queries=22956 mean_loss=2.346977 lr=0.00268745 step=stateful RMSProp step applied
      unit 17/65 rc=6212 chunks=1 trained_queries=12887 mean_loss=2.304605 lr=0.00268568 step=stateful RMSProp step applied
      unit 18/65 rc=3055 chunks=1 trained_queries=37224 mean_loss=2.212113 lr=0.0026839 step=stateful RMSProp step applied
      unit 19/65 rc=1 chunks=1 trained_queries=11903 mean_loss=2.393405 lr=0.00268212 step=stateful RMSProp step applied
      unit 20/65 rc=14727 chunks=1 trained_queries=13922 mean_loss=2.374808 lr=0.00268033 step=stateful RMSProp step applied
      unit 21/65 rc=2977 chunks=1 trained_queries=20966 mean_loss=2.360198 lr=0.00267854 step=stateful RMSProp step applied
      unit 22/65 rc=497 chunks=2 trained_queries=80510 mean_loss=2.376521 lr=0.00267674 step=stateful RMSProp step applied
      unit 23/65 rc=14349 chunks=1 trained_queries=2379 mean_loss=2.451256 lr=0.00267494 step=stateful RMSProp step applied
      unit 24/65 rc=61678 chunks=1 trained_queries=6700 mean_loss=2.087537 lr=0.00267313 step=stateful RMSProp step applied
      unit 25/65 rc=416 chunks=1 trained_queries=26203 mean_loss=2.310968 lr=0.00267133 step=stateful RMSProp step applied
      unit 26/65 rc=308 chunks=1 trained_queries=20070 mean_loss=2.328001 lr=0.00266951 step=stateful RMSProp step applied
      unit 27/65 rc=522 chunks=1 trained_queries=30344 mean_loss=2.206551 lr=0.00266769 step=stateful RMSProp step applied
      unit 28/65 rc=611 chunks=1 trained_queries=37398 mean_loss=2.294534 lr=0.00266587 step=stateful RMSProp step applied
      unit 29/65 rc=7882 chunks=1 trained_queries=9984 mean_loss=2.385548 lr=0.00266404 step=stateful RMSProp step applied
      unit 30/65 rc=96207 chunks=1 trained_queries=368 mean_loss=2.049613 lr=0.00266221 step=stateful RMSProp step applied
      unit 31/65 rc=226 chunks=1 trained_queries=31432 mean_loss=2.319917 lr=0.00266038 step=stateful RMSProp step applied
      unit 32/65 rc=85 chunks=1 trained_queries=32416 mean_loss=2.344260 lr=0.00265854 step=stateful RMSProp step applied
      unit 33/65 rc=2669 chunks=2 trained_queries=52575 mean_loss=2.272074 lr=0.00265669 step=stateful RMSProp step applied
      unit 34/65 rc=3061 chunks=1 trained_queries=18981 mean_loss=2.134773 lr=0.00265485 step=stateful RMSProp step applied
      unit 35/65 rc=1714 chunks=1 trained_queries=5199 mean_loss=2.195583 lr=0.00265299 step=stateful RMSProp step applied
      unit 36/65 rc=367 chunks=1 trained_queries=25529 mean_loss=2.212494 lr=0.00265114 step=stateful RMSProp step applied
      unit 37/65 rc=435397 chunks=1 trained_queries=944 mean_loss=1.960115 lr=0.00264927 step=stateful RMSProp step applied
      unit 38/65 rc=141 chunks=1 trained_queries=13111 mean_loss=2.264475 lr=0.00264741 step=stateful RMSProp step applied
      unit 39/65 rc=253455 chunks=1 trained_queries=1172 mean_loss=1.919466 lr=0.00264554 step=stateful RMSProp step applied
      unit 40/65 rc=41 chunks=10 trained_queries=476269 mean_loss=2.421571 lr=0.00264366 step=stateful RMSProp step applied
      unit 41/65 rc=560 chunks=2 trained_queries=98499 mean_loss=2.403882 lr=0.00264179 step=stateful RMSProp step applied
      unit 42/65 rc=36 chunks=3 trained_queries=136045 mean_loss=2.410962 lr=0.0026399 step=stateful RMSProp step applied
      unit 43/65 rc=39 chunks=6 trained_queries=267502 mean_loss=2.375358 lr=0.00263802 step=stateful RMSProp step applied
      unit 44/65 rc=14 chunks=16 trained_queries=787429 mean_loss=2.364962 lr=0.00263612 step=stateful RMSProp step applied
      unit 45/65 rc=21 chunks=3 trained_queries=135019 mean_loss=2.394068 lr=0.00263423 step=stateful RMSProp step applied
      unit 46/65 rc=541 chunks=3 trained_queries=120415 mean_loss=2.399987 lr=0.00263233 step=stateful RMSProp step applied
      unit 47/65 rc=51 chunks=9 trained_queries=409633 mean_loss=2.360174 lr=0.00263042 step=stateful RMSProp step applied
      unit 48/65 rc=2 chunks=8 trained_queries=388601 mean_loss=2.362694 lr=0.00262852 step=stateful RMSProp step applied
      unit 49/65 rc=1057 chunks=1 trained_queries=5910 mean_loss=2.378236 lr=0.0026266 step=stateful RMSProp step applied
      unit 50/65 rc=73 chunks=2 trained_queries=63481 mean_loss=2.365668 lr=0.00262469 step=stateful RMSProp step applied
      unit 51/65 rc=79 chunks=6 trained_queries=295710 mean_loss=2.378881 lr=0.00262277 step=stateful RMSProp step applied
      unit 52/65 rc=63 chunks=4 trained_queries=190096 mean_loss=2.358063 lr=0.00262084 step=stateful RMSProp step applied
      unit 53/65 rc=15 chunks=9 trained_queries=413445 mean_loss=2.353605 lr=0.00261891 step=stateful RMSProp step applied
      unit 54/65 rc=22 chunks=12 trained_queries=553466 mean_loss=2.352885 lr=0.00261698 step=stateful RMSProp step applied
      unit 55/65 rc=32 chunks=2 trained_queries=96605 mean_loss=2.370020 lr=0.00261504 step=stateful RMSProp step applied
      unit 56/65 rc=8258 chunks=1 trained_queries=5343 mean_loss=2.302358 lr=0.0026131 step=stateful RMSProp step applied
      unit 57/65 rc=3 chunks=9 trained_queries=426507 mean_loss=2.393898 lr=0.00261115 step=stateful RMSProp step applied
      unit 58/65 rc=4 chunks=9 trained_queries=420567 mean_loss=2.359208 lr=0.0026092 step=stateful RMSProp step applied
      unit 59/65 rc=5 chunks=11 trained_queries=535061 mean_loss=2.343137 lr=0.00260725 step=stateful RMSProp step applied
      unit 60/65 rc=48 chunks=5 trained_queries=235018 mean_loss=2.353820 lr=0.00260529 step=stateful RMSProp step applied
      unit 61/65 rc=164 chunks=2 trained_queries=68054 mean_loss=2.253424 lr=0.00260333 step=stateful RMSProp step applied
      unit 62/65 rc=28 chunks=3 trained_queries=147152 mean_loss=2.327875 lr=0.00260136 step=stateful RMSProp step applied
      unit 63/65 rc=9576 chunks=1 trained_queries=5204 mean_loss=2.358077 lr=0.00259939 step=stateful RMSProp step applied
      unit 64/65 rc=44 chunks=4 trained_queries=165699 mean_loss=2.322362 lr=0.00259742 step=stateful RMSProp step applied
      unit 65/65 rc=13 chunks=1 trained_queries=3594 mean_loss=2.200111 lr=0.00259544 step=stateful RMSProp step applied
    stage-epoch 6 summary trained_queries=8880137 mean_loss=2.369753
    stage-epoch 7/25
      unit 1/65 rc=17 chunks=5 trained_queries=235411 mean_loss=2.328841 lr=0.00259345 step=stateful RMSProp step applied
      unit 2/65 rc=6 chunks=25 trained_queries=1209059 mean_loss=2.343473 lr=0.00259147 step=stateful RMSProp step applied
      unit 3/65 rc=588 chunks=1 trained_queries=17780 mean_loss=2.247183 lr=0.00258947 step=stateful RMSProp step applied
      unit 4/65 rc=987290 chunks=1 trained_queries=16 mean_loss=1.695864 lr=0.00258748 step=stateful RMSProp step applied
      unit 5/65 rc=109979 chunks=1 trained_queries=41 mean_loss=2.384264 lr=0.00258548 step=stateful RMSProp step applied
      unit 6/65 rc=378 chunks=2 trained_queries=54875 mean_loss=2.589959 lr=0.00258348 step=stateful RMSProp step applied
      unit 7/65 rc=54 chunks=3 trained_queries=146903 mean_loss=2.386395 lr=0.00258147 step=stateful RMSProp step applied
      unit 8/65 rc=2061 chunks=1 trained_queries=19351 mean_loss=2.528967 lr=0.00257946 step=stateful RMSProp step applied
      unit 9/65 rc=74 chunks=1 trained_queries=35110 mean_loss=2.205901 lr=0.00257744 step=stateful RMSProp step applied
      unit 10/65 rc=849363 chunks=1 trained_queries=16 mean_loss=1.275656 lr=0.00257542 step=stateful RMSProp step applied
      unit 11/65 rc=16 chunks=2 trained_queries=74861 mean_loss=2.264536 lr=0.0025734 step=stateful RMSProp step applied
      unit 12/65 rc=547 chunks=1 trained_queries=30300 mean_loss=2.176129 lr=0.00257137 step=stateful RMSProp step applied
      unit 13/65 rc=213 chunks=1 trained_queries=15923 mean_loss=2.330917 lr=0.00256934 step=stateful RMSProp step applied
      unit 14/65 rc=78 chunks=2 trained_queries=55670 mean_loss=2.342054 lr=0.0025673 step=stateful RMSProp step applied
      unit 15/65 rc=18 chunks=1 trained_queries=19324 mean_loss=2.372087 lr=0.00256526 step=stateful RMSProp step applied
      unit 16/65 rc=7 chunks=1 trained_queries=22956 mean_loss=2.289115 lr=0.00256322 step=stateful RMSProp step applied
      unit 17/65 rc=6212 chunks=1 trained_queries=12887 mean_loss=2.281105 lr=0.00256117 step=stateful RMSProp step applied
      unit 18/65 rc=3055 chunks=1 trained_queries=37224 mean_loss=2.175649 lr=0.00255912 step=stateful RMSProp step applied
      unit 19/65 rc=1 chunks=1 trained_queries=11903 mean_loss=2.349224 lr=0.00255707 step=stateful RMSProp step applied
      unit 20/65 rc=14727 chunks=1 trained_queries=13922 mean_loss=2.250317 lr=0.00255501 step=stateful RMSProp step applied
      unit 21/65 rc=2977 chunks=1 trained_queries=20966 mean_loss=2.256035 lr=0.00255294 step=stateful RMSProp step applied
      unit 22/65 rc=497 chunks=2 trained_queries=80510 mean_loss=2.308402 lr=0.00255088 step=stateful RMSProp step applied
      unit 23/65 rc=14349 chunks=1 trained_queries=2379 mean_loss=2.328302 lr=0.0025488 step=stateful RMSProp step applied
      unit 24/65 rc=61678 chunks=1 trained_queries=6700 mean_loss=1.982942 lr=0.00254673 step=stateful RMSProp step applied
      unit 25/65 rc=416 chunks=1 trained_queries=26203 mean_loss=2.264036 lr=0.00254465 step=stateful RMSProp step applied
      unit 26/65 rc=308 chunks=1 trained_queries=20070 mean_loss=2.284460 lr=0.00254257 step=stateful RMSProp step applied
      unit 27/65 rc=522 chunks=1 trained_queries=30344 mean_loss=2.145630 lr=0.00254048 step=stateful RMSProp step applied
      unit 28/65 rc=611 chunks=1 trained_queries=37398 mean_loss=2.259228 lr=0.00253839 step=stateful RMSProp step applied
      unit 29/65 rc=7882 chunks=1 trained_queries=9984 mean_loss=2.349679 lr=0.00253629 step=stateful RMSProp step applied
      unit 30/65 rc=96207 chunks=1 trained_queries=368 mean_loss=1.836280 lr=0.0025342 step=stateful RMSProp step applied
      unit 31/65 rc=226 chunks=1 trained_queries=31432 mean_loss=2.308874 lr=0.00253209 step=stateful RMSProp step applied
      unit 32/65 rc=85 chunks=1 trained_queries=32416 mean_loss=2.307519 lr=0.00252999 step=stateful RMSProp step applied
      unit 33/65 rc=2669 chunks=2 trained_queries=52575 mean_loss=2.238570 lr=0.00252788 step=stateful RMSProp step applied
      unit 34/65 rc=3061 chunks=1 trained_queries=18981 mean_loss=2.086730 lr=0.00252576 step=stateful RMSProp step applied
      unit 35/65 rc=1714 chunks=1 trained_queries=5199 mean_loss=2.170381 lr=0.00252365 step=stateful RMSProp step applied
      unit 36/65 rc=367 chunks=1 trained_queries=25529 mean_loss=2.169950 lr=0.00252152 step=stateful RMSProp step applied
      unit 37/65 rc=435397 chunks=1 trained_queries=944 mean_loss=1.934188 lr=0.0025194 step=stateful RMSProp step applied
      unit 38/65 rc=141 chunks=1 trained_queries=13111 mean_loss=2.227191 lr=0.00251727 step=stateful RMSProp step applied
      unit 39/65 rc=253455 chunks=1 trained_queries=1172 mean_loss=1.763700 lr=0.00251514 step=stateful RMSProp step applied
      unit 40/65 rc=41 chunks=10 trained_queries=476269 mean_loss=2.382371 lr=0.002513 step=stateful RMSProp step applied
      unit 41/65 rc=560 chunks=2 trained_queries=98499 mean_loss=2.363102 lr=0.00251086 step=stateful RMSProp step applied
      unit 42/65 rc=36 chunks=3 trained_queries=136045 mean_loss=2.364408 lr=0.00250871 step=stateful RMSProp step applied
      unit 43/65 rc=39 chunks=6 trained_queries=267502 mean_loss=2.332115 lr=0.00250657 step=stateful RMSProp step applied
      unit 44/65 rc=14 chunks=16 trained_queries=787429 mean_loss=2.318144 lr=0.00250441 step=stateful RMSProp step applied
      unit 45/65 rc=21 chunks=3 trained_queries=135019 mean_loss=2.351674 lr=0.00250226 step=stateful RMSProp step applied
      unit 46/65 rc=541 chunks=3 trained_queries=120415 mean_loss=2.357095 lr=0.0025001 step=stateful RMSProp step applied
      unit 47/65 rc=51 chunks=9 trained_queries=409633 mean_loss=2.318659 lr=0.00249794 step=stateful RMSProp step applied
      unit 48/65 rc=2 chunks=8 trained_queries=388601 mean_loss=2.326905 lr=0.00249577 step=stateful RMSProp step applied
      unit 49/65 rc=1057 chunks=1 trained_queries=5910 mean_loss=2.329471 lr=0.0024936 step=stateful RMSProp step applied
      unit 50/65 rc=73 chunks=2 trained_queries=63481 mean_loss=2.308348 lr=0.00249142 step=stateful RMSProp step applied
      unit 51/65 rc=79 chunks=6 trained_queries=295710 mean_loss=2.341185 lr=0.00248925 step=stateful RMSProp step applied
      unit 52/65 rc=63 chunks=4 trained_queries=190096 mean_loss=2.315100 lr=0.00248706 step=stateful RMSProp step applied
      unit 53/65 rc=15 chunks=9 trained_queries=413445 mean_loss=2.316698 lr=0.00248488 step=stateful RMSProp step applied
      unit 54/65 rc=22 chunks=12 trained_queries=553466 mean_loss=2.311550 lr=0.00248269 step=stateful RMSProp step applied
      unit 55/65 rc=32 chunks=2 trained_queries=96605 mean_loss=2.338316 lr=0.0024805 step=stateful RMSProp step applied
      unit 56/65 rc=8258 chunks=1 trained_queries=5343 mean_loss=2.261950 lr=0.0024783 step=stateful RMSProp step applied
      unit 57/65 rc=3 chunks=9 trained_queries=426507 mean_loss=2.359426 lr=0.0024761 step=stateful RMSProp step applied
      unit 58/65 rc=4 chunks=9 trained_queries=420567 mean_loss=2.322091 lr=0.0024739 step=stateful RMSProp step applied
      unit 59/65 rc=5 chunks=11 trained_queries=535061 mean_loss=2.302409 lr=0.00247169 step=stateful RMSProp step applied
      unit 60/65 rc=48 chunks=5 trained_queries=235018 mean_loss=2.316165 lr=0.00246948 step=stateful RMSProp step applied
      unit 61/65 rc=164 chunks=2 trained_queries=68054 mean_loss=2.217835 lr=0.00246726 step=stateful RMSProp step applied
      unit 62/65 rc=28 chunks=3 trained_queries=147152 mean_loss=2.288698 lr=0.00246505 step=stateful RMSProp step applied
      unit 63/65 rc=9576 chunks=1 trained_queries=5204 mean_loss=2.325088 lr=0.00246282 step=stateful RMSProp step applied
      unit 64/65 rc=44 chunks=4 trained_queries=165699 mean_loss=2.283790 lr=0.0024606 step=stateful RMSProp step applied
      unit 65/65 rc=13 chunks=1 trained_queries=3594 mean_loss=2.147978 lr=0.00245837 step=stateful RMSProp step applied
    stage-epoch 7 summary trained_queries=8880137 mean_loss=2.325849
    stage-epoch 8/25
      unit 1/65 rc=17 chunks=5 trained_queries=235411 mean_loss=2.288533 lr=0.00245614 step=stateful RMSProp step applied
      unit 2/65 rc=6 chunks=25 trained_queries=1209059 mean_loss=2.307323 lr=0.0024539 step=stateful RMSProp step applied
      unit 3/65 rc=588 chunks=1 trained_queries=17780 mean_loss=2.232135 lr=0.00245166 step=stateful RMSProp step applied
      unit 4/65 rc=987290 chunks=1 trained_queries=16 mean_loss=1.576843 lr=0.00244942 step=stateful RMSProp step applied
      unit 5/65 rc=109979 chunks=1 trained_queries=41 mean_loss=2.186591 lr=0.00244717 step=stateful RMSProp step applied
      unit 6/65 rc=378 chunks=2 trained_queries=54875 mean_loss=2.629307 lr=0.00244492 step=stateful RMSProp step applied
      unit 7/65 rc=54 chunks=3 trained_queries=146903 mean_loss=2.426409 lr=0.00244267 step=stateful RMSProp step applied
      unit 8/65 rc=2061 chunks=1 trained_queries=19351 mean_loss=2.547865 lr=0.00244041 step=stateful RMSProp step applied
      unit 9/65 rc=74 chunks=1 trained_queries=35110 mean_loss=2.215585 lr=0.00243815 step=stateful RMSProp step applied
      unit 10/65 rc=849363 chunks=1 trained_queries=16 mean_loss=1.179155 lr=0.00243588 step=stateful RMSProp step applied
      unit 11/65 rc=16 chunks=2 trained_queries=74861 mean_loss=2.316809 lr=0.00243361 step=stateful RMSProp step applied
      unit 12/65 rc=547 chunks=1 trained_queries=30300 mean_loss=2.199732 lr=0.00243134 step=stateful RMSProp step applied
      unit 13/65 rc=213 chunks=1 trained_queries=15923 mean_loss=2.384544 lr=0.00242907 step=stateful RMSProp step applied
      unit 14/65 rc=78 chunks=2 trained_queries=55670 mean_loss=2.353150 lr=0.00242679 step=stateful RMSProp step applied
      unit 15/65 rc=18 chunks=1 trained_queries=19324 mean_loss=2.373893 lr=0.00242451 step=stateful RMSProp step applied
      unit 16/65 rc=7 chunks=1 trained_queries=22956 mean_loss=2.238669 lr=0.00242222 step=stateful RMSProp step applied
      unit 17/65 rc=6212 chunks=1 trained_queries=12887 mean_loss=2.251096 lr=0.00241993 step=stateful RMSProp step applied
      unit 18/65 rc=3055 chunks=1 trained_queries=37224 mean_loss=2.148436 lr=0.00241764 step=stateful RMSProp step applied
      unit 19/65 rc=1 chunks=1 trained_queries=11903 mean_loss=2.337447 lr=0.00241535 step=stateful RMSProp step applied
      unit 20/65 rc=14727 chunks=1 trained_queries=13922 mean_loss=2.247056 lr=0.00241305 step=stateful RMSProp step applied
      unit 21/65 rc=2977 chunks=1 trained_queries=20966 mean_loss=2.239338 lr=0.00241074 step=stateful RMSProp step applied
      unit 22/65 rc=497 chunks=2 trained_queries=80510 mean_loss=2.267876 lr=0.00240844 step=stateful RMSProp step applied
      unit 23/65 rc=14349 chunks=1 trained_queries=2379 mean_loss=2.376962 lr=0.00240613 step=stateful RMSProp step applied
      unit 24/65 rc=61678 chunks=1 trained_queries=6700 mean_loss=1.921227 lr=0.00240382 step=stateful RMSProp step applied
      unit 25/65 rc=416 chunks=1 trained_queries=26203 mean_loss=2.218604 lr=0.0024015 step=stateful RMSProp step applied
      unit 26/65 rc=308 chunks=1 trained_queries=20070 mean_loss=2.278585 lr=0.00239918 step=stateful RMSProp step applied
      unit 27/65 rc=522 chunks=1 trained_queries=30344 mean_loss=2.106094 lr=0.00239686 step=stateful RMSProp step applied
      unit 28/65 rc=611 chunks=1 trained_queries=37398 mean_loss=2.230384 lr=0.00239453 step=stateful RMSProp step applied
      unit 29/65 rc=7882 chunks=1 trained_queries=9984 mean_loss=2.314672 lr=0.0023922 step=stateful RMSProp step applied
      unit 30/65 rc=96207 chunks=1 trained_queries=368 mean_loss=1.708120 lr=0.00238987 step=stateful RMSProp step applied
      unit 31/65 rc=226 chunks=1 trained_queries=31432 mean_loss=2.256378 lr=0.00238753 step=stateful RMSProp step applied
      unit 32/65 rc=85 chunks=1 trained_queries=32416 mean_loss=2.298338 lr=0.00238519 step=stateful RMSProp step applied
      unit 33/65 rc=2669 chunks=2 trained_queries=52575 mean_loss=2.242482 lr=0.00238285 step=stateful RMSProp step applied
      unit 34/65 rc=3061 chunks=1 trained_queries=18981 mean_loss=2.074005 lr=0.0023805 step=stateful RMSProp step applied
      unit 35/65 rc=1714 chunks=1 trained_queries=5199 mean_loss=2.088712 lr=0.00237815 step=stateful RMSProp step applied
      unit 36/65 rc=367 chunks=1 trained_queries=25529 mean_loss=2.154254 lr=0.0023758 step=stateful RMSProp step applied
      unit 37/65 rc=435397 chunks=1 trained_queries=944 mean_loss=1.932018 lr=0.00237345 step=stateful RMSProp step applied
      unit 38/65 rc=141 chunks=1 trained_queries=13111 mean_loss=2.213784 lr=0.00237109 step=stateful RMSProp step applied
      unit 39/65 rc=253455 chunks=1 trained_queries=1172 mean_loss=1.751710 lr=0.00236872 step=stateful RMSProp step applied
      unit 40/65 rc=41 chunks=10 trained_queries=476269 mean_loss=2.381351 lr=0.00236636 step=stateful RMSProp step applied
      unit 41/65 rc=560 chunks=2 trained_queries=98499 mean_loss=2.363097 lr=0.00236399 step=stateful RMSProp step applied
      unit 42/65 rc=36 chunks=3 trained_queries=136045 mean_loss=2.363456 lr=0.00236162 step=stateful RMSProp step applied
      unit 43/65 rc=39 chunks=6 trained_queries=267502 mean_loss=2.327775 lr=0.00235924 step=stateful RMSProp step applied
      unit 44/65 rc=14 chunks=16 trained_queries=787429 mean_loss=2.314184 lr=0.00235686 step=stateful RMSProp step applied
      unit 45/65 rc=21 chunks=3 trained_queries=135019 mean_loss=2.346661 lr=0.00235448 step=stateful RMSProp step applied
      unit 46/65 rc=541 chunks=3 trained_queries=120415 mean_loss=2.358075 lr=0.0023521 step=stateful RMSProp step applied
      unit 47/65 rc=51 chunks=9 trained_queries=409633 mean_loss=2.314207 lr=0.00234971 step=stateful RMSProp step applied
      unit 48/65 rc=2 chunks=8 trained_queries=388601 mean_loss=2.319817 lr=0.00234732 step=stateful RMSProp step applied
      unit 49/65 rc=1057 chunks=1 trained_queries=5910 mean_loss=2.313775 lr=0.00234492 step=stateful RMSProp step applied
      unit 50/65 rc=73 chunks=2 trained_queries=63481 mean_loss=2.301149 lr=0.00234253 step=stateful RMSProp step applied
      unit 51/65 rc=79 chunks=6 trained_queries=295710 mean_loss=2.366054 lr=0.00234012 step=stateful RMSProp step applied
      unit 52/65 rc=63 chunks=4 trained_queries=190096 mean_loss=2.324708 lr=0.00233772 step=stateful RMSProp step applied
      unit 53/65 rc=15 chunks=9 trained_queries=413445 mean_loss=2.316701 lr=0.00233531 step=stateful RMSProp step applied
      unit 54/65 rc=22 chunks=12 trained_queries=553466 mean_loss=2.310739 lr=0.0023329 step=stateful RMSProp step applied
      unit 55/65 rc=32 chunks=2 trained_queries=96605 mean_loss=2.340643 lr=0.00233049 step=stateful RMSProp step applied
      unit 56/65 rc=8258 chunks=1 trained_queries=5343 mean_loss=2.251199 lr=0.00232807 step=stateful RMSProp step applied
      unit 57/65 rc=3 chunks=9 trained_queries=426507 mean_loss=2.351250 lr=0.00232565 step=stateful RMSProp step applied
      unit 58/65 rc=4 chunks=9 trained_queries=420567 mean_loss=2.306262 lr=0.00232323 step=stateful RMSProp step applied
      unit 59/65 rc=5 chunks=11 trained_queries=535061 mean_loss=2.287644 lr=0.00232081 step=stateful RMSProp step applied
      unit 60/65 rc=48 chunks=5 trained_queries=235018 mean_loss=2.303849 lr=0.00231838 step=stateful RMSProp step applied
      unit 61/65 rc=164 chunks=2 trained_queries=68054 mean_loss=2.205740 lr=0.00231594 step=stateful RMSProp step applied
      unit 62/65 rc=28 chunks=3 trained_queries=147152 mean_loss=2.270536 lr=0.00231351 step=stateful RMSProp step applied
      unit 63/65 rc=9576 chunks=1 trained_queries=5204 mean_loss=2.319860 lr=0.00231107 step=stateful RMSProp step applied
      unit 64/65 rc=44 chunks=4 trained_queries=165699 mean_loss=2.277422 lr=0.00230863 step=stateful RMSProp step applied
      unit 65/65 rc=13 chunks=1 trained_queries=3594 mean_loss=2.137230 lr=0.00230619 step=stateful RMSProp step applied
    stage-epoch 8 summary trained_queries=8880137 mean_loss=2.316900
    stage-epoch 9/25
      unit 1/65 rc=17 chunks=5 trained_queries=235411 mean_loss=2.252242 lr=0.00230374 step=stateful RMSProp step applied
      unit 2/65 rc=6 chunks=25 trained_queries=1209059 mean_loss=2.289786 lr=0.00230129 step=stateful RMSProp step applied
      unit 3/65 rc=588 chunks=1 trained_queries=17780 mean_loss=2.207087 lr=0.00229884 step=stateful RMSProp step applied
      unit 4/65 rc=987290 chunks=1 trained_queries=16 mean_loss=1.490050 lr=0.00229638 step=stateful RMSProp step applied
      unit 5/65 rc=109979 chunks=1 trained_queries=41 mean_loss=2.013224 lr=0.00229392 step=stateful RMSProp step applied
      unit 6/65 rc=378 chunks=2 trained_queries=54875 mean_loss=2.559919 lr=0.00229146 step=stateful RMSProp step applied
      unit 7/65 rc=54 chunks=3 trained_queries=146903 mean_loss=2.343441 lr=0.002289 step=stateful RMSProp step applied
      unit 8/65 rc=2061 chunks=1 trained_queries=19351 mean_loss=2.459697 lr=0.00228653 step=stateful RMSProp step applied
      unit 9/65 rc=74 chunks=1 trained_queries=35110 mean_loss=2.153557 lr=0.00228406 step=stateful RMSProp step applied
      unit 10/65 rc=849363 chunks=1 trained_queries=16 mean_loss=0.773975 lr=0.00228158 step=stateful RMSProp step applied
      unit 11/65 rc=16 chunks=2 trained_queries=74861 mean_loss=2.206743 lr=0.00227911 step=stateful RMSProp step applied
      unit 12/65 rc=547 chunks=1 trained_queries=30300 mean_loss=2.119778 lr=0.00227663 step=stateful RMSProp step applied
      unit 13/65 rc=213 chunks=1 trained_queries=15923 mean_loss=2.239978 lr=0.00227414 step=stateful RMSProp step applied
      unit 14/65 rc=78 chunks=2 trained_queries=55670 mean_loss=2.293325 lr=0.00227166 step=stateful RMSProp step applied
      unit 15/65 rc=18 chunks=1 trained_queries=19324 mean_loss=2.296631 lr=0.00226917 step=stateful RMSProp step applied
      unit 16/65 rc=7 chunks=1 trained_queries=22956 mean_loss=2.193332 lr=0.00226668 step=stateful RMSProp step applied
      unit 17/65 rc=6212 chunks=1 trained_queries=12887 mean_loss=2.173193 lr=0.00226419 step=stateful RMSProp step applied
      unit 18/65 rc=3055 chunks=1 trained_queries=37224 mean_loss=2.086011 lr=0.00226169 step=stateful RMSProp step applied
      unit 19/65 rc=1 chunks=1 trained_queries=11903 mean_loss=2.273338 lr=0.00225919 step=stateful RMSProp step applied
      unit 20/65 rc=14727 chunks=1 trained_queries=13922 mean_loss=2.134278 lr=0.00225669 step=stateful RMSProp step applied
      unit 21/65 rc=2977 chunks=1 trained_queries=20966 mean_loss=2.208060 lr=0.00225418 step=stateful RMSProp step applied
      unit 22/65 rc=497 chunks=2 trained_queries=80510 mean_loss=2.248948 lr=0.00225167 step=stateful RMSProp step applied
      unit 23/65 rc=14349 chunks=1 trained_queries=2379 mean_loss=2.288321 lr=0.00224916 step=stateful RMSProp step applied
      unit 24/65 rc=61678 chunks=1 trained_queries=6700 mean_loss=1.831037 lr=0.00224665 step=stateful RMSProp step applied
      unit 25/65 rc=416 chunks=1 trained_queries=26203 mean_loss=2.171492 lr=0.00224413 step=stateful RMSProp step applied
      unit 26/65 rc=308 chunks=1 trained_queries=20070 mean_loss=2.246688 lr=0.00224161 step=stateful RMSProp step applied
      unit 27/65 rc=522 chunks=1 trained_queries=30344 mean_loss=2.063147 lr=0.00223909 step=stateful RMSProp step applied
      unit 28/65 rc=611 chunks=1 trained_queries=37398 mean_loss=2.199042 lr=0.00223657 step=stateful RMSProp step applied
      unit 29/65 rc=7882 chunks=1 trained_queries=9984 mean_loss=2.290743 lr=0.00223404 step=stateful RMSProp step applied
      unit 30/65 rc=96207 chunks=1 trained_queries=368 mean_loss=1.571393 lr=0.00223151 step=stateful RMSProp step applied
      unit 31/65 rc=226 chunks=1 trained_queries=31432 mean_loss=2.225749 lr=0.00222898 step=stateful RMSProp step applied
      unit 32/65 rc=85 chunks=1 trained_queries=32416 mean_loss=2.254439 lr=0.00222644 step=stateful RMSProp step applied
      unit 33/65 rc=2669 chunks=2 trained_queries=52575 mean_loss=2.200467 lr=0.0022239 step=stateful RMSProp step applied
      unit 34/65 rc=3061 chunks=1 trained_queries=18981 mean_loss=2.062225 lr=0.00222136 step=stateful RMSProp step applied
      unit 35/65 rc=1714 chunks=1 trained_queries=5199 mean_loss=2.042378 lr=0.00221882 step=stateful RMSProp step applied
      unit 36/65 rc=367 chunks=1 trained_queries=25529 mean_loss=2.118736 lr=0.00221627 step=stateful RMSProp step applied
      unit 37/65 rc=435397 chunks=1 trained_queries=944 mean_loss=1.900115 lr=0.00221372 step=stateful RMSProp step applied
      unit 38/65 rc=141 chunks=1 trained_queries=13111 mean_loss=2.155204 lr=0.00221117 step=stateful RMSProp step applied
      unit 39/65 rc=253455 chunks=1 trained_queries=1172 mean_loss=1.670849 lr=0.00220861 step=stateful RMSProp step applied
      unit 40/65 rc=41 chunks=10 trained_queries=476269 mean_loss=2.336296 lr=0.00220606 step=stateful RMSProp step applied
      unit 41/65 rc=560 chunks=2 trained_queries=98499 mean_loss=2.332152 lr=0.0022035 step=stateful RMSProp step applied
      unit 42/65 rc=36 chunks=3 trained_queries=136045 mean_loss=2.335274 lr=0.00220093 step=stateful RMSProp step applied
      unit 43/65 rc=39 chunks=6 trained_queries=267502 mean_loss=2.297782 lr=0.00219837 step=stateful RMSProp step applied
      unit 44/65 rc=14 chunks=16 trained_queries=787429 mean_loss=2.284923 lr=0.0021958 step=stateful RMSProp step applied
      unit 45/65 rc=21 chunks=3 trained_queries=135019 mean_loss=2.321759 lr=0.00219323 step=stateful RMSProp step applied
      unit 46/65 rc=541 chunks=3 trained_queries=120415 mean_loss=2.327167 lr=0.00219066 step=stateful RMSProp step applied
      unit 47/65 rc=51 chunks=9 trained_queries=409633 mean_loss=2.295305 lr=0.00218808 step=stateful RMSProp step applied
      unit 48/65 rc=2 chunks=8 trained_queries=388601 mean_loss=2.293267 lr=0.0021855 step=stateful RMSProp step applied
      unit 49/65 rc=1057 chunks=1 trained_queries=5910 mean_loss=2.295959 lr=0.00218292 step=stateful RMSProp step applied
      unit 50/65 rc=73 chunks=2 trained_queries=63481 mean_loss=2.277560 lr=0.00218034 step=stateful RMSProp step applied
      unit 51/65 rc=79 chunks=6 trained_queries=295710 mean_loss=2.304405 lr=0.00217775 step=stateful RMSProp step applied
      unit 52/65 rc=63 chunks=4 trained_queries=190096 mean_loss=2.281458 lr=0.00217517 step=stateful RMSProp step applied
      unit 53/65 rc=15 chunks=9 trained_queries=413445 mean_loss=2.281444 lr=0.00217257 step=stateful RMSProp step applied
      unit 54/65 rc=22 chunks=12 trained_queries=553466 mean_loss=2.274651 lr=0.00216998 step=stateful RMSProp step applied
      unit 55/65 rc=32 chunks=2 trained_queries=96605 mean_loss=2.309212 lr=0.00216739 step=stateful RMSProp step applied
      unit 56/65 rc=8258 chunks=1 trained_queries=5343 mean_loss=2.218252 lr=0.00216479 step=stateful RMSProp step applied
      unit 57/65 rc=3 chunks=9 trained_queries=426507 mean_loss=2.338656 lr=0.00216219 step=stateful RMSProp step applied
      unit 58/65 rc=4 chunks=9 trained_queries=420567 mean_loss=2.289764 lr=0.00215958 step=stateful RMSProp step applied
      unit 59/65 rc=5 chunks=11 trained_queries=535061 mean_loss=2.267237 lr=0.00215698 step=stateful RMSProp step applied
      unit 60/65 rc=48 chunks=5 trained_queries=235018 mean_loss=2.287469 lr=0.00215437 step=stateful RMSProp step applied
      unit 61/65 rc=164 chunks=2 trained_queries=68054 mean_loss=2.189863 lr=0.00215176 step=stateful RMSProp step applied
      unit 62/65 rc=28 chunks=3 trained_queries=147152 mean_loss=2.252245 lr=0.00214915 step=stateful RMSProp step applied
      unit 63/65 rc=9576 chunks=1 trained_queries=5204 mean_loss=2.299825 lr=0.00214653 step=stateful RMSProp step applied
      unit 64/65 rc=44 chunks=4 trained_queries=165699 mean_loss=2.250457 lr=0.00214391 step=stateful RMSProp step applied
      unit 65/65 rc=13 chunks=1 trained_queries=3594 mean_loss=2.105299 lr=0.00214129 step=stateful RMSProp step applied
    stage-epoch 9 summary trained_queries=8880137 mean_loss=2.285935
    stage-epoch 10/25
      unit 1/65 rc=17 chunks=5 trained_queries=235411 mean_loss=2.222455 lr=0.00213867 step=stateful RMSProp step applied
      unit 2/65 rc=6 chunks=25 trained_queries=1209059 mean_loss=2.267908 lr=0.00213604 step=stateful RMSProp step applied
      unit 3/65 rc=588 chunks=1 trained_queries=17780 mean_loss=2.185803 lr=0.00213342 step=stateful RMSProp step applied
      unit 4/65 rc=987290 chunks=1 trained_queries=16 mean_loss=1.358662 lr=0.00213079 step=stateful RMSProp step applied
      unit 5/65 rc=109979 chunks=1 trained_queries=41 mean_loss=1.848476 lr=0.00212815 step=stateful RMSProp step applied
      unit 6/65 rc=378 chunks=2 trained_queries=54875 mean_loss=2.548425 lr=0.00212552 step=stateful RMSProp step applied
      unit 7/65 rc=54 chunks=3 trained_queries=146903 mean_loss=2.362385 lr=0.00212288 step=stateful RMSProp step applied
      unit 8/65 rc=2061 chunks=1 trained_queries=19351 mean_loss=2.496085 lr=0.00212024 step=stateful RMSProp step applied
      unit 9/65 rc=74 chunks=1 trained_queries=35110 mean_loss=2.183025 lr=0.0021176 step=stateful RMSProp step applied
      unit 10/65 rc=849363 chunks=1 trained_queries=16 mean_loss=0.997744 lr=0.00211496 step=stateful RMSProp step applied
      unit 11/65 rc=16 chunks=2 trained_queries=74861 mean_loss=2.244760 lr=0.00211231 step=stateful RMSProp step applied
      unit 12/65 rc=547 chunks=1 trained_queries=30300 mean_loss=2.144853 lr=0.00210966 step=stateful RMSProp step applied
      unit 13/65 rc=213 chunks=1 trained_queries=15923 mean_loss=2.285437 lr=0.00210701 step=stateful RMSProp step applied
      unit 14/65 rc=78 chunks=2 trained_queries=55670 mean_loss=2.271782 lr=0.00210436 step=stateful RMSProp step applied
      unit 15/65 rc=18 chunks=1 trained_queries=19324 mean_loss=2.314938 lr=0.0021017 step=stateful RMSProp step applied
      unit 16/65 rc=7 chunks=1 trained_queries=22956 mean_loss=2.183607 lr=0.00209905 step=stateful RMSProp step applied
      unit 17/65 rc=6212 chunks=1 trained_queries=12887 mean_loss=2.178074 lr=0.00209639 step=stateful RMSProp step applied
      unit 18/65 rc=3055 chunks=1 trained_queries=37224 mean_loss=2.080451 lr=0.00209373 step=stateful RMSProp step applied
      unit 19/65 rc=1 chunks=1 trained_queries=11903 mean_loss=2.275697 lr=0.00209106 step=stateful RMSProp step applied
      unit 20/65 rc=14727 chunks=1 trained_queries=13922 mean_loss=2.130800 lr=0.00208839 step=stateful RMSProp step applied
      unit 21/65 rc=2977 chunks=1 trained_queries=20966 mean_loss=2.182055 lr=0.00208573 step=stateful RMSProp step applied
      unit 22/65 rc=497 chunks=2 trained_queries=80510 mean_loss=2.197225 lr=0.00208305 step=stateful RMSProp step applied
      unit 23/65 rc=14349 chunks=1 trained_queries=2379 mean_loss=2.305357 lr=0.00208038 step=stateful RMSProp step applied
      unit 24/65 rc=61678 chunks=1 trained_queries=6700 mean_loss=1.835781 lr=0.00207771 step=stateful RMSProp step applied
      unit 25/65 rc=416 chunks=1 trained_queries=26203 mean_loss=2.160379 lr=0.00207503 step=stateful RMSProp step applied
      unit 26/65 rc=308 chunks=1 trained_queries=20070 mean_loss=2.254392 lr=0.00207235 step=stateful RMSProp step applied
      unit 27/65 rc=522 chunks=1 trained_queries=30344 mean_loss=2.047779 lr=0.00206967 step=stateful RMSProp step applied
      unit 28/65 rc=611 chunks=1 trained_queries=37398 mean_loss=2.178193 lr=0.00206699 step=stateful RMSProp step applied
      unit 29/65 rc=7882 chunks=1 trained_queries=9984 mean_loss=2.271036 lr=0.0020643 step=stateful RMSProp step applied
      unit 30/65 rc=96207 chunks=1 trained_queries=368 mean_loss=1.348102 lr=0.00206161 step=stateful RMSProp step applied
      unit 31/65 rc=226 chunks=1 trained_queries=31432 mean_loss=2.200643 lr=0.00205892 step=stateful RMSProp step applied
      unit 32/65 rc=85 chunks=1 trained_queries=32416 mean_loss=2.238826 lr=0.00205623 step=stateful RMSProp step applied
      unit 33/65 rc=2669 chunks=2 trained_queries=52575 mean_loss=2.204186 lr=0.00205353 step=stateful RMSProp step applied
      unit 34/65 rc=3061 chunks=1 trained_queries=18981 mean_loss=1.970063 lr=0.00205084 step=stateful RMSProp step applied
      unit 35/65 rc=1714 chunks=1 trained_queries=5199 mean_loss=2.038128 lr=0.00204814 step=stateful RMSProp step applied
      unit 36/65 rc=367 chunks=1 trained_queries=25529 mean_loss=2.122787 lr=0.00204544 step=stateful RMSProp step applied
      unit 37/65 rc=435397 chunks=1 trained_queries=944 mean_loss=1.914478 lr=0.00204274 step=stateful RMSProp step applied
      unit 38/65 rc=141 chunks=1 trained_queries=13111 mean_loss=2.135773 lr=0.00204003 step=stateful RMSProp step applied
      unit 39/65 rc=253455 chunks=1 trained_queries=1172 mean_loss=1.644942 lr=0.00203733 step=stateful RMSProp step applied
      unit 40/65 rc=41 chunks=10 trained_queries=476269 mean_loss=2.329775 lr=0.00203462 step=stateful RMSProp step applied
      unit 41/65 rc=560 chunks=2 trained_queries=98499 mean_loss=2.326516 lr=0.00203191 step=stateful RMSProp step applied
      unit 42/65 rc=36 chunks=3 trained_queries=136045 mean_loss=2.326755 lr=0.00202919 step=stateful RMSProp step applied
      unit 43/65 rc=39 chunks=6 trained_queries=267502 mean_loss=2.297863 lr=0.00202648 step=stateful RMSProp step applied
      unit 44/65 rc=14 chunks=16 trained_queries=787429 mean_loss=2.282502 lr=0.00202376 step=stateful RMSProp step applied
      unit 45/65 rc=21 chunks=3 trained_queries=135019 mean_loss=2.319753 lr=0.00202105 step=stateful RMSProp step applied
      unit 46/65 rc=541 chunks=3 trained_queries=120415 mean_loss=2.327454 lr=0.00201833 step=stateful RMSProp step applied
      unit 47/65 rc=51 chunks=9 trained_queries=409633 mean_loss=2.287437 lr=0.0020156 step=stateful RMSProp step applied
      unit 48/65 rc=2 chunks=8 trained_queries=388601 mean_loss=2.286384 lr=0.00201288 step=stateful RMSProp step applied
      unit 49/65 rc=1057 chunks=1 trained_queries=5910 mean_loss=2.278892 lr=0.00201015 step=stateful RMSProp step applied
      unit 50/65 rc=73 chunks=2 trained_queries=63481 mean_loss=2.259584 lr=0.00200742 step=stateful RMSProp step applied
      unit 51/65 rc=79 chunks=6 trained_queries=295710 mean_loss=2.302555 lr=0.00200469 step=stateful RMSProp step applied
      unit 52/65 rc=63 chunks=4 trained_queries=190096 mean_loss=2.276312 lr=0.00200196 step=stateful RMSProp step applied
      unit 53/65 rc=15 chunks=9 trained_queries=413445 mean_loss=2.277496 lr=0.00199923 step=stateful RMSProp step applied
      unit 54/65 rc=22 chunks=12 trained_queries=553466 mean_loss=2.275752 lr=0.00199649 step=stateful RMSProp step applied
      unit 55/65 rc=32 chunks=2 trained_queries=96605 mean_loss=2.308334 lr=0.00199376 step=stateful RMSProp step applied
      unit 56/65 rc=8258 chunks=1 trained_queries=5343 mean_loss=2.212071 lr=0.00199102 step=stateful RMSProp step applied
      unit 57/65 rc=3 chunks=9 trained_queries=426507 mean_loss=2.323833 lr=0.00198828 step=stateful RMSProp step applied
      unit 58/65 rc=4 chunks=9 trained_queries=420567 mean_loss=2.279003 lr=0.00198553 step=stateful RMSProp step applied
      unit 59/65 rc=5 chunks=11 trained_queries=535061 mean_loss=2.263701 lr=0.00198279 step=stateful RMSProp step applied
      unit 60/65 rc=48 chunks=5 trained_queries=235018 mean_loss=2.282757 lr=0.00198004 step=stateful RMSProp step applied
      unit 61/65 rc=164 chunks=2 trained_queries=68054 mean_loss=2.184556 lr=0.00197729 step=stateful RMSProp step applied
      unit 62/65 rc=28 chunks=3 trained_queries=147152 mean_loss=2.252176 lr=0.00197454 step=stateful RMSProp step applied
      unit 63/65 rc=9576 chunks=1 trained_queries=5204 mean_loss=2.306631 lr=0.00197179 step=stateful RMSProp step applied
      unit 64/65 rc=44 chunks=4 trained_queries=165699 mean_loss=2.262722 lr=0.00196904 step=stateful RMSProp step applied
      unit 65/65 rc=13 chunks=1 trained_queries=3594 mean_loss=2.102784 lr=0.00196628 step=stateful RMSProp step applied
    stage-epoch 10 summary trained_queries=8880137 mean_loss=2.278603
    stage-epoch 11/25
      unit 1/65 rc=17 chunks=5 trained_queries=235411 mean_loss=2.208518 lr=0.00196353 step=stateful RMSProp step applied
      unit 2/65 rc=6 chunks=25 trained_queries=1209059 mean_loss=2.275787 lr=0.00196077 step=stateful RMSProp step applied
      unit 3/65 rc=588 chunks=1 trained_queries=17780 mean_loss=2.205285 lr=0.00195801 step=stateful RMSProp step applied
      unit 4/65 rc=987290 chunks=1 trained_queries=16 mean_loss=1.268352 lr=0.00195524 step=stateful RMSProp step applied
      unit 5/65 rc=109979 chunks=1 trained_queries=41 mean_loss=1.793539 lr=0.00195248 step=stateful RMSProp step applied
      unit 6/65 rc=378 chunks=2 trained_queries=54875 mean_loss=2.391083 lr=0.00194971 step=stateful RMSProp step applied
      unit 7/65 rc=54 chunks=3 trained_queries=146903 mean_loss=2.268596 lr=0.00194695 step=stateful RMSProp step applied
      unit 8/65 rc=2061 chunks=1 trained_queries=19351 mean_loss=2.413267 lr=0.00194418 step=stateful RMSProp step applied
      unit 9/65 rc=74 chunks=1 trained_queries=35110 mean_loss=2.099349 lr=0.00194141 step=stateful RMSProp step applied
      unit 10/65 rc=849363 chunks=1 trained_queries=16 mean_loss=0.733840 lr=0.00193863 step=stateful RMSProp step applied
      unit 11/65 rc=16 chunks=2 trained_queries=74861 mean_loss=2.209237 lr=0.00193586 step=stateful RMSProp step applied
      unit 12/65 rc=547 chunks=1 trained_queries=30300 mean_loss=2.104868 lr=0.00193309 step=stateful RMSProp step applied
      unit 13/65 rc=213 chunks=1 trained_queries=15923 mean_loss=2.218337 lr=0.00193031 step=stateful RMSProp step applied
      unit 14/65 rc=78 chunks=2 trained_queries=55670 mean_loss=2.231598 lr=0.00192753 step=stateful RMSProp step applied
      unit 15/65 rc=18 chunks=1 trained_queries=19324 mean_loss=2.244868 lr=0.00192475 step=stateful RMSProp step applied
      unit 16/65 rc=7 chunks=1 trained_queries=22956 mean_loss=2.135884 lr=0.00192197 step=stateful RMSProp step applied
      unit 17/65 rc=6212 chunks=1 trained_queries=12887 mean_loss=2.183944 lr=0.00191918 step=stateful RMSProp step applied
      unit 18/65 rc=3055 chunks=1 trained_queries=37224 mean_loss=2.028213 lr=0.0019164 step=stateful RMSProp step applied
      unit 19/65 rc=1 chunks=1 trained_queries=11903 mean_loss=2.230161 lr=0.00191361 step=stateful RMSProp step applied
      unit 20/65 rc=14727 chunks=1 trained_queries=13922 mean_loss=2.124759 lr=0.00191082 step=stateful RMSProp step applied
      unit 21/65 rc=2977 chunks=1 trained_queries=20966 mean_loss=2.146632 lr=0.00190803 step=stateful RMSProp step applied
      unit 22/65 rc=497 chunks=2 trained_queries=80510 mean_loss=2.196134 lr=0.00190524 step=stateful RMSProp step applied
      unit 23/65 rc=14349 chunks=1 trained_queries=2379 mean_loss=2.263087 lr=0.00190245 step=stateful RMSProp step applied
      unit 24/65 rc=61678 chunks=1 trained_queries=6700 mean_loss=1.799548 lr=0.00189965 step=stateful RMSProp step applied
      unit 25/65 rc=416 chunks=1 trained_queries=26203 mean_loss=2.120329 lr=0.00189686 step=stateful RMSProp step applied
      unit 26/65 rc=308 chunks=1 trained_queries=20070 mean_loss=2.216420 lr=0.00189406 step=stateful RMSProp step applied
      unit 27/65 rc=522 chunks=1 trained_queries=30344 mean_loss=2.026553 lr=0.00189126 step=stateful RMSProp step applied
      unit 28/65 rc=611 chunks=1 trained_queries=37398 mean_loss=2.134598 lr=0.00188846 step=stateful RMSProp step applied
      unit 29/65 rc=7882 chunks=1 trained_queries=9984 mean_loss=2.239840 lr=0.00188566 step=stateful RMSProp step applied
      unit 30/65 rc=96207 chunks=1 trained_queries=368 mean_loss=1.310400 lr=0.00188286 step=stateful RMSProp step applied
      unit 31/65 rc=226 chunks=1 trained_queries=31432 mean_loss=2.190058 lr=0.00188005 step=stateful RMSProp step applied
      unit 32/65 rc=85 chunks=1 trained_queries=32416 mean_loss=2.210117 lr=0.00187725 step=stateful RMSProp step applied
      unit 33/65 rc=2669 chunks=2 trained_queries=52575 mean_loss=2.177396 lr=0.00187444 step=stateful RMSProp step applied
      unit 34/65 rc=3061 chunks=1 trained_queries=18981 mean_loss=1.949286 lr=0.00187163 step=stateful RMSProp step applied
      unit 35/65 rc=1714 chunks=1 trained_queries=5199 mean_loss=2.091527 lr=0.00186882 step=stateful RMSProp step applied
      unit 36/65 rc=367 chunks=1 trained_queries=25529 mean_loss=2.100539 lr=0.00186601 step=stateful RMSProp step applied
      unit 37/65 rc=435397 chunks=1 trained_queries=944 mean_loss=1.882263 lr=0.0018632 step=stateful RMSProp step applied
      unit 38/65 rc=141 chunks=1 trained_queries=13111 mean_loss=2.130278 lr=0.00186038 step=stateful RMSProp step applied
      unit 39/65 rc=253455 chunks=1 trained_queries=1172 mean_loss=1.632237 lr=0.00185757 step=stateful RMSProp step applied
      unit 40/65 rc=41 chunks=10 trained_queries=476269 mean_loss=2.304940 lr=0.00185475 step=stateful RMSProp step applied
      unit 41/65 rc=560 chunks=2 trained_queries=98499 mean_loss=2.296821 lr=0.00185193 step=stateful RMSProp step applied
      unit 42/65 rc=36 chunks=3 trained_queries=136045 mean_loss=2.298150 lr=0.00184911 step=stateful RMSProp step applied
      unit 43/65 rc=39 chunks=6 trained_queries=267502 mean_loss=2.266334 lr=0.00184629 step=stateful RMSProp step applied
      unit 44/65 rc=14 chunks=16 trained_queries=787429 mean_loss=2.253072 lr=0.00184347 step=stateful RMSProp step applied
      unit 45/65 rc=21 chunks=3 trained_queries=135019 mean_loss=2.288963 lr=0.00184064 step=stateful RMSProp step applied
      unit 46/65 rc=541 chunks=3 trained_queries=120415 mean_loss=2.294399 lr=0.00183782 step=stateful RMSProp step applied
      unit 47/65 rc=51 chunks=9 trained_queries=409633 mean_loss=2.259557 lr=0.00183499 step=stateful RMSProp step applied
      unit 48/65 rc=2 chunks=8 trained_queries=388601 mean_loss=2.259932 lr=0.00183217 step=stateful RMSProp step applied
      unit 49/65 rc=1057 chunks=1 trained_queries=5910 mean_loss=2.250064 lr=0.00182934 step=stateful RMSProp step applied
      unit 50/65 rc=73 chunks=2 trained_queries=63481 mean_loss=2.228144 lr=0.00182651 step=stateful RMSProp step applied
      unit 51/65 rc=79 chunks=6 trained_queries=295710 mean_loss=2.269941 lr=0.00182368 step=stateful RMSProp step applied
      unit 52/65 rc=63 chunks=4 trained_queries=190096 mean_loss=2.250822 lr=0.00182084 step=stateful RMSProp step applied
      unit 53/65 rc=15 chunks=9 trained_queries=413445 mean_loss=2.254940 lr=0.00181801 step=stateful RMSProp step applied
      unit 54/65 rc=22 chunks=12 trained_queries=553466 mean_loss=2.250919 lr=0.00181518 step=stateful RMSProp step applied
      unit 55/65 rc=32 chunks=2 trained_queries=96605 mean_loss=2.284972 lr=0.00181234 step=stateful RMSProp step applied
      unit 56/65 rc=8258 chunks=1 trained_queries=5343 mean_loss=2.180534 lr=0.0018095 step=stateful RMSProp step applied
      unit 57/65 rc=3 chunks=9 trained_queries=426507 mean_loss=2.293576 lr=0.00180667 step=stateful RMSProp step applied
      unit 58/65 rc=4 chunks=9 trained_queries=420567 mean_loss=2.253465 lr=0.00180383 step=stateful RMSProp step applied
      unit 59/65 rc=5 chunks=11 trained_queries=535061 mean_loss=2.239175 lr=0.00180099 step=stateful RMSProp step applied
      unit 60/65 rc=48 chunks=5 trained_queries=235018 mean_loss=2.260405 lr=0.00179814 step=stateful RMSProp step applied
      unit 61/65 rc=164 chunks=2 trained_queries=68054 mean_loss=2.159141 lr=0.0017953 step=stateful RMSProp step applied
      unit 62/65 rc=28 chunks=3 trained_queries=147152 mean_loss=2.228285 lr=0.00179246 step=stateful RMSProp step applied
      unit 63/65 rc=9576 chunks=1 trained_queries=5204 mean_loss=2.276268 lr=0.00178961 step=stateful RMSProp step applied
      unit 64/65 rc=44 chunks=4 trained_queries=165699 mean_loss=2.222495 lr=0.00178677 step=stateful RMSProp step applied
      unit 65/65 rc=13 chunks=1 trained_queries=3594 mean_loss=2.075964 lr=0.00178392 step=stateful RMSProp step applied
    stage-epoch 11 summary trained_queries=8880137 mean_loss=2.254057
    stage-epoch 12/25
      unit 1/65 rc=17 chunks=5 trained_queries=235411 mean_loss=2.178078 lr=0.00178107 step=stateful RMSProp step applied
      unit 2/65 rc=6 chunks=25 trained_queries=1209059 mean_loss=2.241087 lr=0.00177822 step=stateful RMSProp step applied
      unit 3/65 rc=588 chunks=1 trained_queries=17780 mean_loss=2.168175 lr=0.00177537 step=stateful RMSProp step applied
      unit 4/65 rc=987290 chunks=1 trained_queries=16 mean_loss=1.165663 lr=0.00177252 step=stateful RMSProp step applied
      unit 5/65 rc=109979 chunks=1 trained_queries=41 mean_loss=1.661415 lr=0.00176967 step=stateful RMSProp step applied
      unit 6/65 rc=378 chunks=2 trained_queries=54875 mean_loss=2.385264 lr=0.00176682 step=stateful RMSProp step applied
      unit 7/65 rc=54 chunks=3 trained_queries=146903 mean_loss=2.245944 lr=0.00176396 step=stateful RMSProp step applied
      unit 8/65 rc=2061 chunks=1 trained_queries=19351 mean_loss=2.405582 lr=0.00176111 step=stateful RMSProp step applied
      unit 9/65 rc=74 chunks=1 trained_queries=35110 mean_loss=2.082742 lr=0.00175825 step=stateful RMSProp step applied
      unit 10/65 rc=849363 chunks=1 trained_queries=16 mean_loss=0.613401 lr=0.00175539 step=stateful RMSProp step applied
      unit 11/65 rc=16 chunks=2 trained_queries=74861 mean_loss=2.130528 lr=0.00175254 step=stateful RMSProp step applied
      unit 12/65 rc=547 chunks=1 trained_queries=30300 mean_loss=2.069598 lr=0.00174968 step=stateful RMSProp step applied
      unit 13/65 rc=213 chunks=1 trained_queries=15923 mean_loss=2.156840 lr=0.00174682 step=stateful RMSProp step applied
      unit 14/65 rc=78 chunks=2 trained_queries=55670 mean_loss=2.189477 lr=0.00174396 step=stateful RMSProp step applied
      unit 15/65 rc=18 chunks=1 trained_queries=19324 mean_loss=2.244643 lr=0.00174109 step=stateful RMSProp step applied
      unit 16/65 rc=7 chunks=1 trained_queries=22956 mean_loss=2.118362 lr=0.00173823 step=stateful RMSProp step applied
      unit 17/65 rc=6212 chunks=1 trained_queries=12887 mean_loss=2.094134 lr=0.00173537 step=stateful RMSProp step applied
      unit 18/65 rc=3055 chunks=1 trained_queries=37224 mean_loss=1.997476 lr=0.0017325 step=stateful RMSProp step applied
      unit 19/65 rc=1 chunks=1 trained_queries=11903 mean_loss=2.221851 lr=0.00172964 step=stateful RMSProp step applied
      unit 20/65 rc=14727 chunks=1 trained_queries=13922 mean_loss=2.065916 lr=0.00172677 step=stateful RMSProp step applied
      unit 21/65 rc=2977 chunks=1 trained_queries=20966 mean_loss=2.129157 lr=0.0017239 step=stateful RMSProp step applied
      unit 22/65 rc=497 chunks=2 trained_queries=80510 mean_loss=2.163147 lr=0.00172104 step=stateful RMSProp step applied
      unit 23/65 rc=14349 chunks=1 trained_queries=2379 mean_loss=2.193229 lr=0.00171817 step=stateful RMSProp step applied
      unit 24/65 rc=61678 chunks=1 trained_queries=6700 mean_loss=1.759112 lr=0.0017153 step=stateful RMSProp step applied
      unit 25/65 rc=416 chunks=1 trained_queries=26203 mean_loss=2.098152 lr=0.00171243 step=stateful RMSProp step applied
      unit 26/65 rc=308 chunks=1 trained_queries=20070 mean_loss=2.179621 lr=0.00170956 step=stateful RMSProp step applied
      unit 27/65 rc=522 chunks=1 trained_queries=30344 mean_loss=1.997324 lr=0.00170669 step=stateful RMSProp step applied
      unit 28/65 rc=611 chunks=1 trained_queries=37398 mean_loss=2.132386 lr=0.00170381 step=stateful RMSProp step applied
      unit 29/65 rc=7882 chunks=1 trained_queries=9984 mean_loss=2.228962 lr=0.00170094 step=stateful RMSProp step applied
      unit 30/65 rc=96207 chunks=1 trained_queries=368 mean_loss=1.172898 lr=0.00169807 step=stateful RMSProp step applied
      unit 31/65 rc=226 chunks=1 trained_queries=31432 mean_loss=2.169788 lr=0.00169519 step=stateful RMSProp step applied
      unit 32/65 rc=85 chunks=1 trained_queries=32416 mean_loss=2.178721 lr=0.00169231 step=stateful RMSProp step applied
      unit 33/65 rc=2669 chunks=2 trained_queries=52575 mean_loss=2.155977 lr=0.00168944 step=stateful RMSProp step applied
      unit 34/65 rc=3061 chunks=1 trained_queries=18981 mean_loss=1.903118 lr=0.00168656 step=stateful RMSProp step applied
      unit 35/65 rc=1714 chunks=1 trained_queries=5199 mean_loss=1.977299 lr=0.00168368 step=stateful RMSProp step applied
      unit 36/65 rc=367 chunks=1 trained_queries=25529 mean_loss=2.077967 lr=0.0016808 step=stateful RMSProp step applied
      unit 37/65 rc=435397 chunks=1 trained_queries=944 mean_loss=1.813362 lr=0.00167793 step=stateful RMSProp step applied
      unit 38/65 rc=141 chunks=1 trained_queries=13111 mean_loss=2.102621 lr=0.00167505 step=stateful RMSProp step applied
      unit 39/65 rc=253455 chunks=1 trained_queries=1172 mean_loss=1.586872 lr=0.00167217 step=stateful RMSProp step applied
      unit 40/65 rc=41 chunks=10 trained_queries=476269 mean_loss=2.281147 lr=0.00166928 step=stateful RMSProp step applied
      unit 41/65 rc=560 chunks=2 trained_queries=98499 mean_loss=2.275544 lr=0.0016664 step=stateful RMSProp step applied
      unit 42/65 rc=36 chunks=3 trained_queries=136045 mean_loss=2.290573 lr=0.00166352 step=stateful RMSProp step applied
      unit 43/65 rc=39 chunks=6 trained_queries=267502 mean_loss=2.244968 lr=0.00166064 step=stateful RMSProp step applied
      unit 44/65 rc=14 chunks=16 trained_queries=787429 mean_loss=2.232125 lr=0.00165775 step=stateful RMSProp step applied
      unit 45/65 rc=21 chunks=3 trained_queries=135019 mean_loss=2.263926 lr=0.00165487 step=stateful RMSProp step applied
      unit 46/65 rc=541 chunks=3 trained_queries=120415 mean_loss=2.265573 lr=0.00165199 step=stateful RMSProp step applied
      unit 47/65 rc=51 chunks=9 trained_queries=409633 mean_loss=2.239096 lr=0.0016491 step=stateful RMSProp step applied
      unit 48/65 rc=2 chunks=8 trained_queries=388601 mean_loss=2.236943 lr=0.00164621 step=stateful RMSProp step applied
      unit 49/65 rc=1057 chunks=1 trained_queries=5910 mean_loss=2.222218 lr=0.00164333 step=stateful RMSProp step applied
      unit 50/65 rc=73 chunks=2 trained_queries=63481 mean_loss=2.200322 lr=0.00164044 step=stateful RMSProp step applied
      unit 51/65 rc=79 chunks=6 trained_queries=295710 mean_loss=2.245480 lr=0.00163755 step=stateful RMSProp step applied
      unit 52/65 rc=63 chunks=4 trained_queries=190096 mean_loss=2.226362 lr=0.00163467 step=stateful RMSProp step applied
      unit 53/65 rc=15 chunks=9 trained_queries=413445 mean_loss=2.231416 lr=0.00163178 step=stateful RMSProp step applied
      unit 54/65 rc=22 chunks=12 trained_queries=553466 mean_loss=2.224982 lr=0.00162889 step=stateful RMSProp step applied
      unit 55/65 rc=32 chunks=2 trained_queries=96605 mean_loss=2.263122 lr=0.001626 step=stateful RMSProp step applied
      unit 56/65 rc=8258 chunks=1 trained_queries=5343 mean_loss=2.149334 lr=0.00162311 step=stateful RMSProp step applied
      unit 57/65 rc=3 chunks=9 trained_queries=426507 mean_loss=2.272408 lr=0.00162022 step=stateful RMSProp step applied
      unit 58/65 rc=4 chunks=9 trained_queries=420567 mean_loss=2.231577 lr=0.00161733 step=stateful RMSProp step applied
      unit 59/65 rc=5 chunks=11 trained_queries=535061 mean_loss=2.218279 lr=0.00161444 step=stateful RMSProp step applied
      unit 60/65 rc=48 chunks=5 trained_queries=235018 mean_loss=2.242492 lr=0.00161154 step=stateful RMSProp step applied
      unit 61/65 rc=164 chunks=2 trained_queries=68054 mean_loss=2.143373 lr=0.00160865 step=stateful RMSProp step applied
      unit 62/65 rc=28 chunks=3 trained_queries=147152 mean_loss=2.209161 lr=0.00160576 step=stateful RMSProp step applied
      unit 63/65 rc=9576 chunks=1 trained_queries=5204 mean_loss=2.255101 lr=0.00160287 step=stateful RMSProp step applied
      unit 64/65 rc=44 chunks=4 trained_queries=165699 mean_loss=2.205062 lr=0.00159997 step=stateful RMSProp step applied
      unit 65/65 rc=13 chunks=1 trained_queries=3594 mean_loss=2.056519 lr=0.00159708 step=stateful RMSProp step applied
    stage-epoch 12 summary trained_queries=8880137 mean_loss=2.229183
    stage-epoch 13/25
      unit 1/65 rc=17 chunks=5 trained_queries=235411 mean_loss=2.157356 lr=0.00159419 step=stateful RMSProp step applied
      unit 2/65 rc=6 chunks=25 trained_queries=1209059 mean_loss=2.220420 lr=0.00159129 step=stateful RMSProp step applied
      unit 3/65 rc=588 chunks=1 trained_queries=17780 mean_loss=2.128659 lr=0.0015884 step=stateful RMSProp step applied
      unit 4/65 rc=987290 chunks=1 trained_queries=16 mean_loss=1.194692 lr=0.0015855 step=stateful RMSProp step applied
      unit 5/65 rc=109979 chunks=1 trained_queries=41 mean_loss=1.573758 lr=0.00158261 step=stateful RMSProp step applied
      unit 6/65 rc=378 chunks=2 trained_queries=54875 mean_loss=2.338240 lr=0.00157971 step=stateful RMSProp step applied
      unit 7/65 rc=54 chunks=3 trained_queries=146903 mean_loss=2.222853 lr=0.00157681 step=stateful RMSProp step applied
      unit 8/65 rc=2061 chunks=1 trained_queries=19351 mean_loss=2.385210 lr=0.00157392 step=stateful RMSProp step applied
      unit 9/65 rc=74 chunks=1 trained_queries=35110 mean_loss=2.046732 lr=0.00157102 step=stateful RMSProp step applied
      unit 10/65 rc=849363 chunks=1 trained_queries=16 mean_loss=0.428663 lr=0.00156813 step=stateful RMSProp step applied
      unit 11/65 rc=16 chunks=2 trained_queries=74861 mean_loss=2.098270 lr=0.00156523 step=stateful RMSProp step applied
      unit 12/65 rc=547 chunks=1 trained_queries=30300 mean_loss=2.042638 lr=0.00156233 step=stateful RMSProp step applied
      unit 13/65 rc=213 chunks=1 trained_queries=15923 mean_loss=2.119880 lr=0.00155943 step=stateful RMSProp step applied
      unit 14/65 rc=78 chunks=2 trained_queries=55670 mean_loss=2.150540 lr=0.00155654 step=stateful RMSProp step applied
      unit 15/65 rc=18 chunks=1 trained_queries=19324 mean_loss=2.224744 lr=0.00155364 step=stateful RMSProp step applied
      unit 16/65 rc=7 chunks=1 trained_queries=22956 mean_loss=2.089375 lr=0.00155074 step=stateful RMSProp step applied
      unit 17/65 rc=6212 chunks=1 trained_queries=12887 mean_loss=2.061060 lr=0.00154784 step=stateful RMSProp step applied
      unit 18/65 rc=3055 chunks=1 trained_queries=37224 mean_loss=1.968798 lr=0.00154494 step=stateful RMSProp step applied
      unit 19/65 rc=1 chunks=1 trained_queries=11903 mean_loss=2.195187 lr=0.00154204 step=stateful RMSProp step applied
      unit 20/65 rc=14727 chunks=1 trained_queries=13922 mean_loss=2.020431 lr=0.00153914 step=stateful RMSProp step applied
      unit 21/65 rc=2977 chunks=1 trained_queries=20966 mean_loss=2.091140 lr=0.00153625 step=stateful RMSProp step applied
      unit 22/65 rc=497 chunks=2 trained_queries=80510 mean_loss=2.128105 lr=0.00153335 step=stateful RMSProp step applied
      unit 23/65 rc=14349 chunks=1 trained_queries=2379 mean_loss=2.150846 lr=0.00153045 step=stateful RMSProp step applied
      unit 24/65 rc=61678 chunks=1 trained_queries=6700 mean_loss=1.657429 lr=0.00152755 step=stateful RMSProp step applied
      unit 25/65 rc=416 chunks=1 trained_queries=26203 mean_loss=2.075641 lr=0.00152465 step=stateful RMSProp step applied
      unit 26/65 rc=308 chunks=1 trained_queries=20070 mean_loss=2.162315 lr=0.00152175 step=stateful RMSProp step applied
      unit 27/65 rc=522 chunks=1 trained_queries=30344 mean_loss=1.959034 lr=0.00151885 step=stateful RMSProp step applied
      unit 28/65 rc=611 chunks=1 trained_queries=37398 mean_loss=2.115182 lr=0.00151595 step=stateful RMSProp step applied
      unit 29/65 rc=7882 chunks=1 trained_queries=9984 mean_loss=2.210999 lr=0.00151305 step=stateful RMSProp step applied
      unit 30/65 rc=96207 chunks=1 trained_queries=368 mean_loss=1.031798 lr=0.00151015 step=stateful RMSProp step applied
      unit 31/65 rc=226 chunks=1 trained_queries=31432 mean_loss=2.123799 lr=0.00150725 step=stateful RMSProp step applied
      unit 32/65 rc=85 chunks=1 trained_queries=32416 mean_loss=2.153296 lr=0.00150435 step=stateful RMSProp step applied
      unit 33/65 rc=2669 chunks=2 trained_queries=52575 mean_loss=2.136095 lr=0.00150145 step=stateful RMSProp step applied
      unit 34/65 rc=3061 chunks=1 trained_queries=18981 mean_loss=1.858577 lr=0.00149855 step=stateful RMSProp step applied
      unit 35/65 rc=1714 chunks=1 trained_queries=5199 mean_loss=1.935724 lr=0.00149565 step=stateful RMSProp step applied
      unit 36/65 rc=367 chunks=1 trained_queries=25529 mean_loss=2.063812 lr=0.00149275 step=stateful RMSProp step applied
      unit 37/65 rc=435397 chunks=1 trained_queries=944 mean_loss=1.762771 lr=0.00148985 step=stateful RMSProp step applied
      unit 38/65 rc=141 chunks=1 trained_queries=13111 mean_loss=2.059376 lr=0.00148695 step=stateful RMSProp step applied
      unit 39/65 rc=253455 chunks=1 trained_queries=1172 mean_loss=1.555531 lr=0.00148405 step=stateful RMSProp step applied
      unit 40/65 rc=41 chunks=10 trained_queries=476269 mean_loss=2.255274 lr=0.00148115 step=stateful RMSProp step applied
      unit 41/65 rc=560 chunks=2 trained_queries=98499 mean_loss=2.254857 lr=0.00147825 step=stateful RMSProp step applied
      unit 42/65 rc=36 chunks=3 trained_queries=136045 mean_loss=2.265062 lr=0.00147535 step=stateful RMSProp step applied
      unit 43/65 rc=39 chunks=6 trained_queries=267502 mean_loss=2.220504 lr=0.00147245 step=stateful RMSProp step applied
      unit 44/65 rc=14 chunks=16 trained_queries=787429 mean_loss=2.208373 lr=0.00146955 step=stateful RMSProp step applied
      unit 45/65 rc=21 chunks=3 trained_queries=135019 mean_loss=2.240374 lr=0.00146665 step=stateful RMSProp step applied
      unit 46/65 rc=541 chunks=3 trained_queries=120415 mean_loss=2.244799 lr=0.00146375 step=stateful RMSProp step applied
      unit 47/65 rc=51 chunks=9 trained_queries=409633 mean_loss=2.218428 lr=0.00146086 step=stateful RMSProp step applied
      unit 48/65 rc=2 chunks=8 trained_queries=388601 mean_loss=2.215449 lr=0.00145796 step=stateful RMSProp step applied
      unit 49/65 rc=1057 chunks=1 trained_queries=5910 mean_loss=2.199685 lr=0.00145506 step=stateful RMSProp step applied
      unit 50/65 rc=73 chunks=2 trained_queries=63481 mean_loss=2.180308 lr=0.00145216 step=stateful RMSProp step applied
      unit 51/65 rc=79 chunks=6 trained_queries=295710 mean_loss=2.224636 lr=0.00144926 step=stateful RMSProp step applied
      unit 52/65 rc=63 chunks=4 trained_queries=190096 mean_loss=2.203064 lr=0.00144636 step=stateful RMSProp step applied
      unit 53/65 rc=15 chunks=9 trained_queries=413445 mean_loss=2.207400 lr=0.00144346 step=stateful RMSProp step applied
      unit 54/65 rc=22 chunks=12 trained_queries=553466 mean_loss=2.202874 lr=0.00144057 step=stateful RMSProp step applied
      unit 55/65 rc=32 chunks=2 trained_queries=96605 mean_loss=2.243652 lr=0.00143767 step=stateful RMSProp step applied
      unit 56/65 rc=8258 chunks=1 trained_queries=5343 mean_loss=2.125100 lr=0.00143477 step=stateful RMSProp step applied
      unit 57/65 rc=3 chunks=9 trained_queries=426507 mean_loss=2.250566 lr=0.00143188 step=stateful RMSProp step applied
      unit 58/65 rc=4 chunks=9 trained_queries=420567 mean_loss=2.207960 lr=0.00142898 step=stateful RMSProp step applied
      unit 59/65 rc=5 chunks=11 trained_queries=535061 mean_loss=2.197101 lr=0.00142608 step=stateful RMSProp step applied
      unit 60/65 rc=48 chunks=5 trained_queries=235018 mean_loss=2.221695 lr=0.00142319 step=stateful RMSProp step applied
      unit 61/65 rc=164 chunks=2 trained_queries=68054 mean_loss=2.126496 lr=0.00142029 step=stateful RMSProp step applied
      unit 62/65 rc=28 chunks=3 trained_queries=147152 mean_loss=2.190018 lr=0.00141739 step=stateful RMSProp step applied
      unit 63/65 rc=9576 chunks=1 trained_queries=5204 mean_loss=2.246441 lr=0.0014145 step=stateful RMSProp step applied
      unit 64/65 rc=44 chunks=4 trained_queries=165699 mean_loss=2.186888 lr=0.0014116 step=stateful RMSProp step applied
      unit 65/65 rc=13 chunks=1 trained_queries=3594 mean_loss=2.030042 lr=0.00140871 step=stateful RMSProp step applied
    stage-epoch 13 summary trained_queries=8880137 mean_loss=2.206122
    stage-epoch 14/25
      unit 1/65 rc=17 chunks=5 trained_queries=235411 mean_loss=2.125306 lr=0.00140581 step=stateful RMSProp step applied
      unit 2/65 rc=6 chunks=25 trained_queries=1209059 mean_loss=2.196963 lr=0.00140292 step=stateful RMSProp step applied
      unit 3/65 rc=588 chunks=1 trained_queries=17780 mean_loss=2.098867 lr=0.00140003 step=stateful RMSProp step applied
      unit 4/65 rc=987290 chunks=1 trained_queries=16 mean_loss=1.018702 lr=0.00139713 step=stateful RMSProp step applied
      unit 5/65 rc=109979 chunks=1 trained_queries=41 mean_loss=1.500544 lr=0.00139424 step=stateful RMSProp step applied
      unit 6/65 rc=378 chunks=2 trained_queries=54875 mean_loss=2.321462 lr=0.00139135 step=stateful RMSProp step applied
      unit 7/65 rc=54 chunks=3 trained_queries=146903 mean_loss=2.206574 lr=0.00138846 step=stateful RMSProp step applied
      unit 8/65 rc=2061 chunks=1 trained_queries=19351 mean_loss=2.356115 lr=0.00138556 step=stateful RMSProp step applied
      unit 9/65 rc=74 chunks=1 trained_queries=35110 mean_loss=1.998060 lr=0.00138267 step=stateful RMSProp step applied
      unit 10/65 rc=849363 chunks=1 trained_queries=16 mean_loss=0.315744 lr=0.00137978 step=stateful RMSProp step applied
      unit 11/65 rc=16 chunks=2 trained_queries=74861 mean_loss=2.072090 lr=0.00137689 step=stateful RMSProp step applied
      unit 12/65 rc=547 chunks=1 trained_queries=30300 mean_loss=2.020116 lr=0.001374 step=stateful RMSProp step applied
      unit 13/65 rc=213 chunks=1 trained_queries=15923 mean_loss=2.077983 lr=0.00137111 step=stateful RMSProp step applied
      unit 14/65 rc=78 chunks=2 trained_queries=55670 mean_loss=2.122048 lr=0.00136822 step=stateful RMSProp step applied
      unit 15/65 rc=18 chunks=1 trained_queries=19324 mean_loss=2.184712 lr=0.00136533 step=stateful RMSProp step applied
      unit 16/65 rc=7 chunks=1 trained_queries=22956 mean_loss=2.050203 lr=0.00136245 step=stateful RMSProp step applied
      unit 17/65 rc=6212 chunks=1 trained_queries=12887 mean_loss=1.990064 lr=0.00135956 step=stateful RMSProp step applied
      unit 18/65 rc=3055 chunks=1 trained_queries=37224 mean_loss=1.944282 lr=0.00135667 step=stateful RMSProp step applied
      unit 19/65 rc=1 chunks=1 trained_queries=11903 mean_loss=2.171482 lr=0.00135379 step=stateful RMSProp step applied
      unit 20/65 rc=14727 chunks=1 trained_queries=13922 mean_loss=1.970190 lr=0.0013509 step=stateful RMSProp step applied
      unit 21/65 rc=2977 chunks=1 trained_queries=20966 mean_loss=2.062666 lr=0.00134801 step=stateful RMSProp step applied
      unit 22/65 rc=497 chunks=2 trained_queries=80510 mean_loss=2.105339 lr=0.00134513 step=stateful RMSProp step applied
      unit 23/65 rc=14349 chunks=1 trained_queries=2379 mean_loss=2.110606 lr=0.00134225 step=stateful RMSProp step applied
      unit 24/65 rc=61678 chunks=1 trained_queries=6700 mean_loss=1.632398 lr=0.00133936 step=stateful RMSProp step applied
      unit 25/65 rc=416 chunks=1 trained_queries=26203 mean_loss=2.031958 lr=0.00133648 step=stateful RMSProp step applied
      unit 26/65 rc=308 chunks=1 trained_queries=20070 mean_loss=2.138988 lr=0.0013336 step=stateful RMSProp step applied
      unit 27/65 rc=522 chunks=1 trained_queries=30344 mean_loss=1.930650 lr=0.00133072 step=stateful RMSProp step applied
      unit 28/65 rc=611 chunks=1 trained_queries=37398 mean_loss=2.082319 lr=0.00132783 step=stateful RMSProp step applied
      unit 29/65 rc=7882 chunks=1 trained_queries=9984 mean_loss=2.187346 lr=0.00132495 step=stateful RMSProp step applied
      unit 30/65 rc=96207 chunks=1 trained_queries=368 mean_loss=0.893930 lr=0.00132207 step=stateful RMSProp step applied
      unit 31/65 rc=226 chunks=1 trained_queries=31432 mean_loss=2.078650 lr=0.00131919 step=stateful RMSProp step applied
      unit 32/65 rc=85 chunks=1 trained_queries=32416 mean_loss=2.129687 lr=0.00131632 step=stateful RMSProp step applied
      unit 33/65 rc=2669 chunks=2 trained_queries=52575 mean_loss=2.113797 lr=0.00131344 step=stateful RMSProp step applied
      unit 34/65 rc=3061 chunks=1 trained_queries=18981 mean_loss=1.818168 lr=0.00131056 step=stateful RMSProp step applied
      unit 35/65 rc=1714 chunks=1 trained_queries=5199 mean_loss=1.891521 lr=0.00130769 step=stateful RMSProp step applied
      unit 36/65 rc=367 chunks=1 trained_queries=25529 mean_loss=2.025201 lr=0.00130481 step=stateful RMSProp step applied
      unit 37/65 rc=435397 chunks=1 trained_queries=944 mean_loss=1.716776 lr=0.00130193 step=stateful RMSProp step applied
      unit 38/65 rc=141 chunks=1 trained_queries=13111 mean_loss=2.026957 lr=0.00129906 step=stateful RMSProp step applied
      unit 39/65 rc=253455 chunks=1 trained_queries=1172 mean_loss=1.534799 lr=0.00129619 step=stateful RMSProp step applied
      unit 40/65 rc=41 chunks=10 trained_queries=476269 mean_loss=2.237723 lr=0.00129331 step=stateful RMSProp step applied
      unit 41/65 rc=560 chunks=2 trained_queries=98499 mean_loss=2.238466 lr=0.00129044 step=stateful RMSProp step applied
      unit 42/65 rc=36 chunks=3 trained_queries=136045 mean_loss=2.241874 lr=0.00128757 step=stateful RMSProp step applied
      unit 43/65 rc=39 chunks=6 trained_queries=267502 mean_loss=2.202310 lr=0.0012847 step=stateful RMSProp step applied
      unit 44/65 rc=14 chunks=16 trained_queries=787429 mean_loss=2.187405 lr=0.00128183 step=stateful RMSProp step applied
      unit 45/65 rc=21 chunks=3 trained_queries=135019 mean_loss=2.220840 lr=0.00127896 step=stateful RMSProp step applied
      unit 46/65 rc=541 chunks=3 trained_queries=120415 mean_loss=2.226842 lr=0.0012761 step=stateful RMSProp step applied
      unit 47/65 rc=51 chunks=9 trained_queries=409633 mean_loss=2.198154 lr=0.00127323 step=stateful RMSProp step applied
      unit 48/65 rc=2 chunks=8 trained_queries=388601 mean_loss=2.197340 lr=0.00127036 step=stateful RMSProp step applied
      unit 49/65 rc=1057 chunks=1 trained_queries=5910 mean_loss=2.174439 lr=0.0012675 step=stateful RMSProp step applied
      unit 50/65 rc=73 chunks=2 trained_queries=63481 mean_loss=2.161489 lr=0.00126463 step=stateful RMSProp step applied
      unit 51/65 rc=79 chunks=6 trained_queries=295710 mean_loss=2.203691 lr=0.00126177 step=stateful RMSProp step applied
      unit 52/65 rc=63 chunks=4 trained_queries=190096 mean_loss=2.184989 lr=0.00125891 step=stateful RMSProp step applied
      unit 53/65 rc=15 chunks=9 trained_queries=413445 mean_loss=2.187251 lr=0.00125604 step=stateful RMSProp step applied
      unit 54/65 rc=22 chunks=12 trained_queries=553466 mean_loss=2.184646 lr=0.00125318 step=stateful RMSProp step applied
      unit 55/65 rc=32 chunks=2 trained_queries=96605 mean_loss=2.229242 lr=0.00125032 step=stateful RMSProp step applied
      unit 56/65 rc=8258 chunks=1 trained_queries=5343 mean_loss=2.111533 lr=0.00124746 step=stateful RMSProp step applied
      unit 57/65 rc=3 chunks=9 trained_queries=426507 mean_loss=2.227153 lr=0.00124461 step=stateful RMSProp step applied
      unit 58/65 rc=4 chunks=9 trained_queries=420567 mean_loss=2.187612 lr=0.00124175 step=stateful RMSProp step applied
      unit 59/65 rc=5 chunks=11 trained_queries=535061 mean_loss=2.180534 lr=0.00123889 step=stateful RMSProp step applied
      unit 60/65 rc=48 chunks=5 trained_queries=235018 mean_loss=2.204227 lr=0.00123604 step=stateful RMSProp step applied
      unit 61/65 rc=164 chunks=2 trained_queries=68054 mean_loss=2.110514 lr=0.00123318 step=stateful RMSProp step applied
      unit 62/65 rc=28 chunks=3 trained_queries=147152 mean_loss=2.173913 lr=0.00123033 step=stateful RMSProp step applied
      unit 63/65 rc=9576 chunks=1 trained_queries=5204 mean_loss=2.225509 lr=0.00122748 step=stateful RMSProp step applied
      unit 64/65 rc=44 chunks=4 trained_queries=165699 mean_loss=2.172123 lr=0.00122463 step=stateful RMSProp step applied
      unit 65/65 rc=13 chunks=1 trained_queries=3594 mean_loss=2.011806 lr=0.00122178 step=stateful RMSProp step applied
    stage-epoch 14 summary trained_queries=8880137 mean_loss=2.185062
    stage-epoch 15/25
      unit 1/65 rc=17 chunks=5 trained_queries=235411 mean_loss=2.110200 lr=0.00121893 step=stateful RMSProp step applied
      unit 2/65 rc=6 chunks=25 trained_queries=1209059 mean_loss=2.179456 lr=0.00121608 step=stateful RMSProp step applied
      unit 3/65 rc=588 chunks=1 trained_queries=17780 mean_loss=2.087078 lr=0.00121323 step=stateful RMSProp step applied
      unit 4/65 rc=987290 chunks=1 trained_queries=16 mean_loss=0.963763 lr=0.00121039 step=stateful RMSProp step applied
      unit 5/65 rc=109979 chunks=1 trained_queries=41 mean_loss=1.367746 lr=0.00120754 step=stateful RMSProp step applied
      unit 6/65 rc=378 chunks=2 trained_queries=54875 mean_loss=2.245955 lr=0.0012047 step=stateful RMSProp step applied
      unit 7/65 rc=54 chunks=3 trained_queries=146903 mean_loss=2.157414 lr=0.00120186 step=stateful RMSProp step applied
      unit 8/65 rc=2061 chunks=1 trained_queries=19351 mean_loss=2.328974 lr=0.00119901 step=stateful RMSProp step applied
      unit 9/65 rc=74 chunks=1 trained_queries=35110 mean_loss=1.966079 lr=0.00119617 step=stateful RMSProp step applied
      unit 10/65 rc=849363 chunks=1 trained_queries=16 mean_loss=0.256778 lr=0.00119333 step=stateful RMSProp step applied
      unit 11/65 rc=16 chunks=2 trained_queries=74861 mean_loss=2.048605 lr=0.0011905 step=stateful RMSProp step applied
      unit 12/65 rc=547 chunks=1 trained_queries=30300 mean_loss=1.997123 lr=0.00118766 step=stateful RMSProp step applied
      unit 13/65 rc=213 chunks=1 trained_queries=15923 mean_loss=2.046322 lr=0.00118482 step=stateful RMSProp step applied
      unit 14/65 rc=78 chunks=2 trained_queries=55670 mean_loss=2.097612 lr=0.00118199 step=stateful RMSProp step applied
      unit 15/65 rc=18 chunks=1 trained_queries=19324 mean_loss=2.165548 lr=0.00117916 step=stateful RMSProp step applied
      unit 16/65 rc=7 chunks=1 trained_queries=22956 mean_loss=2.033178 lr=0.00117632 step=stateful RMSProp step applied
      unit 17/65 rc=6212 chunks=1 trained_queries=12887 mean_loss=1.953707 lr=0.00117349 step=stateful RMSProp step applied
      unit 18/65 rc=3055 chunks=1 trained_queries=37224 mean_loss=1.917476 lr=0.00117066 step=stateful RMSProp step applied
      unit 19/65 rc=1 chunks=1 trained_queries=11903 mean_loss=2.148571 lr=0.00116783 step=stateful RMSProp step applied
      unit 20/65 rc=14727 chunks=1 trained_queries=13922 mean_loss=1.933367 lr=0.00116501 step=stateful RMSProp step applied
      unit 21/65 rc=2977 chunks=1 trained_queries=20966 mean_loss=2.039294 lr=0.00116218 step=stateful RMSProp step applied
      unit 22/65 rc=497 chunks=2 trained_queries=80510 mean_loss=2.078761 lr=0.00115936 step=stateful RMSProp step applied
      unit 23/65 rc=14349 chunks=1 trained_queries=2379 mean_loss=2.066818 lr=0.00115653 step=stateful RMSProp step applied
      unit 24/65 rc=61678 chunks=1 trained_queries=6700 mean_loss=1.558803 lr=0.00115371 step=stateful RMSProp step applied
      unit 25/65 rc=416 chunks=1 trained_queries=26203 mean_loss=2.004449 lr=0.00115089 step=stateful RMSProp step applied
      unit 26/65 rc=308 chunks=1 trained_queries=20070 mean_loss=2.113794 lr=0.00114807 step=stateful RMSProp step applied
      unit 27/65 rc=522 chunks=1 trained_queries=30344 mean_loss=1.910608 lr=0.00114525 step=stateful RMSProp step applied
      unit 28/65 rc=611 chunks=1 trained_queries=37398 mean_loss=2.063619 lr=0.00114243 step=stateful RMSProp step applied
      unit 29/65 rc=7882 chunks=1 trained_queries=9984 mean_loss=2.137522 lr=0.00113962 step=stateful RMSProp step applied
      unit 30/65 rc=96207 chunks=1 trained_queries=368 mean_loss=0.827552 lr=0.0011368 step=stateful RMSProp step applied
      unit 31/65 rc=226 chunks=1 trained_queries=31432 mean_loss=2.055050 lr=0.00113399 step=stateful RMSProp step applied
      unit 32/65 rc=85 chunks=1 trained_queries=32416 mean_loss=2.110521 lr=0.00113118 step=stateful RMSProp step applied
      unit 33/65 rc=2669 chunks=2 trained_queries=52575 mean_loss=2.099050 lr=0.00112837 step=stateful RMSProp step applied
      unit 34/65 rc=3061 chunks=1 trained_queries=18981 mean_loss=1.804173 lr=0.00112556 step=stateful RMSProp step applied
      unit 35/65 rc=1714 chunks=1 trained_queries=5199 mean_loss=1.890606 lr=0.00112275 step=stateful RMSProp step applied
      unit 36/65 rc=367 chunks=1 trained_queries=25529 mean_loss=2.012603 lr=0.00111995 step=stateful RMSProp step applied
      unit 37/65 rc=435397 chunks=1 trained_queries=944 mean_loss=1.687451 lr=0.00111714 step=stateful RMSProp step applied
      unit 38/65 rc=141 chunks=1 trained_queries=13111 mean_loss=2.006773 lr=0.00111434 step=stateful RMSProp step applied
      unit 39/65 rc=253455 chunks=1 trained_queries=1172 mean_loss=1.501047 lr=0.00111154 step=stateful RMSProp step applied
      unit 40/65 rc=41 chunks=10 trained_queries=476269 mean_loss=2.215897 lr=0.00110874 step=stateful RMSProp step applied
      unit 41/65 rc=560 chunks=2 trained_queries=98499 mean_loss=2.219927 lr=0.00110594 step=stateful RMSProp step applied
      unit 42/65 rc=36 chunks=3 trained_queries=136045 mean_loss=2.216960 lr=0.00110314 step=stateful RMSProp step applied
      unit 43/65 rc=39 chunks=6 trained_queries=267502 mean_loss=2.182912 lr=0.00110035 step=stateful RMSProp step applied
      unit 44/65 rc=14 chunks=16 trained_queries=787429 mean_loss=2.168655 lr=0.00109755 step=stateful RMSProp step applied
      unit 45/65 rc=21 chunks=3 trained_queries=135019 mean_loss=2.204724 lr=0.00109476 step=stateful RMSProp step applied
      unit 46/65 rc=541 chunks=3 trained_queries=120415 mean_loss=2.207275 lr=0.00109197 step=stateful RMSProp step applied
      unit 47/65 rc=51 chunks=9 trained_queries=409633 mean_loss=2.184487 lr=0.00108918 step=stateful RMSProp step applied
      unit 48/65 rc=2 chunks=8 trained_queries=388601 mean_loss=2.180424 lr=0.00108639 step=stateful RMSProp step applied
      unit 49/65 rc=1057 chunks=1 trained_queries=5910 mean_loss=2.158850 lr=0.0010836 step=stateful RMSProp step applied
      unit 50/65 rc=73 chunks=2 trained_queries=63481 mean_loss=2.140628 lr=0.00108082 step=stateful RMSProp step applied
      unit 51/65 rc=79 chunks=6 trained_queries=295710 mean_loss=2.184015 lr=0.00107803 step=stateful RMSProp step applied
      unit 52/65 rc=63 chunks=4 trained_queries=190096 mean_loss=2.165844 lr=0.00107525 step=stateful RMSProp step applied
      unit 53/65 rc=15 chunks=9 trained_queries=413445 mean_loss=2.170214 lr=0.00107247 step=stateful RMSProp step applied
      unit 54/65 rc=22 chunks=12 trained_queries=553466 mean_loss=2.166855 lr=0.00106969 step=stateful RMSProp step applied
      unit 55/65 rc=32 chunks=2 trained_queries=96605 mean_loss=2.214758 lr=0.00106691 step=stateful RMSProp step applied
      unit 56/65 rc=8258 chunks=1 trained_queries=5343 mean_loss=2.073017 lr=0.00106414 step=stateful RMSProp step applied
      unit 57/65 rc=3 chunks=9 trained_queries=426507 mean_loss=2.203799 lr=0.00106137 step=stateful RMSProp step applied
      unit 58/65 rc=4 chunks=9 trained_queries=420567 mean_loss=2.170159 lr=0.00105859 step=stateful RMSProp step applied
      unit 59/65 rc=5 chunks=11 trained_queries=535061 mean_loss=2.164048 lr=0.00105582 step=stateful RMSProp step applied
      unit 60/65 rc=48 chunks=5 trained_queries=235018 mean_loss=2.189964 lr=0.00105305 step=stateful RMSProp step applied
      unit 61/65 rc=164 chunks=2 trained_queries=68054 mean_loss=2.095614 lr=0.00105029 step=stateful RMSProp step applied
      unit 62/65 rc=28 chunks=3 trained_queries=147152 mean_loss=2.157667 lr=0.00104752 step=stateful RMSProp step applied
      unit 63/65 rc=9576 chunks=1 trained_queries=5204 mean_loss=2.209463 lr=0.00104476 step=stateful RMSProp step applied
      unit 64/65 rc=44 chunks=4 trained_queries=165699 mean_loss=2.154466 lr=0.00104199 step=stateful RMSProp step applied
      unit 65/65 rc=13 chunks=1 trained_queries=3594 mean_loss=1.989669 lr=0.00103923 step=stateful RMSProp step applied
    stage-epoch 15 summary trained_queries=8880137 mean_loss=2.165666
    stage-epoch 16/25
      unit 1/65 rc=17 chunks=5 trained_queries=235411 mean_loss=2.085581 lr=0.00103647 step=stateful RMSProp step applied
      unit 2/65 rc=6 chunks=25 trained_queries=1209059 mean_loss=2.162152 lr=0.00103372 step=stateful RMSProp step applied
      unit 3/65 rc=588 chunks=1 trained_queries=17780 mean_loss=2.061438 lr=0.00103096 step=stateful RMSProp step applied
      unit 4/65 rc=987290 chunks=1 trained_queries=16 mean_loss=0.818981 lr=0.00102821 step=stateful RMSProp step applied
      unit 5/65 rc=109979 chunks=1 trained_queries=41 mean_loss=1.286637 lr=0.00102546 step=stateful RMSProp step applied
      unit 6/65 rc=378 chunks=2 trained_queries=54875 mean_loss=2.218666 lr=0.00102271 step=stateful RMSProp step applied
      unit 7/65 rc=54 chunks=3 trained_queries=146903 mean_loss=2.136951 lr=0.00101996 step=stateful RMSProp step applied
      unit 8/65 rc=2061 chunks=1 trained_queries=19351 mean_loss=2.315302 lr=0.00101721 step=stateful RMSProp step applied
      unit 9/65 rc=74 chunks=1 trained_queries=35110 mean_loss=1.944320 lr=0.00101447 step=stateful RMSProp step applied
      unit 10/65 rc=849363 chunks=1 trained_queries=16 mean_loss=0.208361 lr=0.00101172 step=stateful RMSProp step applied
      unit 11/65 rc=16 chunks=2 trained_queries=74861 mean_loss=2.036674 lr=0.00100898 step=stateful RMSProp step applied
      unit 12/65 rc=547 chunks=1 trained_queries=30300 mean_loss=2.022980 lr=0.00100624 step=stateful RMSProp step applied
      unit 13/65 rc=213 chunks=1 trained_queries=15923 mean_loss=2.030713 lr=0.00100351 step=stateful RMSProp step applied
      unit 14/65 rc=78 chunks=2 trained_queries=55670 mean_loss=2.090698 lr=0.00100077 step=stateful RMSProp step applied
      unit 15/65 rc=18 chunks=1 trained_queries=19324 mean_loss=2.137484 lr=0.000998037 step=stateful RMSProp step applied
      unit 16/65 rc=7 chunks=1 trained_queries=22956 mean_loss=1.997715 lr=0.000995305 step=stateful RMSProp step applied
      unit 17/65 rc=6212 chunks=1 trained_queries=12887 mean_loss=1.944778 lr=0.000992575 step=stateful RMSProp step applied
      unit 18/65 rc=3055 chunks=1 trained_queries=37224 mean_loss=1.897992 lr=0.000989847 step=stateful RMSProp step applied
      unit 19/65 rc=1 chunks=1 trained_queries=11903 mean_loss=2.126986 lr=0.000987121 step=stateful RMSProp step applied
      unit 20/65 rc=14727 chunks=1 trained_queries=13922 mean_loss=1.916033 lr=0.000984397 step=stateful RMSProp step applied
      unit 21/65 rc=2977 chunks=1 trained_queries=20966 mean_loss=2.020372 lr=0.000981675 step=stateful RMSProp step applied
      unit 22/65 rc=497 chunks=2 trained_queries=80510 mean_loss=2.067379 lr=0.000978954 step=stateful RMSProp step applied
      unit 23/65 rc=14349 chunks=1 trained_queries=2379 mean_loss=2.033909 lr=0.000976236 step=stateful RMSProp step applied
      unit 24/65 rc=61678 chunks=1 trained_queries=6700 mean_loss=1.540569 lr=0.000973519 step=stateful RMSProp step applied
      unit 25/65 rc=416 chunks=1 trained_queries=26203 mean_loss=1.999435 lr=0.000970805 step=stateful RMSProp step applied
      unit 26/65 rc=308 chunks=1 trained_queries=20070 mean_loss=2.097405 lr=0.000968093 step=stateful RMSProp step applied
      unit 27/65 rc=522 chunks=1 trained_queries=30344 mean_loss=1.895210 lr=0.000965382 step=stateful RMSProp step applied
      unit 28/65 rc=611 chunks=1 trained_queries=37398 mean_loss=2.062835 lr=0.000962674 step=stateful RMSProp step applied
      unit 29/65 rc=7882 chunks=1 trained_queries=9984 mean_loss=2.136758 lr=0.000959967 step=stateful RMSProp step applied
      unit 30/65 rc=96207 chunks=1 trained_queries=368 mean_loss=0.832618 lr=0.000957263 step=stateful RMSProp step applied
      unit 31/65 rc=226 chunks=1 trained_queries=31432 mean_loss=2.034559 lr=0.00095456 step=stateful RMSProp step applied
      unit 32/65 rc=85 chunks=1 trained_queries=32416 mean_loss=2.096294 lr=0.00095186 step=stateful RMSProp step applied
      unit 33/65 rc=2669 chunks=2 trained_queries=52575 mean_loss=2.093296 lr=0.000949162 step=stateful RMSProp step applied
      unit 34/65 rc=3061 chunks=1 trained_queries=18981 mean_loss=1.766163 lr=0.000946465 step=stateful RMSProp step applied
      unit 35/65 rc=1714 chunks=1 trained_queries=5199 mean_loss=1.857533 lr=0.000943771 step=stateful RMSProp step applied
      unit 36/65 rc=367 chunks=1 trained_queries=25529 mean_loss=1.993520 lr=0.000941079 step=stateful RMSProp step applied
      unit 37/65 rc=435397 chunks=1 trained_queries=944 mean_loss=1.665577 lr=0.000938389 step=stateful RMSProp step applied
      unit 38/65 rc=141 chunks=1 trained_queries=13111 mean_loss=1.966365 lr=0.000935701 step=stateful RMSProp step applied
      unit 39/65 rc=253455 chunks=1 trained_queries=1172 mean_loss=1.493757 lr=0.000933015 step=stateful RMSProp step applied
      unit 40/65 rc=41 chunks=10 trained_queries=476269 mean_loss=2.202037 lr=0.000930331 step=stateful RMSProp step applied
      unit 41/65 rc=560 chunks=2 trained_queries=98499 mean_loss=2.209136 lr=0.00092765 step=stateful RMSProp step applied
      unit 42/65 rc=36 chunks=3 trained_queries=136045 mean_loss=2.205343 lr=0.00092497 step=stateful RMSProp step applied
      unit 43/65 rc=39 chunks=6 trained_queries=267502 mean_loss=2.170122 lr=0.000922293 step=stateful RMSProp step applied
      unit 44/65 rc=14 chunks=16 trained_queries=787429 mean_loss=2.155978 lr=0.000919618 step=stateful RMSProp step applied
      unit 45/65 rc=21 chunks=3 trained_queries=135019 mean_loss=2.191619 lr=0.000916945 step=stateful RMSProp step applied
      unit 46/65 rc=541 chunks=3 trained_queries=120415 mean_loss=2.194431 lr=0.000914274 step=stateful RMSProp step applied
      unit 47/65 rc=51 chunks=9 trained_queries=409633 mean_loss=2.169699 lr=0.000911605 step=stateful RMSProp step applied
      unit 48/65 rc=2 chunks=8 trained_queries=388601 mean_loss=2.166856 lr=0.000908939 step=stateful RMSProp step applied
      unit 49/65 rc=1057 chunks=1 trained_queries=5910 mean_loss=2.138981 lr=0.000906275 step=stateful RMSProp step applied
      unit 50/65 rc=73 chunks=2 trained_queries=63481 mean_loss=2.126602 lr=0.000903613 step=stateful RMSProp step applied
      unit 51/65 rc=79 chunks=6 trained_queries=295710 mean_loss=2.171119 lr=0.000900953 step=stateful RMSProp step applied
      unit 52/65 rc=63 chunks=4 trained_queries=190096 mean_loss=2.153390 lr=0.000898296 step=stateful RMSProp step applied
      unit 53/65 rc=15 chunks=9 trained_queries=413445 mean_loss=2.158633 lr=0.00089564 step=stateful RMSProp step applied
      unit 54/65 rc=22 chunks=12 trained_queries=553466 mean_loss=2.154942 lr=0.000892987 step=stateful RMSProp step applied
      unit 55/65 rc=32 chunks=2 trained_queries=96605 mean_loss=2.206643 lr=0.000890337 step=stateful RMSProp step applied
      unit 56/65 rc=8258 chunks=1 trained_queries=5343 mean_loss=2.053466 lr=0.000887688 step=stateful RMSProp step applied
      unit 57/65 rc=3 chunks=9 trained_queries=426507 mean_loss=2.188613 lr=0.000885042 step=stateful RMSProp step applied
      unit 58/65 rc=4 chunks=9 trained_queries=420567 mean_loss=2.157932 lr=0.000882398 step=stateful RMSProp step applied
      unit 59/65 rc=5 chunks=11 trained_queries=535061 mean_loss=2.153201 lr=0.000879757 step=stateful RMSProp step applied
      unit 60/65 rc=48 chunks=5 trained_queries=235018 mean_loss=2.181709 lr=0.000877117 step=stateful RMSProp step applied
      unit 61/65 rc=164 chunks=2 trained_queries=68054 mean_loss=2.087578 lr=0.00087448 step=stateful RMSProp step applied
      unit 62/65 rc=28 chunks=3 trained_queries=147152 mean_loss=2.145169 lr=0.000871846 step=stateful RMSProp step applied
      unit 63/65 rc=9576 chunks=1 trained_queries=5204 mean_loss=2.194475 lr=0.000869214 step=stateful RMSProp step applied
      unit 64/65 rc=44 chunks=4 trained_queries=165699 mean_loss=2.142441 lr=0.000866584 step=stateful RMSProp step applied
      unit 65/65 rc=13 chunks=1 trained_queries=3594 mean_loss=1.978077 lr=0.000863956 step=stateful RMSProp step applied
    stage-epoch 16 summary trained_queries=8880137 mean_loss=2.151862
    stage-epoch 17/25
      unit 1/65 rc=17 chunks=5 trained_queries=235411 mean_loss=2.072776 lr=0.000861331 step=stateful RMSProp step applied
      unit 2/65 rc=6 chunks=25 trained_queries=1209059 mean_loss=2.150973 lr=0.000858708 step=stateful RMSProp step applied
      unit 3/65 rc=588 chunks=1 trained_queries=17780 mean_loss=2.048114 lr=0.000856088 step=stateful RMSProp step applied
      unit 4/65 rc=987290 chunks=1 trained_queries=16 mean_loss=0.742870 lr=0.00085347 step=stateful RMSProp step applied
      unit 5/65 rc=109979 chunks=1 trained_queries=41 mean_loss=1.198301 lr=0.000850854 step=stateful RMSProp step applied
      unit 6/65 rc=378 chunks=2 trained_queries=54875 mean_loss=2.187187 lr=0.000848242 step=stateful RMSProp step applied
      unit 7/65 rc=54 chunks=3 trained_queries=146903 mean_loss=2.113482 lr=0.000845631 step=stateful RMSProp step applied
      unit 8/65 rc=2061 chunks=1 trained_queries=19351 mean_loss=2.291091 lr=0.000843023 step=stateful RMSProp step applied
      unit 9/65 rc=74 chunks=1 trained_queries=35110 mean_loss=1.915567 lr=0.000840417 step=stateful RMSProp step applied
      unit 10/65 rc=849363 chunks=1 trained_queries=16 mean_loss=0.179362 lr=0.000837813 step=stateful RMSProp step applied
      unit 11/65 rc=16 chunks=2 trained_queries=74861 mean_loss=2.014749 lr=0.000835213 step=stateful RMSProp step applied
      unit 12/65 rc=547 chunks=1 trained_queries=30300 mean_loss=1.969925 lr=0.000832614 step=stateful RMSProp step applied
      unit 13/65 rc=213 chunks=1 trained_queries=15923 mean_loss=1.999694 lr=0.000830018 step=stateful RMSProp step applied
      unit 14/65 rc=78 chunks=2 trained_queries=55670 mean_loss=2.067468 lr=0.000827425 step=stateful RMSProp step applied
      unit 15/65 rc=18 chunks=1 trained_queries=19324 mean_loss=2.123031 lr=0.000824834 step=stateful RMSProp step applied
      unit 16/65 rc=7 chunks=1 trained_queries=22956 mean_loss=1.975823 lr=0.000822246 step=stateful RMSProp step applied
      unit 17/65 rc=6212 chunks=1 trained_queries=12887 mean_loss=1.893389 lr=0.00081966 step=stateful RMSProp step applied
      unit 18/65 rc=3055 chunks=1 trained_queries=37224 mean_loss=1.855064 lr=0.000817077 step=stateful RMSProp step applied
      unit 19/65 rc=1 chunks=1 trained_queries=11903 mean_loss=2.106279 lr=0.000814496 step=stateful RMSProp step applied
      unit 20/65 rc=14727 chunks=1 trained_queries=13922 mean_loss=1.880000 lr=0.000811918 step=stateful RMSProp step applied
      unit 21/65 rc=2977 chunks=1 trained_queries=20966 mean_loss=2.006254 lr=0.000809343 step=stateful RMSProp step applied
      unit 22/65 rc=497 chunks=2 trained_queries=80510 mean_loss=2.047040 lr=0.00080677 step=stateful RMSProp step applied
      unit 23/65 rc=14349 chunks=1 trained_queries=2379 mean_loss=2.001649 lr=0.000804199 step=stateful RMSProp step applied
      unit 24/65 rc=61678 chunks=1 trained_queries=6700 mean_loss=1.523232 lr=0.000801632 step=stateful RMSProp step applied
      unit 25/65 rc=416 chunks=1 trained_queries=26203 mean_loss=1.980510 lr=0.000799066 step=stateful RMSProp step applied
      unit 26/65 rc=308 chunks=1 trained_queries=20070 mean_loss=2.088850 lr=0.000796504 step=stateful RMSProp step applied
      unit 27/65 rc=522 chunks=1 trained_queries=30344 mean_loss=1.876016 lr=0.000793944 step=stateful RMSProp step applied
      unit 28/65 rc=611 chunks=1 trained_queries=37398 mean_loss=2.036225 lr=0.000791387 step=stateful RMSProp step applied
      unit 29/65 rc=7882 chunks=1 trained_queries=9984 mean_loss=2.104473 lr=0.000788832 step=stateful RMSProp step applied
      unit 30/65 rc=96207 chunks=1 trained_queries=368 mean_loss=0.762885 lr=0.00078628 step=stateful RMSProp step applied
      unit 31/65 rc=226 chunks=1 trained_queries=31432 mean_loss=2.012737 lr=0.000783731 step=stateful RMSProp step applied
      unit 32/65 rc=85 chunks=1 trained_queries=32416 mean_loss=2.087107 lr=0.000781184 step=stateful RMSProp step applied
      unit 33/65 rc=2669 chunks=2 trained_queries=52575 mean_loss=2.078036 lr=0.00077864 step=stateful RMSProp step applied
      unit 34/65 rc=3061 chunks=1 trained_queries=18981 mean_loss=1.744088 lr=0.000776099 step=stateful RMSProp step applied
      unit 35/65 rc=1714 chunks=1 trained_queries=5199 mean_loss=1.844778 lr=0.000773561 step=stateful RMSProp step applied
      unit 36/65 rc=367 chunks=1 trained_queries=25529 mean_loss=1.980420 lr=0.000771025 step=stateful RMSProp step applied
      unit 37/65 rc=435397 chunks=1 trained_queries=944 mean_loss=1.628389 lr=0.000768492 step=stateful RMSProp step applied
      unit 38/65 rc=141 chunks=1 trained_queries=13111 mean_loss=1.943450 lr=0.000765961 step=stateful RMSProp step applied
      unit 39/65 rc=253455 chunks=1 trained_queries=1172 mean_loss=1.475916 lr=0.000763434 step=stateful RMSProp step applied
      unit 40/65 rc=41 chunks=10 trained_queries=476269 mean_loss=2.185996 lr=0.000760909 step=stateful RMSProp step applied
      unit 41/65 rc=560 chunks=2 trained_queries=98499 mean_loss=2.197673 lr=0.000758387 step=stateful RMSProp step applied
      unit 42/65 rc=36 chunks=3 trained_queries=136045 mean_loss=2.193147 lr=0.000755868 step=stateful RMSProp step applied
      unit 43/65 rc=39 chunks=6 trained_queries=267502 mean_loss=2.156296 lr=0.000753351 step=stateful RMSProp step applied
      unit 44/65 rc=14 chunks=16 trained_queries=787429 mean_loss=2.143411 lr=0.000750837 step=stateful RMSProp step applied
      unit 45/65 rc=21 chunks=3 trained_queries=135019 mean_loss=2.178398 lr=0.000748326 step=stateful RMSProp step applied
      unit 46/65 rc=541 chunks=3 trained_queries=120415 mean_loss=2.180898 lr=0.000745818 step=stateful RMSProp step applied
      unit 47/65 rc=51 chunks=9 trained_queries=409633 mean_loss=2.155699 lr=0.000743313 step=stateful RMSProp step applied
      unit 48/65 rc=2 chunks=8 trained_queries=388601 mean_loss=2.155123 lr=0.00074081 step=stateful RMSProp step applied
      unit 49/65 rc=1057 chunks=1 trained_queries=5910 mean_loss=2.128316 lr=0.000738311 step=stateful RMSProp step applied
      unit 50/65 rc=73 chunks=2 trained_queries=63481 mean_loss=2.112237 lr=0.000735814 step=stateful RMSProp step applied
      unit 51/65 rc=79 chunks=6 trained_queries=295710 mean_loss=2.157575 lr=0.00073332 step=stateful RMSProp step applied
      unit 52/65 rc=63 chunks=4 trained_queries=190096 mean_loss=2.141986 lr=0.000730829 step=stateful RMSProp step applied
      unit 53/65 rc=15 chunks=9 trained_queries=413445 mean_loss=2.147018 lr=0.000728341 step=stateful RMSProp step applied
      unit 54/65 rc=22 chunks=12 trained_queries=553466 mean_loss=2.142676 lr=0.000725855 step=stateful RMSProp step applied
      unit 55/65 rc=32 chunks=2 trained_queries=96605 mean_loss=2.195341 lr=0.000723373 step=stateful RMSProp step applied
      unit 56/65 rc=8258 chunks=1 trained_queries=5343 mean_loss=2.039658 lr=0.000720894 step=stateful RMSProp step applied
      unit 57/65 rc=3 chunks=9 trained_queries=426507 mean_loss=2.175402 lr=0.000718417 step=stateful RMSProp step applied
      unit 58/65 rc=4 chunks=9 trained_queries=420567 mean_loss=2.147528 lr=0.000715943 step=stateful RMSProp step applied
      unit 59/65 rc=5 chunks=11 trained_queries=535061 mean_loss=2.142400 lr=0.000713472 step=stateful RMSProp step applied
      unit 60/65 rc=48 chunks=5 trained_queries=235018 mean_loss=2.170276 lr=0.000711004 step=stateful RMSProp step applied
      unit 61/65 rc=164 chunks=2 trained_queries=68054 mean_loss=2.076971 lr=0.00070854 step=stateful RMSProp step applied
      unit 62/65 rc=28 chunks=3 trained_queries=147152 mean_loss=2.134272 lr=0.000706078 step=stateful RMSProp step applied
      unit 63/65 rc=9576 chunks=1 trained_queries=5204 mean_loss=2.186751 lr=0.000703618 step=stateful RMSProp step applied
      unit 64/65 rc=44 chunks=4 trained_queries=165699 mean_loss=2.132821 lr=0.000701163 step=stateful RMSProp step applied
      unit 65/65 rc=13 chunks=1 trained_queries=3594 mean_loss=1.967834 lr=0.00069871 step=stateful RMSProp step applied
    stage-epoch 17 summary trained_queries=8880137 mean_loss=2.138343
    stage-epoch 18/25
      unit 1/65 rc=17 chunks=5 trained_queries=235411 mean_loss=2.053419 lr=0.00069626 step=stateful RMSProp step applied
      unit 2/65 rc=6 chunks=25 trained_queries=1209059 mean_loss=2.140046 lr=0.000693813 step=stateful RMSProp step applied
      unit 3/65 rc=588 chunks=1 trained_queries=17780 mean_loss=2.036621 lr=0.000691369 step=stateful RMSProp step applied
      unit 4/65 rc=987290 chunks=1 trained_queries=16 mean_loss=0.691322 lr=0.000688928 step=stateful RMSProp step applied
      unit 5/65 rc=109979 chunks=1 trained_queries=41 mean_loss=1.115826 lr=0.00068649 step=stateful RMSProp step applied
      unit 6/65 rc=378 chunks=2 trained_queries=54875 mean_loss=2.167147 lr=0.000684055 step=stateful RMSProp step applied
      unit 7/65 rc=54 chunks=3 trained_queries=146903 mean_loss=2.096914 lr=0.000681623 step=stateful RMSProp step applied
      unit 8/65 rc=2061 chunks=1 trained_queries=19351 mean_loss=2.281679 lr=0.000679194 step=stateful RMSProp step applied
      unit 9/65 rc=74 chunks=1 trained_queries=35110 mean_loss=1.893504 lr=0.000676769 step=stateful RMSProp step applied
      unit 10/65 rc=849363 chunks=1 trained_queries=16 mean_loss=0.143978 lr=0.000674346 step=stateful RMSProp step applied
      unit 11/65 rc=16 chunks=2 trained_queries=74861 mean_loss=2.000896 lr=0.000671927 step=stateful RMSProp step applied
      unit 12/65 rc=547 chunks=1 trained_queries=30300 mean_loss=1.954448 lr=0.00066951 step=stateful RMSProp step applied
      unit 13/65 rc=213 chunks=1 trained_queries=15923 mean_loss=1.981228 lr=0.000667097 step=stateful RMSProp step applied
      unit 14/65 rc=78 chunks=2 trained_queries=55670 mean_loss=2.058903 lr=0.000664687 step=stateful RMSProp step applied
      unit 15/65 rc=18 chunks=1 trained_queries=19324 mean_loss=2.108139 lr=0.000662279 step=stateful RMSProp step applied
      unit 16/65 rc=7 chunks=1 trained_queries=22956 mean_loss=1.948707 lr=0.000659876 step=stateful RMSProp step applied
      unit 17/65 rc=6212 chunks=1 trained_queries=12887 mean_loss=1.864645 lr=0.000657475 step=stateful RMSProp step applied
      unit 18/65 rc=3055 chunks=1 trained_queries=37224 mean_loss=1.844831 lr=0.000655077 step=stateful RMSProp step applied
      unit 19/65 rc=1 chunks=1 trained_queries=11903 mean_loss=2.091914 lr=0.000652682 step=stateful RMSProp step applied
      unit 20/65 rc=14727 chunks=1 trained_queries=13922 mean_loss=1.848717 lr=0.000650291 step=stateful RMSProp step applied
      unit 21/65 rc=2977 chunks=1 trained_queries=20966 mean_loss=1.985528 lr=0.000647903 step=stateful RMSProp step applied
      unit 22/65 rc=497 chunks=2 trained_queries=80510 mean_loss=2.031433 lr=0.000645518 step=stateful RMSProp step applied
      unit 23/65 rc=14349 chunks=1 trained_queries=2379 mean_loss=1.977678 lr=0.000643136 step=stateful RMSProp step applied
      unit 24/65 rc=61678 chunks=1 trained_queries=6700 mean_loss=1.485333 lr=0.000640757 step=stateful RMSProp step applied
      unit 25/65 rc=416 chunks=1 trained_queries=26203 mean_loss=1.965663 lr=0.000638382 step=stateful RMSProp step applied
      unit 26/65 rc=308 chunks=1 trained_queries=20070 mean_loss=2.070203 lr=0.00063601 step=stateful RMSProp step applied
      unit 27/65 rc=522 chunks=1 trained_queries=30344 mean_loss=1.863292 lr=0.000633641 step=stateful RMSProp step applied
      unit 28/65 rc=611 chunks=1 trained_queries=37398 mean_loss=2.016273 lr=0.000631275 step=stateful RMSProp step applied
      unit 29/65 rc=7882 chunks=1 trained_queries=9984 mean_loss=2.089864 lr=0.000628913 step=stateful RMSProp step applied
      unit 30/65 rc=96207 chunks=1 trained_queries=368 mean_loss=0.712764 lr=0.000626553 step=stateful RMSProp step applied
      unit 31/65 rc=226 chunks=1 trained_queries=31432 mean_loss=1.995483 lr=0.000624198 step=stateful RMSProp step applied
      unit 32/65 rc=85 chunks=1 trained_queries=32416 mean_loss=2.071600 lr=0.000621845 step=stateful RMSProp step applied
      unit 33/65 rc=2669 chunks=2 trained_queries=52575 mean_loss=2.067171 lr=0.000619496 step=stateful RMSProp step applied
      unit 34/65 rc=3061 chunks=1 trained_queries=18981 mean_loss=1.716105 lr=0.000617149 step=stateful RMSProp step applied
      unit 35/65 rc=1714 chunks=1 trained_queries=5199 mean_loss=1.821123 lr=0.000614807 step=stateful RMSProp step applied
      unit 36/65 rc=367 chunks=1 trained_queries=25529 mean_loss=1.968773 lr=0.000612467 step=stateful RMSProp step applied
      unit 37/65 rc=435397 chunks=1 trained_queries=944 mean_loss=1.600631 lr=0.000610131 step=stateful RMSProp step applied
      unit 38/65 rc=141 chunks=1 trained_queries=13111 mean_loss=1.923973 lr=0.000607798 step=stateful RMSProp step applied
      unit 39/65 rc=253455 chunks=1 trained_queries=1172 mean_loss=1.463152 lr=0.000605469 step=stateful RMSProp step applied
      unit 40/65 rc=41 chunks=10 trained_queries=476269 mean_loss=2.174601 lr=0.000603142 step=stateful RMSProp step applied
      unit 41/65 rc=560 chunks=2 trained_queries=98499 mean_loss=2.187093 lr=0.000600819 step=stateful RMSProp step applied
      unit 42/65 rc=36 chunks=3 trained_queries=136045 mean_loss=2.182696 lr=0.0005985 step=stateful RMSProp step applied
      unit 43/65 rc=39 chunks=6 trained_queries=267502 mean_loss=2.147462 lr=0.000596184 step=stateful RMSProp step applied
      unit 44/65 rc=14 chunks=16 trained_queries=787429 mean_loss=2.133866 lr=0.000593871 step=stateful RMSProp step applied
      unit 45/65 rc=21 chunks=3 trained_queries=135019 mean_loss=2.171171 lr=0.000591562 step=stateful RMSProp step applied
      unit 46/65 rc=541 chunks=3 trained_queries=120415 mean_loss=2.171093 lr=0.000589256 step=stateful RMSProp step applied
      unit 47/65 rc=51 chunks=9 trained_queries=409633 mean_loss=2.146874 lr=0.000586954 step=stateful RMSProp step applied
      unit 48/65 rc=2 chunks=8 trained_queries=388601 mean_loss=2.146710 lr=0.000584655 step=stateful RMSProp step applied
      unit 49/65 rc=1057 chunks=1 trained_queries=5910 mean_loss=2.117315 lr=0.000582359 step=stateful RMSProp step applied
      unit 50/65 rc=73 chunks=2 trained_queries=63481 mean_loss=2.100656 lr=0.000580067 step=stateful RMSProp step applied
      unit 51/65 rc=79 chunks=6 trained_queries=295710 mean_loss=2.149276 lr=0.000577778 step=stateful RMSProp step applied
      unit 52/65 rc=63 chunks=4 trained_queries=190096 mean_loss=2.132832 lr=0.000575493 step=stateful RMSProp step applied
      unit 53/65 rc=15 chunks=9 trained_queries=413445 mean_loss=2.138848 lr=0.000573211 step=stateful RMSProp step applied
      unit 54/65 rc=22 chunks=12 trained_queries=553466 mean_loss=2.133794 lr=0.000570932 step=stateful RMSProp step applied
      unit 55/65 rc=32 chunks=2 trained_queries=96605 mean_loss=2.188097 lr=0.000568657 step=stateful RMSProp step applied
      unit 56/65 rc=8258 chunks=1 trained_queries=5343 mean_loss=2.023128 lr=0.000566386 step=stateful RMSProp step applied
      unit 57/65 rc=3 chunks=9 trained_queries=426507 mean_loss=2.162135 lr=0.000564117 step=stateful RMSProp step applied
      unit 58/65 rc=4 chunks=9 trained_queries=420567 mean_loss=2.138124 lr=0.000561853 step=stateful RMSProp step applied
      unit 59/65 rc=5 chunks=11 trained_queries=535061 mean_loss=2.133681 lr=0.000559592 step=stateful RMSProp step applied
      unit 60/65 rc=48 chunks=5 trained_queries=235018 mean_loss=2.161672 lr=0.000557335 step=stateful RMSProp step applied
      unit 61/65 rc=164 chunks=2 trained_queries=68054 mean_loss=2.070111 lr=0.000555081 step=stateful RMSProp step applied
      unit 62/65 rc=28 chunks=3 trained_queries=147152 mean_loss=2.125636 lr=0.00055283 step=stateful RMSProp step applied
      unit 63/65 rc=9576 chunks=1 trained_queries=5204 mean_loss=2.177517 lr=0.000550583 step=stateful RMSProp step applied
      unit 64/65 rc=44 chunks=4 trained_queries=165699 mean_loss=2.124570 lr=0.00054834 step=stateful RMSProp step applied
      unit 65/65 rc=13 chunks=1 trained_queries=3594 mean_loss=1.955487 lr=0.0005461 step=stateful RMSProp step applied
    stage-epoch 18 summary trained_queries=8880137 mean_loss=2.127722
    stage-epoch 19/25
      unit 1/65 rc=17 chunks=5 trained_queries=235411 mean_loss=2.040555 lr=0.000543864 step=stateful RMSProp step applied
      unit 2/65 rc=6 chunks=25 trained_queries=1209059 mean_loss=2.131658 lr=0.000541631 step=stateful RMSProp step applied
      unit 3/65 rc=588 chunks=1 trained_queries=17780 mean_loss=2.030678 lr=0.000539402 step=stateful RMSProp step applied
      unit 4/65 rc=987290 chunks=1 trained_queries=16 mean_loss=0.673186 lr=0.000537177 step=stateful RMSProp step applied
      unit 5/65 rc=109979 chunks=1 trained_queries=41 mean_loss=1.040273 lr=0.000534955 step=stateful RMSProp step applied
      unit 6/65 rc=378 chunks=2 trained_queries=54875 mean_loss=2.164505 lr=0.000532736 step=stateful RMSProp step applied
      unit 7/65 rc=54 chunks=3 trained_queries=146903 mean_loss=2.101847 lr=0.000530522 step=stateful RMSProp step applied
      unit 8/65 rc=2061 chunks=1 trained_queries=19351 mean_loss=2.273642 lr=0.000528311 step=stateful RMSProp step applied
      unit 9/65 rc=74 chunks=1 trained_queries=35110 mean_loss=1.883797 lr=0.000526103 step=stateful RMSProp step applied
      unit 10/65 rc=849363 chunks=1 trained_queries=16 mean_loss=0.120997 lr=0.0005239 step=stateful RMSProp step applied
      unit 11/65 rc=16 chunks=2 trained_queries=74861 mean_loss=1.998070 lr=0.0005217 step=stateful RMSProp step applied
      unit 12/65 rc=547 chunks=1 trained_queries=30300 mean_loss=1.949585 lr=0.000519503 step=stateful RMSProp step applied
      unit 13/65 rc=213 chunks=1 trained_queries=15923 mean_loss=1.970353 lr=0.00051731 step=stateful RMSProp step applied
      unit 14/65 rc=78 chunks=2 trained_queries=55670 mean_loss=2.048264 lr=0.000515121 step=stateful RMSProp step applied
      unit 15/65 rc=18 chunks=1 trained_queries=19324 mean_loss=2.109547 lr=0.000512936 step=stateful RMSProp step applied
      unit 16/65 rc=7 chunks=1 trained_queries=22956 mean_loss=1.927013 lr=0.000510754 step=stateful RMSProp step applied
      unit 17/65 rc=6212 chunks=1 trained_queries=12887 mean_loss=1.855457 lr=0.000508576 step=stateful RMSProp step applied
      unit 18/65 rc=3055 chunks=1 trained_queries=37224 mean_loss=1.837751 lr=0.000506402 step=stateful RMSProp step applied
      unit 19/65 rc=1 chunks=1 trained_queries=11903 mean_loss=2.078593 lr=0.000504231 step=stateful RMSProp step applied
      unit 20/65 rc=14727 chunks=1 trained_queries=13922 mean_loss=1.839959 lr=0.000502064 step=stateful RMSProp step applied
      unit 21/65 rc=2977 chunks=1 trained_queries=20966 mean_loss=1.990153 lr=0.000499901 step=stateful RMSProp step applied
      unit 22/65 rc=497 chunks=2 trained_queries=80510 mean_loss=2.026673 lr=0.000497742 step=stateful RMSProp step applied
      unit 23/65 rc=14349 chunks=1 trained_queries=2379 mean_loss=1.960698 lr=0.000495586 step=stateful RMSProp step applied
      unit 24/65 rc=61678 chunks=1 trained_queries=6700 mean_loss=1.463464 lr=0.000493434 step=stateful RMSProp step applied
      unit 25/65 rc=416 chunks=1 trained_queries=26203 mean_loss=1.951971 lr=0.000491286 step=stateful RMSProp step applied
      unit 26/65 rc=308 chunks=1 trained_queries=20070 mean_loss=2.081437 lr=0.000489141 step=stateful RMSProp step applied
      unit 27/65 rc=522 chunks=1 trained_queries=30344 mean_loss=1.859672 lr=0.000487001 step=stateful RMSProp step applied
      unit 28/65 rc=611 chunks=1 trained_queries=37398 mean_loss=2.013368 lr=0.000484864 step=stateful RMSProp step applied
      unit 29/65 rc=7882 chunks=1 trained_queries=9984 mean_loss=2.076297 lr=0.000482731 step=stateful RMSProp step applied
      unit 30/65 rc=96207 chunks=1 trained_queries=368 mean_loss=0.679975 lr=0.000480602 step=stateful RMSProp step applied
      unit 31/65 rc=226 chunks=1 trained_queries=31432 mean_loss=1.990107 lr=0.000478476 step=stateful RMSProp step applied
      unit 32/65 rc=85 chunks=1 trained_queries=32416 mean_loss=2.067900 lr=0.000476355 step=stateful RMSProp step applied
      unit 33/65 rc=2669 chunks=2 trained_queries=52575 mean_loss=2.061369 lr=0.000474237 step=stateful RMSProp step applied
      unit 34/65 rc=3061 chunks=1 trained_queries=18981 mean_loss=1.716567 lr=0.000472123 step=stateful RMSProp step applied
      unit 35/65 rc=1714 chunks=1 trained_queries=5199 mean_loss=1.805898 lr=0.000470013 step=stateful RMSProp step applied
      unit 36/65 rc=367 chunks=1 trained_queries=25529 mean_loss=1.962785 lr=0.000467906 step=stateful RMSProp step applied
      unit 37/65 rc=435397 chunks=1 trained_queries=944 mean_loss=1.589871 lr=0.000465804 step=stateful RMSProp step applied
      unit 38/65 rc=141 chunks=1 trained_queries=13111 mean_loss=1.908831 lr=0.000463705 step=stateful RMSProp step applied
      unit 39/65 rc=253455 chunks=1 trained_queries=1172 mean_loss=1.451723 lr=0.000461611 step=stateful RMSProp step applied
      unit 40/65 rc=41 chunks=10 trained_queries=476269 mean_loss=2.165328 lr=0.00045952 step=stateful RMSProp step applied
      unit 41/65 rc=560 chunks=2 trained_queries=98499 mean_loss=2.181367 lr=0.000457433 step=stateful RMSProp step applied
      unit 42/65 rc=36 chunks=3 trained_queries=136045 mean_loss=2.177873 lr=0.00045535 step=stateful RMSProp step applied
      unit 43/65 rc=39 chunks=6 trained_queries=267502 mean_loss=2.142923 lr=0.000453271 step=stateful RMSProp step applied
      unit 44/65 rc=14 chunks=16 trained_queries=787429 mean_loss=2.130228 lr=0.000451196 step=stateful RMSProp step applied
      unit 45/65 rc=21 chunks=3 trained_queries=135019 mean_loss=2.165145 lr=0.000449124 step=stateful RMSProp step applied
      unit 46/65 rc=541 chunks=3 trained_queries=120415 mean_loss=2.167595 lr=0.000447057 step=stateful RMSProp step applied
      unit 47/65 rc=51 chunks=9 trained_queries=409633 mean_loss=2.143038 lr=0.000444994 step=stateful RMSProp step applied
      unit 48/65 rc=2 chunks=8 trained_queries=388601 mean_loss=2.143273 lr=0.000442934 step=stateful RMSProp step applied
      unit 49/65 rc=1057 chunks=1 trained_queries=5910 mean_loss=2.114793 lr=0.000440879 step=stateful RMSProp step applied
      unit 50/65 rc=73 chunks=2 trained_queries=63481 mean_loss=2.099107 lr=0.000438827 step=stateful RMSProp step applied
      unit 51/65 rc=79 chunks=6 trained_queries=295710 mean_loss=2.146567 lr=0.000436779 step=stateful RMSProp step applied
      unit 52/65 rc=63 chunks=4 trained_queries=190096 mean_loss=2.129015 lr=0.000434736 step=stateful RMSProp step applied
      unit 53/65 rc=15 chunks=9 trained_queries=413445 mean_loss=2.135119 lr=0.000432696 step=stateful RMSProp step applied
      unit 54/65 rc=22 chunks=12 trained_queries=553466 mean_loss=2.129615 lr=0.000430661 step=stateful RMSProp step applied
      unit 55/65 rc=32 chunks=2 trained_queries=96605 mean_loss=2.184084 lr=0.000428629 step=stateful RMSProp step applied
      unit 56/65 rc=8258 chunks=1 trained_queries=5343 mean_loss=2.015838 lr=0.000426602 step=stateful RMSProp step applied
      unit 57/65 rc=3 chunks=9 trained_queries=426507 mean_loss=2.156047 lr=0.000424578 step=stateful RMSProp step applied
      unit 58/65 rc=4 chunks=9 trained_queries=420567 mean_loss=2.135061 lr=0.000422558 step=stateful RMSProp step applied
      unit 59/65 rc=5 chunks=11 trained_queries=535061 mean_loss=2.130843 lr=0.000420543 step=stateful RMSProp step applied
      unit 60/65 rc=48 chunks=5 trained_queries=235018 mean_loss=2.158719 lr=0.000418531 step=stateful RMSProp step applied
      unit 61/65 rc=164 chunks=2 trained_queries=68054 mean_loss=2.070451 lr=0.000416524 step=stateful RMSProp step applied
      unit 62/65 rc=28 chunks=3 trained_queries=147152 mean_loss=2.123531 lr=0.00041452 step=stateful RMSProp step applied
      unit 63/65 rc=9576 chunks=1 trained_queries=5204 mean_loss=2.170557 lr=0.000412521 step=stateful RMSProp step applied
      unit 64/65 rc=44 chunks=4 trained_queries=165699 mean_loss=2.120853 lr=0.000410526 step=stateful RMSProp step applied
      unit 65/65 rc=13 chunks=1 trained_queries=3594 mean_loss=1.949324 lr=0.000408534 step=stateful RMSProp step applied
    stage-epoch 19 summary trained_queries=8880137 mean_loss=2.122733
    stage-epoch 20/25
      unit 1/65 rc=17 chunks=5 trained_queries=235411 mean_loss=2.032690 lr=0.000406547 step=stateful RMSProp step applied
      unit 2/65 rc=6 chunks=25 trained_queries=1209059 mean_loss=2.127356 lr=0.000404564 step=stateful RMSProp step applied
      unit 3/65 rc=588 chunks=1 trained_queries=17780 mean_loss=2.024831 lr=0.000402585 step=stateful RMSProp step applied
      unit 4/65 rc=987290 chunks=1 trained_queries=16 mean_loss=0.649315 lr=0.00040061 step=stateful RMSProp step applied
      unit 5/65 rc=109979 chunks=1 trained_queries=41 mean_loss=1.027606 lr=0.000398639 step=stateful RMSProp step applied
      unit 6/65 rc=378 chunks=2 trained_queries=54875 mean_loss=2.132363 lr=0.000396673 step=stateful RMSProp step applied
      unit 7/65 rc=54 chunks=3 trained_queries=146903 mean_loss=2.072618 lr=0.00039471 step=stateful RMSProp step applied
      unit 8/65 rc=2061 chunks=1 trained_queries=19351 mean_loss=2.254542 lr=0.000392751 step=stateful RMSProp step applied
      unit 9/65 rc=74 chunks=1 trained_queries=35110 mean_loss=1.870408 lr=0.000390797 step=stateful RMSProp step applied
      unit 10/65 rc=849363 chunks=1 trained_queries=16 mean_loss=0.113192 lr=0.000388847 step=stateful RMSProp step applied
      unit 11/65 rc=16 chunks=2 trained_queries=74861 mean_loss=1.979111 lr=0.000386901 step=stateful RMSProp step applied
      unit 12/65 rc=547 chunks=1 trained_queries=30300 mean_loss=1.939067 lr=0.000384959 step=stateful RMSProp step applied
      unit 13/65 rc=213 chunks=1 trained_queries=15923 mean_loss=1.956511 lr=0.000383022 step=stateful RMSProp step applied
      unit 14/65 rc=78 chunks=2 trained_queries=55670 mean_loss=2.034582 lr=0.000381088 step=stateful RMSProp step applied
      unit 15/65 rc=18 chunks=1 trained_queries=19324 mean_loss=2.086720 lr=0.000379159 step=stateful RMSProp step applied
      unit 16/65 rc=7 chunks=1 trained_queries=22956 mean_loss=1.915364 lr=0.000377234 step=stateful RMSProp step applied
      unit 17/65 rc=6212 chunks=1 trained_queries=12887 mean_loss=1.832412 lr=0.000375313 step=stateful RMSProp step applied
      unit 18/65 rc=3055 chunks=1 trained_queries=37224 mean_loss=1.821128 lr=0.000373396 step=stateful RMSProp step applied
      unit 19/65 rc=1 chunks=1 trained_queries=11903 mean_loss=2.063338 lr=0.000371484 step=stateful RMSProp step applied
      unit 20/65 rc=14727 chunks=1 trained_queries=13922 mean_loss=1.825291 lr=0.000369575 step=stateful RMSProp step applied
      unit 21/65 rc=2977 chunks=1 trained_queries=20966 mean_loss=1.971446 lr=0.000367671 step=stateful RMSProp step applied
      unit 22/65 rc=497 chunks=2 trained_queries=80510 mean_loss=2.015107 lr=0.000365771 step=stateful RMSProp step applied
      unit 23/65 rc=14349 chunks=1 trained_queries=2379 mean_loss=1.942759 lr=0.000363876 step=stateful RMSProp step applied
      unit 24/65 rc=61678 chunks=1 trained_queries=6700 mean_loss=1.436380 lr=0.000361985 step=stateful RMSProp step applied
      unit 25/65 rc=416 chunks=1 trained_queries=26203 mean_loss=1.952234 lr=0.000360097 step=stateful RMSProp step applied
      unit 26/65 rc=308 chunks=1 trained_queries=20070 mean_loss=2.051309 lr=0.000358215 step=stateful RMSProp step applied
      unit 27/65 rc=522 chunks=1 trained_queries=30344 mean_loss=1.844168 lr=0.000356336 step=stateful RMSProp step applied
      unit 28/65 rc=611 chunks=1 trained_queries=37398 mean_loss=2.002082 lr=0.000354462 step=stateful RMSProp step applied
      unit 29/65 rc=7882 chunks=1 trained_queries=9984 mean_loss=2.063061 lr=0.000352592 step=stateful RMSProp step applied
      unit 30/65 rc=96207 chunks=1 trained_queries=368 mean_loss=0.662278 lr=0.000350726 step=stateful RMSProp step applied
      unit 31/65 rc=226 chunks=1 trained_queries=31432 mean_loss=1.967199 lr=0.000348865 step=stateful RMSProp step applied
      unit 32/65 rc=85 chunks=1 trained_queries=32416 mean_loss=2.060165 lr=0.000347008 step=stateful RMSProp step applied
      unit 33/65 rc=2669 chunks=2 trained_queries=52575 mean_loss=2.050762 lr=0.000345155 step=stateful RMSProp step applied
      unit 34/65 rc=3061 chunks=1 trained_queries=18981 mean_loss=1.705888 lr=0.000343306 step=stateful RMSProp step applied
      unit 35/65 rc=1714 chunks=1 trained_queries=5199 mean_loss=1.795122 lr=0.000341462 step=stateful RMSProp step applied
      unit 36/65 rc=367 chunks=1 trained_queries=25529 mean_loss=1.956405 lr=0.000339622 step=stateful RMSProp step applied
      unit 37/65 rc=435397 chunks=1 trained_queries=944 mean_loss=1.583146 lr=0.000337787 step=stateful RMSProp step applied
      unit 38/65 rc=141 chunks=1 trained_queries=13111 mean_loss=1.895371 lr=0.000335956 step=stateful RMSProp step applied
      unit 39/65 rc=253455 chunks=1 trained_queries=1172 mean_loss=1.447738 lr=0.000334129 step=stateful RMSProp step applied
      unit 40/65 rc=41 chunks=10 trained_queries=476269 mean_loss=2.154063 lr=0.000332307 step=stateful RMSProp step applied
      unit 41/65 rc=560 chunks=2 trained_queries=98499 mean_loss=2.172565 lr=0.000330488 step=stateful RMSProp step applied
      unit 42/65 rc=36 chunks=3 trained_queries=136045 mean_loss=2.169376 lr=0.000328675 step=stateful RMSProp step applied
      unit 43/65 rc=39 chunks=6 trained_queries=267502 mean_loss=2.135180 lr=0.000326865 step=stateful RMSProp step applied
      unit 44/65 rc=14 chunks=16 trained_queries=787429 mean_loss=2.122650 lr=0.00032506 step=stateful RMSProp step applied
      unit 45/65 rc=21 chunks=3 trained_queries=135019 mean_loss=2.158236 lr=0.00032326 step=stateful RMSProp step applied
      unit 46/65 rc=541 chunks=3 trained_queries=120415 mean_loss=2.159542 lr=0.000321464 step=stateful RMSProp step applied
      unit 47/65 rc=51 chunks=9 trained_queries=409633 mean_loss=2.136500 lr=0.000319672 step=stateful RMSProp step applied
      unit 48/65 rc=2 chunks=8 trained_queries=388601 mean_loss=2.137091 lr=0.000317885 step=stateful RMSProp step applied
      unit 49/65 rc=1057 chunks=1 trained_queries=5910 mean_loss=2.102422 lr=0.000316102 step=stateful RMSProp step applied
      unit 50/65 rc=73 chunks=2 trained_queries=63481 mean_loss=2.089517 lr=0.000314323 step=stateful RMSProp step applied
      unit 51/65 rc=79 chunks=6 trained_queries=295710 mean_loss=2.140319 lr=0.000312549 step=stateful RMSProp step applied
      unit 52/65 rc=63 chunks=4 trained_queries=190096 mean_loss=2.122063 lr=0.00031078 step=stateful RMSProp step applied
      unit 53/65 rc=15 chunks=9 trained_queries=413445 mean_loss=2.129878 lr=0.000309014 step=stateful RMSProp step applied
      unit 54/65 rc=22 chunks=12 trained_queries=553466 mean_loss=2.123935 lr=0.000307253 step=stateful RMSProp step applied
      unit 55/65 rc=32 chunks=2 trained_queries=96605 mean_loss=2.180228 lr=0.000305497 step=stateful RMSProp step applied
      unit 56/65 rc=8258 chunks=1 trained_queries=5343 mean_loss=2.006523 lr=0.000303746 step=stateful RMSProp step applied
      unit 57/65 rc=3 chunks=9 trained_queries=426507 mean_loss=2.149215 lr=0.000301998 step=stateful RMSProp step applied
      unit 58/65 rc=4 chunks=9 trained_queries=420567 mean_loss=2.129552 lr=0.000300256 step=stateful RMSProp step applied
      unit 59/65 rc=5 chunks=11 trained_queries=535061 mean_loss=2.125538 lr=0.000298517 step=stateful RMSProp step applied
      unit 60/65 rc=48 chunks=5 trained_queries=235018 mean_loss=2.153902 lr=0.000296783 step=stateful RMSProp step applied
      unit 61/65 rc=164 chunks=2 trained_queries=68054 mean_loss=2.062327 lr=0.000295054 step=stateful RMSProp step applied
      unit 62/65 rc=28 chunks=3 trained_queries=147152 mean_loss=2.117624 lr=0.000293329 step=stateful RMSProp step applied
      unit 63/65 rc=9576 chunks=1 trained_queries=5204 mean_loss=2.163646 lr=0.000291609 step=stateful RMSProp step applied
      unit 64/65 rc=44 chunks=4 trained_queries=165699 mean_loss=2.115000 lr=0.000289893 step=stateful RMSProp step applied
      unit 65/65 rc=13 chunks=1 trained_queries=3594 mean_loss=1.942692 lr=0.000288181 step=stateful RMSProp step applied
    stage-epoch 20 summary trained_queries=8880137 mean_loss=2.115104
    stage-epoch 21/25
      unit 1/65 rc=17 chunks=5 trained_queries=235411 mean_loss=2.024181 lr=0.000286474 step=stateful RMSProp step applied
      unit 2/65 rc=6 chunks=25 trained_queries=1209059 mean_loss=2.122362 lr=0.000284772 step=stateful RMSProp step applied
      unit 3/65 rc=588 chunks=1 trained_queries=17780 mean_loss=2.012664 lr=0.000283074 step=stateful RMSProp step applied
      unit 4/65 rc=987290 chunks=1 trained_queries=16 mean_loss=0.595032 lr=0.000281381 step=stateful RMSProp step applied
      unit 5/65 rc=109979 chunks=1 trained_queries=41 mean_loss=0.994995 lr=0.000279692 step=stateful RMSProp step applied
      unit 6/65 rc=378 chunks=2 trained_queries=54875 mean_loss=2.121198 lr=0.000278009 step=stateful RMSProp step applied
      unit 7/65 rc=54 chunks=3 trained_queries=146903 mean_loss=2.063372 lr=0.000276329 step=stateful RMSProp step applied
      unit 8/65 rc=2061 chunks=1 trained_queries=19351 mean_loss=2.249507 lr=0.000274654 step=stateful RMSProp step applied
      unit 9/65 rc=74 chunks=1 trained_queries=35110 mean_loss=1.853322 lr=0.000272984 step=stateful RMSProp step applied
      unit 10/65 rc=849363 chunks=1 trained_queries=16 mean_loss=0.107729 lr=0.000271318 step=stateful RMSProp step applied
      unit 11/65 rc=16 chunks=2 trained_queries=74861 mean_loss=1.971554 lr=0.000269657 step=stateful RMSProp step applied
      unit 12/65 rc=547 chunks=1 trained_queries=30300 mean_loss=1.933385 lr=0.000268 step=stateful RMSProp step applied
      unit 13/65 rc=213 chunks=1 trained_queries=15923 mean_loss=1.947835 lr=0.000266349 step=stateful RMSProp step applied
      unit 14/65 rc=78 chunks=2 trained_queries=55670 mean_loss=2.026236 lr=0.000264701 step=stateful RMSProp step applied
      unit 15/65 rc=18 chunks=1 trained_queries=19324 mean_loss=2.076286 lr=0.000263058 step=stateful RMSProp step applied
      unit 16/65 rc=7 chunks=1 trained_queries=22956 mean_loss=1.902302 lr=0.00026142 step=stateful RMSProp step applied
      unit 17/65 rc=6212 chunks=1 trained_queries=12887 mean_loss=1.852977 lr=0.000259787 step=stateful RMSProp step applied
      unit 18/65 rc=3055 chunks=1 trained_queries=37224 mean_loss=1.807337 lr=0.000258158 step=stateful RMSProp step applied
      unit 19/65 rc=1 chunks=1 trained_queries=11903 mean_loss=2.056340 lr=0.000256534 step=stateful RMSProp step applied
      unit 20/65 rc=14727 chunks=1 trained_queries=13922 mean_loss=1.810690 lr=0.000254914 step=stateful RMSProp step applied
      unit 21/65 rc=2977 chunks=1 trained_queries=20966 mean_loss=1.970468 lr=0.000253299 step=stateful RMSProp step applied
      unit 22/65 rc=497 chunks=2 trained_queries=80510 mean_loss=2.010798 lr=0.000251689 step=stateful RMSProp step applied
      unit 23/65 rc=14349 chunks=1 trained_queries=2379 mean_loss=1.932252 lr=0.000250084 step=stateful RMSProp step applied
      unit 24/65 rc=61678 chunks=1 trained_queries=6700 mean_loss=1.459784 lr=0.000248483 step=stateful RMSProp step applied
      unit 25/65 rc=416 chunks=1 trained_queries=26203 mean_loss=1.938760 lr=0.000246886 step=stateful RMSProp step applied
      unit 26/65 rc=308 chunks=1 trained_queries=20070 mean_loss=2.045152 lr=0.000245295 step=stateful RMSProp step applied
      unit 27/65 rc=522 chunks=1 trained_queries=30344 mean_loss=1.839001 lr=0.000243708 step=stateful RMSProp step applied
      unit 28/65 rc=611 chunks=1 trained_queries=37398 mean_loss=1.992043 lr=0.000242126 step=stateful RMSProp step applied
      unit 29/65 rc=7882 chunks=1 trained_queries=9984 mean_loss=2.058782 lr=0.000240548 step=stateful RMSProp step applied
      unit 30/65 rc=96207 chunks=1 trained_queries=368 mean_loss=0.650624 lr=0.000238976 step=stateful RMSProp step applied
      unit 31/65 rc=226 chunks=1 trained_queries=31432 mean_loss=1.963224 lr=0.000237408 step=stateful RMSProp step applied
      unit 32/65 rc=85 chunks=1 trained_queries=32416 mean_loss=2.060454 lr=0.000235844 step=stateful RMSProp step applied
      unit 33/65 rc=2669 chunks=2 trained_queries=52575 mean_loss=2.044454 lr=0.000234286 step=stateful RMSProp step applied
      unit 34/65 rc=3061 chunks=1 trained_queries=18981 mean_loss=1.685730 lr=0.000232732 step=stateful RMSProp step applied
      unit 35/65 rc=1714 chunks=1 trained_queries=5199 mean_loss=1.808502 lr=0.000231183 step=stateful RMSProp step applied
      unit 36/65 rc=367 chunks=1 trained_queries=25529 mean_loss=1.948769 lr=0.000229638 step=stateful RMSProp step applied
      unit 37/65 rc=435397 chunks=1 trained_queries=944 mean_loss=1.572180 lr=0.000228099 step=stateful RMSProp step applied
      unit 38/65 rc=141 chunks=1 trained_queries=13111 mean_loss=1.887947 lr=0.000226564 step=stateful RMSProp step applied
      unit 39/65 rc=253455 chunks=1 trained_queries=1172 mean_loss=1.433878 lr=0.000225033 step=stateful RMSProp step applied
      unit 40/65 rc=41 chunks=10 trained_queries=476269 mean_loss=2.145693 lr=0.000223508 step=stateful RMSProp step applied
      unit 41/65 rc=560 chunks=2 trained_queries=98499 mean_loss=2.166803 lr=0.000221988 step=stateful RMSProp step applied
      unit 42/65 rc=36 chunks=3 trained_queries=136045 mean_loss=2.164172 lr=0.000220472 step=stateful RMSProp step applied
      unit 43/65 rc=39 chunks=6 trained_queries=267502 mean_loss=2.129835 lr=0.000218961 step=stateful RMSProp step applied
      unit 44/65 rc=14 chunks=16 trained_queries=787429 mean_loss=2.117976 lr=0.000217455 step=stateful RMSProp step applied
      unit 45/65 rc=21 chunks=3 trained_queries=135019 mean_loss=2.153691 lr=0.000215953 step=stateful RMSProp step applied
      unit 46/65 rc=541 chunks=3 trained_queries=120415 mean_loss=2.154863 lr=0.000214456 step=stateful RMSProp step applied
      unit 47/65 rc=51 chunks=9 trained_queries=409633 mean_loss=2.132926 lr=0.000212965 step=stateful RMSProp step applied
      unit 48/65 rc=2 chunks=8 trained_queries=388601 mean_loss=2.133889 lr=0.000211478 step=stateful RMSProp step applied
      unit 49/65 rc=1057 chunks=1 trained_queries=5910 mean_loss=2.099813 lr=0.000209995 step=stateful RMSProp step applied
      unit 50/65 rc=73 chunks=2 trained_queries=63481 mean_loss=2.086972 lr=0.000208518 step=stateful RMSProp step applied
      unit 51/65 rc=79 chunks=6 trained_queries=295710 mean_loss=2.137997 lr=0.000207045 step=stateful RMSProp step applied
      unit 52/65 rc=63 chunks=4 trained_queries=190096 mean_loss=2.119328 lr=0.000205578 step=stateful RMSProp step applied
      unit 53/65 rc=15 chunks=9 trained_queries=413445 mean_loss=2.126595 lr=0.000204115 step=stateful RMSProp step applied
      unit 54/65 rc=22 chunks=12 trained_queries=553466 mean_loss=2.120718 lr=0.000202657 step=stateful RMSProp step applied
      unit 55/65 rc=32 chunks=2 trained_queries=96605 mean_loss=2.176501 lr=0.000201204 step=stateful RMSProp step applied
      unit 56/65 rc=8258 chunks=1 trained_queries=5343 mean_loss=1.999194 lr=0.000199755 step=stateful RMSProp step applied
      unit 57/65 rc=3 chunks=9 trained_queries=426507 mean_loss=2.145191 lr=0.000198312 step=stateful RMSProp step applied
      unit 58/65 rc=4 chunks=9 trained_queries=420567 mean_loss=2.126148 lr=0.000196873 step=stateful RMSProp step applied
      unit 59/65 rc=5 chunks=11 trained_queries=535061 mean_loss=2.122428 lr=0.000195439 step=stateful RMSProp step applied
      unit 60/65 rc=48 chunks=5 trained_queries=235018 mean_loss=2.151852 lr=0.000194011 step=stateful RMSProp step applied
      unit 61/65 rc=164 chunks=2 trained_queries=68054 mean_loss=2.061533 lr=0.000192586 step=stateful RMSProp step applied
      unit 62/65 rc=28 chunks=3 trained_queries=147152 mean_loss=2.114485 lr=0.000191167 step=stateful RMSProp step applied
      unit 63/65 rc=9576 chunks=1 trained_queries=5204 mean_loss=2.158794 lr=0.000189753 step=stateful RMSProp step applied
      unit 64/65 rc=44 chunks=4 trained_queries=165699 mean_loss=2.112014 lr=0.000188344 step=stateful RMSProp step applied
      unit 65/65 rc=13 chunks=1 trained_queries=3594 mean_loss=1.935262 lr=0.000186939 step=stateful RMSProp step applied
    stage-epoch 21 summary trained_queries=8880137 mean_loss=2.110463
    stage-epoch 22/25
      unit 1/65 rc=17 chunks=5 trained_queries=235411 mean_loss=2.020842 lr=0.00018554 step=stateful RMSProp step applied
      unit 2/65 rc=6 chunks=25 trained_queries=1209059 mean_loss=2.119655 lr=0.000184145 step=stateful RMSProp step applied
      unit 3/65 rc=588 chunks=1 trained_queries=17780 mean_loss=2.005325 lr=0.000182756 step=stateful RMSProp step applied
      unit 4/65 rc=987290 chunks=1 trained_queries=16 mean_loss=0.564090 lr=0.000181371 step=stateful RMSProp step applied
      unit 5/65 rc=109979 chunks=1 trained_queries=41 mean_loss=0.969456 lr=0.000179991 step=stateful RMSProp step applied
      unit 6/65 rc=378 chunks=2 trained_queries=54875 mean_loss=2.116563 lr=0.000178616 step=stateful RMSProp step applied
      unit 7/65 rc=54 chunks=3 trained_queries=146903 mean_loss=2.057263 lr=0.000177246 step=stateful RMSProp step applied
      unit 8/65 rc=2061 chunks=1 trained_queries=19351 mean_loss=2.240513 lr=0.000175881 step=stateful RMSProp step applied
      unit 9/65 rc=74 chunks=1 trained_queries=35110 mean_loss=1.860842 lr=0.000174521 step=stateful RMSProp step applied
      unit 10/65 rc=849363 chunks=1 trained_queries=16 mean_loss=0.104364 lr=0.000173166 step=stateful RMSProp step applied
      unit 11/65 rc=16 chunks=2 trained_queries=74861 mean_loss=1.966167 lr=0.000171816 step=stateful RMSProp step applied
      unit 12/65 rc=547 chunks=1 trained_queries=30300 mean_loss=1.966666 lr=0.000170471 step=stateful RMSProp step applied
      unit 13/65 rc=213 chunks=1 trained_queries=15923 mean_loss=1.948622 lr=0.00016913 step=stateful RMSProp step applied
      unit 14/65 rc=78 chunks=2 trained_queries=55670 mean_loss=2.021014 lr=0.000167795 step=stateful RMSProp step applied
      unit 15/65 rc=18 chunks=1 trained_queries=19324 mean_loss=2.069430 lr=0.000166465 step=stateful RMSProp step applied
      unit 16/65 rc=7 chunks=1 trained_queries=22956 mean_loss=1.895490 lr=0.00016514 step=stateful RMSProp step applied
      unit 17/65 rc=6212 chunks=1 trained_queries=12887 mean_loss=1.822583 lr=0.00016382 step=stateful RMSProp step applied
      unit 18/65 rc=3055 chunks=1 trained_queries=37224 mean_loss=1.800730 lr=0.000162504 step=stateful RMSProp step applied
      unit 19/65 rc=1 chunks=1 trained_queries=11903 mean_loss=2.050181 lr=0.000161194 step=stateful RMSProp step applied
      unit 20/65 rc=14727 chunks=1 trained_queries=13922 mean_loss=1.795433 lr=0.000159889 step=stateful RMSProp step applied
      unit 21/65 rc=2977 chunks=1 trained_queries=20966 mean_loss=1.955418 lr=0.000158588 step=stateful RMSProp step applied
      unit 22/65 rc=497 chunks=2 trained_queries=80510 mean_loss=2.007033 lr=0.000157293 step=stateful RMSProp step applied
      unit 23/65 rc=14349 chunks=1 trained_queries=2379 mean_loss=1.922836 lr=0.000156003 step=stateful RMSProp step applied
      unit 24/65 rc=61678 chunks=1 trained_queries=6700 mean_loss=1.415929 lr=0.000154718 step=stateful RMSProp step applied
      unit 25/65 rc=416 chunks=1 trained_queries=26203 mean_loss=1.942837 lr=0.000153437 step=stateful RMSProp step applied
      unit 26/65 rc=308 chunks=1 trained_queries=20070 mean_loss=2.040989 lr=0.000152162 step=stateful RMSProp step applied
      unit 27/65 rc=522 chunks=1 trained_queries=30344 mean_loss=1.835170 lr=0.000150892 step=stateful RMSProp step applied
      unit 28/65 rc=611 chunks=1 trained_queries=37398 mean_loss=1.994265 lr=0.000149627 step=stateful RMSProp step applied
      unit 29/65 rc=7882 chunks=1 trained_queries=9984 mean_loss=2.073304 lr=0.000148367 step=stateful RMSProp step applied
      unit 30/65 rc=96207 chunks=1 trained_queries=368 mean_loss=0.642908 lr=0.000147112 step=stateful RMSProp step applied
      unit 31/65 rc=226 chunks=1 trained_queries=31432 mean_loss=1.964473 lr=0.000145862 step=stateful RMSProp step applied
      unit 32/65 rc=85 chunks=1 trained_queries=32416 mean_loss=2.048301 lr=0.000144617 step=stateful RMSProp step applied
      unit 33/65 rc=2669 chunks=2 trained_queries=52575 mean_loss=2.041979 lr=0.000143377 step=stateful RMSProp step applied
      unit 34/65 rc=3061 chunks=1 trained_queries=18981 mean_loss=1.685459 lr=0.000142143 step=stateful RMSProp step applied
      unit 35/65 rc=1714 chunks=1 trained_queries=5199 mean_loss=1.784736 lr=0.000140913 step=stateful RMSProp step applied
      unit 36/65 rc=367 chunks=1 trained_queries=25529 mean_loss=1.951205 lr=0.000139688 step=stateful RMSProp step applied
      unit 37/65 rc=435397 chunks=1 trained_queries=944 mean_loss=1.555785 lr=0.000138469 step=stateful RMSProp step applied
      unit 38/65 rc=141 chunks=1 trained_queries=13111 mean_loss=1.881338 lr=0.000137255 step=stateful RMSProp step applied
      unit 39/65 rc=253455 chunks=1 trained_queries=1172 mean_loss=1.435332 lr=0.000136045 step=stateful RMSProp step applied
      unit 40/65 rc=41 chunks=10 trained_queries=476269 mean_loss=2.139252 lr=0.000134841 step=stateful RMSProp step applied
      unit 41/65 rc=560 chunks=2 trained_queries=98499 mean_loss=2.162762 lr=0.000133642 step=stateful RMSProp step applied
      unit 42/65 rc=36 chunks=3 trained_queries=136045 mean_loss=2.159764 lr=0.000132448 step=stateful RMSProp step applied
      unit 43/65 rc=39 chunks=6 trained_queries=267502 mean_loss=2.125740 lr=0.000131259 step=stateful RMSProp step applied
      unit 44/65 rc=14 chunks=16 trained_queries=787429 mean_loss=2.114553 lr=0.000130075 step=stateful RMSProp step applied
      unit 45/65 rc=21 chunks=3 trained_queries=135019 mean_loss=2.150998 lr=0.000128896 step=stateful RMSProp step applied
      unit 46/65 rc=541 chunks=3 trained_queries=120415 mean_loss=2.151748 lr=0.000127723 step=stateful RMSProp step applied
      unit 47/65 rc=51 chunks=9 trained_queries=409633 mean_loss=2.130455 lr=0.000126555 step=stateful RMSProp step applied
      unit 48/65 rc=2 chunks=8 trained_queries=388601 mean_loss=2.131856 lr=0.000125391 step=stateful RMSProp step applied
      unit 49/65 rc=1057 chunks=1 trained_queries=5910 mean_loss=2.091036 lr=0.000124233 step=stateful RMSProp step applied
      unit 50/65 rc=73 chunks=2 trained_queries=63481 mean_loss=2.082858 lr=0.00012308 step=stateful RMSProp step applied
      unit 51/65 rc=79 chunks=6 trained_queries=295710 mean_loss=2.135984 lr=0.000121933 step=stateful RMSProp step applied
      unit 52/65 rc=63 chunks=4 trained_queries=190096 mean_loss=2.116468 lr=0.00012079 step=stateful RMSProp step applied
      unit 53/65 rc=15 chunks=9 trained_queries=413445 mean_loss=2.125430 lr=0.000119652 step=stateful RMSProp step applied
      unit 54/65 rc=22 chunks=12 trained_queries=553466 mean_loss=2.118991 lr=0.00011852 step=stateful RMSProp step applied
      unit 55/65 rc=32 chunks=2 trained_queries=96605 mean_loss=2.175748 lr=0.000117393 step=stateful RMSProp step applied
      unit 56/65 rc=8258 chunks=1 trained_queries=5343 mean_loss=1.994856 lr=0.000116271 step=stateful RMSProp step applied
      unit 57/65 rc=3 chunks=9 trained_queries=426507 mean_loss=2.143072 lr=0.000115154 step=stateful RMSProp step applied
      unit 58/65 rc=4 chunks=9 trained_queries=420567 mean_loss=2.124857 lr=0.000114042 step=stateful RMSProp step applied
      unit 59/65 rc=5 chunks=11 trained_queries=535061 mean_loss=2.121117 lr=0.000112935 step=stateful RMSProp step applied
      unit 60/65 rc=48 chunks=5 trained_queries=235018 mean_loss=2.150538 lr=0.000111834 step=stateful RMSProp step applied
      unit 61/65 rc=164 chunks=2 trained_queries=68054 mean_loss=2.060399 lr=0.000110738 step=stateful RMSProp step applied
      unit 62/65 rc=28 chunks=3 trained_queries=147152 mean_loss=2.112581 lr=0.000109647 step=stateful RMSProp step applied
      unit 63/65 rc=9576 chunks=1 trained_queries=5204 mean_loss=2.156241 lr=0.000108561 step=stateful RMSProp step applied
      unit 64/65 rc=44 chunks=4 trained_queries=165699 mean_loss=2.110398 lr=0.000107481 step=stateful RMSProp step applied
      unit 65/65 rc=13 chunks=1 trained_queries=3594 mean_loss=1.933420 lr=0.000106405 step=stateful RMSProp step applied
    stage-epoch 22 summary trained_queries=8880137 mean_loss=2.107752
    stage-epoch 23/25
      unit 1/65 rc=17 chunks=5 trained_queries=235411 mean_loss=2.014493 lr=0.000105335 step=stateful RMSProp step applied
      unit 2/65 rc=6 chunks=25 trained_queries=1209059 mean_loss=2.118636 lr=0.00010427 step=stateful RMSProp step applied
      unit 3/65 rc=588 chunks=1 trained_queries=17780 mean_loss=2.004252 lr=0.000103211 step=stateful RMSProp step applied
      unit 4/65 rc=987290 chunks=1 trained_queries=16 mean_loss=0.543091 lr=0.000102156 step=stateful RMSProp step applied
      unit 5/65 rc=109979 chunks=1 trained_queries=41 mean_loss=0.950683 lr=0.000101107 step=stateful RMSProp step applied
      unit 6/65 rc=378 chunks=2 trained_queries=54875 mean_loss=2.113191 lr=0.000100063 step=stateful RMSProp step applied
      unit 7/65 rc=54 chunks=3 trained_queries=146903 mean_loss=2.054390 lr=9.90239e-05 step=stateful RMSProp step applied
      unit 8/65 rc=2061 chunks=1 trained_queries=19351 mean_loss=2.238673 lr=9.79904e-05 step=stateful RMSProp step applied
      unit 9/65 rc=74 chunks=1 trained_queries=35110 mean_loss=1.842193 lr=9.69621e-05 step=stateful RMSProp step applied
      unit 10/65 rc=849363 chunks=1 trained_queries=16 mean_loss=0.102701 lr=9.5939e-05 step=stateful RMSProp step applied
      unit 11/65 rc=16 chunks=2 trained_queries=74861 mean_loss=1.962501 lr=9.49212e-05 step=stateful RMSProp step applied
      unit 12/65 rc=547 chunks=1 trained_queries=30300 mean_loss=1.924298 lr=9.39086e-05 step=stateful RMSProp step applied
      unit 13/65 rc=213 chunks=1 trained_queries=15923 mean_loss=1.939861 lr=9.29013e-05 step=stateful RMSProp step applied
      unit 14/65 rc=78 chunks=2 trained_queries=55670 mean_loss=2.018884 lr=9.18992e-05 step=stateful RMSProp step applied
      unit 15/65 rc=18 chunks=1 trained_queries=19324 mean_loss=2.066828 lr=9.09023e-05 step=stateful RMSProp step applied
      unit 16/65 rc=7 chunks=1 trained_queries=22956 mean_loss=1.897917 lr=8.99108e-05 step=stateful RMSProp step applied
      unit 17/65 rc=6212 chunks=1 trained_queries=12887 mean_loss=1.803872 lr=8.89246e-05 step=stateful RMSProp step applied
      unit 18/65 rc=3055 chunks=1 trained_queries=37224 mean_loss=1.808265 lr=8.79436e-05 step=stateful RMSProp step applied
      unit 19/65 rc=1 chunks=1 trained_queries=11903 mean_loss=2.043710 lr=8.69679e-05 step=stateful RMSProp step applied
      unit 20/65 rc=14727 chunks=1 trained_queries=13922 mean_loss=1.787834 lr=8.59975e-05 step=stateful RMSProp step applied
      unit 21/65 rc=2977 chunks=1 trained_queries=20966 mean_loss=1.953652 lr=8.50322e-05 step=stateful RMSProp step applied
      unit 22/65 rc=497 chunks=2 trained_queries=80510 mean_loss=2.001361 lr=8.40724e-05 step=stateful RMSProp step applied
      unit 23/65 rc=14349 chunks=1 trained_queries=2379 mean_loss=1.916721 lr=8.31178e-05 step=stateful RMSProp step applied
      unit 24/65 rc=61678 chunks=1 trained_queries=6700 mean_loss=1.422488 lr=8.21685e-05 step=stateful RMSProp step applied
      unit 25/65 rc=416 chunks=1 trained_queries=26203 mean_loss=1.944815 lr=8.12245e-05 step=stateful RMSProp step applied
      unit 26/65 rc=308 chunks=1 trained_queries=20070 mean_loss=2.040339 lr=8.02859e-05 step=stateful RMSProp step applied
      unit 27/65 rc=522 chunks=1 trained_queries=30344 mean_loss=1.833305 lr=7.93524e-05 step=stateful RMSProp step applied
      unit 28/65 rc=611 chunks=1 trained_queries=37398 mean_loss=1.986351 lr=7.84245e-05 step=stateful RMSProp step applied
      unit 29/65 rc=7882 chunks=1 trained_queries=9984 mean_loss=2.054816 lr=7.75017e-05 step=stateful RMSProp step applied
      unit 30/65 rc=96207 chunks=1 trained_queries=368 mean_loss=0.636219 lr=7.65842e-05 step=stateful RMSProp step applied
      unit 31/65 rc=226 chunks=1 trained_queries=31432 mean_loss=1.965174 lr=7.56722e-05 step=stateful RMSProp step applied
      unit 32/65 rc=85 chunks=1 trained_queries=32416 mean_loss=2.046641 lr=7.47653e-05 step=stateful RMSProp step applied
      unit 33/65 rc=2669 chunks=2 trained_queries=52575 mean_loss=2.040018 lr=7.38639e-05 step=stateful RMSProp step applied
      unit 34/65 rc=3061 chunks=1 trained_queries=18981 mean_loss=1.695031 lr=7.29678e-05 step=stateful RMSProp step applied
      unit 35/65 rc=1714 chunks=1 trained_queries=5199 mean_loss=1.805420 lr=7.20769e-05 step=stateful RMSProp step applied
      unit 36/65 rc=367 chunks=1 trained_queries=25529 mean_loss=1.944082 lr=7.11915e-05 step=stateful RMSProp step applied
      unit 37/65 rc=435397 chunks=1 trained_queries=944 mean_loss=1.553924 lr=7.03114e-05 step=stateful RMSProp step applied
      unit 38/65 rc=141 chunks=1 trained_queries=13111 mean_loss=1.879367 lr=6.94367e-05 step=stateful RMSProp step applied
      unit 39/65 rc=253455 chunks=1 trained_queries=1172 mean_loss=1.426969 lr=6.85672e-05 step=stateful RMSProp step applied
      unit 40/65 rc=41 chunks=10 trained_queries=476269 mean_loss=2.134637 lr=6.77033e-05 step=stateful RMSProp step applied
      unit 41/65 rc=560 chunks=2 trained_queries=98499 mean_loss=2.158921 lr=6.68444e-05 step=stateful RMSProp step applied
      unit 42/65 rc=36 chunks=3 trained_queries=136045 mean_loss=2.156442 lr=6.59911e-05 step=stateful RMSProp step applied
      unit 43/65 rc=39 chunks=6 trained_queries=267502 mean_loss=2.123194 lr=6.51431e-05 step=stateful RMSProp step applied
      unit 44/65 rc=14 chunks=16 trained_queries=787429 mean_loss=2.111998 lr=6.43004e-05 step=stateful RMSProp step applied
      unit 45/65 rc=21 chunks=3 trained_queries=135019 mean_loss=2.149046 lr=6.34632e-05 step=stateful RMSProp step applied
      unit 46/65 rc=541 chunks=3 trained_queries=120415 mean_loss=2.149176 lr=6.26312e-05 step=stateful RMSProp step applied
      unit 47/65 rc=51 chunks=9 trained_queries=409633 mean_loss=2.129041 lr=6.18047e-05 step=stateful RMSProp step applied
      unit 48/65 rc=2 chunks=8 trained_queries=388601 mean_loss=2.130533 lr=6.09835e-05 step=stateful RMSProp step applied
      unit 49/65 rc=1057 chunks=1 trained_queries=5910 mean_loss=2.088352 lr=6.01678e-05 step=stateful RMSProp step applied
      unit 50/65 rc=73 chunks=2 trained_queries=63481 mean_loss=2.080424 lr=5.93573e-05 step=stateful RMSProp step applied
      unit 51/65 rc=79 chunks=6 trained_queries=295710 mean_loss=2.133679 lr=5.85524e-05 step=stateful RMSProp step applied
      unit 52/65 rc=63 chunks=4 trained_queries=190096 mean_loss=2.115871 lr=5.77526e-05 step=stateful RMSProp step applied
      unit 53/65 rc=15 chunks=9 trained_queries=413445 mean_loss=2.124600 lr=5.69585e-05 step=stateful RMSProp step applied
      unit 54/65 rc=22 chunks=12 trained_queries=553466 mean_loss=2.118374 lr=5.61697e-05 step=stateful RMSProp step applied
      unit 55/65 rc=32 chunks=2 trained_queries=96605 mean_loss=2.174529 lr=5.53861e-05 step=stateful RMSProp step applied
      unit 56/65 rc=8258 chunks=1 trained_queries=5343 mean_loss=1.989638 lr=5.46082e-05 step=stateful RMSProp step applied
      unit 57/65 rc=3 chunks=9 trained_queries=426507 mean_loss=2.141984 lr=5.38355e-05 step=stateful RMSProp step applied
      unit 58/65 rc=4 chunks=9 trained_queries=420567 mean_loss=2.124587 lr=5.30682e-05 step=stateful RMSProp step applied
      unit 59/65 rc=5 chunks=11 trained_queries=535061 mean_loss=2.121360 lr=5.23064e-05 step=stateful RMSProp step applied
      unit 60/65 rc=48 chunks=5 trained_queries=235018 mean_loss=2.149011 lr=5.15499e-05 step=stateful RMSProp step applied
      unit 61/65 rc=164 chunks=2 trained_queries=68054 mean_loss=2.059772 lr=5.07989e-05 step=stateful RMSProp step applied
      unit 62/65 rc=28 chunks=3 trained_queries=147152 mean_loss=2.112456 lr=5.00534e-05 step=stateful RMSProp step applied
      unit 63/65 rc=9576 chunks=1 trained_queries=5204 mean_loss=2.156627 lr=4.93132e-05 step=stateful RMSProp step applied
      unit 64/65 rc=44 chunks=4 trained_queries=165699 mean_loss=2.109852 lr=4.85785e-05 step=stateful RMSProp step applied
      unit 65/65 rc=13 chunks=1 trained_queries=3594 mean_loss=1.931691 lr=4.78492e-05 step=stateful RMSProp step applied
    stage-epoch 23 summary trained_queries=8880137 mean_loss=2.105818
    stage-epoch 24/25
      unit 1/65 rc=17 chunks=5 trained_queries=235411 mean_loss=2.015464 lr=4.71252e-05 step=stateful RMSProp step applied
      unit 2/65 rc=6 chunks=25 trained_queries=1209059 mean_loss=2.118884 lr=4.64068e-05 step=stateful RMSProp step applied
      unit 3/65 rc=588 chunks=1 trained_queries=17780 mean_loss=2.001727 lr=4.56938e-05 step=stateful RMSProp step applied
      unit 4/65 rc=987290 chunks=1 trained_queries=16 mean_loss=0.527123 lr=4.49861e-05 step=stateful RMSProp step applied
      unit 5/65 rc=109979 chunks=1 trained_queries=41 mean_loss=0.937016 lr=4.4284e-05 step=stateful RMSProp step applied
      unit 6/65 rc=378 chunks=2 trained_queries=54875 mean_loss=2.112472 lr=4.35872e-05 step=stateful RMSProp step applied
      unit 7/65 rc=54 chunks=3 trained_queries=146903 mean_loss=2.052259 lr=4.28959e-05 step=stateful RMSProp step applied
      unit 8/65 rc=2061 chunks=1 trained_queries=19351 mean_loss=2.234215 lr=4.22101e-05 step=stateful RMSProp step applied
      unit 9/65 rc=74 chunks=1 trained_queries=35110 mean_loss=1.841830 lr=4.15297e-05 step=stateful RMSProp step applied
      unit 10/65 rc=849363 chunks=1 trained_queries=16 mean_loss=0.101907 lr=4.08548e-05 step=stateful RMSProp step applied
      unit 11/65 rc=16 chunks=2 trained_queries=74861 mean_loss=1.960585 lr=4.01854e-05 step=stateful RMSProp step applied
      unit 12/65 rc=547 chunks=1 trained_queries=30300 mean_loss=1.921840 lr=3.95213e-05 step=stateful RMSProp step applied
      unit 13/65 rc=213 chunks=1 trained_queries=15923 mean_loss=1.941272 lr=3.88628e-05 step=stateful RMSProp step applied
      unit 14/65 rc=78 chunks=2 trained_queries=55670 mean_loss=2.019685 lr=3.82098e-05 step=stateful RMSProp step applied
      unit 15/65 rc=18 chunks=1 trained_queries=19324 mean_loss=2.059796 lr=3.7562e-05 step=stateful RMSProp step applied
      unit 16/65 rc=7 chunks=1 trained_queries=22956 mean_loss=1.912896 lr=3.69199e-05 step=stateful RMSProp step applied
      unit 17/65 rc=6212 chunks=1 trained_queries=12887 mean_loss=1.800885 lr=3.62831e-05 step=stateful RMSProp step applied
      unit 18/65 rc=3055 chunks=1 trained_queries=37224 mean_loss=1.797349 lr=3.56519e-05 step=stateful RMSProp step applied
      unit 19/65 rc=1 chunks=1 trained_queries=11903 mean_loss=2.040700 lr=3.50262e-05 step=stateful RMSProp step applied
      unit 20/65 rc=14727 chunks=1 trained_queries=13922 mean_loss=1.785227 lr=3.44059e-05 step=stateful RMSProp step applied
      unit 21/65 rc=2977 chunks=1 trained_queries=20966 mean_loss=1.956397 lr=3.3791e-05 step=stateful RMSProp step applied
      unit 22/65 rc=497 chunks=2 trained_queries=80510 mean_loss=2.003343 lr=3.31818e-05 step=stateful RMSProp step applied
      unit 23/65 rc=14349 chunks=1 trained_queries=2379 mean_loss=1.908952 lr=3.25779e-05 step=stateful RMSProp step applied
      unit 24/65 rc=61678 chunks=1 trained_queries=6700 mean_loss=1.407576 lr=3.19795e-05 step=stateful RMSProp step applied
      unit 25/65 rc=416 chunks=1 trained_queries=26203 mean_loss=1.930230 lr=3.13867e-05 step=stateful RMSProp step applied
      unit 26/65 rc=308 chunks=1 trained_queries=20070 mean_loss=2.053248 lr=3.07993e-05 step=stateful RMSProp step applied
      unit 27/65 rc=522 chunks=1 trained_queries=30344 mean_loss=1.831607 lr=3.02174e-05 step=stateful RMSProp step applied
      unit 28/65 rc=611 chunks=1 trained_queries=37398 mean_loss=1.994418 lr=2.9641e-05 step=stateful RMSProp step applied
      unit 29/65 rc=7882 chunks=1 trained_queries=9984 mean_loss=2.069552 lr=2.90701e-05 step=stateful RMSProp step applied
      unit 30/65 rc=96207 chunks=1 trained_queries=368 mean_loss=0.632699 lr=2.85047e-05 step=stateful RMSProp step applied
      unit 31/65 rc=226 chunks=1 trained_queries=31432 mean_loss=1.955621 lr=2.79448e-05 step=stateful RMSProp step applied
      unit 32/65 rc=85 chunks=1 trained_queries=32416 mean_loss=2.053200 lr=2.73904e-05 step=stateful RMSProp step applied
      unit 33/65 rc=2669 chunks=2 trained_queries=52575 mean_loss=2.045123 lr=2.68415e-05 step=stateful RMSProp step applied
      unit 34/65 rc=3061 chunks=1 trained_queries=18981 mean_loss=1.677976 lr=2.62982e-05 step=stateful RMSProp step applied
      unit 35/65 rc=1714 chunks=1 trained_queries=5199 mean_loss=1.779864 lr=2.57602e-05 step=stateful RMSProp step applied
      unit 36/65 rc=367 chunks=1 trained_queries=25529 mean_loss=1.943430 lr=2.52279e-05 step=stateful RMSProp step applied
      unit 37/65 rc=435397 chunks=1 trained_queries=944 mean_loss=1.549175 lr=2.4701e-05 step=stateful RMSProp step applied
      unit 38/65 rc=141 chunks=1 trained_queries=13111 mean_loss=1.878760 lr=2.41796e-05 step=stateful RMSProp step applied
      unit 39/65 rc=253455 chunks=1 trained_queries=1172 mean_loss=1.427855 lr=2.36639e-05 step=stateful RMSProp step applied
      unit 40/65 rc=41 chunks=10 trained_queries=476269 mean_loss=2.131686 lr=2.31535e-05 step=stateful RMSProp step applied
      unit 41/65 rc=560 chunks=2 trained_queries=98499 mean_loss=2.155723 lr=2.26487e-05 step=stateful RMSProp step applied
      unit 42/65 rc=36 chunks=3 trained_queries=136045 mean_loss=2.154271 lr=2.21494e-05 step=stateful RMSProp step applied
      unit 43/65 rc=39 chunks=6 trained_queries=267502 mean_loss=2.121057 lr=2.16556e-05 step=stateful RMSProp step applied
      unit 44/65 rc=14 chunks=16 trained_queries=787429 mean_loss=2.110278 lr=2.11675e-05 step=stateful RMSProp step applied
      unit 45/65 rc=21 chunks=3 trained_queries=135019 mean_loss=2.147582 lr=2.06847e-05 step=stateful RMSProp step applied
      unit 46/65 rc=541 chunks=3 trained_queries=120415 mean_loss=2.147784 lr=2.02075e-05 step=stateful RMSProp step applied
      unit 47/65 rc=51 chunks=9 trained_queries=409633 mean_loss=2.127822 lr=1.9736e-05 step=stateful RMSProp step applied
      unit 48/65 rc=2 chunks=8 trained_queries=388601 mean_loss=2.129758 lr=1.92698e-05 step=stateful RMSProp step applied
      unit 49/65 rc=1057 chunks=1 trained_queries=5910 mean_loss=2.086424 lr=1.88093e-05 step=stateful RMSProp step applied
      unit 50/65 rc=73 chunks=2 trained_queries=63481 mean_loss=2.080365 lr=1.83543e-05 step=stateful RMSProp step applied
      unit 51/65 rc=79 chunks=6 trained_queries=295710 mean_loss=2.133288 lr=1.79047e-05 step=stateful RMSProp step applied
      unit 52/65 rc=63 chunks=4 trained_queries=190096 mean_loss=2.115304 lr=1.74608e-05 step=stateful RMSProp step applied
      unit 53/65 rc=15 chunks=9 trained_queries=413445 mean_loss=2.124027 lr=1.70224e-05 step=stateful RMSProp step applied
      unit 54/65 rc=22 chunks=12 trained_queries=553466 mean_loss=2.118139 lr=1.65895e-05 step=stateful RMSProp step applied
      unit 55/65 rc=32 chunks=2 trained_queries=96605 mean_loss=2.174383 lr=1.61621e-05 step=stateful RMSProp step applied
      unit 56/65 rc=8258 chunks=1 trained_queries=5343 mean_loss=1.985638 lr=1.57404e-05 step=stateful RMSProp step applied
      unit 57/65 rc=3 chunks=9 trained_queries=426507 mean_loss=2.141897 lr=1.53242e-05 step=stateful RMSProp step applied
      unit 58/65 rc=4 chunks=9 trained_queries=420567 mean_loss=2.124550 lr=1.49134e-05 step=stateful RMSProp step applied
      unit 59/65 rc=5 chunks=11 trained_queries=535061 mean_loss=2.121728 lr=1.45083e-05 step=stateful RMSProp step applied
      unit 60/65 rc=48 chunks=5 trained_queries=235018 mean_loss=2.149373 lr=1.41087e-05 step=stateful RMSProp step applied
      unit 61/65 rc=164 chunks=2 trained_queries=68054 mean_loss=2.059603 lr=1.37148e-05 step=stateful RMSProp step applied
      unit 62/65 rc=28 chunks=3 trained_queries=147152 mean_loss=2.112304 lr=1.33263e-05 step=stateful RMSProp step applied
      unit 63/65 rc=9576 chunks=1 trained_queries=5204 mean_loss=2.157788 lr=1.29434e-05 step=stateful RMSProp step applied
      unit 64/65 rc=44 chunks=4 trained_queries=165699 mean_loss=2.109840 lr=1.2566e-05 step=stateful RMSProp step applied
      unit 65/65 rc=13 chunks=1 trained_queries=3594 mean_loss=1.932217 lr=1.21942e-05 step=stateful RMSProp step applied
    stage-epoch 24 summary trained_queries=8880137 mean_loss=2.105152
    stage-epoch 25/25
      unit 1/65 rc=17 chunks=5 trained_queries=235411 mean_loss=2.012830 lr=1.18279e-05 step=stateful RMSProp step applied
      unit 2/65 rc=6 chunks=25 trained_queries=1209059 mean_loss=2.119616 lr=1.14672e-05 step=stateful RMSProp step applied
      unit 3/65 rc=588 chunks=1 trained_queries=17780 mean_loss=2.001670 lr=1.11121e-05 step=stateful RMSProp step applied
      unit 4/65 rc=987290 chunks=1 trained_queries=16 mean_loss=0.517455 lr=1.07625e-05 step=stateful RMSProp step applied
      unit 5/65 rc=109979 chunks=1 trained_queries=41 mean_loss=0.928896 lr=1.04186e-05 step=stateful RMSProp step applied
      unit 6/65 rc=378 chunks=2 trained_queries=54875 mean_loss=2.112723 lr=1.00802e-05 step=stateful RMSProp step applied
      unit 7/65 rc=54 chunks=3 trained_queries=146903 mean_loss=2.051750 lr=9.74733e-06 step=stateful RMSProp step applied
      unit 8/65 rc=2061 chunks=1 trained_queries=19351 mean_loss=2.234754 lr=9.4201e-06 step=stateful RMSProp step applied
      unit 9/65 rc=74 chunks=1 trained_queries=35110 mean_loss=1.839912 lr=9.09832e-06 step=stateful RMSProp step applied
      unit 10/65 rc=849363 chunks=1 trained_queries=16 mean_loss=0.101298 lr=8.78227e-06 step=stateful RMSProp step applied
      unit 11/65 rc=16 chunks=2 trained_queries=74861 mean_loss=1.958831 lr=8.47167e-06 step=stateful RMSProp step applied
      unit 12/65 rc=547 chunks=1 trained_queries=30300 mean_loss=1.919911 lr=8.1667e-06 step=stateful RMSProp step applied
      unit 13/65 rc=213 chunks=1 trained_queries=15923 mean_loss=1.940230 lr=7.86728e-06 step=stateful RMSProp step applied
      unit 14/65 rc=78 chunks=2 trained_queries=55670 mean_loss=2.033350 lr=7.57349e-06 step=stateful RMSProp step applied
      unit 15/65 rc=18 chunks=1 trained_queries=19324 mean_loss=2.057640 lr=7.28515e-06 step=stateful RMSProp step applied
      unit 16/65 rc=7 chunks=1 trained_queries=22956 mean_loss=1.882123 lr=7.00253e-06 step=stateful RMSProp step applied
      unit 17/65 rc=6212 chunks=1 trained_queries=12887 mean_loss=1.800051 lr=6.72546e-06 step=stateful RMSProp step applied
      unit 18/65 rc=3055 chunks=1 trained_queries=37224 mean_loss=1.790136 lr=6.45393e-06 step=stateful RMSProp step applied
      unit 19/65 rc=1 chunks=1 trained_queries=11903 mean_loss=2.065919 lr=6.18804e-06 step=stateful RMSProp step applied
      unit 20/65 rc=14727 chunks=1 trained_queries=13922 mean_loss=1.797272 lr=5.92759e-06 step=stateful RMSProp step applied
      unit 21/65 rc=2977 chunks=1 trained_queries=20966 mean_loss=1.951915 lr=5.67287e-06 step=stateful RMSProp step applied
      unit 22/65 rc=497 chunks=2 trained_queries=80510 mean_loss=2.000459 lr=5.42369e-06 step=stateful RMSProp step applied
      unit 23/65 rc=14349 chunks=1 trained_queries=2379 mean_loss=1.908496 lr=5.18015e-06 step=stateful RMSProp step applied
      unit 24/65 rc=61678 chunks=1 trained_queries=6700 mean_loss=1.415022 lr=4.94215e-06 step=stateful RMSProp step applied
      unit 25/65 rc=416 chunks=1 trained_queries=26203 mean_loss=1.927909 lr=4.70969e-06 step=stateful RMSProp step applied
      unit 26/65 rc=308 chunks=1 trained_queries=20070 mean_loss=2.042717 lr=4.48287e-06 step=stateful RMSProp step applied
      unit 27/65 rc=522 chunks=1 trained_queries=30344 mean_loss=1.831556 lr=4.26167e-06 step=stateful RMSProp step applied
      unit 28/65 rc=611 chunks=1 trained_queries=37398 mean_loss=1.983332 lr=4.04602e-06 step=stateful RMSProp step applied
      unit 29/65 rc=7882 chunks=1 trained_queries=9984 mean_loss=2.047906 lr=3.83592e-06 step=stateful RMSProp step applied
      unit 30/65 rc=96207 chunks=1 trained_queries=368 mean_loss=0.630962 lr=3.63144e-06 step=stateful RMSProp step applied
      unit 31/65 rc=226 chunks=1 trained_queries=31432 mean_loss=1.954829 lr=3.4326e-06 step=stateful RMSProp step applied
      unit 32/65 rc=85 chunks=1 trained_queries=32416 mean_loss=2.049407 lr=3.2393e-06 step=stateful RMSProp step applied
      unit 33/65 rc=2669 chunks=2 trained_queries=52575 mean_loss=2.039497 lr=3.05164e-06 step=stateful RMSProp step applied
      unit 34/65 rc=3061 chunks=1 trained_queries=18981 mean_loss=1.688715 lr=2.86952e-06 step=stateful RMSProp step applied
      unit 35/65 rc=1714 chunks=1 trained_queries=5199 mean_loss=1.797617 lr=2.69303e-06 step=stateful RMSProp step applied
      unit 36/65 rc=367 chunks=1 trained_queries=25529 mean_loss=1.949057 lr=2.52217e-06 step=stateful RMSProp step applied
      unit 37/65 rc=435397 chunks=1 trained_queries=944 mean_loss=1.553905 lr=2.35686e-06 step=stateful RMSProp step applied
      unit 38/65 rc=141 chunks=1 trained_queries=13111 mean_loss=1.882060 lr=2.19718e-06 step=stateful RMSProp step applied
      unit 39/65 rc=253455 chunks=1 trained_queries=1172 mean_loss=1.428282 lr=2.04304e-06 step=stateful RMSProp step applied
      unit 40/65 rc=41 chunks=10 trained_queries=476269 mean_loss=2.130353 lr=1.89453e-06 step=stateful RMSProp step applied
      unit 41/65 rc=560 chunks=2 trained_queries=98499 mean_loss=2.154741 lr=1.75166e-06 step=stateful RMSProp step applied
      unit 42/65 rc=36 chunks=3 trained_queries=136045 mean_loss=2.153328 lr=1.61433e-06 step=stateful RMSProp step applied
      unit 43/65 rc=39 chunks=6 trained_queries=267502 mean_loss=2.120110 lr=1.48264e-06 step=stateful RMSProp step applied
      unit 44/65 rc=14 chunks=16 trained_queries=787429 mean_loss=2.109535 lr=1.35657e-06 step=stateful RMSProp step applied
      unit 45/65 rc=21 chunks=3 trained_queries=135019 mean_loss=2.147017 lr=1.23605e-06 step=stateful RMSProp step applied
      unit 46/65 rc=541 chunks=3 trained_queries=120415 mean_loss=2.147539 lr=1.12116e-06 step=stateful RMSProp step applied
      unit 47/65 rc=51 chunks=9 trained_queries=409633 mean_loss=2.127985 lr=1.01182e-06 step=stateful RMSProp step applied
      unit 48/65 rc=2 chunks=8 trained_queries=388601 mean_loss=2.128682 lr=9.08107e-07 step=stateful RMSProp step applied
      unit 49/65 rc=1057 chunks=1 trained_queries=5910 mean_loss=2.085068 lr=8.10027e-07 step=stateful RMSProp step applied
      unit 50/65 rc=73 chunks=2 trained_queries=63481 mean_loss=2.078223 lr=7.1758e-07 step=stateful RMSProp step applied
      unit 51/65 rc=79 chunks=6 trained_queries=295710 mean_loss=2.132745 lr=6.30677e-07 step=stateful RMSProp step applied
      unit 52/65 rc=63 chunks=4 trained_queries=190096 mean_loss=2.115217 lr=5.49406e-07 step=stateful RMSProp step applied
      unit 53/65 rc=15 chunks=9 trained_queries=413445 mean_loss=2.123609 lr=4.73678e-07 step=stateful RMSProp step applied
      unit 54/65 rc=22 chunks=12 trained_queries=553466 mean_loss=2.117852 lr=4.03672e-07 step=stateful RMSProp step applied
      unit 55/65 rc=32 chunks=2 trained_queries=96605 mean_loss=2.175887 lr=3.3921e-07 step=stateful RMSProp step applied
      unit 56/65 rc=8258 chunks=1 trained_queries=5343 mean_loss=1.987966 lr=2.80291e-07 step=stateful RMSProp step applied
      unit 57/65 rc=3 chunks=9 trained_queries=426507 mean_loss=2.141697 lr=2.27094e-07 step=stateful RMSProp step applied
      unit 58/65 rc=4 chunks=9 trained_queries=420567 mean_loss=2.124404 lr=1.7944e-07 step=stateful RMSProp step applied
      unit 59/65 rc=5 chunks=11 trained_queries=535061 mean_loss=2.121437 lr=1.37329e-07 step=stateful RMSProp step applied
      unit 60/65 rc=48 chunks=5 trained_queries=235018 mean_loss=2.149270 lr=1.0094e-07 step=stateful RMSProp step applied
      unit 61/65 rc=164 chunks=2 trained_queries=68054 mean_loss=2.059323 lr=7.00951e-08 step=stateful RMSProp step applied
      unit 62/65 rc=28 chunks=3 trained_queries=147152 mean_loss=2.113391 lr=4.48823e-08 step=stateful RMSProp step applied
      unit 63/65 rc=9576 chunks=1 trained_queries=5204 mean_loss=2.156690 lr=2.52128e-08 step=stateful RMSProp step applied
      unit 64/65 rc=44 chunks=4 trained_queries=165699 mean_loss=2.110177 lr=1.11759e-08 step=stateful RMSProp step applied
      unit 65/65 rc=13 chunks=1 trained_queries=3594 mean_loss=1.929989 lr=2.77162e-09 step=stateful RMSProp step applied
    stage-epoch 25 summary trained_queries=8880137 mean_loss=2.104725
  train-growth-stage-timing: plan=0.141s setup=0.404s train=153.191s copy_back=0.001s cleanup=0.023s total=153.761s
  growth-stage-timing 1/1: ingest=2.782s materialize=0.000s train_stage=153.763s free_radix=0.000s total=156.545s
  train-growth: saved final weights to rnd/cudax-exposure-fix/20260526T183923-static-25ep/checkpoint.model
  train-growth: completed stages=1 optimizer_steps=1625
