AGPT CUDA Trainer V2
  mode: train-growth
  model: d=64 heads=4 layers=2 ff=256 vocab=65 seq=16 head_dim=16
  seq_len reconcile: model header says 128, growth max_depth=16 -> effective 16. Overriding.
  corpus: rnd/cudax-exposure-fix/20260526T191259-static-25ep-section2/train_corpus.txt tokens=1059624 full_starts=1059623
  growth: stages=1 epochs_per_stage=25 min_epochs=25 epoch_schedule=fixed scheduled_epochs=25 optimizer=rmsprop schedule=warmup-cosine materializer=incremental-radix estimated_total_unit_steps=1625
  growth-frontiers: source=generated-divisions divisions=1 train_frac=1.000000 final_frontier=1059623
  config: lr=0.003000 warmup_epochs=0 partition_depth=1 chunk_queries=50000 anc_grad=true
  rope-position: mode=depth
  growth-stage 1/1: frontier_starts=1059623 ingested_starts=1059623 radix_nodes=1527338 edge_chars=8880137 counts=2561796 flat_counts=5252813
  train-growth-stage: epochs=25 units=65 optimizer=rmsprop radix_nodes=1527338 edge_chars=8880137
    stage-epoch 1/25
      unit 1/65 rc=17 chunks=5 trained_queries=235411 trained_events=602672 mean_loss=4.560287 lr=0.003 step=stateful RMSProp step applied
      unit 2/65 rc=6 chunks=25 trained_queries=1209059 trained_events=2588010 mean_loss=4.677375 lr=0.003 step=stateful RMSProp step applied
      unit 3/65 rc=588 chunks=1 trained_queries=17780 trained_events=32192 mean_loss=7.234581 lr=0.00299999 step=stateful RMSProp step applied
      unit 4/65 rc=987290 chunks=1 trained_queries=16 trained_events=16 mean_loss=6.181300 lr=0.00299997 step=stateful RMSProp step applied
      unit 5/65 rc=109979 chunks=1 trained_queries=41 trained_events=48 mean_loss=5.852677 lr=0.00299996 step=stateful RMSProp step applied
      unit 6/65 rc=378 chunks=2 trained_queries=54875 trained_events=94080 mean_loss=5.996443 lr=0.00299993 step=stateful RMSProp step applied
      unit 7/65 rc=54 chunks=3 trained_queries=146903 trained_events=301856 mean_loss=4.081624 lr=0.0029999 step=stateful RMSProp step applied
      unit 8/65 rc=2061 chunks=1 trained_queries=19351 trained_events=28624 mean_loss=3.571259 lr=0.00299986 step=stateful RMSProp step applied
      unit 9/65 rc=74 chunks=1 trained_queries=35110 trained_events=118240 mean_loss=3.615555 lr=0.00299982 step=stateful RMSProp step applied
      unit 10/65 rc=849363 chunks=1 trained_queries=16 trained_events=432 mean_loss=3.566784 lr=0.00299977 step=stateful RMSProp step applied
      unit 11/65 rc=16 chunks=2 trained_queries=74861 trained_events=154864 mean_loss=4.335096 lr=0.00299972 step=stateful RMSProp step applied
      unit 12/65 rc=547 chunks=1 trained_queries=30300 trained_events=55216 mean_loss=3.167131 lr=0.00299966 step=stateful RMSProp step applied
      unit 13/65 rc=213 chunks=1 trained_queries=15923 trained_events=37200 mean_loss=3.596152 lr=0.0029996 step=stateful RMSProp step applied
      unit 14/65 rc=78 chunks=2 trained_queries=55670 trained_events=115472 mean_loss=3.275760 lr=0.00299953 step=stateful RMSProp step applied
      unit 15/65 rc=18 chunks=1 trained_queries=19324 trained_events=41184 mean_loss=3.241666 lr=0.00299945 step=stateful RMSProp step applied
      unit 16/65 rc=7 chunks=1 trained_queries=22956 trained_events=58432 mean_loss=3.249140 lr=0.00299937 step=stateful RMSProp step applied
      unit 17/65 rc=6212 chunks=1 trained_queries=12887 trained_events=31552 mean_loss=3.195403 lr=0.00299928 step=stateful RMSProp step applied
      unit 18/65 rc=3055 chunks=1 trained_queries=37224 trained_events=92032 mean_loss=3.191763 lr=0.00299919 step=stateful RMSProp step applied
      unit 19/65 rc=1 chunks=1 trained_queries=11903 trained_events=27856 mean_loss=3.167623 lr=0.00299909 step=stateful RMSProp step applied
      unit 20/65 rc=14727 chunks=1 trained_queries=13922 trained_events=37200 mean_loss=3.216991 lr=0.00299899 step=stateful RMSProp step applied
      unit 21/65 rc=2977 chunks=1 trained_queries=20966 trained_events=46224 mean_loss=3.141301 lr=0.00299888 step=stateful RMSProp step applied
      unit 22/65 rc=497 chunks=2 trained_queries=80510 trained_events=178352 mean_loss=3.122792 lr=0.00299876 step=stateful RMSProp step applied
      unit 23/65 rc=14349 chunks=1 trained_queries=2379 trained_events=5104 mean_loss=3.247232 lr=0.00299864 step=stateful RMSProp step applied
      unit 24/65 rc=61678 chunks=1 trained_queries=6700 trained_events=24672 mean_loss=3.205764 lr=0.00299852 step=stateful RMSProp step applied
      unit 25/65 rc=416 chunks=1 trained_queries=26203 trained_events=59152 mean_loss=3.198933 lr=0.00299839 step=stateful RMSProp step applied
      unit 26/65 rc=308 chunks=1 trained_queries=20070 trained_events=43728 mean_loss=3.051692 lr=0.00299825 step=stateful RMSProp step applied
      unit 27/65 rc=522 chunks=1 trained_queries=30344 trained_events=74160 mean_loss=3.056572 lr=0.00299811 step=stateful RMSProp step applied
      unit 28/65 rc=611 chunks=1 trained_queries=37398 trained_events=78688 mean_loss=3.054031 lr=0.00299796 step=stateful RMSProp step applied
      unit 29/65 rc=7882 chunks=1 trained_queries=9984 trained_events=22352 mean_loss=3.112588 lr=0.0029978 step=stateful RMSProp step applied
      unit 30/65 rc=96207 chunks=1 trained_queries=368 trained_events=3696 mean_loss=3.117431 lr=0.00299764 step=stateful RMSProp step applied
      unit 31/65 rc=226 chunks=1 trained_queries=31432 trained_events=72896 mean_loss=3.696198 lr=0.00299748 step=stateful RMSProp step applied
      unit 32/65 rc=85 chunks=1 trained_queries=32416 trained_events=67744 mean_loss=3.092358 lr=0.00299731 step=stateful RMSProp step applied
      unit 33/65 rc=2669 chunks=2 trained_queries=52575 trained_events=104160 mean_loss=2.963163 lr=0.00299713 step=stateful RMSProp step applied
      unit 34/65 rc=3061 chunks=1 trained_queries=18981 trained_events=51680 mean_loss=3.081654 lr=0.00299695 step=stateful RMSProp step applied
      unit 35/65 rc=1714 chunks=1 trained_queries=5199 trained_events=12224 mean_loss=2.956518 lr=0.00299676 step=stateful RMSProp step applied
      unit 36/65 rc=367 chunks=1 trained_queries=25529 trained_events=53568 mean_loss=2.864938 lr=0.00299657 step=stateful RMSProp step applied
      unit 37/65 rc=435397 chunks=1 trained_queries=944 trained_events=1792 mean_loss=2.885327 lr=0.00299637 step=stateful RMSProp step applied
      unit 38/65 rc=141 chunks=1 trained_queries=13111 trained_events=27072 mean_loss=2.945578 lr=0.00299616 step=stateful RMSProp step applied
      unit 39/65 rc=253455 chunks=1 trained_queries=1172 trained_events=2576 mean_loss=2.919689 lr=0.00299595 step=stateful RMSProp step applied
      unit 40/65 rc=41 chunks=10 trained_queries=476269 trained_events=843007 mean_loss=3.004908 lr=0.00299574 step=stateful RMSProp step applied
      unit 41/65 rc=560 chunks=2 trained_queries=98499 trained_events=172032 mean_loss=3.016930 lr=0.00299552 step=stateful RMSProp step applied
      unit 42/65 rc=36 chunks=3 trained_queries=136045 trained_events=238518 mean_loss=3.179285 lr=0.00299529 step=stateful RMSProp step applied
      unit 43/65 rc=39 chunks=6 trained_queries=267502 trained_events=477704 mean_loss=3.037215 lr=0.00299506 step=stateful RMSProp step applied
      unit 44/65 rc=14 chunks=16 trained_queries=787429 trained_events=1441439 mean_loss=2.941579 lr=0.00299482 step=stateful RMSProp step applied
      unit 45/65 rc=21 chunks=3 trained_queries=135019 trained_events=240624 mean_loss=2.881019 lr=0.00299458 step=stateful RMSProp step applied
      unit 46/65 rc=541 chunks=3 trained_queries=120415 trained_events=203264 mean_loss=2.888461 lr=0.00299433 step=stateful RMSProp step applied
      unit 47/65 rc=51 chunks=9 trained_queries=409633 trained_events=780453 mean_loss=2.770573 lr=0.00299407 step=stateful RMSProp step applied
      unit 48/65 rc=2 chunks=8 trained_queries=388601 trained_events=691328 mean_loss=2.844372 lr=0.00299381 step=stateful RMSProp step applied
      unit 49/65 rc=1057 chunks=1 trained_queries=5910 trained_events=9744 mean_loss=2.860648 lr=0.00299355 step=stateful RMSProp step applied
      unit 50/65 rc=73 chunks=2 trained_queries=63481 trained_events=107824 mean_loss=2.886417 lr=0.00299327 step=stateful RMSProp step applied
      unit 51/65 rc=79 chunks=6 trained_queries=295710 trained_events=510176 mean_loss=2.853542 lr=0.002993 step=stateful RMSProp step applied
      unit 52/65 rc=63 chunks=4 trained_queries=190096 trained_events=338304 mean_loss=2.793976 lr=0.00299271 step=stateful RMSProp step applied
      unit 53/65 rc=15 chunks=9 trained_queries=413445 trained_events=737803 mean_loss=2.783681 lr=0.00299243 step=stateful RMSProp step applied
      unit 54/65 rc=22 chunks=12 trained_queries=553466 trained_events=1002752 mean_loss=2.762449 lr=0.00299213 step=stateful RMSProp step applied
      unit 55/65 rc=32 chunks=2 trained_queries=96605 trained_events=164880 mean_loss=2.792417 lr=0.00299183 step=stateful RMSProp step applied
      unit 56/65 rc=8258 chunks=1 trained_queries=5343 trained_events=9456 mean_loss=2.854138 lr=0.00299153 step=stateful RMSProp step applied
      unit 57/65 rc=3 chunks=9 trained_queries=426507 trained_events=745744 mean_loss=2.863689 lr=0.00299122 step=stateful RMSProp step applied
      unit 58/65 rc=4 chunks=9 trained_queries=420567 trained_events=755483 mean_loss=2.796344 lr=0.0029909 step=stateful RMSProp step applied
      unit 59/65 rc=5 chunks=11 trained_queries=535061 trained_events=1019376 mean_loss=2.700100 lr=0.00299058 step=stateful RMSProp step applied
      unit 60/65 rc=48 chunks=5 trained_queries=235018 trained_events=405879 mean_loss=2.744390 lr=0.00299025 step=stateful RMSProp step applied
      unit 61/65 rc=164 chunks=2 trained_queries=68054 trained_events=119056 mean_loss=2.608729 lr=0.00298992 step=stateful RMSProp step applied
      unit 62/65 rc=28 chunks=3 trained_queries=147152 trained_events=266576 mean_loss=2.699899 lr=0.00298958 step=stateful RMSProp step applied
      unit 63/65 rc=9576 chunks=1 trained_queries=5204 trained_events=8048 mean_loss=2.758169 lr=0.00298924 step=stateful RMSProp step applied
      unit 64/65 rc=44 chunks=4 trained_queries=165699 trained_events=311920 mean_loss=2.740312 lr=0.00298889 step=stateful RMSProp step applied
      unit 65/65 rc=13 chunks=1 trained_queries=3594 trained_events=5440 mean_loss=2.725368 lr=0.00298853 step=stateful RMSProp step applied
    stage-epoch 1 summary trained_queries=8880137 trained_events=16953848 mean_loss=3.279152
    stage-epoch 2/25
      unit 1/65 rc=17 chunks=5 trained_queries=235411 trained_events=602672 mean_loss=2.890936 lr=0.00298817 step=stateful RMSProp step applied
      unit 2/65 rc=6 chunks=25 trained_queries=1209059 trained_events=2588010 mean_loss=2.730597 lr=0.00298781 step=stateful RMSProp step applied
      unit 3/65 rc=588 chunks=1 trained_queries=17780 trained_events=32192 mean_loss=2.704626 lr=0.00298743 step=stateful RMSProp step applied
      unit 4/65 rc=987290 chunks=1 trained_queries=16 trained_events=16 mean_loss=2.861005 lr=0.00298706 step=stateful RMSProp step applied
      unit 5/65 rc=109979 chunks=1 trained_queries=41 trained_events=48 mean_loss=3.277968 lr=0.00298667 step=stateful RMSProp step applied
      unit 6/65 rc=378 chunks=2 trained_queries=54875 trained_events=94080 mean_loss=3.092533 lr=0.00298629 step=stateful RMSProp step applied
      unit 7/65 rc=54 chunks=3 trained_queries=146903 trained_events=301856 mean_loss=2.762328 lr=0.00298589 step=stateful RMSProp step applied
      unit 8/65 rc=2061 chunks=1 trained_queries=19351 trained_events=28624 mean_loss=2.890338 lr=0.00298549 step=stateful RMSProp step applied
      unit 9/65 rc=74 chunks=1 trained_queries=35110 trained_events=118240 mean_loss=2.796483 lr=0.00298509 step=stateful RMSProp step applied
      unit 10/65 rc=849363 chunks=1 trained_queries=16 trained_events=432 mean_loss=3.187696 lr=0.00298468 step=stateful RMSProp step applied
      unit 11/65 rc=16 chunks=2 trained_queries=74861 trained_events=154864 mean_loss=2.987171 lr=0.00298426 step=stateful RMSProp step applied
      unit 12/65 rc=547 chunks=1 trained_queries=30300 trained_events=55216 mean_loss=2.606766 lr=0.00298384 step=stateful RMSProp step applied
      unit 13/65 rc=213 chunks=1 trained_queries=15923 trained_events=37200 mean_loss=2.813991 lr=0.00298341 step=stateful RMSProp step applied
      unit 14/65 rc=78 chunks=2 trained_queries=55670 trained_events=115472 mean_loss=2.754663 lr=0.00298298 step=stateful RMSProp step applied
      unit 15/65 rc=18 chunks=1 trained_queries=19324 trained_events=41184 mean_loss=2.771316 lr=0.00298254 step=stateful RMSProp step applied
      unit 16/65 rc=7 chunks=1 trained_queries=22956 trained_events=58432 mean_loss=2.724204 lr=0.0029821 step=stateful RMSProp step applied
      unit 17/65 rc=6212 chunks=1 trained_queries=12887 trained_events=31552 mean_loss=2.782277 lr=0.00298165 step=stateful RMSProp step applied
      unit 18/65 rc=3055 chunks=1 trained_queries=37224 trained_events=92032 mean_loss=2.634616 lr=0.00298119 step=stateful RMSProp step applied
      unit 19/65 rc=1 chunks=1 trained_queries=11903 trained_events=27856 mean_loss=2.698501 lr=0.00298073 step=stateful RMSProp step applied
      unit 20/65 rc=14727 chunks=1 trained_queries=13922 trained_events=37200 mean_loss=2.738535 lr=0.00298026 step=stateful RMSProp step applied
      unit 21/65 rc=2977 chunks=1 trained_queries=20966 trained_events=46224 mean_loss=2.679278 lr=0.00297979 step=stateful RMSProp step applied
      unit 22/65 rc=497 chunks=2 trained_queries=80510 trained_events=178352 mean_loss=2.613779 lr=0.00297932 step=stateful RMSProp step applied
      unit 23/65 rc=14349 chunks=1 trained_queries=2379 trained_events=5104 mean_loss=2.797917 lr=0.00297883 step=stateful RMSProp step applied
      unit 24/65 rc=61678 chunks=1 trained_queries=6700 trained_events=24672 mean_loss=2.584301 lr=0.00297834 step=stateful RMSProp step applied
      unit 25/65 rc=416 chunks=1 trained_queries=26203 trained_events=59152 mean_loss=2.623288 lr=0.00297785 step=stateful RMSProp step applied
      unit 26/65 rc=308 chunks=1 trained_queries=20070 trained_events=43728 mean_loss=2.588881 lr=0.00297735 step=stateful RMSProp step applied
      unit 27/65 rc=522 chunks=1 trained_queries=30344 trained_events=74160 mean_loss=2.497305 lr=0.00297685 step=stateful RMSProp step applied
      unit 28/65 rc=611 chunks=1 trained_queries=37398 trained_events=78688 mean_loss=2.569191 lr=0.00297634 step=stateful RMSProp step applied
      unit 29/65 rc=7882 chunks=1 trained_queries=9984 trained_events=22352 mean_loss=2.681194 lr=0.00297582 step=stateful RMSProp step applied
      unit 30/65 rc=96207 chunks=1 trained_queries=368 trained_events=3696 mean_loss=2.686489 lr=0.0029753 step=stateful RMSProp step applied
      unit 31/65 rc=226 chunks=1 trained_queries=31432 trained_events=72896 mean_loss=2.717048 lr=0.00297477 step=stateful RMSProp step applied
      unit 32/65 rc=85 chunks=1 trained_queries=32416 trained_events=67744 mean_loss=2.644404 lr=0.00297424 step=stateful RMSProp step applied
      unit 33/65 rc=2669 chunks=2 trained_queries=52575 trained_events=104160 mean_loss=2.537060 lr=0.0029737 step=stateful RMSProp step applied
      unit 34/65 rc=3061 chunks=1 trained_queries=18981 trained_events=51680 mean_loss=2.519474 lr=0.00297316 step=stateful RMSProp step applied
      unit 35/65 rc=1714 chunks=1 trained_queries=5199 trained_events=12224 mean_loss=2.489298 lr=0.00297261 step=stateful RMSProp step applied
      unit 36/65 rc=367 chunks=1 trained_queries=25529 trained_events=53568 mean_loss=2.479156 lr=0.00297206 step=stateful RMSProp step applied
      unit 37/65 rc=435397 chunks=1 trained_queries=944 trained_events=1792 mean_loss=2.333563 lr=0.0029715 step=stateful RMSProp step applied
      unit 38/65 rc=141 chunks=1 trained_queries=13111 trained_events=27072 mean_loss=2.596511 lr=0.00297093 step=stateful RMSProp step applied
      unit 39/65 rc=253455 chunks=1 trained_queries=1172 trained_events=2576 mean_loss=2.365864 lr=0.00297036 step=stateful RMSProp step applied
      unit 40/65 rc=41 chunks=10 trained_queries=476269 trained_events=843007 mean_loss=2.646466 lr=0.00296978 step=stateful RMSProp step applied
      unit 41/65 rc=560 chunks=2 trained_queries=98499 trained_events=172032 mean_loss=2.630790 lr=0.0029692 step=stateful RMSProp step applied
      unit 42/65 rc=36 chunks=3 trained_queries=136045 trained_events=238518 mean_loss=2.641791 lr=0.00296861 step=stateful RMSProp step applied
      unit 43/65 rc=39 chunks=6 trained_queries=267502 trained_events=477704 mean_loss=2.589691 lr=0.00296802 step=stateful RMSProp step applied
      unit 44/65 rc=14 chunks=16 trained_queries=787429 trained_events=1441439 mean_loss=2.603893 lr=0.00296742 step=stateful RMSProp step applied
      unit 45/65 rc=21 chunks=3 trained_queries=135019 trained_events=240624 mean_loss=2.568188 lr=0.00296682 step=stateful RMSProp step applied
      unit 46/65 rc=541 chunks=3 trained_queries=120415 trained_events=203264 mean_loss=2.629060 lr=0.00296621 step=stateful RMSProp step applied
      unit 47/65 rc=51 chunks=9 trained_queries=409633 trained_events=780453 mean_loss=2.526827 lr=0.00296559 step=stateful RMSProp step applied
      unit 48/65 rc=2 chunks=8 trained_queries=388601 trained_events=691328 mean_loss=2.571765 lr=0.00296497 step=stateful RMSProp step applied
      unit 49/65 rc=1057 chunks=1 trained_queries=5910 trained_events=9744 mean_loss=2.564972 lr=0.00296435 step=stateful RMSProp step applied
      unit 50/65 rc=73 chunks=2 trained_queries=63481 trained_events=107824 mean_loss=2.587625 lr=0.00296372 step=stateful RMSProp step applied
      unit 51/65 rc=79 chunks=6 trained_queries=295710 trained_events=510176 mean_loss=2.621006 lr=0.00296308 step=stateful RMSProp step applied
      unit 52/65 rc=63 chunks=4 trained_queries=190096 trained_events=338304 mean_loss=2.610777 lr=0.00296244 step=stateful RMSProp step applied
      unit 53/65 rc=15 chunks=9 trained_queries=413445 trained_events=737803 mean_loss=2.556712 lr=0.00296179 step=stateful RMSProp step applied
      unit 54/65 rc=22 chunks=12 trained_queries=553466 trained_events=1002752 mean_loss=2.545450 lr=0.00296114 step=stateful RMSProp step applied
      unit 55/65 rc=32 chunks=2 trained_queries=96605 trained_events=164880 mean_loss=2.587601 lr=0.00296048 step=stateful RMSProp step applied
      unit 56/65 rc=8258 chunks=1 trained_queries=5343 trained_events=9456 mean_loss=2.502193 lr=0.00295981 step=stateful RMSProp step applied
      unit 57/65 rc=3 chunks=9 trained_queries=426507 trained_events=745744 mean_loss=2.607593 lr=0.00295915 step=stateful RMSProp step applied
      unit 58/65 rc=4 chunks=9 trained_queries=420567 trained_events=755483 mean_loss=2.560618 lr=0.00295847 step=stateful RMSProp step applied
      unit 59/65 rc=5 chunks=11 trained_queries=535061 trained_events=1019376 mean_loss=2.497354 lr=0.00295779 step=stateful RMSProp step applied
      unit 60/65 rc=48 chunks=5 trained_queries=235018 trained_events=405879 mean_loss=2.539520 lr=0.0029571 step=stateful RMSProp step applied
      unit 61/65 rc=164 chunks=2 trained_queries=68054 trained_events=119056 mean_loss=2.398203 lr=0.00295641 step=stateful RMSProp step applied
      unit 62/65 rc=28 chunks=3 trained_queries=147152 trained_events=266576 mean_loss=2.475342 lr=0.00295572 step=stateful RMSProp step applied
      unit 63/65 rc=9576 chunks=1 trained_queries=5204 trained_events=8048 mean_loss=2.538452 lr=0.00295501 step=stateful RMSProp step applied
      unit 64/65 rc=44 chunks=4 trained_queries=165699 trained_events=311920 mean_loss=2.485686 lr=0.00295431 step=stateful RMSProp step applied
      unit 65/65 rc=13 chunks=1 trained_queries=3594 trained_events=5440 mean_loss=2.472177 lr=0.00295359 step=stateful RMSProp step applied
    stage-epoch 2 summary trained_queries=8880137 trained_events=16953848 mean_loss=2.623898
    stage-epoch 3/25
      unit 1/65 rc=17 chunks=5 trained_queries=235411 trained_events=602672 mean_loss=2.658082 lr=0.00295287 step=stateful RMSProp step applied
      unit 2/65 rc=6 chunks=25 trained_queries=1209059 trained_events=2588010 mean_loss=2.553795 lr=0.00295215 step=stateful RMSProp step applied
      unit 3/65 rc=588 chunks=1 trained_queries=17780 trained_events=32192 mean_loss=2.511862 lr=0.00295142 step=stateful RMSProp step applied
      unit 4/65 rc=987290 chunks=1 trained_queries=16 trained_events=16 mean_loss=2.463874 lr=0.00295069 step=stateful RMSProp step applied
      unit 5/65 rc=109979 chunks=1 trained_queries=41 trained_events=48 mean_loss=2.938584 lr=0.00294995 step=stateful RMSProp step applied
      unit 6/65 rc=378 chunks=2 trained_queries=54875 trained_events=94080 mean_loss=3.022809 lr=0.0029492 step=stateful RMSProp step applied
      unit 7/65 rc=54 chunks=3 trained_queries=146903 trained_events=301856 mean_loss=2.625552 lr=0.00294845 step=stateful RMSProp step applied
      unit 8/65 rc=2061 chunks=1 trained_queries=19351 trained_events=28624 mean_loss=2.792197 lr=0.00294769 step=stateful RMSProp step applied
      unit 9/65 rc=74 chunks=1 trained_queries=35110 trained_events=118240 mean_loss=2.579080 lr=0.00294693 step=stateful RMSProp step applied
      unit 10/65 rc=849363 chunks=1 trained_queries=16 trained_events=432 mean_loss=2.409289 lr=0.00294616 step=stateful RMSProp step applied
      unit 11/65 rc=16 chunks=2 trained_queries=74861 trained_events=154864 mean_loss=2.860889 lr=0.00294539 step=stateful RMSProp step applied
      unit 12/65 rc=547 chunks=1 trained_queries=30300 trained_events=55216 mean_loss=2.390092 lr=0.00294461 step=stateful RMSProp step applied
      unit 13/65 rc=213 chunks=1 trained_queries=15923 trained_events=37200 mean_loss=2.631130 lr=0.00294383 step=stateful RMSProp step applied
      unit 14/65 rc=78 chunks=2 trained_queries=55670 trained_events=115472 mean_loss=2.576290 lr=0.00294304 step=stateful RMSProp step applied
      unit 15/65 rc=18 chunks=1 trained_queries=19324 trained_events=41184 mean_loss=2.609844 lr=0.00294225 step=stateful RMSProp step applied
      unit 16/65 rc=7 chunks=1 trained_queries=22956 trained_events=58432 mean_loss=2.598866 lr=0.00294145 step=stateful RMSProp step applied
      unit 17/65 rc=6212 chunks=1 trained_queries=12887 trained_events=31552 mean_loss=2.599059 lr=0.00294064 step=stateful RMSProp step applied
      unit 18/65 rc=3055 chunks=1 trained_queries=37224 trained_events=92032 mean_loss=2.457016 lr=0.00293983 step=stateful RMSProp step applied
      unit 19/65 rc=1 chunks=1 trained_queries=11903 trained_events=27856 mean_loss=2.571791 lr=0.00293902 step=stateful RMSProp step applied
      unit 20/65 rc=14727 chunks=1 trained_queries=13922 trained_events=37200 mean_loss=2.577724 lr=0.0029382 step=stateful RMSProp step applied
      unit 21/65 rc=2977 chunks=1 trained_queries=20966 trained_events=46224 mean_loss=2.453724 lr=0.00293737 step=stateful RMSProp step applied
      unit 22/65 rc=497 chunks=2 trained_queries=80510 trained_events=178352 mean_loss=2.447880 lr=0.00293654 step=stateful RMSProp step applied
      unit 23/65 rc=14349 chunks=1 trained_queries=2379 trained_events=5104 mean_loss=2.672970 lr=0.0029357 step=stateful RMSProp step applied
      unit 24/65 rc=61678 chunks=1 trained_queries=6700 trained_events=24672 mean_loss=2.409485 lr=0.00293486 step=stateful RMSProp step applied
      unit 25/65 rc=416 chunks=1 trained_queries=26203 trained_events=59152 mean_loss=2.449977 lr=0.00293401 step=stateful RMSProp step applied
      unit 26/65 rc=308 chunks=1 trained_queries=20070 trained_events=43728 mean_loss=2.453594 lr=0.00293316 step=stateful RMSProp step applied
      unit 27/65 rc=522 chunks=1 trained_queries=30344 trained_events=74160 mean_loss=2.368587 lr=0.0029323 step=stateful RMSProp step applied
      unit 28/65 rc=611 chunks=1 trained_queries=37398 trained_events=78688 mean_loss=2.455768 lr=0.00293143 step=stateful RMSProp step applied
      unit 29/65 rc=7882 chunks=1 trained_queries=9984 trained_events=22352 mean_loss=2.551669 lr=0.00293056 step=stateful RMSProp step applied
      unit 30/65 rc=96207 chunks=1 trained_queries=368 trained_events=3696 mean_loss=2.374364 lr=0.00292969 step=stateful RMSProp step applied
      unit 31/65 rc=226 chunks=1 trained_queries=31432 trained_events=72896 mean_loss=2.653197 lr=0.00292881 step=stateful RMSProp step applied
      unit 32/65 rc=85 chunks=1 trained_queries=32416 trained_events=67744 mean_loss=2.569203 lr=0.00292792 step=stateful RMSProp step applied
      unit 33/65 rc=2669 chunks=2 trained_queries=52575 trained_events=104160 mean_loss=2.386585 lr=0.00292703 step=stateful RMSProp step applied
      unit 34/65 rc=3061 chunks=1 trained_queries=18981 trained_events=51680 mean_loss=2.416961 lr=0.00292614 step=stateful RMSProp step applied
      unit 35/65 rc=1714 chunks=1 trained_queries=5199 trained_events=12224 mean_loss=2.378688 lr=0.00292523 step=stateful RMSProp step applied
      unit 36/65 rc=367 chunks=1 trained_queries=25529 trained_events=53568 mean_loss=2.304909 lr=0.00292433 step=stateful RMSProp step applied
      unit 37/65 rc=435397 chunks=1 trained_queries=944 trained_events=1792 mean_loss=2.308954 lr=0.00292342 step=stateful RMSProp step applied
      unit 38/65 rc=141 chunks=1 trained_queries=13111 trained_events=27072 mean_loss=2.501501 lr=0.0029225 step=stateful RMSProp step applied
      unit 39/65 rc=253455 chunks=1 trained_queries=1172 trained_events=2576 mean_loss=2.174041 lr=0.00292158 step=stateful RMSProp step applied
      unit 40/65 rc=41 chunks=10 trained_queries=476269 trained_events=843007 mean_loss=2.537359 lr=0.00292065 step=stateful RMSProp step applied
      unit 41/65 rc=560 chunks=2 trained_queries=98499 trained_events=172032 mean_loss=2.513249 lr=0.00291971 step=stateful RMSProp step applied
      unit 42/65 rc=36 chunks=3 trained_queries=136045 trained_events=238518 mean_loss=2.518265 lr=0.00291878 step=stateful RMSProp step applied
      unit 43/65 rc=39 chunks=6 trained_queries=267502 trained_events=477704 mean_loss=2.466643 lr=0.00291783 step=stateful RMSProp step applied
      unit 44/65 rc=14 chunks=16 trained_queries=787429 trained_events=1441439 mean_loss=2.480730 lr=0.00291688 step=stateful RMSProp step applied
      unit 45/65 rc=21 chunks=3 trained_queries=135019 trained_events=240624 mean_loss=2.467562 lr=0.00291593 step=stateful RMSProp step applied
      unit 46/65 rc=541 chunks=3 trained_queries=120415 trained_events=203264 mean_loss=2.552232 lr=0.00291497 step=stateful RMSProp step applied
      unit 47/65 rc=51 chunks=9 trained_queries=409633 trained_events=780453 mean_loss=2.452723 lr=0.002914 step=stateful RMSProp step applied
      unit 48/65 rc=2 chunks=8 trained_queries=388601 trained_events=691328 mean_loss=2.485151 lr=0.00291303 step=stateful RMSProp step applied
      unit 49/65 rc=1057 chunks=1 trained_queries=5910 trained_events=9744 mean_loss=2.481574 lr=0.00291206 step=stateful RMSProp step applied
      unit 50/65 rc=73 chunks=2 trained_queries=63481 trained_events=107824 mean_loss=2.443880 lr=0.00291108 step=stateful RMSProp step applied
      unit 51/65 rc=79 chunks=6 trained_queries=295710 trained_events=510176 mean_loss=2.472970 lr=0.00291009 step=stateful RMSProp step applied
      unit 52/65 rc=63 chunks=4 trained_queries=190096 trained_events=338304 mean_loss=2.445303 lr=0.0029091 step=stateful RMSProp step applied
      unit 53/65 rc=15 chunks=9 trained_queries=413445 trained_events=737803 mean_loss=2.442094 lr=0.0029081 step=stateful RMSProp step applied
      unit 54/65 rc=22 chunks=12 trained_queries=553466 trained_events=1002752 mean_loss=2.446403 lr=0.0029071 step=stateful RMSProp step applied
      unit 55/65 rc=32 chunks=2 trained_queries=96605 trained_events=164880 mean_loss=2.481627 lr=0.00290609 step=stateful RMSProp step applied
      unit 56/65 rc=8258 chunks=1 trained_queries=5343 trained_events=9456 mean_loss=2.414909 lr=0.00290508 step=stateful RMSProp step applied
      unit 57/65 rc=3 chunks=9 trained_queries=426507 trained_events=745744 mean_loss=2.513313 lr=0.00290406 step=stateful RMSProp step applied
      unit 58/65 rc=4 chunks=9 trained_queries=420567 trained_events=755483 mean_loss=2.464753 lr=0.00290304 step=stateful RMSProp step applied
      unit 59/65 rc=5 chunks=11 trained_queries=535061 trained_events=1019376 mean_loss=2.411086 lr=0.00290201 step=stateful RMSProp step applied
      unit 60/65 rc=48 chunks=5 trained_queries=235018 trained_events=405879 mean_loss=2.451900 lr=0.00290098 step=stateful RMSProp step applied
      unit 61/65 rc=164 chunks=2 trained_queries=68054 trained_events=119056 mean_loss=2.313804 lr=0.00289994 step=stateful RMSProp step applied
      unit 62/65 rc=28 chunks=3 trained_queries=147152 trained_events=266576 mean_loss=2.384702 lr=0.00289889 step=stateful RMSProp step applied
      unit 63/65 rc=9576 chunks=1 trained_queries=5204 trained_events=8048 mean_loss=2.444373 lr=0.00289784 step=stateful RMSProp step applied
      unit 64/65 rc=44 chunks=4 trained_queries=165699 trained_events=311920 mean_loss=2.411012 lr=0.00289679 step=stateful RMSProp step applied
      unit 65/65 rc=13 chunks=1 trained_queries=3594 trained_events=5440 mean_loss=2.374856 lr=0.00289573 step=stateful RMSProp step applied
    stage-epoch 3 summary trained_queries=8880137 trained_events=16953848 mean_loss=2.498613
    stage-epoch 4/25
      unit 1/65 rc=17 chunks=5 trained_queries=235411 trained_events=602672 mean_loss=2.560634 lr=0.00289466 step=stateful RMSProp step applied
      unit 2/65 rc=6 chunks=25 trained_queries=1209059 trained_events=2588010 mean_loss=2.478503 lr=0.00289359 step=stateful RMSProp step applied
      unit 3/65 rc=588 chunks=1 trained_queries=17780 trained_events=32192 mean_loss=2.398323 lr=0.00289252 step=stateful RMSProp step applied
      unit 4/65 rc=987290 chunks=1 trained_queries=16 trained_events=16 mean_loss=2.137080 lr=0.00289144 step=stateful RMSProp step applied
      unit 5/65 rc=109979 chunks=1 trained_queries=41 trained_events=48 mean_loss=2.880562 lr=0.00289035 step=stateful RMSProp step applied
      unit 6/65 rc=378 chunks=2 trained_queries=54875 trained_events=94080 mean_loss=2.761487 lr=0.00288926 step=stateful RMSProp step applied
      unit 7/65 rc=54 chunks=3 trained_queries=146903 trained_events=301856 mean_loss=2.441482 lr=0.00288817 step=stateful RMSProp step applied
      unit 8/65 rc=2061 chunks=1 trained_queries=19351 trained_events=28624 mean_loss=2.660057 lr=0.00288706 step=stateful RMSProp step applied
      unit 9/65 rc=74 chunks=1 trained_queries=35110 trained_events=118240 mean_loss=2.441239 lr=0.00288596 step=stateful RMSProp step applied
      unit 10/65 rc=849363 chunks=1 trained_queries=16 trained_events=432 mean_loss=2.302100 lr=0.00288485 step=stateful RMSProp step applied
      unit 11/65 rc=16 chunks=2 trained_queries=74861 trained_events=154864 mean_loss=2.778093 lr=0.00288373 step=stateful RMSProp step applied
      unit 12/65 rc=547 chunks=1 trained_queries=30300 trained_events=55216 mean_loss=2.373447 lr=0.00288261 step=stateful RMSProp step applied
      unit 13/65 rc=213 chunks=1 trained_queries=15923 trained_events=37200 mean_loss=2.536388 lr=0.00288148 step=stateful RMSProp step applied
      unit 14/65 rc=78 chunks=2 trained_queries=55670 trained_events=115472 mean_loss=2.451596 lr=0.00288035 step=stateful RMSProp step applied
      unit 15/65 rc=18 chunks=1 trained_queries=19324 trained_events=41184 mean_loss=2.514294 lr=0.00287921 step=stateful RMSProp step applied
      unit 16/65 rc=7 chunks=1 trained_queries=22956 trained_events=58432 mean_loss=2.454475 lr=0.00287807 step=stateful RMSProp step applied
      unit 17/65 rc=6212 chunks=1 trained_queries=12887 trained_events=31552 mean_loss=2.518874 lr=0.00287692 step=stateful RMSProp step applied
      unit 18/65 rc=3055 chunks=1 trained_queries=37224 trained_events=92032 mean_loss=2.384888 lr=0.00287577 step=stateful RMSProp step applied
      unit 19/65 rc=1 chunks=1 trained_queries=11903 trained_events=27856 mean_loss=2.476173 lr=0.00287461 step=stateful RMSProp step applied
      unit 20/65 rc=14727 chunks=1 trained_queries=13922 trained_events=37200 mean_loss=2.444710 lr=0.00287345 step=stateful RMSProp step applied
      unit 21/65 rc=2977 chunks=1 trained_queries=20966 trained_events=46224 mean_loss=2.396133 lr=0.00287228 step=stateful RMSProp step applied
      unit 22/65 rc=497 chunks=2 trained_queries=80510 trained_events=178352 mean_loss=2.393971 lr=0.0028711 step=stateful RMSProp step applied
      unit 23/65 rc=14349 chunks=1 trained_queries=2379 trained_events=5104 mean_loss=2.624343 lr=0.00286992 step=stateful RMSProp step applied
      unit 24/65 rc=61678 chunks=1 trained_queries=6700 trained_events=24672 mean_loss=2.251697 lr=0.00286874 step=stateful RMSProp step applied
      unit 25/65 rc=416 chunks=1 trained_queries=26203 trained_events=59152 mean_loss=2.368202 lr=0.00286755 step=stateful RMSProp step applied
      unit 26/65 rc=308 chunks=1 trained_queries=20070 trained_events=43728 mean_loss=2.417428 lr=0.00286636 step=stateful RMSProp step applied
      unit 27/65 rc=522 chunks=1 trained_queries=30344 trained_events=74160 mean_loss=2.283665 lr=0.00286516 step=stateful RMSProp step applied
      unit 28/65 rc=611 chunks=1 trained_queries=37398 trained_events=78688 mean_loss=2.385846 lr=0.00286395 step=stateful RMSProp step applied
      unit 29/65 rc=7882 chunks=1 trained_queries=9984 trained_events=22352 mean_loss=2.465924 lr=0.00286275 step=stateful RMSProp step applied
      unit 30/65 rc=96207 chunks=1 trained_queries=368 trained_events=3696 mean_loss=2.278124 lr=0.00286153 step=stateful RMSProp step applied
      unit 31/65 rc=226 chunks=1 trained_queries=31432 trained_events=72896 mean_loss=2.513744 lr=0.00286031 step=stateful RMSProp step applied
      unit 32/65 rc=85 chunks=1 trained_queries=32416 trained_events=67744 mean_loss=2.440849 lr=0.00285909 step=stateful RMSProp step applied
      unit 33/65 rc=2669 chunks=2 trained_queries=52575 trained_events=104160 mean_loss=2.323870 lr=0.00285786 step=stateful RMSProp step applied
      unit 34/65 rc=3061 chunks=1 trained_queries=18981 trained_events=51680 mean_loss=2.251620 lr=0.00285662 step=stateful RMSProp step applied
      unit 35/65 rc=1714 chunks=1 trained_queries=5199 trained_events=12224 mean_loss=2.272475 lr=0.00285538 step=stateful RMSProp step applied
      unit 36/65 rc=367 chunks=1 trained_queries=25529 trained_events=53568 mean_loss=2.231937 lr=0.00285414 step=stateful RMSProp step applied
      unit 37/65 rc=435397 chunks=1 trained_queries=944 trained_events=1792 mean_loss=2.027263 lr=0.00285289 step=stateful RMSProp step applied
      unit 38/65 rc=141 chunks=1 trained_queries=13111 trained_events=27072 mean_loss=2.390895 lr=0.00285163 step=stateful RMSProp step applied
      unit 39/65 rc=253455 chunks=1 trained_queries=1172 trained_events=2576 mean_loss=2.044903 lr=0.00285037 step=stateful RMSProp step applied
      unit 40/65 rc=41 chunks=10 trained_queries=476269 trained_events=843007 mean_loss=2.474768 lr=0.00284911 step=stateful RMSProp step applied
      unit 41/65 rc=560 chunks=2 trained_queries=98499 trained_events=172032 mean_loss=2.437721 lr=0.00284784 step=stateful RMSProp step applied
      unit 42/65 rc=36 chunks=3 trained_queries=136045 trained_events=238518 mean_loss=2.465665 lr=0.00284656 step=stateful RMSProp step applied
      unit 43/65 rc=39 chunks=6 trained_queries=267502 trained_events=477704 mean_loss=2.421693 lr=0.00284528 step=stateful RMSProp step applied
      unit 44/65 rc=14 chunks=16 trained_queries=787429 trained_events=1441439 mean_loss=2.431609 lr=0.002844 step=stateful RMSProp step applied
      unit 45/65 rc=21 chunks=3 trained_queries=135019 trained_events=240624 mean_loss=2.416661 lr=0.00284271 step=stateful RMSProp step applied
      unit 46/65 rc=541 chunks=3 trained_queries=120415 trained_events=203264 mean_loss=2.472629 lr=0.00284141 step=stateful RMSProp step applied
      unit 47/65 rc=51 chunks=9 trained_queries=409633 trained_events=780453 mean_loss=2.391032 lr=0.00284011 step=stateful RMSProp step applied
      unit 48/65 rc=2 chunks=8 trained_queries=388601 trained_events=691328 mean_loss=2.429722 lr=0.00283881 step=stateful RMSProp step applied
      unit 49/65 rc=1057 chunks=1 trained_queries=5910 trained_events=9744 mean_loss=2.420265 lr=0.0028375 step=stateful RMSProp step applied
      unit 50/65 rc=73 chunks=2 trained_queries=63481 trained_events=107824 mean_loss=2.393883 lr=0.00283618 step=stateful RMSProp step applied
      unit 51/65 rc=79 chunks=6 trained_queries=295710 trained_events=510176 mean_loss=2.423081 lr=0.00283486 step=stateful RMSProp step applied
      unit 52/65 rc=63 chunks=4 trained_queries=190096 trained_events=338304 mean_loss=2.403869 lr=0.00283353 step=stateful RMSProp step applied
      unit 53/65 rc=15 chunks=9 trained_queries=413445 trained_events=737803 mean_loss=2.395280 lr=0.0028322 step=stateful RMSProp step applied
      unit 54/65 rc=22 chunks=12 trained_queries=553466 trained_events=1002752 mean_loss=2.408717 lr=0.00283087 step=stateful RMSProp step applied
      unit 55/65 rc=32 chunks=2 trained_queries=96605 trained_events=164880 mean_loss=2.440902 lr=0.00282953 step=stateful RMSProp step applied
      unit 56/65 rc=8258 chunks=1 trained_queries=5343 trained_events=9456 mean_loss=2.353444 lr=0.00282818 step=stateful RMSProp step applied
      unit 57/65 rc=3 chunks=9 trained_queries=426507 trained_events=745744 mean_loss=2.472322 lr=0.00282683 step=stateful RMSProp step applied
      unit 58/65 rc=4 chunks=9 trained_queries=420567 trained_events=755483 mean_loss=2.417578 lr=0.00282548 step=stateful RMSProp step applied
      unit 59/65 rc=5 chunks=11 trained_queries=535061 trained_events=1019376 mean_loss=2.364994 lr=0.00282412 step=stateful RMSProp step applied
      unit 60/65 rc=48 chunks=5 trained_queries=235018 trained_events=405879 mean_loss=2.399309 lr=0.00282275 step=stateful RMSProp step applied
      unit 61/65 rc=164 chunks=2 trained_queries=68054 trained_events=119056 mean_loss=2.264505 lr=0.00282138 step=stateful RMSProp step applied
      unit 62/65 rc=28 chunks=3 trained_queries=147152 trained_events=266576 mean_loss=2.335838 lr=0.00282001 step=stateful RMSProp step applied
      unit 63/65 rc=9576 chunks=1 trained_queries=5204 trained_events=8048 mean_loss=2.394129 lr=0.00281863 step=stateful RMSProp step applied
      unit 64/65 rc=44 chunks=4 trained_queries=165699 trained_events=311920 mean_loss=2.347519 lr=0.00281724 step=stateful RMSProp step applied
      unit 65/65 rc=13 chunks=1 trained_queries=3594 trained_events=5440 mean_loss=2.290514 lr=0.00281585 step=stateful RMSProp step applied
    stage-epoch 4 summary trained_queries=8880137 trained_events=16953848 mean_loss=2.434740
    stage-epoch 5/25
      unit 1/65 rc=17 chunks=5 trained_queries=235411 trained_events=602672 mean_loss=2.470078 lr=0.00281446 step=stateful RMSProp step applied
      unit 2/65 rc=6 chunks=25 trained_queries=1209059 trained_events=2588010 mean_loss=2.415671 lr=0.00281306 step=stateful RMSProp step applied
      unit 3/65 rc=588 chunks=1 trained_queries=17780 trained_events=32192 mean_loss=2.321738 lr=0.00281166 step=stateful RMSProp step applied
      unit 4/65 rc=987290 chunks=1 trained_queries=16 trained_events=16 mean_loss=1.945855 lr=0.00281025 step=stateful RMSProp step applied
      unit 5/65 rc=109979 chunks=1 trained_queries=41 trained_events=48 mean_loss=2.680453 lr=0.00280883 step=stateful RMSProp step applied
      unit 6/65 rc=378 chunks=2 trained_queries=54875 trained_events=94080 mean_loss=2.776197 lr=0.00280741 step=stateful RMSProp step applied
      unit 7/65 rc=54 chunks=3 trained_queries=146903 trained_events=301856 mean_loss=2.429367 lr=0.00280599 step=stateful RMSProp step applied
      unit 8/65 rc=2061 chunks=1 trained_queries=19351 trained_events=28624 mean_loss=2.627944 lr=0.00280456 step=stateful RMSProp step applied
      unit 9/65 rc=74 chunks=1 trained_queries=35110 trained_events=118240 mean_loss=2.363451 lr=0.00280313 step=stateful RMSProp step applied
      unit 10/65 rc=849363 chunks=1 trained_queries=16 trained_events=432 mean_loss=1.616243 lr=0.00280169 step=stateful RMSProp step applied
      unit 11/65 rc=16 chunks=2 trained_queries=74861 trained_events=154864 mean_loss=2.587872 lr=0.00280024 step=stateful RMSProp step applied
      unit 12/65 rc=547 chunks=1 trained_queries=30300 trained_events=55216 mean_loss=2.242322 lr=0.0027988 step=stateful RMSProp step applied
      unit 13/65 rc=213 chunks=1 trained_queries=15923 trained_events=37200 mean_loss=2.440872 lr=0.00279734 step=stateful RMSProp step applied
      unit 14/65 rc=78 chunks=2 trained_queries=55670 trained_events=115472 mean_loss=2.392427 lr=0.00279589 step=stateful RMSProp step applied
      unit 15/65 rc=18 chunks=1 trained_queries=19324 trained_events=41184 mean_loss=2.443107 lr=0.00279442 step=stateful RMSProp step applied
      unit 16/65 rc=7 chunks=1 trained_queries=22956 trained_events=58432 mean_loss=2.388828 lr=0.00279295 step=stateful RMSProp step applied
      unit 17/65 rc=6212 chunks=1 trained_queries=12887 trained_events=31552 mean_loss=2.409752 lr=0.00279148 step=stateful RMSProp step applied
      unit 18/65 rc=3055 chunks=1 trained_queries=37224 trained_events=92032 mean_loss=2.269849 lr=0.00279 step=stateful RMSProp step applied
      unit 19/65 rc=1 chunks=1 trained_queries=11903 trained_events=27856 mean_loss=2.373178 lr=0.00278852 step=stateful RMSProp step applied
      unit 20/65 rc=14727 chunks=1 trained_queries=13922 trained_events=37200 mean_loss=2.366674 lr=0.00278704 step=stateful RMSProp step applied
      unit 21/65 rc=2977 chunks=1 trained_queries=20966 trained_events=46224 mean_loss=2.306937 lr=0.00278554 step=stateful RMSProp step applied
      unit 22/65 rc=497 chunks=2 trained_queries=80510 trained_events=178352 mean_loss=2.286930 lr=0.00278405 step=stateful RMSProp step applied
      unit 23/65 rc=14349 chunks=1 trained_queries=2379 trained_events=5104 mean_loss=2.525521 lr=0.00278255 step=stateful RMSProp step applied
      unit 24/65 rc=61678 chunks=1 trained_queries=6700 trained_events=24672 mean_loss=2.096246 lr=0.00278104 step=stateful RMSProp step applied
      unit 25/65 rc=416 chunks=1 trained_queries=26203 trained_events=59152 mean_loss=2.308992 lr=0.00277953 step=stateful RMSProp step applied
      unit 26/65 rc=308 chunks=1 trained_queries=20070 trained_events=43728 mean_loss=2.366661 lr=0.00277801 step=stateful RMSProp step applied
      unit 27/65 rc=522 chunks=1 trained_queries=30344 trained_events=74160 mean_loss=2.204554 lr=0.00277649 step=stateful RMSProp step applied
      unit 28/65 rc=611 chunks=1 trained_queries=37398 trained_events=78688 mean_loss=2.309109 lr=0.00277497 step=stateful RMSProp step applied
      unit 29/65 rc=7882 chunks=1 trained_queries=9984 trained_events=22352 mean_loss=2.404155 lr=0.00277344 step=stateful RMSProp step applied
      unit 30/65 rc=96207 chunks=1 trained_queries=368 trained_events=3696 mean_loss=2.040556 lr=0.0027719 step=stateful RMSProp step applied
      unit 31/65 rc=226 chunks=1 trained_queries=31432 trained_events=72896 mean_loss=2.383260 lr=0.00277036 step=stateful RMSProp step applied
      unit 32/65 rc=85 chunks=1 trained_queries=32416 trained_events=67744 mean_loss=2.376973 lr=0.00276882 step=stateful RMSProp step applied
      unit 33/65 rc=2669 chunks=2 trained_queries=52575 trained_events=104160 mean_loss=2.283342 lr=0.00276727 step=stateful RMSProp step applied
      unit 34/65 rc=3061 chunks=1 trained_queries=18981 trained_events=51680 mean_loss=2.219559 lr=0.00276571 step=stateful RMSProp step applied
      unit 35/65 rc=1714 chunks=1 trained_queries=5199 trained_events=12224 mean_loss=2.240194 lr=0.00276416 step=stateful RMSProp step applied
      unit 36/65 rc=367 chunks=1 trained_queries=25529 trained_events=53568 mean_loss=2.198397 lr=0.00276259 step=stateful RMSProp step applied
      unit 37/65 rc=435397 chunks=1 trained_queries=944 trained_events=1792 mean_loss=1.973976 lr=0.00276102 step=stateful RMSProp step applied
      unit 38/65 rc=141 chunks=1 trained_queries=13111 trained_events=27072 mean_loss=2.290097 lr=0.00275945 step=stateful RMSProp step applied
      unit 39/65 rc=253455 chunks=1 trained_queries=1172 trained_events=2576 mean_loss=1.987960 lr=0.00275787 step=stateful RMSProp step applied
      unit 40/65 rc=41 chunks=10 trained_queries=476269 trained_events=843007 mean_loss=2.434985 lr=0.00275629 step=stateful RMSProp step applied
      unit 41/65 rc=560 chunks=2 trained_queries=98499 trained_events=172032 mean_loss=2.402246 lr=0.00275471 step=stateful RMSProp step applied
      unit 42/65 rc=36 chunks=3 trained_queries=136045 trained_events=238518 mean_loss=2.433099 lr=0.00275311 step=stateful RMSProp step applied
      unit 43/65 rc=39 chunks=6 trained_queries=267502 trained_events=477704 mean_loss=2.384391 lr=0.00275152 step=stateful RMSProp step applied
      unit 44/65 rc=14 chunks=16 trained_queries=787429 trained_events=1441439 mean_loss=2.394526 lr=0.00274992 step=stateful RMSProp step applied
      unit 45/65 rc=21 chunks=3 trained_queries=135019 trained_events=240624 mean_loss=2.375319 lr=0.00274831 step=stateful RMSProp step applied
      unit 46/65 rc=541 chunks=3 trained_queries=120415 trained_events=203264 mean_loss=2.426011 lr=0.0027467 step=stateful RMSProp step applied
      unit 47/65 rc=51 chunks=9 trained_queries=409633 trained_events=780453 mean_loss=2.365068 lr=0.00274509 step=stateful RMSProp step applied
      unit 48/65 rc=2 chunks=8 trained_queries=388601 trained_events=691328 mean_loss=2.408519 lr=0.00274347 step=stateful RMSProp step applied
      unit 49/65 rc=1057 chunks=1 trained_queries=5910 trained_events=9744 mean_loss=2.406434 lr=0.00274184 step=stateful RMSProp step applied
      unit 50/65 rc=73 chunks=2 trained_queries=63481 trained_events=107824 mean_loss=2.355780 lr=0.00274021 step=stateful RMSProp step applied
      unit 51/65 rc=79 chunks=6 trained_queries=295710 trained_events=510176 mean_loss=2.372668 lr=0.00273858 step=stateful RMSProp step applied
      unit 52/65 rc=63 chunks=4 trained_queries=190096 trained_events=338304 mean_loss=2.359434 lr=0.00273694 step=stateful RMSProp step applied
      unit 53/65 rc=15 chunks=9 trained_queries=413445 trained_events=737803 mean_loss=2.357866 lr=0.0027353 step=stateful RMSProp step applied
      unit 54/65 rc=22 chunks=12 trained_queries=553466 trained_events=1002752 mean_loss=2.379552 lr=0.00273365 step=stateful RMSProp step applied
      unit 55/65 rc=32 chunks=2 trained_queries=96605 trained_events=164880 mean_loss=2.405212 lr=0.002732 step=stateful RMSProp step applied
      unit 56/65 rc=8258 chunks=1 trained_queries=5343 trained_events=9456 mean_loss=2.312218 lr=0.00273034 step=stateful RMSProp step applied
      unit 57/65 rc=3 chunks=9 trained_queries=426507 trained_events=745744 mean_loss=2.423356 lr=0.00272868 step=stateful RMSProp step applied
      unit 58/65 rc=4 chunks=9 trained_queries=420567 trained_events=755483 mean_loss=2.373935 lr=0.00272702 step=stateful RMSProp step applied
      unit 59/65 rc=5 chunks=11 trained_queries=535061 trained_events=1019376 mean_loss=2.326391 lr=0.00272535 step=stateful RMSProp step applied
      unit 60/65 rc=48 chunks=5 trained_queries=235018 trained_events=405879 mean_loss=2.363161 lr=0.00272367 step=stateful RMSProp step applied
      unit 61/65 rc=164 chunks=2 trained_queries=68054 trained_events=119056 mean_loss=2.228337 lr=0.00272199 step=stateful RMSProp step applied
      unit 62/65 rc=28 chunks=3 trained_queries=147152 trained_events=266576 mean_loss=2.301519 lr=0.00272031 step=stateful RMSProp step applied
      unit 63/65 rc=9576 chunks=1 trained_queries=5204 trained_events=8048 mean_loss=2.356101 lr=0.00271862 step=stateful RMSProp step applied
      unit 64/65 rc=44 chunks=4 trained_queries=165699 trained_events=311920 mean_loss=2.302638 lr=0.00271693 step=stateful RMSProp step applied
      unit 65/65 rc=13 chunks=1 trained_queries=3594 trained_events=5440 mean_loss=2.246505 lr=0.00271523 step=stateful RMSProp step applied
    stage-epoch 5 summary trained_queries=8880137 trained_events=16953848 mean_loss=2.386906
    stage-epoch 6/25
      unit 1/65 rc=17 chunks=5 trained_queries=235411 trained_events=602672 mean_loss=2.434039 lr=0.00271353 step=stateful RMSProp step applied
      unit 2/65 rc=6 chunks=25 trained_queries=1209059 trained_events=2588010 mean_loss=2.380708 lr=0.00271182 step=stateful RMSProp step applied
      unit 3/65 rc=588 chunks=1 trained_queries=17780 trained_events=32192 mean_loss=2.283932 lr=0.00271011 step=stateful RMSProp step applied
      unit 4/65 rc=987290 chunks=1 trained_queries=16 trained_events=16 mean_loss=1.968616 lr=0.00270839 step=stateful RMSProp step applied
      unit 5/65 rc=109979 chunks=1 trained_queries=41 trained_events=48 mean_loss=2.588269 lr=0.00270667 step=stateful RMSProp step applied
      unit 6/65 rc=378 chunks=2 trained_queries=54875 trained_events=94080 mean_loss=2.655298 lr=0.00270495 step=stateful RMSProp step applied
      unit 7/65 rc=54 chunks=3 trained_queries=146903 trained_events=301856 mean_loss=2.339087 lr=0.00270322 step=stateful RMSProp step applied
      unit 8/65 rc=2061 chunks=1 trained_queries=19351 trained_events=28624 mean_loss=2.547117 lr=0.00270148 step=stateful RMSProp step applied
      unit 9/65 rc=74 chunks=1 trained_queries=35110 trained_events=118240 mean_loss=2.325865 lr=0.00269974 step=stateful RMSProp step applied
      unit 10/65 rc=849363 chunks=1 trained_queries=16 trained_events=432 mean_loss=1.376868 lr=0.002698 step=stateful RMSProp step applied
      unit 11/65 rc=16 chunks=2 trained_queries=74861 trained_events=154864 mean_loss=2.477672 lr=0.00269625 step=stateful RMSProp step applied
      unit 12/65 rc=547 chunks=1 trained_queries=30300 trained_events=55216 mean_loss=2.195270 lr=0.0026945 step=stateful RMSProp step applied
      unit 13/65 rc=213 chunks=1 trained_queries=15923 trained_events=37200 mean_loss=2.360665 lr=0.00269275 step=stateful RMSProp step applied
      unit 14/65 rc=78 chunks=2 trained_queries=55670 trained_events=115472 mean_loss=2.333901 lr=0.00269099 step=stateful RMSProp step applied
      unit 15/65 rc=18 chunks=1 trained_queries=19324 trained_events=41184 mean_loss=2.381792 lr=0.00268922 step=stateful RMSProp step applied
      unit 16/65 rc=7 chunks=1 trained_queries=22956 trained_events=58432 mean_loss=2.345410 lr=0.00268745 step=stateful RMSProp step applied
      unit 17/65 rc=6212 chunks=1 trained_queries=12887 trained_events=31552 mean_loss=2.362931 lr=0.00268568 step=stateful RMSProp step applied
      unit 18/65 rc=3055 chunks=1 trained_queries=37224 trained_events=92032 mean_loss=2.217818 lr=0.0026839 step=stateful RMSProp step applied
      unit 19/65 rc=1 chunks=1 trained_queries=11903 trained_events=27856 mean_loss=2.347706 lr=0.00268212 step=stateful RMSProp step applied
      unit 20/65 rc=14727 chunks=1 trained_queries=13922 trained_events=37200 mean_loss=2.276264 lr=0.00268033 step=stateful RMSProp step applied
      unit 21/65 rc=2977 chunks=1 trained_queries=20966 trained_events=46224 mean_loss=2.277554 lr=0.00267854 step=stateful RMSProp step applied
      unit 22/65 rc=497 chunks=2 trained_queries=80510 trained_events=178352 mean_loss=2.256751 lr=0.00267674 step=stateful RMSProp step applied
      unit 23/65 rc=14349 chunks=1 trained_queries=2379 trained_events=5104 mean_loss=2.399472 lr=0.00267494 step=stateful RMSProp step applied
      unit 24/65 rc=61678 chunks=1 trained_queries=6700 trained_events=24672 mean_loss=1.998886 lr=0.00267313 step=stateful RMSProp step applied
      unit 25/65 rc=416 chunks=1 trained_queries=26203 trained_events=59152 mean_loss=2.261429 lr=0.00267133 step=stateful RMSProp step applied
      unit 26/65 rc=308 chunks=1 trained_queries=20070 trained_events=43728 mean_loss=2.344907 lr=0.00266951 step=stateful RMSProp step applied
      unit 27/65 rc=522 chunks=1 trained_queries=30344 trained_events=74160 mean_loss=2.160046 lr=0.00266769 step=stateful RMSProp step applied
      unit 28/65 rc=611 chunks=1 trained_queries=37398 trained_events=78688 mean_loss=2.274935 lr=0.00266587 step=stateful RMSProp step applied
      unit 29/65 rc=7882 chunks=1 trained_queries=9984 trained_events=22352 mean_loss=2.368062 lr=0.00266404 step=stateful RMSProp step applied
      unit 30/65 rc=96207 chunks=1 trained_queries=368 trained_events=3696 mean_loss=1.940320 lr=0.00266221 step=stateful RMSProp step applied
      unit 31/65 rc=226 chunks=1 trained_queries=31432 trained_events=72896 mean_loss=2.358097 lr=0.00266038 step=stateful RMSProp step applied
      unit 32/65 rc=85 chunks=1 trained_queries=32416 trained_events=67744 mean_loss=2.328671 lr=0.00265854 step=stateful RMSProp step applied
      unit 33/65 rc=2669 chunks=2 trained_queries=52575 trained_events=104160 mean_loss=2.260661 lr=0.00265669 step=stateful RMSProp step applied
      unit 34/65 rc=3061 chunks=1 trained_queries=18981 trained_events=51680 mean_loss=2.144750 lr=0.00265485 step=stateful RMSProp step applied
      unit 35/65 rc=1714 chunks=1 trained_queries=5199 trained_events=12224 mean_loss=2.199021 lr=0.00265299 step=stateful RMSProp step applied
      unit 36/65 rc=367 chunks=1 trained_queries=25529 trained_events=53568 mean_loss=2.161745 lr=0.00265114 step=stateful RMSProp step applied
      unit 37/65 rc=435397 chunks=1 trained_queries=944 trained_events=1792 mean_loss=1.994978 lr=0.00264927 step=stateful RMSProp step applied
      unit 38/65 rc=141 chunks=1 trained_queries=13111 trained_events=27072 mean_loss=2.219322 lr=0.00264741 step=stateful RMSProp step applied
      unit 39/65 rc=253455 chunks=1 trained_queries=1172 trained_events=2576 mean_loss=1.860089 lr=0.00264554 step=stateful RMSProp step applied
      unit 40/65 rc=41 chunks=10 trained_queries=476269 trained_events=843007 mean_loss=2.391500 lr=0.00264366 step=stateful RMSProp step applied
      unit 41/65 rc=560 chunks=2 trained_queries=98499 trained_events=172032 mean_loss=2.370721 lr=0.00264179 step=stateful RMSProp step applied
      unit 42/65 rc=36 chunks=3 trained_queries=136045 trained_events=238518 mean_loss=2.389823 lr=0.0026399 step=stateful RMSProp step applied
      unit 43/65 rc=39 chunks=6 trained_queries=267502 trained_events=477704 mean_loss=2.345748 lr=0.00263802 step=stateful RMSProp step applied
      unit 44/65 rc=14 chunks=16 trained_queries=787429 trained_events=1441439 mean_loss=2.353185 lr=0.00263612 step=stateful RMSProp step applied
      unit 45/65 rc=21 chunks=3 trained_queries=135019 trained_events=240624 mean_loss=2.339140 lr=0.00263423 step=stateful RMSProp step applied
      unit 46/65 rc=541 chunks=3 trained_queries=120415 trained_events=203264 mean_loss=2.391353 lr=0.00263233 step=stateful RMSProp step applied
      unit 47/65 rc=51 chunks=9 trained_queries=409633 trained_events=780453 mean_loss=2.313650 lr=0.00263042 step=stateful RMSProp step applied
      unit 48/65 rc=2 chunks=8 trained_queries=388601 trained_events=691328 mean_loss=2.344098 lr=0.00262852 step=stateful RMSProp step applied
      unit 49/65 rc=1057 chunks=1 trained_queries=5910 trained_events=9744 mean_loss=2.356437 lr=0.0026266 step=stateful RMSProp step applied
      unit 50/65 rc=73 chunks=2 trained_queries=63481 trained_events=107824 mean_loss=2.312867 lr=0.00262469 step=stateful RMSProp step applied
      unit 51/65 rc=79 chunks=6 trained_queries=295710 trained_events=510176 mean_loss=2.345406 lr=0.00262277 step=stateful RMSProp step applied
      unit 52/65 rc=63 chunks=4 trained_queries=190096 trained_events=338304 mean_loss=2.331634 lr=0.00262084 step=stateful RMSProp step applied
      unit 53/65 rc=15 chunks=9 trained_queries=413445 trained_events=737803 mean_loss=2.333899 lr=0.00261891 step=stateful RMSProp step applied
      unit 54/65 rc=22 chunks=12 trained_queries=553466 trained_events=1002752 mean_loss=2.353720 lr=0.00261698 step=stateful RMSProp step applied
      unit 55/65 rc=32 chunks=2 trained_queries=96605 trained_events=164880 mean_loss=2.387117 lr=0.00261504 step=stateful RMSProp step applied
      unit 56/65 rc=8258 chunks=1 trained_queries=5343 trained_events=9456 mean_loss=2.273292 lr=0.0026131 step=stateful RMSProp step applied
      unit 57/65 rc=3 chunks=9 trained_queries=426507 trained_events=745744 mean_loss=2.401540 lr=0.00261115 step=stateful RMSProp step applied
      unit 58/65 rc=4 chunks=9 trained_queries=420567 trained_events=755483 mean_loss=2.345395 lr=0.0026092 step=stateful RMSProp step applied
      unit 59/65 rc=5 chunks=11 trained_queries=535061 trained_events=1019376 mean_loss=2.297623 lr=0.00260725 step=stateful RMSProp step applied
      unit 60/65 rc=48 chunks=5 trained_queries=235018 trained_events=405879 mean_loss=2.328087 lr=0.00260529 step=stateful RMSProp step applied
      unit 61/65 rc=164 chunks=2 trained_queries=68054 trained_events=119056 mean_loss=2.201022 lr=0.00260333 step=stateful RMSProp step applied
      unit 62/65 rc=28 chunks=3 trained_queries=147152 trained_events=266576 mean_loss=2.274887 lr=0.00260136 step=stateful RMSProp step applied
      unit 63/65 rc=9576 chunks=1 trained_queries=5204 trained_events=8048 mean_loss=2.307244 lr=0.00259939 step=stateful RMSProp step applied
      unit 64/65 rc=44 chunks=4 trained_queries=165699 trained_events=311920 mean_loss=2.273947 lr=0.00259742 step=stateful RMSProp step applied
      unit 65/65 rc=13 chunks=1 trained_queries=3594 trained_events=5440 mean_loss=2.207201 lr=0.00259544 step=stateful RMSProp step applied
    stage-epoch 6 summary trained_queries=8880137 trained_events=16953848 mean_loss=2.348686
    stage-epoch 7/25
      unit 1/65 rc=17 chunks=5 trained_queries=235411 trained_events=602672 mean_loss=2.377891 lr=0.00259345 step=stateful RMSProp step applied
      unit 2/65 rc=6 chunks=25 trained_queries=1209059 trained_events=2588010 mean_loss=2.343203 lr=0.00259147 step=stateful RMSProp step applied
      unit 3/65 rc=588 chunks=1 trained_queries=17780 trained_events=32192 mean_loss=2.251255 lr=0.00258947 step=stateful RMSProp step applied
      unit 4/65 rc=987290 chunks=1 trained_queries=16 trained_events=16 mean_loss=1.756950 lr=0.00258748 step=stateful RMSProp step applied
      unit 5/65 rc=109979 chunks=1 trained_queries=41 trained_events=48 mean_loss=2.231998 lr=0.00258548 step=stateful RMSProp step applied
      unit 6/65 rc=378 chunks=2 trained_queries=54875 trained_events=94080 mean_loss=2.573451 lr=0.00258348 step=stateful RMSProp step applied
      unit 7/65 rc=54 chunks=3 trained_queries=146903 trained_events=301856 mean_loss=2.269478 lr=0.00258147 step=stateful RMSProp step applied
      unit 8/65 rc=2061 chunks=1 trained_queries=19351 trained_events=28624 mean_loss=2.479724 lr=0.00257946 step=stateful RMSProp step applied
      unit 9/65 rc=74 chunks=1 trained_queries=35110 trained_events=118240 mean_loss=2.276020 lr=0.00257744 step=stateful RMSProp step applied
      unit 10/65 rc=849363 chunks=1 trained_queries=16 trained_events=432 mean_loss=1.162241 lr=0.00257542 step=stateful RMSProp step applied
      unit 11/65 rc=16 chunks=2 trained_queries=74861 trained_events=154864 mean_loss=2.416876 lr=0.0025734 step=stateful RMSProp step applied
      unit 12/65 rc=547 chunks=1 trained_queries=30300 trained_events=55216 mean_loss=2.160190 lr=0.00257137 step=stateful RMSProp step applied
      unit 13/65 rc=213 chunks=1 trained_queries=15923 trained_events=37200 mean_loss=2.364451 lr=0.00256934 step=stateful RMSProp step applied
      unit 14/65 rc=78 chunks=2 trained_queries=55670 trained_events=115472 mean_loss=2.293005 lr=0.0025673 step=stateful RMSProp step applied
      unit 15/65 rc=18 chunks=1 trained_queries=19324 trained_events=41184 mean_loss=2.305610 lr=0.00256526 step=stateful RMSProp step applied
      unit 16/65 rc=7 chunks=1 trained_queries=22956 trained_events=58432 mean_loss=2.270832 lr=0.00256322 step=stateful RMSProp step applied
      unit 17/65 rc=6212 chunks=1 trained_queries=12887 trained_events=31552 mean_loss=2.271054 lr=0.00256117 step=stateful RMSProp step applied
      unit 18/65 rc=3055 chunks=1 trained_queries=37224 trained_events=92032 mean_loss=2.138249 lr=0.00255912 step=stateful RMSProp step applied
      unit 19/65 rc=1 chunks=1 trained_queries=11903 trained_events=27856 mean_loss=2.277171 lr=0.00255707 step=stateful RMSProp step applied
      unit 20/65 rc=14727 chunks=1 trained_queries=13922 trained_events=37200 mean_loss=2.215814 lr=0.00255501 step=stateful RMSProp step applied
      unit 21/65 rc=2977 chunks=1 trained_queries=20966 trained_events=46224 mean_loss=2.233962 lr=0.00255294 step=stateful RMSProp step applied
      unit 22/65 rc=497 chunks=2 trained_queries=80510 trained_events=178352 mean_loss=2.205298 lr=0.00255088 step=stateful RMSProp step applied
      unit 23/65 rc=14349 chunks=1 trained_queries=2379 trained_events=5104 mean_loss=2.386174 lr=0.0025488 step=stateful RMSProp step applied
      unit 24/65 rc=61678 chunks=1 trained_queries=6700 trained_events=24672 mean_loss=1.946468 lr=0.00254673 step=stateful RMSProp step applied
      unit 25/65 rc=416 chunks=1 trained_queries=26203 trained_events=59152 mean_loss=2.218440 lr=0.00254465 step=stateful RMSProp step applied
      unit 26/65 rc=308 chunks=1 trained_queries=20070 trained_events=43728 mean_loss=2.298038 lr=0.00254257 step=stateful RMSProp step applied
      unit 27/65 rc=522 chunks=1 trained_queries=30344 trained_events=74160 mean_loss=2.117465 lr=0.00254048 step=stateful RMSProp step applied
      unit 28/65 rc=611 chunks=1 trained_queries=37398 trained_events=78688 mean_loss=2.238782 lr=0.00253839 step=stateful RMSProp step applied
      unit 29/65 rc=7882 chunks=1 trained_queries=9984 trained_events=22352 mean_loss=2.321900 lr=0.00253629 step=stateful RMSProp step applied
      unit 30/65 rc=96207 chunks=1 trained_queries=368 trained_events=3696 mean_loss=1.652887 lr=0.0025342 step=stateful RMSProp step applied
      unit 31/65 rc=226 chunks=1 trained_queries=31432 trained_events=72896 mean_loss=2.257121 lr=0.00253209 step=stateful RMSProp step applied
      unit 32/65 rc=85 chunks=1 trained_queries=32416 trained_events=67744 mean_loss=2.268625 lr=0.00252999 step=stateful RMSProp step applied
      unit 33/65 rc=2669 chunks=2 trained_queries=52575 trained_events=104160 mean_loss=2.209028 lr=0.00252788 step=stateful RMSProp step applied
      unit 34/65 rc=3061 chunks=1 trained_queries=18981 trained_events=51680 mean_loss=2.087049 lr=0.00252576 step=stateful RMSProp step applied
      unit 35/65 rc=1714 chunks=1 trained_queries=5199 trained_events=12224 mean_loss=2.158658 lr=0.00252365 step=stateful RMSProp step applied
      unit 36/65 rc=367 chunks=1 trained_queries=25529 trained_events=53568 mean_loss=2.114481 lr=0.00252152 step=stateful RMSProp step applied
      unit 37/65 rc=435397 chunks=1 trained_queries=944 trained_events=1792 mean_loss=1.914913 lr=0.0025194 step=stateful RMSProp step applied
      unit 38/65 rc=141 chunks=1 trained_queries=13111 trained_events=27072 mean_loss=2.167354 lr=0.00251727 step=stateful RMSProp step applied
      unit 39/65 rc=253455 chunks=1 trained_queries=1172 trained_events=2576 mean_loss=1.796348 lr=0.00251514 step=stateful RMSProp step applied
      unit 40/65 rc=41 chunks=10 trained_queries=476269 trained_events=843007 mean_loss=2.358595 lr=0.002513 step=stateful RMSProp step applied
      unit 41/65 rc=560 chunks=2 trained_queries=98499 trained_events=172032 mean_loss=2.332058 lr=0.00251086 step=stateful RMSProp step applied
      unit 42/65 rc=36 chunks=3 trained_queries=136045 trained_events=238518 mean_loss=2.350465 lr=0.00250871 step=stateful RMSProp step applied
      unit 43/65 rc=39 chunks=6 trained_queries=267502 trained_events=477704 mean_loss=2.304010 lr=0.00250657 step=stateful RMSProp step applied
      unit 44/65 rc=14 chunks=16 trained_queries=787429 trained_events=1441439 mean_loss=2.318595 lr=0.00250441 step=stateful RMSProp step applied
      unit 45/65 rc=21 chunks=3 trained_queries=135019 trained_events=240624 mean_loss=2.303729 lr=0.00250226 step=stateful RMSProp step applied
      unit 46/65 rc=541 chunks=3 trained_queries=120415 trained_events=203264 mean_loss=2.349368 lr=0.0025001 step=stateful RMSProp step applied
      unit 47/65 rc=51 chunks=9 trained_queries=409633 trained_events=780453 mean_loss=2.276770 lr=0.00249794 step=stateful RMSProp step applied
      unit 48/65 rc=2 chunks=8 trained_queries=388601 trained_events=691328 mean_loss=2.304474 lr=0.00249577 step=stateful RMSProp step applied
      unit 49/65 rc=1057 chunks=1 trained_queries=5910 trained_events=9744 mean_loss=2.301888 lr=0.0024936 step=stateful RMSProp step applied
      unit 50/65 rc=73 chunks=2 trained_queries=63481 trained_events=107824 mean_loss=2.257257 lr=0.00249142 step=stateful RMSProp step applied
      unit 51/65 rc=79 chunks=6 trained_queries=295710 trained_events=510176 mean_loss=2.308975 lr=0.00248925 step=stateful RMSProp step applied
      unit 52/65 rc=63 chunks=4 trained_queries=190096 trained_events=338304 mean_loss=2.292022 lr=0.00248706 step=stateful RMSProp step applied
      unit 53/65 rc=15 chunks=9 trained_queries=413445 trained_events=737803 mean_loss=2.293793 lr=0.00248488 step=stateful RMSProp step applied
      unit 54/65 rc=22 chunks=12 trained_queries=553466 trained_events=1002752 mean_loss=2.323181 lr=0.00248269 step=stateful RMSProp step applied
      unit 55/65 rc=32 chunks=2 trained_queries=96605 trained_events=164880 mean_loss=2.354338 lr=0.0024805 step=stateful RMSProp step applied
      unit 56/65 rc=8258 chunks=1 trained_queries=5343 trained_events=9456 mean_loss=2.252553 lr=0.0024783 step=stateful RMSProp step applied
      unit 57/65 rc=3 chunks=9 trained_queries=426507 trained_events=745744 mean_loss=2.365980 lr=0.0024761 step=stateful RMSProp step applied
      unit 58/65 rc=4 chunks=9 trained_queries=420567 trained_events=755483 mean_loss=2.315407 lr=0.0024739 step=stateful RMSProp step applied
      unit 59/65 rc=5 chunks=11 trained_queries=535061 trained_events=1019376 mean_loss=2.267909 lr=0.00247169 step=stateful RMSProp step applied
      unit 60/65 rc=48 chunks=5 trained_queries=235018 trained_events=405879 mean_loss=2.306098 lr=0.00246948 step=stateful RMSProp step applied
      unit 61/65 rc=164 chunks=2 trained_queries=68054 trained_events=119056 mean_loss=2.184659 lr=0.00246726 step=stateful RMSProp step applied
      unit 62/65 rc=28 chunks=3 trained_queries=147152 trained_events=266576 mean_loss=2.268285 lr=0.00246505 step=stateful RMSProp step applied
      unit 63/65 rc=9576 chunks=1 trained_queries=5204 trained_events=8048 mean_loss=2.298758 lr=0.00246282 step=stateful RMSProp step applied
      unit 64/65 rc=44 chunks=4 trained_queries=165699 trained_events=311920 mean_loss=2.254197 lr=0.0024606 step=stateful RMSProp step applied
      unit 65/65 rc=13 chunks=1 trained_queries=3594 trained_events=5440 mean_loss=2.185671 lr=0.00245837 step=stateful RMSProp step applied
    stage-epoch 7 summary trained_queries=8880137 trained_events=16953848 mean_loss=2.310593
    stage-epoch 8/25
      unit 1/65 rc=17 chunks=5 trained_queries=235411 trained_events=602672 mean_loss=2.337348 lr=0.00245614 step=stateful RMSProp step applied
      unit 2/65 rc=6 chunks=25 trained_queries=1209059 trained_events=2588010 mean_loss=2.309625 lr=0.0024539 step=stateful RMSProp step applied
      unit 3/65 rc=588 chunks=1 trained_queries=17780 trained_events=32192 mean_loss=2.209103 lr=0.00245166 step=stateful RMSProp step applied
      unit 4/65 rc=987290 chunks=1 trained_queries=16 trained_events=16 mean_loss=1.664606 lr=0.00244942 step=stateful RMSProp step applied
      unit 5/65 rc=109979 chunks=1 trained_queries=41 trained_events=48 mean_loss=2.116232 lr=0.00244717 step=stateful RMSProp step applied
      unit 6/65 rc=378 chunks=2 trained_queries=54875 trained_events=94080 mean_loss=2.592406 lr=0.00244492 step=stateful RMSProp step applied
      unit 7/65 rc=54 chunks=3 trained_queries=146903 trained_events=301856 mean_loss=2.297290 lr=0.00244267 step=stateful RMSProp step applied
      unit 8/65 rc=2061 chunks=1 trained_queries=19351 trained_events=28624 mean_loss=2.481274 lr=0.00244041 step=stateful RMSProp step applied
      unit 9/65 rc=74 chunks=1 trained_queries=35110 trained_events=118240 mean_loss=2.246063 lr=0.00243815 step=stateful RMSProp step applied
      unit 10/65 rc=849363 chunks=1 trained_queries=16 trained_events=432 mean_loss=1.011041 lr=0.00243588 step=stateful RMSProp step applied
      unit 11/65 rc=16 chunks=2 trained_queries=74861 trained_events=154864 mean_loss=2.316735 lr=0.00243361 step=stateful RMSProp step applied
      unit 12/65 rc=547 chunks=1 trained_queries=30300 trained_events=55216 mean_loss=2.132278 lr=0.00243134 step=stateful RMSProp step applied
      unit 13/65 rc=213 chunks=1 trained_queries=15923 trained_events=37200 mean_loss=2.275224 lr=0.00242907 step=stateful RMSProp step applied
      unit 14/65 rc=78 chunks=2 trained_queries=55670 trained_events=115472 mean_loss=2.254168 lr=0.00242679 step=stateful RMSProp step applied
      unit 15/65 rc=18 chunks=1 trained_queries=19324 trained_events=41184 mean_loss=2.286122 lr=0.00242451 step=stateful RMSProp step applied
      unit 16/65 rc=7 chunks=1 trained_queries=22956 trained_events=58432 mean_loss=2.212703 lr=0.00242222 step=stateful RMSProp step applied
      unit 17/65 rc=6212 chunks=1 trained_queries=12887 trained_events=31552 mean_loss=2.215839 lr=0.00241993 step=stateful RMSProp step applied
      unit 18/65 rc=3055 chunks=1 trained_queries=37224 trained_events=92032 mean_loss=2.088501 lr=0.00241764 step=stateful RMSProp step applied
      unit 19/65 rc=1 chunks=1 trained_queries=11903 trained_events=27856 mean_loss=2.258158 lr=0.00241535 step=stateful RMSProp step applied
      unit 20/65 rc=14727 chunks=1 trained_queries=13922 trained_events=37200 mean_loss=2.142064 lr=0.00241305 step=stateful RMSProp step applied
      unit 21/65 rc=2977 chunks=1 trained_queries=20966 trained_events=46224 mean_loss=2.203040 lr=0.00241074 step=stateful RMSProp step applied
      unit 22/65 rc=497 chunks=2 trained_queries=80510 trained_events=178352 mean_loss=2.162715 lr=0.00240844 step=stateful RMSProp step applied
      unit 23/65 rc=14349 chunks=1 trained_queries=2379 trained_events=5104 mean_loss=2.366429 lr=0.00240613 step=stateful RMSProp step applied
      unit 24/65 rc=61678 chunks=1 trained_queries=6700 trained_events=24672 mean_loss=1.821258 lr=0.00240382 step=stateful RMSProp step applied
      unit 25/65 rc=416 chunks=1 trained_queries=26203 trained_events=59152 mean_loss=2.184492 lr=0.0024015 step=stateful RMSProp step applied
      unit 26/65 rc=308 chunks=1 trained_queries=20070 trained_events=43728 mean_loss=2.258487 lr=0.00239918 step=stateful RMSProp step applied
      unit 27/65 rc=522 chunks=1 trained_queries=30344 trained_events=74160 mean_loss=2.054492 lr=0.00239686 step=stateful RMSProp step applied
      unit 28/65 rc=611 chunks=1 trained_queries=37398 trained_events=78688 mean_loss=2.196511 lr=0.00239453 step=stateful RMSProp step applied
      unit 29/65 rc=7882 chunks=1 trained_queries=9984 trained_events=22352 mean_loss=2.316046 lr=0.0023922 step=stateful RMSProp step applied
      unit 30/65 rc=96207 chunks=1 trained_queries=368 trained_events=3696 mean_loss=1.592686 lr=0.00238987 step=stateful RMSProp step applied
      unit 31/65 rc=226 chunks=1 trained_queries=31432 trained_events=72896 mean_loss=2.278151 lr=0.00238753 step=stateful RMSProp step applied
      unit 32/65 rc=85 chunks=1 trained_queries=32416 trained_events=67744 mean_loss=2.252925 lr=0.00238519 step=stateful RMSProp step applied
      unit 33/65 rc=2669 chunks=2 trained_queries=52575 trained_events=104160 mean_loss=2.216754 lr=0.00238285 step=stateful RMSProp step applied
      unit 34/65 rc=3061 chunks=1 trained_queries=18981 trained_events=51680 mean_loss=2.048238 lr=0.0023805 step=stateful RMSProp step applied
      unit 35/65 rc=1714 chunks=1 trained_queries=5199 trained_events=12224 mean_loss=2.062855 lr=0.00237815 step=stateful RMSProp step applied
      unit 36/65 rc=367 chunks=1 trained_queries=25529 trained_events=53568 mean_loss=2.098879 lr=0.0023758 step=stateful RMSProp step applied
      unit 37/65 rc=435397 chunks=1 trained_queries=944 trained_events=1792 mean_loss=1.920311 lr=0.00237345 step=stateful RMSProp step applied
      unit 38/65 rc=141 chunks=1 trained_queries=13111 trained_events=27072 mean_loss=2.150998 lr=0.00237109 step=stateful RMSProp step applied
      unit 39/65 rc=253455 chunks=1 trained_queries=1172 trained_events=2576 mean_loss=1.767916 lr=0.00236872 step=stateful RMSProp step applied
      unit 40/65 rc=41 chunks=10 trained_queries=476269 trained_events=843007 mean_loss=2.372526 lr=0.00236636 step=stateful RMSProp step applied
      unit 41/65 rc=560 chunks=2 trained_queries=98499 trained_events=172032 mean_loss=2.347086 lr=0.00236399 step=stateful RMSProp step applied
      unit 42/65 rc=36 chunks=3 trained_queries=136045 trained_events=238518 mean_loss=2.357197 lr=0.00236162 step=stateful RMSProp step applied
      unit 43/65 rc=39 chunks=6 trained_queries=267502 trained_events=477704 mean_loss=2.311528 lr=0.00235924 step=stateful RMSProp step applied
      unit 44/65 rc=14 chunks=16 trained_queries=787429 trained_events=1441439 mean_loss=2.333608 lr=0.00235686 step=stateful RMSProp step applied
      unit 45/65 rc=21 chunks=3 trained_queries=135019 trained_events=240624 mean_loss=2.306616 lr=0.00235448 step=stateful RMSProp step applied
      unit 46/65 rc=541 chunks=3 trained_queries=120415 trained_events=203264 mean_loss=2.359232 lr=0.0023521 step=stateful RMSProp step applied
      unit 47/65 rc=51 chunks=9 trained_queries=409633 trained_events=780453 mean_loss=2.295780 lr=0.00234971 step=stateful RMSProp step applied
      unit 48/65 rc=2 chunks=8 trained_queries=388601 trained_events=691328 mean_loss=2.327820 lr=0.00234732 step=stateful RMSProp step applied
      unit 49/65 rc=1057 chunks=1 trained_queries=5910 trained_events=9744 mean_loss=2.313878 lr=0.00234492 step=stateful RMSProp step applied
      unit 50/65 rc=73 chunks=2 trained_queries=63481 trained_events=107824 mean_loss=2.270485 lr=0.00234253 step=stateful RMSProp step applied
      unit 51/65 rc=79 chunks=6 trained_queries=295710 trained_events=510176 mean_loss=2.301355 lr=0.00234012 step=stateful RMSProp step applied
      unit 52/65 rc=63 chunks=4 trained_queries=190096 trained_events=338304 mean_loss=2.289645 lr=0.00233772 step=stateful RMSProp step applied
      unit 53/65 rc=15 chunks=9 trained_queries=413445 trained_events=737803 mean_loss=2.289567 lr=0.00233531 step=stateful RMSProp step applied
      unit 54/65 rc=22 chunks=12 trained_queries=553466 trained_events=1002752 mean_loss=2.307938 lr=0.0023329 step=stateful RMSProp step applied
      unit 55/65 rc=32 chunks=2 trained_queries=96605 trained_events=164880 mean_loss=2.330591 lr=0.00233049 step=stateful RMSProp step applied
      unit 56/65 rc=8258 chunks=1 trained_queries=5343 trained_events=9456 mean_loss=2.217595 lr=0.00232807 step=stateful RMSProp step applied
      unit 57/65 rc=3 chunks=9 trained_queries=426507 trained_events=745744 mean_loss=2.347266 lr=0.00232565 step=stateful RMSProp step applied
      unit 58/65 rc=4 chunks=9 trained_queries=420567 trained_events=755483 mean_loss=2.318433 lr=0.00232323 step=stateful RMSProp step applied
      unit 59/65 rc=5 chunks=11 trained_queries=535061 trained_events=1019376 mean_loss=2.261847 lr=0.00232081 step=stateful RMSProp step applied
      unit 60/65 rc=48 chunks=5 trained_queries=235018 trained_events=405879 mean_loss=2.293333 lr=0.00231838 step=stateful RMSProp step applied
      unit 61/65 rc=164 chunks=2 trained_queries=68054 trained_events=119056 mean_loss=2.166889 lr=0.00231594 step=stateful RMSProp step applied
      unit 62/65 rc=28 chunks=3 trained_queries=147152 trained_events=266576 mean_loss=2.235975 lr=0.00231351 step=stateful RMSProp step applied
      unit 63/65 rc=9576 chunks=1 trained_queries=5204 trained_events=8048 mean_loss=2.267244 lr=0.00231107 step=stateful RMSProp step applied
      unit 64/65 rc=44 chunks=4 trained_queries=165699 trained_events=311920 mean_loss=2.247811 lr=0.00230863 step=stateful RMSProp step applied
      unit 65/65 rc=13 chunks=1 trained_queries=3594 trained_events=5440 mean_loss=2.163403 lr=0.00230619 step=stateful RMSProp step applied
    stage-epoch 8 summary trained_queries=8880137 trained_events=16953848 mean_loss=2.301194
    stage-epoch 9/25
      unit 1/65 rc=17 chunks=5 trained_queries=235411 trained_events=602672 mean_loss=2.290119 lr=0.00230374 step=stateful RMSProp step applied
      unit 2/65 rc=6 chunks=25 trained_queries=1209059 trained_events=2588010 mean_loss=2.306609 lr=0.00230129 step=stateful RMSProp step applied
      unit 3/65 rc=588 chunks=1 trained_queries=17780 trained_events=32192 mean_loss=2.178669 lr=0.00229884 step=stateful RMSProp step applied
      unit 4/65 rc=987290 chunks=1 trained_queries=16 trained_events=16 mean_loss=1.634711 lr=0.00229638 step=stateful RMSProp step applied
      unit 5/65 rc=109979 chunks=1 trained_queries=41 trained_events=48 mean_loss=1.992756 lr=0.00229392 step=stateful RMSProp step applied
      unit 6/65 rc=378 chunks=2 trained_queries=54875 trained_events=94080 mean_loss=2.529784 lr=0.00229146 step=stateful RMSProp step applied
      unit 7/65 rc=54 chunks=3 trained_queries=146903 trained_events=301856 mean_loss=2.236760 lr=0.002289 step=stateful RMSProp step applied
      unit 8/65 rc=2061 chunks=1 trained_queries=19351 trained_events=28624 mean_loss=2.437715 lr=0.00228653 step=stateful RMSProp step applied
      unit 9/65 rc=74 chunks=1 trained_queries=35110 trained_events=118240 mean_loss=2.189222 lr=0.00228406 step=stateful RMSProp step applied
      unit 10/65 rc=849363 chunks=1 trained_queries=16 trained_events=432 mean_loss=0.829163 lr=0.00228158 step=stateful RMSProp step applied
      unit 11/65 rc=16 chunks=2 trained_queries=74861 trained_events=154864 mean_loss=2.286681 lr=0.00227911 step=stateful RMSProp step applied
      unit 12/65 rc=547 chunks=1 trained_queries=30300 trained_events=55216 mean_loss=2.078049 lr=0.00227663 step=stateful RMSProp step applied
      unit 13/65 rc=213 chunks=1 trained_queries=15923 trained_events=37200 mean_loss=2.226471 lr=0.00227414 step=stateful RMSProp step applied
      unit 14/65 rc=78 chunks=2 trained_queries=55670 trained_events=115472 mean_loss=2.223218 lr=0.00227166 step=stateful RMSProp step applied
      unit 15/65 rc=18 chunks=1 trained_queries=19324 trained_events=41184 mean_loss=2.254153 lr=0.00226917 step=stateful RMSProp step applied
      unit 16/65 rc=7 chunks=1 trained_queries=22956 trained_events=58432 mean_loss=2.173533 lr=0.00226668 step=stateful RMSProp step applied
      unit 17/65 rc=6212 chunks=1 trained_queries=12887 trained_events=31552 mean_loss=2.133535 lr=0.00226419 step=stateful RMSProp step applied
      unit 18/65 rc=3055 chunks=1 trained_queries=37224 trained_events=92032 mean_loss=2.075926 lr=0.00226169 step=stateful RMSProp step applied
      unit 19/65 rc=1 chunks=1 trained_queries=11903 trained_events=27856 mean_loss=2.223525 lr=0.00225919 step=stateful RMSProp step applied
      unit 20/65 rc=14727 chunks=1 trained_queries=13922 trained_events=37200 mean_loss=2.106113 lr=0.00225669 step=stateful RMSProp step applied
      unit 21/65 rc=2977 chunks=1 trained_queries=20966 trained_events=46224 mean_loss=2.161901 lr=0.00225418 step=stateful RMSProp step applied
      unit 22/65 rc=497 chunks=2 trained_queries=80510 trained_events=178352 mean_loss=2.131029 lr=0.00225167 step=stateful RMSProp step applied
      unit 23/65 rc=14349 chunks=1 trained_queries=2379 trained_events=5104 mean_loss=2.256645 lr=0.00224916 step=stateful RMSProp step applied
      unit 24/65 rc=61678 chunks=1 trained_queries=6700 trained_events=24672 mean_loss=1.794256 lr=0.00224665 step=stateful RMSProp step applied
      unit 25/65 rc=416 chunks=1 trained_queries=26203 trained_events=59152 mean_loss=2.156358 lr=0.00224413 step=stateful RMSProp step applied
      unit 26/65 rc=308 chunks=1 trained_queries=20070 trained_events=43728 mean_loss=2.216672 lr=0.00224161 step=stateful RMSProp step applied
      unit 27/65 rc=522 chunks=1 trained_queries=30344 trained_events=74160 mean_loss=1.993151 lr=0.00223909 step=stateful RMSProp step applied
      unit 28/65 rc=611 chunks=1 trained_queries=37398 trained_events=78688 mean_loss=2.154903 lr=0.00223657 step=stateful RMSProp step applied
      unit 29/65 rc=7882 chunks=1 trained_queries=9984 trained_events=22352 mean_loss=2.274016 lr=0.00223404 step=stateful RMSProp step applied
      unit 30/65 rc=96207 chunks=1 trained_queries=368 trained_events=3696 mean_loss=1.305257 lr=0.00223151 step=stateful RMSProp step applied
      unit 31/65 rc=226 chunks=1 trained_queries=31432 trained_events=72896 mean_loss=2.168236 lr=0.00222898 step=stateful RMSProp step applied
      unit 32/65 rc=85 chunks=1 trained_queries=32416 trained_events=67744 mean_loss=2.209298 lr=0.00222644 step=stateful RMSProp step applied
      unit 33/65 rc=2669 chunks=2 trained_queries=52575 trained_events=104160 mean_loss=2.166356 lr=0.0022239 step=stateful RMSProp step applied
      unit 34/65 rc=3061 chunks=1 trained_queries=18981 trained_events=51680 mean_loss=1.962203 lr=0.00222136 step=stateful RMSProp step applied
      unit 35/65 rc=1714 chunks=1 trained_queries=5199 trained_events=12224 mean_loss=2.041529 lr=0.00221882 step=stateful RMSProp step applied
      unit 36/65 rc=367 chunks=1 trained_queries=25529 trained_events=53568 mean_loss=2.063637 lr=0.00221627 step=stateful RMSProp step applied
      unit 37/65 rc=435397 chunks=1 trained_queries=944 trained_events=1792 mean_loss=1.823579 lr=0.00221372 step=stateful RMSProp step applied
      unit 38/65 rc=141 chunks=1 trained_queries=13111 trained_events=27072 mean_loss=2.088008 lr=0.00221117 step=stateful RMSProp step applied
      unit 39/65 rc=253455 chunks=1 trained_queries=1172 trained_events=2576 mean_loss=1.694659 lr=0.00220861 step=stateful RMSProp step applied
      unit 40/65 rc=41 chunks=10 trained_queries=476269 trained_events=843007 mean_loss=2.328290 lr=0.00220606 step=stateful RMSProp step applied
      unit 41/65 rc=560 chunks=2 trained_queries=98499 trained_events=172032 mean_loss=2.302311 lr=0.0022035 step=stateful RMSProp step applied
      unit 42/65 rc=36 chunks=3 trained_queries=136045 trained_events=238518 mean_loss=2.309567 lr=0.00220093 step=stateful RMSProp step applied
      unit 43/65 rc=39 chunks=6 trained_queries=267502 trained_events=477704 mean_loss=2.268812 lr=0.00219837 step=stateful RMSProp step applied
      unit 44/65 rc=14 chunks=16 trained_queries=787429 trained_events=1441439 mean_loss=2.295090 lr=0.0021958 step=stateful RMSProp step applied
      unit 45/65 rc=21 chunks=3 trained_queries=135019 trained_events=240624 mean_loss=2.273460 lr=0.00219323 step=stateful RMSProp step applied
      unit 46/65 rc=541 chunks=3 trained_queries=120415 trained_events=203264 mean_loss=2.320831 lr=0.00219066 step=stateful RMSProp step applied
      unit 47/65 rc=51 chunks=9 trained_queries=409633 trained_events=780453 mean_loss=2.248783 lr=0.00218808 step=stateful RMSProp step applied
      unit 48/65 rc=2 chunks=8 trained_queries=388601 trained_events=691328 mean_loss=2.277207 lr=0.0021855 step=stateful RMSProp step applied
      unit 49/65 rc=1057 chunks=1 trained_queries=5910 trained_events=9744 mean_loss=2.255592 lr=0.00218292 step=stateful RMSProp step applied
      unit 50/65 rc=73 chunks=2 trained_queries=63481 trained_events=107824 mean_loss=2.239722 lr=0.00218034 step=stateful RMSProp step applied
      unit 51/65 rc=79 chunks=6 trained_queries=295710 trained_events=510176 mean_loss=2.283800 lr=0.00217775 step=stateful RMSProp step applied
      unit 52/65 rc=63 chunks=4 trained_queries=190096 trained_events=338304 mean_loss=2.264481 lr=0.00217517 step=stateful RMSProp step applied
      unit 53/65 rc=15 chunks=9 trained_queries=413445 trained_events=737803 mean_loss=2.262907 lr=0.00217257 step=stateful RMSProp step applied
      unit 54/65 rc=22 chunks=12 trained_queries=553466 trained_events=1002752 mean_loss=2.285731 lr=0.00216998 step=stateful RMSProp step applied
      unit 55/65 rc=32 chunks=2 trained_queries=96605 trained_events=164880 mean_loss=2.322735 lr=0.00216739 step=stateful RMSProp step applied
      unit 56/65 rc=8258 chunks=1 trained_queries=5343 trained_events=9456 mean_loss=2.184435 lr=0.00216479 step=stateful RMSProp step applied
      unit 57/65 rc=3 chunks=9 trained_queries=426507 trained_events=745744 mean_loss=2.347413 lr=0.00216219 step=stateful RMSProp step applied
      unit 58/65 rc=4 chunks=9 trained_queries=420567 trained_events=755483 mean_loss=2.307420 lr=0.00215958 step=stateful RMSProp step applied
      unit 59/65 rc=5 chunks=11 trained_queries=535061 trained_events=1019376 mean_loss=2.242475 lr=0.00215698 step=stateful RMSProp step applied
      unit 60/65 rc=48 chunks=5 trained_queries=235018 trained_events=405879 mean_loss=2.266913 lr=0.00215437 step=stateful RMSProp step applied
      unit 61/65 rc=164 chunks=2 trained_queries=68054 trained_events=119056 mean_loss=2.152822 lr=0.00215176 step=stateful RMSProp step applied
      unit 62/65 rc=28 chunks=3 trained_queries=147152 trained_events=266576 mean_loss=2.209215 lr=0.00214915 step=stateful RMSProp step applied
      unit 63/65 rc=9576 chunks=1 trained_queries=5204 trained_events=8048 mean_loss=2.236347 lr=0.00214653 step=stateful RMSProp step applied
      unit 64/65 rc=44 chunks=4 trained_queries=165699 trained_events=311920 mean_loss=2.216785 lr=0.00214391 step=stateful RMSProp step applied
      unit 65/65 rc=13 chunks=1 trained_queries=3594 trained_events=5440 mean_loss=2.126588 lr=0.00214129 step=stateful RMSProp step applied
    stage-epoch 9 summary trained_queries=8880137 trained_events=16953848 mean_loss=2.272799
    stage-epoch 10/25
      unit 1/65 rc=17 chunks=5 trained_queries=235411 trained_events=602672 mean_loss=2.241533 lr=0.00213867 step=stateful RMSProp step applied
      unit 2/65 rc=6 chunks=25 trained_queries=1209059 trained_events=2588010 mean_loss=2.265636 lr=0.00213604 step=stateful RMSProp step applied
      unit 3/65 rc=588 chunks=1 trained_queries=17780 trained_events=32192 mean_loss=2.143372 lr=0.00213342 step=stateful RMSProp step applied
      unit 4/65 rc=987290 chunks=1 trained_queries=16 trained_events=16 mean_loss=1.569722 lr=0.00213079 step=stateful RMSProp step applied
      unit 5/65 rc=109979 chunks=1 trained_queries=41 trained_events=48 mean_loss=2.012121 lr=0.00212815 step=stateful RMSProp step applied
      unit 6/65 rc=378 chunks=2 trained_queries=54875 trained_events=94080 mean_loss=2.639783 lr=0.00212552 step=stateful RMSProp step applied
      unit 7/65 rc=54 chunks=3 trained_queries=146903 trained_events=301856 mean_loss=2.273937 lr=0.00212288 step=stateful RMSProp step applied
      unit 8/65 rc=2061 chunks=1 trained_queries=19351 trained_events=28624 mean_loss=2.452739 lr=0.00212024 step=stateful RMSProp step applied
      unit 9/65 rc=74 chunks=1 trained_queries=35110 trained_events=118240 mean_loss=2.175112 lr=0.0021176 step=stateful RMSProp step applied
      unit 10/65 rc=849363 chunks=1 trained_queries=16 trained_events=432 mean_loss=0.601779 lr=0.00211496 step=stateful RMSProp step applied
      unit 11/65 rc=16 chunks=2 trained_queries=74861 trained_events=154864 mean_loss=2.268029 lr=0.00211231 step=stateful RMSProp step applied
      unit 12/65 rc=547 chunks=1 trained_queries=30300 trained_events=55216 mean_loss=2.077347 lr=0.00210966 step=stateful RMSProp step applied
      unit 13/65 rc=213 chunks=1 trained_queries=15923 trained_events=37200 mean_loss=2.183694 lr=0.00210701 step=stateful RMSProp step applied
      unit 14/65 rc=78 chunks=2 trained_queries=55670 trained_events=115472 mean_loss=2.213092 lr=0.00210436 step=stateful RMSProp step applied
      unit 15/65 rc=18 chunks=1 trained_queries=19324 trained_events=41184 mean_loss=2.224730 lr=0.0021017 step=stateful RMSProp step applied
      unit 16/65 rc=7 chunks=1 trained_queries=22956 trained_events=58432 mean_loss=2.123582 lr=0.00209905 step=stateful RMSProp step applied
      unit 17/65 rc=6212 chunks=1 trained_queries=12887 trained_events=31552 mean_loss=2.128514 lr=0.00209639 step=stateful RMSProp step applied
      unit 18/65 rc=3055 chunks=1 trained_queries=37224 trained_events=92032 mean_loss=2.015329 lr=0.00209373 step=stateful RMSProp step applied
      unit 19/65 rc=1 chunks=1 trained_queries=11903 trained_events=27856 mean_loss=2.202351 lr=0.00209106 step=stateful RMSProp step applied
      unit 20/65 rc=14727 chunks=1 trained_queries=13922 trained_events=37200 mean_loss=2.051108 lr=0.00208839 step=stateful RMSProp step applied
      unit 21/65 rc=2977 chunks=1 trained_queries=20966 trained_events=46224 mean_loss=2.132415 lr=0.00208573 step=stateful RMSProp step applied
      unit 22/65 rc=497 chunks=2 trained_queries=80510 trained_events=178352 mean_loss=2.116675 lr=0.00208305 step=stateful RMSProp step applied
      unit 23/65 rc=14349 chunks=1 trained_queries=2379 trained_events=5104 mean_loss=2.228681 lr=0.00208038 step=stateful RMSProp step applied
      unit 24/65 rc=61678 chunks=1 trained_queries=6700 trained_events=24672 mean_loss=1.721616 lr=0.00207771 step=stateful RMSProp step applied
      unit 25/65 rc=416 chunks=1 trained_queries=26203 trained_events=59152 mean_loss=2.106097 lr=0.00207503 step=stateful RMSProp step applied
      unit 26/65 rc=308 chunks=1 trained_queries=20070 trained_events=43728 mean_loss=2.191960 lr=0.00207235 step=stateful RMSProp step applied
      unit 27/65 rc=522 chunks=1 trained_queries=30344 trained_events=74160 mean_loss=1.952736 lr=0.00206967 step=stateful RMSProp step applied
      unit 28/65 rc=611 chunks=1 trained_queries=37398 trained_events=78688 mean_loss=2.131915 lr=0.00206699 step=stateful RMSProp step applied
      unit 29/65 rc=7882 chunks=1 trained_queries=9984 trained_events=22352 mean_loss=2.220582 lr=0.0020643 step=stateful RMSProp step applied
      unit 30/65 rc=96207 chunks=1 trained_queries=368 trained_events=3696 mean_loss=1.163979 lr=0.00206161 step=stateful RMSProp step applied
      unit 31/65 rc=226 chunks=1 trained_queries=31432 trained_events=72896 mean_loss=2.093631 lr=0.00205892 step=stateful RMSProp step applied
      unit 32/65 rc=85 chunks=1 trained_queries=32416 trained_events=67744 mean_loss=2.187409 lr=0.00205623 step=stateful RMSProp step applied
      unit 33/65 rc=2669 chunks=2 trained_queries=52575 trained_events=104160 mean_loss=2.153271 lr=0.00205353 step=stateful RMSProp step applied
      unit 34/65 rc=3061 chunks=1 trained_queries=18981 trained_events=51680 mean_loss=1.917243 lr=0.00205084 step=stateful RMSProp step applied
      unit 35/65 rc=1714 chunks=1 trained_queries=5199 trained_events=12224 mean_loss=1.986725 lr=0.00204814 step=stateful RMSProp step applied
      unit 36/65 rc=367 chunks=1 trained_queries=25529 trained_events=53568 mean_loss=2.037512 lr=0.00204544 step=stateful RMSProp step applied
      unit 37/65 rc=435397 chunks=1 trained_queries=944 trained_events=1792 mean_loss=1.819736 lr=0.00204274 step=stateful RMSProp step applied
      unit 38/65 rc=141 chunks=1 trained_queries=13111 trained_events=27072 mean_loss=2.078154 lr=0.00204003 step=stateful RMSProp step applied
      unit 39/65 rc=253455 chunks=1 trained_queries=1172 trained_events=2576 mean_loss=1.641016 lr=0.00203733 step=stateful RMSProp step applied
      unit 40/65 rc=41 chunks=10 trained_queries=476269 trained_events=843007 mean_loss=2.331512 lr=0.00203462 step=stateful RMSProp step applied
      unit 41/65 rc=560 chunks=2 trained_queries=98499 trained_events=172032 mean_loss=2.297800 lr=0.00203191 step=stateful RMSProp step applied
      unit 42/65 rc=36 chunks=3 trained_queries=136045 trained_events=238518 mean_loss=2.303128 lr=0.00202919 step=stateful RMSProp step applied
      unit 43/65 rc=39 chunks=6 trained_queries=267502 trained_events=477704 mean_loss=2.265619 lr=0.00202648 step=stateful RMSProp step applied
      unit 44/65 rc=14 chunks=16 trained_queries=787429 trained_events=1441439 mean_loss=2.283227 lr=0.00202376 step=stateful RMSProp step applied
      unit 45/65 rc=21 chunks=3 trained_queries=135019 trained_events=240624 mean_loss=2.262262 lr=0.00202105 step=stateful RMSProp step applied
      unit 46/65 rc=541 chunks=3 trained_queries=120415 trained_events=203264 mean_loss=2.294842 lr=0.00201833 step=stateful RMSProp step applied
      unit 47/65 rc=51 chunks=9 trained_queries=409633 trained_events=780453 mean_loss=2.230809 lr=0.0020156 step=stateful RMSProp step applied
      unit 48/65 rc=2 chunks=8 trained_queries=388601 trained_events=691328 mean_loss=2.247717 lr=0.00201288 step=stateful RMSProp step applied
      unit 49/65 rc=1057 chunks=1 trained_queries=5910 trained_events=9744 mean_loss=2.237427 lr=0.00201015 step=stateful RMSProp step applied
      unit 50/65 rc=73 chunks=2 trained_queries=63481 trained_events=107824 mean_loss=2.193092 lr=0.00200742 step=stateful RMSProp step applied
      unit 51/65 rc=79 chunks=6 trained_queries=295710 trained_events=510176 mean_loss=2.256504 lr=0.00200469 step=stateful RMSProp step applied
      unit 52/65 rc=63 chunks=4 trained_queries=190096 trained_events=338304 mean_loss=2.243322 lr=0.00200196 step=stateful RMSProp step applied
      unit 53/65 rc=15 chunks=9 trained_queries=413445 trained_events=737803 mean_loss=2.247129 lr=0.00199923 step=stateful RMSProp step applied
      unit 54/65 rc=22 chunks=12 trained_queries=553466 trained_events=1002752 mean_loss=2.266651 lr=0.00199649 step=stateful RMSProp step applied
      unit 55/65 rc=32 chunks=2 trained_queries=96605 trained_events=164880 mean_loss=2.286527 lr=0.00199376 step=stateful RMSProp step applied
      unit 56/65 rc=8258 chunks=1 trained_queries=5343 trained_events=9456 mean_loss=2.137123 lr=0.00199102 step=stateful RMSProp step applied
      unit 57/65 rc=3 chunks=9 trained_queries=426507 trained_events=745744 mean_loss=2.299258 lr=0.00198828 step=stateful RMSProp step applied
      unit 58/65 rc=4 chunks=9 trained_queries=420567 trained_events=755483 mean_loss=2.273387 lr=0.00198553 step=stateful RMSProp step applied
      unit 59/65 rc=5 chunks=11 trained_queries=535061 trained_events=1019376 mean_loss=2.222676 lr=0.00198279 step=stateful RMSProp step applied
      unit 60/65 rc=48 chunks=5 trained_queries=235018 trained_events=405879 mean_loss=2.259014 lr=0.00198004 step=stateful RMSProp step applied
      unit 61/65 rc=164 chunks=2 trained_queries=68054 trained_events=119056 mean_loss=2.140796 lr=0.00197729 step=stateful RMSProp step applied
      unit 62/65 rc=28 chunks=3 trained_queries=147152 trained_events=266576 mean_loss=2.206764 lr=0.00197454 step=stateful RMSProp step applied
      unit 63/65 rc=9576 chunks=1 trained_queries=5204 trained_events=8048 mean_loss=2.222820 lr=0.00197179 step=stateful RMSProp step applied
      unit 64/65 rc=44 chunks=4 trained_queries=165699 trained_events=311920 mean_loss=2.204035 lr=0.00196904 step=stateful RMSProp step applied
      unit 65/65 rc=13 chunks=1 trained_queries=3594 trained_events=5440 mean_loss=2.105406 lr=0.00196628 step=stateful RMSProp step applied
    stage-epoch 10 summary trained_queries=8880137 trained_events=16953848 mean_loss=2.250425
    stage-epoch 11/25
      unit 1/65 rc=17 chunks=5 trained_queries=235411 trained_events=602672 mean_loss=2.227140 lr=0.00196353 step=stateful RMSProp step applied
      unit 2/65 rc=6 chunks=25 trained_queries=1209059 trained_events=2588010 mean_loss=2.258354 lr=0.00196077 step=stateful RMSProp step applied
      unit 3/65 rc=588 chunks=1 trained_queries=17780 trained_events=32192 mean_loss=2.127790 lr=0.00195801 step=stateful RMSProp step applied
      unit 4/65 rc=987290 chunks=1 trained_queries=16 trained_events=16 mean_loss=1.506462 lr=0.00195524 step=stateful RMSProp step applied
      unit 5/65 rc=109979 chunks=1 trained_queries=41 trained_events=48 mean_loss=1.792830 lr=0.00195248 step=stateful RMSProp step applied
      unit 6/65 rc=378 chunks=2 trained_queries=54875 trained_events=94080 mean_loss=2.427413 lr=0.00194971 step=stateful RMSProp step applied
      unit 7/65 rc=54 chunks=3 trained_queries=146903 trained_events=301856 mean_loss=2.174687 lr=0.00194695 step=stateful RMSProp step applied
      unit 8/65 rc=2061 chunks=1 trained_queries=19351 trained_events=28624 mean_loss=2.377260 lr=0.00194418 step=stateful RMSProp step applied
      unit 9/65 rc=74 chunks=1 trained_queries=35110 trained_events=118240 mean_loss=2.080388 lr=0.00194141 step=stateful RMSProp step applied
      unit 10/65 rc=849363 chunks=1 trained_queries=16 trained_events=432 mean_loss=0.498117 lr=0.00193863 step=stateful RMSProp step applied
      unit 11/65 rc=16 chunks=2 trained_queries=74861 trained_events=154864 mean_loss=2.146498 lr=0.00193586 step=stateful RMSProp step applied
      unit 12/65 rc=547 chunks=1 trained_queries=30300 trained_events=55216 mean_loss=2.015025 lr=0.00193309 step=stateful RMSProp step applied
      unit 13/65 rc=213 chunks=1 trained_queries=15923 trained_events=37200 mean_loss=2.133762 lr=0.00193031 step=stateful RMSProp step applied
      unit 14/65 rc=78 chunks=2 trained_queries=55670 trained_events=115472 mean_loss=2.144257 lr=0.00192753 step=stateful RMSProp step applied
      unit 15/65 rc=18 chunks=1 trained_queries=19324 trained_events=41184 mean_loss=2.183854 lr=0.00192475 step=stateful RMSProp step applied
      unit 16/65 rc=7 chunks=1 trained_queries=22956 trained_events=58432 mean_loss=2.044839 lr=0.00192197 step=stateful RMSProp step applied
      unit 17/65 rc=6212 chunks=1 trained_queries=12887 trained_events=31552 mean_loss=2.041012 lr=0.00191918 step=stateful RMSProp step applied
      unit 18/65 rc=3055 chunks=1 trained_queries=37224 trained_events=92032 mean_loss=1.938505 lr=0.0019164 step=stateful RMSProp step applied
      unit 19/65 rc=1 chunks=1 trained_queries=11903 trained_events=27856 mean_loss=2.167259 lr=0.00191361 step=stateful RMSProp step applied
      unit 20/65 rc=14727 chunks=1 trained_queries=13922 trained_events=37200 mean_loss=1.982767 lr=0.00191082 step=stateful RMSProp step applied
      unit 21/65 rc=2977 chunks=1 trained_queries=20966 trained_events=46224 mean_loss=2.121984 lr=0.00190803 step=stateful RMSProp step applied
      unit 22/65 rc=497 chunks=2 trained_queries=80510 trained_events=178352 mean_loss=2.073272 lr=0.00190524 step=stateful RMSProp step applied
      unit 23/65 rc=14349 chunks=1 trained_queries=2379 trained_events=5104 mean_loss=2.143144 lr=0.00190245 step=stateful RMSProp step applied
      unit 24/65 rc=61678 chunks=1 trained_queries=6700 trained_events=24672 mean_loss=1.658927 lr=0.00189965 step=stateful RMSProp step applied
      unit 25/65 rc=416 chunks=1 trained_queries=26203 trained_events=59152 mean_loss=2.066159 lr=0.00189686 step=stateful RMSProp step applied
      unit 26/65 rc=308 chunks=1 trained_queries=20070 trained_events=43728 mean_loss=2.154138 lr=0.00189406 step=stateful RMSProp step applied
      unit 27/65 rc=522 chunks=1 trained_queries=30344 trained_events=74160 mean_loss=1.903100 lr=0.00189126 step=stateful RMSProp step applied
      unit 28/65 rc=611 chunks=1 trained_queries=37398 trained_events=78688 mean_loss=2.097554 lr=0.00188846 step=stateful RMSProp step applied
      unit 29/65 rc=7882 chunks=1 trained_queries=9984 trained_events=22352 mean_loss=2.192997 lr=0.00188566 step=stateful RMSProp step applied
      unit 30/65 rc=96207 chunks=1 trained_queries=368 trained_events=3696 mean_loss=1.219948 lr=0.00188286 step=stateful RMSProp step applied
      unit 31/65 rc=226 chunks=1 trained_queries=31432 trained_events=72896 mean_loss=2.110806 lr=0.00188005 step=stateful RMSProp step applied
      unit 32/65 rc=85 chunks=1 trained_queries=32416 trained_events=67744 mean_loss=2.171682 lr=0.00187725 step=stateful RMSProp step applied
      unit 33/65 rc=2669 chunks=2 trained_queries=52575 trained_events=104160 mean_loss=2.136455 lr=0.00187444 step=stateful RMSProp step applied
      unit 34/65 rc=3061 chunks=1 trained_queries=18981 trained_events=51680 mean_loss=1.906691 lr=0.00187163 step=stateful RMSProp step applied
      unit 35/65 rc=1714 chunks=1 trained_queries=5199 trained_events=12224 mean_loss=1.966906 lr=0.00186882 step=stateful RMSProp step applied
      unit 36/65 rc=367 chunks=1 trained_queries=25529 trained_events=53568 mean_loss=2.031156 lr=0.00186601 step=stateful RMSProp step applied
      unit 37/65 rc=435397 chunks=1 trained_queries=944 trained_events=1792 mean_loss=1.719467 lr=0.0018632 step=stateful RMSProp step applied
      unit 38/65 rc=141 chunks=1 trained_queries=13111 trained_events=27072 mean_loss=2.032009 lr=0.00186038 step=stateful RMSProp step applied
      unit 39/65 rc=253455 chunks=1 trained_queries=1172 trained_events=2576 mean_loss=1.725117 lr=0.00185757 step=stateful RMSProp step applied
      unit 40/65 rc=41 chunks=10 trained_queries=476269 trained_events=843007 mean_loss=2.299216 lr=0.00185475 step=stateful RMSProp step applied
      unit 41/65 rc=560 chunks=2 trained_queries=98499 trained_events=172032 mean_loss=2.266387 lr=0.00185193 step=stateful RMSProp step applied
      unit 42/65 rc=36 chunks=3 trained_queries=136045 trained_events=238518 mean_loss=2.277051 lr=0.00184911 step=stateful RMSProp step applied
      unit 43/65 rc=39 chunks=6 trained_queries=267502 trained_events=477704 mean_loss=2.235534 lr=0.00184629 step=stateful RMSProp step applied
      unit 44/65 rc=14 chunks=16 trained_queries=787429 trained_events=1441439 mean_loss=2.257154 lr=0.00184347 step=stateful RMSProp step applied
      unit 45/65 rc=21 chunks=3 trained_queries=135019 trained_events=240624 mean_loss=2.240521 lr=0.00184064 step=stateful RMSProp step applied
      unit 46/65 rc=541 chunks=3 trained_queries=120415 trained_events=203264 mean_loss=2.270778 lr=0.00183782 step=stateful RMSProp step applied
      unit 47/65 rc=51 chunks=9 trained_queries=409633 trained_events=780453 mean_loss=2.211041 lr=0.00183499 step=stateful RMSProp step applied
      unit 48/65 rc=2 chunks=8 trained_queries=388601 trained_events=691328 mean_loss=2.233163 lr=0.00183217 step=stateful RMSProp step applied
      unit 49/65 rc=1057 chunks=1 trained_queries=5910 trained_events=9744 mean_loss=2.224002 lr=0.00182934 step=stateful RMSProp step applied
      unit 50/65 rc=73 chunks=2 trained_queries=63481 trained_events=107824 mean_loss=2.173168 lr=0.00182651 step=stateful RMSProp step applied
      unit 51/65 rc=79 chunks=6 trained_queries=295710 trained_events=510176 mean_loss=2.238225 lr=0.00182368 step=stateful RMSProp step applied
      unit 52/65 rc=63 chunks=4 trained_queries=190096 trained_events=338304 mean_loss=2.223409 lr=0.00182084 step=stateful RMSProp step applied
      unit 53/65 rc=15 chunks=9 trained_queries=413445 trained_events=737803 mean_loss=2.233789 lr=0.00181801 step=stateful RMSProp step applied
      unit 54/65 rc=22 chunks=12 trained_queries=553466 trained_events=1002752 mean_loss=2.253007 lr=0.00181518 step=stateful RMSProp step applied
      unit 55/65 rc=32 chunks=2 trained_queries=96605 trained_events=164880 mean_loss=2.264834 lr=0.00181234 step=stateful RMSProp step applied
      unit 56/65 rc=8258 chunks=1 trained_queries=5343 trained_events=9456 mean_loss=2.103338 lr=0.0018095 step=stateful RMSProp step applied
      unit 57/65 rc=3 chunks=9 trained_queries=426507 trained_events=745744 mean_loss=2.278187 lr=0.00180667 step=stateful RMSProp step applied
      unit 58/65 rc=4 chunks=9 trained_queries=420567 trained_events=755483 mean_loss=2.252245 lr=0.00180383 step=stateful RMSProp step applied
      unit 59/65 rc=5 chunks=11 trained_queries=535061 trained_events=1019376 mean_loss=2.206195 lr=0.00180099 step=stateful RMSProp step applied
      unit 60/65 rc=48 chunks=5 trained_queries=235018 trained_events=405879 mean_loss=2.239948 lr=0.00179814 step=stateful RMSProp step applied
      unit 61/65 rc=164 chunks=2 trained_queries=68054 trained_events=119056 mean_loss=2.115759 lr=0.0017953 step=stateful RMSProp step applied
      unit 62/65 rc=28 chunks=3 trained_queries=147152 trained_events=266576 mean_loss=2.170388 lr=0.00179246 step=stateful RMSProp step applied
      unit 63/65 rc=9576 chunks=1 trained_queries=5204 trained_events=8048 mean_loss=2.210897 lr=0.00178961 step=stateful RMSProp step applied
      unit 64/65 rc=44 chunks=4 trained_queries=165699 trained_events=311920 mean_loss=2.185762 lr=0.00178677 step=stateful RMSProp step applied
      unit 65/65 rc=13 chunks=1 trained_queries=3594 trained_events=5440 mean_loss=2.082597 lr=0.00178392 step=stateful RMSProp step applied
    stage-epoch 11 summary trained_queries=8880137 trained_events=16953848 mean_loss=2.225947
    stage-epoch 12/25
      unit 1/65 rc=17 chunks=5 trained_queries=235411 trained_events=602672 mean_loss=2.206358 lr=0.00178107 step=stateful RMSProp step applied
      unit 2/65 rc=6 chunks=25 trained_queries=1209059 trained_events=2588010 mean_loss=2.242195 lr=0.00177822 step=stateful RMSProp step applied
      unit 3/65 rc=588 chunks=1 trained_queries=17780 trained_events=32192 mean_loss=2.106374 lr=0.00177537 step=stateful RMSProp step applied
      unit 4/65 rc=987290 chunks=1 trained_queries=16 trained_events=16 mean_loss=1.361582 lr=0.00177252 step=stateful RMSProp step applied
      unit 5/65 rc=109979 chunks=1 trained_queries=41 trained_events=48 mean_loss=1.633242 lr=0.00176967 step=stateful RMSProp step applied
      unit 6/65 rc=378 chunks=2 trained_queries=54875 trained_events=94080 mean_loss=2.386692 lr=0.00176682 step=stateful RMSProp step applied
      unit 7/65 rc=54 chunks=3 trained_queries=146903 trained_events=301856 mean_loss=2.129996 lr=0.00176396 step=stateful RMSProp step applied
      unit 8/65 rc=2061 chunks=1 trained_queries=19351 trained_events=28624 mean_loss=2.331036 lr=0.00176111 step=stateful RMSProp step applied
      unit 9/65 rc=74 chunks=1 trained_queries=35110 trained_events=118240 mean_loss=2.033187 lr=0.00175825 step=stateful RMSProp step applied
      unit 10/65 rc=849363 chunks=1 trained_queries=16 trained_events=432 mean_loss=0.407660 lr=0.00175539 step=stateful RMSProp step applied
      unit 11/65 rc=16 chunks=2 trained_queries=74861 trained_events=154864 mean_loss=2.080306 lr=0.00175254 step=stateful RMSProp step applied
      unit 12/65 rc=547 chunks=1 trained_queries=30300 trained_events=55216 mean_loss=1.984125 lr=0.00174968 step=stateful RMSProp step applied
      unit 13/65 rc=213 chunks=1 trained_queries=15923 trained_events=37200 mean_loss=2.090627 lr=0.00174682 step=stateful RMSProp step applied
      unit 14/65 rc=78 chunks=2 trained_queries=55670 trained_events=115472 mean_loss=2.122952 lr=0.00174396 step=stateful RMSProp step applied
      unit 15/65 rc=18 chunks=1 trained_queries=19324 trained_events=41184 mean_loss=2.158584 lr=0.00174109 step=stateful RMSProp step applied
      unit 16/65 rc=7 chunks=1 trained_queries=22956 trained_events=58432 mean_loss=2.016786 lr=0.00173823 step=stateful RMSProp step applied
      unit 17/65 rc=6212 chunks=1 trained_queries=12887 trained_events=31552 mean_loss=1.997910 lr=0.00173537 step=stateful RMSProp step applied
      unit 18/65 rc=3055 chunks=1 trained_queries=37224 trained_events=92032 mean_loss=1.909135 lr=0.0017325 step=stateful RMSProp step applied
      unit 19/65 rc=1 chunks=1 trained_queries=11903 trained_events=27856 mean_loss=2.110088 lr=0.00172964 step=stateful RMSProp step applied
      unit 20/65 rc=14727 chunks=1 trained_queries=13922 trained_events=37200 mean_loss=1.935858 lr=0.00172677 step=stateful RMSProp step applied
      unit 21/65 rc=2977 chunks=1 trained_queries=20966 trained_events=46224 mean_loss=2.060804 lr=0.0017239 step=stateful RMSProp step applied
      unit 22/65 rc=497 chunks=2 trained_queries=80510 trained_events=178352 mean_loss=2.027718 lr=0.00172104 step=stateful RMSProp step applied
      unit 23/65 rc=14349 chunks=1 trained_queries=2379 trained_events=5104 mean_loss=2.103463 lr=0.00171817 step=stateful RMSProp step applied
      unit 24/65 rc=61678 chunks=1 trained_queries=6700 trained_events=24672 mean_loss=1.581051 lr=0.0017153 step=stateful RMSProp step applied
      unit 25/65 rc=416 chunks=1 trained_queries=26203 trained_events=59152 mean_loss=2.033437 lr=0.00171243 step=stateful RMSProp step applied
      unit 26/65 rc=308 chunks=1 trained_queries=20070 trained_events=43728 mean_loss=2.103809 lr=0.00170956 step=stateful RMSProp step applied
      unit 27/65 rc=522 chunks=1 trained_queries=30344 trained_events=74160 mean_loss=1.872869 lr=0.00170669 step=stateful RMSProp step applied
      unit 28/65 rc=611 chunks=1 trained_queries=37398 trained_events=78688 mean_loss=2.079602 lr=0.00170381 step=stateful RMSProp step applied
      unit 29/65 rc=7882 chunks=1 trained_queries=9984 trained_events=22352 mean_loss=2.161957 lr=0.00170094 step=stateful RMSProp step applied
      unit 30/65 rc=96207 chunks=1 trained_queries=368 trained_events=3696 mean_loss=1.011271 lr=0.00169807 step=stateful RMSProp step applied
      unit 31/65 rc=226 chunks=1 trained_queries=31432 trained_events=72896 mean_loss=2.019729 lr=0.00169519 step=stateful RMSProp step applied
      unit 32/65 rc=85 chunks=1 trained_queries=32416 trained_events=67744 mean_loss=2.130146 lr=0.00169231 step=stateful RMSProp step applied
      unit 33/65 rc=2669 chunks=2 trained_queries=52575 trained_events=104160 mean_loss=2.106822 lr=0.00168944 step=stateful RMSProp step applied
      unit 34/65 rc=3061 chunks=1 trained_queries=18981 trained_events=51680 mean_loss=1.840426 lr=0.00168656 step=stateful RMSProp step applied
      unit 35/65 rc=1714 chunks=1 trained_queries=5199 trained_events=12224 mean_loss=1.927155 lr=0.00168368 step=stateful RMSProp step applied
      unit 36/65 rc=367 chunks=1 trained_queries=25529 trained_events=53568 mean_loss=1.999669 lr=0.0016808 step=stateful RMSProp step applied
      unit 37/65 rc=435397 chunks=1 trained_queries=944 trained_events=1792 mean_loss=1.698077 lr=0.00167793 step=stateful RMSProp step applied
      unit 38/65 rc=141 chunks=1 trained_queries=13111 trained_events=27072 mean_loss=1.991191 lr=0.00167505 step=stateful RMSProp step applied
      unit 39/65 rc=253455 chunks=1 trained_queries=1172 trained_events=2576 mean_loss=1.588968 lr=0.00167217 step=stateful RMSProp step applied
      unit 40/65 rc=41 chunks=10 trained_queries=476269 trained_events=843007 mean_loss=2.272153 lr=0.00166928 step=stateful RMSProp step applied
      unit 41/65 rc=560 chunks=2 trained_queries=98499 trained_events=172032 mean_loss=2.245189 lr=0.0016664 step=stateful RMSProp step applied
      unit 42/65 rc=36 chunks=3 trained_queries=136045 trained_events=238518 mean_loss=2.250003 lr=0.00166352 step=stateful RMSProp step applied
      unit 43/65 rc=39 chunks=6 trained_queries=267502 trained_events=477704 mean_loss=2.214634 lr=0.00166064 step=stateful RMSProp step applied
      unit 44/65 rc=14 chunks=16 trained_queries=787429 trained_events=1441439 mean_loss=2.233300 lr=0.00165775 step=stateful RMSProp step applied
      unit 45/65 rc=21 chunks=3 trained_queries=135019 trained_events=240624 mean_loss=2.210212 lr=0.00165487 step=stateful RMSProp step applied
      unit 46/65 rc=541 chunks=3 trained_queries=120415 trained_events=203264 mean_loss=2.245559 lr=0.00165199 step=stateful RMSProp step applied
      unit 47/65 rc=51 chunks=9 trained_queries=409633 trained_events=780453 mean_loss=2.187969 lr=0.0016491 step=stateful RMSProp step applied
      unit 48/65 rc=2 chunks=8 trained_queries=388601 trained_events=691328 mean_loss=2.217691 lr=0.00164621 step=stateful RMSProp step applied
      unit 49/65 rc=1057 chunks=1 trained_queries=5910 trained_events=9744 mean_loss=2.181238 lr=0.00164333 step=stateful RMSProp step applied
      unit 50/65 rc=73 chunks=2 trained_queries=63481 trained_events=107824 mean_loss=2.139210 lr=0.00164044 step=stateful RMSProp step applied
      unit 51/65 rc=79 chunks=6 trained_queries=295710 trained_events=510176 mean_loss=2.212507 lr=0.00163755 step=stateful RMSProp step applied
      unit 52/65 rc=63 chunks=4 trained_queries=190096 trained_events=338304 mean_loss=2.198714 lr=0.00163467 step=stateful RMSProp step applied
      unit 53/65 rc=15 chunks=9 trained_queries=413445 trained_events=737803 mean_loss=2.212087 lr=0.00163178 step=stateful RMSProp step applied
      unit 54/65 rc=22 chunks=12 trained_queries=553466 trained_events=1002752 mean_loss=2.236588 lr=0.00162889 step=stateful RMSProp step applied
      unit 55/65 rc=32 chunks=2 trained_queries=96605 trained_events=164880 mean_loss=2.251019 lr=0.001626 step=stateful RMSProp step applied
      unit 56/65 rc=8258 chunks=1 trained_queries=5343 trained_events=9456 mean_loss=2.065881 lr=0.00162311 step=stateful RMSProp step applied
      unit 57/65 rc=3 chunks=9 trained_queries=426507 trained_events=745744 mean_loss=2.256644 lr=0.00162022 step=stateful RMSProp step applied
      unit 58/65 rc=4 chunks=9 trained_queries=420567 trained_events=755483 mean_loss=2.225743 lr=0.00161733 step=stateful RMSProp step applied
      unit 59/65 rc=5 chunks=11 trained_queries=535061 trained_events=1019376 mean_loss=2.182853 lr=0.00161444 step=stateful RMSProp step applied
      unit 60/65 rc=48 chunks=5 trained_queries=235018 trained_events=405879 mean_loss=2.216306 lr=0.00161154 step=stateful RMSProp step applied
      unit 61/65 rc=164 chunks=2 trained_queries=68054 trained_events=119056 mean_loss=2.095359 lr=0.00160865 step=stateful RMSProp step applied
      unit 62/65 rc=28 chunks=3 trained_queries=147152 trained_events=266576 mean_loss=2.145189 lr=0.00160576 step=stateful RMSProp step applied
      unit 63/65 rc=9576 chunks=1 trained_queries=5204 trained_events=8048 mean_loss=2.185479 lr=0.00160287 step=stateful RMSProp step applied
      unit 64/65 rc=44 chunks=4 trained_queries=165699 trained_events=311920 mean_loss=2.155114 lr=0.00159997 step=stateful RMSProp step applied
      unit 65/65 rc=13 chunks=1 trained_queries=3594 trained_events=5440 mean_loss=2.055548 lr=0.00159708 step=stateful RMSProp step applied
    stage-epoch 12 summary trained_queries=8880137 trained_events=16953848 mean_loss=2.201470
    stage-epoch 13/25
      unit 1/65 rc=17 chunks=5 trained_queries=235411 trained_events=602672 mean_loss=2.157885 lr=0.00159419 step=stateful RMSProp step applied
      unit 2/65 rc=6 chunks=25 trained_queries=1209059 trained_events=2588010 mean_loss=2.216258 lr=0.00159129 step=stateful RMSProp step applied
      unit 3/65 rc=588 chunks=1 trained_queries=17780 trained_events=32192 mean_loss=2.078533 lr=0.0015884 step=stateful RMSProp step applied
      unit 4/65 rc=987290 chunks=1 trained_queries=16 trained_events=16 mean_loss=1.220730 lr=0.0015855 step=stateful RMSProp step applied
      unit 5/65 rc=109979 chunks=1 trained_queries=41 trained_events=48 mean_loss=1.554836 lr=0.00158261 step=stateful RMSProp step applied
      unit 6/65 rc=378 chunks=2 trained_queries=54875 trained_events=94080 mean_loss=2.317980 lr=0.00157971 step=stateful RMSProp step applied
      unit 7/65 rc=54 chunks=3 trained_queries=146903 trained_events=301856 mean_loss=2.119341 lr=0.00157681 step=stateful RMSProp step applied
      unit 8/65 rc=2061 chunks=1 trained_queries=19351 trained_events=28624 mean_loss=2.329378 lr=0.00157392 step=stateful RMSProp step applied
      unit 9/65 rc=74 chunks=1 trained_queries=35110 trained_events=118240 mean_loss=1.971555 lr=0.00157102 step=stateful RMSProp step applied
      unit 10/65 rc=849363 chunks=1 trained_queries=16 trained_events=432 mean_loss=0.329845 lr=0.00156813 step=stateful RMSProp step applied
      unit 11/65 rc=16 chunks=2 trained_queries=74861 trained_events=154864 mean_loss=2.071054 lr=0.00156523 step=stateful RMSProp step applied
      unit 12/65 rc=547 chunks=1 trained_queries=30300 trained_events=55216 mean_loss=1.984500 lr=0.00156233 step=stateful RMSProp step applied
      unit 13/65 rc=213 chunks=1 trained_queries=15923 trained_events=37200 mean_loss=2.094569 lr=0.00155943 step=stateful RMSProp step applied
      unit 14/65 rc=78 chunks=2 trained_queries=55670 trained_events=115472 mean_loss=2.113525 lr=0.00155654 step=stateful RMSProp step applied
      unit 15/65 rc=18 chunks=1 trained_queries=19324 trained_events=41184 mean_loss=2.133750 lr=0.00155364 step=stateful RMSProp step applied
      unit 16/65 rc=7 chunks=1 trained_queries=22956 trained_events=58432 mean_loss=1.998046 lr=0.00155074 step=stateful RMSProp step applied
      unit 17/65 rc=6212 chunks=1 trained_queries=12887 trained_events=31552 mean_loss=1.978441 lr=0.00154784 step=stateful RMSProp step applied
      unit 18/65 rc=3055 chunks=1 trained_queries=37224 trained_events=92032 mean_loss=1.877319 lr=0.00154494 step=stateful RMSProp step applied
      unit 19/65 rc=1 chunks=1 trained_queries=11903 trained_events=27856 mean_loss=2.104933 lr=0.00154204 step=stateful RMSProp step applied
      unit 20/65 rc=14727 chunks=1 trained_queries=13922 trained_events=37200 mean_loss=1.924043 lr=0.00153914 step=stateful RMSProp step applied
      unit 21/65 rc=2977 chunks=1 trained_queries=20966 trained_events=46224 mean_loss=2.039068 lr=0.00153625 step=stateful RMSProp step applied
      unit 22/65 rc=497 chunks=2 trained_queries=80510 trained_events=178352 mean_loss=2.023342 lr=0.00153335 step=stateful RMSProp step applied
      unit 23/65 rc=14349 chunks=1 trained_queries=2379 trained_events=5104 mean_loss=2.088527 lr=0.00153045 step=stateful RMSProp step applied
      unit 24/65 rc=61678 chunks=1 trained_queries=6700 trained_events=24672 mean_loss=1.566964 lr=0.00152755 step=stateful RMSProp step applied
      unit 25/65 rc=416 chunks=1 trained_queries=26203 trained_events=59152 mean_loss=2.024033 lr=0.00152465 step=stateful RMSProp step applied
      unit 26/65 rc=308 chunks=1 trained_queries=20070 trained_events=43728 mean_loss=2.085434 lr=0.00152175 step=stateful RMSProp step applied
      unit 27/65 rc=522 chunks=1 trained_queries=30344 trained_events=74160 mean_loss=1.851215 lr=0.00151885 step=stateful RMSProp step applied
      unit 28/65 rc=611 chunks=1 trained_queries=37398 trained_events=78688 mean_loss=2.050914 lr=0.00151595 step=stateful RMSProp step applied
      unit 29/65 rc=7882 chunks=1 trained_queries=9984 trained_events=22352 mean_loss=2.133681 lr=0.00151305 step=stateful RMSProp step applied
      unit 30/65 rc=96207 chunks=1 trained_queries=368 trained_events=3696 mean_loss=1.005857 lr=0.00151015 step=stateful RMSProp step applied
      unit 31/65 rc=226 chunks=1 trained_queries=31432 trained_events=72896 mean_loss=2.023356 lr=0.00150725 step=stateful RMSProp step applied
      unit 32/65 rc=85 chunks=1 trained_queries=32416 trained_events=67744 mean_loss=2.122706 lr=0.00150435 step=stateful RMSProp step applied
      unit 33/65 rc=2669 chunks=2 trained_queries=52575 trained_events=104160 mean_loss=2.089394 lr=0.00150145 step=stateful RMSProp step applied
      unit 34/65 rc=3061 chunks=1 trained_queries=18981 trained_events=51680 mean_loss=1.805016 lr=0.00149855 step=stateful RMSProp step applied
      unit 35/65 rc=1714 chunks=1 trained_queries=5199 trained_events=12224 mean_loss=1.932499 lr=0.00149565 step=stateful RMSProp step applied
      unit 36/65 rc=367 chunks=1 trained_queries=25529 trained_events=53568 mean_loss=1.977580 lr=0.00149275 step=stateful RMSProp step applied
      unit 37/65 rc=435397 chunks=1 trained_queries=944 trained_events=1792 mean_loss=1.671819 lr=0.00148985 step=stateful RMSProp step applied
      unit 38/65 rc=141 chunks=1 trained_queries=13111 trained_events=27072 mean_loss=1.975905 lr=0.00148695 step=stateful RMSProp step applied
      unit 39/65 rc=253455 chunks=1 trained_queries=1172 trained_events=2576 mean_loss=1.528632 lr=0.00148405 step=stateful RMSProp step applied
      unit 40/65 rc=41 chunks=10 trained_queries=476269 trained_events=843007 mean_loss=2.260144 lr=0.00148115 step=stateful RMSProp step applied
      unit 41/65 rc=560 chunks=2 trained_queries=98499 trained_events=172032 mean_loss=2.233174 lr=0.00147825 step=stateful RMSProp step applied
      unit 42/65 rc=36 chunks=3 trained_queries=136045 trained_events=238518 mean_loss=2.243693 lr=0.00147535 step=stateful RMSProp step applied
      unit 43/65 rc=39 chunks=6 trained_queries=267502 trained_events=477704 mean_loss=2.205950 lr=0.00147245 step=stateful RMSProp step applied
      unit 44/65 rc=14 chunks=16 trained_queries=787429 trained_events=1441439 mean_loss=2.223460 lr=0.00146955 step=stateful RMSProp step applied
      unit 45/65 rc=21 chunks=3 trained_queries=135019 trained_events=240624 mean_loss=2.205872 lr=0.00146665 step=stateful RMSProp step applied
      unit 46/65 rc=541 chunks=3 trained_queries=120415 trained_events=203264 mean_loss=2.236782 lr=0.00146375 step=stateful RMSProp step applied
      unit 47/65 rc=51 chunks=9 trained_queries=409633 trained_events=780453 mean_loss=2.179516 lr=0.00146086 step=stateful RMSProp step applied
      unit 48/65 rc=2 chunks=8 trained_queries=388601 trained_events=691328 mean_loss=2.202901 lr=0.00145796 step=stateful RMSProp step applied
      unit 49/65 rc=1057 chunks=1 trained_queries=5910 trained_events=9744 mean_loss=2.173504 lr=0.00145506 step=stateful RMSProp step applied
      unit 50/65 rc=73 chunks=2 trained_queries=63481 trained_events=107824 mean_loss=2.131192 lr=0.00145216 step=stateful RMSProp step applied
      unit 51/65 rc=79 chunks=6 trained_queries=295710 trained_events=510176 mean_loss=2.205777 lr=0.00144926 step=stateful RMSProp step applied
      unit 52/65 rc=63 chunks=4 trained_queries=190096 trained_events=338304 mean_loss=2.191157 lr=0.00144636 step=stateful RMSProp step applied
      unit 53/65 rc=15 chunks=9 trained_queries=413445 trained_events=737803 mean_loss=2.190511 lr=0.00144346 step=stateful RMSProp step applied
      unit 54/65 rc=22 chunks=12 trained_queries=553466 trained_events=1002752 mean_loss=2.225981 lr=0.00144057 step=stateful RMSProp step applied
      unit 55/65 rc=32 chunks=2 trained_queries=96605 trained_events=164880 mean_loss=2.242719 lr=0.00143767 step=stateful RMSProp step applied
      unit 56/65 rc=8258 chunks=1 trained_queries=5343 trained_events=9456 mean_loss=2.046295 lr=0.00143477 step=stateful RMSProp step applied
      unit 57/65 rc=3 chunks=9 trained_queries=426507 trained_events=745744 mean_loss=2.239074 lr=0.00143188 step=stateful RMSProp step applied
      unit 58/65 rc=4 chunks=9 trained_queries=420567 trained_events=755483 mean_loss=2.214753 lr=0.00142898 step=stateful RMSProp step applied
      unit 59/65 rc=5 chunks=11 trained_queries=535061 trained_events=1019376 mean_loss=2.174297 lr=0.00142608 step=stateful RMSProp step applied
      unit 60/65 rc=48 chunks=5 trained_queries=235018 trained_events=405879 mean_loss=2.201611 lr=0.00142319 step=stateful RMSProp step applied
      unit 61/65 rc=164 chunks=2 trained_queries=68054 trained_events=119056 mean_loss=2.083785 lr=0.00142029 step=stateful RMSProp step applied
      unit 62/65 rc=28 chunks=3 trained_queries=147152 trained_events=266576 mean_loss=2.129861 lr=0.00141739 step=stateful RMSProp step applied
      unit 63/65 rc=9576 chunks=1 trained_queries=5204 trained_events=8048 mean_loss=2.170676 lr=0.0014145 step=stateful RMSProp step applied
      unit 64/65 rc=44 chunks=4 trained_queries=165699 trained_events=311920 mean_loss=2.143795 lr=0.0014116 step=stateful RMSProp step applied
      unit 65/65 rc=13 chunks=1 trained_queries=3594 trained_events=5440 mean_loss=2.038287 lr=0.00140871 step=stateful RMSProp step applied
    stage-epoch 13 summary trained_queries=8880137 trained_events=16953848 mean_loss=2.185627
    stage-epoch 14/25
      unit 1/65 rc=17 chunks=5 trained_queries=235411 trained_events=602672 mean_loss=2.130381 lr=0.00140581 step=stateful RMSProp step applied
      unit 2/65 rc=6 chunks=25 trained_queries=1209059 trained_events=2588010 mean_loss=2.204823 lr=0.00140292 step=stateful RMSProp step applied
      unit 3/65 rc=588 chunks=1 trained_queries=17780 trained_events=32192 mean_loss=2.055633 lr=0.00140003 step=stateful RMSProp step applied
      unit 4/65 rc=987290 chunks=1 trained_queries=16 trained_events=16 mean_loss=1.125824 lr=0.00139713 step=stateful RMSProp step applied
      unit 5/65 rc=109979 chunks=1 trained_queries=41 trained_events=48 mean_loss=1.477580 lr=0.00139424 step=stateful RMSProp step applied
      unit 6/65 rc=378 chunks=2 trained_queries=54875 trained_events=94080 mean_loss=2.291621 lr=0.00139135 step=stateful RMSProp step applied
      unit 7/65 rc=54 chunks=3 trained_queries=146903 trained_events=301856 mean_loss=2.093292 lr=0.00138846 step=stateful RMSProp step applied
      unit 8/65 rc=2061 chunks=1 trained_queries=19351 trained_events=28624 mean_loss=2.305693 lr=0.00138556 step=stateful RMSProp step applied
      unit 9/65 rc=74 chunks=1 trained_queries=35110 trained_events=118240 mean_loss=1.952650 lr=0.00138267 step=stateful RMSProp step applied
      unit 10/65 rc=849363 chunks=1 trained_queries=16 trained_events=432 mean_loss=0.232590 lr=0.00137978 step=stateful RMSProp step applied
      unit 11/65 rc=16 chunks=2 trained_queries=74861 trained_events=154864 mean_loss=2.029637 lr=0.00137689 step=stateful RMSProp step applied
      unit 12/65 rc=547 chunks=1 trained_queries=30300 trained_events=55216 mean_loss=1.959069 lr=0.001374 step=stateful RMSProp step applied
      unit 13/65 rc=213 chunks=1 trained_queries=15923 trained_events=37200 mean_loss=2.054706 lr=0.00137111 step=stateful RMSProp step applied
      unit 14/65 rc=78 chunks=2 trained_queries=55670 trained_events=115472 mean_loss=2.090940 lr=0.00136822 step=stateful RMSProp step applied
      unit 15/65 rc=18 chunks=1 trained_queries=19324 trained_events=41184 mean_loss=2.103410 lr=0.00136533 step=stateful RMSProp step applied
      unit 16/65 rc=7 chunks=1 trained_queries=22956 trained_events=58432 mean_loss=1.949442 lr=0.00136245 step=stateful RMSProp step applied
      unit 17/65 rc=6212 chunks=1 trained_queries=12887 trained_events=31552 mean_loss=1.915204 lr=0.00135956 step=stateful RMSProp step applied
      unit 18/65 rc=3055 chunks=1 trained_queries=37224 trained_events=92032 mean_loss=1.853932 lr=0.00135667 step=stateful RMSProp step applied
      unit 19/65 rc=1 chunks=1 trained_queries=11903 trained_events=27856 mean_loss=2.078321 lr=0.00135379 step=stateful RMSProp step applied
      unit 20/65 rc=14727 chunks=1 trained_queries=13922 trained_events=37200 mean_loss=1.864044 lr=0.0013509 step=stateful RMSProp step applied
      unit 21/65 rc=2977 chunks=1 trained_queries=20966 trained_events=46224 mean_loss=2.015313 lr=0.00134801 step=stateful RMSProp step applied
      unit 22/65 rc=497 chunks=2 trained_queries=80510 trained_events=178352 mean_loss=1.987809 lr=0.00134513 step=stateful RMSProp step applied
      unit 23/65 rc=14349 chunks=1 trained_queries=2379 trained_events=5104 mean_loss=2.058385 lr=0.00134225 step=stateful RMSProp step applied
      unit 24/65 rc=61678 chunks=1 trained_queries=6700 trained_events=24672 mean_loss=1.548062 lr=0.00133936 step=stateful RMSProp step applied
      unit 25/65 rc=416 chunks=1 trained_queries=26203 trained_events=59152 mean_loss=1.980950 lr=0.00133648 step=stateful RMSProp step applied
      unit 26/65 rc=308 chunks=1 trained_queries=20070 trained_events=43728 mean_loss=2.066322 lr=0.0013336 step=stateful RMSProp step applied
      unit 27/65 rc=522 chunks=1 trained_queries=30344 trained_events=74160 mean_loss=1.825928 lr=0.00133072 step=stateful RMSProp step applied
      unit 28/65 rc=611 chunks=1 trained_queries=37398 trained_events=78688 mean_loss=2.023129 lr=0.00132783 step=stateful RMSProp step applied
      unit 29/65 rc=7882 chunks=1 trained_queries=9984 trained_events=22352 mean_loss=2.130355 lr=0.00132495 step=stateful RMSProp step applied
      unit 30/65 rc=96207 chunks=1 trained_queries=368 trained_events=3696 mean_loss=0.920736 lr=0.00132207 step=stateful RMSProp step applied
      unit 31/65 rc=226 chunks=1 trained_queries=31432 trained_events=72896 mean_loss=1.982800 lr=0.00131919 step=stateful RMSProp step applied
      unit 32/65 rc=85 chunks=1 trained_queries=32416 trained_events=67744 mean_loss=2.105266 lr=0.00131632 step=stateful RMSProp step applied
      unit 33/65 rc=2669 chunks=2 trained_queries=52575 trained_events=104160 mean_loss=2.072173 lr=0.00131344 step=stateful RMSProp step applied
      unit 34/65 rc=3061 chunks=1 trained_queries=18981 trained_events=51680 mean_loss=1.781545 lr=0.00131056 step=stateful RMSProp step applied
      unit 35/65 rc=1714 chunks=1 trained_queries=5199 trained_events=12224 mean_loss=1.831911 lr=0.00130769 step=stateful RMSProp step applied
      unit 36/65 rc=367 chunks=1 trained_queries=25529 trained_events=53568 mean_loss=1.957555 lr=0.00130481 step=stateful RMSProp step applied
      unit 37/65 rc=435397 chunks=1 trained_queries=944 trained_events=1792 mean_loss=1.649049 lr=0.00130193 step=stateful RMSProp step applied
      unit 38/65 rc=141 chunks=1 trained_queries=13111 trained_events=27072 mean_loss=1.930018 lr=0.00129906 step=stateful RMSProp step applied
      unit 39/65 rc=253455 chunks=1 trained_queries=1172 trained_events=2576 mean_loss=1.495375 lr=0.00129619 step=stateful RMSProp step applied
      unit 40/65 rc=41 chunks=10 trained_queries=476269 trained_events=843007 mean_loss=2.242144 lr=0.00129331 step=stateful RMSProp step applied
      unit 41/65 rc=560 chunks=2 trained_queries=98499 trained_events=172032 mean_loss=2.211736 lr=0.00129044 step=stateful RMSProp step applied
      unit 42/65 rc=36 chunks=3 trained_queries=136045 trained_events=238518 mean_loss=2.221286 lr=0.00128757 step=stateful RMSProp step applied
      unit 43/65 rc=39 chunks=6 trained_queries=267502 trained_events=477704 mean_loss=2.187284 lr=0.0012847 step=stateful RMSProp step applied
      unit 44/65 rc=14 chunks=16 trained_queries=787429 trained_events=1441439 mean_loss=2.205215 lr=0.00128183 step=stateful RMSProp step applied
      unit 45/65 rc=21 chunks=3 trained_queries=135019 trained_events=240624 mean_loss=2.185058 lr=0.00127896 step=stateful RMSProp step applied
      unit 46/65 rc=541 chunks=3 trained_queries=120415 trained_events=203264 mean_loss=2.217811 lr=0.0012761 step=stateful RMSProp step applied
      unit 47/65 rc=51 chunks=9 trained_queries=409633 trained_events=780453 mean_loss=2.159657 lr=0.00127323 step=stateful RMSProp step applied
      unit 48/65 rc=2 chunks=8 trained_queries=388601 trained_events=691328 mean_loss=2.182031 lr=0.00127036 step=stateful RMSProp step applied
      unit 49/65 rc=1057 chunks=1 trained_queries=5910 trained_events=9744 mean_loss=2.134303 lr=0.0012675 step=stateful RMSProp step applied
      unit 50/65 rc=73 chunks=2 trained_queries=63481 trained_events=107824 mean_loss=2.104772 lr=0.00126463 step=stateful RMSProp step applied
      unit 51/65 rc=79 chunks=6 trained_queries=295710 trained_events=510176 mean_loss=2.192961 lr=0.00126177 step=stateful RMSProp step applied
      unit 52/65 rc=63 chunks=4 trained_queries=190096 trained_events=338304 mean_loss=2.172597 lr=0.00125891 step=stateful RMSProp step applied
      unit 53/65 rc=15 chunks=9 trained_queries=413445 trained_events=737803 mean_loss=2.176732 lr=0.00125604 step=stateful RMSProp step applied
      unit 54/65 rc=22 chunks=12 trained_queries=553466 trained_events=1002752 mean_loss=2.210312 lr=0.00125318 step=stateful RMSProp step applied
      unit 55/65 rc=32 chunks=2 trained_queries=96605 trained_events=164880 mean_loss=2.226480 lr=0.00125032 step=stateful RMSProp step applied
      unit 56/65 rc=8258 chunks=1 trained_queries=5343 trained_events=9456 mean_loss=2.014418 lr=0.00124746 step=stateful RMSProp step applied
      unit 57/65 rc=3 chunks=9 trained_queries=426507 trained_events=745744 mean_loss=2.215535 lr=0.00124461 step=stateful RMSProp step applied
      unit 58/65 rc=4 chunks=9 trained_queries=420567 trained_events=755483 mean_loss=2.196241 lr=0.00124175 step=stateful RMSProp step applied
      unit 59/65 rc=5 chunks=11 trained_queries=535061 trained_events=1019376 mean_loss=2.155635 lr=0.00123889 step=stateful RMSProp step applied
      unit 60/65 rc=48 chunks=5 trained_queries=235018 trained_events=405879 mean_loss=2.186194 lr=0.00123604 step=stateful RMSProp step applied
      unit 61/65 rc=164 chunks=2 trained_queries=68054 trained_events=119056 mean_loss=2.065715 lr=0.00123318 step=stateful RMSProp step applied
      unit 62/65 rc=28 chunks=3 trained_queries=147152 trained_events=266576 mean_loss=2.117910 lr=0.00123033 step=stateful RMSProp step applied
      unit 63/65 rc=9576 chunks=1 trained_queries=5204 trained_events=8048 mean_loss=2.151011 lr=0.00122748 step=stateful RMSProp step applied
      unit 64/65 rc=44 chunks=4 trained_queries=165699 trained_events=311920 mean_loss=2.124584 lr=0.00122463 step=stateful RMSProp step applied
      unit 65/65 rc=13 chunks=1 trained_queries=3594 trained_events=5440 mean_loss=2.015818 lr=0.00122178 step=stateful RMSProp step applied
    stage-epoch 14 summary trained_queries=8880137 trained_events=16953848 mean_loss=2.166659
    stage-epoch 15/25
      unit 1/65 rc=17 chunks=5 trained_queries=235411 trained_events=602672 mean_loss=2.111622 lr=0.00121893 step=stateful RMSProp step applied
      unit 2/65 rc=6 chunks=25 trained_queries=1209059 trained_events=2588010 mean_loss=2.195754 lr=0.00121608 step=stateful RMSProp step applied
      unit 3/65 rc=588 chunks=1 trained_queries=17780 trained_events=32192 mean_loss=2.035100 lr=0.00121323 step=stateful RMSProp step applied
      unit 4/65 rc=987290 chunks=1 trained_queries=16 trained_events=16 mean_loss=1.056900 lr=0.00121039 step=stateful RMSProp step applied
      unit 5/65 rc=109979 chunks=1 trained_queries=41 trained_events=48 mean_loss=1.391740 lr=0.00120754 step=stateful RMSProp step applied
      unit 6/65 rc=378 chunks=2 trained_queries=54875 trained_events=94080 mean_loss=2.325285 lr=0.0012047 step=stateful RMSProp step applied
      unit 7/65 rc=54 chunks=3 trained_queries=146903 trained_events=301856 mean_loss=2.103162 lr=0.00120186 step=stateful RMSProp step applied
      unit 8/65 rc=2061 chunks=1 trained_queries=19351 trained_events=28624 mean_loss=2.293437 lr=0.00119901 step=stateful RMSProp step applied
      unit 9/65 rc=74 chunks=1 trained_queries=35110 trained_events=118240 mean_loss=1.912217 lr=0.00119617 step=stateful RMSProp step applied
      unit 10/65 rc=849363 chunks=1 trained_queries=16 trained_events=432 mean_loss=0.207048 lr=0.00119333 step=stateful RMSProp step applied
      unit 11/65 rc=16 chunks=2 trained_queries=74861 trained_events=154864 mean_loss=2.015737 lr=0.0011905 step=stateful RMSProp step applied
      unit 12/65 rc=547 chunks=1 trained_queries=30300 trained_events=55216 mean_loss=1.989916 lr=0.00118766 step=stateful RMSProp step applied
      unit 13/65 rc=213 chunks=1 trained_queries=15923 trained_events=37200 mean_loss=2.030490 lr=0.00118482 step=stateful RMSProp step applied
      unit 14/65 rc=78 chunks=2 trained_queries=55670 trained_events=115472 mean_loss=2.057629 lr=0.00118199 step=stateful RMSProp step applied
      unit 15/65 rc=18 chunks=1 trained_queries=19324 trained_events=41184 mean_loss=2.083822 lr=0.00117916 step=stateful RMSProp step applied
      unit 16/65 rc=7 chunks=1 trained_queries=22956 trained_events=58432 mean_loss=1.929046 lr=0.00117632 step=stateful RMSProp step applied
      unit 17/65 rc=6212 chunks=1 trained_queries=12887 trained_events=31552 mean_loss=1.908779 lr=0.00117349 step=stateful RMSProp step applied
      unit 18/65 rc=3055 chunks=1 trained_queries=37224 trained_events=92032 mean_loss=1.843112 lr=0.00117066 step=stateful RMSProp step applied
      unit 19/65 rc=1 chunks=1 trained_queries=11903 trained_events=27856 mean_loss=2.060689 lr=0.00116783 step=stateful RMSProp step applied
      unit 20/65 rc=14727 chunks=1 trained_queries=13922 trained_events=37200 mean_loss=1.861426 lr=0.00116501 step=stateful RMSProp step applied
      unit 21/65 rc=2977 chunks=1 trained_queries=20966 trained_events=46224 mean_loss=1.994713 lr=0.00116218 step=stateful RMSProp step applied
      unit 22/65 rc=497 chunks=2 trained_queries=80510 trained_events=178352 mean_loss=1.963749 lr=0.00115936 step=stateful RMSProp step applied
      unit 23/65 rc=14349 chunks=1 trained_queries=2379 trained_events=5104 mean_loss=2.046236 lr=0.00115653 step=stateful RMSProp step applied
      unit 24/65 rc=61678 chunks=1 trained_queries=6700 trained_events=24672 mean_loss=1.486626 lr=0.00115371 step=stateful RMSProp step applied
      unit 25/65 rc=416 chunks=1 trained_queries=26203 trained_events=59152 mean_loss=1.971286 lr=0.00115089 step=stateful RMSProp step applied
      unit 26/65 rc=308 chunks=1 trained_queries=20070 trained_events=43728 mean_loss=2.046515 lr=0.00114807 step=stateful RMSProp step applied
      unit 27/65 rc=522 chunks=1 trained_queries=30344 trained_events=74160 mean_loss=1.810804 lr=0.00114525 step=stateful RMSProp step applied
      unit 28/65 rc=611 chunks=1 trained_queries=37398 trained_events=78688 mean_loss=1.999814 lr=0.00114243 step=stateful RMSProp step applied
      unit 29/65 rc=7882 chunks=1 trained_queries=9984 trained_events=22352 mean_loss=2.072598 lr=0.00113962 step=stateful RMSProp step applied
      unit 30/65 rc=96207 chunks=1 trained_queries=368 trained_events=3696 mean_loss=0.827243 lr=0.0011368 step=stateful RMSProp step applied
      unit 31/65 rc=226 chunks=1 trained_queries=31432 trained_events=72896 mean_loss=1.956859 lr=0.00113399 step=stateful RMSProp step applied
      unit 32/65 rc=85 chunks=1 trained_queries=32416 trained_events=67744 mean_loss=2.082530 lr=0.00113118 step=stateful RMSProp step applied
      unit 33/65 rc=2669 chunks=2 trained_queries=52575 trained_events=104160 mean_loss=2.063401 lr=0.00112837 step=stateful RMSProp step applied
      unit 34/65 rc=3061 chunks=1 trained_queries=18981 trained_events=51680 mean_loss=1.746891 lr=0.00112556 step=stateful RMSProp step applied
      unit 35/65 rc=1714 chunks=1 trained_queries=5199 trained_events=12224 mean_loss=1.818670 lr=0.00112275 step=stateful RMSProp step applied
      unit 36/65 rc=367 chunks=1 trained_queries=25529 trained_events=53568 mean_loss=1.949780 lr=0.00111995 step=stateful RMSProp step applied
      unit 37/65 rc=435397 chunks=1 trained_queries=944 trained_events=1792 mean_loss=1.593518 lr=0.00111714 step=stateful RMSProp step applied
      unit 38/65 rc=141 chunks=1 trained_queries=13111 trained_events=27072 mean_loss=1.910196 lr=0.00111434 step=stateful RMSProp step applied
      unit 39/65 rc=253455 chunks=1 trained_queries=1172 trained_events=2576 mean_loss=1.472660 lr=0.00111154 step=stateful RMSProp step applied
      unit 40/65 rc=41 chunks=10 trained_queries=476269 trained_events=843007 mean_loss=2.233174 lr=0.00110874 step=stateful RMSProp step applied
      unit 41/65 rc=560 chunks=2 trained_queries=98499 trained_events=172032 mean_loss=2.200506 lr=0.00110594 step=stateful RMSProp step applied
      unit 42/65 rc=36 chunks=3 trained_queries=136045 trained_events=238518 mean_loss=2.210370 lr=0.00110314 step=stateful RMSProp step applied
      unit 43/65 rc=39 chunks=6 trained_queries=267502 trained_events=477704 mean_loss=2.171877 lr=0.00110035 step=stateful RMSProp step applied
      unit 44/65 rc=14 chunks=16 trained_queries=787429 trained_events=1441439 mean_loss=2.192974 lr=0.00109755 step=stateful RMSProp step applied
      unit 45/65 rc=21 chunks=3 trained_queries=135019 trained_events=240624 mean_loss=2.171374 lr=0.00109476 step=stateful RMSProp step applied
      unit 46/65 rc=541 chunks=3 trained_queries=120415 trained_events=203264 mean_loss=2.202871 lr=0.00109197 step=stateful RMSProp step applied
      unit 47/65 rc=51 chunks=9 trained_queries=409633 trained_events=780453 mean_loss=2.147763 lr=0.00108918 step=stateful RMSProp step applied
      unit 48/65 rc=2 chunks=8 trained_queries=388601 trained_events=691328 mean_loss=2.170599 lr=0.00108639 step=stateful RMSProp step applied
      unit 49/65 rc=1057 chunks=1 trained_queries=5910 trained_events=9744 mean_loss=2.120145 lr=0.0010836 step=stateful RMSProp step applied
      unit 50/65 rc=73 chunks=2 trained_queries=63481 trained_events=107824 mean_loss=2.087558 lr=0.00108082 step=stateful RMSProp step applied
      unit 51/65 rc=79 chunks=6 trained_queries=295710 trained_events=510176 mean_loss=2.184311 lr=0.00107803 step=stateful RMSProp step applied
      unit 52/65 rc=63 chunks=4 trained_queries=190096 trained_events=338304 mean_loss=2.161140 lr=0.00107525 step=stateful RMSProp step applied
      unit 53/65 rc=15 chunks=9 trained_queries=413445 trained_events=737803 mean_loss=2.169528 lr=0.00107247 step=stateful RMSProp step applied
      unit 54/65 rc=22 chunks=12 trained_queries=553466 trained_events=1002752 mean_loss=2.200736 lr=0.00106969 step=stateful RMSProp step applied
      unit 55/65 rc=32 chunks=2 trained_queries=96605 trained_events=164880 mean_loss=2.213092 lr=0.00106691 step=stateful RMSProp step applied
      unit 56/65 rc=8258 chunks=1 trained_queries=5343 trained_events=9456 mean_loss=1.996609 lr=0.00106414 step=stateful RMSProp step applied
      unit 57/65 rc=3 chunks=9 trained_queries=426507 trained_events=745744 mean_loss=2.205034 lr=0.00106137 step=stateful RMSProp step applied
      unit 58/65 rc=4 chunks=9 trained_queries=420567 trained_events=755483 mean_loss=2.185864 lr=0.00105859 step=stateful RMSProp step applied
      unit 59/65 rc=5 chunks=11 trained_queries=535061 trained_events=1019376 mean_loss=2.145688 lr=0.00105582 step=stateful RMSProp step applied
      unit 60/65 rc=48 chunks=5 trained_queries=235018 trained_events=405879 mean_loss=2.178047 lr=0.00105305 step=stateful RMSProp step applied
      unit 61/65 rc=164 chunks=2 trained_queries=68054 trained_events=119056 mean_loss=2.060508 lr=0.00105029 step=stateful RMSProp step applied
      unit 62/65 rc=28 chunks=3 trained_queries=147152 trained_events=266576 mean_loss=2.105566 lr=0.00104752 step=stateful RMSProp step applied
      unit 63/65 rc=9576 chunks=1 trained_queries=5204 trained_events=8048 mean_loss=2.152554 lr=0.00104476 step=stateful RMSProp step applied
      unit 64/65 rc=44 chunks=4 trained_queries=165699 trained_events=311920 mean_loss=2.117453 lr=0.00104199 step=stateful RMSProp step applied
      unit 65/65 rc=13 chunks=1 trained_queries=3594 trained_events=5440 mean_loss=1.996442 lr=0.00103923 step=stateful RMSProp step applied
    stage-epoch 15 summary trained_queries=8880137 trained_events=16953848 mean_loss=2.155616
    stage-epoch 16/25
      unit 1/65 rc=17 chunks=5 trained_queries=235411 trained_events=602672 mean_loss=2.091369 lr=0.00103647 step=stateful RMSProp step applied
      unit 2/65 rc=6 chunks=25 trained_queries=1209059 trained_events=2588010 mean_loss=2.177298 lr=0.00103372 step=stateful RMSProp step applied
      unit 3/65 rc=588 chunks=1 trained_queries=17780 trained_events=32192 mean_loss=2.024519 lr=0.00103096 step=stateful RMSProp step applied
      unit 4/65 rc=987290 chunks=1 trained_queries=16 trained_events=16 mean_loss=1.034265 lr=0.00102821 step=stateful RMSProp step applied
      unit 5/65 rc=109979 chunks=1 trained_queries=41 trained_events=48 mean_loss=1.284440 lr=0.00102546 step=stateful RMSProp step applied
      unit 6/65 rc=378 chunks=2 trained_queries=54875 trained_events=94080 mean_loss=2.201743 lr=0.00102271 step=stateful RMSProp step applied
      unit 7/65 rc=54 chunks=3 trained_queries=146903 trained_events=301856 mean_loss=2.032516 lr=0.00101996 step=stateful RMSProp step applied
      unit 8/65 rc=2061 chunks=1 trained_queries=19351 trained_events=28624 mean_loss=2.243451 lr=0.00101721 step=stateful RMSProp step applied
      unit 9/65 rc=74 chunks=1 trained_queries=35110 trained_events=118240 mean_loss=1.864793 lr=0.00101447 step=stateful RMSProp step applied
      unit 10/65 rc=849363 chunks=1 trained_queries=16 trained_events=432 mean_loss=0.158503 lr=0.00101172 step=stateful RMSProp step applied
      unit 11/65 rc=16 chunks=2 trained_queries=74861 trained_events=154864 mean_loss=1.970503 lr=0.00100898 step=stateful RMSProp step applied
      unit 12/65 rc=547 chunks=1 trained_queries=30300 trained_events=55216 mean_loss=1.918414 lr=0.00100624 step=stateful RMSProp step applied
      unit 13/65 rc=213 chunks=1 trained_queries=15923 trained_events=37200 mean_loss=1.981361 lr=0.00100351 step=stateful RMSProp step applied
      unit 14/65 rc=78 chunks=2 trained_queries=55670 trained_events=115472 mean_loss=2.029253 lr=0.00100077 step=stateful RMSProp step applied
      unit 15/65 rc=18 chunks=1 trained_queries=19324 trained_events=41184 mean_loss=2.065713 lr=0.000998037 step=stateful RMSProp step applied
      unit 16/65 rc=7 chunks=1 trained_queries=22956 trained_events=58432 mean_loss=1.890626 lr=0.000995305 step=stateful RMSProp step applied
      unit 17/65 rc=6212 chunks=1 trained_queries=12887 trained_events=31552 mean_loss=1.862938 lr=0.000992575 step=stateful RMSProp step applied
      unit 18/65 rc=3055 chunks=1 trained_queries=37224 trained_events=92032 mean_loss=1.807267 lr=0.000989847 step=stateful RMSProp step applied
      unit 19/65 rc=1 chunks=1 trained_queries=11903 trained_events=27856 mean_loss=2.068218 lr=0.000987121 step=stateful RMSProp step applied
      unit 20/65 rc=14727 chunks=1 trained_queries=13922 trained_events=37200 mean_loss=1.823382 lr=0.000984397 step=stateful RMSProp step applied
      unit 21/65 rc=2977 chunks=1 trained_queries=20966 trained_events=46224 mean_loss=1.981097 lr=0.000981675 step=stateful RMSProp step applied
      unit 22/65 rc=497 chunks=2 trained_queries=80510 trained_events=178352 mean_loss=1.935478 lr=0.000978954 step=stateful RMSProp step applied
      unit 23/65 rc=14349 chunks=1 trained_queries=2379 trained_events=5104 mean_loss=2.024791 lr=0.000976236 step=stateful RMSProp step applied
      unit 24/65 rc=61678 chunks=1 trained_queries=6700 trained_events=24672 mean_loss=1.473774 lr=0.000973519 step=stateful RMSProp step applied
      unit 25/65 rc=416 chunks=1 trained_queries=26203 trained_events=59152 mean_loss=1.938711 lr=0.000970805 step=stateful RMSProp step applied
      unit 26/65 rc=308 chunks=1 trained_queries=20070 trained_events=43728 mean_loss=2.022131 lr=0.000968093 step=stateful RMSProp step applied
      unit 27/65 rc=522 chunks=1 trained_queries=30344 trained_events=74160 mean_loss=1.778572 lr=0.000965382 step=stateful RMSProp step applied
      unit 28/65 rc=611 chunks=1 trained_queries=37398 trained_events=78688 mean_loss=1.975721 lr=0.000962674 step=stateful RMSProp step applied
      unit 29/65 rc=7882 chunks=1 trained_queries=9984 trained_events=22352 mean_loss=2.053358 lr=0.000959967 step=stateful RMSProp step applied
      unit 30/65 rc=96207 chunks=1 trained_queries=368 trained_events=3696 mean_loss=0.781013 lr=0.000957263 step=stateful RMSProp step applied
      unit 31/65 rc=226 chunks=1 trained_queries=31432 trained_events=72896 mean_loss=1.912768 lr=0.00095456 step=stateful RMSProp step applied
      unit 32/65 rc=85 chunks=1 trained_queries=32416 trained_events=67744 mean_loss=2.054556 lr=0.00095186 step=stateful RMSProp step applied
      unit 33/65 rc=2669 chunks=2 trained_queries=52575 trained_events=104160 mean_loss=2.044995 lr=0.000949162 step=stateful RMSProp step applied
      unit 34/65 rc=3061 chunks=1 trained_queries=18981 trained_events=51680 mean_loss=1.702603 lr=0.000946465 step=stateful RMSProp step applied
      unit 35/65 rc=1714 chunks=1 trained_queries=5199 trained_events=12224 mean_loss=1.840062 lr=0.000943771 step=stateful RMSProp step applied
      unit 36/65 rc=367 chunks=1 trained_queries=25529 trained_events=53568 mean_loss=1.927106 lr=0.000941079 step=stateful RMSProp step applied
      unit 37/65 rc=435397 chunks=1 trained_queries=944 trained_events=1792 mean_loss=1.564625 lr=0.000938389 step=stateful RMSProp step applied
      unit 38/65 rc=141 chunks=1 trained_queries=13111 trained_events=27072 mean_loss=1.894981 lr=0.000935701 step=stateful RMSProp step applied
      unit 39/65 rc=253455 chunks=1 trained_queries=1172 trained_events=2576 mean_loss=1.467711 lr=0.000933015 step=stateful RMSProp step applied
      unit 40/65 rc=41 chunks=10 trained_queries=476269 trained_events=843007 mean_loss=2.217365 lr=0.000930331 step=stateful RMSProp step applied
      unit 41/65 rc=560 chunks=2 trained_queries=98499 trained_events=172032 mean_loss=2.188034 lr=0.00092765 step=stateful RMSProp step applied
      unit 42/65 rc=36 chunks=3 trained_queries=136045 trained_events=238518 mean_loss=2.193177 lr=0.00092497 step=stateful RMSProp step applied
      unit 43/65 rc=39 chunks=6 trained_queries=267502 trained_events=477704 mean_loss=2.157706 lr=0.000922293 step=stateful RMSProp step applied
      unit 44/65 rc=14 chunks=16 trained_queries=787429 trained_events=1441439 mean_loss=2.179546 lr=0.000919618 step=stateful RMSProp step applied
      unit 45/65 rc=21 chunks=3 trained_queries=135019 trained_events=240624 mean_loss=2.154379 lr=0.000916945 step=stateful RMSProp step applied
      unit 46/65 rc=541 chunks=3 trained_queries=120415 trained_events=203264 mean_loss=2.188507 lr=0.000914274 step=stateful RMSProp step applied
      unit 47/65 rc=51 chunks=9 trained_queries=409633 trained_events=780453 mean_loss=2.135146 lr=0.000911605 step=stateful RMSProp step applied
      unit 48/65 rc=2 chunks=8 trained_queries=388601 trained_events=691328 mean_loss=2.157450 lr=0.000908939 step=stateful RMSProp step applied
      unit 49/65 rc=1057 chunks=1 trained_queries=5910 trained_events=9744 mean_loss=2.099666 lr=0.000906275 step=stateful RMSProp step applied
      unit 50/65 rc=73 chunks=2 trained_queries=63481 trained_events=107824 mean_loss=2.072148 lr=0.000903613 step=stateful RMSProp step applied
      unit 51/65 rc=79 chunks=6 trained_queries=295710 trained_events=510176 mean_loss=2.171350 lr=0.000900953 step=stateful RMSProp step applied
      unit 52/65 rc=63 chunks=4 trained_queries=190096 trained_events=338304 mean_loss=2.147993 lr=0.000898296 step=stateful RMSProp step applied
      unit 53/65 rc=15 chunks=9 trained_queries=413445 trained_events=737803 mean_loss=2.157237 lr=0.00089564 step=stateful RMSProp step applied
      unit 54/65 rc=22 chunks=12 trained_queries=553466 trained_events=1002752 mean_loss=2.187196 lr=0.000892987 step=stateful RMSProp step applied
      unit 55/65 rc=32 chunks=2 trained_queries=96605 trained_events=164880 mean_loss=2.198042 lr=0.000890337 step=stateful RMSProp step applied
      unit 56/65 rc=8258 chunks=1 trained_queries=5343 trained_events=9456 mean_loss=1.973385 lr=0.000887688 step=stateful RMSProp step applied
      unit 57/65 rc=3 chunks=9 trained_queries=426507 trained_events=745744 mean_loss=2.190333 lr=0.000885042 step=stateful RMSProp step applied
      unit 58/65 rc=4 chunks=9 trained_queries=420567 trained_events=755483 mean_loss=2.174554 lr=0.000882398 step=stateful RMSProp step applied
      unit 59/65 rc=5 chunks=11 trained_queries=535061 trained_events=1019376 mean_loss=2.135746 lr=0.000879757 step=stateful RMSProp step applied
      unit 60/65 rc=48 chunks=5 trained_queries=235018 trained_events=405879 mean_loss=2.165673 lr=0.000877117 step=stateful RMSProp step applied
      unit 61/65 rc=164 chunks=2 trained_queries=68054 trained_events=119056 mean_loss=2.046757 lr=0.00087448 step=stateful RMSProp step applied
      unit 62/65 rc=28 chunks=3 trained_queries=147152 trained_events=266576 mean_loss=2.094121 lr=0.000871846 step=stateful RMSProp step applied
      unit 63/65 rc=9576 chunks=1 trained_queries=5204 trained_events=8048 mean_loss=2.120969 lr=0.000869214 step=stateful RMSProp step applied
      unit 64/65 rc=44 chunks=4 trained_queries=165699 trained_events=311920 mean_loss=2.095873 lr=0.000866584 step=stateful RMSProp step applied
      unit 65/65 rc=13 chunks=1 trained_queries=3594 trained_events=5440 mean_loss=1.976330 lr=0.000863956 step=stateful RMSProp step applied
    stage-epoch 16 summary trained_queries=8880137 trained_events=16953848 mean_loss=2.137543
    stage-epoch 17/25
      unit 1/65 rc=17 chunks=5 trained_queries=235411 trained_events=602672 mean_loss=2.071497 lr=0.000861331 step=stateful RMSProp step applied
      unit 2/65 rc=6 chunks=25 trained_queries=1209059 trained_events=2588010 mean_loss=2.163860 lr=0.000858708 step=stateful RMSProp step applied
      unit 3/65 rc=588 chunks=1 trained_queries=17780 trained_events=32192 mean_loss=2.004731 lr=0.000856088 step=stateful RMSProp step applied
      unit 4/65 rc=987290 chunks=1 trained_queries=16 trained_events=16 mean_loss=0.919565 lr=0.00085347 step=stateful RMSProp step applied
      unit 5/65 rc=109979 chunks=1 trained_queries=41 trained_events=48 mean_loss=1.208978 lr=0.000850854 step=stateful RMSProp step applied
      unit 6/65 rc=378 chunks=2 trained_queries=54875 trained_events=94080 mean_loss=2.169812 lr=0.000848242 step=stateful RMSProp step applied
      unit 7/65 rc=54 chunks=3 trained_queries=146903 trained_events=301856 mean_loss=2.015866 lr=0.000845631 step=stateful RMSProp step applied
      unit 8/65 rc=2061 chunks=1 trained_queries=19351 trained_events=28624 mean_loss=2.228940 lr=0.000843023 step=stateful RMSProp step applied
      unit 9/65 rc=74 chunks=1 trained_queries=35110 trained_events=118240 mean_loss=1.840409 lr=0.000840417 step=stateful RMSProp step applied
      unit 10/65 rc=849363 chunks=1 trained_queries=16 trained_events=432 mean_loss=0.128349 lr=0.000837813 step=stateful RMSProp step applied
      unit 11/65 rc=16 chunks=2 trained_queries=74861 trained_events=154864 mean_loss=1.952837 lr=0.000835213 step=stateful RMSProp step applied
      unit 12/65 rc=547 chunks=1 trained_queries=30300 trained_events=55216 mean_loss=1.908822 lr=0.000832614 step=stateful RMSProp step applied
      unit 13/65 rc=213 chunks=1 trained_queries=15923 trained_events=37200 mean_loss=1.966257 lr=0.000830018 step=stateful RMSProp step applied
      unit 14/65 rc=78 chunks=2 trained_queries=55670 trained_events=115472 mean_loss=2.013710 lr=0.000827425 step=stateful RMSProp step applied
      unit 15/65 rc=18 chunks=1 trained_queries=19324 trained_events=41184 mean_loss=2.046830 lr=0.000824834 step=stateful RMSProp step applied
      unit 16/65 rc=7 chunks=1 trained_queries=22956 trained_events=58432 mean_loss=1.870760 lr=0.000822246 step=stateful RMSProp step applied
      unit 17/65 rc=6212 chunks=1 trained_queries=12887 trained_events=31552 mean_loss=1.840213 lr=0.00081966 step=stateful RMSProp step applied
      unit 18/65 rc=3055 chunks=1 trained_queries=37224 trained_events=92032 mean_loss=1.785660 lr=0.000817077 step=stateful RMSProp step applied
      unit 19/65 rc=1 chunks=1 trained_queries=11903 trained_events=27856 mean_loss=2.016786 lr=0.000814496 step=stateful RMSProp step applied
      unit 20/65 rc=14727 chunks=1 trained_queries=13922 trained_events=37200 mean_loss=1.788856 lr=0.000811918 step=stateful RMSProp step applied
      unit 21/65 rc=2977 chunks=1 trained_queries=20966 trained_events=46224 mean_loss=1.960001 lr=0.000809343 step=stateful RMSProp step applied
      unit 22/65 rc=497 chunks=2 trained_queries=80510 trained_events=178352 mean_loss=1.927002 lr=0.00080677 step=stateful RMSProp step applied
      unit 23/65 rc=14349 chunks=1 trained_queries=2379 trained_events=5104 mean_loss=1.990362 lr=0.000804199 step=stateful RMSProp step applied
      unit 24/65 rc=61678 chunks=1 trained_queries=6700 trained_events=24672 mean_loss=1.432199 lr=0.000801632 step=stateful RMSProp step applied
      unit 25/65 rc=416 chunks=1 trained_queries=26203 trained_events=59152 mean_loss=1.928282 lr=0.000799066 step=stateful RMSProp step applied
      unit 26/65 rc=308 chunks=1 trained_queries=20070 trained_events=43728 mean_loss=2.001019 lr=0.000796504 step=stateful RMSProp step applied
      unit 27/65 rc=522 chunks=1 trained_queries=30344 trained_events=74160 mean_loss=1.761510 lr=0.000793944 step=stateful RMSProp step applied
      unit 28/65 rc=611 chunks=1 trained_queries=37398 trained_events=78688 mean_loss=1.951680 lr=0.000791387 step=stateful RMSProp step applied
      unit 29/65 rc=7882 chunks=1 trained_queries=9984 trained_events=22352 mean_loss=2.025961 lr=0.000788832 step=stateful RMSProp step applied
      unit 30/65 rc=96207 chunks=1 trained_queries=368 trained_events=3696 mean_loss=0.716981 lr=0.00078628 step=stateful RMSProp step applied
      unit 31/65 rc=226 chunks=1 trained_queries=31432 trained_events=72896 mean_loss=1.903383 lr=0.000783731 step=stateful RMSProp step applied
      unit 32/65 rc=85 chunks=1 trained_queries=32416 trained_events=67744 mean_loss=2.037103 lr=0.000781184 step=stateful RMSProp step applied
      unit 33/65 rc=2669 chunks=2 trained_queries=52575 trained_events=104160 mean_loss=2.022554 lr=0.00077864 step=stateful RMSProp step applied
      unit 34/65 rc=3061 chunks=1 trained_queries=18981 trained_events=51680 mean_loss=1.679175 lr=0.000776099 step=stateful RMSProp step applied
      unit 35/65 rc=1714 chunks=1 trained_queries=5199 trained_events=12224 mean_loss=1.768331 lr=0.000773561 step=stateful RMSProp step applied
      unit 36/65 rc=367 chunks=1 trained_queries=25529 trained_events=53568 mean_loss=1.912745 lr=0.000771025 step=stateful RMSProp step applied
      unit 37/65 rc=435397 chunks=1 trained_queries=944 trained_events=1792 mean_loss=1.536519 lr=0.000768492 step=stateful RMSProp step applied
      unit 38/65 rc=141 chunks=1 trained_queries=13111 trained_events=27072 mean_loss=1.854465 lr=0.000765961 step=stateful RMSProp step applied
      unit 39/65 rc=253455 chunks=1 trained_queries=1172 trained_events=2576 mean_loss=1.423496 lr=0.000763434 step=stateful RMSProp step applied
      unit 40/65 rc=41 chunks=10 trained_queries=476269 trained_events=843007 mean_loss=2.197966 lr=0.000760909 step=stateful RMSProp step applied
      unit 41/65 rc=560 chunks=2 trained_queries=98499 trained_events=172032 mean_loss=2.175706 lr=0.000758387 step=stateful RMSProp step applied
      unit 42/65 rc=36 chunks=3 trained_queries=136045 trained_events=238518 mean_loss=2.180934 lr=0.000755868 step=stateful RMSProp step applied
      unit 43/65 rc=39 chunks=6 trained_queries=267502 trained_events=477704 mean_loss=2.146633 lr=0.000753351 step=stateful RMSProp step applied
      unit 44/65 rc=14 chunks=16 trained_queries=787429 trained_events=1441439 mean_loss=2.169195 lr=0.000750837 step=stateful RMSProp step applied
      unit 45/65 rc=21 chunks=3 trained_queries=135019 trained_events=240624 mean_loss=2.144243 lr=0.000748326 step=stateful RMSProp step applied
      unit 46/65 rc=541 chunks=3 trained_queries=120415 trained_events=203264 mean_loss=2.175506 lr=0.000745818 step=stateful RMSProp step applied
      unit 47/65 rc=51 chunks=9 trained_queries=409633 trained_events=780453 mean_loss=2.121640 lr=0.000743313 step=stateful RMSProp step applied
      unit 48/65 rc=2 chunks=8 trained_queries=388601 trained_events=691328 mean_loss=2.146585 lr=0.00074081 step=stateful RMSProp step applied
      unit 49/65 rc=1057 chunks=1 trained_queries=5910 trained_events=9744 mean_loss=2.080100 lr=0.000738311 step=stateful RMSProp step applied
      unit 50/65 rc=73 chunks=2 trained_queries=63481 trained_events=107824 mean_loss=2.060687 lr=0.000735814 step=stateful RMSProp step applied
      unit 51/65 rc=79 chunks=6 trained_queries=295710 trained_events=510176 mean_loss=2.165313 lr=0.00073332 step=stateful RMSProp step applied
      unit 52/65 rc=63 chunks=4 trained_queries=190096 trained_events=338304 mean_loss=2.138027 lr=0.000730829 step=stateful RMSProp step applied
      unit 53/65 rc=15 chunks=9 trained_queries=413445 trained_events=737803 mean_loss=2.144989 lr=0.000728341 step=stateful RMSProp step applied
      unit 54/65 rc=22 chunks=12 trained_queries=553466 trained_events=1002752 mean_loss=2.178717 lr=0.000725855 step=stateful RMSProp step applied
      unit 55/65 rc=32 chunks=2 trained_queries=96605 trained_events=164880 mean_loss=2.189391 lr=0.000723373 step=stateful RMSProp step applied
      unit 56/65 rc=8258 chunks=1 trained_queries=5343 trained_events=9456 mean_loss=1.955472 lr=0.000720894 step=stateful RMSProp step applied
      unit 57/65 rc=3 chunks=9 trained_queries=426507 trained_events=745744 mean_loss=2.179087 lr=0.000718417 step=stateful RMSProp step applied
      unit 58/65 rc=4 chunks=9 trained_queries=420567 trained_events=755483 mean_loss=2.167010 lr=0.000715943 step=stateful RMSProp step applied
      unit 59/65 rc=5 chunks=11 trained_queries=535061 trained_events=1019376 mean_loss=2.127967 lr=0.000713472 step=stateful RMSProp step applied
      unit 60/65 rc=48 chunks=5 trained_queries=235018 trained_events=405879 mean_loss=2.157292 lr=0.000711004 step=stateful RMSProp step applied
      unit 61/65 rc=164 chunks=2 trained_queries=68054 trained_events=119056 mean_loss=2.041147 lr=0.00070854 step=stateful RMSProp step applied
      unit 62/65 rc=28 chunks=3 trained_queries=147152 trained_events=266576 mean_loss=2.084088 lr=0.000706078 step=stateful RMSProp step applied
      unit 63/65 rc=9576 chunks=1 trained_queries=5204 trained_events=8048 mean_loss=2.109489 lr=0.000703618 step=stateful RMSProp step applied
      unit 64/65 rc=44 chunks=4 trained_queries=165699 trained_events=311920 mean_loss=2.083743 lr=0.000701163 step=stateful RMSProp step applied
      unit 65/65 rc=13 chunks=1 trained_queries=3594 trained_events=5440 mean_loss=1.964742 lr=0.00069871 step=stateful RMSProp step applied
    stage-epoch 17 summary trained_queries=8880137 trained_events=16953848 mean_loss=2.124936
    stage-epoch 18/25
      unit 1/65 rc=17 chunks=5 trained_queries=235411 trained_events=602672 mean_loss=2.048074 lr=0.00069626 step=stateful RMSProp step applied
      unit 2/65 rc=6 chunks=25 trained_queries=1209059 trained_events=2588010 mean_loss=2.155611 lr=0.000693813 step=stateful RMSProp step applied
      unit 3/65 rc=588 chunks=1 trained_queries=17780 trained_events=32192 mean_loss=1.987744 lr=0.000691369 step=stateful RMSProp step applied
      unit 4/65 rc=987290 chunks=1 trained_queries=16 trained_events=16 mean_loss=0.829015 lr=0.000688928 step=stateful RMSProp step applied
      unit 5/65 rc=109979 chunks=1 trained_queries=41 trained_events=48 mean_loss=1.155526 lr=0.00068649 step=stateful RMSProp step applied
      unit 6/65 rc=378 chunks=2 trained_queries=54875 trained_events=94080 mean_loss=2.154560 lr=0.000684055 step=stateful RMSProp step applied
      unit 7/65 rc=54 chunks=3 trained_queries=146903 trained_events=301856 mean_loss=2.002908 lr=0.000681623 step=stateful RMSProp step applied
      unit 8/65 rc=2061 chunks=1 trained_queries=19351 trained_events=28624 mean_loss=2.216512 lr=0.000679194 step=stateful RMSProp step applied
      unit 9/65 rc=74 chunks=1 trained_queries=35110 trained_events=118240 mean_loss=1.818020 lr=0.000676769 step=stateful RMSProp step applied
      unit 10/65 rc=849363 chunks=1 trained_queries=16 trained_events=432 mean_loss=0.116008 lr=0.000674346 step=stateful RMSProp step applied
      unit 11/65 rc=16 chunks=2 trained_queries=74861 trained_events=154864 mean_loss=1.942807 lr=0.000671927 step=stateful RMSProp step applied
      unit 12/65 rc=547 chunks=1 trained_queries=30300 trained_events=55216 mean_loss=1.899960 lr=0.00066951 step=stateful RMSProp step applied
      unit 13/65 rc=213 chunks=1 trained_queries=15923 trained_events=37200 mean_loss=1.949824 lr=0.000667097 step=stateful RMSProp step applied
      unit 14/65 rc=78 chunks=2 trained_queries=55670 trained_events=115472 mean_loss=2.016011 lr=0.000664687 step=stateful RMSProp step applied
      unit 15/65 rc=18 chunks=1 trained_queries=19324 trained_events=41184 mean_loss=2.033266 lr=0.000662279 step=stateful RMSProp step applied
      unit 16/65 rc=7 chunks=1 trained_queries=22956 trained_events=58432 mean_loss=1.859372 lr=0.000659876 step=stateful RMSProp step applied
      unit 17/65 rc=6212 chunks=1 trained_queries=12887 trained_events=31552 mean_loss=1.811077 lr=0.000657475 step=stateful RMSProp step applied
      unit 18/65 rc=3055 chunks=1 trained_queries=37224 trained_events=92032 mean_loss=1.773812 lr=0.000655077 step=stateful RMSProp step applied
      unit 19/65 rc=1 chunks=1 trained_queries=11903 trained_events=27856 mean_loss=1.983758 lr=0.000652682 step=stateful RMSProp step applied
      unit 20/65 rc=14727 chunks=1 trained_queries=13922 trained_events=37200 mean_loss=1.754261 lr=0.000650291 step=stateful RMSProp step applied
      unit 21/65 rc=2977 chunks=1 trained_queries=20966 trained_events=46224 mean_loss=1.943488 lr=0.000647903 step=stateful RMSProp step applied
      unit 22/65 rc=497 chunks=2 trained_queries=80510 trained_events=178352 mean_loss=1.909081 lr=0.000645518 step=stateful RMSProp step applied
      unit 23/65 rc=14349 chunks=1 trained_queries=2379 trained_events=5104 mean_loss=1.969182 lr=0.000643136 step=stateful RMSProp step applied
      unit 24/65 rc=61678 chunks=1 trained_queries=6700 trained_events=24672 mean_loss=1.377860 lr=0.000640757 step=stateful RMSProp step applied
      unit 25/65 rc=416 chunks=1 trained_queries=26203 trained_events=59152 mean_loss=1.905286 lr=0.000638382 step=stateful RMSProp step applied
      unit 26/65 rc=308 chunks=1 trained_queries=20070 trained_events=43728 mean_loss=1.991983 lr=0.00063601 step=stateful RMSProp step applied
      unit 27/65 rc=522 chunks=1 trained_queries=30344 trained_events=74160 mean_loss=1.745711 lr=0.000633641 step=stateful RMSProp step applied
      unit 28/65 rc=611 chunks=1 trained_queries=37398 trained_events=78688 mean_loss=1.934152 lr=0.000631275 step=stateful RMSProp step applied
      unit 29/65 rc=7882 chunks=1 trained_queries=9984 trained_events=22352 mean_loss=2.003695 lr=0.000628913 step=stateful RMSProp step applied
      unit 30/65 rc=96207 chunks=1 trained_queries=368 trained_events=3696 mean_loss=0.682301 lr=0.000626553 step=stateful RMSProp step applied
      unit 31/65 rc=226 chunks=1 trained_queries=31432 trained_events=72896 mean_loss=1.884032 lr=0.000624198 step=stateful RMSProp step applied
      unit 32/65 rc=85 chunks=1 trained_queries=32416 trained_events=67744 mean_loss=2.043704 lr=0.000621845 step=stateful RMSProp step applied
      unit 33/65 rc=2669 chunks=2 trained_queries=52575 trained_events=104160 mean_loss=2.025255 lr=0.000619496 step=stateful RMSProp step applied
      unit 34/65 rc=3061 chunks=1 trained_queries=18981 trained_events=51680 mean_loss=1.669477 lr=0.000617149 step=stateful RMSProp step applied
      unit 35/65 rc=1714 chunks=1 trained_queries=5199 trained_events=12224 mean_loss=1.762444 lr=0.000614807 step=stateful RMSProp step applied
      unit 36/65 rc=367 chunks=1 trained_queries=25529 trained_events=53568 mean_loss=1.906256 lr=0.000612467 step=stateful RMSProp step applied
      unit 37/65 rc=435397 chunks=1 trained_queries=944 trained_events=1792 mean_loss=1.541743 lr=0.000610131 step=stateful RMSProp step applied
      unit 38/65 rc=141 chunks=1 trained_queries=13111 trained_events=27072 mean_loss=1.841458 lr=0.000607798 step=stateful RMSProp step applied
      unit 39/65 rc=253455 chunks=1 trained_queries=1172 trained_events=2576 mean_loss=1.412906 lr=0.000605469 step=stateful RMSProp step applied
      unit 40/65 rc=41 chunks=10 trained_queries=476269 trained_events=843007 mean_loss=2.187346 lr=0.000603142 step=stateful RMSProp step applied
      unit 41/65 rc=560 chunks=2 trained_queries=98499 trained_events=172032 mean_loss=2.165192 lr=0.000600819 step=stateful RMSProp step applied
      unit 42/65 rc=36 chunks=3 trained_queries=136045 trained_events=238518 mean_loss=2.172839 lr=0.0005985 step=stateful RMSProp step applied
      unit 43/65 rc=39 chunks=6 trained_queries=267502 trained_events=477704 mean_loss=2.139199 lr=0.000596184 step=stateful RMSProp step applied
      unit 44/65 rc=14 chunks=16 trained_queries=787429 trained_events=1441439 mean_loss=2.164849 lr=0.000593871 step=stateful RMSProp step applied
      unit 45/65 rc=21 chunks=3 trained_queries=135019 trained_events=240624 mean_loss=2.135371 lr=0.000591562 step=stateful RMSProp step applied
      unit 46/65 rc=541 chunks=3 trained_queries=120415 trained_events=203264 mean_loss=2.168088 lr=0.000589256 step=stateful RMSProp step applied
      unit 47/65 rc=51 chunks=9 trained_queries=409633 trained_events=780453 mean_loss=2.114485 lr=0.000586954 step=stateful RMSProp step applied
      unit 48/65 rc=2 chunks=8 trained_queries=388601 trained_events=691328 mean_loss=2.140039 lr=0.000584655 step=stateful RMSProp step applied
      unit 49/65 rc=1057 chunks=1 trained_queries=5910 trained_events=9744 mean_loss=2.066315 lr=0.000582359 step=stateful RMSProp step applied
      unit 50/65 rc=73 chunks=2 trained_queries=63481 trained_events=107824 mean_loss=2.052026 lr=0.000580067 step=stateful RMSProp step applied
      unit 51/65 rc=79 chunks=6 trained_queries=295710 trained_events=510176 mean_loss=2.155775 lr=0.000577778 step=stateful RMSProp step applied
      unit 52/65 rc=63 chunks=4 trained_queries=190096 trained_events=338304 mean_loss=2.130737 lr=0.000575493 step=stateful RMSProp step applied
      unit 53/65 rc=15 chunks=9 trained_queries=413445 trained_events=737803 mean_loss=2.138478 lr=0.000573211 step=stateful RMSProp step applied
      unit 54/65 rc=22 chunks=12 trained_queries=553466 trained_events=1002752 mean_loss=2.171230 lr=0.000570932 step=stateful RMSProp step applied
      unit 55/65 rc=32 chunks=2 trained_queries=96605 trained_events=164880 mean_loss=2.181937 lr=0.000568657 step=stateful RMSProp step applied
      unit 56/65 rc=8258 chunks=1 trained_queries=5343 trained_events=9456 mean_loss=1.939698 lr=0.000566386 step=stateful RMSProp step applied
      unit 57/65 rc=3 chunks=9 trained_queries=426507 trained_events=745744 mean_loss=2.171651 lr=0.000564117 step=stateful RMSProp step applied
      unit 58/65 rc=4 chunks=9 trained_queries=420567 trained_events=755483 mean_loss=2.159910 lr=0.000561853 step=stateful RMSProp step applied
      unit 59/65 rc=5 chunks=11 trained_queries=535061 trained_events=1019376 mean_loss=2.119971 lr=0.000559592 step=stateful RMSProp step applied
      unit 60/65 rc=48 chunks=5 trained_queries=235018 trained_events=405879 mean_loss=2.150833 lr=0.000557335 step=stateful RMSProp step applied
      unit 61/65 rc=164 chunks=2 trained_queries=68054 trained_events=119056 mean_loss=2.033095 lr=0.000555081 step=stateful RMSProp step applied
      unit 62/65 rc=28 chunks=3 trained_queries=147152 trained_events=266576 mean_loss=2.076948 lr=0.00055283 step=stateful RMSProp step applied
      unit 63/65 rc=9576 chunks=1 trained_queries=5204 trained_events=8048 mean_loss=2.103000 lr=0.000550583 step=stateful RMSProp step applied
      unit 64/65 rc=44 chunks=4 trained_queries=165699 trained_events=311920 mean_loss=2.074628 lr=0.00054834 step=stateful RMSProp step applied
      unit 65/65 rc=13 chunks=1 trained_queries=3594 trained_events=5440 mean_loss=1.953859 lr=0.0005461 step=stateful RMSProp step applied
    stage-epoch 18 summary trained_queries=8880137 trained_events=16953848 mean_loss=2.116068
    stage-epoch 19/25
      unit 1/65 rc=17 chunks=5 trained_queries=235411 trained_events=602672 mean_loss=2.042409 lr=0.000543864 step=stateful RMSProp step applied
      unit 2/65 rc=6 chunks=25 trained_queries=1209059 trained_events=2588010 mean_loss=2.148100 lr=0.000541631 step=stateful RMSProp step applied
      unit 3/65 rc=588 chunks=1 trained_queries=17780 trained_events=32192 mean_loss=1.979539 lr=0.000539402 step=stateful RMSProp step applied
      unit 4/65 rc=987290 chunks=1 trained_queries=16 trained_events=16 mean_loss=0.761572 lr=0.000537177 step=stateful RMSProp step applied
      unit 5/65 rc=109979 chunks=1 trained_queries=41 trained_events=48 mean_loss=1.112140 lr=0.000534955 step=stateful RMSProp step applied
      unit 6/65 rc=378 chunks=2 trained_queries=54875 trained_events=94080 mean_loss=2.111381 lr=0.000532736 step=stateful RMSProp step applied
      unit 7/65 rc=54 chunks=3 trained_queries=146903 trained_events=301856 mean_loss=1.977947 lr=0.000530522 step=stateful RMSProp step applied
      unit 8/65 rc=2061 chunks=1 trained_queries=19351 trained_events=28624 mean_loss=2.195216 lr=0.000528311 step=stateful RMSProp step applied
      unit 9/65 rc=74 chunks=1 trained_queries=35110 trained_events=118240 mean_loss=1.801771 lr=0.000526103 step=stateful RMSProp step applied
      unit 10/65 rc=849363 chunks=1 trained_queries=16 trained_events=432 mean_loss=0.110542 lr=0.0005239 step=stateful RMSProp step applied
      unit 11/65 rc=16 chunks=2 trained_queries=74861 trained_events=154864 mean_loss=1.925140 lr=0.0005217 step=stateful RMSProp step applied
      unit 12/65 rc=547 chunks=1 trained_queries=30300 trained_events=55216 mean_loss=1.923213 lr=0.000519503 step=stateful RMSProp step applied
      unit 13/65 rc=213 chunks=1 trained_queries=15923 trained_events=37200 mean_loss=1.929139 lr=0.00051731 step=stateful RMSProp step applied
      unit 14/65 rc=78 chunks=2 trained_queries=55670 trained_events=115472 mean_loss=1.986350 lr=0.000515121 step=stateful RMSProp step applied
      unit 15/65 rc=18 chunks=1 trained_queries=19324 trained_events=41184 mean_loss=2.020683 lr=0.000512936 step=stateful RMSProp step applied
      unit 16/65 rc=7 chunks=1 trained_queries=22956 trained_events=58432 mean_loss=1.835423 lr=0.000510754 step=stateful RMSProp step applied
      unit 17/65 rc=6212 chunks=1 trained_queries=12887 trained_events=31552 mean_loss=1.791108 lr=0.000508576 step=stateful RMSProp step applied
      unit 18/65 rc=3055 chunks=1 trained_queries=37224 trained_events=92032 mean_loss=1.757386 lr=0.000506402 step=stateful RMSProp step applied
      unit 19/65 rc=1 chunks=1 trained_queries=11903 trained_events=27856 mean_loss=1.977454 lr=0.000504231 step=stateful RMSProp step applied
      unit 20/65 rc=14727 chunks=1 trained_queries=13922 trained_events=37200 mean_loss=1.746002 lr=0.000502064 step=stateful RMSProp step applied
      unit 21/65 rc=2977 chunks=1 trained_queries=20966 trained_events=46224 mean_loss=1.939711 lr=0.000499901 step=stateful RMSProp step applied
      unit 22/65 rc=497 chunks=2 trained_queries=80510 trained_events=178352 mean_loss=1.897999 lr=0.000497742 step=stateful RMSProp step applied
      unit 23/65 rc=14349 chunks=1 trained_queries=2379 trained_events=5104 mean_loss=1.953861 lr=0.000495586 step=stateful RMSProp step applied
      unit 24/65 rc=61678 chunks=1 trained_queries=6700 trained_events=24672 mean_loss=1.373771 lr=0.000493434 step=stateful RMSProp step applied
      unit 25/65 rc=416 chunks=1 trained_queries=26203 trained_events=59152 mean_loss=1.887239 lr=0.000491286 step=stateful RMSProp step applied
      unit 26/65 rc=308 chunks=1 trained_queries=20070 trained_events=43728 mean_loss=1.973315 lr=0.000489141 step=stateful RMSProp step applied
      unit 27/65 rc=522 chunks=1 trained_queries=30344 trained_events=74160 mean_loss=1.743048 lr=0.000487001 step=stateful RMSProp step applied
      unit 28/65 rc=611 chunks=1 trained_queries=37398 trained_events=78688 mean_loss=1.927241 lr=0.000484864 step=stateful RMSProp step applied
      unit 29/65 rc=7882 chunks=1 trained_queries=9984 trained_events=22352 mean_loss=2.000950 lr=0.000482731 step=stateful RMSProp step applied
      unit 30/65 rc=96207 chunks=1 trained_queries=368 trained_events=3696 mean_loss=0.679440 lr=0.000480602 step=stateful RMSProp step applied
      unit 31/65 rc=226 chunks=1 trained_queries=31432 trained_events=72896 mean_loss=1.877923 lr=0.000478476 step=stateful RMSProp step applied
      unit 32/65 rc=85 chunks=1 trained_queries=32416 trained_events=67744 mean_loss=2.015471 lr=0.000476355 step=stateful RMSProp step applied
      unit 33/65 rc=2669 chunks=2 trained_queries=52575 trained_events=104160 mean_loss=2.011669 lr=0.000474237 step=stateful RMSProp step applied
      unit 34/65 rc=3061 chunks=1 trained_queries=18981 trained_events=51680 mean_loss=1.646651 lr=0.000472123 step=stateful RMSProp step applied
      unit 35/65 rc=1714 chunks=1 trained_queries=5199 trained_events=12224 mean_loss=1.746277 lr=0.000470013 step=stateful RMSProp step applied
      unit 36/65 rc=367 chunks=1 trained_queries=25529 trained_events=53568 mean_loss=1.893041 lr=0.000467906 step=stateful RMSProp step applied
      unit 37/65 rc=435397 chunks=1 trained_queries=944 trained_events=1792 mean_loss=1.509185 lr=0.000465804 step=stateful RMSProp step applied
      unit 38/65 rc=141 chunks=1 trained_queries=13111 trained_events=27072 mean_loss=1.830083 lr=0.000463705 step=stateful RMSProp step applied
      unit 39/65 rc=253455 chunks=1 trained_queries=1172 trained_events=2576 mean_loss=1.408318 lr=0.000461611 step=stateful RMSProp step applied
      unit 40/65 rc=41 chunks=10 trained_queries=476269 trained_events=843007 mean_loss=2.178515 lr=0.00045952 step=stateful RMSProp step applied
      unit 41/65 rc=560 chunks=2 trained_queries=98499 trained_events=172032 mean_loss=2.157594 lr=0.000457433 step=stateful RMSProp step applied
      unit 42/65 rc=36 chunks=3 trained_queries=136045 trained_events=238518 mean_loss=2.163739 lr=0.00045535 step=stateful RMSProp step applied
      unit 43/65 rc=39 chunks=6 trained_queries=267502 trained_events=477704 mean_loss=2.133002 lr=0.000453271 step=stateful RMSProp step applied
      unit 44/65 rc=14 chunks=16 trained_queries=787429 trained_events=1441439 mean_loss=2.157035 lr=0.000451196 step=stateful RMSProp step applied
      unit 45/65 rc=21 chunks=3 trained_queries=135019 trained_events=240624 mean_loss=2.128223 lr=0.000449124 step=stateful RMSProp step applied
      unit 46/65 rc=541 chunks=3 trained_queries=120415 trained_events=203264 mean_loss=2.161327 lr=0.000447057 step=stateful RMSProp step applied
      unit 47/65 rc=51 chunks=9 trained_queries=409633 trained_events=780453 mean_loss=2.109148 lr=0.000444994 step=stateful RMSProp step applied
      unit 48/65 rc=2 chunks=8 trained_queries=388601 trained_events=691328 mean_loss=2.134570 lr=0.000442934 step=stateful RMSProp step applied
      unit 49/65 rc=1057 chunks=1 trained_queries=5910 trained_events=9744 mean_loss=2.054491 lr=0.000440879 step=stateful RMSProp step applied
      unit 50/65 rc=73 chunks=2 trained_queries=63481 trained_events=107824 mean_loss=2.045706 lr=0.000438827 step=stateful RMSProp step applied
      unit 51/65 rc=79 chunks=6 trained_queries=295710 trained_events=510176 mean_loss=2.150160 lr=0.000436779 step=stateful RMSProp step applied
      unit 52/65 rc=63 chunks=4 trained_queries=190096 trained_events=338304 mean_loss=2.125566 lr=0.000434736 step=stateful RMSProp step applied
      unit 53/65 rc=15 chunks=9 trained_queries=413445 trained_events=737803 mean_loss=2.133573 lr=0.000432696 step=stateful RMSProp step applied
      unit 54/65 rc=22 chunks=12 trained_queries=553466 trained_events=1002752 mean_loss=2.164985 lr=0.000430661 step=stateful RMSProp step applied
      unit 55/65 rc=32 chunks=2 trained_queries=96605 trained_events=164880 mean_loss=2.175469 lr=0.000428629 step=stateful RMSProp step applied
      unit 56/65 rc=8258 chunks=1 trained_queries=5343 trained_events=9456 mean_loss=1.928876 lr=0.000426602 step=stateful RMSProp step applied
      unit 57/65 rc=3 chunks=9 trained_queries=426507 trained_events=745744 mean_loss=2.166359 lr=0.000424578 step=stateful RMSProp step applied
      unit 58/65 rc=4 chunks=9 trained_queries=420567 trained_events=755483 mean_loss=2.155232 lr=0.000422558 step=stateful RMSProp step applied
      unit 59/65 rc=5 chunks=11 trained_queries=535061 trained_events=1019376 mean_loss=2.115925 lr=0.000420543 step=stateful RMSProp step applied
      unit 60/65 rc=48 chunks=5 trained_queries=235018 trained_events=405879 mean_loss=2.146699 lr=0.000418531 step=stateful RMSProp step applied
      unit 61/65 rc=164 chunks=2 trained_queries=68054 trained_events=119056 mean_loss=2.028243 lr=0.000416524 step=stateful RMSProp step applied
      unit 62/65 rc=28 chunks=3 trained_queries=147152 trained_events=266576 mean_loss=2.069796 lr=0.00041452 step=stateful RMSProp step applied
      unit 63/65 rc=9576 chunks=1 trained_queries=5204 trained_events=8048 mean_loss=2.096485 lr=0.000412521 step=stateful RMSProp step applied
      unit 64/65 rc=44 chunks=4 trained_queries=165699 trained_events=311920 mean_loss=2.066165 lr=0.000410526 step=stateful RMSProp step applied
      unit 65/65 rc=13 chunks=1 trained_queries=3594 trained_events=5440 mean_loss=1.946980 lr=0.000408534 step=stateful RMSProp step applied
    stage-epoch 19 summary trained_queries=8880137 trained_events=16953848 mean_loss=2.108409
    stage-epoch 20/25
      unit 1/65 rc=17 chunks=5 trained_queries=235411 trained_events=602672 mean_loss=2.025414 lr=0.000406547 step=stateful RMSProp step applied
      unit 2/65 rc=6 chunks=25 trained_queries=1209059 trained_events=2588010 mean_loss=2.144821 lr=0.000404564 step=stateful RMSProp step applied
      unit 3/65 rc=588 chunks=1 trained_queries=17780 trained_events=32192 mean_loss=1.967056 lr=0.000402585 step=stateful RMSProp step applied
      unit 4/65 rc=987290 chunks=1 trained_queries=16 trained_events=16 mean_loss=0.703740 lr=0.00040061 step=stateful RMSProp step applied
      unit 5/65 rc=109979 chunks=1 trained_queries=41 trained_events=48 mean_loss=1.073684 lr=0.000398639 step=stateful RMSProp step applied
      unit 6/65 rc=378 chunks=2 trained_queries=54875 trained_events=94080 mean_loss=2.100014 lr=0.000396673 step=stateful RMSProp step applied
      unit 7/65 rc=54 chunks=3 trained_queries=146903 trained_events=301856 mean_loss=1.969798 lr=0.00039471 step=stateful RMSProp step applied
      unit 8/65 rc=2061 chunks=1 trained_queries=19351 trained_events=28624 mean_loss=2.189265 lr=0.000392751 step=stateful RMSProp step applied
      unit 9/65 rc=74 chunks=1 trained_queries=35110 trained_events=118240 mean_loss=1.780587 lr=0.000390797 step=stateful RMSProp step applied
      unit 10/65 rc=849363 chunks=1 trained_queries=16 trained_events=432 mean_loss=0.102168 lr=0.000388847 step=stateful RMSProp step applied
      unit 11/65 rc=16 chunks=2 trained_queries=74861 trained_events=154864 mean_loss=1.917275 lr=0.000386901 step=stateful RMSProp step applied
      unit 12/65 rc=547 chunks=1 trained_queries=30300 trained_events=55216 mean_loss=1.883042 lr=0.000384959 step=stateful RMSProp step applied
      unit 13/65 rc=213 chunks=1 trained_queries=15923 trained_events=37200 mean_loss=1.917273 lr=0.000383022 step=stateful RMSProp step applied
      unit 14/65 rc=78 chunks=2 trained_queries=55670 trained_events=115472 mean_loss=1.979087 lr=0.000381088 step=stateful RMSProp step applied
      unit 15/65 rc=18 chunks=1 trained_queries=19324 trained_events=41184 mean_loss=2.017771 lr=0.000379159 step=stateful RMSProp step applied
      unit 16/65 rc=7 chunks=1 trained_queries=22956 trained_events=58432 mean_loss=1.824993 lr=0.000377234 step=stateful RMSProp step applied
      unit 17/65 rc=6212 chunks=1 trained_queries=12887 trained_events=31552 mean_loss=1.771294 lr=0.000375313 step=stateful RMSProp step applied
      unit 18/65 rc=3055 chunks=1 trained_queries=37224 trained_events=92032 mean_loss=1.747012 lr=0.000373396 step=stateful RMSProp step applied
      unit 19/65 rc=1 chunks=1 trained_queries=11903 trained_events=27856 mean_loss=1.968644 lr=0.000371484 step=stateful RMSProp step applied
      unit 20/65 rc=14727 chunks=1 trained_queries=13922 trained_events=37200 mean_loss=1.727032 lr=0.000369575 step=stateful RMSProp step applied
      unit 21/65 rc=2977 chunks=1 trained_queries=20966 trained_events=46224 mean_loss=1.925273 lr=0.000367671 step=stateful RMSProp step applied
      unit 22/65 rc=497 chunks=2 trained_queries=80510 trained_events=178352 mean_loss=1.889919 lr=0.000365771 step=stateful RMSProp step applied
      unit 23/65 rc=14349 chunks=1 trained_queries=2379 trained_events=5104 mean_loss=1.929663 lr=0.000363876 step=stateful RMSProp step applied
      unit 24/65 rc=61678 chunks=1 trained_queries=6700 trained_events=24672 mean_loss=1.413503 lr=0.000361985 step=stateful RMSProp step applied
      unit 25/65 rc=416 chunks=1 trained_queries=26203 trained_events=59152 mean_loss=1.874918 lr=0.000360097 step=stateful RMSProp step applied
      unit 26/65 rc=308 chunks=1 trained_queries=20070 trained_events=43728 mean_loss=1.962416 lr=0.000358215 step=stateful RMSProp step applied
      unit 27/65 rc=522 chunks=1 trained_queries=30344 trained_events=74160 mean_loss=1.728698 lr=0.000356336 step=stateful RMSProp step applied
      unit 28/65 rc=611 chunks=1 trained_queries=37398 trained_events=78688 mean_loss=1.916247 lr=0.000354462 step=stateful RMSProp step applied
      unit 29/65 rc=7882 chunks=1 trained_queries=9984 trained_events=22352 mean_loss=1.986830 lr=0.000352592 step=stateful RMSProp step applied
      unit 30/65 rc=96207 chunks=1 trained_queries=368 trained_events=3696 mean_loss=0.650064 lr=0.000350726 step=stateful RMSProp step applied
      unit 31/65 rc=226 chunks=1 trained_queries=31432 trained_events=72896 mean_loss=1.855445 lr=0.000348865 step=stateful RMSProp step applied
      unit 32/65 rc=85 chunks=1 trained_queries=32416 trained_events=67744 mean_loss=2.012477 lr=0.000347008 step=stateful RMSProp step applied
      unit 33/65 rc=2669 chunks=2 trained_queries=52575 trained_events=104160 mean_loss=2.009178 lr=0.000345155 step=stateful RMSProp step applied
      unit 34/65 rc=3061 chunks=1 trained_queries=18981 trained_events=51680 mean_loss=1.647505 lr=0.000343306 step=stateful RMSProp step applied
      unit 35/65 rc=1714 chunks=1 trained_queries=5199 trained_events=12224 mean_loss=1.759921 lr=0.000341462 step=stateful RMSProp step applied
      unit 36/65 rc=367 chunks=1 trained_queries=25529 trained_events=53568 mean_loss=1.886446 lr=0.000339622 step=stateful RMSProp step applied
      unit 37/65 rc=435397 chunks=1 trained_queries=944 trained_events=1792 mean_loss=1.488175 lr=0.000337787 step=stateful RMSProp step applied
      unit 38/65 rc=141 chunks=1 trained_queries=13111 trained_events=27072 mean_loss=1.821610 lr=0.000335956 step=stateful RMSProp step applied
      unit 39/65 rc=253455 chunks=1 trained_queries=1172 trained_events=2576 mean_loss=1.388828 lr=0.000334129 step=stateful RMSProp step applied
      unit 40/65 rc=41 chunks=10 trained_queries=476269 trained_events=843007 mean_loss=2.169169 lr=0.000332307 step=stateful RMSProp step applied
      unit 41/65 rc=560 chunks=2 trained_queries=98499 trained_events=172032 mean_loss=2.150727 lr=0.000330488 step=stateful RMSProp step applied
      unit 42/65 rc=36 chunks=3 trained_queries=136045 trained_events=238518 mean_loss=2.156348 lr=0.000328675 step=stateful RMSProp step applied
      unit 43/65 rc=39 chunks=6 trained_queries=267502 trained_events=477704 mean_loss=2.126614 lr=0.000326865 step=stateful RMSProp step applied
      unit 44/65 rc=14 chunks=16 trained_queries=787429 trained_events=1441439 mean_loss=2.151573 lr=0.00032506 step=stateful RMSProp step applied
      unit 45/65 rc=21 chunks=3 trained_queries=135019 trained_events=240624 mean_loss=2.121996 lr=0.00032326 step=stateful RMSProp step applied
      unit 46/65 rc=541 chunks=3 trained_queries=120415 trained_events=203264 mean_loss=2.157076 lr=0.000321464 step=stateful RMSProp step applied
      unit 47/65 rc=51 chunks=9 trained_queries=409633 trained_events=780453 mean_loss=2.103272 lr=0.000319672 step=stateful RMSProp step applied
      unit 48/65 rc=2 chunks=8 trained_queries=388601 trained_events=691328 mean_loss=2.131518 lr=0.000317885 step=stateful RMSProp step applied
      unit 49/65 rc=1057 chunks=1 trained_queries=5910 trained_events=9744 mean_loss=2.044387 lr=0.000316102 step=stateful RMSProp step applied
      unit 50/65 rc=73 chunks=2 trained_queries=63481 trained_events=107824 mean_loss=2.040899 lr=0.000314323 step=stateful RMSProp step applied
      unit 51/65 rc=79 chunks=6 trained_queries=295710 trained_events=510176 mean_loss=2.145793 lr=0.000312549 step=stateful RMSProp step applied
      unit 52/65 rc=63 chunks=4 trained_queries=190096 trained_events=338304 mean_loss=2.122018 lr=0.00031078 step=stateful RMSProp step applied
      unit 53/65 rc=15 chunks=9 trained_queries=413445 trained_events=737803 mean_loss=2.130381 lr=0.000309014 step=stateful RMSProp step applied
      unit 54/65 rc=22 chunks=12 trained_queries=553466 trained_events=1002752 mean_loss=2.160587 lr=0.000307253 step=stateful RMSProp step applied
      unit 55/65 rc=32 chunks=2 trained_queries=96605 trained_events=164880 mean_loss=2.170329 lr=0.000305497 step=stateful RMSProp step applied
      unit 56/65 rc=8258 chunks=1 trained_queries=5343 trained_events=9456 mean_loss=1.922127 lr=0.000303746 step=stateful RMSProp step applied
      unit 57/65 rc=3 chunks=9 trained_queries=426507 trained_events=745744 mean_loss=2.161518 lr=0.000301998 step=stateful RMSProp step applied
      unit 58/65 rc=4 chunks=9 trained_queries=420567 trained_events=755483 mean_loss=2.151801 lr=0.000300256 step=stateful RMSProp step applied
      unit 59/65 rc=5 chunks=11 trained_queries=535061 trained_events=1019376 mean_loss=2.112457 lr=0.000298517 step=stateful RMSProp step applied
      unit 60/65 rc=48 chunks=5 trained_queries=235018 trained_events=405879 mean_loss=2.143170 lr=0.000296783 step=stateful RMSProp step applied
      unit 61/65 rc=164 chunks=2 trained_queries=68054 trained_events=119056 mean_loss=2.025257 lr=0.000295054 step=stateful RMSProp step applied
      unit 62/65 rc=28 chunks=3 trained_queries=147152 trained_events=266576 mean_loss=2.065585 lr=0.000293329 step=stateful RMSProp step applied
      unit 63/65 rc=9576 chunks=1 trained_queries=5204 trained_events=8048 mean_loss=2.089068 lr=0.000291609 step=stateful RMSProp step applied
      unit 64/65 rc=44 chunks=4 trained_queries=165699 trained_events=311920 mean_loss=2.059956 lr=0.000289893 step=stateful RMSProp step applied
      unit 65/65 rc=13 chunks=1 trained_queries=3594 trained_events=5440 mean_loss=1.938887 lr=0.000288181 step=stateful RMSProp step applied
    stage-epoch 20 summary trained_queries=8880137 trained_events=16953848 mean_loss=2.102634
    stage-epoch 21/25
      unit 1/65 rc=17 chunks=5 trained_queries=235411 trained_events=602672 mean_loss=2.020439 lr=0.000286474 step=stateful RMSProp step applied
      unit 2/65 rc=6 chunks=25 trained_queries=1209059 trained_events=2588010 mean_loss=2.139365 lr=0.000284772 step=stateful RMSProp step applied
      unit 3/65 rc=588 chunks=1 trained_queries=17780 trained_events=32192 mean_loss=1.963742 lr=0.000283074 step=stateful RMSProp step applied
      unit 4/65 rc=987290 chunks=1 trained_queries=16 trained_events=16 mean_loss=0.661382 lr=0.000281381 step=stateful RMSProp step applied
      unit 5/65 rc=109979 chunks=1 trained_queries=41 trained_events=48 mean_loss=1.039947 lr=0.000279692 step=stateful RMSProp step applied
      unit 6/65 rc=378 chunks=2 trained_queries=54875 trained_events=94080 mean_loss=2.087007 lr=0.000278009 step=stateful RMSProp step applied
      unit 7/65 rc=54 chunks=3 trained_queries=146903 trained_events=301856 mean_loss=1.960330 lr=0.000276329 step=stateful RMSProp step applied
      unit 8/65 rc=2061 chunks=1 trained_queries=19351 trained_events=28624 mean_loss=2.182107 lr=0.000274654 step=stateful RMSProp step applied
      unit 9/65 rc=74 chunks=1 trained_queries=35110 trained_events=118240 mean_loss=1.769173 lr=0.000272984 step=stateful RMSProp step applied
      unit 10/65 rc=849363 chunks=1 trained_queries=16 trained_events=432 mean_loss=0.094761 lr=0.000271318 step=stateful RMSProp step applied
      unit 11/65 rc=16 chunks=2 trained_queries=74861 trained_events=154864 mean_loss=1.913708 lr=0.000269657 step=stateful RMSProp step applied
      unit 12/65 rc=547 chunks=1 trained_queries=30300 trained_events=55216 mean_loss=1.879953 lr=0.000268 step=stateful RMSProp step applied
      unit 13/65 rc=213 chunks=1 trained_queries=15923 trained_events=37200 mean_loss=1.907393 lr=0.000266349 step=stateful RMSProp step applied
      unit 14/65 rc=78 chunks=2 trained_queries=55670 trained_events=115472 mean_loss=1.972262 lr=0.000264701 step=stateful RMSProp step applied
      unit 15/65 rc=18 chunks=1 trained_queries=19324 trained_events=41184 mean_loss=1.996435 lr=0.000263058 step=stateful RMSProp step applied
      unit 16/65 rc=7 chunks=1 trained_queries=22956 trained_events=58432 mean_loss=1.814861 lr=0.00026142 step=stateful RMSProp step applied
      unit 17/65 rc=6212 chunks=1 trained_queries=12887 trained_events=31552 mean_loss=1.767871 lr=0.000259787 step=stateful RMSProp step applied
      unit 18/65 rc=3055 chunks=1 trained_queries=37224 trained_events=92032 mean_loss=1.741660 lr=0.000258158 step=stateful RMSProp step applied
      unit 19/65 rc=1 chunks=1 trained_queries=11903 trained_events=27856 mean_loss=1.961612 lr=0.000256534 step=stateful RMSProp step applied
      unit 20/65 rc=14727 chunks=1 trained_queries=13922 trained_events=37200 mean_loss=1.718649 lr=0.000254914 step=stateful RMSProp step applied
      unit 21/65 rc=2977 chunks=1 trained_queries=20966 trained_events=46224 mean_loss=1.921636 lr=0.000253299 step=stateful RMSProp step applied
      unit 22/65 rc=497 chunks=2 trained_queries=80510 trained_events=178352 mean_loss=1.891111 lr=0.000251689 step=stateful RMSProp step applied
      unit 23/65 rc=14349 chunks=1 trained_queries=2379 trained_events=5104 mean_loss=1.917269 lr=0.000250084 step=stateful RMSProp step applied
      unit 24/65 rc=61678 chunks=1 trained_queries=6700 trained_events=24672 mean_loss=1.357451 lr=0.000248483 step=stateful RMSProp step applied
      unit 25/65 rc=416 chunks=1 trained_queries=26203 trained_events=59152 mean_loss=1.867215 lr=0.000246886 step=stateful RMSProp step applied
      unit 26/65 rc=308 chunks=1 trained_queries=20070 trained_events=43728 mean_loss=1.955582 lr=0.000245295 step=stateful RMSProp step applied
      unit 27/65 rc=522 chunks=1 trained_queries=30344 trained_events=74160 mean_loss=1.723053 lr=0.000243708 step=stateful RMSProp step applied
      unit 28/65 rc=611 chunks=1 trained_queries=37398 trained_events=78688 mean_loss=1.914607 lr=0.000242126 step=stateful RMSProp step applied
      unit 29/65 rc=7882 chunks=1 trained_queries=9984 trained_events=22352 mean_loss=1.977669 lr=0.000240548 step=stateful RMSProp step applied
      unit 30/65 rc=96207 chunks=1 trained_queries=368 trained_events=3696 mean_loss=0.634487 lr=0.000238976 step=stateful RMSProp step applied
      unit 31/65 rc=226 chunks=1 trained_queries=31432 trained_events=72896 mean_loss=1.848701 lr=0.000237408 step=stateful RMSProp step applied
      unit 32/65 rc=85 chunks=1 trained_queries=32416 trained_events=67744 mean_loss=2.008221 lr=0.000235844 step=stateful RMSProp step applied
      unit 33/65 rc=2669 chunks=2 trained_queries=52575 trained_events=104160 mean_loss=1.996678 lr=0.000234286 step=stateful RMSProp step applied
      unit 34/65 rc=3061 chunks=1 trained_queries=18981 trained_events=51680 mean_loss=1.630642 lr=0.000232732 step=stateful RMSProp step applied
      unit 35/65 rc=1714 chunks=1 trained_queries=5199 trained_events=12224 mean_loss=1.754643 lr=0.000231183 step=stateful RMSProp step applied
      unit 36/65 rc=367 chunks=1 trained_queries=25529 trained_events=53568 mean_loss=1.881290 lr=0.000229638 step=stateful RMSProp step applied
      unit 37/65 rc=435397 chunks=1 trained_queries=944 trained_events=1792 mean_loss=1.479203 lr=0.000228099 step=stateful RMSProp step applied
      unit 38/65 rc=141 chunks=1 trained_queries=13111 trained_events=27072 mean_loss=1.816115 lr=0.000226564 step=stateful RMSProp step applied
      unit 39/65 rc=253455 chunks=1 trained_queries=1172 trained_events=2576 mean_loss=1.377190 lr=0.000225033 step=stateful RMSProp step applied
      unit 40/65 rc=41 chunks=10 trained_queries=476269 trained_events=843007 mean_loss=2.162880 lr=0.000223508 step=stateful RMSProp step applied
      unit 41/65 rc=560 chunks=2 trained_queries=98499 trained_events=172032 mean_loss=2.144038 lr=0.000221988 step=stateful RMSProp step applied
      unit 42/65 rc=36 chunks=3 trained_queries=136045 trained_events=238518 mean_loss=2.152246 lr=0.000220472 step=stateful RMSProp step applied
      unit 43/65 rc=39 chunks=6 trained_queries=267502 trained_events=477704 mean_loss=2.121868 lr=0.000218961 step=stateful RMSProp step applied
      unit 44/65 rc=14 chunks=16 trained_queries=787429 trained_events=1441439 mean_loss=2.147739 lr=0.000217455 step=stateful RMSProp step applied
      unit 45/65 rc=21 chunks=3 trained_queries=135019 trained_events=240624 mean_loss=2.117722 lr=0.000215953 step=stateful RMSProp step applied
      unit 46/65 rc=541 chunks=3 trained_queries=120415 trained_events=203264 mean_loss=2.151328 lr=0.000214456 step=stateful RMSProp step applied
      unit 47/65 rc=51 chunks=9 trained_queries=409633 trained_events=780453 mean_loss=2.101197 lr=0.000212965 step=stateful RMSProp step applied
      unit 48/65 rc=2 chunks=8 trained_queries=388601 trained_events=691328 mean_loss=2.128262 lr=0.000211478 step=stateful RMSProp step applied
      unit 49/65 rc=1057 chunks=1 trained_queries=5910 trained_events=9744 mean_loss=2.038398 lr=0.000209995 step=stateful RMSProp step applied
      unit 50/65 rc=73 chunks=2 trained_queries=63481 trained_events=107824 mean_loss=2.038128 lr=0.000208518 step=stateful RMSProp step applied
      unit 51/65 rc=79 chunks=6 trained_queries=295710 trained_events=510176 mean_loss=2.144165 lr=0.000207045 step=stateful RMSProp step applied
      unit 52/65 rc=63 chunks=4 trained_queries=190096 trained_events=338304 mean_loss=2.117573 lr=0.000205578 step=stateful RMSProp step applied
      unit 53/65 rc=15 chunks=9 trained_queries=413445 trained_events=737803 mean_loss=2.126258 lr=0.000204115 step=stateful RMSProp step applied
      unit 54/65 rc=22 chunks=12 trained_queries=553466 trained_events=1002752 mean_loss=2.157425 lr=0.000202657 step=stateful RMSProp step applied
      unit 55/65 rc=32 chunks=2 trained_queries=96605 trained_events=164880 mean_loss=2.167801 lr=0.000201204 step=stateful RMSProp step applied
      unit 56/65 rc=8258 chunks=1 trained_queries=5343 trained_events=9456 mean_loss=1.917256 lr=0.000199755 step=stateful RMSProp step applied
      unit 57/65 rc=3 chunks=9 trained_queries=426507 trained_events=745744 mean_loss=2.159273 lr=0.000198312 step=stateful RMSProp step applied
      unit 58/65 rc=4 chunks=9 trained_queries=420567 trained_events=755483 mean_loss=2.149132 lr=0.000196873 step=stateful RMSProp step applied
      unit 59/65 rc=5 chunks=11 trained_queries=535061 trained_events=1019376 mean_loss=2.110402 lr=0.000195439 step=stateful RMSProp step applied
      unit 60/65 rc=48 chunks=5 trained_queries=235018 trained_events=405879 mean_loss=2.140906 lr=0.000194011 step=stateful RMSProp step applied
      unit 61/65 rc=164 chunks=2 trained_queries=68054 trained_events=119056 mean_loss=2.024531 lr=0.000192586 step=stateful RMSProp step applied
      unit 62/65 rc=28 chunks=3 trained_queries=147152 trained_events=266576 mean_loss=2.063855 lr=0.000191167 step=stateful RMSProp step applied
      unit 63/65 rc=9576 chunks=1 trained_queries=5204 trained_events=8048 mean_loss=2.088480 lr=0.000189753 step=stateful RMSProp step applied
      unit 64/65 rc=44 chunks=4 trained_queries=165699 trained_events=311920 mean_loss=2.056001 lr=0.000188344 step=stateful RMSProp step applied
      unit 65/65 rc=13 chunks=1 trained_queries=3594 trained_events=5440 mean_loss=1.935261 lr=0.000186939 step=stateful RMSProp step applied
    stage-epoch 21 summary trained_queries=8880137 trained_events=16953848 mean_loss=2.098331
    stage-epoch 22/25
      unit 1/65 rc=17 chunks=5 trained_queries=235411 trained_events=602672 mean_loss=2.010919 lr=0.00018554 step=stateful RMSProp step applied
      unit 2/65 rc=6 chunks=25 trained_queries=1209059 trained_events=2588010 mean_loss=2.143612 lr=0.000184145 step=stateful RMSProp step applied
      unit 3/65 rc=588 chunks=1 trained_queries=17780 trained_events=32192 mean_loss=1.955629 lr=0.000182756 step=stateful RMSProp step applied
      unit 4/65 rc=987290 chunks=1 trained_queries=16 trained_events=16 mean_loss=0.629238 lr=0.000181371 step=stateful RMSProp step applied
      unit 5/65 rc=109979 chunks=1 trained_queries=41 trained_events=48 mean_loss=1.018060 lr=0.000179991 step=stateful RMSProp step applied
      unit 6/65 rc=378 chunks=2 trained_queries=54875 trained_events=94080 mean_loss=2.080932 lr=0.000178616 step=stateful RMSProp step applied
      unit 7/65 rc=54 chunks=3 trained_queries=146903 trained_events=301856 mean_loss=1.952994 lr=0.000177246 step=stateful RMSProp step applied
      unit 8/65 rc=2061 chunks=1 trained_queries=19351 trained_events=28624 mean_loss=2.181245 lr=0.000175881 step=stateful RMSProp step applied
      unit 9/65 rc=74 chunks=1 trained_queries=35110 trained_events=118240 mean_loss=1.762415 lr=0.000174521 step=stateful RMSProp step applied
      unit 10/65 rc=849363 chunks=1 trained_queries=16 trained_events=432 mean_loss=0.091741 lr=0.000173166 step=stateful RMSProp step applied
      unit 11/65 rc=16 chunks=2 trained_queries=74861 trained_events=154864 mean_loss=1.904866 lr=0.000171816 step=stateful RMSProp step applied
      unit 12/65 rc=547 chunks=1 trained_queries=30300 trained_events=55216 mean_loss=1.875824 lr=0.000170471 step=stateful RMSProp step applied
      unit 13/65 rc=213 chunks=1 trained_queries=15923 trained_events=37200 mean_loss=1.902122 lr=0.00016913 step=stateful RMSProp step applied
      unit 14/65 rc=78 chunks=2 trained_queries=55670 trained_events=115472 mean_loss=1.966718 lr=0.000167795 step=stateful RMSProp step applied
      unit 15/65 rc=18 chunks=1 trained_queries=19324 trained_events=41184 mean_loss=1.996112 lr=0.000166465 step=stateful RMSProp step applied
      unit 16/65 rc=7 chunks=1 trained_queries=22956 trained_events=58432 mean_loss=1.812034 lr=0.00016514 step=stateful RMSProp step applied
      unit 17/65 rc=6212 chunks=1 trained_queries=12887 trained_events=31552 mean_loss=1.756331 lr=0.00016382 step=stateful RMSProp step applied
      unit 18/65 rc=3055 chunks=1 trained_queries=37224 trained_events=92032 mean_loss=1.732025 lr=0.000162504 step=stateful RMSProp step applied
      unit 19/65 rc=1 chunks=1 trained_queries=11903 trained_events=27856 mean_loss=1.952042 lr=0.000161194 step=stateful RMSProp step applied
      unit 20/65 rc=14727 chunks=1 trained_queries=13922 trained_events=37200 mean_loss=1.711249 lr=0.000159889 step=stateful RMSProp step applied
      unit 21/65 rc=2977 chunks=1 trained_queries=20966 trained_events=46224 mean_loss=1.914877 lr=0.000158588 step=stateful RMSProp step applied
      unit 22/65 rc=497 chunks=2 trained_queries=80510 trained_events=178352 mean_loss=1.879622 lr=0.000157293 step=stateful RMSProp step applied
      unit 23/65 rc=14349 chunks=1 trained_queries=2379 trained_events=5104 mean_loss=1.911057 lr=0.000156003 step=stateful RMSProp step applied
      unit 24/65 rc=61678 chunks=1 trained_queries=6700 trained_events=24672 mean_loss=1.358711 lr=0.000154718 step=stateful RMSProp step applied
      unit 25/65 rc=416 chunks=1 trained_queries=26203 trained_events=59152 mean_loss=1.868847 lr=0.000153437 step=stateful RMSProp step applied
      unit 26/65 rc=308 chunks=1 trained_queries=20070 trained_events=43728 mean_loss=1.951959 lr=0.000152162 step=stateful RMSProp step applied
      unit 27/65 rc=522 chunks=1 trained_queries=30344 trained_events=74160 mean_loss=1.726290 lr=0.000150892 step=stateful RMSProp step applied
      unit 28/65 rc=611 chunks=1 trained_queries=37398 trained_events=78688 mean_loss=1.904284 lr=0.000149627 step=stateful RMSProp step applied
      unit 29/65 rc=7882 chunks=1 trained_queries=9984 trained_events=22352 mean_loss=1.968506 lr=0.000148367 step=stateful RMSProp step applied
      unit 30/65 rc=96207 chunks=1 trained_queries=368 trained_events=3696 mean_loss=0.626335 lr=0.000147112 step=stateful RMSProp step applied
      unit 31/65 rc=226 chunks=1 trained_queries=31432 trained_events=72896 mean_loss=1.843846 lr=0.000145862 step=stateful RMSProp step applied
      unit 32/65 rc=85 chunks=1 trained_queries=32416 trained_events=67744 mean_loss=2.005512 lr=0.000144617 step=stateful RMSProp step applied
      unit 33/65 rc=2669 chunks=2 trained_queries=52575 trained_events=104160 mean_loss=2.001002 lr=0.000143377 step=stateful RMSProp step applied
      unit 34/65 rc=3061 chunks=1 trained_queries=18981 trained_events=51680 mean_loss=1.615111 lr=0.000142143 step=stateful RMSProp step applied
      unit 35/65 rc=1714 chunks=1 trained_queries=5199 trained_events=12224 mean_loss=1.735476 lr=0.000140913 step=stateful RMSProp step applied
      unit 36/65 rc=367 chunks=1 trained_queries=25529 trained_events=53568 mean_loss=1.878375 lr=0.000139688 step=stateful RMSProp step applied
      unit 37/65 rc=435397 chunks=1 trained_queries=944 trained_events=1792 mean_loss=1.472196 lr=0.000138469 step=stateful RMSProp step applied
      unit 38/65 rc=141 chunks=1 trained_queries=13111 trained_events=27072 mean_loss=1.812037 lr=0.000137255 step=stateful RMSProp step applied
      unit 39/65 rc=253455 chunks=1 trained_queries=1172 trained_events=2576 mean_loss=1.373705 lr=0.000136045 step=stateful RMSProp step applied
      unit 40/65 rc=41 chunks=10 trained_queries=476269 trained_events=843007 mean_loss=2.157533 lr=0.000134841 step=stateful RMSProp step applied
      unit 41/65 rc=560 chunks=2 trained_queries=98499 trained_events=172032 mean_loss=2.139740 lr=0.000133642 step=stateful RMSProp step applied
      unit 42/65 rc=36 chunks=3 trained_queries=136045 trained_events=238518 mean_loss=2.148059 lr=0.000132448 step=stateful RMSProp step applied
      unit 43/65 rc=39 chunks=6 trained_queries=267502 trained_events=477704 mean_loss=2.119368 lr=0.000131259 step=stateful RMSProp step applied
      unit 44/65 rc=14 chunks=16 trained_queries=787429 trained_events=1441439 mean_loss=2.144564 lr=0.000130075 step=stateful RMSProp step applied
      unit 45/65 rc=21 chunks=3 trained_queries=135019 trained_events=240624 mean_loss=2.115890 lr=0.000128896 step=stateful RMSProp step applied
      unit 46/65 rc=541 chunks=3 trained_queries=120415 trained_events=203264 mean_loss=2.147366 lr=0.000127723 step=stateful RMSProp step applied
      unit 47/65 rc=51 chunks=9 trained_queries=409633 trained_events=780453 mean_loss=2.098291 lr=0.000126555 step=stateful RMSProp step applied
      unit 48/65 rc=2 chunks=8 trained_queries=388601 trained_events=691328 mean_loss=2.126327 lr=0.000125391 step=stateful RMSProp step applied
      unit 49/65 rc=1057 chunks=1 trained_queries=5910 trained_events=9744 mean_loss=2.033662 lr=0.000124233 step=stateful RMSProp step applied
      unit 50/65 rc=73 chunks=2 trained_queries=63481 trained_events=107824 mean_loss=2.035791 lr=0.00012308 step=stateful RMSProp step applied
      unit 51/65 rc=79 chunks=6 trained_queries=295710 trained_events=510176 mean_loss=2.141676 lr=0.000121933 step=stateful RMSProp step applied
      unit 52/65 rc=63 chunks=4 trained_queries=190096 trained_events=338304 mean_loss=2.116442 lr=0.00012079 step=stateful RMSProp step applied
      unit 53/65 rc=15 chunks=9 trained_queries=413445 trained_events=737803 mean_loss=2.125040 lr=0.000119652 step=stateful RMSProp step applied
      unit 54/65 rc=22 chunks=12 trained_queries=553466 trained_events=1002752 mean_loss=2.155218 lr=0.00011852 step=stateful RMSProp step applied
      unit 55/65 rc=32 chunks=2 trained_queries=96605 trained_events=164880 mean_loss=2.164819 lr=0.000117393 step=stateful RMSProp step applied
      unit 56/65 rc=8258 chunks=1 trained_queries=5343 trained_events=9456 mean_loss=1.909996 lr=0.000116271 step=stateful RMSProp step applied
      unit 57/65 rc=3 chunks=9 trained_queries=426507 trained_events=745744 mean_loss=2.158778 lr=0.000115154 step=stateful RMSProp step applied
      unit 58/65 rc=4 chunks=9 trained_queries=420567 trained_events=755483 mean_loss=2.148606 lr=0.000114042 step=stateful RMSProp step applied
      unit 59/65 rc=5 chunks=11 trained_queries=535061 trained_events=1019376 mean_loss=2.110487 lr=0.000112935 step=stateful RMSProp step applied
      unit 60/65 rc=48 chunks=5 trained_queries=235018 trained_events=405879 mean_loss=2.140166 lr=0.000111834 step=stateful RMSProp step applied
      unit 61/65 rc=164 chunks=2 trained_queries=68054 trained_events=119056 mean_loss=2.022283 lr=0.000110738 step=stateful RMSProp step applied
      unit 62/65 rc=28 chunks=3 trained_queries=147152 trained_events=266576 mean_loss=2.062207 lr=0.000109647 step=stateful RMSProp step applied
      unit 63/65 rc=9576 chunks=1 trained_queries=5204 trained_events=8048 mean_loss=2.084192 lr=0.000108561 step=stateful RMSProp step applied
      unit 64/65 rc=44 chunks=4 trained_queries=165699 trained_events=311920 mean_loss=2.053694 lr=0.000107481 step=stateful RMSProp step applied
      unit 65/65 rc=13 chunks=1 trained_queries=3594 trained_events=5440 mean_loss=1.932454 lr=0.000106405 step=stateful RMSProp step applied
    stage-epoch 22 summary trained_queries=8880137 trained_events=16953848 mean_loss=2.096407
    stage-epoch 23/25
      unit 1/65 rc=17 chunks=5 trained_queries=235411 trained_events=602672 mean_loss=2.005930 lr=0.000105335 step=stateful RMSProp step applied
      unit 2/65 rc=6 chunks=25 trained_queries=1209059 trained_events=2588010 mean_loss=2.136240 lr=0.00010427 step=stateful RMSProp step applied
      unit 3/65 rc=588 chunks=1 trained_queries=17780 trained_events=32192 mean_loss=1.949593 lr=0.000103211 step=stateful RMSProp step applied
      unit 4/65 rc=987290 chunks=1 trained_queries=16 trained_events=16 mean_loss=0.604940 lr=0.000102156 step=stateful RMSProp step applied
      unit 5/65 rc=109979 chunks=1 trained_queries=41 trained_events=48 mean_loss=1.001737 lr=0.000101107 step=stateful RMSProp step applied
      unit 6/65 rc=378 chunks=2 trained_queries=54875 trained_events=94080 mean_loss=2.076320 lr=0.000100063 step=stateful RMSProp step applied
      unit 7/65 rc=54 chunks=3 trained_queries=146903 trained_events=301856 mean_loss=1.948818 lr=9.90239e-05 step=stateful RMSProp step applied
      unit 8/65 rc=2061 chunks=1 trained_queries=19351 trained_events=28624 mean_loss=2.171983 lr=9.79904e-05 step=stateful RMSProp step applied
      unit 9/65 rc=74 chunks=1 trained_queries=35110 trained_events=118240 mean_loss=1.758399 lr=9.69621e-05 step=stateful RMSProp step applied
      unit 10/65 rc=849363 chunks=1 trained_queries=16 trained_events=432 mean_loss=0.089972 lr=9.5939e-05 step=stateful RMSProp step applied
      unit 11/65 rc=16 chunks=2 trained_queries=74861 trained_events=154864 mean_loss=1.900620 lr=9.49212e-05 step=stateful RMSProp step applied
      unit 12/65 rc=547 chunks=1 trained_queries=30300 trained_events=55216 mean_loss=1.874168 lr=9.39086e-05 step=stateful RMSProp step applied
      unit 13/65 rc=213 chunks=1 trained_queries=15923 trained_events=37200 mean_loss=1.898356 lr=9.29013e-05 step=stateful RMSProp step applied
      unit 14/65 rc=78 chunks=2 trained_queries=55670 trained_events=115472 mean_loss=1.964939 lr=9.18992e-05 step=stateful RMSProp step applied
      unit 15/65 rc=18 chunks=1 trained_queries=19324 trained_events=41184 mean_loss=1.984354 lr=9.09023e-05 step=stateful RMSProp step applied
      unit 16/65 rc=7 chunks=1 trained_queries=22956 trained_events=58432 mean_loss=1.805571 lr=8.99108e-05 step=stateful RMSProp step applied
      unit 17/65 rc=6212 chunks=1 trained_queries=12887 trained_events=31552 mean_loss=1.744625 lr=8.89246e-05 step=stateful RMSProp step applied
      unit 18/65 rc=3055 chunks=1 trained_queries=37224 trained_events=92032 mean_loss=1.728353 lr=8.79436e-05 step=stateful RMSProp step applied
      unit 19/65 rc=1 chunks=1 trained_queries=11903 trained_events=27856 mean_loss=1.956275 lr=8.69679e-05 step=stateful RMSProp step applied
      unit 20/65 rc=14727 chunks=1 trained_queries=13922 trained_events=37200 mean_loss=1.705390 lr=8.59975e-05 step=stateful RMSProp step applied
      unit 21/65 rc=2977 chunks=1 trained_queries=20966 trained_events=46224 mean_loss=1.914018 lr=8.50322e-05 step=stateful RMSProp step applied
      unit 22/65 rc=497 chunks=2 trained_queries=80510 trained_events=178352 mean_loss=1.879661 lr=8.40724e-05 step=stateful RMSProp step applied
      unit 23/65 rc=14349 chunks=1 trained_queries=2379 trained_events=5104 mean_loss=1.904914 lr=8.31178e-05 step=stateful RMSProp step applied
      unit 24/65 rc=61678 chunks=1 trained_queries=6700 trained_events=24672 mean_loss=1.339587 lr=8.21685e-05 step=stateful RMSProp step applied
      unit 25/65 rc=416 chunks=1 trained_queries=26203 trained_events=59152 mean_loss=1.871687 lr=8.12245e-05 step=stateful RMSProp step applied
      unit 26/65 rc=308 chunks=1 trained_queries=20070 trained_events=43728 mean_loss=1.947384 lr=8.02859e-05 step=stateful RMSProp step applied
      unit 27/65 rc=522 chunks=1 trained_queries=30344 trained_events=74160 mean_loss=1.716332 lr=7.93524e-05 step=stateful RMSProp step applied
      unit 28/65 rc=611 chunks=1 trained_queries=37398 trained_events=78688 mean_loss=1.902174 lr=7.84245e-05 step=stateful RMSProp step applied
      unit 29/65 rc=7882 chunks=1 trained_queries=9984 trained_events=22352 mean_loss=1.967416 lr=7.75017e-05 step=stateful RMSProp step applied
      unit 30/65 rc=96207 chunks=1 trained_queries=368 trained_events=3696 mean_loss=0.621294 lr=7.65842e-05 step=stateful RMSProp step applied
      unit 31/65 rc=226 chunks=1 trained_queries=31432 trained_events=72896 mean_loss=1.842399 lr=7.56722e-05 step=stateful RMSProp step applied
      unit 32/65 rc=85 chunks=1 trained_queries=32416 trained_events=67744 mean_loss=2.000953 lr=7.47653e-05 step=stateful RMSProp step applied
      unit 33/65 rc=2669 chunks=2 trained_queries=52575 trained_events=104160 mean_loss=1.994235 lr=7.38639e-05 step=stateful RMSProp step applied
      unit 34/65 rc=3061 chunks=1 trained_queries=18981 trained_events=51680 mean_loss=1.612764 lr=7.29678e-05 step=stateful RMSProp step applied
      unit 35/65 rc=1714 chunks=1 trained_queries=5199 trained_events=12224 mean_loss=1.725617 lr=7.20769e-05 step=stateful RMSProp step applied
      unit 36/65 rc=367 chunks=1 trained_queries=25529 trained_events=53568 mean_loss=1.880174 lr=7.11915e-05 step=stateful RMSProp step applied
      unit 37/65 rc=435397 chunks=1 trained_queries=944 trained_events=1792 mean_loss=1.468278 lr=7.03114e-05 step=stateful RMSProp step applied
      unit 38/65 rc=141 chunks=1 trained_queries=13111 trained_events=27072 mean_loss=1.805603 lr=6.94367e-05 step=stateful RMSProp step applied
      unit 39/65 rc=253455 chunks=1 trained_queries=1172 trained_events=2576 mean_loss=1.372859 lr=6.85672e-05 step=stateful RMSProp step applied
      unit 40/65 rc=41 chunks=10 trained_queries=476269 trained_events=843007 mean_loss=2.153917 lr=6.77033e-05 step=stateful RMSProp step applied
      unit 41/65 rc=560 chunks=2 trained_queries=98499 trained_events=172032 mean_loss=2.135966 lr=6.68444e-05 step=stateful RMSProp step applied
      unit 42/65 rc=36 chunks=3 trained_queries=136045 trained_events=238518 mean_loss=2.145419 lr=6.59911e-05 step=stateful RMSProp step applied
      unit 43/65 rc=39 chunks=6 trained_queries=267502 trained_events=477704 mean_loss=2.118562 lr=6.51431e-05 step=stateful RMSProp step applied
      unit 44/65 rc=14 chunks=16 trained_queries=787429 trained_events=1441439 mean_loss=2.142226 lr=6.43004e-05 step=stateful RMSProp step applied
      unit 45/65 rc=21 chunks=3 trained_queries=135019 trained_events=240624 mean_loss=2.112611 lr=6.34632e-05 step=stateful RMSProp step applied
      unit 46/65 rc=541 chunks=3 trained_queries=120415 trained_events=203264 mean_loss=2.144823 lr=6.26312e-05 step=stateful RMSProp step applied
      unit 47/65 rc=51 chunks=9 trained_queries=409633 trained_events=780453 mean_loss=2.096759 lr=6.18047e-05 step=stateful RMSProp step applied
      unit 48/65 rc=2 chunks=8 trained_queries=388601 trained_events=691328 mean_loss=2.124879 lr=6.09835e-05 step=stateful RMSProp step applied
      unit 49/65 rc=1057 chunks=1 trained_queries=5910 trained_events=9744 mean_loss=2.029766 lr=6.01678e-05 step=stateful RMSProp step applied
      unit 50/65 rc=73 chunks=2 trained_queries=63481 trained_events=107824 mean_loss=2.035153 lr=5.93573e-05 step=stateful RMSProp step applied
      unit 51/65 rc=79 chunks=6 trained_queries=295710 trained_events=510176 mean_loss=2.144571 lr=5.85524e-05 step=stateful RMSProp step applied
      unit 52/65 rc=63 chunks=4 trained_queries=190096 trained_events=338304 mean_loss=2.114598 lr=5.77526e-05 step=stateful RMSProp step applied
      unit 53/65 rc=15 chunks=9 trained_queries=413445 trained_events=737803 mean_loss=2.123745 lr=5.69585e-05 step=stateful RMSProp step applied
      unit 54/65 rc=22 chunks=12 trained_queries=553466 trained_events=1002752 mean_loss=2.154482 lr=5.61697e-05 step=stateful RMSProp step applied
      unit 55/65 rc=32 chunks=2 trained_queries=96605 trained_events=164880 mean_loss=2.163923 lr=5.53861e-05 step=stateful RMSProp step applied
      unit 56/65 rc=8258 chunks=1 trained_queries=5343 trained_events=9456 mean_loss=1.909452 lr=5.46082e-05 step=stateful RMSProp step applied
      unit 57/65 rc=3 chunks=9 trained_queries=426507 trained_events=745744 mean_loss=2.157832 lr=5.38355e-05 step=stateful RMSProp step applied
      unit 58/65 rc=4 chunks=9 trained_queries=420567 trained_events=755483 mean_loss=2.148512 lr=5.30682e-05 step=stateful RMSProp step applied
      unit 59/65 rc=5 chunks=11 trained_queries=535061 trained_events=1019376 mean_loss=2.109848 lr=5.23064e-05 step=stateful RMSProp step applied
      unit 60/65 rc=48 chunks=5 trained_queries=235018 trained_events=405879 mean_loss=2.139884 lr=5.15499e-05 step=stateful RMSProp step applied
      unit 61/65 rc=164 chunks=2 trained_queries=68054 trained_events=119056 mean_loss=2.025424 lr=5.07989e-05 step=stateful RMSProp step applied
      unit 62/65 rc=28 chunks=3 trained_queries=147152 trained_events=266576 mean_loss=2.061639 lr=5.00534e-05 step=stateful RMSProp step applied
      unit 63/65 rc=9576 chunks=1 trained_queries=5204 trained_events=8048 mean_loss=2.084509 lr=4.93132e-05 step=stateful RMSProp step applied
      unit 64/65 rc=44 chunks=4 trained_queries=165699 trained_events=311920 mean_loss=2.052790 lr=4.85785e-05 step=stateful RMSProp step applied
      unit 65/65 rc=13 chunks=1 trained_queries=3594 trained_events=5440 mean_loss=1.928017 lr=4.78492e-05 step=stateful RMSProp step applied
    stage-epoch 23 summary trained_queries=8880137 trained_events=16953848 mean_loss=2.093768
    stage-epoch 24/25
      unit 1/65 rc=17 chunks=5 trained_queries=235411 trained_events=602672 mean_loss=2.003812 lr=4.71252e-05 step=stateful RMSProp step applied
      unit 2/65 rc=6 chunks=25 trained_queries=1209059 trained_events=2588010 mean_loss=2.135945 lr=4.64068e-05 step=stateful RMSProp step applied
      unit 3/65 rc=588 chunks=1 trained_queries=17780 trained_events=32192 mean_loss=1.947620 lr=4.56938e-05 step=stateful RMSProp step applied
      unit 4/65 rc=987290 chunks=1 trained_queries=16 trained_events=16 mean_loss=0.589013 lr=4.49861e-05 step=stateful RMSProp step applied
      unit 5/65 rc=109979 chunks=1 trained_queries=41 trained_events=48 mean_loss=0.990516 lr=4.4284e-05 step=stateful RMSProp step applied
      unit 6/65 rc=378 chunks=2 trained_queries=54875 trained_events=94080 mean_loss=2.072925 lr=4.35872e-05 step=stateful RMSProp step applied
      unit 7/65 rc=54 chunks=3 trained_queries=146903 trained_events=301856 mean_loss=1.945694 lr=4.28959e-05 step=stateful RMSProp step applied
      unit 8/65 rc=2061 chunks=1 trained_queries=19351 trained_events=28624 mean_loss=2.170087 lr=4.22101e-05 step=stateful RMSProp step applied
      unit 9/65 rc=74 chunks=1 trained_queries=35110 trained_events=118240 mean_loss=1.753334 lr=4.15297e-05 step=stateful RMSProp step applied
      unit 10/65 rc=849363 chunks=1 trained_queries=16 trained_events=432 mean_loss=0.088854 lr=4.08548e-05 step=stateful RMSProp step applied
      unit 11/65 rc=16 chunks=2 trained_queries=74861 trained_events=154864 mean_loss=1.897103 lr=4.01854e-05 step=stateful RMSProp step applied
      unit 12/65 rc=547 chunks=1 trained_queries=30300 trained_events=55216 mean_loss=1.873827 lr=3.95213e-05 step=stateful RMSProp step applied
      unit 13/65 rc=213 chunks=1 trained_queries=15923 trained_events=37200 mean_loss=1.899389 lr=3.88628e-05 step=stateful RMSProp step applied
      unit 14/65 rc=78 chunks=2 trained_queries=55670 trained_events=115472 mean_loss=1.958511 lr=3.82098e-05 step=stateful RMSProp step applied
      unit 15/65 rc=18 chunks=1 trained_queries=19324 trained_events=41184 mean_loss=1.988625 lr=3.7562e-05 step=stateful RMSProp step applied
      unit 16/65 rc=7 chunks=1 trained_queries=22956 trained_events=58432 mean_loss=1.803240 lr=3.69199e-05 step=stateful RMSProp step applied
      unit 17/65 rc=6212 chunks=1 trained_queries=12887 trained_events=31552 mean_loss=1.752556 lr=3.62831e-05 step=stateful RMSProp step applied
      unit 18/65 rc=3055 chunks=1 trained_queries=37224 trained_events=92032 mean_loss=1.724658 lr=3.56519e-05 step=stateful RMSProp step applied
      unit 19/65 rc=1 chunks=1 trained_queries=11903 trained_events=27856 mean_loss=1.946324 lr=3.50262e-05 step=stateful RMSProp step applied
      unit 20/65 rc=14727 chunks=1 trained_queries=13922 trained_events=37200 mean_loss=1.709152 lr=3.44059e-05 step=stateful RMSProp step applied
      unit 21/65 rc=2977 chunks=1 trained_queries=20966 trained_events=46224 mean_loss=1.913050 lr=3.3791e-05 step=stateful RMSProp step applied
      unit 22/65 rc=497 chunks=2 trained_queries=80510 trained_events=178352 mean_loss=1.876603 lr=3.31818e-05 step=stateful RMSProp step applied
      unit 23/65 rc=14349 chunks=1 trained_queries=2379 trained_events=5104 mean_loss=1.898412 lr=3.25779e-05 step=stateful RMSProp step applied
      unit 24/65 rc=61678 chunks=1 trained_queries=6700 trained_events=24672 mean_loss=1.336802 lr=3.19795e-05 step=stateful RMSProp step applied
      unit 25/65 rc=416 chunks=1 trained_queries=26203 trained_events=59152 mean_loss=1.856447 lr=3.13867e-05 step=stateful RMSProp step applied
      unit 26/65 rc=308 chunks=1 trained_queries=20070 trained_events=43728 mean_loss=1.947408 lr=3.07993e-05 step=stateful RMSProp step applied
      unit 27/65 rc=522 chunks=1 trained_queries=30344 trained_events=74160 mean_loss=1.715872 lr=3.02174e-05 step=stateful RMSProp step applied
      unit 28/65 rc=611 chunks=1 trained_queries=37398 trained_events=78688 mean_loss=1.902479 lr=2.9641e-05 step=stateful RMSProp step applied
      unit 29/65 rc=7882 chunks=1 trained_queries=9984 trained_events=22352 mean_loss=1.978026 lr=2.90701e-05 step=stateful RMSProp step applied
      unit 30/65 rc=96207 chunks=1 trained_queries=368 trained_events=3696 mean_loss=0.617977 lr=2.85047e-05 step=stateful RMSProp step applied
      unit 31/65 rc=226 chunks=1 trained_queries=31432 trained_events=72896 mean_loss=1.841039 lr=2.79448e-05 step=stateful RMSProp step applied
      unit 32/65 rc=85 chunks=1 trained_queries=32416 trained_events=67744 mean_loss=1.999537 lr=2.73904e-05 step=stateful RMSProp step applied
      unit 33/65 rc=2669 chunks=2 trained_queries=52575 trained_events=104160 mean_loss=1.992635 lr=2.68415e-05 step=stateful RMSProp step applied
      unit 34/65 rc=3061 chunks=1 trained_queries=18981 trained_events=51680 mean_loss=1.641444 lr=2.62982e-05 step=stateful RMSProp step applied
      unit 35/65 rc=1714 chunks=1 trained_queries=5199 trained_events=12224 mean_loss=1.721179 lr=2.57602e-05 step=stateful RMSProp step applied
      unit 36/65 rc=367 chunks=1 trained_queries=25529 trained_events=53568 mean_loss=1.877850 lr=2.52279e-05 step=stateful RMSProp step applied
      unit 37/65 rc=435397 chunks=1 trained_queries=944 trained_events=1792 mean_loss=1.462988 lr=2.4701e-05 step=stateful RMSProp step applied
      unit 38/65 rc=141 chunks=1 trained_queries=13111 trained_events=27072 mean_loss=1.817559 lr=2.41796e-05 step=stateful RMSProp step applied
      unit 39/65 rc=253455 chunks=1 trained_queries=1172 trained_events=2576 mean_loss=1.367993 lr=2.36639e-05 step=stateful RMSProp step applied
      unit 40/65 rc=41 chunks=10 trained_queries=476269 trained_events=843007 mean_loss=2.151529 lr=2.31535e-05 step=stateful RMSProp step applied
      unit 41/65 rc=560 chunks=2 trained_queries=98499 trained_events=172032 mean_loss=2.133439 lr=2.26487e-05 step=stateful RMSProp step applied
      unit 42/65 rc=36 chunks=3 trained_queries=136045 trained_events=238518 mean_loss=2.143311 lr=2.21494e-05 step=stateful RMSProp step applied
      unit 43/65 rc=39 chunks=6 trained_queries=267502 trained_events=477704 mean_loss=2.114863 lr=2.16556e-05 step=stateful RMSProp step applied
      unit 44/65 rc=14 chunks=16 trained_queries=787429 trained_events=1441439 mean_loss=2.140567 lr=2.11675e-05 step=stateful RMSProp step applied
      unit 45/65 rc=21 chunks=3 trained_queries=135019 trained_events=240624 mean_loss=2.110609 lr=2.06847e-05 step=stateful RMSProp step applied
      unit 46/65 rc=541 chunks=3 trained_queries=120415 trained_events=203264 mean_loss=2.143176 lr=2.02075e-05 step=stateful RMSProp step applied
      unit 47/65 rc=51 chunks=9 trained_queries=409633 trained_events=780453 mean_loss=2.095680 lr=1.9736e-05 step=stateful RMSProp step applied
      unit 48/65 rc=2 chunks=8 trained_queries=388601 trained_events=691328 mean_loss=2.124523 lr=1.92698e-05 step=stateful RMSProp step applied
      unit 49/65 rc=1057 chunks=1 trained_queries=5910 trained_events=9744 mean_loss=2.025701 lr=1.88093e-05 step=stateful RMSProp step applied
      unit 50/65 rc=73 chunks=2 trained_queries=63481 trained_events=107824 mean_loss=2.033452 lr=1.83543e-05 step=stateful RMSProp step applied
      unit 51/65 rc=79 chunks=6 trained_queries=295710 trained_events=510176 mean_loss=2.142176 lr=1.79047e-05 step=stateful RMSProp step applied
      unit 52/65 rc=63 chunks=4 trained_queries=190096 trained_events=338304 mean_loss=2.113913 lr=1.74608e-05 step=stateful RMSProp step applied
      unit 53/65 rc=15 chunks=9 trained_queries=413445 trained_events=737803 mean_loss=2.123297 lr=1.70224e-05 step=stateful RMSProp step applied
      unit 54/65 rc=22 chunks=12 trained_queries=553466 trained_events=1002752 mean_loss=2.153991 lr=1.65895e-05 step=stateful RMSProp step applied
      unit 55/65 rc=32 chunks=2 trained_queries=96605 trained_events=164880 mean_loss=2.164061 lr=1.61621e-05 step=stateful RMSProp step applied
      unit 56/65 rc=8258 chunks=1 trained_queries=5343 trained_events=9456 mean_loss=1.908437 lr=1.57404e-05 step=stateful RMSProp step applied
      unit 57/65 rc=3 chunks=9 trained_queries=426507 trained_events=745744 mean_loss=2.157780 lr=1.53242e-05 step=stateful RMSProp step applied
      unit 58/65 rc=4 chunks=9 trained_queries=420567 trained_events=755483 mean_loss=2.149017 lr=1.49134e-05 step=stateful RMSProp step applied
      unit 59/65 rc=5 chunks=11 trained_queries=535061 trained_events=1019376 mean_loss=2.109427 lr=1.45083e-05 step=stateful RMSProp step applied
      unit 60/65 rc=48 chunks=5 trained_queries=235018 trained_events=405879 mean_loss=2.140147 lr=1.41087e-05 step=stateful RMSProp step applied
      unit 61/65 rc=164 chunks=2 trained_queries=68054 trained_events=119056 mean_loss=2.023446 lr=1.37148e-05 step=stateful RMSProp step applied
      unit 62/65 rc=28 chunks=3 trained_queries=147152 trained_events=266576 mean_loss=2.063298 lr=1.33263e-05 step=stateful RMSProp step applied
      unit 63/65 rc=9576 chunks=1 trained_queries=5204 trained_events=8048 mean_loss=2.084581 lr=1.29434e-05 step=stateful RMSProp step applied
      unit 64/65 rc=44 chunks=4 trained_queries=165699 trained_events=311920 mean_loss=2.052066 lr=1.2566e-05 step=stateful RMSProp step applied
      unit 65/65 rc=13 chunks=1 trained_queries=3594 trained_events=5440 mean_loss=1.927227 lr=1.21942e-05 step=stateful RMSProp step applied
    stage-epoch 24 summary trained_queries=8880137 trained_events=16953848 mean_loss=2.092759
    stage-epoch 25/25
      unit 1/65 rc=17 chunks=5 trained_queries=235411 trained_events=602672 mean_loss=2.004302 lr=1.18279e-05 step=stateful RMSProp step applied
      unit 2/65 rc=6 chunks=25 trained_queries=1209059 trained_events=2588010 mean_loss=2.136534 lr=1.14672e-05 step=stateful RMSProp step applied
      unit 3/65 rc=588 chunks=1 trained_queries=17780 trained_events=32192 mean_loss=1.944891 lr=1.11121e-05 step=stateful RMSProp step applied
      unit 4/65 rc=987290 chunks=1 trained_queries=16 trained_events=16 mean_loss=0.579527 lr=1.07625e-05 step=stateful RMSProp step applied
      unit 5/65 rc=109979 chunks=1 trained_queries=41 trained_events=48 mean_loss=0.983537 lr=1.04186e-05 step=stateful RMSProp step applied
      unit 6/65 rc=378 chunks=2 trained_queries=54875 trained_events=94080 mean_loss=2.074405 lr=1.00802e-05 step=stateful RMSProp step applied
      unit 7/65 rc=54 chunks=3 trained_queries=146903 trained_events=301856 mean_loss=1.943626 lr=9.74733e-06 step=stateful RMSProp step applied
      unit 8/65 rc=2061 chunks=1 trained_queries=19351 trained_events=28624 mean_loss=2.168823 lr=9.4201e-06 step=stateful RMSProp step applied
      unit 9/65 rc=74 chunks=1 trained_queries=35110 trained_events=118240 mean_loss=1.757505 lr=9.09832e-06 step=stateful RMSProp step applied
      unit 10/65 rc=849363 chunks=1 trained_queries=16 trained_events=432 mean_loss=0.088095 lr=8.78227e-06 step=stateful RMSProp step applied
      unit 11/65 rc=16 chunks=2 trained_queries=74861 trained_events=154864 mean_loss=1.897746 lr=8.47167e-06 step=stateful RMSProp step applied
      unit 12/65 rc=547 chunks=1 trained_queries=30300 trained_events=55216 mean_loss=1.870754 lr=8.1667e-06 step=stateful RMSProp step applied
      unit 13/65 rc=213 chunks=1 trained_queries=15923 trained_events=37200 mean_loss=1.893864 lr=7.86728e-06 step=stateful RMSProp step applied
      unit 14/65 rc=78 chunks=2 trained_queries=55670 trained_events=115472 mean_loss=1.965398 lr=7.57349e-06 step=stateful RMSProp step applied
      unit 15/65 rc=18 chunks=1 trained_queries=19324 trained_events=41184 mean_loss=1.989053 lr=7.28515e-06 step=stateful RMSProp step applied
      unit 16/65 rc=7 chunks=1 trained_queries=22956 trained_events=58432 mean_loss=1.820894 lr=7.00253e-06 step=stateful RMSProp step applied
      unit 17/65 rc=6212 chunks=1 trained_queries=12887 trained_events=31552 mean_loss=1.748431 lr=6.72546e-06 step=stateful RMSProp step applied
      unit 18/65 rc=3055 chunks=1 trained_queries=37224 trained_events=92032 mean_loss=1.728515 lr=6.45393e-06 step=stateful RMSProp step applied
      unit 19/65 rc=1 chunks=1 trained_queries=11903 trained_events=27856 mean_loss=1.942784 lr=6.18804e-06 step=stateful RMSProp step applied
      unit 20/65 rc=14727 chunks=1 trained_queries=13922 trained_events=37200 mean_loss=1.704385 lr=5.92759e-06 step=stateful RMSProp step applied
      unit 21/65 rc=2977 chunks=1 trained_queries=20966 trained_events=46224 mean_loss=1.917036 lr=5.67287e-06 step=stateful RMSProp step applied
      unit 22/65 rc=497 chunks=2 trained_queries=80510 trained_events=178352 mean_loss=1.875497 lr=5.42369e-06 step=stateful RMSProp step applied
      unit 23/65 rc=14349 chunks=1 trained_queries=2379 trained_events=5104 mean_loss=1.897907 lr=5.18015e-06 step=stateful RMSProp step applied
      unit 24/65 rc=61678 chunks=1 trained_queries=6700 trained_events=24672 mean_loss=1.337217 lr=4.94215e-06 step=stateful RMSProp step applied
      unit 25/65 rc=416 chunks=1 trained_queries=26203 trained_events=59152 mean_loss=1.864203 lr=4.70969e-06 step=stateful RMSProp step applied
      unit 26/65 rc=308 chunks=1 trained_queries=20070 trained_events=43728 mean_loss=1.946815 lr=4.48287e-06 step=stateful RMSProp step applied
      unit 27/65 rc=522 chunks=1 trained_queries=30344 trained_events=74160 mean_loss=1.714624 lr=4.26167e-06 step=stateful RMSProp step applied
      unit 28/65 rc=611 chunks=1 trained_queries=37398 trained_events=78688 mean_loss=1.906172 lr=4.04602e-06 step=stateful RMSProp step applied
      unit 29/65 rc=7882 chunks=1 trained_queries=9984 trained_events=22352 mean_loss=1.957748 lr=3.83592e-06 step=stateful RMSProp step applied
      unit 30/65 rc=96207 chunks=1 trained_queries=368 trained_events=3696 mean_loss=0.615835 lr=3.63144e-06 step=stateful RMSProp step applied
      unit 31/65 rc=226 chunks=1 trained_queries=31432 trained_events=72896 mean_loss=1.840566 lr=3.4326e-06 step=stateful RMSProp step applied
      unit 32/65 rc=85 chunks=1 trained_queries=32416 trained_events=67744 mean_loss=2.003788 lr=3.2393e-06 step=stateful RMSProp step applied
      unit 33/65 rc=2669 chunks=2 trained_queries=52575 trained_events=104160 mean_loss=1.991067 lr=3.05164e-06 step=stateful RMSProp step applied
      unit 34/65 rc=3061 chunks=1 trained_queries=18981 trained_events=51680 mean_loss=1.615191 lr=2.86952e-06 step=stateful RMSProp step applied
      unit 35/65 rc=1714 chunks=1 trained_queries=5199 trained_events=12224 mean_loss=1.752051 lr=2.69303e-06 step=stateful RMSProp step applied
      unit 36/65 rc=367 chunks=1 trained_queries=25529 trained_events=53568 mean_loss=1.878822 lr=2.52217e-06 step=stateful RMSProp step applied
      unit 37/65 rc=435397 chunks=1 trained_queries=944 trained_events=1792 mean_loss=1.463660 lr=2.35686e-06 step=stateful RMSProp step applied
      unit 38/65 rc=141 chunks=1 trained_queries=13111 trained_events=27072 mean_loss=1.822508 lr=2.19718e-06 step=stateful RMSProp step applied
      unit 39/65 rc=253455 chunks=1 trained_queries=1172 trained_events=2576 mean_loss=1.367393 lr=2.04304e-06 step=stateful RMSProp step applied
      unit 40/65 rc=41 chunks=10 trained_queries=476269 trained_events=843007 mean_loss=2.150946 lr=1.89453e-06 step=stateful RMSProp step applied
      unit 41/65 rc=560 chunks=2 trained_queries=98499 trained_events=172032 mean_loss=2.132582 lr=1.75166e-06 step=stateful RMSProp step applied
      unit 42/65 rc=36 chunks=3 trained_queries=136045 trained_events=238518 mean_loss=2.141992 lr=1.61433e-06 step=stateful RMSProp step applied
      unit 43/65 rc=39 chunks=6 trained_queries=267502 trained_events=477704 mean_loss=2.113797 lr=1.48264e-06 step=stateful RMSProp step applied
      unit 44/65 rc=14 chunks=16 trained_queries=787429 trained_events=1441439 mean_loss=2.140238 lr=1.35657e-06 step=stateful RMSProp step applied
      unit 45/65 rc=21 chunks=3 trained_queries=135019 trained_events=240624 mean_loss=2.108695 lr=1.23605e-06 step=stateful RMSProp step applied
      unit 46/65 rc=541 chunks=3 trained_queries=120415 trained_events=203264 mean_loss=2.142315 lr=1.12116e-06 step=stateful RMSProp step applied
      unit 47/65 rc=51 chunks=9 trained_queries=409633 trained_events=780453 mean_loss=2.094979 lr=1.01182e-06 step=stateful RMSProp step applied
      unit 48/65 rc=2 chunks=8 trained_queries=388601 trained_events=691328 mean_loss=2.123409 lr=9.08107e-07 step=stateful RMSProp step applied
      unit 49/65 rc=1057 chunks=1 trained_queries=5910 trained_events=9744 mean_loss=2.027413 lr=8.10027e-07 step=stateful RMSProp step applied
      unit 50/65 rc=73 chunks=2 trained_queries=63481 trained_events=107824 mean_loss=2.034113 lr=7.1758e-07 step=stateful RMSProp step applied
      unit 51/65 rc=79 chunks=6 trained_queries=295710 trained_events=510176 mean_loss=2.141629 lr=6.30677e-07 step=stateful RMSProp step applied
      unit 52/65 rc=63 chunks=4 trained_queries=190096 trained_events=338304 mean_loss=2.113591 lr=5.49406e-07 step=stateful RMSProp step applied
      unit 53/65 rc=15 chunks=9 trained_queries=413445 trained_events=737803 mean_loss=2.123041 lr=4.73678e-07 step=stateful RMSProp step applied
      unit 54/65 rc=22 chunks=12 trained_queries=553466 trained_events=1002752 mean_loss=2.155520 lr=4.03672e-07 step=stateful RMSProp step applied
      unit 55/65 rc=32 chunks=2 trained_queries=96605 trained_events=164880 mean_loss=2.162793 lr=3.3921e-07 step=stateful RMSProp step applied
      unit 56/65 rc=8258 chunks=1 trained_queries=5343 trained_events=9456 mean_loss=1.909597 lr=2.80291e-07 step=stateful RMSProp step applied
      unit 57/65 rc=3 chunks=9 trained_queries=426507 trained_events=745744 mean_loss=2.157919 lr=2.27094e-07 step=stateful RMSProp step applied
      unit 58/65 rc=4 chunks=9 trained_queries=420567 trained_events=755483 mean_loss=2.149371 lr=1.7944e-07 step=stateful RMSProp step applied
      unit 59/65 rc=5 chunks=11 trained_queries=535061 trained_events=1019376 mean_loss=2.109656 lr=1.37329e-07 step=stateful RMSProp step applied
      unit 60/65 rc=48 chunks=5 trained_queries=235018 trained_events=405879 mean_loss=2.140479 lr=1.0094e-07 step=stateful RMSProp step applied
      unit 61/65 rc=164 chunks=2 trained_queries=68054 trained_events=119056 mean_loss=2.023229 lr=7.00951e-08 step=stateful RMSProp step applied
      unit 62/65 rc=28 chunks=3 trained_queries=147152 trained_events=266576 mean_loss=2.061761 lr=4.48823e-08 step=stateful RMSProp step applied
      unit 63/65 rc=9576 chunks=1 trained_queries=5204 trained_events=8048 mean_loss=2.085325 lr=2.52128e-08 step=stateful RMSProp step applied
      unit 64/65 rc=44 chunks=4 trained_queries=165699 trained_events=311920 mean_loss=2.052081 lr=1.11759e-08 step=stateful RMSProp step applied
      unit 65/65 rc=13 chunks=1 trained_queries=3594 trained_events=5440 mean_loss=1.925508 lr=2.77162e-09 step=stateful RMSProp step applied
    stage-epoch 25 summary trained_queries=8880137 trained_events=16953848 mean_loss=2.092755
  train-growth-stage-timing: plan=0.167s setup=0.387s train=149.650s copy_back=0.001s cleanup=0.025s total=150.230s
  growth-stage-timing 1/1: ingest=3.057s materialize=0.000s train_stage=150.231s free_radix=0.000s total=153.287s
  train-growth: saved final weights to rnd/cudax-exposure-fix/20260526T191259-static-25ep-section2/checkpoint.model
  train-growth: completed stages=1 optimizer_steps=1625
